dataset,seed,method,policy,test_n,test_positive,threshold,design,selection_note,calibration,gmean,sensitivity,specificity,precision,f1,f05,f2,mcc,triad_score,balanced_accuracy,fpr,predicted_positive_rate,tp,fp,tn,fn,ap,auc,brier,log_loss,ece_10,calibration_intercept,calibration_slope,relative_cost_ratio,cost_per_observation,normalized_cost,sensitivity_ci_low,sensitivity_ci_high,specificity_ci_low,specificity_ci_high,precision_ci_low,precision_ci_high,f2_ci_low,f2_ci_high,mcc_ci_low,mcc_ci_high,triad_score_ci_low,triad_score_ci_high,ap_ci_low,ap_ci_high,auc_ci_low,auc_ci_high,brier_ci_low,brier_ci_high,model_seed,horizon,target_region,source_n,target_n,feature_set
PONE2016_h1_target_Asia,20260728,HistGB,triad,96,48,0.912513662804852,"Same-horizon leave-one-region-out transfer; source regions=Europe,North America; target region=Asia; source-only fit/search/calibration; target labels untouched until final evaluation; V1-V10 financial ratios only.",No metaheuristic; threshold and Platt calibration use calibration partition.,Platt_logistic_on_separate_calibration_partition,0.7822909731466078,0.625,0.9791666666666666,0.967741935483871,0.759493670886076,0.872093023255814,0.672645739910314,0.6460415830634638,0.7339486965277799,0.8020833333333333,0.020833333333333332,0.3229166666666667,30.0,1.0,47.0,18.0,0.9494823313405836,0.9396701388888888,0.10313829883689467,0.3404948699175872,0.10136757739892482,0.011800200139581224,1.034502923305926,,,,0.5041666666666667,0.7395833333333334,0.9791666666666666,1.0,0.9635416666666666,1.0,0.5593607305936074,0.7797227443609023,0.5775359128420728,0.7634282630535739,0.6622856387195539,0.8258099100068735,0.939059268791274,0.9764993248697789,0.9171875,0.9680989583333334,0.07363008325843036,0.1314072291176675,20260728,1,Asia,342,96,V1-V10_financial_only
PONE2016_h1_target_Asia,20260728,HistGB,cost_1,96,48,0.6967375898246699,"Same-horizon leave-one-region-out transfer; source regions=Europe,North America; target region=Asia; source-only fit/search/calibration; target labels untouched until final evaluation; V1-V10 financial ratios only.",No metaheuristic; threshold and Platt calibration use calibration partition.,Platt_logistic_on_separate_calibration_partition,0.8640183897219884,0.8333333333333334,0.8958333333333334,0.8888888888888888,0.8602150537634409,0.8771929824561403,0.8438818565400844,0.7305950062660077,0.8170354314983949,0.8645833333333334,0.10416666666666667,0.46875,40.0,5.0,43.0,8.0,0.9494823313405836,0.9396701388888888,0.10313829883689467,0.3404948699175872,0.10136757739892482,0.011800200139581224,1.034502923305926,1.0,0.13541666666666666,0.13541666666666666,0.8333333333333334,0.9125,0.8208333333333333,0.9583333333333334,0.82405557967868,0.9563241106719368,0.8323580522750648,0.9209158239567014,0.6584762473333526,0.8718086861364517,0.7677156624456329,0.9135123314681144,0.9362042649514731,0.988627836560072,0.9104600694444445,0.9855902777777777,0.05063659711199161,0.14469305646851072,20260728,1,Asia,342,96,V1-V10_financial_only
PONE2016_h1_target_Asia,20260728,HistGB,cost_2,96,48,0.6967375898246699,"Same-horizon leave-one-region-out transfer; source regions=Europe,North America; target region=Asia; source-only fit/search/calibration; target labels untouched until final evaluation; V1-V10 financial ratios only.",No metaheuristic; threshold and Platt calibration use calibration partition.,Platt_logistic_on_separate_calibration_partition,0.8640183897219884,0.8333333333333334,0.8958333333333334,0.8888888888888888,0.8602150537634409,0.8771929824561403,0.8438818565400844,0.7305950062660077,0.8170354314983949,0.8645833333333334,0.10416666666666667,0.46875,40.0,5.0,43.0,8.0,0.9494823313405836,0.9396701388888888,0.10313829883689467,0.3404948699175872,0.10136757739892482,0.011800200139581224,1.034502923305926,2.0,0.21875,0.14583333333333334,0.7729166666666667,0.89375,0.85625,0.9541666666666667,0.8577922077922078,0.944957264957265,0.8012876953554919,0.8900414937759337,0.6750267429540526,0.7722090300391172,0.7781538889488818,0.8456273087940225,0.9338045405133056,0.9573911138462775,0.9013020833333333,0.9565538194444445,0.08688353305497719,0.12399059695913278,20260728,1,Asia,342,96,V1-V10_financial_only
PONE2016_h1_target_Asia,20260728,HistGB,cost_5,96,48,0.09839109526294543,"Same-horizon leave-one-region-out transfer; source regions=Europe,North America; target region=Asia; source-only fit/search/calibration; target labels untouched until final evaluation; V1-V10 financial ratios only.",No metaheuristic; threshold and Platt calibration use calibration partition.,Platt_logistic_on_separate_calibration_partition,0.6846531968814576,0.9375,0.5,0.6521739130434783,0.7692307692307693,0.6944444444444444,0.8620689655172413,0.48653363279984113,0.6109674162707742,0.71875,0.5,0.71875,45.0,24.0,24.0,3.0,0.9494823313405836,0.9396701388888888,0.10313829883689467,0.3404948699175872,0.10136757739892482,0.011800200139581224,1.034502923305926,5.0,0.40625,0.13541666666666666,0.8979166666666667,0.975,0.4583333333333333,0.6541666666666666,0.6341906511532966,0.7230963824943081,0.8441720204536515,0.8849857944197567,0.44127508971980844,0.5722695619590118,0.5782919481378257,0.6955256820066734,0.9243245257883692,0.9746289372922256,0.9075520833333333,0.9672743055555556,0.08220107954469615,0.14855740436544454,20260728,1,Asia,342,96,V1-V10_financial_only
PONE2016_h1_target_Asia,20260728,HistGB,cost_10,96,48,0.09839109526294543,"Same-horizon leave-one-region-out transfer; source regions=Europe,North America; target region=Asia; source-only fit/search/calibration; target labels untouched until final evaluation; V1-V10 financial ratios only.",No metaheuristic; threshold and Platt calibration use calibration partition.,Platt_logistic_on_separate_calibration_partition,0.6846531968814576,0.9375,0.5,0.6521739130434783,0.7692307692307693,0.6944444444444444,0.8620689655172413,0.48653363279984113,0.6109674162707742,0.71875,0.5,0.71875,45.0,24.0,24.0,3.0,0.9494823313405836,0.9396701388888888,0.10313829883689467,0.3404948699175872,0.10136757739892482,0.011800200139581224,1.034502923305926,10.0,0.5625,0.10227272727272728,0.8979166666666667,0.95625,0.36875,0.6395833333333334,0.5921791044776119,0.7184110970996217,0.8245846167194482,0.8776249740101584,0.3379162518880258,0.5815982811692771,0.4841963251045439,0.6990745959616816,0.929528858499532,0.9671381119568928,0.9078993055555555,0.957421875,0.0864660681120632,0.13336110347337893,20260728,1,Asia,342,96,V1-V10_financial_only
PONE2016_h1_target_Asia,20260728,HistGB,cost_20,96,48,0.09839109526294543,"Same-horizon leave-one-region-out transfer; source regions=Europe,North America; target region=Asia; source-only fit/search/calibration; target labels untouched until final evaluation; V1-V10 financial ratios only.",No metaheuristic; threshold and Platt calibration use calibration partition.,Platt_logistic_on_separate_calibration_partition,0.6846531968814576,0.9375,0.5,0.6521739130434783,0.7692307692307693,0.6944444444444444,0.8620689655172413,0.48653363279984113,0.6109674162707742,0.71875,0.5,0.71875,45.0,24.0,24.0,3.0,0.9494823313405836,0.9396701388888888,0.10313829883689467,0.3404948699175872,0.10136757739892482,0.011800200139581224,1.034502923305926,20.0,0.875,0.08333333333333333,0.91875,0.9958333333333333,0.39791666666666664,0.5,0.6089411329137356,0.6647887323943662,0.8458935801041064,0.9056342896647079,0.3983788524974463,0.569460071914805,0.5296749574107725,0.6559813378526561,0.9126333494027964,0.9862020850617668,0.9030381944444443,0.9838107638888889,0.06412459123260715,0.1355619581503382,20260728,1,Asia,342,96,V1-V10_financial_only
PONE2016_h1_target_Asia,20260728,KELM_PBMSBAINGO,triad,96,48,0.6595128135436268,"Same-horizon leave-one-region-out transfer; source regions=Europe,North America; target region=Asia; source-only fit/search/calibration; target labels untouched until final evaluation; V1-V10 financial ratios only.",Plain KELM; hyperparameters/features selected only on search partition.,Platt_logistic_on_separate_calibration_partition,0.853149801226803,0.8125,0.8958333333333334,0.8863636363636364,0.8478260869565217,0.8705357142857143,0.826271186440678,0.7108057085060271,0.8027873090508576,0.8541666666666667,0.10416666666666667,0.4583333333333333,39.0,5.0,43.0,9.0,0.9340628862713302,0.9296874999999999,0.1231617273948108,0.3868985755889241,0.12334052996788612,-0.917188779813066,1.714553754523433,,,,0.6729166666666666,0.86875,0.81875,0.89375,0.7878048780487805,0.8852272727272728,0.6931330472103004,0.8701271186440678,0.4969797918683403,0.7460805708506028,0.6491920449436621,0.8283362040345705,0.8837663973941366,0.958134700506683,0.8802517361111111,0.9495659722222223,0.10884264968619699,0.15227811539126668,20260829,1,Asia,342,96,V1-V10_financial_only
PONE2016_h1_target_Asia,20260728,KELM_PBMSBAINGO,cost_1,96,48,0.6580391059160974,"Same-horizon leave-one-region-out transfer; source regions=Europe,North America; target region=Asia; source-only fit/search/calibration; target labels untouched until final evaluation; V1-V10 financial ratios only.",Plain KELM; hyperparameters/features selected only on search partition.,Platt_logistic_on_separate_calibration_partition,0.853149801226803,0.8125,0.8958333333333334,0.8863636363636364,0.8478260869565217,0.8705357142857143,0.826271186440678,0.7108057085060271,0.8027873090508576,0.8541666666666667,0.10416666666666667,0.4583333333333333,39.0,5.0,43.0,9.0,0.9340628862713302,0.9296874999999999,0.1231617273948108,0.3868985755889241,0.12334052996788612,-0.917188779813066,1.714553754523433,1.0,0.14583333333333334,0.14583333333333334,0.7145833333333333,0.8479166666666667,0.85625,0.9541666666666667,0.8335755059678256,0.9454761904761905,0.7360515021459227,0.8538630789207906,0.5812136548968726,0.7575074420790456,0.7095104564632063,0.8309865300542687,0.8779060782449676,0.9532203479460555,0.8580295138888889,0.9465711805555556,0.10528147412679746,0.16404726283743798,20260829,1,Asia,342,96,V1-V10_financial_only
PONE2016_h1_target_Asia,20260728,KELM_PBMSBAINGO,cost_2,96,48,0.41024819681289726,"Same-horizon leave-one-region-out transfer; source regions=Europe,North America; target region=Asia; source-only fit/search/calibration; target labels untouched until final evaluation; V1-V10 financial ratios only.",Plain KELM; hyperparameters/features selected only on search partition.,Platt_logistic_on_separate_calibration_partition,0.7557648811340439,0.9791666666666666,0.5833333333333334,0.7014925373134329,0.8173913043478261,0.7436708860759493,0.9073359073359073,0.6125299996854587,0.7046394048257746,0.78125,0.4166666666666667,0.6979166666666666,47.0,20.0,28.0,1.0,0.9340628862713302,0.9296874999999999,0.1231617273948108,0.3868985755889241,0.12334052996788612,-0.917188779813066,1.714553754523433,2.0,0.22916666666666666,0.1527777777777778,0.9791666666666666,1.0,0.5458333333333333,0.7041666666666667,0.6872921108742004,0.7713773681515617,0.907687587920146,0.9425505635324996,0.6097574601665855,0.7344668098721286,0.6924764193490339,0.8021103843169087,0.911784726737951,0.9633773978419762,0.9040798611111112,0.9614149305555555,0.0967292176301022,0.13844432125659975,20260829,1,Asia,342,96,V1-V10_financial_only
PONE2016_h1_target_Asia,20260728,KELM_PBMSBAINGO,cost_5,96,48,0.06325470078017312,"Same-horizon leave-one-region-out transfer; source regions=Europe,North America; target region=Asia; source-only fit/search/calibration; target labels untouched until final evaluation; V1-V10 financial ratios only.",Plain KELM; hyperparameters/features selected only on search partition.,Platt_logistic_on_separate_calibration_partition,0.25,1.0,0.0625,0.5161290322580645,0.6808510638297872,0.5714285714285714,0.8421052631578947,0.1796053020267749,0.22390633956822156,0.53125,0.9375,0.96875,48.0,45.0,3.0,0.0,0.9340628862713302,0.9296874999999999,0.1231617273948108,0.3868985755889241,0.12334052996788612,-0.917188779813066,1.714553754523433,5.0,0.46875,0.15625,1.0,1.0,0.041666666666666664,0.10208333333333333,0.5106382978723404,0.526899187768753,0.8391608391608392,0.8477579256457473,0.14586499149789456,0.2318146953280304,0.18249316773400426,0.287001101333602,0.9120816119017198,0.9732890742980125,0.9061197916666667,0.9706597222222222,0.08893169638800762,0.14242850285200634,20260829,1,Asia,342,96,V1-V10_financial_only
PONE2016_h1_target_Asia,20260728,KELM_PBMSBAINGO,cost_10,96,48,0.06325470078017312,"Same-horizon leave-one-region-out transfer; source regions=Europe,North America; target region=Asia; source-only fit/search/calibration; target labels untouched until final evaluation; V1-V10 financial ratios only.",Plain KELM; hyperparameters/features selected only on search partition.,Platt_logistic_on_separate_calibration_partition,0.25,1.0,0.0625,0.5161290322580645,0.6808510638297872,0.5714285714285714,0.8421052631578947,0.1796053020267749,0.22390633956822156,0.53125,0.9375,0.96875,48.0,45.0,3.0,0.0,0.9340628862713302,0.9296874999999999,0.1231617273948108,0.3868985755889241,0.12334052996788612,-0.917188779813066,1.714553754523433,10.0,0.46875,0.08522727272727272,1.0,1.0,0.022916666666666665,0.08333333333333333,0.5058006718924972,0.5217391304347826,0.8365293243342024,0.8450704225352113,0.10692455083745332,0.20851441405707474,0.13418260734699436,0.2590110417589152,0.9015452323402072,0.9573117229715751,0.8917100694444444,0.9522569444444445,0.11204064181579118,0.15220443408645729,20260829,1,Asia,342,96,V1-V10_financial_only
PONE2016_h1_target_Asia,20260728,KELM_PBMSBAINGO,cost_20,96,48,0.06325470078017312,"Same-horizon leave-one-region-out transfer; source regions=Europe,North America; target region=Asia; source-only fit/search/calibration; target labels untouched until final evaluation; V1-V10 financial ratios only.",Plain KELM; hyperparameters/features selected only on search partition.,Platt_logistic_on_separate_calibration_partition,0.25,1.0,0.0625,0.5161290322580645,0.6808510638297872,0.5714285714285714,0.8421052631578947,0.1796053020267749,0.22390633956822156,0.53125,0.9375,0.96875,48.0,45.0,3.0,0.0,0.9340628862713302,0.9296874999999999,0.1231617273948108,0.3868985755889241,0.12334052996788612,-0.917188779813066,1.714553754523433,20.0,0.46875,0.044642857142857144,1.0,1.0,0.022916666666666665,0.1,0.5058006718924972,0.5263381779510812,0.8365293243342024,0.8474614097080156,0.10692455083745332,0.22892378412500042,0.13418260734699436,0.28349063111453265,0.9319539565115857,0.9555707059016821,0.9326388888888888,0.9536024305555555,0.10633061287267334,0.12612722343450694,20260829,1,Asia,342,96,V1-V10_financial_only
PONE2016_h1_target_Asia,20260728,KELM_score_fusion,triad,96,48,0.9113604356656767,"Same-horizon leave-one-region-out transfer; source regions=Europe,North America; target region=Asia; source-only fit/search/calibration; target labels untouched until final evaluation; V1-V10 financial ratios only.",Plain KELM plus HistGB score-level fusion; alpha=0.20 selected only on search partition.,Platt_logistic_on_separate_calibration_partition,0.7952222784996797,0.6458333333333334,0.9791666666666666,0.96875,0.775,0.8806818181818182,0.6919642857142857,0.6629126073623883,0.7484183925822137,0.8125,0.020833333333333332,0.3333333333333333,31.0,1.0,47.0,17.0,0.9421407943646817,0.9383680555555556,0.10276980131801876,0.33912421470364135,0.1009990563368815,0.009758413264991352,1.0379032983832293,,,,0.5041666666666667,0.68125,0.9791666666666666,1.0,0.9602962962962962,1.0,0.5570565831281695,0.7275675675675675,0.549248277063665,0.7187921642564955,0.647207111193681,0.7881445837556427,0.9283703365461443,0.9834864005630989,0.9036024305555554,0.9794270833333333,0.06624576131747072,0.15012150872570743,20260831,1,Asia,342,96,V1-V10_financial_only
PONE2016_h1_target_Asia,20260728,KELM_score_fusion,cost_1,96,48,0.6925340322176997,"Same-horizon leave-one-region-out transfer; source regions=Europe,North America; target region=Asia; source-only fit/search/calibration; target labels untouched until final evaluation; V1-V10 financial ratios only.",Plain KELM plus HistGB score-level fusion; alpha=0.20 selected only on search partition.,Platt_logistic_on_separate_calibration_partition,0.8640183897219884,0.8333333333333334,0.8958333333333334,0.8888888888888888,0.8602150537634409,0.8771929824561403,0.8438818565400844,0.7305950062660077,0.8170354314983949,0.8645833333333334,0.10416666666666667,0.46875,40.0,5.0,43.0,8.0,0.9421407943646817,0.9383680555555556,0.10276980131801876,0.33912421470364135,0.1009990563368815,0.009758413264991352,1.0379032983832293,1.0,0.13541666666666666,0.13541666666666666,0.79375,0.9104166666666667,0.8354166666666667,0.89375,0.8469551282051282,0.8846837944664031,0.8072033898305084,0.8968920765027323,0.6729275805384387,0.7484365989563462,0.776715327918678,0.8286390256452231,0.9277237239543394,0.9572956826186197,0.9154947916666667,0.9481770833333333,0.0992518559491003,0.11913822730490949,20260831,1,Asia,342,96,V1-V10_financial_only
PONE2016_h1_target_Asia,20260728,KELM_score_fusion,cost_2,96,48,0.6925340322176997,"Same-horizon leave-one-region-out transfer; source regions=Europe,North America; target region=Asia; source-only fit/search/calibration; target labels untouched until final evaluation; V1-V10 financial ratios only.",Plain KELM plus HistGB score-level fusion; alpha=0.20 selected only on search partition.,Platt_logistic_on_separate_calibration_partition,0.8640183897219884,0.8333333333333334,0.8958333333333334,0.8888888888888888,0.8602150537634409,0.8771929824561403,0.8438818565400844,0.7305950062660077,0.8170354314983949,0.8645833333333334,0.10416666666666667,0.46875,40.0,5.0,43.0,8.0,0.9421407943646817,0.9383680555555556,0.10276980131801876,0.33912421470364135,0.1009990563368815,0.009758413264991352,1.0379032983832293,2.0,0.21875,0.14583333333333334,0.75625,0.9104166666666667,0.7770833333333333,0.9333333333333333,0.7866153846153846,0.9264412416851441,0.7758574823537757,0.8983398166157266,0.590737567270941,0.7902486994567007,0.7195577300275239,0.8571951824463058,0.8856512716582113,0.9655306274879992,0.8854166666666666,0.9566840277777778,0.09631631801141868,0.14430009936898516,20260831,1,Asia,342,96,V1-V10_financial_only
PONE2016_h1_target_Asia,20260728,KELM_score_fusion,cost_5,96,48,0.09851571248830097,"Same-horizon leave-one-region-out transfer; source regions=Europe,North America; target region=Asia; source-only fit/search/calibration; target labels untouched until final evaluation; V1-V10 financial ratios only.",Plain KELM plus HistGB score-level fusion; alpha=0.20 selected only on search partition.,Platt_logistic_on_separate_calibration_partition,0.6846531968814576,0.9375,0.5,0.6521739130434783,0.7692307692307693,0.6944444444444444,0.8620689655172413,0.48653363279984113,0.6109674162707742,0.71875,0.5,0.71875,45.0,24.0,24.0,3.0,0.9421407943646817,0.9383680555555556,0.10276980131801876,0.33912421470364135,0.1009990563368815,0.009758413264991352,1.0379032983832293,5.0,0.40625,0.13541666666666666,0.9395833333333333,0.9770833333333333,0.36250000000000004,0.6145833333333334,0.5959084354722421,0.7174358974358974,0.8423894677555619,0.9110798038075644,0.36955223674034465,0.6347244416828143,0.5008970751224243,0.724863888348828,0.8822598056231088,0.9725852714792086,0.887109375,0.9680121527777777,0.09402616382722223,0.14921799094960836,20260831,1,Asia,342,96,V1-V10_financial_only
PONE2016_h1_target_Asia,20260728,KELM_score_fusion,cost_10,96,48,0.09851571248830097,"Same-horizon leave-one-region-out transfer; source regions=Europe,North America; target region=Asia; source-only fit/search/calibration; target labels untouched until final evaluation; V1-V10 financial ratios only.",Plain KELM plus HistGB score-level fusion; alpha=0.20 selected only on search partition.,Platt_logistic_on_separate_calibration_partition,0.6846531968814576,0.9375,0.5,0.6521739130434783,0.7692307692307693,0.6944444444444444,0.8620689655172413,0.48653363279984113,0.6109674162707742,0.71875,0.5,0.71875,45.0,24.0,24.0,3.0,0.9421407943646817,0.9383680555555556,0.10276980131801876,0.33912421470364135,0.1009990563368815,0.009758413264991352,1.0379032983832293,10.0,0.5625,0.10227272727272728,0.8979166666666667,0.9770833333333333,0.5,0.6583333333333333,0.6480672268907564,0.7378911892152142,0.8375336725531278,0.9071534977046788,0.45929664519487695,0.6493222364917393,0.5960205448529187,0.7430991624084617,0.922756619324227,0.9644237704079809,0.9160156250000001,0.9662760416666667,0.07198982311506681,0.1279023669340824,20260831,1,Asia,342,96,V1-V10_financial_only
PONE2016_h1_target_Asia,20260728,KELM_score_fusion,cost_20,96,48,0.09851571248830097,"Same-horizon leave-one-region-out transfer; source regions=Europe,North America; target region=Asia; source-only fit/search/calibration; target labels untouched until final evaluation; V1-V10 financial ratios only.",Plain KELM plus HistGB score-level fusion; alpha=0.20 selected only on search partition.,Platt_logistic_on_separate_calibration_partition,0.6846531968814576,0.9375,0.5,0.6521739130434783,0.7692307692307693,0.6944444444444444,0.8620689655172413,0.48653363279984113,0.6109674162707742,0.71875,0.5,0.71875,45.0,24.0,24.0,3.0,0.9421407943646817,0.9383680555555556,0.10276980131801876,0.33912421470364135,0.1009990563368815,0.009758413264991352,1.0379032983832293,20.0,0.875,0.08333333333333333,0.9375,0.95625,0.39791666666666664,0.5770833333333334,0.6089411329137356,0.6934491978609626,0.8461838558660802,0.8888640429338104,0.3983788524974463,0.5762943100578806,0.5296749574107725,0.6824961934398163,0.9198506930900303,0.974775027441551,0.9159722222222222,0.9672309027777779,0.07191175778551151,0.1346862377090074,20260831,1,Asia,342,96,V1-V10_financial_only
PONE2016_h1_target_Asia,20260728,KELM_risk_feature,triad,96,48,0.8775260802355423,"Same-horizon leave-one-region-out transfer; source regions=Europe,North America; target region=Asia; source-only fit/search/calibration; target labels untouched until final evaluation; V1-V10 financial ratios only.",OOF HistGB risk is a forced KELM input; no score-level fusion.,Platt_logistic_on_separate_calibration_partition,0.7952222784996797,0.6458333333333334,0.9791666666666666,0.96875,0.775,0.8806818181818182,0.6919642857142857,0.6629126073623883,0.7484183925822137,0.8125,0.020833333333333332,0.3333333333333333,31.0,1.0,47.0,17.0,0.9234571352373264,0.9153645833333334,0.10175264850547276,0.34449045278817064,0.05564828481340166,0.23692147304327674,1.0338937875145362,,,,0.5479166666666666,0.6833333333333333,0.9604166666666667,1.0,0.9452380952380952,1.0,0.6020125630217373,0.7236917484838308,0.6114297806946088,0.6886273240782074,0.6939484767487188,0.7638099241694728,0.894055123873375,0.9622813030241214,0.866796875,0.9486111111111111,0.07871305097115319,0.12239284829522712,20260939,1,Asia,342,96,V1-V10_financial_only
PONE2016_h1_target_Asia,20260728,KELM_risk_feature,cost_1,96,48,0.773558942271746,"Same-horizon leave-one-region-out transfer; source regions=Europe,North America; target region=Asia; source-only fit/search/calibration; target labels untouched until final evaluation; V1-V10 financial ratios only.",OOF HistGB risk is a forced KELM input; no score-level fusion.,Platt_logistic_on_separate_calibration_partition,0.8569568250501305,0.75,0.9791666666666666,0.972972972972973,0.8470588235294118,0.9183673469387755,0.7860262008733624,0.7491023793272164,0.8193818759390755,0.8645833333333333,0.020833333333333332,0.3854166666666667,36.0,1.0,47.0,12.0,0.9234571352373264,0.9153645833333334,0.10175264850547276,0.34449045278817064,0.05564828481340166,0.23692147304327674,1.0338937875145362,1.0,0.13541666666666666,0.13541666666666666,0.6958333333333333,0.8520833333333333,0.9416666666666667,1.0,0.9347093023255814,1.0,0.7407860262008733,0.8735679214402619,0.7288771496125163,0.8362186002176636,0.7977747823040394,0.88618032090339,0.8923311015306761,0.9578335093868996,0.9021267361111112,0.9414062500000001,0.0820441446193364,0.11374228656417226,20260939,1,Asia,342,96,V1-V10_financial_only
PONE2016_h1_target_Asia,20260728,KELM_risk_feature,cost_2,96,48,0.3628909108513027,"Same-horizon leave-one-region-out transfer; source regions=Europe,North America; target region=Asia; source-only fit/search/calibration; target labels untouched until final evaluation; V1-V10 financial ratios only.",OOF HistGB risk is a forced KELM input; no score-level fusion.,Platt_logistic_on_separate_calibration_partition,0.8436856971381911,0.8541666666666666,0.8333333333333334,0.8367346938775511,0.845360824742268,0.8401639344262295,0.8506224066390041,0.6876492456329315,0.7880905406044326,0.84375,0.16666666666666666,0.5104166666666666,41.0,8.0,40.0,7.0,0.9234571352373264,0.9153645833333334,0.10175264850547276,0.34449045278817064,0.05564828481340166,0.23692147304327674,1.0338937875145362,2.0,0.22916666666666666,0.1527777777777778,0.7958333333333333,0.8729166666666667,0.79375,0.8916666666666667,0.802,0.881063122923588,0.8103042025672587,0.8689431089468811,0.6297135304523658,0.7255185174939683,0.7474286157628669,0.8140406625217208,0.9212931944636717,0.9624612725238392,0.9032552083333333,0.946875,0.07835522628772594,0.11608792534260498,20260939,1,Asia,342,96,V1-V10_financial_only
PONE2016_h1_target_Asia,20260728,KELM_risk_feature,cost_5,96,48,0.14025561737312456,"Same-horizon leave-one-region-out transfer; source regions=Europe,North America; target region=Asia; source-only fit/search/calibration; target labels untouched until final evaluation; V1-V10 financial ratios only.",OOF HistGB risk is a forced KELM input; no score-level fusion.,Platt_logistic_on_separate_calibration_partition,0.7441904624788229,0.9166666666666666,0.6041666666666666,0.6984126984126984,0.7927927927927928,0.7333333333333333,0.8627450980392157,0.5482930791331408,0.6721408969714814,0.7604166666666666,0.3958333333333333,0.65625,44.0,19.0,29.0,4.0,0.9234571352373264,0.9153645833333334,0.10175264850547276,0.34449045278817064,0.05564828481340166,0.23692147304327674,1.0338937875145362,5.0,0.40625,0.13541666666666666,0.8375,0.9541666666666667,0.525,0.7000000000000001,0.6558355762172743,0.7609677419354839,0.7947957839262187,0.9080427446569178,0.4177225475218412,0.676306224836161,0.5809279625444099,0.7671631052550903,0.860638428949645,0.958868596855883,0.8494791666666667,0.9498263888888889,0.09243886801326456,0.13974846037795247,20260939,1,Asia,342,96,V1-V10_financial_only
PONE2016_h1_target_Asia,20260728,KELM_risk_feature,cost_10,96,48,0.10238557224438817,"Same-horizon leave-one-region-out transfer; source regions=Europe,North America; target region=Asia; source-only fit/search/calibration; target labels untouched until final evaluation; V1-V10 financial ratios only.",OOF HistGB risk is a forced KELM input; no score-level fusion.,Platt_logistic_on_separate_calibration_partition,0.7126096406869612,0.9375,0.5416666666666666,0.6716417910447762,0.782608695652174,0.7120253164556962,0.8687258687258688,0.5217848145468722,0.6422906613195541,0.7395833333333333,0.4583333333333333,0.6979166666666666,45.0,22.0,26.0,3.0,0.9234571352373264,0.9153645833333334,0.10175264850547276,0.34449045278817064,0.05564828481340166,0.23692147304327674,1.0338937875145362,10.0,0.5416666666666666,0.09848484848484848,0.9166666666666666,0.9770833333333333,0.40625,0.6541666666666666,0.6120031796502385,0.7281159420289854,0.8458935801041064,0.8988063660477454,0.40272567476096954,0.6001383390404481,0.5346007438985146,0.712524039213448,0.8842976065606066,0.9530644098071474,0.8686631944444444,0.9497395833333333,0.07974336532291998,0.13880651022852877,20260939,1,Asia,342,96,V1-V10_financial_only
PONE2016_h1_target_Asia,20260728,KELM_risk_feature,cost_20,96,48,0.10238557224438817,"Same-horizon leave-one-region-out transfer; source regions=Europe,North America; target region=Asia; source-only fit/search/calibration; target labels untouched until final evaluation; V1-V10 financial ratios only.",OOF HistGB risk is a forced KELM input; no score-level fusion.,Platt_logistic_on_separate_calibration_partition,0.7126096406869612,0.9375,0.5416666666666666,0.6716417910447762,0.782608695652174,0.7120253164556962,0.8687258687258688,0.5217848145468722,0.6422906613195541,0.7395833333333333,0.4583333333333333,0.6979166666666666,45.0,22.0,26.0,3.0,0.9234571352373264,0.9153645833333334,0.10175264850547276,0.34449045278817064,0.05564828481340166,0.23692147304327674,1.0338937875145362,20.0,0.8541666666666666,0.08134920634920635,0.91875,0.9791666666666666,0.42500000000000004,0.7000000000000001,0.6161764705882353,0.7648711943793911,0.8365384615384616,0.9253219916139407,0.3968285788503271,0.7019884807408396,0.5376720374161967,0.7823763924704576,0.9301028915554049,0.9629808306514044,0.8973090277777778,0.9559895833333333,0.08075191044003945,0.11948844980640361,20260939,1,Asia,342,96,V1-V10_financial_only
PONE2016_h1_target_Asia,20260728,Full_PBMSBAINGO,triad,96,48,0.8860877513620524,"Same-horizon leave-one-region-out transfer; source regions=Europe,North America; target region=Asia; source-only fit/search/calibration; target labels untouched until final evaluation; V1-V10 financial ratios only.",Risk feature plus score fusion; alpha=0.30 selected only on search partition.,Platt_logistic_on_separate_calibration_partition,0.8569568250501305,0.75,0.9791666666666666,0.972972972972973,0.8470588235294118,0.9183673469387755,0.7860262008733624,0.7491023793272164,0.8193818759390755,0.8645833333333333,0.020833333333333332,0.3854166666666667,36.0,1.0,47.0,12.0,0.9539200062727697,0.947048611111111,0.10154508416142662,0.33415500872703546,0.08921264411558007,0.006291358185024882,1.0463938855321706,,,,0.7125,0.7916666666666666,0.9604166666666667,1.0,0.9521428571428571,1.0,0.7529561789937399,0.8253748125937032,0.7188367111200269,0.8059441589844899,0.7953629949871409,0.8593590208686697,0.9439481817535289,0.9623538136070916,0.9376302083333333,0.9562065972222222,0.08292416013837438,0.11520723455035782,20261035,1,Asia,342,96,V1-V10_financial_only
PONE2016_h1_target_Asia,20260728,Full_PBMSBAINGO,cost_1,96,48,0.6800480560014562,"Same-horizon leave-one-region-out transfer; source regions=Europe,North America; target region=Asia; source-only fit/search/calibration; target labels untouched until final evaluation; V1-V10 financial ratios only.",Risk feature plus score fusion; alpha=0.30 selected only on search partition.,Platt_logistic_on_separate_calibration_partition,0.8640183897219884,0.8333333333333334,0.8958333333333334,0.8888888888888888,0.8602150537634409,0.8771929824561403,0.8438818565400844,0.7305950062660077,0.8170354314983949,0.8645833333333334,0.10416666666666667,0.46875,40.0,5.0,43.0,8.0,0.9539200062727697,0.947048611111111,0.10154508416142662,0.33415500872703546,0.08921264411558007,0.006291358185024882,1.0463938855321706,1.0,0.13541666666666666,0.13541666666666666,0.775,0.9291666666666667,0.8354166666666667,0.9541666666666667,0.8365384615384616,0.944957264957265,0.8034063394232885,0.9164159230822438,0.6710805708506027,0.7922212477898977,0.7765170559470026,0.8586085503626645,0.9396522732815338,0.9781770121830704,0.9259548611111111,0.9744357638888889,0.07961712054452483,0.11663681613191809,20261035,1,Asia,342,96,V1-V10_financial_only
PONE2016_h1_target_Asia,20260728,Full_PBMSBAINGO,cost_2,96,48,0.6800480560014562,"Same-horizon leave-one-region-out transfer; source regions=Europe,North America; target region=Asia; source-only fit/search/calibration; target labels untouched until final evaluation; V1-V10 financial ratios only.",Risk feature plus score fusion; alpha=0.30 selected only on search partition.,Platt_logistic_on_separate_calibration_partition,0.8640183897219884,0.8333333333333334,0.8958333333333334,0.8888888888888888,0.8602150537634409,0.8771929824561403,0.8438818565400844,0.7305950062660077,0.8170354314983949,0.8645833333333334,0.10416666666666667,0.46875,40.0,5.0,43.0,8.0,0.9539200062727697,0.947048611111111,0.10154508416142662,0.33415500872703546,0.08921264411558007,0.006291358185024882,1.0463938855321706,2.0,0.21875,0.14583333333333334,0.7583333333333333,0.9104166666666667,0.8958333333333334,0.9729166666666667,0.8891304347826087,0.9673423423423424,0.7918117664400346,0.9111344537815126,0.7324457435721285,0.8252617809006382,0.8172700759424629,0.8823528214349733,0.9537801366838822,0.9779957760485931,0.9442274305555555,0.9794704861111111,0.07037445913279419,0.10182671367657464,20261035,1,Asia,342,96,V1-V10_financial_only
PONE2016_h1_target_Asia,20260728,Full_PBMSBAINGO,cost_5,96,48,0.09786698193962384,"Same-horizon leave-one-region-out transfer; source regions=Europe,North America; target region=Asia; source-only fit/search/calibration; target labels untouched until final evaluation; V1-V10 financial ratios only.",Risk feature plus score fusion; alpha=0.30 selected only on search partition.,Platt_logistic_on_separate_calibration_partition,0.7216878364870323,1.0,0.5208333333333334,0.676056338028169,0.8067226890756303,0.7228915662650602,0.9125475285171103,0.5933908290969266,0.6761035253140953,0.7604166666666667,0.4791666666666667,0.7395833333333334,48.0,23.0,25.0,0.0,0.9539200062727697,0.947048611111111,0.10154508416142662,0.33415500872703546,0.08921264411558007,0.006291358185024882,1.0463938855321706,5.0,0.23958333333333334,0.0798611111111111,1.0,1.0,0.42500000000000004,0.5604166666666667,0.6350877192982456,0.6946583850931677,0.8968792401628223,0.9191892603316663,0.5194252853572819,0.6239338579761062,0.6042047745787157,0.7044957996157191,0.9467500577456024,0.9899703349504468,0.925607638888889,0.9890190972222223,0.05873960758369824,0.12708804292252476,20261035,1,Asia,342,96,V1-V10_financial_only
PONE2016_h1_target_Asia,20260728,Full_PBMSBAINGO,cost_10,96,48,0.09786698193962384,"Same-horizon leave-one-region-out transfer; source regions=Europe,North America; target region=Asia; source-only fit/search/calibration; target labels untouched until final evaluation; V1-V10 financial ratios only.",Risk feature plus score fusion; alpha=0.30 selected only on search partition.,Platt_logistic_on_separate_calibration_partition,0.7216878364870323,1.0,0.5208333333333334,0.676056338028169,0.8067226890756303,0.7228915662650602,0.9125475285171103,0.5933908290969266,0.6761035253140953,0.7604166666666667,0.4791666666666667,0.7395833333333334,48.0,23.0,25.0,0.0,0.9539200062727697,0.947048611111111,0.10154508416142662,0.33415500872703546,0.08921264411558007,0.006291358185024882,1.0463938855321706,10.0,0.23958333333333334,0.043560606060606064,1.0,1.0,0.5,0.5583333333333333,0.6666666666666666,0.693692590324556,0.9090909090909091,0.9188409597482627,0.5773502691896257,0.6223280008637945,0.6609010760833647,0.7029936544953,0.9244781149753188,0.9730609208226855,0.913845486111111,0.9719184027777777,0.060539770031346085,0.12772978047491304,20261035,1,Asia,342,96,V1-V10_financial_only
PONE2016_h1_target_Asia,20260728,Full_PBMSBAINGO,cost_20,96,48,0.09786698193962384,"Same-horizon leave-one-region-out transfer; source regions=Europe,North America; target region=Asia; source-only fit/search/calibration; target labels untouched until final evaluation; V1-V10 financial ratios only.",Risk feature plus score fusion; alpha=0.30 selected only on search partition.,Platt_logistic_on_separate_calibration_partition,0.7216878364870323,1.0,0.5208333333333334,0.676056338028169,0.8067226890756303,0.7228915662650602,0.9125475285171103,0.5933908290969266,0.6761035253140953,0.7604166666666667,0.4791666666666667,0.7395833333333334,48.0,23.0,25.0,0.0,0.9539200062727697,0.947048611111111,0.10154508416142662,0.33415500872703546,0.08921264411558007,0.006291358185024882,1.0463938855321706,20.0,0.23958333333333334,0.022817460317460316,1.0,1.0,0.41875,0.4979166666666667,0.6324210526315789,0.6657534246575342,0.8958577897031695,0.9087478559176672,0.5146052846596112,0.5757462045954519,0.5995171156801481,0.6593609856560448,0.8842681244648489,0.9598667044635656,0.8740017361111111,0.9517795138888889,0.08792036018250055,0.1618807899899539,20261035,1,Asia,342,96,V1-V10_financial_only
PONE2016_h1_target_Asia,20260728,Uncertainty_gated_fusion,triad,96,48,0.8775260802355423,"Same-horizon leave-one-region-out transfer; source regions=Europe,North America; target region=Asia; source-only fit/search/calibration; target labels untouched until final evaluation; V1-V10 financial ratios only.","One-standard-error paired-bootstrap gate selected KELM_risk_feature; search utility difference=0.0346, required margin=0.0463.",Platt_logistic_on_separate_calibration_partition,0.7952222784996797,0.6458333333333334,0.9791666666666666,0.96875,0.775,0.8806818181818182,0.6919642857142857,0.6629126073623883,0.7484183925822137,0.8125,0.020833333333333332,0.3333333333333333,31.0,1.0,47.0,17.0,0.9234571352373264,0.9153645833333334,0.10175264850547276,0.34449045278817064,0.05564828481340166,0.23692147304327674,1.0338937875145362,,,,0.5625,0.7479166666666667,0.9208333333333333,0.9979166666666667,0.8784655623365301,0.9972972972972973,0.6064868849437925,0.7838427947598253,0.5236943507486294,0.7448217943024894,0.6480963004444998,0.816470930132178,0.8369488868182773,0.9391065687075132,0.8409722222222221,0.9327256944444444,0.09779627994617508,0.14866835411395238,20261081,1,Asia,342,96,V1-V10_financial_only
PONE2016_h1_target_Asia,20260728,Uncertainty_gated_fusion,cost_1,96,48,0.773558942271746,"Same-horizon leave-one-region-out transfer; source regions=Europe,North America; target region=Asia; source-only fit/search/calibration; target labels untouched until final evaluation; V1-V10 financial ratios only.","One-standard-error paired-bootstrap gate selected KELM_risk_feature; search utility difference=0.0346, required margin=0.0463.",Platt_logistic_on_separate_calibration_partition,0.8569568250501305,0.75,0.9791666666666666,0.972972972972973,0.8470588235294118,0.9183673469387755,0.7860262008733624,0.7491023793272164,0.8193818759390755,0.8645833333333333,0.020833333333333332,0.3854166666666667,36.0,1.0,47.0,12.0,0.9234571352373264,0.9153645833333334,0.10175264850547276,0.34449045278817064,0.05564828481340166,0.23692147304327674,1.0338937875145362,1.0,0.13541666666666666,0.13541666666666666,0.7145833333333333,0.8895833333333334,0.9791666666666666,1.0,0.972012987012987,1.0,0.7547948367735606,0.9061221507890123,0.721963651151909,0.8747641249295525,0.796936731367029,0.913953148042064,0.9188246278513236,0.9696167399402,0.9028211805555556,0.967751736111111,0.06414288233239518,0.1125404932354168,20261081,1,Asia,342,96,V1-V10_financial_only
PONE2016_h1_target_Asia,20260728,Uncertainty_gated_fusion,cost_2,96,48,0.3628909108513027,"Same-horizon leave-one-region-out transfer; source regions=Europe,North America; target region=Asia; source-only fit/search/calibration; target labels untouched until final evaluation; V1-V10 financial ratios only.","One-standard-error paired-bootstrap gate selected KELM_risk_feature; search utility difference=0.0346, required margin=0.0463.",Platt_logistic_on_separate_calibration_partition,0.8436856971381911,0.8541666666666666,0.8333333333333334,0.8367346938775511,0.845360824742268,0.8401639344262295,0.8506224066390041,0.6876492456329315,0.7880905406044326,0.84375,0.16666666666666666,0.5104166666666666,41.0,8.0,40.0,7.0,0.9234571352373264,0.9153645833333334,0.10175264850547276,0.34449045278817064,0.05564828481340166,0.23692147304327674,1.0338937875145362,2.0,0.22916666666666666,0.1527777777777778,0.8354166666666667,0.9125,0.7208333333333333,0.9145833333333333,0.7586734693877552,0.9079777365491651,0.8468425369054128,0.9087136929460581,0.6012121050422585,0.806670523982938,0.7229819205233403,0.8696436843343786,0.8607077608200722,0.9727592333922415,0.8842447916666666,0.9591145833333333,0.06354949966658659,0.12021687427198048,20261081,1,Asia,342,96,V1-V10_financial_only
PONE2016_h1_target_Asia,20260728,Uncertainty_gated_fusion,cost_5,96,48,0.14025561737312456,"Same-horizon leave-one-region-out transfer; source regions=Europe,North America; target region=Asia; source-only fit/search/calibration; target labels untouched until final evaluation; V1-V10 financial ratios only.","One-standard-error paired-bootstrap gate selected KELM_risk_feature; search utility difference=0.0346, required margin=0.0463.",Platt_logistic_on_separate_calibration_partition,0.7441904624788229,0.9166666666666666,0.6041666666666666,0.6984126984126984,0.7927927927927928,0.7333333333333333,0.8627450980392157,0.5482930791331408,0.6721408969714814,0.7604166666666666,0.3958333333333333,0.65625,44.0,19.0,29.0,4.0,0.9234571352373264,0.9153645833333334,0.10175264850547276,0.34449045278817064,0.05564828481340166,0.23692147304327674,1.0338937875145362,5.0,0.40625,0.13541666666666666,0.9166666666666666,0.9375,0.5458333333333333,0.6833333333333333,0.6692307692307692,0.7437670858392564,0.8540560336934627,0.8848934968786272,0.5006651491450039,0.6196013035885316,0.6308160265777829,0.7299463014430744,0.8971606382586012,0.9629350828542635,0.8894531250000001,0.9493923611111111,0.08101386703834598,0.12832790654251447,20261081,1,Asia,342,96,V1-V10_financial_only
PONE2016_h1_target_Asia,20260728,Uncertainty_gated_fusion,cost_10,96,48,0.10238557224438817,"Same-horizon leave-one-region-out transfer; source regions=Europe,North America; target region=Asia; source-only fit/search/calibration; target labels untouched until final evaluation; V1-V10 financial ratios only.","One-standard-error paired-bootstrap gate selected KELM_risk_feature; search utility difference=0.0346, required margin=0.0463.",Platt_logistic_on_separate_calibration_partition,0.7126096406869612,0.9375,0.5416666666666666,0.6716417910447762,0.782608695652174,0.7120253164556962,0.8687258687258688,0.5217848145468722,0.6422906613195541,0.7395833333333333,0.4583333333333333,0.6979166666666666,45.0,22.0,26.0,3.0,0.9234571352373264,0.9153645833333334,0.10175264850547276,0.34449045278817064,0.05564828481340166,0.23692147304327674,1.0338937875145362,10.0,0.5416666666666666,0.09848484848484848,0.8770833333333333,0.95625,0.4020833333333333,0.5583333333333333,0.6153802816901408,0.6656716417910448,0.8241880535998183,0.8608322296748836,0.42862772541024036,0.47482761842700494,0.5489177896340153,0.6103543498055652,0.8756747507915603,0.9447474680356653,0.8632378472222222,0.9203993055555556,0.10048134448516746,0.136910248901465,20261081,1,Asia,342,96,V1-V10_financial_only
PONE2016_h1_target_Asia,20260728,Uncertainty_gated_fusion,cost_20,96,48,0.10238557224438817,"Same-horizon leave-one-region-out transfer; source regions=Europe,North America; target region=Asia; source-only fit/search/calibration; target labels untouched until final evaluation; V1-V10 financial ratios only.","One-standard-error paired-bootstrap gate selected KELM_risk_feature; search utility difference=0.0346, required margin=0.0463.",Platt_logistic_on_separate_calibration_partition,0.7126096406869612,0.9375,0.5416666666666666,0.6716417910447762,0.782608695652174,0.7120253164556962,0.8687258687258688,0.5217848145468722,0.6422906613195541,0.7395833333333333,0.4583333333333333,0.6979166666666666,45.0,22.0,26.0,3.0,0.9234571352373264,0.9153645833333334,0.10175264850547276,0.34449045278817064,0.05564828481340166,0.23692147304327674,1.0338937875145362,20.0,0.8541666666666666,0.08134920634920635,0.91875,0.95625,0.4125,0.6208333333333333,0.6154791154791155,0.7161057692307692,0.8472156954887218,0.8961423881322957,0.40992375849855006,0.6125398301036703,0.5408531953809322,0.7137378242502905,0.8740014963472093,0.95864394717193,0.9027777777777778,0.9440538194444444,0.08342759177757597,0.12314176330889523,20261081,1,Asia,342,96,V1-V10_financial_only
PONE2016_h1_target_Asia,20260728,Full_random_search,triad,96,48,0.9006385320764045,"Same-horizon leave-one-region-out transfer; source regions=Europe,North America; target region=Asia; source-only fit/search/calibration; target labels untouched until final evaluation; V1-V10 financial ratios only.",Same full architecture and 81 evaluations as PBMSBAINGO; alpha=0.70.,Platt_logistic_on_separate_calibration_partition,0.8079466429027214,0.6666666666666666,0.9791666666666666,0.9696969696969697,0.7901234567901234,0.8888888888888888,0.7111111111111111,0.6798834181250946,0.7627811232264889,0.8229166666666666,0.020833333333333332,0.34375,32.0,1.0,47.0,16.0,0.9384412089944529,0.9288194444444444,0.1006445095214769,0.3366555835107195,0.08736998345828487,-0.0734067580172353,1.0082610805338115,,,,0.6458333333333334,0.7458333333333333,0.9604166666666667,1.0,0.946875,1.0,0.6922745836002562,0.7857475547275268,0.6654743838920592,0.7711901654350706,0.7499803385365447,0.8316161009702366,0.9158777089015617,0.9713046841506361,0.8974826388888889,0.9622829861111111,0.0804523878529858,0.12207922307444027,20261129,1,Asia,342,96,V1-V10_financial_only
PONE2016_h1_target_Asia,20260728,Full_random_search,cost_1,96,48,0.6441876961666215,"Same-horizon leave-one-region-out transfer; source regions=Europe,North America; target region=Asia; source-only fit/search/calibration; target labels untouched until final evaluation; V1-V10 financial ratios only.",Same full architecture and 81 evaluations as PBMSBAINGO; alpha=0.70.,Platt_logistic_on_separate_calibration_partition,0.8539125638299666,0.8333333333333334,0.875,0.8695652173913043,0.851063829787234,0.8620689655172413,0.8403361344537815,0.7089490077940542,0.8025657130415902,0.8541666666666667,0.125,0.4791666666666667,40.0,6.0,42.0,8.0,0.9384412089944529,0.9288194444444444,0.1006445095214769,0.3366555835107195,0.08736998345828487,-0.0734067580172353,1.0082610805338115,1.0,0.14583333333333334,0.14583333333333334,0.75625,0.85,0.8583333333333333,0.9166666666666666,0.8516798418972332,0.9062790697674418,0.7802086351782092,0.8581888074378689,0.6681338528626566,0.7489022152228161,0.7737588007651182,0.8298681275911193,0.9018272346246837,0.9482989502314334,0.8983072916666667,0.9374565972222222,0.0937696704253059,0.11898360244965457,20261129,1,Asia,342,96,V1-V10_financial_only
PONE2016_h1_target_Asia,20260728,Full_random_search,cost_2,96,48,0.10645635965550743,"Same-horizon leave-one-region-out transfer; source regions=Europe,North America; target region=Asia; source-only fit/search/calibration; target labels untouched until final evaluation; V1-V10 financial ratios only.",Same full architecture and 81 evaluations as PBMSBAINGO; alpha=0.70.,Platt_logistic_on_separate_calibration_partition,0.6922186552431729,0.9583333333333334,0.5,0.6571428571428571,0.7796610169491526,0.7012195121951219,0.8778625954198473,0.5156879540323449,0.627515602411019,0.7291666666666667,0.5,0.7291666666666666,46.0,24.0,24.0,2.0,0.9384412089944529,0.9288194444444444,0.1006445095214769,0.3366555835107195,0.08736998345828487,-0.0734067580172353,1.0082610805338115,2.0,0.2916666666666667,0.19444444444444445,0.9208333333333333,0.9979166666666667,0.4041666666666667,0.5375,0.6257448433919022,0.6741013071895425,0.8489909330213513,0.8919891292103188,0.46218858729621526,0.5479409630709497,0.5827943074897995,0.6554851842539737,0.9158424090005248,0.9641976584084401,0.8941840277777777,0.9475260416666667,0.09014685677060577,0.12315569506787895,20261129,1,Asia,342,96,V1-V10_financial_only
PONE2016_h1_target_Asia,20260728,Full_random_search,cost_5,96,48,0.10645635965550743,"Same-horizon leave-one-region-out transfer; source regions=Europe,North America; target region=Asia; source-only fit/search/calibration; target labels untouched until final evaluation; V1-V10 financial ratios only.",Same full architecture and 81 evaluations as PBMSBAINGO; alpha=0.70.,Platt_logistic_on_separate_calibration_partition,0.6922186552431729,0.9583333333333334,0.5,0.6571428571428571,0.7796610169491526,0.7012195121951219,0.8778625954198473,0.5156879540323449,0.627515602411019,0.7291666666666667,0.5,0.7291666666666666,46.0,24.0,24.0,2.0,0.9384412089944529,0.9288194444444444,0.1006445095214769,0.3366555835107195,0.08736998345828487,-0.0734067580172353,1.0082610805338115,5.0,0.3541666666666667,0.11805555555555555,0.9,0.99375,0.4395833333333333,0.51875,0.6233695652173913,0.6661764705882353,0.8266065830721003,0.9047202797202797,0.39777577408624903,0.5700336596072147,0.5465453980114312,0.6574848249662255,0.9197121113822171,0.9682453945656184,0.8946180555555556,0.9696614583333334,0.07683530866753979,0.12617742676663432,20261129,1,Asia,342,96,V1-V10_financial_only
PONE2016_h1_target_Asia,20260728,Full_random_search,cost_10,96,48,0.10645635965550743,"Same-horizon leave-one-region-out transfer; source regions=Europe,North America; target region=Asia; source-only fit/search/calibration; target labels untouched until final evaluation; V1-V10 financial ratios only.",Same full architecture and 81 evaluations as PBMSBAINGO; alpha=0.70.,Platt_logistic_on_separate_calibration_partition,0.6922186552431729,0.9583333333333334,0.5,0.6571428571428571,0.7796610169491526,0.7012195121951219,0.8778625954198473,0.5156879540323449,0.627515602411019,0.7291666666666667,0.5,0.7291666666666666,46.0,24.0,24.0,2.0,0.9384412089944529,0.9288194444444444,0.1006445095214769,0.3366555835107195,0.08736998345828487,-0.0734067580172353,1.0082610805338115,10.0,0.4583333333333333,0.08333333333333333,0.9166666666666666,0.9979166666666667,0.375,0.5583333333333333,0.5945945945945946,0.6812419974391805,0.8270676691729323,0.9099720209484181,0.3469771179676268,0.5879877351842934,0.4922448495694756,0.6742575658767914,0.8970200270905269,0.964674033759956,0.8819010416666667,0.955295138888889,0.09449489767703227,0.12717804607716895,20261129,1,Asia,342,96,V1-V10_financial_only
PONE2016_h1_target_Asia,20260728,Full_random_search,cost_20,96,48,0.10645635965550743,"Same-horizon leave-one-region-out transfer; source regions=Europe,North America; target region=Asia; source-only fit/search/calibration; target labels untouched until final evaluation; V1-V10 financial ratios only.",Same full architecture and 81 evaluations as PBMSBAINGO; alpha=0.70.,Platt_logistic_on_separate_calibration_partition,0.6922186552431729,0.9583333333333334,0.5,0.6571428571428571,0.7796610169491526,0.7012195121951219,0.8778625954198473,0.5156879540323449,0.627515602411019,0.7291666666666667,0.5,0.7291666666666666,46.0,24.0,24.0,2.0,0.9384412089944529,0.9288194444444444,0.1006445095214769,0.3366555835107195,0.08736998345828487,-0.0734067580172353,1.0082610805338115,20.0,0.6666666666666666,0.06349206349206349,0.9395833333333333,0.9979166666666667,0.2875,0.51875,0.5746246246246246,0.6652173913043478,0.8444486547934824,0.900375939849624,0.33267214200186135,0.5440117980513405,0.45051556824984357,0.6417787209033835,0.9106175963217054,0.9795605273860214,0.8974826388888889,0.9740885416666667,0.08817949090196196,0.12486549014357318,20261129,1,Asia,342,96,V1-V10_financial_only
PONE2016_h1_target_Asia,20260728,Balanced_logistic,triad,96,48,0.9029763223175306,"Same-horizon leave-one-region-out transfer; source regions=Europe,North America; target region=Asia; source-only fit/search/calibration; target labels untouched until final evaluation; V1-V10 financial ratios only.",Class-weighted logistic reference using the same source-only fit/search/calibration and untouched regional target.,Platt_logistic_on_separate_calibration_partition,0.8079466429027214,0.6666666666666666,0.9791666666666666,0.9696969696969697,0.7901234567901234,0.8888888888888888,0.7111111111111111,0.6798834181250946,0.7627811232264889,0.8229166666666666,0.020833333333333332,0.34375,32.0,1.0,47.0,16.0,0.9543744904577071,0.9440104166666666,0.10232066833679222,0.3235760106814021,0.08586438083412934,-0.6868715380360546,1.263824887137421,,,,0.625,0.7020833333333334,0.9020833333333333,0.9791666666666666,0.8783653846153846,0.96875,0.6699431454196028,0.7315340909090908,0.6154395871427496,0.6629126073623883,0.7195360029936548,0.7484183925822137,0.9376244554238344,0.9483190665678304,0.9243055555555555,0.9326388888888889,0.10595362402536578,0.12086470231790612,20262029,1,Asia,342,96,V1-V10_financial_only
PONE2016_h1_target_Asia,20260728,Balanced_logistic,cost_1,96,48,0.6593644179556826,"Same-horizon leave-one-region-out transfer; source regions=Europe,North America; target region=Asia; source-only fit/search/calibration; target labels untouched until final evaluation; V1-V10 financial ratios only.",Class-weighted logistic reference using the same source-only fit/search/calibration and untouched regional target.,Platt_logistic_on_separate_calibration_partition,0.853149801226803,0.8125,0.8958333333333334,0.8863636363636364,0.8478260869565217,0.8705357142857143,0.826271186440678,0.7108057085060271,0.8027873090508576,0.8541666666666667,0.10416666666666667,0.4583333333333333,39.0,5.0,43.0,9.0,0.9543744904577071,0.9440104166666666,0.10232066833679222,0.3235760106814021,0.08586438083412934,-0.6868715380360546,1.263824887137421,1.0,0.14583333333333334,0.14583333333333334,0.79375,0.8708333333333333,0.85625,0.8958333333333334,0.852321083172147,0.8928916827852997,0.8072033898305084,0.8744769874476988,0.6708591717683985,0.7649811732620154,0.775275133724564,0.8411990561650107,0.955328533039268,0.9675440039931054,0.9427517361111111,0.9596354166666666,0.08976568948559341,0.09922621013237863,20262029,1,Asia,342,96,V1-V10_financial_only
PONE2016_h1_target_Asia,20260728,Balanced_logistic,cost_2,96,48,0.2439325672092018,"Same-horizon leave-one-region-out transfer; source regions=Europe,North America; target region=Asia; source-only fit/search/calibration; target labels untouched until final evaluation; V1-V10 financial ratios only.",Class-weighted logistic reference using the same source-only fit/search/calibration and untouched regional target.,Platt_logistic_on_separate_calibration_partition,0.699702317656111,0.9791666666666666,0.5,0.6619718309859155,0.7899159663865546,0.7078313253012049,0.8935361216730038,0.5459195627691725,0.6441471566101725,0.7395833333333333,0.5,0.7395833333333334,47.0,24.0,24.0,1.0,0.9543744904577071,0.9440104166666666,0.10232066833679222,0.3235760106814021,0.08586438083412934,-0.6868715380360546,1.263824887137421,2.0,0.2708333333333333,0.18055555555555555,0.9208333333333333,0.9979166666666667,0.41875,0.59375,0.6135135135135136,0.7066625155666252,0.8377862595419847,0.9103334795963142,0.39597832122343646,0.6224588467939122,0.5346576189025042,0.7119739981213777,0.9042739281707279,0.9656792024043855,0.8729600694444444,0.9605034722222222,0.08645133025792909,0.15154991006660792,20262029,1,Asia,342,96,V1-V10_financial_only
PONE2016_h1_target_Asia,20260728,Balanced_logistic,cost_5,96,48,0.2439325672092018,"Same-horizon leave-one-region-out transfer; source regions=Europe,North America; target region=Asia; source-only fit/search/calibration; target labels untouched until final evaluation; V1-V10 financial ratios only.",Class-weighted logistic reference using the same source-only fit/search/calibration and untouched regional target.,Platt_logistic_on_separate_calibration_partition,0.699702317656111,0.9791666666666666,0.5,0.6619718309859155,0.7899159663865546,0.7078313253012049,0.8935361216730038,0.5459195627691725,0.6441471566101725,0.7395833333333333,0.5,0.7395833333333334,47.0,24.0,24.0,1.0,0.9543744904577071,0.9440104166666666,0.10232066833679222,0.3235760106814021,0.08586438083412934,-0.6868715380360546,1.263824887137421,5.0,0.3020833333333333,0.10069444444444445,0.9791666666666666,1.0,0.46249999999999997,0.5604166666666667,0.6461187214611872,0.6901747655583973,0.888151521723415,0.9090909090909091,0.5189851086313568,0.5941892913329133,0.6175151852332154,0.6882705853133314,0.9479881690562478,0.9794915932175942,0.9422743055555556,0.9717013888888888,0.08927004175165838,0.1146304869360597,20262029,1,Asia,342,96,V1-V10_financial_only
PONE2016_h1_target_Asia,20260728,Balanced_logistic,cost_10,96,48,0.2439325672092018,"Same-horizon leave-one-region-out transfer; source regions=Europe,North America; target region=Asia; source-only fit/search/calibration; target labels untouched until final evaluation; V1-V10 financial ratios only.",Class-weighted logistic reference using the same source-only fit/search/calibration and untouched regional target.,Platt_logistic_on_separate_calibration_partition,0.699702317656111,0.9791666666666666,0.5,0.6619718309859155,0.7899159663865546,0.7078313253012049,0.8935361216730038,0.5459195627691725,0.6441471566101725,0.7395833333333333,0.5,0.7395833333333334,47.0,24.0,24.0,1.0,0.9543744904577071,0.9440104166666666,0.10232066833679222,0.3235760106814021,0.08586438083412934,-0.6868715380360546,1.263824887137421,10.0,0.3541666666666667,0.06439393939393939,0.9604166666666667,1.0,0.42291666666666666,0.5979166666666667,0.6341744772891131,0.7085561497326204,0.8857060849598163,0.9103334795963142,0.5166921682600121,0.6225847521817429,0.602664684151396,0.7133783616068377,0.934457366980672,0.9626011887900627,0.9185329861111112,0.9563802083333333,0.09590447870210686,0.11596427231818489,20262029,1,Asia,342,96,V1-V10_financial_only
PONE2016_h1_target_Asia,20260728,Balanced_logistic,cost_20,96,48,0.07769473059692372,"Same-horizon leave-one-region-out transfer; source regions=Europe,North America; target region=Asia; source-only fit/search/calibration; target labels untouched until final evaluation; V1-V10 financial ratios only.",Class-weighted logistic reference using the same source-only fit/search/calibration and untouched regional target.,Platt_logistic_on_separate_calibration_partition,0.3535533905932738,1.0,0.125,0.5333333333333333,0.6956521739130435,0.5882352941176471,0.851063829787234,0.25819888974716115,0.31838660973658534,0.5625,0.875,0.9375,48.0,42.0,6.0,0.0,0.9543744904577071,0.9440104166666666,0.10232066833679222,0.3235760106814021,0.08586438083412934,-0.6868715380360546,1.263824887137421,20.0,0.4375,0.041666666666666664,1.0,1.0,0.10833333333333334,0.20625000000000002,0.5286578589949377,0.5574979951884522,0.8486601360612653,0.8629999226425311,0.23900816172984807,0.3390608288068469,0.2955537821964383,0.41196064154663803,0.9268157512967498,0.9742841613845138,0.8985677083333333,0.9705295138888889,0.08589921001393246,0.12452468742083346,20262029,1,Asia,342,96,V1-V10_financial_only
PONE2016_h1_target_Europe,20260728,HistGB,triad,171,86,0.9289184500299371,"Same-horizon leave-one-region-out transfer; source regions=Asia,North America; target region=Europe; source-only fit/search/calibration; target labels untouched until final evaluation; V1-V10 financial ratios only.",No metaheuristic; threshold and Platt calibration use calibration partition.,Platt_logistic_on_separate_calibration_partition,0.7448868109646665,0.6046511627906976,0.9176470588235294,0.8813559322033898,0.7172413793103448,0.8074534161490683,0.6451612903225806,0.5493412588939887,0.6729884269341517,0.7611491108071136,0.08235294117647059,0.34502923976608185,52.0,7.0,78.0,34.0,0.8607584204467822,0.8808481532147743,0.14984046276283483,0.4779763713993825,0.09354868242583984,-0.12502369375106423,0.7323014741694593,,,,0.594186046511628,0.6627906976744186,0.8952941176470589,0.9294117647058824,0.8543098889476467,0.9037593984962407,0.6365167328592101,0.6999032818103722,0.523943619088271,0.6110201861825166,0.6571474873681851,0.721394325540925,0.8218445126372651,0.8724701604546425,0.8534473324213406,0.8980984952120383,0.12003839559351978,0.16727463049887836,20260728,1,Europe,267,171,V1-V10_financial_only
PONE2016_h1_target_Europe,20260728,HistGB,cost_1,171,86,0.38111438505307244,"Same-horizon leave-one-region-out transfer; source regions=Asia,North America; target region=Europe; source-only fit/search/calibration; target labels untouched until final evaluation; V1-V10 financial ratios only.",No metaheuristic; threshold and Platt calibration use calibration partition.,Platt_logistic_on_separate_calibration_partition,0.8187274500607025,0.813953488372093,0.8235294117647058,0.8235294117647058,0.8187134502923976,0.8215962441314554,0.8158508158508159,0.6374829001367989,0.7532094281968701,0.8187414500683994,0.17647058823529413,0.49707602339181284,70.0,15.0,70.0,16.0,0.8607584204467822,0.8808481532147743,0.14984046276283483,0.4779763713993825,0.09354868242583984,-0.12502369375106423,0.7323014741694593,1.0,0.18128654970760233,0.18128654970760233,0.780232558139535,0.8569767441860465,0.7764705882352941,0.88,0.7823371647509579,0.8776672694394213,0.7891730156379414,0.8605955227124539,0.5708090077170855,0.7335388062196356,0.706045872097839,0.8197506119823671,0.8350716302424617,0.8896104764774799,0.8746374829001368,0.9183447332421341,0.11888021268352679,0.1620253725578652,20260728,1,Europe,267,171,V1-V10_financial_only
PONE2016_h1_target_Europe,20260728,HistGB,cost_2,171,86,0.38111438505307244,"Same-horizon leave-one-region-out transfer; source regions=Asia,North America; target region=Europe; source-only fit/search/calibration; target labels untouched until final evaluation; V1-V10 financial ratios only.",No metaheuristic; threshold and Platt calibration use calibration partition.,Platt_logistic_on_separate_calibration_partition,0.8187274500607025,0.813953488372093,0.8235294117647058,0.8235294117647058,0.8187134502923976,0.8215962441314554,0.8158508158508159,0.6374829001367989,0.7532094281968701,0.8187414500683994,0.17647058823529413,0.49707602339181284,70.0,15.0,70.0,16.0,0.8607584204467822,0.8808481532147743,0.14984046276283483,0.4779763713993825,0.09354868242583984,-0.12502369375106423,0.7323014741694593,2.0,0.27485380116959063,0.1828793774319066,0.7848837209302326,0.8918604651162791,0.7788235294117647,0.8788235294117647,0.7970279086625589,0.8757994579945799,0.7925526423040348,0.8830552889938732,0.6174587474445582,0.7410981779181699,0.738627551989528,0.824543638368535,0.8404218940705902,0.9053093434070942,0.8628043775649795,0.9229274965800274,0.12310716621173487,0.15442487042383163,20260728,1,Europe,267,171,V1-V10_financial_only
PONE2016_h1_target_Europe,20260728,HistGB,cost_5,171,86,0.14144495664992965,"Same-horizon leave-one-region-out transfer; source regions=Asia,North America; target region=Europe; source-only fit/search/calibration; target labels untouched until final evaluation; V1-V10 financial ratios only.",No metaheuristic; threshold and Platt calibration use calibration partition.,Platt_logistic_on_separate_calibration_partition,0.8251352332889285,0.9186046511627907,0.7411764705882353,0.7821782178217822,0.8449197860962567,0.8061224489795918,0.8876404494382022,0.6708862122510577,0.7701341412605366,0.8298905608755129,0.25882352941176473,0.5906432748538012,79.0,22.0,63.0,7.0,0.8607584204467822,0.8808481532147743,0.14984046276283483,0.4779763713993825,0.09354868242583984,-0.12502369375106423,0.7323014741694593,5.0,0.3333333333333333,0.11067961165048544,0.8965116279069768,0.9511627906976744,0.6941176470588235,0.7611764705882352,0.7509259259259259,0.797,0.8674589768339769,0.9064617715060193,0.6174953773895087,0.7017522092178188,0.7307285213840315,0.7913976159303452,0.8119674465700053,0.8888046844510187,0.8480848153214775,0.888577291381669,0.1516915955208077,0.19418964935002275,20260728,1,Europe,267,171,V1-V10_financial_only
PONE2016_h1_target_Europe,20260728,HistGB,cost_10,171,86,0.14144495664992965,"Same-horizon leave-one-region-out transfer; source regions=Asia,North America; target region=Europe; source-only fit/search/calibration; target labels untouched until final evaluation; V1-V10 financial ratios only.",No metaheuristic; threshold and Platt calibration use calibration partition.,Platt_logistic_on_separate_calibration_partition,0.8251352332889285,0.9186046511627907,0.7411764705882353,0.7821782178217822,0.8449197860962567,0.8061224489795918,0.8876404494382022,0.6708862122510577,0.7701341412605366,0.8298905608755129,0.25882352941176473,0.5906432748538012,79.0,22.0,63.0,7.0,0.8607584204467822,0.8808481532147743,0.14984046276283483,0.4779763713993825,0.09354868242583984,-0.12502369375106423,0.7323014741694593,10.0,0.5380116959064327,0.09735449735449736,0.8627906976744186,0.9290697674418604,0.6164705882352941,0.7517647058823529,0.7074629380053908,0.7899546204620462,0.8423737373737374,0.8956115710624877,0.5591285757962112,0.6872963964993786,0.6809536518726259,0.7815650337843223,0.7554630656109669,0.9024439720789932,0.8064295485636115,0.9104240766073872,0.12929814614544335,0.19644126757954716,20260728,1,Europe,267,171,V1-V10_financial_only
PONE2016_h1_target_Europe,20260728,HistGB,cost_20,171,86,0.11403605001720103,"Same-horizon leave-one-region-out transfer; source regions=Asia,North America; target region=Europe; source-only fit/search/calibration; target labels untouched until final evaluation; V1-V10 financial ratios only.",No metaheuristic; threshold and Platt calibration use calibration partition.,Platt_logistic_on_separate_calibration_partition,0.43133109281375365,0.9883720930232558,0.18823529411764706,0.551948051948052,0.7083333333333334,0.6054131054131054,0.8534136546184738,0.29510918904744216,0.38007393568656334,0.5883036935704514,0.8117647058823529,0.9005847953216374,85.0,69.0,16.0,1.0,0.8607584204467822,0.8808481532147743,0.14984046276283483,0.4779763713993825,0.09354868242583984,-0.12502369375106423,0.7323014741694593,20.0,0.52046783625731,0.049307479224376734,0.977906976744186,0.9988372093023256,0.15411764705882353,0.26941176470588235,0.5417483259839948,0.5804054054054053,0.8484730538922156,0.8729674796747968,0.2589931329111802,0.39309903920236916,0.3404092348530642,0.472916928791471,0.8411926781690561,0.9223872702895196,0.8743638850889193,0.9330369357045144,0.10798772573021165,0.15832555978824653,20260728,1,Europe,267,171,V1-V10_financial_only
PONE2016_h1_target_Europe,20260728,KELM_PBMSBAINGO,triad,171,86,0.6812735475833767,"Same-horizon leave-one-region-out transfer; source regions=Asia,North America; target region=Europe; source-only fit/search/calibration; target labels untouched until final evaluation; V1-V10 financial ratios only.",Plain KELM; hyperparameters/features selected only on search partition.,Platt_logistic_on_separate_calibration_partition,0.7233642332556182,0.5930232558139535,0.8823529411764706,0.8360655737704918,0.6938775510204082,0.7727272727272727,0.6296296296296297,0.4961749794325203,0.6379446127485151,0.7376880984952121,0.11764705882352941,0.3567251461988304,51.0,10.0,75.0,35.0,0.8505126823785114,0.8485636114911081,0.16074297356207617,0.4935038920163559,0.07483800574392382,-0.09377035979105544,0.7842740133408515,,,,0.4686046511627907,0.6755813953488372,0.8247058823529412,0.936470588235294,0.7299840510366826,0.9034313725490196,0.5047437796486228,0.705975264672879,0.3136338560482137,0.5883913662380857,0.49482772683957477,0.7088968578112881,0.7545747675292092,0.9021958886418978,0.7554035567715458,0.8879753761969904,0.13539459402100118,0.20910408408048792,20260829,1,Europe,267,171,V1-V10_financial_only
PONE2016_h1_target_Europe,20260728,KELM_PBMSBAINGO,cost_1,171,86,0.6550479779476289,"Same-horizon leave-one-region-out transfer; source regions=Asia,North America; target region=Europe; source-only fit/search/calibration; target labels untouched until final evaluation; V1-V10 financial ratios only.",Plain KELM; hyperparameters/features selected only on search partition.,Platt_logistic_on_separate_calibration_partition,0.7324788787381774,0.6162790697674418,0.8705882352941177,0.828125,0.7066666666666667,0.7748538011695907,0.6495098039215687,0.5030225143361314,0.6462380797526208,0.7434336525307798,0.12941176470588237,0.3742690058479532,53.0,11.0,74.0,33.0,0.8505126823785114,0.8485636114911081,0.16074297356207617,0.4935038920163559,0.07483800574392382,-0.09377035979105544,0.7842740133408515,1.0,0.2573099415204678,0.2573099415204678,0.5499999999999999,0.6569767441860465,0.7894117647058824,0.9211764705882353,0.7431982942430704,0.8795417789757413,0.5935728425478191,0.682367149758454,0.391528602006197,0.5180416600534858,0.5672786942420207,0.6603791717912693,0.808606745218842,0.8746225375260483,0.8154856361149111,0.8720519835841312,0.14945602798329066,0.1827507649069267,20260829,1,Europe,267,171,V1-V10_financial_only
PONE2016_h1_target_Europe,20260728,KELM_PBMSBAINGO,cost_2,171,86,0.5125148781669551,"Same-horizon leave-one-region-out transfer; source regions=Asia,North America; target region=Europe; source-only fit/search/calibration; target labels untouched until final evaluation; V1-V10 financial ratios only.",Plain KELM; hyperparameters/features selected only on search partition.,Platt_logistic_on_separate_calibration_partition,0.7711451502027737,0.7325581395348837,0.8117647058823529,0.7974683544303798,0.7636363636363637,0.7835820895522388,0.7446808510638298,0.5458933343240568,0.6872688889483642,0.7721614227086183,0.18823529411764706,0.4619883040935672,63.0,16.0,69.0,23.0,0.8505126823785114,0.8485636114911081,0.16074297356207617,0.4935038920163559,0.07483800574392382,-0.09377035979105544,0.7842740133408515,2.0,0.36257309941520466,0.24124513618677043,0.7011627906976744,0.8127906976744186,0.7564705882352941,0.831764705882353,0.7700854700854701,0.8246770025839794,0.7154478133296074,0.8043704891740177,0.5022799749601414,0.6139180091488338,0.6552229380416328,0.7361663299148765,0.8564411962825078,0.8851119821713102,0.8463064295485636,0.8761559507523939,0.14269347625046427,0.16086169344367612,20260829,1,Europe,267,171,V1-V10_financial_only
PONE2016_h1_target_Europe,20260728,KELM_PBMSBAINGO,cost_5,171,86,0.07663997316584757,"Same-horizon leave-one-region-out transfer; source regions=Asia,North America; target region=Europe; source-only fit/search/calibration; target labels untouched until final evaluation; V1-V10 financial ratios only.",Plain KELM; hyperparameters/features selected only on search partition.,Platt_logistic_on_separate_calibration_partition,0.2656844656620286,1.0,0.07058823529411765,0.5212121212121212,0.6852589641434262,0.5764075067024129,0.8447937131630648,0.19181095862923833,0.2383427322057134,0.5352941176470588,0.9294117647058824,0.9649122807017544,86.0,79.0,6.0,0.0,0.8505126823785114,0.8485636114911081,0.16074297356207617,0.4935038920163559,0.07483800574392382,-0.09377035979105544,0.7842740133408515,5.0,0.4619883040935672,0.1533980582524272,1.0,1.0,0.04941176470588235,0.09411764705882353,0.5155942660134276,0.5276073619631901,0.8418179231754063,0.8481262327416174,0.15928622420723604,0.22283887335671146,0.19862834755273098,0.275774436030381,0.8330512667149047,0.9019514434410021,0.8183994528043775,0.9012448700410397,0.1287907646876879,0.18124342380156988,20260829,1,Europe,267,171,V1-V10_financial_only
PONE2016_h1_target_Europe,20260728,KELM_PBMSBAINGO,cost_10,171,86,0.07663997316584757,"Same-horizon leave-one-region-out transfer; source regions=Asia,North America; target region=Europe; source-only fit/search/calibration; target labels untouched until final evaluation; V1-V10 financial ratios only.",Plain KELM; hyperparameters/features selected only on search partition.,Platt_logistic_on_separate_calibration_partition,0.2656844656620286,1.0,0.07058823529411765,0.5212121212121212,0.6852589641434262,0.5764075067024129,0.8447937131630648,0.19181095862923833,0.2383427322057134,0.5352941176470588,0.9294117647058824,0.9649122807017544,86.0,79.0,6.0,0.0,0.8505126823785114,0.8485636114911081,0.16074297356207617,0.4935038920163559,0.07483800574392382,-0.09377035979105544,0.7842740133408515,10.0,0.4619883040935672,0.0835978835978836,1.0,1.0,0.03764705882352941,0.09411764705882353,0.5125215146299483,0.5276073619631901,0.8401731004901961,0.8481262327416174,0.13842999106368847,0.22283887335671146,0.17296127538524622,0.275774436030381,0.8083432104073727,0.8894834612968482,0.8087004103967168,0.8808071135430917,0.14244168531116358,0.1837346459223251,20260829,1,Europe,267,171,V1-V10_financial_only
PONE2016_h1_target_Europe,20260728,KELM_PBMSBAINGO,cost_20,171,86,0.07663997316584757,"Same-horizon leave-one-region-out transfer; source regions=Asia,North America; target region=Europe; source-only fit/search/calibration; target labels untouched until final evaluation; V1-V10 financial ratios only.",Plain KELM; hyperparameters/features selected only on search partition.,Platt_logistic_on_separate_calibration_partition,0.2656844656620286,1.0,0.07058823529411765,0.5212121212121212,0.6852589641434262,0.5764075067024129,0.8447937131630648,0.19181095862923833,0.2383427322057134,0.5352941176470588,0.9294117647058824,0.9649122807017544,86.0,79.0,6.0,0.0,0.8505126823785114,0.8485636114911081,0.16074297356207617,0.4935038920163559,0.07483800574392382,-0.09377035979105544,0.7842740133408515,20.0,0.4619883040935672,0.04376731301939058,1.0,1.0,0.04823529411764706,0.12470588235294118,0.5152802828078782,0.5361890243902439,0.8416522773492958,0.8525028121484814,0.15756217292196767,0.25814708122802993,0.19652978944358065,0.3177092898234998,0.7950788808782209,0.8604902887545033,0.8182763337893296,0.8610123119015048,0.15478108216186895,0.1787292280720204,20260829,1,Europe,267,171,V1-V10_financial_only
PONE2016_h1_target_Europe,20260728,KELM_score_fusion,triad,171,86,0.9284556910756094,"Same-horizon leave-one-region-out transfer; source regions=Asia,North America; target region=Europe; source-only fit/search/calibration; target labels untouched until final evaluation; V1-V10 financial ratios only.",Plain KELM plus HistGB score-level fusion; alpha=0.02 selected only on search partition.,Platt_logistic_on_separate_calibration_partition,0.737689668161096,0.5930232558139535,0.9176470588235294,0.8793103448275862,0.7083333333333334,0.8018867924528302,0.6343283582089553,0.5393194499637521,0.6645553545064382,0.7553351573187415,0.08235294117647059,0.3391812865497076,51.0,7.0,78.0,35.0,0.8624283249067024,0.8811217510259918,0.14972873222299898,0.4775056785477224,0.08888175052393867,-0.12512596817331248,0.7330283134186918,,,,0.5709302325581396,0.6267441860465116,0.8952941176470589,0.9611764705882353,0.8576354679802956,0.9379074315514994,0.61900723654455,0.662808420872937,0.5172617914758103,0.5802143709724141,0.6496628888849703,0.6894964226342666,0.8348285803397728,0.9340410026548491,0.849890560875513,0.9311217510259918,0.12435978897097007,0.185812282935363,20260831,1,Europe,267,171,V1-V10_financial_only
PONE2016_h1_target_Europe,20260728,KELM_score_fusion,cost_1,171,86,0.38034205144147526,"Same-horizon leave-one-region-out transfer; source regions=Asia,North America; target region=Europe; source-only fit/search/calibration; target labels untouched until final evaluation; V1-V10 financial ratios only.",Plain KELM plus HistGB score-level fusion; alpha=0.02 selected only on search partition.,Platt_logistic_on_separate_calibration_partition,0.8187274500607025,0.813953488372093,0.8235294117647058,0.8235294117647058,0.8187134502923976,0.8215962441314554,0.8158508158508159,0.6374829001367989,0.7532094281968701,0.8187414500683994,0.17647058823529413,0.49707602339181284,70.0,15.0,70.0,16.0,0.8624283249067024,0.8811217510259918,0.14972873222299898,0.4775056785477224,0.08888175052393867,-0.12512596817331248,0.7330283134186918,1.0,0.18128654970760233,0.18128654970760233,0.6848837209302325,0.8709302325581395,0.7552941176470588,0.8223529411764705,0.7560470779220779,0.8273138006571742,0.6984068266144509,0.8519078398665555,0.46692133792039114,0.670435660403274,0.6292224113221425,0.7759813201587304,0.8004192304835749,0.8676369308688313,0.80593707250342,0.8902462380300957,0.14537652630462697,0.20794441009711664,20260831,1,Europe,267,171,V1-V10_financial_only
PONE2016_h1_target_Europe,20260728,KELM_score_fusion,cost_2,171,86,0.38034205144147526,"Same-horizon leave-one-region-out transfer; source regions=Asia,North America; target region=Europe; source-only fit/search/calibration; target labels untouched until final evaluation; V1-V10 financial ratios only.",Plain KELM plus HistGB score-level fusion; alpha=0.02 selected only on search partition.,Platt_logistic_on_separate_calibration_partition,0.8187274500607025,0.813953488372093,0.8235294117647058,0.8235294117647058,0.8187134502923976,0.8215962441314554,0.8158508158508159,0.6374829001367989,0.7532094281968701,0.8187414500683994,0.17647058823529413,0.49707602339181284,70.0,15.0,70.0,16.0,0.8624283249067024,0.8811217510259918,0.14972873222299898,0.4775056785477224,0.08888175052393867,-0.12512596817331248,0.7330283134186918,2.0,0.27485380116959063,0.1828793774319066,0.741860465116279,0.8476744186046511,0.8129411764705883,0.8576470588235293,0.8172413793103448,0.847953488372093,0.7589775678474325,0.8476744186046511,0.6000371703640359,0.6935567715458276,0.7242639399386106,0.7922676593488588,0.8529337217747115,0.8953148809664448,0.8774692202462382,0.9109575923392613,0.13445652211881814,0.1616333097285054,20260831,1,Europe,267,171,V1-V10_financial_only
PONE2016_h1_target_Europe,20260728,KELM_score_fusion,cost_5,171,86,0.14113333621958707,"Same-horizon leave-one-region-out transfer; source regions=Asia,North America; target region=Europe; source-only fit/search/calibration; target labels untouched until final evaluation; V1-V10 financial ratios only.",Plain KELM plus HistGB score-level fusion; alpha=0.02 selected only on search partition.,Platt_logistic_on_separate_calibration_partition,0.818560345772798,0.9186046511627907,0.7294117647058823,0.7745098039215687,0.8404255319148937,0.7995951417004049,0.8856502242152466,0.660419769070884,0.7620330771734145,0.8240082079343365,0.27058823529411763,0.5964912280701754,79.0,23.0,62.0,7.0,0.8624283249067024,0.8811217510259918,0.14972873222299898,0.4775056785477224,0.08888175052393867,-0.12512596817331248,0.7330283134186918,5.0,0.3391812865497076,0.11262135922330097,0.8744186046511628,0.9511627906976744,0.7658823529411765,0.8117647058823529,0.7913343965975546,0.8360399478940512,0.856492027334852,0.925135082683881,0.6454631737119718,0.7684272114788021,0.756481443122432,0.8395739231702019,0.8612429358310647,0.9271227658448642,0.8755540355677155,0.9263885088919288,0.11419579619358461,0.15688307118369016,20260831,1,Europe,267,171,V1-V10_financial_only
PONE2016_h1_target_Europe,20260728,KELM_score_fusion,cost_10,171,86,0.14113333621958707,"Same-horizon leave-one-region-out transfer; source regions=Asia,North America; target region=Europe; source-only fit/search/calibration; target labels untouched until final evaluation; V1-V10 financial ratios only.",Plain KELM plus HistGB score-level fusion; alpha=0.02 selected only on search partition.,Platt_logistic_on_separate_calibration_partition,0.818560345772798,0.9186046511627907,0.7294117647058823,0.7745098039215687,0.8404255319148937,0.7995951417004049,0.8856502242152466,0.660419769070884,0.7620330771734145,0.8240082079343365,0.27058823529411763,0.5964912280701754,79.0,23.0,62.0,7.0,0.8624283249067024,0.8811217510259918,0.14972873222299898,0.4775056785477224,0.08888175052393867,-0.12512596817331248,0.7330283134186918,10.0,0.543859649122807,0.09841269841269841,0.8616279069767442,0.963953488372093,0.7176470588235294,0.74,0.7589015151515152,0.7805270457697642,0.841468294684999,0.9194736764132169,0.5981214218777633,0.7050142213141822,0.7211541209899209,0.7875700403747927,0.856861504602347,0.9185714311995384,0.8595896032831738,0.9187140902872777,0.12214948505172024,0.1573722963887857,20260831,1,Europe,267,171,V1-V10_financial_only
PONE2016_h1_target_Europe,20260728,KELM_score_fusion,cost_20,171,86,0.11392606750121474,"Same-horizon leave-one-region-out transfer; source regions=Asia,North America; target region=Europe; source-only fit/search/calibration; target labels untouched until final evaluation; V1-V10 financial ratios only.",Plain KELM plus HistGB score-level fusion; alpha=0.02 selected only on search partition.,Platt_logistic_on_separate_calibration_partition,0.4034732923929645,0.9883720930232558,0.16470588235294117,0.5448717948717948,0.7024793388429752,0.5985915492957746,0.85,0.27055992467502604,0.3531541802033156,0.5765389876880985,0.8352941176470589,0.9122807017543859,85.0,71.0,14.0,1.0,0.8624283249067024,0.8811217510259918,0.14972873222299898,0.4775056785477224,0.08888175052393867,-0.12512596817331248,0.7330283134186918,20.0,0.5321637426900585,0.050415512465373964,0.9883720930232558,0.9988372093023256,0.15411764705882353,0.19764705882352943,0.5417483259839948,0.5551282051282052,0.8484730538922156,0.8595130784708249,0.2589931329111802,0.31140473414811515,0.3404092348530642,0.39167574653499476,0.8014961397898266,0.9115880262417406,0.8496990424076608,0.9101641586867306,0.11912055111892522,0.16854181825083767,20260831,1,Europe,267,171,V1-V10_financial_only
PONE2016_h1_target_Europe,20260728,KELM_risk_feature,triad,171,86,0.5480627801855099,"Same-horizon leave-one-region-out transfer; source regions=Asia,North America; target region=Europe; source-only fit/search/calibration; target labels untouched until final evaluation; V1-V10 financial ratios only.",OOF HistGB risk is a forced KELM input; no score-level fusion.,Platt_logistic_on_separate_calibration_partition,0.6032288860120084,0.4418604651162791,0.8235294117647058,0.7169811320754716,0.5467625899280576,0.6375838926174496,0.47858942065491183,0.2869221675167705,0.47087914287351984,0.6326949384404925,0.17647058823529413,0.30994152046783624,38.0,15.0,70.0,48.0,0.7838485586318915,0.8086183310533516,0.1943156203578778,0.5772719970951727,0.1781742677555133,0.06674389750976388,2.107964875115608,,,,0.3058139534883721,0.48023255813953486,0.78,0.8447058823529412,0.6448148148148148,0.7298245614035087,0.34275809298797877,0.5152915450068297,0.17003799543333858,0.317466678831939,0.3574133081906781,0.4991146557603523,0.7294905920338803,0.7673232126006894,0.7683584131326949,0.7858549931600548,0.19996582315727884,0.2061185103993224,20260939,1,Europe,267,171,V1-V10_financial_only
PONE2016_h1_target_Europe,20260728,KELM_risk_feature,cost_1,171,86,0.5101726518084087,"Same-horizon leave-one-region-out transfer; source regions=Asia,North America; target region=Europe; source-only fit/search/calibration; target labels untouched until final evaluation; V1-V10 financial ratios only.",OOF HistGB risk is a forced KELM input; no score-level fusion.,Platt_logistic_on_separate_calibration_partition,0.7934409641627354,0.9069767441860465,0.6941176470588235,0.75,0.8210526315789474,0.7768924302788844,0.8705357142857143,0.6156690091334787,0.7291085260643743,0.800547195622435,0.3058823529411765,0.6081871345029239,78.0,26.0,59.0,8.0,0.7838485586318915,0.8086183310533516,0.1943156203578778,0.5772719970951727,0.1781742677555133,0.06674389750976388,2.107964875115608,1.0,0.19883040935672514,0.19883040935672514,0.8848837209302326,0.9383720930232559,0.6270588235294118,0.7164705882352941,0.7081607688947138,0.7639734728189801,0.8466816128064819,0.8970535714285715,0.5414103106656364,0.6628053325376493,0.6720552555523559,0.7600939609153626,0.7437386927662707,0.8381540764178204,0.765266757865937,0.8475376196990424,0.1852238318906138,0.20747001807247506,20260939,1,Europe,267,171,V1-V10_financial_only
PONE2016_h1_target_Europe,20260728,KELM_risk_feature,cost_2,171,86,0.5101726518084087,"Same-horizon leave-one-region-out transfer; source regions=Asia,North America; target region=Europe; source-only fit/search/calibration; target labels untouched until final evaluation; V1-V10 financial ratios only.",OOF HistGB risk is a forced KELM input; no score-level fusion.,Platt_logistic_on_separate_calibration_partition,0.7934409641627354,0.9069767441860465,0.6941176470588235,0.75,0.8210526315789474,0.7768924302788844,0.8705357142857143,0.6156690091334787,0.7291085260643743,0.800547195622435,0.3058823529411765,0.6081871345029239,78.0,26.0,59.0,8.0,0.7838485586318915,0.8086183310533516,0.1943156203578778,0.5772719970951727,0.1781742677555133,0.06674389750976388,2.107964875115608,2.0,0.24561403508771928,0.16342412451361868,0.8965116279069768,0.9523255813953488,0.6588235294117647,0.7505882352941177,0.7366011466011466,0.7860909090909091,0.8684415227868952,0.9003929844989448,0.6276620177217166,0.665610374136784,0.7308376678493548,0.7674509559075079,0.7865080008508034,0.8160225527828009,0.8075649794801643,0.8370861833105334,0.18480678441182027,0.19628778390180496,20260939,1,Europe,267,171,V1-V10_financial_only
PONE2016_h1_target_Europe,20260728,KELM_risk_feature,cost_5,171,86,0.5101726518084087,"Same-horizon leave-one-region-out transfer; source regions=Asia,North America; target region=Europe; source-only fit/search/calibration; target labels untouched until final evaluation; V1-V10 financial ratios only.",OOF HistGB risk is a forced KELM input; no score-level fusion.,Platt_logistic_on_separate_calibration_partition,0.7934409641627354,0.9069767441860465,0.6941176470588235,0.75,0.8210526315789474,0.7768924302788844,0.8705357142857143,0.6156690091334787,0.7291085260643743,0.800547195622435,0.3058823529411765,0.6081871345029239,78.0,26.0,59.0,8.0,0.7838485586318915,0.8086183310533516,0.1943156203578778,0.5772719970951727,0.1781742677555133,0.06674389750976388,2.107964875115608,5.0,0.38596491228070173,0.12815533980582525,0.85,0.9383720930232559,0.5964705882352941,0.8258823529411765,0.6930619266055046,0.8322557471264368,0.8412480063795853,0.8920797077777448,0.5183824060119633,0.6794994900692444,0.6530201563239542,0.7817311445591515,0.7339030625382015,0.8427421318608861,0.7590424076607387,0.8474829001367988,0.18632922628250137,0.20109587122928296,20260939,1,Europe,267,171,V1-V10_financial_only
PONE2016_h1_target_Europe,20260728,KELM_risk_feature,cost_10,171,86,0.21161379632992922,"Same-horizon leave-one-region-out transfer; source regions=Asia,North America; target region=Europe; source-only fit/search/calibration; target labels untouched until final evaluation; V1-V10 financial ratios only.",OOF HistGB risk is a forced KELM input; no score-level fusion.,Platt_logistic_on_separate_calibration_partition,0.3031977318006905,0.9767441860465116,0.09411764705882353,0.5217391304347826,0.680161943319838,0.5753424657534246,0.8316831683168316,0.15099345868058398,0.24032743048057134,0.5354309165526676,0.9058823529411765,0.9415204678362573,84.0,77.0,8.0,2.0,0.7838485586318915,0.8086183310533516,0.1943156203578778,0.5772719970951727,0.1781742677555133,0.06674389750976388,2.107964875115608,10.0,0.5672514619883041,0.10264550264550265,0.9767441860465116,1.0,0.08235294117647059,0.10470588235294118,0.5214990664177114,0.5273466257668711,0.8318481848184818,0.8479592787587942,0.15263941768540637,0.22133600594538777,0.23901703323412388,0.2741174170392538,0.7545225216621874,0.7871203229936228,0.7851436388508892,0.8126675786593708,0.19134856343667536,0.19658556459606552,20260939,1,Europe,267,171,V1-V10_financial_only
PONE2016_h1_target_Europe,20260728,KELM_risk_feature,cost_20,171,86,0.21161379632992922,"Same-horizon leave-one-region-out transfer; source regions=Asia,North America; target region=Europe; source-only fit/search/calibration; target labels untouched until final evaluation; V1-V10 financial ratios only.",OOF HistGB risk is a forced KELM input; no score-level fusion.,Platt_logistic_on_separate_calibration_partition,0.3031977318006905,0.9767441860465116,0.09411764705882353,0.5217391304347826,0.680161943319838,0.5753424657534246,0.8316831683168316,0.15099345868058398,0.24032743048057134,0.5354309165526676,0.9058823529411765,0.9415204678362573,84.0,77.0,8.0,2.0,0.7838485586318915,0.8086183310533516,0.1943156203578778,0.5772719970951727,0.1781742677555133,0.06674389750976388,2.107964875115608,20.0,0.6842105263157895,0.06481994459833795,0.9662790697674419,0.9883720930232558,0.06235294117647059,0.1388235294117647,0.5131495227995758,0.536972246245774,0.8267010697368009,0.846110607076644,0.09587606783312994,0.2400387480724265,0.17952223781528356,0.3194521233399041,0.7651894640066383,0.8204601315938236,0.8046922024623803,0.841668946648427,0.1819270361171612,0.1986465181635753,20260939,1,Europe,267,171,V1-V10_financial_only
PONE2016_h1_target_Europe,20260728,Full_PBMSBAINGO,triad,171,86,0.8832440723343646,"Same-horizon leave-one-region-out transfer; source regions=Asia,North America; target region=Europe; source-only fit/search/calibration; target labels untouched until final evaluation; V1-V10 financial ratios only.",Risk feature plus score fusion; alpha=0.70 selected only on search partition.,Platt_logistic_on_separate_calibration_partition,0.7511960367547974,0.6395348837209303,0.8823529411764706,0.8461538461538461,0.7284768211920529,0.7947976878612717,0.6723716381418093,0.5375591305759228,0.6719097445324071,0.7609439124487004,0.11764705882352941,0.38011695906432746,55.0,10.0,75.0,31.0,0.848325824647771,0.8763337893296854,0.14488547679325103,0.46769061960628616,0.08594603486446029,-0.1707922644116388,0.7659366956630815,,,,0.594186046511628,0.7709302325581395,0.8482352941176471,0.9247058823529412,0.7987259615384615,0.9117416829745597,0.6263820638820639,0.795485350849755,0.4581532802934352,0.7035270060735838,0.6138855367671545,0.7944006253159713,0.8300789769829695,0.9279854702101645,0.8571956224350206,0.9349247606019152,0.09587349412680118,0.1652627481045079,20261035,1,Europe,267,171,V1-V10_financial_only
PONE2016_h1_target_Europe,20260728,Full_PBMSBAINGO,cost_1,171,86,0.4569279207670632,"Same-horizon leave-one-region-out transfer; source regions=Asia,North America; target region=Europe; source-only fit/search/calibration; target labels untouched until final evaluation; V1-V10 financial ratios only.",Risk feature plus score fusion; alpha=0.70 selected only on search partition.,Platt_logistic_on_separate_calibration_partition,0.8128583604111403,0.8023255813953488,0.8235294117647058,0.8214285714285714,0.8117647058823529,0.8175355450236966,0.8060747663551402,0.625940627010515,0.7450537954864809,0.8129274965800273,0.17647058823529413,0.49122807017543857,69.0,15.0,70.0,17.0,0.848325824647771,0.8763337893296854,0.14488547679325103,0.46769061960628616,0.08594603486446029,-0.1707922644116388,0.7659366956630815,1.0,0.1871345029239766,0.1871345029239766,0.791860465116279,0.8244186046511628,0.8117647058823529,0.8764705882352941,0.8099667774086379,0.8712418300653595,0.7955607476635513,0.8333497874674346,0.6048621514951447,0.7017625872688841,0.7302176687622602,0.7973797257326951,0.8195604641290791,0.8850500664185343,0.85406292749658,0.906826265389877,0.11734498415641802,0.1581825705069961,20261035,1,Europe,267,171,V1-V10_financial_only
PONE2016_h1_target_Europe,20260728,Full_PBMSBAINGO,cost_2,171,86,0.3710739421366963,"Same-horizon leave-one-region-out transfer; source regions=Asia,North America; target region=Europe; source-only fit/search/calibration; target labels untouched until final evaluation; V1-V10 financial ratios only.",Risk feature plus score fusion; alpha=0.70 selected only on search partition.,Platt_logistic_on_separate_calibration_partition,0.8243888421517455,0.8372093023255814,0.8117647058823529,0.8181818181818182,0.8275862068965517,0.821917808219178,0.8333333333333334,0.6492405090780576,0.7613013617252427,0.8244870041039671,0.18823529411764706,0.5146198830409356,72.0,16.0,69.0,14.0,0.848325824647771,0.8763337893296854,0.14488547679325103,0.46769061960628616,0.08594603486446029,-0.1707922644116388,0.7659366956630815,2.0,0.2573099415204678,0.17120622568093385,0.813953488372093,0.905813953488372,0.7905882352941176,0.8694117647058823,0.8013953488372093,0.8741298986023568,0.8147177639480293,0.8991293037084229,0.6257765705788843,0.7735982731761054,0.7448961429064135,0.8469549044435254,0.817049990095426,0.9018066290793278,0.848686730506156,0.9257865937072504,0.0998897214390692,0.1523892356895166,20261035,1,Europe,267,171,V1-V10_financial_only
PONE2016_h1_target_Europe,20260728,Full_PBMSBAINGO,cost_5,171,86,0.16038028404103147,"Same-horizon leave-one-region-out transfer; source regions=Asia,North America; target region=Europe; source-only fit/search/calibration; target labels untouched until final evaluation; V1-V10 financial ratios only.",Risk feature plus score fusion; alpha=0.70 selected only on search partition.,Platt_logistic_on_separate_calibration_partition,0.7709677327035426,0.9186046511627907,0.6470588235294118,0.7247706422018348,0.8102564102564103,0.7567049808429118,0.8719646799116998,0.5883120335410055,0.7045200844857046,0.7828317373461012,0.35294117647058826,0.6374269005847953,79.0,30.0,55.0,7.0,0.848325824647771,0.8763337893296854,0.14488547679325103,0.46769061960628616,0.08594603486446029,-0.1707922644116388,0.7659366956630815,5.0,0.38011695906432746,0.1262135922330097,0.8534883720930232,0.9523255813953488,0.548235294117647,0.6929411764705882,0.6679495073891626,0.7551822850888271,0.823560517038778,0.9007894544479911,0.47443205151026013,0.6555226462357312,0.6163741364558489,0.7529446265399743,0.7942840951597738,0.9096478535732713,0.833077975376197,0.9255950752393981,0.10783286481418211,0.18607128516483995,20261035,1,Europe,267,171,V1-V10_financial_only
PONE2016_h1_target_Europe,20260728,Full_PBMSBAINGO,cost_10,171,86,0.16038028404103147,"Same-horizon leave-one-region-out transfer; source regions=Asia,North America; target region=Europe; source-only fit/search/calibration; target labels untouched until final evaluation; V1-V10 financial ratios only.",Risk feature plus score fusion; alpha=0.70 selected only on search partition.,Platt_logistic_on_separate_calibration_partition,0.7709677327035426,0.9186046511627907,0.6470588235294118,0.7247706422018348,0.8102564102564103,0.7567049808429118,0.8719646799116998,0.5883120335410055,0.7045200844857046,0.7828317373461012,0.35294117647058826,0.6374269005847953,79.0,30.0,55.0,7.0,0.848325824647771,0.8763337893296854,0.14488547679325103,0.46769061960628616,0.08594603486446029,-0.1707922644116388,0.7659366956630815,10.0,0.5847953216374269,0.10582010582010581,0.8988372093023256,0.9627906976744186,0.6129411764705883,0.7141176470588235,0.7016814159292035,0.7670740474478792,0.85183730323215,0.9083646616541353,0.5360816991564663,0.6628543186091016,0.6661831191053916,0.7608084322707798,0.81977088268986,0.9082050661670145,0.8596990424076608,0.9233515731874145,0.10821924933113009,0.15518846643328313,20261035,1,Europe,267,171,V1-V10_financial_only
PONE2016_h1_target_Europe,20260728,Full_PBMSBAINGO,cost_20,171,86,0.11219705072806793,"Same-horizon leave-one-region-out transfer; source regions=Asia,North America; target region=Europe; source-only fit/search/calibration; target labels untouched until final evaluation; V1-V10 financial ratios only.",Risk feature plus score fusion; alpha=0.70 selected only on search partition.,Platt_logistic_on_separate_calibration_partition,0.47278897170376755,1.0,0.2235294117647059,0.5657894736842105,0.7226890756302521,0.6195965417867435,0.8669354838709677,0.3556270352986315,0.42997494356958943,0.611764705882353,0.7764705882352941,0.8888888888888888,86.0,66.0,19.0,0.0,0.848325824647771,0.8763337893296854,0.14488547679325103,0.46769061960628616,0.08594603486446029,-0.1707922644116388,0.7659366956630815,20.0,0.38596491228070173,0.03656509695290859,1.0,1.0,0.17882352941176471,0.24352941176470588,0.551998001998002,0.5722091503267974,0.8603453815261044,0.869919924404728,0.31413479014129786,0.3732251402752811,0.3829361862427258,0.44953925416571816,0.8206102070924686,0.8685597852915161,0.8571956224350206,0.8836388508891929,0.14350479851142522,0.16761119922260168,20261035,1,Europe,267,171,V1-V10_financial_only
PONE2016_h1_target_Europe,20260728,Uncertainty_gated_fusion,triad,171,86,0.5480627801855099,"Same-horizon leave-one-region-out transfer; source regions=Asia,North America; target region=Europe; source-only fit/search/calibration; target labels untouched until final evaluation; V1-V10 financial ratios only.","One-standard-error paired-bootstrap gate selected KELM_risk_feature; search utility difference=0.0320, required margin=0.0667.",Platt_logistic_on_separate_calibration_partition,0.6032288860120084,0.4418604651162791,0.8235294117647058,0.7169811320754716,0.5467625899280576,0.6375838926174496,0.47858942065491183,0.2869221675167705,0.47087914287351984,0.6326949384404925,0.17647058823529413,0.30994152046783624,38.0,15.0,70.0,48.0,0.7838485586318915,0.8086183310533516,0.1943156203578778,0.5772719970951727,0.1781742677555133,0.06674389750976388,2.107964875115608,,,,0.35232558139534886,0.4627906976744186,0.8129411764705883,0.9105882352941176,0.67430426716141,0.8179716981132075,0.3899228771543244,0.5012594458438288,0.21115692334536562,0.35410619069081545,0.39567295542800823,0.5094124199721469,0.7556541504560114,0.8267013855048606,0.7765526675786593,0.8456634746922024,0.18395696943164025,0.1985410160819552,20261081,1,Europe,267,171,V1-V10_financial_only
PONE2016_h1_target_Europe,20260728,Uncertainty_gated_fusion,cost_1,171,86,0.5101726518084087,"Same-horizon leave-one-region-out transfer; source regions=Asia,North America; target region=Europe; source-only fit/search/calibration; target labels untouched until final evaluation; V1-V10 financial ratios only.","One-standard-error paired-bootstrap gate selected KELM_risk_feature; search utility difference=0.0320, required margin=0.0667.",Platt_logistic_on_separate_calibration_partition,0.7934409641627354,0.9069767441860465,0.6941176470588235,0.75,0.8210526315789474,0.7768924302788844,0.8705357142857143,0.6156690091334787,0.7291085260643743,0.800547195622435,0.3058823529411765,0.6081871345029239,78.0,26.0,59.0,8.0,0.7838485586318915,0.8086183310533516,0.1943156203578778,0.5772719970951727,0.1781742677555133,0.06674389750976388,2.107964875115608,1.0,0.19883040935672514,0.19883040935672514,0.8651162790697674,0.9395348837209302,0.6411764705882352,0.728235294117647,0.7203636363636363,0.7717485340767086,0.8370044052863437,0.8983668903803133,0.5642654262401959,0.6654741637734428,0.6953600666631696,0.7617729820255641,0.7322263285793716,0.8193395600811082,0.7636525307797538,0.8426538987688099,0.18370938629412317,0.20841595041700312,20261081,1,Europe,267,171,V1-V10_financial_only
PONE2016_h1_target_Europe,20260728,Uncertainty_gated_fusion,cost_2,171,86,0.5101726518084087,"Same-horizon leave-one-region-out transfer; source regions=Asia,North America; target region=Europe; source-only fit/search/calibration; target labels untouched until final evaluation; V1-V10 financial ratios only.","One-standard-error paired-bootstrap gate selected KELM_risk_feature; search utility difference=0.0320, required margin=0.0667.",Platt_logistic_on_separate_calibration_partition,0.7934409641627354,0.9069767441860465,0.6941176470588235,0.75,0.8210526315789474,0.7768924302788844,0.8705357142857143,0.6156690091334787,0.7291085260643743,0.800547195622435,0.3058823529411765,0.6081871345029239,78.0,26.0,59.0,8.0,0.7838485586318915,0.8086183310533516,0.1943156203578778,0.5772719970951727,0.1781742677555133,0.06674389750976388,2.107964875115608,2.0,0.24561403508771928,0.16342412451361868,0.8523255813953488,0.9302325581395349,0.628235294117647,0.74,0.6997883597883597,0.7765801466217555,0.8175986858680426,0.8944559872049744,0.4989063231281499,0.6718422442948572,0.6450068324183142,0.7687853470392226,0.7543149208252636,0.85183574667611,0.7726128590971271,0.8603009575923393,0.1862897717546659,0.200736076608078,20261081,1,Europe,267,171,V1-V10_financial_only
PONE2016_h1_target_Europe,20260728,Uncertainty_gated_fusion,cost_5,171,86,0.5101726518084087,"Same-horizon leave-one-region-out transfer; source regions=Asia,North America; target region=Europe; source-only fit/search/calibration; target labels untouched until final evaluation; V1-V10 financial ratios only.","One-standard-error paired-bootstrap gate selected KELM_risk_feature; search utility difference=0.0320, required margin=0.0667.",Platt_logistic_on_separate_calibration_partition,0.7934409641627354,0.9069767441860465,0.6941176470588235,0.75,0.8210526315789474,0.7768924302788844,0.8705357142857143,0.6156690091334787,0.7291085260643743,0.800547195622435,0.3058823529411765,0.6081871345029239,78.0,26.0,59.0,8.0,0.7838485586318915,0.8086183310533516,0.1943156203578778,0.5772719970951727,0.1781742677555133,0.06674389750976388,2.107964875115608,5.0,0.38596491228070173,0.12815533980582525,0.827906976744186,0.9069767441860465,0.6035294117647059,0.7694117647058824,0.694516632016632,0.7857281553398058,0.8150561635944701,0.8722884707574304,0.49817882891607806,0.6250602134357436,0.6451535801589021,0.7365022598220617,0.7460644890776851,0.8025869999911988,0.7590971272229822,0.8344186046511629,0.1901328837776667,0.19915642908722153,20261081,1,Europe,267,171,V1-V10_financial_only
PONE2016_h1_target_Europe,20260728,Uncertainty_gated_fusion,cost_10,171,86,0.21161379632992922,"Same-horizon leave-one-region-out transfer; source regions=Asia,North America; target region=Europe; source-only fit/search/calibration; target labels untouched until final evaluation; V1-V10 financial ratios only.","One-standard-error paired-bootstrap gate selected KELM_risk_feature; search utility difference=0.0320, required margin=0.0667.",Platt_logistic_on_separate_calibration_partition,0.3031977318006905,0.9767441860465116,0.09411764705882353,0.5217391304347826,0.680161943319838,0.5753424657534246,0.8316831683168316,0.15099345868058398,0.24032743048057134,0.5354309165526676,0.9058823529411765,0.9415204678362573,84.0,77.0,8.0,2.0,0.7838485586318915,0.8086183310533516,0.1943156203578778,0.5772719970951727,0.1781742677555133,0.06674389750976388,2.107964875115608,10.0,0.5672514619883041,0.10264550264550265,0.9662790697674419,0.9872093023255814,0.06117647058823529,0.11529411764705882,0.5151891586674195,0.5276456111566858,0.8227722772277227,0.8349881067231191,0.10385788486191466,0.18138076659624636,0.19585767310992958,0.27324164492525865,0.7277344738806737,0.8433073214960982,0.7845690834473324,0.8532558139534884,0.18657802207125615,0.19949786341880144,20261081,1,Europe,267,171,V1-V10_financial_only
PONE2016_h1_target_Europe,20260728,Uncertainty_gated_fusion,cost_20,171,86,0.21161379632992922,"Same-horizon leave-one-region-out transfer; source regions=Asia,North America; target region=Europe; source-only fit/search/calibration; target labels untouched until final evaluation; V1-V10 financial ratios only.","One-standard-error paired-bootstrap gate selected KELM_risk_feature; search utility difference=0.0320, required margin=0.0667.",Platt_logistic_on_separate_calibration_partition,0.3031977318006905,0.9767441860465116,0.09411764705882353,0.5217391304347826,0.680161943319838,0.5753424657534246,0.8316831683168316,0.15099345868058398,0.24032743048057134,0.5354309165526676,0.9058823529411765,0.9415204678362573,84.0,77.0,8.0,2.0,0.7838485586318915,0.8086183310533516,0.1943156203578778,0.5772719970951727,0.1781742677555133,0.06674389750976388,2.107964875115608,20.0,0.6842105263157895,0.06481994459833795,0.9534883720930233,0.9872093023255814,0.052941176470588235,0.12823529411764706,0.5130726728570333,0.525576923076923,0.8183632734530938,0.8333333333333334,0.10760613375113846,0.16620526782963468,0.17718148307729978,0.26213547508800766,0.7586162437979874,0.8209670310754359,0.7823939808481533,0.831422708618331,0.19057139662994488,0.19963652419788525,20261081,1,Europe,267,171,V1-V10_financial_only
PONE2016_h1_target_Europe,20260728,Full_random_search,triad,171,86,0.9230037740423325,"Same-horizon leave-one-region-out transfer; source regions=Asia,North America; target region=Europe; source-only fit/search/calibration; target labels untouched until final evaluation; V1-V10 financial ratios only.",Same full architecture and 81 evaluations as PBMSBAINGO; alpha=0.20.,Platt_logistic_on_separate_calibration_partition,0.7541948352522734,0.627906976744186,0.9058823529411765,0.8709677419354839,0.7297297297297297,0.8083832335329342,0.6650246305418719,0.555161681953326,0.6809713861947047,0.7668946648426813,0.09411764705882353,0.36257309941520466,54.0,8.0,77.0,32.0,0.8630463922164903,0.892202462380301,0.1481087795283626,0.4720768187231339,0.10466199307999914,-0.11777054497416828,0.734447786010023,,,,0.4441860465116279,0.7186046511627907,0.8705882352941177,0.9176470588235294,0.8180508474576271,0.8765144454799627,0.48976727569664186,0.7416625008926658,0.40423250323520205,0.6017321529564043,0.5467774019177533,0.7229847172459533,0.7914810625370104,0.9059316203375357,0.8527222982216143,0.9119288645690834,0.1254252121770662,0.17505557045564887,20261129,1,Europe,267,171,V1-V10_financial_only
PONE2016_h1_target_Europe,20260728,Full_random_search,cost_1,171,86,0.4075271464786643,"Same-horizon leave-one-region-out transfer; source regions=Asia,North America; target region=Europe; source-only fit/search/calibration; target labels untouched until final evaluation; V1-V10 financial ratios only.",Same full architecture and 81 evaluations as PBMSBAINGO; alpha=0.20.,Platt_logistic_on_separate_calibration_partition,0.8245547652372843,0.8255813953488372,0.8235294117647058,0.8255813953488372,0.8255813953488372,0.8255813953488372,0.8255813953488372,0.6491108071135431,0.7613528022130246,0.8245554035567715,0.17647058823529413,0.5029239766081871,71.0,15.0,70.0,15.0,0.8630463922164903,0.892202462380301,0.1481087795283626,0.4720768187231339,0.10466199307999914,-0.11777054497416828,0.734447786010023,1.0,0.17543859649122806,0.17543859649122806,0.791860465116279,0.8488372093023255,0.7776470588235295,0.9011764705882352,0.7943502150023889,0.8909774436090225,0.8047286047286047,0.840917391771404,0.6153924531012074,0.7004301386258981,0.7375918024437541,0.7947013205458696,0.85969806110894,0.9196356769916441,0.8876607387140903,0.9213543091655266,0.12652240971777667,0.16155776415029557,20261129,1,Europe,267,171,V1-V10_financial_only
PONE2016_h1_target_Europe,20260728,Full_random_search,cost_2,171,86,0.4075271464786643,"Same-horizon leave-one-region-out transfer; source regions=Asia,North America; target region=Europe; source-only fit/search/calibration; target labels untouched until final evaluation; V1-V10 financial ratios only.",Same full architecture and 81 evaluations as PBMSBAINGO; alpha=0.20.,Platt_logistic_on_separate_calibration_partition,0.8245547652372843,0.8255813953488372,0.8235294117647058,0.8255813953488372,0.8255813953488372,0.8255813953488372,0.8255813953488372,0.6491108071135431,0.7613528022130246,0.8245554035567715,0.17647058823529413,0.5029239766081871,71.0,15.0,70.0,15.0,0.8630463922164903,0.892202462380301,0.1481087795283626,0.4720768187231339,0.10466199307999914,-0.11777054497416828,0.734447786010023,2.0,0.2631578947368421,0.17509727626459143,0.7732558139534884,0.8697674418604651,0.7317647058823529,0.8305882352941176,0.7615489130434783,0.8231451612903226,0.7818937164618314,0.8552657582691908,0.5804375019031442,0.6569826801629227,0.7118162438954879,0.765446511693477,0.7731355568327531,0.8577512048624959,0.8443912448700409,0.8849521203830368,0.14667467576153234,0.17561611338993569,20261129,1,Europe,267,171,V1-V10_financial_only
PONE2016_h1_target_Europe,20260728,Full_random_search,cost_5,171,86,0.16163745044707015,"Same-horizon leave-one-region-out transfer; source regions=Asia,North America; target region=Europe; source-only fit/search/calibration; target labels untouched until final evaluation; V1-V10 financial ratios only.",Same full architecture and 81 evaluations as PBMSBAINGO; alpha=0.20.,Platt_logistic_on_separate_calibration_partition,0.827453033453754,0.8953488372093024,0.7647058823529411,0.7938144329896907,0.8415300546448088,0.8122362869198312,0.873015873015873,0.6660961173879539,0.7697349430894462,0.8300273597811217,0.23529411764705882,0.5672514619883041,77.0,20.0,65.0,9.0,0.8630463922164903,0.892202462380301,0.1481087795283626,0.4720768187231339,0.10466199307999914,-0.11777054497416828,0.734447786010023,5.0,0.38011695906432746,0.1262135922330097,0.8325581395348838,0.927906976744186,0.7305882352941176,0.7764705882352941,0.757565011820331,0.8039196735395189,0.8163595040044528,0.8992461849604707,0.5664320858994865,0.7035970119119358,0.7009507379052695,0.7937009386504782,0.8218292910015289,0.8780198846925257,0.8586320109439125,0.8966621067031464,0.13415282247725932,0.17904154389381582,20261129,1,Europe,267,171,V1-V10_financial_only
PONE2016_h1_target_Europe,20260728,Full_random_search,cost_10,171,86,0.11131606337029416,"Same-horizon leave-one-region-out transfer; source regions=Asia,North America; target region=Europe; source-only fit/search/calibration; target labels untouched until final evaluation; V1-V10 financial ratios only.",Same full architecture and 81 evaluations as PBMSBAINGO; alpha=0.20.,Platt_logistic_on_separate_calibration_partition,0.6469966392206304,0.9883720930232558,0.4235294117647059,0.6343283582089553,0.7727272727272727,0.6832797427652733,0.8891213389121339,0.5001483101776597,0.5937919219942618,0.7059507523939809,0.5764705882352941,0.783625730994152,85.0,49.0,36.0,1.0,0.8630463922164903,0.892202462380301,0.1481087795283626,0.4720768187231339,0.10466199307999914,-0.11777054497416828,0.734447786010023,10.0,0.34502923976608185,0.06243386243386243,0.9883720930232558,1.0,0.3788235294117647,0.5129411764705882,0.619608255001838,0.6727917121046892,0.8905279503105591,0.9051623740201568,0.484469406221062,0.5726844750269432,0.5682707057277463,0.6623715102405451,0.8684148621908141,0.9029045955891497,0.891983584131327,0.9089056087551299,0.14271194275117075,0.1587675494447483,20261129,1,Europe,267,171,V1-V10_financial_only
PONE2016_h1_target_Europe,20260728,Full_random_search,cost_20,171,86,0.11131606337029416,"Same-horizon leave-one-region-out transfer; source regions=Asia,North America; target region=Europe; source-only fit/search/calibration; target labels untouched until final evaluation; V1-V10 financial ratios only.",Same full architecture and 81 evaluations as PBMSBAINGO; alpha=0.20.,Platt_logistic_on_separate_calibration_partition,0.6469966392206304,0.9883720930232558,0.4235294117647059,0.6343283582089553,0.7727272727272727,0.6832797427652733,0.8891213389121339,0.5001483101776597,0.5937919219942618,0.7059507523939809,0.5764705882352941,0.783625730994152,85.0,49.0,36.0,1.0,0.8630463922164903,0.892202462380301,0.1481087795283626,0.4720768187231339,0.10466199307999914,-0.11777054497416828,0.734447786010023,20.0,0.40350877192982454,0.03822714681440443,0.977906976744186,1.0,0.3411764705882353,0.40705882352941175,0.6031165717710518,0.6301105548602419,0.8718612311246097,0.894909793814433,0.4326645109326413,0.5056446413679343,0.5276131011164475,0.5897588331555987,0.8216427387691754,0.8983559823635775,0.8673734610123119,0.9092612859097126,0.12778450090195692,0.1730995727125903,20261129,1,Europe,267,171,V1-V10_financial_only
PONE2016_h1_target_Europe,20260728,Balanced_logistic,triad,171,86,0.8538780267520292,"Same-horizon leave-one-region-out transfer; source regions=Asia,North America; target region=Europe; source-only fit/search/calibration; target labels untouched until final evaluation; V1-V10 financial ratios only.",Class-weighted logistic reference using the same source-only fit/search/calibration and untouched regional target.,Platt_logistic_on_separate_calibration_partition,0.6654457584623561,0.45348837209302323,0.9764705882352941,0.9512195121951219,0.6141732283464567,0.78,0.5064935064935064,0.5035262172575005,0.6063859593728079,0.7149794801641587,0.023529411764705882,0.23976608187134502,39.0,2.0,83.0,47.0,0.8789238152502963,0.8859097127222983,0.13352675077783485,0.48494763020417864,0.06897534524538726,0.1763850505203446,0.708503481494626,,,,0.39999999999999997,0.48604651162790696,0.9552941176470587,0.9988235294117647,0.9094076655052264,0.9976744186046511,0.45398470268936586,0.5401855645258464,0.46225157991296595,0.5456292604989254,0.5782627681699617,0.639679561273569,0.8530307465200453,0.9186483387993091,0.8413543091655267,0.9195348837209302,0.10827714439852354,0.1578712395639386,20262029,1,Europe,267,171,V1-V10_financial_only
PONE2016_h1_target_Europe,20260728,Balanced_logistic,cost_1,171,86,0.4790664672290006,"Same-horizon leave-one-region-out transfer; source regions=Asia,North America; target region=Europe; source-only fit/search/calibration; target labels untouched until final evaluation; V1-V10 financial ratios only.",Class-weighted logistic reference using the same source-only fit/search/calibration and untouched regional target.,Platt_logistic_on_separate_calibration_partition,0.7963665779037872,0.7093023255813954,0.8941176470588236,0.8714285714285714,0.782051282051282,0.8333333333333334,0.7367149758454107,0.6135764217788545,0.7300706748481421,0.8017099863201095,0.10588235294117647,0.4093567251461988,61.0,9.0,76.0,25.0,0.8789238152502963,0.8859097127222983,0.13352675077783485,0.48494763020417864,0.06897534524538726,0.1763850505203446,0.708503481494626,1.0,0.19883040935672514,0.19883040935672514,0.6232558139534884,0.7767441860465116,0.9058823529411765,0.9294117647058824,0.8700269146072914,0.917331745086361,0.6606650446066504,0.8009592326139089,0.5511345727857013,0.7120120318110987,0.6775581406212563,0.8002177897838383,0.8981228409239923,0.9455199786010489,0.8751846785225718,0.9453761969904241,0.09995884359038466,0.14576231253397318,20262029,1,Europe,267,171,V1-V10_financial_only
PONE2016_h1_target_Europe,20260728,Balanced_logistic,cost_2,171,86,0.39680890077479075,"Same-horizon leave-one-region-out transfer; source regions=Asia,North America; target region=Europe; source-only fit/search/calibration; target labels untouched until final evaluation; V1-V10 financial ratios only.",Class-weighted logistic reference using the same source-only fit/search/calibration and untouched regional target.,Platt_logistic_on_separate_calibration_partition,0.8179752119303013,0.7790697674418605,0.8588235294117647,0.8481012658227848,0.8121212121212121,0.8333333333333334,0.7919621749408984,0.6397337567110021,0.7536329030534981,0.8189466484268126,0.1411764705882353,0.4619883040935672,67.0,12.0,73.0,19.0,0.8789238152502963,0.8859097127222983,0.13352675077783485,0.48494763020417864,0.06897534524538726,0.1763850505203446,0.708503481494626,2.0,0.29239766081871343,0.19455252918287938,0.7162790697674419,0.8104651162790698,0.8235294117647058,0.9058823529411765,0.8170731707317073,0.896098104793757,0.7432874080642045,0.8260179441861513,0.6030943984485126,0.7168185518026604,0.7286968969868882,0.8066489456910401,0.8558824766987339,0.927097027684427,0.8690971272229823,0.9206839945280437,0.10861207823745804,0.1405645022889486,20262029,1,Europe,267,171,V1-V10_financial_only
PONE2016_h1_target_Europe,20260728,Balanced_logistic,cost_5,171,86,0.12298160169267286,"Same-horizon leave-one-region-out transfer; source regions=Asia,North America; target region=Europe; source-only fit/search/calibration; target labels untouched until final evaluation; V1-V10 financial ratios only.",Class-weighted logistic reference using the same source-only fit/search/calibration and untouched regional target.,Platt_logistic_on_separate_calibration_partition,0.6488967802846215,0.9418604651162791,0.4470588235294118,0.6328125,0.7570093457943925,0.677257525083612,0.8580508474576272,0.44820733399595897,0.5736012191341155,0.6944596443228455,0.5529411764705883,0.7485380116959064,81.0,47.0,38.0,5.0,0.8789238152502963,0.8859097127222983,0.13352675077783485,0.48494763020417864,0.06897534524538726,0.1763850505203446,0.708503481494626,5.0,0.42105263157894735,0.13980582524271845,0.9209302325581395,0.9848837209302326,0.35764705882352943,0.5,0.6077922077922078,0.6587271817954489,0.8398611036771397,0.8778960938051847,0.4050309574919191,0.5095510172259434,0.5355214667462151,0.6238845260923931,0.8236042867004998,0.9114904452597489,0.8616005471956224,0.9094528043775649,0.12451913137630763,0.1559357142061249,20262029,1,Europe,267,171,V1-V10_financial_only
PONE2016_h1_target_Europe,20260728,Balanced_logistic,cost_10,171,86,0.12298160169267286,"Same-horizon leave-one-region-out transfer; source regions=Asia,North America; target region=Europe; source-only fit/search/calibration; target labels untouched until final evaluation; V1-V10 financial ratios only.",Class-weighted logistic reference using the same source-only fit/search/calibration and untouched regional target.,Platt_logistic_on_separate_calibration_partition,0.6488967802846215,0.9418604651162791,0.4470588235294118,0.6328125,0.7570093457943925,0.677257525083612,0.8580508474576272,0.44820733399595897,0.5736012191341155,0.6944596443228455,0.5529411764705883,0.7485380116959064,81.0,47.0,38.0,5.0,0.8789238152502963,0.8859097127222983,0.13352675077783485,0.48494763020417864,0.06897534524538726,0.1763850505203446,0.708503481494626,10.0,0.5672514619883041,0.10264550264550265,0.9220930232558139,0.9755813953488371,0.40588235294117647,0.5588235294117647,0.6109855769230769,0.6911933884297521,0.836864406779661,0.9013893665313982,0.38332356796311096,0.5887571046500198,0.5233128245917429,0.6846210772137922,0.8814201508444677,0.9441201854024798,0.8819151846785226,0.940547195622435,0.1014472105991076,0.13554575583402512,20262029,1,Europe,267,171,V1-V10_financial_only
PONE2016_h1_target_Europe,20260728,Balanced_logistic,cost_20,171,86,0.12298160169267286,"Same-horizon leave-one-region-out transfer; source regions=Asia,North America; target region=Europe; source-only fit/search/calibration; target labels untouched until final evaluation; V1-V10 financial ratios only.",Class-weighted logistic reference using the same source-only fit/search/calibration and untouched regional target.,Platt_logistic_on_separate_calibration_partition,0.6488967802846215,0.9418604651162791,0.4470588235294118,0.6328125,0.7570093457943925,0.677257525083612,0.8580508474576272,0.44820733399595897,0.5736012191341155,0.6944596443228455,0.5529411764705883,0.7485380116959064,81.0,47.0,38.0,5.0,0.8789238152502963,0.8859097127222983,0.13352675077783485,0.48494763020417864,0.06897534524538726,0.1763850505203446,0.708503481494626,20.0,0.8596491228070176,0.0814404432132964,0.9302325581395349,0.963953488372093,0.4035294117647059,0.5011764705882352,0.612610446594939,0.6592237903225806,0.8428204268633367,0.8758299595141701,0.3941917006600899,0.5105419195295235,0.5293722735220542,0.6248063281070464,0.8832902806377979,0.9555163645214182,0.8850341997264022,0.9397948016415868,0.09946780818647027,0.1331932421557127,20262029,1,Europe,267,171,V1-V10_financial_only
PONE2016_h1_target_North_America,20260728,HistGB,triad,171,86,0.6906479030893146,"Same-horizon leave-one-region-out transfer; source regions=Asia,Europe; target region=North America; source-only fit/search/calibration; target labels untouched until final evaluation; V1-V10 financial ratios only.",No metaheuristic; threshold and Platt calibration use calibration partition.,Platt_logistic_on_separate_calibration_partition,0.8179752119303013,0.7790697674418605,0.8588235294117647,0.8481012658227848,0.8121212121212121,0.8333333333333334,0.7919621749408984,0.6397337567110021,0.7536329030534981,0.8189466484268126,0.1411764705882353,0.4619883040935672,67.0,12.0,73.0,19.0,0.9192924561283295,0.9073871409028728,0.13800578931405347,0.4358467176219614,0.08524867383820418,-0.30199415503347077,1.0520519148822234,,,,0.7127906976744186,0.786046511627907,0.8035294117647059,0.8788235294117647,0.7858974358974359,0.8677322677322677,0.726303317535545,0.8011279845999707,0.5183092421583537,0.6674970296246474,0.6670399423907241,0.7725157524014181,0.8959358563803097,0.9290229273874986,0.8826949384404925,0.9211285909712721,0.12137586446984473,0.1611727586710194,20260728,1,North America,267,171,V1-V10_financial_only
PONE2016_h1_target_North_America,20260728,HistGB,cost_1,171,86,0.6834646257429122,"Same-horizon leave-one-region-out transfer; source regions=Asia,Europe; target region=North America; source-only fit/search/calibration; target labels untouched until final evaluation; V1-V10 financial ratios only.",No metaheuristic; threshold and Platt calibration use calibration partition.,Platt_logistic_on_separate_calibration_partition,0.8240568957552994,0.7906976744186046,0.8588235294117647,0.85,0.8192771084337349,0.8374384236453202,0.8018867924528302,0.6508581271053144,0.7617285661018269,0.8247606019151846,0.1411764705882353,0.4678362573099415,68.0,12.0,73.0,18.0,0.9192924561283295,0.9073871409028728,0.13800578931405347,0.4358467176219614,0.08524867383820418,-0.30199415503347077,1.0520519148822234,1.0,0.17543859649122806,0.17543859649122806,0.7558139534883721,0.8116279069767441,0.86,0.9505882352941176,0.8505263157894737,0.9431321732691595,0.7741797676008203,0.8339242481612796,0.632350652168095,0.7681390039912008,0.7473433591843928,0.8395501853914671,0.91117807297205,0.9535859200514263,0.8951778385772913,0.9417236662106703,0.10203071432908203,0.14832316120262695,20260728,1,North America,267,171,V1-V10_financial_only
PONE2016_h1_target_North_America,20260728,HistGB,cost_2,171,86,0.17872842155100468,"Same-horizon leave-one-region-out transfer; source regions=Asia,Europe; target region=North America; source-only fit/search/calibration; target labels untouched until final evaluation; V1-V10 financial ratios only.",No metaheuristic; threshold and Platt calibration use calibration partition.,Platt_logistic_on_separate_calibration_partition,0.6734154528172214,0.9883720930232558,0.4588235294117647,0.648854961832061,0.783410138248848,0.6967213114754098,0.8947368421052632,0.5281905034792509,0.6210390585506578,0.7235978112175102,0.5411764705882353,0.7660818713450293,85.0,46.0,39.0,1.0,0.9192924561283295,0.9073871409028728,0.13800578931405347,0.4358467176219614,0.08524867383820418,-0.30199415503347077,1.0520519148822234,2.0,0.2807017543859649,0.1867704280155642,0.9569767441860465,0.9988372093023256,0.4717647058823529,0.5176470588235295,0.6513631406761178,0.6746031746031746,0.8751487558600793,0.9051623740201568,0.5009695321826213,0.5745583140159121,0.6134527640123402,0.6649098697348395,0.897621563028235,0.9535339897352944,0.888454172366621,0.9486525307797538,0.09992294612778332,0.14764633732994384,20260728,1,North America,267,171,V1-V10_financial_only
PONE2016_h1_target_North_America,20260728,HistGB,cost_5,171,86,0.17872842155100468,"Same-horizon leave-one-region-out transfer; source regions=Asia,Europe; target region=North America; source-only fit/search/calibration; target labels untouched until final evaluation; V1-V10 financial ratios only.",No metaheuristic; threshold and Platt calibration use calibration partition.,Platt_logistic_on_separate_calibration_partition,0.6734154528172214,0.9883720930232558,0.4588235294117647,0.648854961832061,0.783410138248848,0.6967213114754098,0.8947368421052632,0.5281905034792509,0.6210390585506578,0.7235978112175102,0.5411764705882353,0.7660818713450293,85.0,46.0,39.0,1.0,0.9192924561283295,0.9073871409028728,0.13800578931405347,0.4358467176219614,0.08524867383820418,-0.30199415503347077,1.0520519148822234,5.0,0.2982456140350877,0.09902912621359224,0.977906976744186,1.0,0.38235294117647056,0.5670588235294117,0.6204708960104643,0.7003177023764138,0.8831445621726951,0.9209984187937655,0.483459530046748,0.6293025302573476,0.5690694367223967,0.7085979809861573,0.9215637590650967,0.9459392269352919,0.9120725034199726,0.9312722298221614,0.11533457482108674,0.13522022818368992,20260728,1,North America,267,171,V1-V10_financial_only
PONE2016_h1_target_North_America,20260728,HistGB,cost_10,171,86,0.17130180353029828,"Same-horizon leave-one-region-out transfer; source regions=Asia,Europe; target region=North America; source-only fit/search/calibration; target labels untouched until final evaluation; V1-V10 financial ratios only.",No metaheuristic; threshold and Platt calibration use calibration partition.,Platt_logistic_on_separate_calibration_partition,0.4338609156373123,1.0,0.18823529411764706,0.5548387096774193,0.7136929460580913,0.6090651558073654,0.8617234468937875,0.32317213324169025,0.39328886805333707,0.5941176470588235,0.8117647058823529,0.9064327485380117,86.0,69.0,16.0,0.0,0.9192924561283295,0.9073871409028728,0.13800578931405347,0.4358467176219614,0.08524867383820418,-0.30199415503347077,1.0520519148822234,10.0,0.40350877192982454,0.07301587301587302,1.0,1.0,0.15529411764705883,0.21176470588235294,0.5450016228497241,0.5620915032679739,0.8569163346613546,0.8651911468812877,0.29086272291866294,0.3450089011438866,0.3560767032454598,0.41804974202107886,0.9120441618688312,0.9419178541707031,0.8975102599179207,0.9312790697674419,0.11201772961987704,0.15865365021725736,20260728,1,North America,267,171,V1-V10_financial_only
PONE2016_h1_target_North_America,20260728,HistGB,cost_20,171,86,0.17130180353029828,"Same-horizon leave-one-region-out transfer; source regions=Asia,Europe; target region=North America; source-only fit/search/calibration; target labels untouched until final evaluation; V1-V10 financial ratios only.",No metaheuristic; threshold and Platt calibration use calibration partition.,Platt_logistic_on_separate_calibration_partition,0.4338609156373123,1.0,0.18823529411764706,0.5548387096774193,0.7136929460580913,0.6090651558073654,0.8617234468937875,0.32317213324169025,0.39328886805333707,0.5941176470588235,0.8117647058823529,0.9064327485380117,86.0,69.0,16.0,0.0,0.9192924561283295,0.9073871409028728,0.13800578931405347,0.4358467176219614,0.08524867383820418,-0.30199415503347077,1.0520519148822234,20.0,0.40350877192982454,0.03822714681440443,1.0,1.0,0.17882352941176471,0.24705882352941178,0.551998001998002,0.5733333333333334,0.8603453815261044,0.8704453441295547,0.31413479014129786,0.37636027795654714,0.3829361862427258,0.45303808884845587,0.8676193048732764,0.9351983356340923,0.8540492476060191,0.9221340629274967,0.12578233280948767,0.172641294170193,20260728,1,North America,267,171,V1-V10_financial_only
PONE2016_h1_target_North_America,20260728,KELM_PBMSBAINGO,triad,171,86,0.608131868717999,"Same-horizon leave-one-region-out transfer; source regions=Asia,Europe; target region=North America; source-only fit/search/calibration; target labels untouched until final evaluation; V1-V10 financial ratios only.",Plain KELM; hyperparameters/features selected only on search partition.,Platt_logistic_on_separate_calibration_partition,0.8355147008410309,0.7325581395348837,0.9529411764705882,0.9402985074626866,0.8235294117647058,0.8898305084745762,0.7664233576642335,0.7021204835611884,0.7884484036619644,0.8427496580027359,0.047058823529411764,0.391812865497076,63.0,4.0,81.0,23.0,0.9031499199043819,0.8945280437756498,0.12861561317003464,0.41588910905305065,0.08948688472458904,0.34818060562095837,1.303360427025846,,,,0.7,0.7651162790697674,0.9423529411764706,0.9752941176470588,0.9287220026350461,0.9687675070028011,0.7390004194882244,0.7983556266014715,0.6871217901020774,0.7542023683330805,0.7738537459993273,0.8248580915720948,0.884994556403119,0.9053235228786971,0.8752257181942544,0.9004993160054721,0.12858179239257717,0.13468156662501984,20260829,1,North America,267,171,V1-V10_financial_only
PONE2016_h1_target_North_America,20260728,KELM_PBMSBAINGO,cost_1,171,86,0.37840433748632485,"Same-horizon leave-one-region-out transfer; source regions=Asia,Europe; target region=North America; source-only fit/search/calibration; target labels untouched until final evaluation; V1-V10 financial ratios only.",Plain KELM; hyperparameters/features selected only on search partition.,Platt_logistic_on_separate_calibration_partition,0.8245547652372843,0.813953488372093,0.8352941176470589,0.8333333333333334,0.8235294117647058,0.8293838862559242,0.8177570093457944,0.6493364406102523,0.7614410084136578,0.8246238030095759,0.16470588235294117,0.49122807017543857,70.0,14.0,71.0,16.0,0.9031499199043819,0.8945280437756498,0.12861561317003464,0.41588910905305065,0.08948688472458904,0.34818060562095837,1.303360427025846,1.0,0.17543859649122806,0.17543859649122806,0.6988372093023256,0.8255813953488372,0.8141176470588235,0.8682352941176471,0.8180121703853955,0.8433218588640276,0.723271560940841,0.8275058275058275,0.5731466892041684,0.6612429319654111,0.7022708222948414,0.7696517668907406,0.8499482502693025,0.9279058463627293,0.8491108071135431,0.9073734610123119,0.12217993225241407,0.16313449587192974,20260829,1,North America,267,171,V1-V10_financial_only
PONE2016_h1_target_North_America,20260728,KELM_PBMSBAINGO,cost_2,171,86,0.37840433748632485,"Same-horizon leave-one-region-out transfer; source regions=Asia,Europe; target region=North America; source-only fit/search/calibration; target labels untouched until final evaluation; V1-V10 financial ratios only.",Plain KELM; hyperparameters/features selected only on search partition.,Platt_logistic_on_separate_calibration_partition,0.8245547652372843,0.813953488372093,0.8352941176470589,0.8333333333333334,0.8235294117647058,0.8293838862559242,0.8177570093457944,0.6493364406102523,0.7614410084136578,0.8246238030095759,0.16470588235294117,0.49122807017543857,70.0,14.0,71.0,16.0,0.9031499199043819,0.8945280437756498,0.12861561317003464,0.41588910905305065,0.08948688472458904,0.34818060562095837,1.303360427025846,2.0,0.26900584795321636,0.17898832684824903,0.7686046511627908,0.8348837209302326,0.768235294117647,0.8576470588235293,0.7795180722891566,0.8497058823529412,0.7745597852503203,0.8358899165350778,0.568852652024863,0.6809271259800254,0.7045473159640353,0.7834134039022439,0.9015968929180146,0.9195903871689538,0.8907934336525308,0.9084268125854993,0.1243429209014482,0.1368387902955715,20260829,1,North America,267,171,V1-V10_financial_only
PONE2016_h1_target_North_America,20260728,KELM_PBMSBAINGO,cost_5,171,86,0.2628739615907794,"Same-horizon leave-one-region-out transfer; source regions=Asia,Europe; target region=North America; source-only fit/search/calibration; target labels untouched until final evaluation; V1-V10 financial ratios only.",Plain KELM; hyperparameters/features selected only on search partition.,Platt_logistic_on_separate_calibration_partition,0.7596168664910812,0.8604651162790697,0.6705882352941176,0.7254901960784313,0.7872340425531915,0.7489878542510121,0.8295964125560538,0.5412179741467535,0.6784540978236216,0.7655266757865937,0.32941176470588235,0.5964912280701754,74.0,28.0,57.0,12.0,0.9031499199043819,0.8945280437756498,0.12861561317003464,0.41588910905305065,0.08948688472458904,0.34818060562095837,1.303360427025846,5.0,0.5146198830409356,0.170873786407767,0.805813953488372,0.8930232558139535,0.6588235294117647,0.6941176470588235,0.7063149788217173,0.7371657754010695,0.7839366515837104,0.8540807174887892,0.47324378686042745,0.5702376378129631,0.6320643668816514,0.6956627862220147,0.827432511114517,0.9521341967216649,0.8455198358413133,0.9393570451436387,0.09973158547881787,0.16509803331681033,20260829,1,North America,267,171,V1-V10_financial_only
PONE2016_h1_target_North_America,20260728,KELM_PBMSBAINGO,cost_10,171,86,0.056086752020075833,"Same-horizon leave-one-region-out transfer; source regions=Asia,Europe; target region=North America; source-only fit/search/calibration; target labels untouched until final evaluation; V1-V10 financial ratios only.",Plain KELM; hyperparameters/features selected only on search partition.,Platt_logistic_on_separate_calibration_partition,0.0,1.0,0.0,0.5029239766081871,0.669260700389105,0.5584415584415584,0.8349514563106796,0.0,0.0,0.5,1.0,1.0,86.0,85.0,0.0,0.0,0.9031499199043819,0.8945280437756498,0.12861561317003464,0.41588910905305065,0.08948688472458904,0.34818060562095837,1.303360427025846,10.0,0.49707602339181284,0.08994708994708994,1.0,1.0,0.0,0.0,0.5029239766081871,0.5029239766081871,0.8349514563106796,0.8349514563106796,0.0,0.0,0.0,0.0,0.8931948567669892,0.9340721207146746,0.8906976744186047,0.9136935704514364,0.12253520349655798,0.13485031468528189,20260829,1,North America,267,171,V1-V10_financial_only
PONE2016_h1_target_North_America,20260728,KELM_PBMSBAINGO,cost_20,171,86,0.056086752020075833,"Same-horizon leave-one-region-out transfer; source regions=Asia,Europe; target region=North America; source-only fit/search/calibration; target labels untouched until final evaluation; V1-V10 financial ratios only.",Plain KELM; hyperparameters/features selected only on search partition.,Platt_logistic_on_separate_calibration_partition,0.0,1.0,0.0,0.5029239766081871,0.669260700389105,0.5584415584415584,0.8349514563106796,0.0,0.0,0.5,1.0,1.0,86.0,85.0,0.0,0.0,0.9031499199043819,0.8945280437756498,0.12861561317003464,0.41588910905305065,0.08948688472458904,0.34818060562095837,1.303360427025846,20.0,0.49707602339181284,0.04709141274238227,1.0,1.0,0.0,0.0,0.5029239766081871,0.5029239766081871,0.8349514563106796,0.8349514563106796,0.0,0.0,0.0,0.0,0.8603447330749018,0.9425197345617791,0.8412859097127222,0.9306634746922025,0.10749599026960098,0.15233975436428898,20260829,1,North America,267,171,V1-V10_financial_only
PONE2016_h1_target_North_America,20260728,KELM_score_fusion,triad,171,86,0.6779843615894503,"Same-horizon leave-one-region-out transfer; source regions=Asia,Europe; target region=North America; source-only fit/search/calibration; target labels untouched until final evaluation; V1-V10 financial ratios only.",Plain KELM plus HistGB score-level fusion; alpha=0.20 selected only on search partition.,Platt_logistic_on_separate_calibration_partition,0.8240568957552994,0.7906976744186046,0.8588235294117647,0.85,0.8192771084337349,0.8374384236453202,0.8018867924528302,0.6508581271053144,0.7617285661018269,0.8247606019151846,0.1411764705882353,0.4678362573099415,68.0,12.0,73.0,18.0,0.9262354517386805,0.9095759233926128,0.13550027031087966,0.427006349904778,0.11398703095384657,-0.2857219374110138,1.0373767334311814,,,,0.8023255813953488,0.8372093023255814,0.86,0.9058823529411765,0.8545426829268292,0.9,0.8138716044426602,0.8490566037735849,0.6734268075429947,0.7446211765872089,0.777893171301163,0.8265714665665151,0.9303791996649613,0.950782335193882,0.9218262653898769,0.9436593707250343,0.11030616013875533,0.12479055735253343,20260831,1,North America,267,171,V1-V10_financial_only
PONE2016_h1_target_North_America,20260728,KELM_score_fusion,cost_1,171,86,0.6691727056361952,"Same-horizon leave-one-region-out transfer; source regions=Asia,Europe; target region=North America; source-only fit/search/calibration; target labels untouched until final evaluation; V1-V10 financial ratios only.",Plain KELM plus HistGB score-level fusion; alpha=0.20 selected only on search partition.,Platt_logistic_on_separate_calibration_partition,0.8183932073645682,0.7906976744186046,0.8470588235294118,0.8395061728395061,0.8143712574850299,0.8292682926829268,0.8,0.6386307361897502,0.7534560935577185,0.8188782489740082,0.15294117647058825,0.47368421052631576,68.0,13.0,72.0,18.0,0.9262354517386805,0.9095759233926128,0.13550027031087966,0.427006349904778,0.11398703095384657,-0.2857219374110138,1.0373767334311814,1.0,0.18128654970760233,0.18128654970760233,0.7325581395348837,0.9162790697674418,0.7623529411764706,0.9341176470588235,0.7957660239708182,0.9199177438307873,0.7503588516746411,0.8891774432902269,0.5857632009726589,0.6980998794903511,0.7143120001856681,0.7878131992037546,0.9069103941005512,0.962120597812863,0.8769493844049248,0.9532763337893297,0.12113473014726504,0.146631269968168,20260831,1,North America,267,171,V1-V10_financial_only
PONE2016_h1_target_North_America,20260728,KELM_score_fusion,cost_2,171,86,0.6691727056361952,"Same-horizon leave-one-region-out transfer; source regions=Asia,Europe; target region=North America; source-only fit/search/calibration; target labels untouched until final evaluation; V1-V10 financial ratios only.",Plain KELM plus HistGB score-level fusion; alpha=0.20 selected only on search partition.,Platt_logistic_on_separate_calibration_partition,0.8183932073645682,0.7906976744186046,0.8470588235294118,0.8395061728395061,0.8143712574850299,0.8292682926829268,0.8,0.6386307361897502,0.7534560935577185,0.8188782489740082,0.15294117647058825,0.47368421052631576,68.0,13.0,72.0,18.0,0.9262354517386805,0.9095759233926128,0.13550027031087966,0.427006349904778,0.11398703095384657,-0.2857219374110138,1.0373767334311814,2.0,0.28654970760233917,0.19066147859922178,0.7220930232558139,0.8104651162790698,0.8047058823529412,0.9141176470588235,0.7892238507661559,0.9051948051948051,0.7345744680851063,0.827790973871734,0.528511740432291,0.7281777384769871,0.6746282587933412,0.8140356018420165,0.8974500432612338,0.9505512351101107,0.8753898768809849,0.9399726402188783,0.10898991793166649,0.16962821223403815,20260831,1,North America,267,171,V1-V10_financial_only
PONE2016_h1_target_North_America,20260728,KELM_score_fusion,cost_5,171,86,0.16365022959045156,"Same-horizon leave-one-region-out transfer; source regions=Asia,Europe; target region=North America; source-only fit/search/calibration; target labels untouched until final evaluation; V1-V10 financial ratios only.",Plain KELM plus HistGB score-level fusion; alpha=0.20 selected only on search partition.,Platt_logistic_on_separate_calibration_partition,0.5498414147691577,0.9883720930232558,0.3058823529411765,0.5902777777777778,0.7391304347826086,0.6419939577039275,0.8709016393442623,0.40347682418153685,0.4959423133708597,0.6471272229822161,0.6941176470588235,0.8421052631578947,85.0,59.0,26.0,1.0,0.9262354517386805,0.9095759233926128,0.13550027031087966,0.427006349904778,0.11398703095384657,-0.2857219374110138,1.0373767334311814,5.0,0.3742690058479532,0.12427184466019417,0.9558139534883721,0.9988372093023256,0.24941176470588236,0.41058823529411764,0.5695469798657717,0.6316176470588235,0.8423544375353307,0.8947916666666667,0.31168259798459685,0.5073761415138249,0.4307316334158904,0.5925659062977866,0.9147674887756813,0.9414878094006408,0.8926333789329686,0.9272640218878249,0.11899748601678695,0.14820840576516955,20260831,1,North America,267,171,V1-V10_financial_only
PONE2016_h1_target_North_America,20260728,KELM_score_fusion,cost_10,171,86,0.15678999436890892,"Same-horizon leave-one-region-out transfer; source regions=Asia,Europe; target region=North America; source-only fit/search/calibration; target labels untouched until final evaluation; V1-V10 financial ratios only.",Plain KELM plus HistGB score-level fusion; alpha=0.20 selected only on search partition.,Platt_logistic_on_separate_calibration_partition,0.3429971702850177,1.0,0.11764705882352941,0.5341614906832298,0.6963562753036437,0.589041095890411,0.8514851485148515,0.25068412058938655,0.3089602678989114,0.5588235294117647,0.8823529411764706,0.9415204678362573,86.0,75.0,10.0,0.0,0.9262354517386805,0.9095759233926128,0.13550027031087966,0.427006349904778,0.11398703095384657,-0.2857219374110138,1.0373767334311814,10.0,0.43859649122807015,0.07936507936507936,1.0,1.0,0.08470588235294117,0.20823529411764705,0.5250376392652816,0.5610105580693816,0.8467912607761975,0.8646720321931589,0.21073764833903594,0.3416985653486028,0.26121079558948523,0.4142840058391528,0.8960917612180423,0.9579532654782423,0.870608755129959,0.9467989056087551,0.1027746432055694,0.16744511436165588,20260831,1,North America,267,171,V1-V10_financial_only
PONE2016_h1_target_North_America,20260728,KELM_score_fusion,cost_20,171,86,0.15678999436890892,"Same-horizon leave-one-region-out transfer; source regions=Asia,Europe; target region=North America; source-only fit/search/calibration; target labels untouched until final evaluation; V1-V10 financial ratios only.",Plain KELM plus HistGB score-level fusion; alpha=0.20 selected only on search partition.,Platt_logistic_on_separate_calibration_partition,0.3429971702850177,1.0,0.11764705882352941,0.5341614906832298,0.6963562753036437,0.589041095890411,0.8514851485148515,0.25068412058938655,0.3089602678989114,0.5588235294117647,0.8823529411764706,0.9415204678362573,86.0,75.0,10.0,0.0,0.9262354517386805,0.9095759233926128,0.13550027031087966,0.427006349904778,0.11398703095384657,-0.2857219374110138,1.0373767334311814,20.0,0.43859649122807015,0.04155124653739612,1.0,1.0,0.05411764705882353,0.18352941176470589,0.5168892029605385,0.5534428890241428,0.8424870667105849,0.8610381797392,0.16517354040325086,0.3184881608501283,0.2056901011220508,0.38787546749913415,0.9170171367538353,0.9286231267473456,0.8949384404924761,0.9040834473324214,0.1258757557645661,0.15003187344863386,20260831,1,North America,267,171,V1-V10_financial_only
PONE2016_h1_target_North_America,20260728,KELM_risk_feature,triad,171,86,0.6323384859497887,"Same-horizon leave-one-region-out transfer; source regions=Asia,Europe; target region=North America; source-only fit/search/calibration; target labels untouched until final evaluation; V1-V10 financial ratios only.",OOF HistGB risk is a forced KELM input; no score-level fusion.,Platt_logistic_on_separate_calibration_partition,0.802867637427524,0.7209302325581395,0.8941176470588236,0.8732394366197183,0.7898089171974523,0.8378378378378378,0.7469879518072289,0.6240773772400326,0.7382023921245451,0.8075239398084815,0.10588235294117647,0.4152046783625731,62.0,9.0,76.0,24.0,0.9060073764566418,0.9043775649794801,0.12719475759478654,0.39314768957459906,0.06978513440123159,-0.028344072200805412,1.1261432960098858,,,,0.7348837209302326,0.8011627906976744,0.8388235294117647,0.9258823529411765,0.8218899521531101,0.9154885654885655,0.7507776269652755,0.8171217034399872,0.5766320873529317,0.7239430881004129,0.708343902958649,0.8096377977253382,0.8967805899765905,0.9274807803325761,0.8822093023255814,0.9241450068399453,0.11468446687340585,0.14379913283837928,20260939,1,North America,267,171,V1-V10_financial_only
PONE2016_h1_target_North_America,20260728,KELM_risk_feature,cost_1,171,86,0.6242878316417925,"Same-horizon leave-one-region-out transfer; source regions=Asia,Europe; target region=North America; source-only fit/search/calibration; target labels untouched until final evaluation; V1-V10 financial ratios only.",OOF HistGB risk is a forced KELM input; no score-level fusion.,Platt_logistic_on_separate_calibration_partition,0.8103300234608272,0.7441860465116279,0.8823529411764706,0.8648648648648649,0.8,0.837696335078534,0.7655502392344498,0.6322736202356122,0.7460071231826384,0.8132694938440492,0.11764705882352941,0.4327485380116959,64.0,10.0,75.0,22.0,0.9060073764566418,0.9043775649794801,0.12719475759478654,0.39314768957459906,0.06978513440123159,-0.028344072200805412,1.1261432960098858,1.0,0.1871345029239766,0.1871345029239766,0.7,0.7779069767441861,0.8505882352941176,0.9058823529411765,0.8330656185919344,0.8912741312741312,0.7302190328783829,0.7950993874234279,0.5865565433136282,0.6780087905988943,0.7144068950305298,0.777953275217809,0.8933198892844642,0.9288714002507311,0.8877359781121751,0.9288782489740083,0.11134346712714314,0.1400565973950724,20260939,1,North America,267,171,V1-V10_financial_only
PONE2016_h1_target_North_America,20260728,KELM_risk_feature,cost_2,171,86,0.47769600381267513,"Same-horizon leave-one-region-out transfer; source regions=Asia,Europe; target region=North America; source-only fit/search/calibration; target labels untouched until final evaluation; V1-V10 financial ratios only.",OOF HistGB risk is a forced KELM input; no score-level fusion.,Platt_logistic_on_separate_calibration_partition,0.8183932073645682,0.8372093023255814,0.8,0.8089887640449438,0.8228571428571428,0.8144796380090498,0.8314087759815243,0.6377329643525929,0.7531028644582016,0.8186046511627907,0.2,0.52046783625731,72.0,17.0,68.0,14.0,0.9060073764566418,0.9043775649794801,0.12719475759478654,0.39314768957459906,0.06978513440123159,-0.028344072200805412,1.1261432960098858,2.0,0.2631578947368421,0.17509727626459143,0.7941860465116278,0.8895348837209303,0.8,0.8458823529411764,0.8089887640449438,0.8529268292682927,0.8006764484820758,0.881527974372346,0.627598942671776,0.7328561159915864,0.7459680198878454,0.8188297432486157,0.8998410623454692,0.9447383169152861,0.8916963064295486,0.941703146374829,0.09889227361887419,0.1373790822253556,20260939,1,North America,267,171,V1-V10_financial_only
PONE2016_h1_target_North_America,20260728,KELM_risk_feature,cost_5,171,86,0.243509264015235,"Same-horizon leave-one-region-out transfer; source regions=Asia,Europe; target region=North America; source-only fit/search/calibration; target labels untouched until final evaluation; V1-V10 financial ratios only.",OOF HistGB risk is a forced KELM input; no score-level fusion.,Platt_logistic_on_separate_calibration_partition,0.7663404607473011,0.9418604651162791,0.6235294117647059,0.7168141592920354,0.8140703517587939,0.7527881040892194,0.8862144420131292,0.5971088365122388,0.7051784034317732,0.7826949384404924,0.3764705882352941,0.6608187134502924,81.0,32.0,53.0,5.0,0.9060073764566418,0.9043775649794801,0.12719475759478654,0.39314768957459906,0.06978513440123159,-0.028344072200805412,1.1261432960098858,5.0,0.3333333333333333,0.11067961165048544,0.9197674418604651,0.9872093023255814,0.5929411764705883,0.6788235294117647,0.704869029275809,0.75671992481203,0.8709517354891804,0.9305188462422431,0.5795679149766775,0.7010710198349682,0.6963162656659629,0.7773795545483253,0.8728433788795547,0.9335777154477264,0.8767510259917921,0.9385499316005471,0.09950716771695134,0.13911108194549146,20260939,1,North America,267,171,V1-V10_financial_only
PONE2016_h1_target_North_America,20260728,KELM_risk_feature,cost_10,171,86,0.243509264015235,"Same-horizon leave-one-region-out transfer; source regions=Asia,Europe; target region=North America; source-only fit/search/calibration; target labels untouched until final evaluation; V1-V10 financial ratios only.",OOF HistGB risk is a forced KELM input; no score-level fusion.,Platt_logistic_on_separate_calibration_partition,0.7663404607473011,0.9418604651162791,0.6235294117647059,0.7168141592920354,0.8140703517587939,0.7527881040892194,0.8862144420131292,0.5971088365122388,0.7051784034317732,0.7826949384404924,0.3764705882352941,0.6608187134502924,81.0,32.0,53.0,5.0,0.9060073764566418,0.9043775649794801,0.12719475759478654,0.39314768957459906,0.06978513440123159,-0.028344072200805412,1.1261432960098858,10.0,0.47953216374269003,0.08677248677248678,0.9093023255813953,0.9755813953488371,0.5447058823529412,0.6788235294117647,0.6689655172413793,0.7527751196172249,0.8483448080731868,0.9167372025469865,0.4880860888382895,0.6743808844337718,0.6229105904673967,0.7619175826872748,0.8687635344549637,0.9221898738894514,0.8561696306429548,0.9190013679890561,0.11693232183880685,0.1596166760610709,20260939,1,North America,267,171,V1-V10_financial_only
PONE2016_h1_target_North_America,20260728,KELM_risk_feature,cost_20,171,86,0.03233997034554432,"Same-horizon leave-one-region-out transfer; source regions=Asia,Europe; target region=North America; source-only fit/search/calibration; target labels untouched until final evaluation; V1-V10 financial ratios only.",OOF HistGB risk is a forced KELM input; no score-level fusion.,Platt_logistic_on_separate_calibration_partition,0.18786728732554484,1.0,0.03529411764705882,0.5119047619047619,0.6771653543307087,0.5672823218997362,0.83984375,0.1344143849844811,0.16802840030425026,0.5176470588235295,0.9647058823529412,0.9824561403508771,86.0,82.0,3.0,0.0,0.9060073764566418,0.9043775649794801,0.12719475759478654,0.39314768957459906,0.06978513440123159,-0.028344072200805412,1.1261432960098858,20.0,0.47953216374269003,0.04542936288088643,1.0,1.0,0.0035294117647058825,0.05647058823529411,0.5038220551378446,0.51745553643144,0.8354406856796116,0.8428079044117647,0.013441438498448111,0.1705548396973475,0.016802840030425027,0.21242427603321395,0.8886422135133487,0.940954803720121,0.8864979480164158,0.9334952120383037,0.10765468046151486,0.13951234866285706,20260939,1,North America,267,171,V1-V10_financial_only
PONE2016_h1_target_North_America,20260728,Full_PBMSBAINGO,triad,171,86,0.6833572675763407,"Same-horizon leave-one-region-out transfer; source regions=Asia,Europe; target region=North America; source-only fit/search/calibration; target labels untouched until final evaluation; V1-V10 financial ratios only.",Risk feature plus score fusion; alpha=0.50 selected only on search partition.,Platt_logistic_on_separate_calibration_partition,0.811847970511094,0.7674418604651163,0.8588235294117647,0.8461538461538461,0.8048780487804879,0.8291457286432161,0.7819905213270142,0.6286780888114203,0.7455199123180013,0.8131326949384405,0.1411764705882353,0.45614035087719296,66.0,12.0,73.0,20.0,0.9125920697883125,0.8975376196990424,0.13559956655335145,0.42770622173243517,0.07522435308389669,-0.21984245650276052,1.085238633266609,,,,0.7325581395348837,0.7895348837209302,0.8023529411764706,0.8470588235294118,0.8017073170731708,0.8309466848940533,0.75,0.7919252109392955,0.5832183457770248,0.6022027883032391,0.7126270147994695,0.7279109441643272,0.8841036604157029,0.9230023480029831,0.869658002735978,0.9045759233926128,0.13653497520837585,0.15422291615156555,20261035,1,North America,267,171,V1-V10_financial_only
PONE2016_h1_target_North_America,20260728,Full_PBMSBAINGO,cost_1,171,86,0.6728373562342871,"Same-horizon leave-one-region-out transfer; source regions=Asia,Europe; target region=North America; source-only fit/search/calibration; target labels untouched until final evaluation; V1-V10 financial ratios only.",Risk feature plus score fusion; alpha=0.50 selected only on search partition.,Platt_logistic_on_separate_calibration_partition,0.8123533225491447,0.7790697674418605,0.8470588235294118,0.8375,0.8072289156626506,0.8251231527093597,0.7900943396226415,0.6274173647348408,0.7453303717510887,0.8130642954856362,0.15294117647058825,0.4678362573099415,67.0,13.0,72.0,19.0,0.9125920697883125,0.8975376196990424,0.13559956655335145,0.42770622173243517,0.07522435308389669,-0.21984245650276052,1.085238633266609,1.0,0.1871345029239766,0.1871345029239766,0.7267441860465116,0.8372093023255814,0.7870588235294118,0.9141176470588235,0.7759018759018759,0.9080580426057425,0.7360430347911135,0.8504644890620318,0.5147448250847168,0.753346214587058,0.6649839059114971,0.8322773822396583,0.8900959052499579,0.9524852249006683,0.8863679890560875,0.9428659370725034,0.10411190801350273,0.15397688411255692,20261035,1,North America,267,171,V1-V10_financial_only
PONE2016_h1_target_North_America,20260728,Full_PBMSBAINGO,cost_2,171,86,0.6728373562342871,"Same-horizon leave-one-region-out transfer; source regions=Asia,Europe; target region=North America; source-only fit/search/calibration; target labels untouched until final evaluation; V1-V10 financial ratios only.",Risk feature plus score fusion; alpha=0.50 selected only on search partition.,Platt_logistic_on_separate_calibration_partition,0.8123533225491447,0.7790697674418605,0.8470588235294118,0.8375,0.8072289156626506,0.8251231527093597,0.7900943396226415,0.6274173647348408,0.7453303717510887,0.8130642954856362,0.15294117647058825,0.4678362573099415,67.0,13.0,72.0,19.0,0.9125920697883125,0.8975376196990424,0.13559956655335145,0.42770622173243517,0.07522435308389669,-0.21984245650276052,1.085238633266609,2.0,0.2982456140350877,0.19844357976653695,0.7616279069767442,0.836046511627907,0.8129411764705883,0.9270588235294118,0.804780361757106,0.9188207861425716,0.7707934336525307,0.8390400791687284,0.5764321085977006,0.7465430780129615,0.7096127795240361,0.8262686791734088,0.8850608158183303,0.9474379194987561,0.8674897400820794,0.9410943912448699,0.10066141375881538,0.14721221274888002,20261035,1,North America,267,171,V1-V10_financial_only
PONE2016_h1_target_North_America,20260728,Full_PBMSBAINGO,cost_5,171,86,0.1688341342985339,"Same-horizon leave-one-region-out transfer; source regions=Asia,Europe; target region=North America; source-only fit/search/calibration; target labels untouched until final evaluation; V1-V10 financial ratios only.",Risk feature plus score fusion; alpha=0.50 selected only on search partition.,Platt_logistic_on_separate_calibration_partition,0.57382485638065,0.9651162790697675,0.3411764705882353,0.5971223021582733,0.7377777777777778,0.6464174454828661,0.8592132505175983,0.3926567031514126,0.5056584196824224,0.6531463748290014,0.6588235294117647,0.8128654970760234,83.0,56.0,29.0,3.0,0.9125920697883125,0.8975376196990424,0.13559956655335145,0.42770622173243517,0.07522435308389669,-0.21984245650276052,1.085238633266609,5.0,0.4152046783625731,0.1378640776699029,0.9534883720930233,0.9767441860465116,0.20705882352941177,0.3411764705882353,0.5489444444444445,0.5994202898550725,0.8309799561956593,0.8672340353318513,0.2411616737885161,0.409530657740968,0.362099462843707,0.5140440446715797,0.9128829673692236,0.929833259678433,0.8833242134062927,0.9127359781121751,0.12742598901939084,0.14053783241260231,20261035,1,North America,267,171,V1-V10_financial_only
PONE2016_h1_target_North_America,20260728,Full_PBMSBAINGO,cost_10,171,86,0.1688341342985339,"Same-horizon leave-one-region-out transfer; source regions=Asia,Europe; target region=North America; source-only fit/search/calibration; target labels untouched until final evaluation; V1-V10 financial ratios only.",Risk feature plus score fusion; alpha=0.50 selected only on search partition.,Platt_logistic_on_separate_calibration_partition,0.57382485638065,0.9651162790697675,0.3411764705882353,0.5971223021582733,0.7377777777777778,0.6464174454828661,0.8592132505175983,0.3926567031514126,0.5056584196824224,0.6531463748290014,0.6588235294117647,0.8128654970760234,83.0,56.0,29.0,3.0,0.9125920697883125,0.8975376196990424,0.13559956655335145,0.42770622173243517,0.07522435308389669,-0.21984245650276052,1.085238633266609,10.0,0.5029239766081871,0.091005291005291,0.9534883720930233,0.9651162790697675,0.32235294117647056,0.40823529411764703,0.587436974789916,0.6226835471030517,0.8478133608815427,0.8694772012578615,0.3561279062451958,0.4502628192308236,0.4782731380523959,0.561855393624171,0.8978601363122616,0.923414026523934,0.881860465116279,0.9083926128590971,0.11730692134407855,0.1510407811541354,20261035,1,North America,267,171,V1-V10_financial_only
PONE2016_h1_target_North_America,20260728,Full_PBMSBAINGO,cost_20,171,86,0.1377165515188363,"Same-horizon leave-one-region-out transfer; source regions=Asia,Europe; target region=North America; source-only fit/search/calibration; target labels untouched until final evaluation; V1-V10 financial ratios only.",Risk feature plus score fusion; alpha=0.50 selected only on search partition.,Platt_logistic_on_separate_calibration_partition,0.1533929977694741,1.0,0.023529411764705882,0.5088757396449705,0.6745098039215687,0.5643044619422573,0.8382066276803118,0.1094237031688097,0.13705897914633877,0.5117647058823529,0.9764705882352941,0.9883040935672515,86.0,83.0,2.0,0.0,0.9125920697883125,0.8975376196990424,0.13559956655335145,0.42770622173243517,0.07522435308389669,-0.21984245650276052,1.085238633266609,20.0,0.4853801169590643,0.04598337950138504,1.0,1.0,0.011764705882352941,0.022352941176470586,0.5058823529411764,0.508576400974591,0.8365758754863813,0.8380435524609188,0.07714633558002354,0.10619596640993108,0.0968200848233264,0.13303508971403752,0.8866305494660787,0.9352443852387596,0.857517099863201,0.9280574555403558,0.10904448904158408,0.1616055451002178,20261035,1,North America,267,171,V1-V10_financial_only
PONE2016_h1_target_North_America,20260728,Uncertainty_gated_fusion,triad,171,86,0.6833572675763407,"Same-horizon leave-one-region-out transfer; source regions=Asia,Europe; target region=North America; source-only fit/search/calibration; target labels untouched until final evaluation; V1-V10 financial ratios only.","One-standard-error paired-bootstrap gate selected Full_PBMSBAINGO; search utility difference=0.0041, required margin=0.0038.",Platt_logistic_on_separate_calibration_partition,0.811847970511094,0.7674418604651163,0.8588235294117647,0.8461538461538461,0.8048780487804879,0.8291457286432161,0.7819905213270142,0.6286780888114203,0.7455199123180013,0.8131326949384405,0.1411764705882353,0.45614035087719296,66.0,12.0,73.0,20.0,0.9125920697883125,0.8975376196990424,0.13559956655335145,0.42770622173243517,0.07522435308389669,-0.21984245650276052,1.085238633266609,,,,0.7232558139534884,0.8232558139534883,0.7905882352941176,0.8788235294117647,0.7871428571428571,0.8591463414634146,0.7461447750362845,0.8257411602482024,0.5558873753525149,0.6597797689479543,0.6953599917199536,0.7687561044883688,0.8795982515886622,0.9234427150528003,0.8564911080711355,0.9144596443228455,0.12691578984602178,0.16319593539655686,20261081,1,North America,267,171,V1-V10_financial_only
PONE2016_h1_target_North_America,20260728,Uncertainty_gated_fusion,cost_1,171,86,0.6728373562342871,"Same-horizon leave-one-region-out transfer; source regions=Asia,Europe; target region=North America; source-only fit/search/calibration; target labels untouched until final evaluation; V1-V10 financial ratios only.","One-standard-error paired-bootstrap gate selected Full_PBMSBAINGO; search utility difference=0.0041, required margin=0.0038.",Platt_logistic_on_separate_calibration_partition,0.8123533225491447,0.7790697674418605,0.8470588235294118,0.8375,0.8072289156626506,0.8251231527093597,0.7900943396226415,0.6274173647348408,0.7453303717510887,0.8130642954856362,0.15294117647058825,0.4678362573099415,67.0,13.0,72.0,19.0,0.9125920697883125,0.8975376196990424,0.13559956655335145,0.42770622173243517,0.07522435308389669,-0.21984245650276052,1.085238633266609,1.0,0.1871345029239766,0.1871345029239766,0.7348837209302326,0.8372093023255814,0.7917647058823529,0.8929411764705882,0.80125,0.8854969879518072,0.75650705850414,0.8425086164994919,0.5846401855137638,0.7198711922295026,0.7148269815862465,0.8096290840678871,0.8979633229815506,0.9344149647217633,0.8847469220246239,0.9207729138166895,0.11245598503159655,0.15113720196240604,20261081,1,North America,267,171,V1-V10_financial_only
PONE2016_h1_target_North_America,20260728,Uncertainty_gated_fusion,cost_2,171,86,0.6728373562342871,"Same-horizon leave-one-region-out transfer; source regions=Asia,Europe; target region=North America; source-only fit/search/calibration; target labels untouched until final evaluation; V1-V10 financial ratios only.","One-standard-error paired-bootstrap gate selected Full_PBMSBAINGO; search utility difference=0.0041, required margin=0.0038.",Platt_logistic_on_separate_calibration_partition,0.8123533225491447,0.7790697674418605,0.8470588235294118,0.8375,0.8072289156626506,0.8251231527093597,0.7900943396226415,0.6274173647348408,0.7453303717510887,0.8130642954856362,0.15294117647058825,0.4678362573099415,67.0,13.0,72.0,19.0,0.9125920697883125,0.8975376196990424,0.13559956655335145,0.42770622173243517,0.07522435308389669,-0.21984245650276052,1.085238633266609,2.0,0.2982456140350877,0.19844357976653695,0.7011627906976744,0.7999999999999999,0.8129411764705883,0.891764705882353,0.8002469135802469,0.8733974358974359,0.7201125619607123,0.8082571256925439,0.5294888108655401,0.6519365471793218,0.6740381799265515,0.7618928896088414,0.8770344593074941,0.9246954836733648,0.837906976744186,0.9113953488372094,0.12425064717265091,0.16731759131718052,20261081,1,North America,267,171,V1-V10_financial_only
PONE2016_h1_target_North_America,20260728,Uncertainty_gated_fusion,cost_5,171,86,0.1688341342985339,"Same-horizon leave-one-region-out transfer; source regions=Asia,Europe; target region=North America; source-only fit/search/calibration; target labels untouched until final evaluation; V1-V10 financial ratios only.","One-standard-error paired-bootstrap gate selected Full_PBMSBAINGO; search utility difference=0.0041, required margin=0.0038.",Platt_logistic_on_separate_calibration_partition,0.57382485638065,0.9651162790697675,0.3411764705882353,0.5971223021582733,0.7377777777777778,0.6464174454828661,0.8592132505175983,0.3926567031514126,0.5056584196824224,0.6531463748290014,0.6588235294117647,0.8128654970760234,83.0,56.0,29.0,3.0,0.9125920697883125,0.8975376196990424,0.13559956655335145,0.42770622173243517,0.07522435308389669,-0.21984245650276052,1.085238633266609,5.0,0.4152046783625731,0.1378640776699029,0.9558139534883721,0.9872093023255814,0.36470588235294116,0.4541176470588235,0.6035166240409207,0.6445014245014246,0.8558869294605809,0.8871462170661452,0.39814725602463297,0.50815890989971,0.5177125883757904,0.6087555694723458,0.9038947642107579,0.9389587856478665,0.888515731874145,0.9299521203830369,0.11964902164042568,0.1453731697160169,20261081,1,North America,267,171,V1-V10_financial_only
PONE2016_h1_target_North_America,20260728,Uncertainty_gated_fusion,cost_10,171,86,0.1688341342985339,"Same-horizon leave-one-region-out transfer; source regions=Asia,Europe; target region=North America; source-only fit/search/calibration; target labels untouched until final evaluation; V1-V10 financial ratios only.","One-standard-error paired-bootstrap gate selected Full_PBMSBAINGO; search utility difference=0.0041, required margin=0.0038.",Platt_logistic_on_separate_calibration_partition,0.57382485638065,0.9651162790697675,0.3411764705882353,0.5971223021582733,0.7377777777777778,0.6464174454828661,0.8592132505175983,0.3926567031514126,0.5056584196824224,0.6531463748290014,0.6588235294117647,0.8128654970760234,83.0,56.0,29.0,3.0,0.9125920697883125,0.8975376196990424,0.13559956655335145,0.42770622173243517,0.07522435308389669,-0.21984245650276052,1.085238633266609,10.0,0.5029239766081871,0.091005291005291,0.9430232558139535,0.9976744186046511,0.2952941176470588,0.38823529411764707,0.5836956521739131,0.6170763827919228,0.8419981249674473,0.8789110429447853,0.34646156516504073,0.4496606686101582,0.4742122837572845,0.5535995349196549,0.8992521858557249,0.9497250039528644,0.8808960328317373,0.9399521203830369,0.11644345266812511,0.1429942945214205,20261081,1,North America,267,171,V1-V10_financial_only
PONE2016_h1_target_North_America,20260728,Uncertainty_gated_fusion,cost_20,171,86,0.1377165515188363,"Same-horizon leave-one-region-out transfer; source regions=Asia,Europe; target region=North America; source-only fit/search/calibration; target labels untouched until final evaluation; V1-V10 financial ratios only.","One-standard-error paired-bootstrap gate selected Full_PBMSBAINGO; search utility difference=0.0041, required margin=0.0038.",Platt_logistic_on_separate_calibration_partition,0.1533929977694741,1.0,0.023529411764705882,0.5088757396449705,0.6745098039215687,0.5643044619422573,0.8382066276803118,0.1094237031688097,0.13705897914633877,0.5117647058823529,0.9764705882352941,0.9883040935672515,86.0,83.0,2.0,0.0,0.9125920697883125,0.8975376196990424,0.13559956655335145,0.42770622173243517,0.07522435308389669,-0.21984245650276052,1.085238633266609,20.0,0.4853801169590643,0.04598337950138504,1.0,1.0,0.0023529411764705885,0.058823529411764705,0.5035191529118654,0.5180722891566265,0.8352769734476428,0.8431372549019608,0.010942370316880971,0.1745704457765549,0.013705897914633877,0.21735715111420992,0.8894606664315355,0.9415136610114432,0.8550410396716827,0.9325649794801641,0.11135491125550498,0.155757633980143,20261081,1,North America,267,171,V1-V10_financial_only
PONE2016_h1_target_North_America,20260728,Full_random_search,triad,171,86,0.900966244874747,"Same-horizon leave-one-region-out transfer; source regions=Asia,Europe; target region=North America; source-only fit/search/calibration; target labels untouched until final evaluation; V1-V10 financial ratios only.",Same full architecture and 81 evaluations as PBMSBAINGO; alpha=0.30.,Platt_logistic_on_separate_calibration_partition,0.6779707389300936,0.46511627906976744,0.9882352941176471,0.975609756097561,0.6299212598425197,0.8,0.5194805194805194,0.5309213757528974,0.6249098504574447,0.7266757865937072,0.011764705882352941,0.23976608187134502,40.0,1.0,84.0,46.0,0.9207324115991932,0.9050615595075239,0.13619550419688403,0.42995054065308913,0.08409059497945813,-0.30443320345125513,1.0560334620877003,,,,0.39767441860465114,0.49767441860465117,0.9764705882352941,0.9988235294117647,0.9447368421052631,0.9977272727272727,0.449751997795536,0.5519580934529388,0.4579212804092172,0.5584081449323335,0.5623166756166819,0.6502474717622505,0.8980794200747524,0.9169642313111143,0.8782489740082079,0.9041039671682627,0.1358082715460451,0.1609599469486529,20261129,1,North America,267,171,V1-V10_financial_only
PONE2016_h1_target_North_America,20260728,Full_random_search,cost_1,171,86,0.6734991722918826,"Same-horizon leave-one-region-out transfer; source regions=Asia,Europe; target region=North America; source-only fit/search/calibration; target labels untouched until final evaluation; V1-V10 financial ratios only.",Same full architecture and 81 evaluations as PBMSBAINGO; alpha=0.30.,Platt_logistic_on_separate_calibration_partition,0.8123533225491447,0.7790697674418605,0.8470588235294118,0.8375,0.8072289156626506,0.8251231527093597,0.7900943396226415,0.6274173647348408,0.7453303717510887,0.8130642954856362,0.15294117647058825,0.4678362573099415,67.0,13.0,72.0,19.0,0.9207324115991932,0.9050615595075239,0.13619550419688403,0.42995054065308913,0.08409059497945813,-0.30443320345125513,1.0560334620877003,1.0,0.1871345029239766,0.1871345029239766,0.7372093023255814,0.8337209302325582,0.8352941176470589,0.88,0.8275769745649264,0.8754290876242096,0.755434507932051,0.8417398508699254,0.597814445294206,0.7143437668268355,0.7226519928415908,0.8062307433543183,0.8980565618023152,0.9359857674751285,0.8897469220246238,0.9242612859097127,0.12095350629105614,0.14368973830840445,20261129,1,North America,267,171,V1-V10_financial_only
PONE2016_h1_target_North_America,20260728,Full_random_search,cost_2,171,86,0.6734991722918826,"Same-horizon leave-one-region-out transfer; source regions=Asia,Europe; target region=North America; source-only fit/search/calibration; target labels untouched until final evaluation; V1-V10 financial ratios only.",Same full architecture and 81 evaluations as PBMSBAINGO; alpha=0.30.,Platt_logistic_on_separate_calibration_partition,0.8123533225491447,0.7790697674418605,0.8470588235294118,0.8375,0.8072289156626506,0.8251231527093597,0.7900943396226415,0.6274173647348408,0.7453303717510887,0.8130642954856362,0.15294117647058825,0.4678362573099415,67.0,13.0,72.0,19.0,0.9207324115991932,0.9050615595075239,0.13619550419688403,0.42995054065308913,0.08409059497945813,-0.30443320345125513,1.0560334620877003,2.0,0.2982456140350877,0.19844357976653695,0.7697674418604652,0.8453488372093023,0.8235294117647058,0.916470588235294,0.8152610441767068,0.9061234567901234,0.7784488221518115,0.8547168774051677,0.5940511712724532,0.7515522393229751,0.722130375377948,0.8313534056659719,0.9041431313737128,0.9520255526401901,0.870376196990424,0.9417031463748289,0.1096659885987666,0.15548680099431977,20261129,1,North America,267,171,V1-V10_financial_only
PONE2016_h1_target_North_America,20260728,Full_random_search,cost_5,171,86,0.1592289939324674,"Same-horizon leave-one-region-out transfer; source regions=Asia,Europe; target region=North America; source-only fit/search/calibration; target labels untouched until final evaluation; V1-V10 financial ratios only.",Same full architecture and 81 evaluations as PBMSBAINGO; alpha=0.30.,Platt_logistic_on_separate_calibration_partition,0.4058397249567139,1.0,0.16470588235294117,0.5477707006369427,0.7078189300411523,0.6022408963585434,0.8582834331337326,0.30036820167170897,0.36710279248868943,0.5823529411764706,0.8352941176470589,0.9181286549707602,86.0,71.0,14.0,0.0,0.9207324115991932,0.9050615595075239,0.13619550419688403,0.42995054065308913,0.08409059497945813,-0.30443320345125513,1.0560334620877003,5.0,0.4152046783625731,0.1378640776699029,1.0,1.0,0.14352941176470588,0.20823529411764705,0.5415695228938829,0.5610105580693816,0.8552120411264945,0.8646720321931589,0.27873598856063464,0.3416985653486028,0.3419496555090462,0.4142840058391528,0.9113723454247074,0.9333577711331296,0.8927701778385773,0.9187619699042407,0.11635243564391178,0.14907086811896686,20261129,1,North America,267,171,V1-V10_financial_only
PONE2016_h1_target_North_America,20260728,Full_random_search,cost_10,171,86,0.1592289939324674,"Same-horizon leave-one-region-out transfer; source regions=Asia,Europe; target region=North America; source-only fit/search/calibration; target labels untouched until final evaluation; V1-V10 financial ratios only.",Same full architecture and 81 evaluations as PBMSBAINGO; alpha=0.30.,Platt_logistic_on_separate_calibration_partition,0.4058397249567139,1.0,0.16470588235294117,0.5477707006369427,0.7078189300411523,0.6022408963585434,0.8582834331337326,0.30036820167170897,0.36710279248868943,0.5823529411764706,0.8352941176470589,0.9181286549707602,86.0,71.0,14.0,0.0,0.9207324115991932,0.9050615595075239,0.13619550419688403,0.42995054065308913,0.08409059497945813,-0.30443320345125513,1.0560334620877003,10.0,0.4152046783625731,0.07513227513227513,1.0,1.0,0.06588235294117648,0.19529411764705884,0.5200150602409639,0.557027782344238,0.844140989729225,0.862765804252868,0.18348740801041968,0.32963067460191486,0.2280591289000695,0.40058489268594716,0.9095244334913458,0.9306367363449709,0.8847606019151847,0.9137551299589604,0.1281891994274538,0.14582115350360986,20261129,1,North America,267,171,V1-V10_financial_only
PONE2016_h1_target_North_America,20260728,Full_random_search,cost_20,171,86,0.1592289939324674,"Same-horizon leave-one-region-out transfer; source regions=Asia,Europe; target region=North America; source-only fit/search/calibration; target labels untouched until final evaluation; V1-V10 financial ratios only.",Same full architecture and 81 evaluations as PBMSBAINGO; alpha=0.30.,Platt_logistic_on_separate_calibration_partition,0.4058397249567139,1.0,0.16470588235294117,0.5477707006369427,0.7078189300411523,0.6022408963585434,0.8582834331337326,0.30036820167170897,0.36710279248868943,0.5823529411764706,0.8352941176470589,0.9181286549707602,86.0,71.0,14.0,0.0,0.9207324115991932,0.9050615595075239,0.13619550419688403,0.42995054065308913,0.08409059497945813,-0.30443320345125513,1.0560334620877003,20.0,0.4152046783625731,0.03933518005540166,1.0,1.0,0.10705882352941176,0.26588235294117646,0.5311939268461008,0.579551920341394,0.8499706492388369,0.8732789142407553,0.23844463323811757,0.39243705183322264,0.29441883350930725,0.47066188192750086,0.8741483940462974,0.9378113688778618,0.8336114911080711,0.9233173734610123,0.12036591690222635,0.1814089426932035,20261129,1,North America,267,171,V1-V10_financial_only
PONE2016_h1_target_North_America,20260728,Balanced_logistic,triad,171,86,0.8650349181795917,"Same-horizon leave-one-region-out transfer; source regions=Asia,Europe; target region=North America; source-only fit/search/calibration; target labels untouched until final evaluation; V1-V10 financial ratios only.",Class-weighted logistic reference using the same source-only fit/search/calibration and untouched regional target.,Platt_logistic_on_separate_calibration_partition,0.7973965846863742,0.6511627906976745,0.9764705882352941,0.9655172413793104,0.7777777777777778,0.8805031446540881,0.6965174129353234,0.6628442637111425,0.7497562272231731,0.8138166894664842,0.023529411764705882,0.3391812865497076,56.0,2.0,83.0,30.0,0.9134370704739887,0.8811217510259918,0.13617659942514532,0.4761766750967566,0.09170516797810371,-0.38120384322773115,0.6158875907588395,,,,0.6081395348837209,0.7290697674418605,0.9647058823529412,0.9988235294117647,0.9494753833736884,0.9982142857142857,0.6596590909090909,0.7668641079399026,0.6486994761521304,0.725944430269966,0.7357706004061739,0.8021599454747792,0.8975083139932051,0.937147105606234,0.8608618331053352,0.9151094391244871,0.1202140790496247,0.14733901794814025,20262029,1,North America,267,171,V1-V10_financial_only
PONE2016_h1_target_North_America,20260728,Balanced_logistic,cost_1,171,86,0.5804939897470687,"Same-horizon leave-one-region-out transfer; source regions=Asia,Europe; target region=North America; source-only fit/search/calibration; target labels untouched until final evaluation; V1-V10 financial ratios only.",Class-weighted logistic reference using the same source-only fit/search/calibration and untouched regional target.,Platt_logistic_on_separate_calibration_partition,0.7994526171100473,0.7441860465116279,0.8588235294117647,0.8421052631578947,0.7901234567901234,0.8205128205128205,0.7619047619047619,0.6067563059204921,0.7292334561753235,0.8015047879616963,0.1411764705882353,0.4444444444444444,64.0,12.0,73.0,22.0,0.9134370704739887,0.8811217510259918,0.13617659942514532,0.4761766750967566,0.09170516797810371,-0.38120384322773115,0.6158875907588395,1.0,0.19883040935672514,0.19883040935672514,0.6662790697674418,0.8127906976744186,0.8364705882352942,0.891764705882353,0.8313852813852814,0.8799773755656108,0.6946882001493653,0.8177348629135847,0.5467710464414552,0.6941473039834906,0.6816281183992525,0.7912046571463923,0.8876071833222949,0.9377740322479352,0.8491655266757866,0.9127906976744186,0.11926743930543925,0.1545580100046121,20262029,1,North America,267,171,V1-V10_financial_only
PONE2016_h1_target_North_America,20260728,Balanced_logistic,cost_2,171,86,0.36221656568404953,"Same-horizon leave-one-region-out transfer; source regions=Asia,Europe; target region=North America; source-only fit/search/calibration; target labels untouched until final evaluation; V1-V10 financial ratios only.",Class-weighted logistic reference using the same source-only fit/search/calibration and untouched regional target.,Platt_logistic_on_separate_calibration_partition,0.7698135222877858,0.8837209302325582,0.6705882352941176,0.7307692307692307,0.8,0.7569721115537849,0.8482142857142857,0.5677493912173089,0.6955194019301474,0.7771545827633379,0.32941176470588235,0.6081871345029239,76.0,28.0,57.0,10.0,0.9134370704739887,0.8811217510259918,0.13617659942514532,0.4761766750967566,0.09170516797810371,-0.38120384322773115,0.6158875907588395,2.0,0.2807017543859649,0.1867704280155642,0.8395348837209302,0.9186046511627907,0.6388235294117647,0.6941176470588235,0.7189126559714795,0.7506122448979592,0.8159913154637501,0.8787638707651855,0.5375016826816917,0.6241807333785254,0.6783377811499101,0.7334331684434953,0.8713665521969911,0.9302973867282618,0.8336593707250343,0.9098837209302326,0.11857046430426335,0.16261978331160332,20262029,1,North America,267,171,V1-V10_financial_only
PONE2016_h1_target_North_America,20260728,Balanced_logistic,cost_5,171,86,0.30753990680477866,"Same-horizon leave-one-region-out transfer; source regions=Asia,Europe; target region=North America; source-only fit/search/calibration; target labels untouched until final evaluation; V1-V10 financial ratios only.",Class-weighted logistic reference using the same source-only fit/search/calibration and untouched regional target.,Platt_logistic_on_separate_calibration_partition,0.7541948352522734,0.8953488372093024,0.6352941176470588,0.7129629629629629,0.7938144329896907,0.7432432432432432,0.8517699115044248,0.5500205786711634,0.6788628070315224,0.7653214774281806,0.36470588235294116,0.631578947368421,77.0,31.0,54.0,9.0,0.9134370704739887,0.8811217510259918,0.13617659942514532,0.4761766750967566,0.09170516797810371,-0.38120384322773115,0.6158875907588395,5.0,0.4444444444444444,0.14757281553398058,0.8162790697674419,0.905813953488372,0.6470588235294118,0.703529411764706,0.7019626168224299,0.7418276448803923,0.791092112520684,0.8636363636363636,0.4758086270822047,0.5839479070952823,0.6328809452535797,0.7042242935881916,0.8844317636273834,0.9210119546489552,0.8343844049247606,0.8910533515731873,0.12868420034818015,0.15772136032580386,20262029,1,North America,267,171,V1-V10_financial_only
PONE2016_h1_target_North_America,20260728,Balanced_logistic,cost_10,171,86,0.046055449760079685,"Same-horizon leave-one-region-out transfer; source regions=Asia,Europe; target region=North America; source-only fit/search/calibration; target labels untouched until final evaluation; V1-V10 financial ratios only.",Class-weighted logistic reference using the same source-only fit/search/calibration and untouched regional target.,Platt_logistic_on_separate_calibration_partition,0.3177382450056355,0.9534883720930233,0.10588235294117647,0.5189873417721519,0.6721311475409836,0.5710306406685237,0.8167330677290837,0.11200330070781972,0.22445189104436636,0.5296853625170999,0.8941176470588236,0.9239766081871345,82.0,76.0,9.0,4.0,0.9134370704739887,0.8811217510259918,0.13617659942514532,0.4761766750967566,0.09170516797810371,-0.38120384322773115,0.6158875907588395,10.0,0.6783625730994152,0.12275132275132275,0.9232558139534883,0.9872093023255814,0.04941176470588235,0.12705882352941178,0.5064555468135327,0.5312760437141284,0.7941177630852256,0.8410910812196757,0.0318545493818128,0.20078130729574203,0.11656117614109848,0.29185523009545405,0.8721462080045813,0.9568254959620167,0.8264295485636115,0.9476812585499316,0.09937613396955179,0.16826296746319847,20262029,1,North America,267,171,V1-V10_financial_only
PONE2016_h1_target_North_America,20260728,Balanced_logistic,cost_20,171,86,0.046055449760079685,"Same-horizon leave-one-region-out transfer; source regions=Asia,Europe; target region=North America; source-only fit/search/calibration; target labels untouched until final evaluation; V1-V10 financial ratios only.",Class-weighted logistic reference using the same source-only fit/search/calibration and untouched regional target.,Platt_logistic_on_separate_calibration_partition,0.3177382450056355,0.9534883720930233,0.10588235294117647,0.5189873417721519,0.6721311475409836,0.5710306406685237,0.8167330677290837,0.11200330070781972,0.22445189104436636,0.5296853625170999,0.8941176470588236,0.9239766081871345,82.0,76.0,9.0,4.0,0.9134370704739887,0.8811217510259918,0.13617659942514532,0.4761766750967566,0.09170516797810371,-0.38120384322773115,0.6158875907588395,20.0,0.9122807017543859,0.08642659279778393,0.886046511627907,0.9511627906976744,0.05058823529411765,0.17058823529411765,0.5030833168414803,0.5306329113924051,0.7690654035343414,0.8096127893698744,0.0013539081357279612,0.14866712903530202,0.04029762106769182,0.28114794862301185,0.8660882894482461,0.9125721890194103,0.7999247606019152,0.8762106703146375,0.13613263601498585,0.1840916771492123,20262029,1,North America,267,171,V1-V10_financial_only
PONE2016_h2_target_Asia,20260728,HistGB,triad,96,48,0.710220443253912,"Same-horizon leave-one-region-out transfer; source regions=Europe,North America; target region=Asia; source-only fit/search/calibration; target labels untouched until final evaluation; V1-V10 financial ratios only.",No metaheuristic; threshold and Platt calibration use calibration partition.,Platt_logistic_on_separate_calibration_partition,0.7694243880258078,0.6458333333333334,0.9166666666666666,0.8857142857142857,0.7469879518072289,0.824468085106383,0.6828193832599119,0.5843389347222367,0.7019921246874938,0.78125,0.08333333333333333,0.3645833333333333,31.0,4.0,44.0,17.0,0.8322420966926936,0.8546006944444444,0.16570085082619865,0.5129137304205235,0.11547635034095505,-0.007898574333384345,1.6167949976510647,,,,0.5666666666666667,0.6854166666666667,0.8979166666666667,0.975,0.8694577352472089,0.9627272727272728,0.6117417417417418,0.7167632850241545,0.5402532088868484,0.6715370815105078,0.6590936275440983,0.7581202188438863,0.8018704389822849,0.9010034385909564,0.8309461805555555,0.9187500000000001,0.14004438839460603,0.1762385103329263,20260728,2,Asia,338,96,V1-V10_financial_only
PONE2016_h2_target_Asia,20260728,HistGB,cost_1,96,48,0.5728332499733618,"Same-horizon leave-one-region-out transfer; source regions=Europe,North America; target region=Asia; source-only fit/search/calibration; target labels untouched until final evaluation; V1-V10 financial ratios only.",No metaheuristic; threshold and Platt calibration use calibration partition.,Platt_logistic_on_separate_calibration_partition,0.7778397792747695,0.7083333333333334,0.8541666666666666,0.8292682926829268,0.7640449438202247,0.8018867924528302,0.7296137339055794,0.5685785754425927,0.70068625248438,0.78125,0.14583333333333334,0.4270833333333333,34.0,7.0,41.0,14.0,0.8322420966926936,0.8546006944444444,0.16570085082619865,0.5129137304205235,0.11547635034095505,-0.007898574333384345,1.6167949976510647,1.0,0.21875,0.21875,0.6291666666666667,0.7791666666666666,0.7979166666666666,0.9333333333333333,0.793581081081081,0.9093436293436293,0.6590848680463262,0.7829845814977974,0.49842241202873905,0.6231943035648289,0.6450957210566334,0.7303277517321765,0.772847511029624,0.8837292289254176,0.794357638888889,0.8667534722222222,0.15590603279135543,0.18281736373989008,20260728,2,Asia,338,96,V1-V10_financial_only
PONE2016_h2_target_Asia,20260728,HistGB,cost_2,96,48,0.29987481699537333,"Same-horizon leave-one-region-out transfer; source regions=Europe,North America; target region=Asia; source-only fit/search/calibration; target labels untouched until final evaluation; V1-V10 financial ratios only.",No metaheuristic; threshold and Platt calibration use calibration partition.,Platt_logistic_on_separate_calibration_partition,0.7312470322826768,0.9166666666666666,0.5833333333333334,0.6875,0.7857142857142857,0.7236842105263158,0.859375,0.5303300858899107,0.6569891028778054,0.75,0.4166666666666667,0.6666666666666666,44.0,20.0,28.0,4.0,0.8322420966926936,0.8546006944444444,0.16570085082619865,0.5129137304205235,0.11547635034095505,-0.007898574333384345,1.6167949976510647,2.0,0.2916666666666667,0.19444444444444445,0.8395833333333333,0.9375,0.4666666666666667,0.7708333333333333,0.6365763813651137,0.7892307692307693,0.8274592404412001,0.8734890739891406,0.45266164863447966,0.618682157873366,0.5818111072761579,0.7373442033649655,0.7449798999104361,0.8660863705593751,0.8080729166666667,0.8462673611111111,0.161925659212161,0.17933035211293974,20260728,2,Asia,338,96,V1-V10_financial_only
PONE2016_h2_target_Asia,20260728,HistGB,cost_5,96,48,0.29240135737395034,"Same-horizon leave-one-region-out transfer; source regions=Europe,North America; target region=Asia; source-only fit/search/calibration; target labels untouched until final evaluation; V1-V10 financial ratios only.",No metaheuristic; threshold and Platt calibration use calibration partition.,Platt_logistic_on_separate_calibration_partition,0.6702378309227255,0.9375,0.4791666666666667,0.6428571428571429,0.7627118644067796,0.6859756097560976,0.8587786259541985,0.4688072309384954,0.5949549181041361,0.7083333333333334,0.5208333333333334,0.7291666666666666,45.0,25.0,23.0,3.0,0.8322420966926936,0.8546006944444444,0.16570085082619865,0.5129137304205235,0.11547635034095505,-0.007898574333384345,1.6167949976510647,5.0,0.4166666666666667,0.1388888888888889,0.9,0.9958333333333333,0.2770833333333333,0.53125,0.5646915584415584,0.6785714285714286,0.8212702065559048,0.9102483764384186,0.2855453015337665,0.5895435942814458,0.4199769491671976,0.6748467049481159,0.7640245263251237,0.8820115663649459,0.7573784722222222,0.9088975694444444,0.14419725524339874,0.2107000695509707,20260728,2,Asia,338,96,V1-V10_financial_only
PONE2016_h2_target_Asia,20260728,HistGB,cost_10,96,48,0.29240135737395034,"Same-horizon leave-one-region-out transfer; source regions=Europe,North America; target region=Asia; source-only fit/search/calibration; target labels untouched until final evaluation; V1-V10 financial ratios only.",No metaheuristic; threshold and Platt calibration use calibration partition.,Platt_logistic_on_separate_calibration_partition,0.6702378309227255,0.9375,0.4791666666666667,0.6428571428571429,0.7627118644067796,0.6859756097560976,0.8587786259541985,0.4688072309384954,0.5949549181041361,0.7083333333333334,0.5208333333333334,0.7291666666666666,45.0,25.0,23.0,3.0,0.8322420966926936,0.8546006944444444,0.16570085082619865,0.5129137304205235,0.11547635034095505,-0.007898574333384345,1.6167949976510647,10.0,0.5729166666666666,0.10416666666666667,0.8791666666666667,0.9770833333333333,0.42083333333333334,0.5375,0.611764705882353,0.6750207125103563,0.8102564102564103,0.8926440479672418,0.3685014768761311,0.5496091446721513,0.5277809295877077,0.6570461282287319,0.8116642554269013,0.9434196566748216,0.8365017361111111,0.9328125,0.13186882976970085,0.1781170341696875,20260728,2,Asia,338,96,V1-V10_financial_only
PONE2016_h2_target_Asia,20260728,HistGB,cost_20,96,48,0.29240135737395034,"Same-horizon leave-one-region-out transfer; source regions=Europe,North America; target region=Asia; source-only fit/search/calibration; target labels untouched until final evaluation; V1-V10 financial ratios only.",No metaheuristic; threshold and Platt calibration use calibration partition.,Platt_logistic_on_separate_calibration_partition,0.6702378309227255,0.9375,0.4791666666666667,0.6428571428571429,0.7627118644067796,0.6859756097560976,0.8587786259541985,0.4688072309384954,0.5949549181041361,0.7083333333333334,0.5208333333333334,0.7291666666666666,45.0,25.0,23.0,3.0,0.8322420966926936,0.8546006944444444,0.16570085082619865,0.5129137304205235,0.11547635034095505,-0.007898574333384345,1.6167949976510647,20.0,0.8854166666666666,0.08432539682539683,0.8958333333333334,0.9958333333333333,0.4395833333333333,0.5166666666666667,0.6237267080745341,0.6569323370693233,0.8247126436781609,0.9018867924528302,0.39666715468149166,0.5515477167566195,0.5465100199155519,0.6403621944335814,0.783656573708807,0.8550677634160879,0.8082465277777777,0.8852430555555555,0.15456902308544776,0.19167072552398354,20260728,2,Asia,338,96,V1-V10_financial_only
PONE2016_h2_target_Asia,20260728,KELM_PBMSBAINGO,triad,96,48,0.6678014854440086,"Same-horizon leave-one-region-out transfer; source regions=Europe,North America; target region=Asia; source-only fit/search/calibration; target labels untouched until final evaluation; V1-V10 financial ratios only.",Plain KELM; hyperparameters/features selected only on search partition.,Platt_logistic_on_separate_calibration_partition,0.6909634979907083,0.5208333333333334,0.9166666666666666,0.8620689655172413,0.6493506493506493,0.7621951219512195,0.5656108597285068,0.476412221977579,0.6104232052123644,0.71875,0.08333333333333333,0.3020833333333333,25.0,4.0,44.0,23.0,0.8526852399167815,0.8585069444444444,0.17108751575043468,0.5226523204332412,0.1317448069274123,-0.3530562664942451,2.0972526353309484,,,,0.5229166666666667,0.6395833333333334,0.8770833333333333,0.9916666666666667,0.8196969696969697,0.9885714285714285,0.5650527208823173,0.6781738085702843,0.4505765361251291,0.6359539465999968,0.5956818233543192,0.7188181540533016,0.8185329876003388,0.9382974297702787,0.8073784722222221,0.9249565972222222,0.14900099094420732,0.18522935085705716,20260829,2,Asia,338,96,V1-V10_financial_only
PONE2016_h2_target_Asia,20260728,KELM_PBMSBAINGO,cost_1,96,48,0.6634400294635174,"Same-horizon leave-one-region-out transfer; source regions=Europe,North America; target region=Asia; source-only fit/search/calibration; target labels untouched until final evaluation; V1-V10 financial ratios only.",Plain KELM; hyperparameters/features selected only on search partition.,Platt_logistic_on_separate_calibration_partition,0.6909634979907083,0.5208333333333334,0.9166666666666666,0.8620689655172413,0.6493506493506493,0.7621951219512195,0.5656108597285068,0.476412221977579,0.6104232052123644,0.71875,0.08333333333333333,0.3020833333333333,25.0,4.0,44.0,23.0,0.8526852399167815,0.8585069444444444,0.17108751575043468,0.5226523204332412,0.1317448069274123,-0.3530562664942451,2.0972526353309484,1.0,0.28125,0.28125,0.5020833333333333,0.6020833333333333,0.8770833333333333,0.9166666666666666,0.810654936461388,0.8732142857142857,0.5469629025682837,0.639933628318584,0.42677668589917717,0.5295698983252035,0.5794625822721058,0.6569379617336885,0.7886093582006762,0.878212832894085,0.814670138888889,0.8752604166666665,0.1627297194741848,0.18431738931118655,20260829,2,Asia,338,96,V1-V10_financial_only
PONE2016_h2_target_Asia,20260728,KELM_PBMSBAINGO,cost_2,96,48,0.2830629565241393,"Same-horizon leave-one-region-out transfer; source regions=Europe,North America; target region=Asia; source-only fit/search/calibration; target labels untouched until final evaluation; V1-V10 financial ratios only.",Plain KELM; hyperparameters/features selected only on search partition.,Platt_logistic_on_separate_calibration_partition,0.3818813079129867,1.0,0.14583333333333334,0.5393258426966292,0.7007299270072993,0.594059405940594,0.8540925266903915,0.2804490780752514,0.34453785038727813,0.5729166666666666,0.8541666666666666,0.9270833333333334,48.0,41.0,7.0,0.0,0.8526852399167815,0.8585069444444444,0.17108751575043468,0.5226523204332412,0.1317448069274123,-0.3530562664942451,2.0972526353309484,2.0,0.4270833333333333,0.2847222222222222,1.0,1.0,0.10416666666666667,0.14375000000000002,0.5274725274725275,0.5387265917602996,0.8480565371024735,0.8537896570000757,0.2344036154692477,0.27822405924244237,0.29011110795301165,0.3419227263222088,0.7992569447334488,0.9055202720552954,0.7930555555555556,0.9180121527777777,0.15532030332102034,0.19512060696335326,20260829,2,Asia,338,96,V1-V10_financial_only
PONE2016_h2_target_Asia,20260728,KELM_PBMSBAINGO,cost_5,96,48,0.1898691215546295,"Same-horizon leave-one-region-out transfer; source regions=Europe,North America; target region=Asia; source-only fit/search/calibration; target labels untouched until final evaluation; V1-V10 financial ratios only.",Plain KELM; hyperparameters/features selected only on search partition.,Platt_logistic_on_separate_calibration_partition,0.0,1.0,0.0,0.5,0.6666666666666666,0.5555555555555556,0.8333333333333334,0.0,0.0,0.5,1.0,1.0,48.0,48.0,0.0,0.0,0.8526852399167815,0.8585069444444444,0.17108751575043468,0.5226523204332412,0.1317448069274123,-0.3530562664942451,2.0972526353309484,5.0,0.5,0.16666666666666666,1.0,1.0,0.0,0.0,0.5,0.5,0.8333333333333334,0.8333333333333334,0.0,0.0,0.0,0.0,0.7800236954991228,0.8898266786617198,0.7901909722222222,0.8967881944444445,0.1548467212854125,0.19573027273550897,20260829,2,Asia,338,96,V1-V10_financial_only
PONE2016_h2_target_Asia,20260728,KELM_PBMSBAINGO,cost_10,96,48,0.1898691215546295,"Same-horizon leave-one-region-out transfer; source regions=Europe,North America; target region=Asia; source-only fit/search/calibration; target labels untouched until final evaluation; V1-V10 financial ratios only.",Plain KELM; hyperparameters/features selected only on search partition.,Platt_logistic_on_separate_calibration_partition,0.0,1.0,0.0,0.5,0.6666666666666666,0.5555555555555556,0.8333333333333334,0.0,0.0,0.5,1.0,1.0,48.0,48.0,0.0,0.0,0.8526852399167815,0.8585069444444444,0.17108751575043468,0.5226523204332412,0.1317448069274123,-0.3530562664942451,2.0972526353309484,10.0,0.5,0.09090909090909091,1.0,1.0,0.0,0.0,0.5,0.5,0.8333333333333334,0.8333333333333334,0.0,0.0,0.0,0.0,0.7674062923414668,0.9000279087489438,0.7834635416666668,0.9026475694444444,0.15504241632007162,0.19498824378331672,20260829,2,Asia,338,96,V1-V10_financial_only
PONE2016_h2_target_Asia,20260728,KELM_PBMSBAINGO,cost_20,96,48,0.1898691215546295,"Same-horizon leave-one-region-out transfer; source regions=Europe,North America; target region=Asia; source-only fit/search/calibration; target labels untouched until final evaluation; V1-V10 financial ratios only.",Plain KELM; hyperparameters/features selected only on search partition.,Platt_logistic_on_separate_calibration_partition,0.0,1.0,0.0,0.5,0.6666666666666666,0.5555555555555556,0.8333333333333334,0.0,0.0,0.5,1.0,1.0,48.0,48.0,0.0,0.0,0.8526852399167815,0.8585069444444444,0.17108751575043468,0.5226523204332412,0.1317448069274123,-0.3530562664942451,2.0972526353309484,20.0,0.5,0.047619047619047616,1.0,1.0,0.0,0.0,0.5,0.5,0.8333333333333334,0.8333333333333334,0.0,0.0,0.0,0.0,0.7888725933437523,0.8867169548400643,0.8186631944444445,0.8786024305555555,0.16549982038882316,0.1836793373224802,20260829,2,Asia,338,96,V1-V10_financial_only
PONE2016_h2_target_Asia,20260728,KELM_score_fusion,triad,96,48,0.6723128661731573,"Same-horizon leave-one-region-out transfer; source regions=Europe,North America; target region=Asia; source-only fit/search/calibration; target labels untouched until final evaluation; V1-V10 financial ratios only.",Plain KELM plus HistGB score-level fusion; alpha=1.00 selected only on search partition.,Platt_logistic_on_separate_calibration_partition,0.6909634979907083,0.5208333333333334,0.9166666666666666,0.8620689655172413,0.6493506493506493,0.7621951219512195,0.5656108597285068,0.476412221977579,0.6104232052123644,0.71875,0.08333333333333333,0.3020833333333333,25.0,4.0,44.0,23.0,0.8526852399167815,0.8585069444444444,0.17097659644850427,0.5227190392790121,0.1508739969958935,-0.36126729649158495,2.0939538981494104,,,,0.3958333333333333,0.5791666666666667,0.8979166666666667,0.9583333333333334,0.7982142857142857,0.9261904761904762,0.4404342723004695,0.6241133306155728,0.34594486493226595,0.5562410690950698,0.4977771553048005,0.6713830884161808,0.8347137638714048,0.8887726274216645,0.8468749999999999,0.8631510416666667,0.16934312712673738,0.17630237664972814,20260831,2,Asia,338,96,V1-V10_financial_only
PONE2016_h2_target_Asia,20260728,KELM_score_fusion,cost_1,96,48,0.6680180163765536,"Same-horizon leave-one-region-out transfer; source regions=Europe,North America; target region=Asia; source-only fit/search/calibration; target labels untouched until final evaluation; V1-V10 financial ratios only.",Plain KELM plus HistGB score-level fusion; alpha=1.00 selected only on search partition.,Platt_logistic_on_separate_calibration_partition,0.6909634979907083,0.5208333333333334,0.9166666666666666,0.8620689655172413,0.6493506493506493,0.7621951219512195,0.5656108597285068,0.476412221977579,0.6104232052123644,0.71875,0.08333333333333333,0.3020833333333333,25.0,4.0,44.0,23.0,0.8526852399167815,0.8585069444444444,0.17097659644850427,0.5227190392790121,0.1508739969958935,-0.36126729649158495,2.0939538981494104,1.0,0.28125,0.28125,0.42083333333333334,0.6208333333333333,0.8375,0.9541666666666667,0.7423529411764705,0.9064171122994652,0.47011029721310094,0.6592920353982301,0.3277752859732566,0.5582735961933427,0.5003940994213899,0.680993493105264,0.7612299311109121,0.8799337939400625,0.7828993055555555,0.8680989583333333,0.16659705919463275,0.19349012715368258,20260831,2,Asia,338,96,V1-V10_financial_only
PONE2016_h2_target_Asia,20260728,KELM_score_fusion,cost_2,96,48,0.28139345502505975,"Same-horizon leave-one-region-out transfer; source regions=Europe,North America; target region=Asia; source-only fit/search/calibration; target labels untouched until final evaluation; V1-V10 financial ratios only.",Plain KELM plus HistGB score-level fusion; alpha=1.00 selected only on search partition.,Platt_logistic_on_separate_calibration_partition,0.3818813079129867,1.0,0.14583333333333334,0.5393258426966292,0.7007299270072993,0.594059405940594,0.8540925266903915,0.2804490780752514,0.34453785038727813,0.5729166666666666,0.8541666666666666,0.9270833333333334,48.0,41.0,7.0,0.0,0.8526852399167815,0.8585069444444444,0.17097659644850427,0.5227190392790121,0.1508739969958935,-0.36126729649158495,2.0939538981494104,2.0,0.4270833333333333,0.2847222222222222,1.0,1.0,0.125,0.20625000000000002,0.5333333333333333,0.5574979951884522,0.851063829787234,0.8629999226425311,0.25819888974716115,0.3390608288068469,0.31838660973658534,0.41196064154663803,0.8209468241494935,0.913611101378747,0.8385416666666666,0.9037760416666667,0.15970716745626914,0.17695789238529847,20260831,2,Asia,338,96,V1-V10_financial_only
PONE2016_h2_target_Asia,20260728,KELM_score_fusion,cost_5,96,48,0.19366908887937667,"Same-horizon leave-one-region-out transfer; source regions=Europe,North America; target region=Asia; source-only fit/search/calibration; target labels untouched until final evaluation; V1-V10 financial ratios only.",Plain KELM plus HistGB score-level fusion; alpha=1.00 selected only on search partition.,Platt_logistic_on_separate_calibration_partition,0.0,1.0,0.0,0.5,0.6666666666666666,0.5555555555555556,0.8333333333333334,0.0,0.0,0.5,1.0,1.0,48.0,48.0,0.0,0.0,0.8526852399167815,0.8585069444444444,0.17097659644850427,0.5227190392790121,0.1508739969958935,-0.36126729649158495,2.0939538981494104,5.0,0.5,0.16666666666666666,1.0,1.0,0.0,0.0,0.5,0.5,0.8333333333333334,0.8333333333333334,0.0,0.0,0.0,0.0,0.8057287803561498,0.9021542967068674,0.8309027777777778,0.9114149305555556,0.15115983101901526,0.1807302779475002,20260831,2,Asia,338,96,V1-V10_financial_only
PONE2016_h2_target_Asia,20260728,KELM_score_fusion,cost_10,96,48,0.19366908887937667,"Same-horizon leave-one-region-out transfer; source regions=Europe,North America; target region=Asia; source-only fit/search/calibration; target labels untouched until final evaluation; V1-V10 financial ratios only.",Plain KELM plus HistGB score-level fusion; alpha=1.00 selected only on search partition.,Platt_logistic_on_separate_calibration_partition,0.0,1.0,0.0,0.5,0.6666666666666666,0.5555555555555556,0.8333333333333334,0.0,0.0,0.5,1.0,1.0,48.0,48.0,0.0,0.0,0.8526852399167815,0.8585069444444444,0.17097659644850427,0.5227190392790121,0.1508739969958935,-0.36126729649158495,2.0939538981494104,10.0,0.5,0.09090909090909091,1.0,1.0,0.0,0.0,0.5,0.5,0.8333333333333334,0.8333333333333334,0.0,0.0,0.0,0.0,0.86837943806056,0.9401429837392875,0.8888020833333332,0.9483506944444444,0.13766557216877212,0.16026656365760333,20260831,2,Asia,338,96,V1-V10_financial_only
PONE2016_h2_target_Asia,20260728,KELM_score_fusion,cost_20,96,48,0.19366908887937667,"Same-horizon leave-one-region-out transfer; source regions=Europe,North America; target region=Asia; source-only fit/search/calibration; target labels untouched until final evaluation; V1-V10 financial ratios only.",Plain KELM plus HistGB score-level fusion; alpha=1.00 selected only on search partition.,Platt_logistic_on_separate_calibration_partition,0.0,1.0,0.0,0.5,0.6666666666666666,0.5555555555555556,0.8333333333333334,0.0,0.0,0.5,1.0,1.0,48.0,48.0,0.0,0.0,0.8526852399167815,0.8585069444444444,0.17097659644850427,0.5227190392790121,0.1508739969958935,-0.36126729649158495,2.0939538981494104,20.0,0.5,0.047619047619047616,1.0,1.0,0.0,0.0,0.5,0.5,0.8333333333333334,0.8333333333333334,0.0,0.0,0.0,0.0,0.83499801605421,0.9007739168083899,0.8486545138888888,0.8856770833333333,0.15840103732111943,0.17851689743464155,20260831,2,Asia,338,96,V1-V10_financial_only
PONE2016_h2_target_Asia,20260728,KELM_risk_feature,triad,96,48,0.6425765297984395,"Same-horizon leave-one-region-out transfer; source regions=Europe,North America; target region=Asia; source-only fit/search/calibration; target labels untouched until final evaluation; V1-V10 financial ratios only.",OOF HistGB risk is a forced KELM input; no score-level fusion.,Platt_logistic_on_separate_calibration_partition,0.7441904624788229,0.6041666666666666,0.9166666666666666,0.8787878787878788,0.7160493827160493,0.8055555555555556,0.6444444444444445,0.5482930791331408,0.6721408969714814,0.7604166666666666,0.08333333333333333,0.34375,29.0,4.0,44.0,19.0,0.8752815770240917,0.8684895833333334,0.1542911081877728,0.48649584990457223,0.15508193600436182,0.1613335813915975,1.8929900385030585,,,,0.525,0.6416666666666667,0.85625,0.9354166666666667,0.796524064171123,0.9067951318458417,0.5687842870299924,0.6811332891505204,0.43810277632931277,0.5986416411202081,0.5953275359287278,0.7097563261205865,0.8041259747869084,0.9020403220730536,0.8063802083333332,0.9020833333333333,0.13994164792555702,0.1782007470704501,20260939,2,Asia,338,96,V1-V10_financial_only
PONE2016_h2_target_Asia,20260728,KELM_risk_feature,cost_1,96,48,0.6440719192964494,"Same-horizon leave-one-region-out transfer; source regions=Europe,North America; target region=Asia; source-only fit/search/calibration; target labels untouched until final evaluation; V1-V10 financial ratios only.",OOF HistGB risk is a forced KELM input; no score-level fusion.,Platt_logistic_on_separate_calibration_partition,0.7312470322826768,0.5833333333333334,0.9166666666666666,0.875,0.7,0.7954545454545454,0.625,0.5303300858899107,0.6569891028778054,0.75,0.08333333333333333,0.3333333333333333,28.0,4.0,44.0,20.0,0.8752815770240917,0.8684895833333334,0.1542911081877728,0.48649584990457223,0.15508193600436182,0.1613335813915975,1.8929900385030585,1.0,0.25,0.25,0.54375,0.7604166666666667,0.8979166666666667,0.95625,0.8419354838709677,0.9452747252747252,0.5852017937219731,0.7912638022770181,0.47227867451535976,0.7308613311502884,0.6131882021954127,0.809863511519808,0.8688531482968543,0.9199112437880883,0.874826388888889,0.9259114583333333,0.12368473030508885,0.1569067190033654,20260939,2,Asia,338,96,V1-V10_financial_only
PONE2016_h2_target_Asia,20260728,KELM_risk_feature,cost_2,96,48,0.29210420511633167,"Same-horizon leave-one-region-out transfer; source regions=Europe,North America; target region=Asia; source-only fit/search/calibration; target labels untouched until final evaluation; V1-V10 financial ratios only.",OOF HistGB risk is a forced KELM input; no score-level fusion.,Platt_logistic_on_separate_calibration_partition,0.625,0.9375,0.4166666666666667,0.6164383561643836,0.743801652892562,0.6617647058823529,0.8490566037735849,0.4148810258788731,0.545206723176208,0.6770833333333334,0.5833333333333334,0.7604166666666666,45.0,28.0,20.0,3.0,0.8752815770240917,0.8684895833333334,0.1542911081877728,0.48649584990457223,0.15508193600436182,0.1613335813915975,1.8929900385030585,2.0,0.3541666666666667,0.2361111111111111,0.9395833333333333,0.9770833333333333,0.35625,0.55625,0.6002564102564102,0.6836247334754797,0.8448931317056686,0.887014058769784,0.38286886672299436,0.5620104618077834,0.5121672582485111,0.6690550750930437,0.8705351792985905,0.9205463656999365,0.8571614583333333,0.9130208333333334,0.13407746016487143,0.1608032703416165,20260939,2,Asia,338,96,V1-V10_financial_only
PONE2016_h2_target_Asia,20260728,KELM_risk_feature,cost_5,96,48,0.2122905038871031,"Same-horizon leave-one-region-out transfer; source regions=Europe,North America; target region=Asia; source-only fit/search/calibration; target labels untouched until final evaluation; V1-V10 financial ratios only.",OOF HistGB risk is a forced KELM input; no score-level fusion.,Platt_logistic_on_separate_calibration_partition,0.2041241452319315,1.0,0.041666666666666664,0.5106382978723404,0.676056338028169,0.5660377358490566,0.8391608391608392,0.14586499149789456,0.18249316773400426,0.5208333333333334,0.9583333333333334,0.9791666666666666,48.0,46.0,2.0,0.0,0.8752815770240917,0.8684895833333334,0.1542911081877728,0.48649584990457223,0.15508193600436182,0.1613335813915975,1.8929900385030585,5.0,0.4791666666666667,0.1597222222222222,1.0,1.0,0.020833333333333332,0.06041666666666667,0.5052631578947369,0.515579958819492,0.8362369337979094,0.8418108207581891,0.10259783520851541,0.17623127097388688,0.12881476730399327,0.21976502238479984,0.8331003722074174,0.9069470772427463,0.8088975694444446,0.877734375,0.1441402772272892,0.1734356211039632,20260939,2,Asia,338,96,V1-V10_financial_only
PONE2016_h2_target_Asia,20260728,KELM_risk_feature,cost_10,96,48,0.2122905038871031,"Same-horizon leave-one-region-out transfer; source regions=Europe,North America; target region=Asia; source-only fit/search/calibration; target labels untouched until final evaluation; V1-V10 financial ratios only.",OOF HistGB risk is a forced KELM input; no score-level fusion.,Platt_logistic_on_separate_calibration_partition,0.2041241452319315,1.0,0.041666666666666664,0.5106382978723404,0.676056338028169,0.5660377358490566,0.8391608391608392,0.14586499149789456,0.18249316773400426,0.5208333333333334,0.9583333333333334,0.9791666666666666,48.0,46.0,2.0,0.0,0.8752815770240917,0.8684895833333334,0.1542911081877728,0.48649584990457223,0.15508193600436182,0.1613335813915975,1.8929900385030585,10.0,0.4791666666666667,0.08712121212121213,1.0,1.0,0.0020833333333333333,0.0625,0.5005263157894737,0.5161290322580645,0.8336236933797909,0.8421052631578947,0.010259783520851542,0.1796053020267749,0.012881476730399327,0.22390633956822156,0.8263307306432616,0.8996822979474663,0.8327256944444444,0.8953993055555555,0.14043119254919398,0.16699733537716685,20260939,2,Asia,338,96,V1-V10_financial_only
PONE2016_h2_target_Asia,20260728,KELM_risk_feature,cost_20,96,48,0.2122905038871031,"Same-horizon leave-one-region-out transfer; source regions=Europe,North America; target region=Asia; source-only fit/search/calibration; target labels untouched until final evaluation; V1-V10 financial ratios only.",OOF HistGB risk is a forced KELM input; no score-level fusion.,Platt_logistic_on_separate_calibration_partition,0.2041241452319315,1.0,0.041666666666666664,0.5106382978723404,0.676056338028169,0.5660377358490566,0.8391608391608392,0.14586499149789456,0.18249316773400426,0.5208333333333334,0.9583333333333334,0.9791666666666666,48.0,46.0,2.0,0.0,0.8752815770240917,0.8684895833333334,0.1542911081877728,0.48649584990457223,0.15508193600436182,0.1613335813915975,1.8929900385030585,20.0,0.4791666666666667,0.04563492063492063,1.0,1.0,0.020833333333333332,0.07916666666666666,0.5052631578947369,0.5206290471785384,0.8362369337979094,0.8444794641977741,0.10259783520851541,0.2022494718011567,0.12881476730399327,0.2513592543564241,0.8418856175900068,0.8895200403981954,0.8355902777777778,0.8819444444444444,0.14230535689562201,0.1714195228011742,20260939,2,Asia,338,96,V1-V10_financial_only
PONE2016_h2_target_Asia,20260728,Full_PBMSBAINGO,triad,96,48,0.7093505231487016,"Same-horizon leave-one-region-out transfer; source regions=Europe,North America; target region=Asia; source-only fit/search/calibration; target labels untouched until final evaluation; V1-V10 financial ratios only.",Risk feature plus score fusion; alpha=0.50 selected only on search partition.,Platt_logistic_on_separate_calibration_partition,0.7569125885243729,0.625,0.9166666666666666,0.8823529411764706,0.7317073170731707,0.8152173913043478,0.6637168141592921,0.5662888944297417,0.6871367351323243,0.7708333333333333,0.08333333333333333,0.3541666666666667,30.0,4.0,44.0,18.0,0.8368547596637027,0.8606770833333334,0.16112197710557777,0.5024182342137835,0.10464690774733487,-0.068792316411881,1.6524095774143341,,,,0.5416666666666666,0.7020833333333334,0.9,0.9583333333333334,0.8444938820912125,0.9385579937304076,0.5834872065418095,0.737011159631247,0.473219375244324,0.6607436081288539,0.6132508065738298,0.7581305958097798,0.77992314226183,0.904003495051848,0.8342013888888888,0.9117621527777777,0.13671431674964063,0.1749939466157022,20261035,2,Asia,338,96,V1-V10_financial_only
PONE2016_h2_target_Asia,20260728,Full_PBMSBAINGO,cost_1,96,48,0.42791860687039945,"Same-horizon leave-one-region-out transfer; source regions=Europe,North America; target region=Asia; source-only fit/search/calibration; target labels untouched until final evaluation; V1-V10 financial ratios only.",Risk feature plus score fusion; alpha=0.50 selected only on search partition.,Platt_logistic_on_separate_calibration_partition,0.7913924963842741,0.8125,0.7708333333333334,0.78,0.7959183673469388,0.7862903225806451,0.8057851239669421,0.5838403593598094,0.715087725165481,0.7916666666666667,0.22916666666666666,0.5208333333333334,39.0,11.0,37.0,9.0,0.8368547596637027,0.8606770833333334,0.16112197710557777,0.5024182342137835,0.10464690774733487,-0.068792316411881,1.6524095774143341,1.0,0.20833333333333334,0.20833333333333334,0.7729166666666667,0.8729166666666667,0.7291666666666666,0.8104166666666667,0.7419259259259259,0.8084288052373159,0.7665289256198348,0.8579234972677595,0.5046048820181209,0.6625240293970903,0.6582195887484442,0.7694463698588606,0.758542394347024,0.8731232914562485,0.7904947916666666,0.8939670138888889,0.14466424825781482,0.1850975676040588,20261035,2,Asia,338,96,V1-V10_financial_only
PONE2016_h2_target_Asia,20260728,Full_PBMSBAINGO,cost_2,96,48,0.28255806788173216,"Same-horizon leave-one-region-out transfer; source regions=Europe,North America; target region=Asia; source-only fit/search/calibration; target labels untouched until final evaluation; V1-V10 financial ratios only.",Risk feature plus score fusion; alpha=0.50 selected only on search partition.,Platt_logistic_on_separate_calibration_partition,0.5344064724325275,0.9791666666666666,0.2916666666666667,0.5802469135802469,0.7286821705426356,0.6317204301075269,0.8608058608058609,0.3729539518570105,0.47402314139417934,0.6354166666666666,0.7083333333333334,0.84375,47.0,34.0,14.0,1.0,0.8368547596637027,0.8606770833333334,0.16112197710557777,0.5024182342137835,0.10464690774733487,-0.068792316411881,1.6524095774143341,2.0,0.375,0.25,0.9583333333333334,0.9979166666666667,0.2916666666666667,0.3895833333333333,0.5760365853658536,0.6114936708860759,0.8471717338620841,0.8750370350418833,0.342800261553258,0.42684345599647866,0.45824956971264197,0.5422414857354529,0.7276416404577084,0.8703842396683622,0.7690104166666666,0.8917100694444444,0.1542004001481077,0.20060315130111325,20261035,2,Asia,338,96,V1-V10_financial_only
PONE2016_h2_target_Asia,20260728,Full_PBMSBAINGO,cost_5,96,48,0.28255806788173216,"Same-horizon leave-one-region-out transfer; source regions=Europe,North America; target region=Asia; source-only fit/search/calibration; target labels untouched until final evaluation; V1-V10 financial ratios only.",Risk feature plus score fusion; alpha=0.50 selected only on search partition.,Platt_logistic_on_separate_calibration_partition,0.5344064724325275,0.9791666666666666,0.2916666666666667,0.5802469135802469,0.7286821705426356,0.6317204301075269,0.8608058608058609,0.3729539518570105,0.47402314139417934,0.6354166666666666,0.7083333333333334,0.84375,47.0,34.0,14.0,1.0,0.8368547596637027,0.8606770833333334,0.16112197710557777,0.5024182342137835,0.10464690774733487,-0.068792316411881,1.6524095774143341,5.0,0.40625,0.13541666666666666,0.9583333333333334,1.0,0.2916666666666667,0.3333333333333333,0.582587218277246,0.5897435897435898,0.849022823561569,0.8759124087591241,0.3566256956959873,0.4131969352706687,0.47548774578398073,0.49394807431627086,0.7755206865516007,0.917420579101553,0.8118923611111111,0.9088975694444444,0.13758117617779025,0.18514330876751056,20261035,2,Asia,338,96,V1-V10_financial_only
PONE2016_h2_target_Asia,20260728,Full_PBMSBAINGO,cost_10,96,48,0.27399696410998414,"Same-horizon leave-one-region-out transfer; source regions=Europe,North America; target region=Asia; source-only fit/search/calibration; target labels untouched until final evaluation; V1-V10 financial ratios only.",Risk feature plus score fusion; alpha=0.50 selected only on search partition.,Platt_logistic_on_separate_calibration_partition,0.5344064724325275,0.9791666666666666,0.2916666666666667,0.5802469135802469,0.7286821705426356,0.6317204301075269,0.8608058608058609,0.3729539518570105,0.47402314139417934,0.6354166666666666,0.7083333333333334,0.84375,47.0,34.0,14.0,1.0,0.8368547596637027,0.8606770833333334,0.16112197710557777,0.5024182342137835,0.10464690774733487,-0.068792316411881,1.6524095774143341,10.0,0.4583333333333333,0.08333333333333333,0.9583333333333334,0.9979166666666667,0.2520833333333333,0.33125,0.5682539682539682,0.5895192307692307,0.8434269434269435,0.8690057544757033,0.32131417390757827,0.3899771537571396,0.4364035378101516,0.49282975882958274,0.8030810561483229,0.8895591757615278,0.8271701388888889,0.8923611111111112,0.15166755980268581,0.18280454455959888,20261035,2,Asia,338,96,V1-V10_financial_only
PONE2016_h2_target_Asia,20260728,Full_PBMSBAINGO,cost_20,96,48,0.27399696410998414,"Same-horizon leave-one-region-out transfer; source regions=Europe,North America; target region=Asia; source-only fit/search/calibration; target labels untouched until final evaluation; V1-V10 financial ratios only.",Risk feature plus score fusion; alpha=0.50 selected only on search partition.,Platt_logistic_on_separate_calibration_partition,0.5344064724325275,0.9791666666666666,0.2916666666666667,0.5802469135802469,0.7286821705426356,0.6317204301075269,0.8608058608058609,0.3729539518570105,0.47402314139417934,0.6354166666666666,0.7083333333333334,0.84375,47.0,34.0,14.0,1.0,0.8368547596637027,0.8606770833333334,0.16112197710557777,0.5024182342137835,0.10464690774733487,-0.068792316411881,1.6524095774143341,20.0,0.5625,0.05357142857142857,0.9395833333333333,0.9979166666666667,0.21041666666666667,0.3104166666666667,0.5541176470588236,0.57991452991453,0.8342490842490843,0.8658639795823911,0.29645596784813866,0.37163240338053455,0.3958479111568544,0.47206096753246046,0.7774062094854433,0.8821281003916528,0.7962239583333333,0.8965711805555555,0.14561855114317154,0.18563599847394457,20261035,2,Asia,338,96,V1-V10_financial_only
PONE2016_h2_target_Asia,20260728,Uncertainty_gated_fusion,triad,96,48,0.6425765297984395,"Same-horizon leave-one-region-out transfer; source regions=Europe,North America; target region=Asia; source-only fit/search/calibration; target labels untouched until final evaluation; V1-V10 financial ratios only.","One-standard-error paired-bootstrap gate selected KELM_risk_feature; search utility difference=0.0000, required margin=0.0142.",Platt_logistic_on_separate_calibration_partition,0.7441904624788229,0.6041666666666666,0.9166666666666666,0.8787878787878788,0.7160493827160493,0.8055555555555556,0.6444444444444445,0.5482930791331408,0.6721408969714814,0.7604166666666666,0.08333333333333333,0.34375,29.0,4.0,44.0,19.0,0.8752815770240917,0.8684895833333334,0.1542911081877728,0.48649584990457223,0.15508193600436182,0.1613335813915975,1.8929900385030585,,,,0.5041666666666667,0.6041666666666666,0.8791666666666667,0.9770833333333333,0.8323809523809524,0.9573333333333333,0.5562544110931208,0.6464659376966646,0.4947489295909674,0.5833283186927359,0.6276156314802798,0.6886049709482904,0.8354934053290346,0.9009075243922691,0.8121527777777777,0.8704861111111112,0.15549313733997042,0.1702480102866862,20261081,2,Asia,338,96,V1-V10_financial_only
PONE2016_h2_target_Asia,20260728,Uncertainty_gated_fusion,cost_1,96,48,0.6440719192964494,"Same-horizon leave-one-region-out transfer; source regions=Europe,North America; target region=Asia; source-only fit/search/calibration; target labels untouched until final evaluation; V1-V10 financial ratios only.","One-standard-error paired-bootstrap gate selected KELM_risk_feature; search utility difference=0.0000, required margin=0.0142.",Platt_logistic_on_separate_calibration_partition,0.7312470322826768,0.5833333333333334,0.9166666666666666,0.875,0.7,0.7954545454545454,0.625,0.5303300858899107,0.6569891028778054,0.75,0.08333333333333333,0.3333333333333333,28.0,4.0,44.0,20.0,0.8752815770240917,0.8684895833333334,0.1542911081877728,0.48649584990457223,0.15508193600436182,0.1613335813915975,1.8929900385030585,1.0,0.25,0.25,0.54375,0.6854166666666667,0.9166666666666666,0.9375,0.8688888888888889,0.9159090909090909,0.5878378378378378,0.7214912280701754,0.4989078982227992,0.6411939095387835,0.6292987359289512,0.7435473798215688,0.8562693904130092,0.9027613384471563,0.8352430555555556,0.8847656249999999,0.1465713675132068,0.15869576598506838,20261081,2,Asia,338,96,V1-V10_financial_only
PONE2016_h2_target_Asia,20260728,Uncertainty_gated_fusion,cost_2,96,48,0.29210420511633167,"Same-horizon leave-one-region-out transfer; source regions=Europe,North America; target region=Asia; source-only fit/search/calibration; target labels untouched until final evaluation; V1-V10 financial ratios only.","One-standard-error paired-bootstrap gate selected KELM_risk_feature; search utility difference=0.0000, required margin=0.0142.",Platt_logistic_on_separate_calibration_partition,0.625,0.9375,0.4166666666666667,0.6164383561643836,0.743801652892562,0.6617647058823529,0.8490566037735849,0.4148810258788731,0.545206723176208,0.6770833333333334,0.5833333333333334,0.7604166666666666,45.0,28.0,20.0,3.0,0.8752815770240917,0.8684895833333334,0.1542911081877728,0.48649584990457223,0.15508193600436182,0.1613335813915975,1.8929900385030585,2.0,0.3541666666666667,0.2361111111111111,0.8583333333333333,0.95625,0.35625,0.4520833333333333,0.5783849765258215,0.6358108108108108,0.7826529880192267,0.8686773752563226,0.26670896441900266,0.47266722965994806,0.440956458693567,0.5888728130397546,0.8462693398220423,0.9047328660831054,0.805642361111111,0.8873697916666666,0.1432913384586778,0.1698855348137561,20261081,2,Asia,338,96,V1-V10_financial_only
PONE2016_h2_target_Asia,20260728,Uncertainty_gated_fusion,cost_5,96,48,0.2122905038871031,"Same-horizon leave-one-region-out transfer; source regions=Europe,North America; target region=Asia; source-only fit/search/calibration; target labels untouched until final evaluation; V1-V10 financial ratios only.","One-standard-error paired-bootstrap gate selected KELM_risk_feature; search utility difference=0.0000, required margin=0.0142.",Platt_logistic_on_separate_calibration_partition,0.2041241452319315,1.0,0.041666666666666664,0.5106382978723404,0.676056338028169,0.5660377358490566,0.8391608391608392,0.14586499149789456,0.18249316773400426,0.5208333333333334,0.9583333333333334,0.9791666666666666,48.0,46.0,2.0,0.0,0.8752815770240917,0.8684895833333334,0.1542911081877728,0.48649584990457223,0.15508193600436182,0.1613335813915975,1.8929900385030585,5.0,0.4791666666666667,0.1597222222222222,1.0,1.0,0.0,0.09791666666666667,0.5,0.5257891045125088,0.8333333333333334,0.8471669673083101,0.0,0.2255497530721124,0.0,0.2793493139311109,0.8264922903843153,0.883627892159457,0.8303819444444445,0.8792100694444444,0.15408909958788408,0.17559899589357714,20261081,2,Asia,338,96,V1-V10_financial_only
PONE2016_h2_target_Asia,20260728,Uncertainty_gated_fusion,cost_10,96,48,0.2122905038871031,"Same-horizon leave-one-region-out transfer; source regions=Europe,North America; target region=Asia; source-only fit/search/calibration; target labels untouched until final evaluation; V1-V10 financial ratios only.","One-standard-error paired-bootstrap gate selected KELM_risk_feature; search utility difference=0.0000, required margin=0.0142.",Platt_logistic_on_separate_calibration_partition,0.2041241452319315,1.0,0.041666666666666664,0.5106382978723404,0.676056338028169,0.5660377358490566,0.8391608391608392,0.14586499149789456,0.18249316773400426,0.5208333333333334,0.9583333333333334,0.9791666666666666,48.0,46.0,2.0,0.0,0.8752815770240917,0.8684895833333334,0.1542911081877728,0.48649584990457223,0.15508193600436182,0.1613335813915975,1.8929900385030585,10.0,0.4791666666666667,0.08712121212121213,1.0,1.0,0.020833333333333332,0.16041666666666665,0.5052631578947369,0.5436563436563436,0.8362369337979094,0.8562342251388187,0.10259783520851541,0.29480057166691204,0.12881476730399327,0.36112979739218315,0.8826645505593496,0.9376640015647421,0.8791666666666668,0.9180989583333334,0.13224006034702998,0.1544937786318132,20261081,2,Asia,338,96,V1-V10_financial_only
PONE2016_h2_target_Asia,20260728,Uncertainty_gated_fusion,cost_20,96,48,0.2122905038871031,"Same-horizon leave-one-region-out transfer; source regions=Europe,North America; target region=Asia; source-only fit/search/calibration; target labels untouched until final evaluation; V1-V10 financial ratios only.","One-standard-error paired-bootstrap gate selected KELM_risk_feature; search utility difference=0.0000, required margin=0.0142.",Platt_logistic_on_separate_calibration_partition,0.2041241452319315,1.0,0.041666666666666664,0.5106382978723404,0.676056338028169,0.5660377358490566,0.8391608391608392,0.14586499149789456,0.18249316773400426,0.5208333333333334,0.9583333333333334,0.9791666666666666,48.0,46.0,2.0,0.0,0.8752815770240917,0.8684895833333334,0.1542911081877728,0.48649584990457223,0.15508193600436182,0.1613335813915975,1.8929900385030585,20.0,0.4791666666666667,0.04563492063492063,1.0,1.0,0.020833333333333332,0.08333333333333333,0.5052631578947369,0.5217391304347826,0.8362369337979094,0.8450704225352113,0.10259783520851541,0.20851441405707474,0.12881476730399327,0.2590110417589152,0.8411218733474761,0.9385726518654937,0.8265190972222222,0.9410590277777777,0.13096599161994507,0.16977076402431218,20261081,2,Asia,338,96,V1-V10_financial_only
PONE2016_h2_target_Asia,20260728,Full_random_search,triad,96,48,0.7015045077232196,"Same-horizon leave-one-region-out transfer; source regions=Europe,North America; target region=Asia; source-only fit/search/calibration; target labels untouched until final evaluation; V1-V10 financial ratios only.",Same full architecture and 81 evaluations as PBMSBAINGO; alpha=0.70.,Platt_logistic_on_separate_calibration_partition,0.6387379048648288,0.4166666666666667,0.9791666666666666,0.9523809523809523,0.5797101449275363,0.7575757575757576,0.4694835680751174,0.4787549991450211,0.5802113679446962,0.6979166666666666,0.020833333333333332,0.21875,20.0,1.0,47.0,28.0,0.8735697796374872,0.872829861111111,0.16758865749458232,0.5188827579211747,0.11992025288399123,0.12597118578415548,2.115152225482233,,,,0.29791666666666666,0.4166666666666667,0.9395833333333333,1.0,0.8306501547987616,1.0,0.3417197668881381,0.4712572738494093,0.3093616822203902,0.5080788209745439,0.4421811422213464,0.5943812081686195,0.8054702110437868,0.8872162208654124,0.8271701388888888,0.8773871527777779,0.1712031233379827,0.18525655862310184,20261129,2,Asia,338,96,V1-V10_financial_only
PONE2016_h2_target_Asia,20260728,Full_random_search,cost_1,96,48,0.5592242925385988,"Same-horizon leave-one-region-out transfer; source regions=Europe,North America; target region=Asia; source-only fit/search/calibration; target labels untouched until final evaluation; V1-V10 financial ratios only.",Same full architecture and 81 evaluations as PBMSBAINGO; alpha=0.70.,Platt_logistic_on_separate_calibration_partition,0.7872684844871327,0.7083333333333334,0.875,0.85,0.7727272727272727,0.8173076923076923,0.7327586206896551,0.5916079783099616,0.715747629403219,0.7916666666666667,0.125,0.4166666666666667,34.0,6.0,42.0,14.0,0.8735697796374872,0.872829861111111,0.16758865749458232,0.5188827579211747,0.11992025288399123,0.12597118578415548,2.115152225482233,1.0,0.20833333333333334,0.20833333333333334,0.6875,0.80625,0.85625,0.9520833333333334,0.8271153846153846,0.936376306620209,0.7115147783251231,0.8177595479980443,0.5516808676840022,0.6870528147535178,0.6873553288073087,0.7855802096211112,0.8964733029763974,0.9221682819570672,0.8871093750000001,0.9169704861111111,0.15333385296664764,0.16865408975115437,20261129,2,Asia,338,96,V1-V10_financial_only
PONE2016_h2_target_Asia,20260728,Full_random_search,cost_2,96,48,0.3126432834546442,"Same-horizon leave-one-region-out transfer; source regions=Europe,North America; target region=Asia; source-only fit/search/calibration; target labels untouched until final evaluation; V1-V10 financial ratios only.",Same full architecture and 81 evaluations as PBMSBAINGO; alpha=0.70.,Platt_logistic_on_separate_calibration_partition,0.6319062870042959,0.9583333333333334,0.4166666666666667,0.6216216216216216,0.7540983606557377,0.6686046511627907,0.8646616541353384,0.44611343738694875,0.562665411982403,0.6875,0.5833333333333334,0.7708333333333334,46.0,28.0,20.0,2.0,0.8735697796374872,0.872829861111111,0.16758865749458232,0.5188827579211747,0.11992025288399123,0.12597118578415548,2.115152225482233,2.0,0.3333333333333333,0.2222222222222222,0.9020833333333333,1.0,0.39791666666666664,0.47500000000000003,0.6069125277983691,0.6470985915492958,0.8231939163498099,0.898541002850914,0.36660007355617236,0.527534153595884,0.515632692431555,0.6137924077655478,0.8420053713483525,0.9261422108616015,0.8263888888888888,0.9176649305555555,0.15229233782910245,0.18786506151726412,20261129,2,Asia,338,96,V1-V10_financial_only
PONE2016_h2_target_Asia,20260728,Full_random_search,cost_5,96,48,0.3085526542409827,"Same-horizon leave-one-region-out transfer; source regions=Europe,North America; target region=Asia; source-only fit/search/calibration; target labels untouched until final evaluation; V1-V10 financial ratios only.",Same full architecture and 81 evaluations as PBMSBAINGO; alpha=0.70.,Platt_logistic_on_separate_calibration_partition,0.5994789404140899,0.9583333333333334,0.375,0.6052631578947368,0.7419354838709677,0.6534090909090909,0.8582089552238806,0.41039134083406165,0.5283422608165946,0.6666666666666667,0.625,0.7916666666666666,46.0,30.0,18.0,2.0,0.8735697796374872,0.872829861111111,0.16758865749458232,0.5188827579211747,0.11992025288399123,0.12597118578415548,2.115152225482233,5.0,0.4166666666666667,0.1388888888888889,0.9,0.9979166666666667,0.27499999999999997,0.44999999999999996,0.5639423076923077,0.6394520547945206,0.8129092674805771,0.8863485016648169,0.2832838435653461,0.50597144126239,0.4180594110796536,0.6044481124085699,0.8217604430013528,0.920312929799197,0.8196614583333333,0.9082031250000001,0.15366110026691768,0.18529205784104788,20261129,2,Asia,338,96,V1-V10_financial_only
PONE2016_h2_target_Asia,20260728,Full_random_search,cost_10,96,48,0.3085526542409827,"Same-horizon leave-one-region-out transfer; source regions=Europe,North America; target region=Asia; source-only fit/search/calibration; target labels untouched until final evaluation; V1-V10 financial ratios only.",Same full architecture and 81 evaluations as PBMSBAINGO; alpha=0.70.,Platt_logistic_on_separate_calibration_partition,0.5994789404140899,0.9583333333333334,0.375,0.6052631578947368,0.7419354838709677,0.6534090909090909,0.8582089552238806,0.41039134083406165,0.5283422608165946,0.6666666666666667,0.625,0.7916666666666666,46.0,30.0,18.0,2.0,0.8735697796374872,0.872829861111111,0.16758865749458232,0.5188827579211747,0.11992025288399123,0.12597118578415548,2.115152225482233,10.0,0.5208333333333334,0.0946969696969697,0.9375,0.9791666666666666,0.29375,0.47291666666666665,0.5714082278481013,0.6407335907335908,0.8331103349201431,0.8727115185733851,0.30927634790543634,0.46653785158334077,0.44041129571318344,0.5917259674919628,0.8065041707587901,0.8988693745319697,0.8050781250000001,0.9064236111111111,0.14906602426786236,0.1871712050910059,20261129,2,Asia,338,96,V1-V10_financial_only
PONE2016_h2_target_Asia,20260728,Full_random_search,cost_20,96,48,0.3085526542409827,"Same-horizon leave-one-region-out transfer; source regions=Europe,North America; target region=Asia; source-only fit/search/calibration; target labels untouched until final evaluation; V1-V10 financial ratios only.",Same full architecture and 81 evaluations as PBMSBAINGO; alpha=0.70.,Platt_logistic_on_separate_calibration_partition,0.5994789404140899,0.9583333333333334,0.375,0.6052631578947368,0.7419354838709677,0.6534090909090909,0.8582089552238806,0.41039134083406165,0.5283422608165946,0.6666666666666667,0.625,0.7916666666666666,46.0,30.0,18.0,2.0,0.8735697796374872,0.872829861111111,0.16758865749458232,0.5188827579211747,0.11992025288399123,0.12597118578415548,2.115152225482233,20.0,0.7291666666666666,0.06944444444444445,0.91875,0.9770833333333333,0.29375,0.3729166666666667,0.570350535540409,0.608017316017316,0.8245988639661678,0.8711162018683384,0.30217078906020745,0.4354821506415898,0.43656320501063345,0.5392066257514639,0.8345225826977334,0.8811857283423943,0.8243923611111111,0.8763454861111111,0.16987729485566347,0.18367689294282472,20261129,2,Asia,338,96,V1-V10_financial_only
PONE2016_h2_target_Asia,20260728,Balanced_logistic,triad,96,48,0.5018955893315805,"Same-horizon leave-one-region-out transfer; source regions=Europe,North America; target region=Asia; source-only fit/search/calibration; target labels untouched until final evaluation; V1-V10 financial ratios only.",Class-weighted logistic reference using the same source-only fit/search/calibration and untouched regional target.,Platt_logistic_on_separate_calibration_partition,0.8212668060177927,0.7708333333333334,0.875,0.8604651162790697,0.8131868131868132,0.8409090909090909,0.7872340425531915,0.6493659782899173,0.7594269826011288,0.8229166666666667,0.125,0.4479166666666667,37.0,6.0,42.0,11.0,0.9124399524683342,0.9144965277777777,0.21907467623175195,0.6304146150301188,0.28332597523044223,0.19947533420876737,15.215925082689253,,,,0.7520833333333333,0.86875,0.8354166666666667,0.9333333333333333,0.8244444444444444,0.9235191637630662,0.7733380416870393,0.8708333333333333,0.6095249766562121,0.7553360514166091,0.7328271104201337,0.8318632695340117,0.8719611443738868,0.9593335513604634,0.8928385416666667,0.9527343749999999,0.21336060726914624,0.22221031410978007,20262029,2,Asia,338,96,V1-V10_financial_only
PONE2016_h2_target_Asia,20260728,Balanced_logistic,cost_1,96,48,0.46054175687637255,"Same-horizon leave-one-region-out transfer; source regions=Europe,North America; target region=Asia; source-only fit/search/calibration; target labels untouched until final evaluation; V1-V10 financial ratios only.",Class-weighted logistic reference using the same source-only fit/search/calibration and untouched regional target.,Platt_logistic_on_separate_calibration_partition,0.6614378277661477,1.0,0.4375,0.64,0.7804878048780488,0.6896551724137931,0.898876404494382,0.529150262212918,0.6140244870976886,0.71875,0.5625,0.78125,48.0,27.0,21.0,0.0,0.9124399524683342,0.9144965277777777,0.21907467623175195,0.6304146150301188,0.28332597523044223,0.19947533420876737,15.215925082689253,1.0,0.28125,0.28125,1.0,1.0,0.3395833333333333,0.47708333333333336,0.6023376623376623,0.6566456867826731,0.8833369779138421,0.905319903532416,0.4521664995834823,0.5597036366037255,0.5353570740181557,0.6439383222680989,0.8594295619164312,0.967001662830934,0.8575520833333333,0.9617621527777779,0.21030614483647897,0.2256423294769406,20262029,2,Asia,338,96,V1-V10_financial_only
PONE2016_h2_target_Asia,20260728,Balanced_logistic,cost_2,96,48,0.46054175687637255,"Same-horizon leave-one-region-out transfer; source regions=Europe,North America; target region=Asia; source-only fit/search/calibration; target labels untouched until final evaluation; V1-V10 financial ratios only.",Class-weighted logistic reference using the same source-only fit/search/calibration and untouched regional target.,Platt_logistic_on_separate_calibration_partition,0.6614378277661477,1.0,0.4375,0.64,0.7804878048780488,0.6896551724137931,0.898876404494382,0.529150262212918,0.6140244870976886,0.71875,0.5625,0.78125,48.0,27.0,21.0,0.0,0.9124399524683342,0.9144965277777777,0.21907467623175195,0.6304146150301188,0.28332597523044223,0.19947533420876737,15.215925082689253,2.0,0.28125,0.1875,1.0,1.0,0.3125,0.47291666666666665,0.5925925925925926,0.6549387166546503,0.8791208791208791,0.9046465784286116,0.4303314829119352,0.5564775785273561,0.5123314865020809,0.6407406731814145,0.8541089888554023,0.9425714281429737,0.8519965277777777,0.9378038194444445,0.21542027168764977,0.2267869114745637,20262029,2,Asia,338,96,V1-V10_financial_only
PONE2016_h2_target_Asia,20260728,Balanced_logistic,cost_5,96,48,0.42475317511518035,"Same-horizon leave-one-region-out transfer; source regions=Europe,North America; target region=Asia; source-only fit/search/calibration; target labels untouched until final evaluation; V1-V10 financial ratios only.",Class-weighted logistic reference using the same source-only fit/search/calibration and untouched regional target.,Platt_logistic_on_separate_calibration_partition,0.3227486121839514,1.0,0.10416666666666667,0.5274725274725275,0.6906474820143885,0.5825242718446602,0.8480565371024735,0.2344036154692477,0.29011110795301165,0.5520833333333334,0.8958333333333334,0.9479166666666666,48.0,43.0,5.0,0.0,0.9124399524683342,0.9144965277777777,0.21907467623175195,0.6304146150301188,0.28332597523044223,0.19947533420876737,15.215925082689253,5.0,0.4479166666666667,0.14930555555555555,1.0,1.0,0.0625,0.10416666666666667,0.5161290322580645,0.5274725274725275,0.8421052631578947,0.8480565371024735,0.1796053020267749,0.2344036154692477,0.22390633956822156,0.29011110795301165,0.8852071479342573,0.9578244980328178,0.8990885416666667,0.951171875,0.2143740099126321,0.22066244474700253,20262029,2,Asia,338,96,V1-V10_financial_only
PONE2016_h2_target_Asia,20260728,Balanced_logistic,cost_10,96,48,0.42475317511518035,"Same-horizon leave-one-region-out transfer; source regions=Europe,North America; target region=Asia; source-only fit/search/calibration; target labels untouched until final evaluation; V1-V10 financial ratios only.",Class-weighted logistic reference using the same source-only fit/search/calibration and untouched regional target.,Platt_logistic_on_separate_calibration_partition,0.3227486121839514,1.0,0.10416666666666667,0.5274725274725275,0.6906474820143885,0.5825242718446602,0.8480565371024735,0.2344036154692477,0.29011110795301165,0.5520833333333334,0.8958333333333334,0.9479166666666666,48.0,43.0,5.0,0.0,0.9124399524683342,0.9144965277777777,0.21907467623175195,0.6304146150301188,0.28332597523044223,0.19947533420876737,15.215925082689253,10.0,0.4479166666666667,0.08143939393939394,1.0,1.0,0.08541666666666667,0.14583333333333334,0.5223124701385571,0.5393258426966292,0.8453690339919375,0.8540925266903915,0.21110333419829203,0.2804490780752514,0.26212104837832484,0.34453785038727813,0.8962533429725289,0.9305602963536609,0.9010416666666666,0.9290364583333333,0.2179977858491484,0.22285503350243024,20262029,2,Asia,338,96,V1-V10_financial_only
PONE2016_h2_target_Asia,20260728,Balanced_logistic,cost_20,96,48,0.42475317511518035,"Same-horizon leave-one-region-out transfer; source regions=Europe,North America; target region=Asia; source-only fit/search/calibration; target labels untouched until final evaluation; V1-V10 financial ratios only.",Class-weighted logistic reference using the same source-only fit/search/calibration and untouched regional target.,Platt_logistic_on_separate_calibration_partition,0.3227486121839514,1.0,0.10416666666666667,0.5274725274725275,0.6906474820143885,0.5825242718446602,0.8480565371024735,0.2344036154692477,0.29011110795301165,0.5520833333333334,0.8958333333333334,0.9479166666666666,48.0,43.0,5.0,0.0,0.9124399524683342,0.9144965277777777,0.21907467623175195,0.6304146150301188,0.28332597523044223,0.19947533420876737,15.215925082689253,20.0,0.4479166666666667,0.04265873015873016,1.0,1.0,0.06666666666666667,0.16666666666666666,0.5172633817795108,0.5454545454545454,0.8427003905523526,0.8571428571428571,0.1850851333710222,0.30151134457776363,0.23052681640670059,0.36902076288542446,0.8736234244125479,0.9470463880482106,0.8842881944444444,0.9509548611111112,0.2152256673935805,0.22127744215120396,20262029,2,Asia,338,96,V1-V10_financial_only
PONE2016_h2_target_Europe,20260728,HistGB,triad,171,86,0.7628023532066212,"Same-horizon leave-one-region-out transfer; source regions=Asia,North America; target region=Europe; source-only fit/search/calibration; target labels untouched until final evaluation; V1-V10 financial ratios only.",No metaheuristic; threshold and Platt calibration use calibration partition.,Platt_logistic_on_separate_calibration_partition,0.6651373247222817,0.4883720930232558,0.9058823529411765,0.84,0.6176470588235294,0.7342657342657343,0.5329949238578681,0.4333687592941463,0.5766249276106553,0.6971272229822161,0.09411764705882353,0.29239766081871343,42.0,8.0,77.0,44.0,0.7659263943051273,0.7586867305061559,0.20314842789294527,0.5928567766779367,0.06660238577295453,0.08463701987751243,0.903969980012157,,,,0.4232558139534884,0.5209302325581395,0.8705882352941177,0.94,0.7851276359600444,0.8927884615384616,0.4703220305633895,0.5662105751391466,0.36901269891778576,0.48973597285053,0.5306438470781658,0.6135108544181892,0.7397448273309459,0.7810261263967704,0.7250205198358413,0.7713406292749658,0.19583249941299266,0.21747146309660856,20260728,2,Europe,263,171,V1-V10_financial_only
PONE2016_h2_target_Europe,20260728,HistGB,cost_1,171,86,0.76272191611171,"Same-horizon leave-one-region-out transfer; source regions=Asia,North America; target region=Europe; source-only fit/search/calibration; target labels untouched until final evaluation; V1-V10 financial ratios only.",No metaheuristic; threshold and Platt calibration use calibration partition.,Platt_logistic_on_separate_calibration_partition,0.6651373247222817,0.4883720930232558,0.9058823529411765,0.84,0.6176470588235294,0.7342657342657343,0.5329949238578681,0.4333687592941463,0.5766249276106553,0.6971272229822161,0.09411764705882353,0.29239766081871343,42.0,8.0,77.0,44.0,0.7659263943051273,0.7586867305061559,0.20314842789294527,0.5928567766779367,0.06660238577295453,0.08463701987751243,0.903969980012157,1.0,0.30409356725146197,0.30409356725146197,0.4476744186046512,0.5755813953488372,0.8635294117647059,0.916470588235294,0.7931350114416476,0.8618620689655172,0.4928919182083739,0.6158112182230989,0.3934036412275017,0.5090612557768518,0.542144841200974,0.6419390159687851,0.741121665387792,0.800282337319554,0.7445690834473324,0.8123939808481533,0.17541860754413138,0.20509958167979125,20260728,2,Europe,263,171,V1-V10_financial_only
PONE2016_h2_target_Europe,20260728,HistGB,cost_2,171,86,0.29399766988036163,"Same-horizon leave-one-region-out transfer; source regions=Asia,North America; target region=Europe; source-only fit/search/calibration; target labels untouched until final evaluation; V1-V10 financial ratios only.",No metaheuristic; threshold and Platt calibration use calibration partition.,Platt_logistic_on_separate_calibration_partition,0.6632837103666549,0.7790697674418605,0.5647058823529412,0.6442307692307693,0.7052631578947368,0.6673306772908366,0.7477678571428571,0.35211111059454525,0.5370641096121351,0.6718878248974008,0.43529411764705883,0.6081871345029239,67.0,37.0,48.0,19.0,0.7659263943051273,0.7586867305061559,0.20314842789294527,0.5928567766779367,0.06660238577295453,0.08463701987751243,0.903969980012157,2.0,0.43859649122807015,0.2918287937743191,0.7383720930232558,0.8767441860465116,0.5129411764705882,0.6435294117647059,0.6261363636363636,0.6969106908818573,0.71670923923805,0.8323211475069046,0.315293781825814,0.5080422760089752,0.5101713077562792,0.6487562317442921,0.7482480339396705,0.8150466417668119,0.7236935704514363,0.8241860465116279,0.17381524731375697,0.21107475030437164,20260728,2,Europe,263,171,V1-V10_financial_only
PONE2016_h2_target_Europe,20260728,HistGB,cost_5,171,86,0.2262426109452136,"Same-horizon leave-one-region-out transfer; source regions=Asia,North America; target region=Europe; source-only fit/search/calibration; target labels untouched until final evaluation; V1-V10 financial ratios only.",No metaheuristic; threshold and Platt calibration use calibration partition.,Platt_logistic_on_separate_calibration_partition,0.3031977318006905,0.9767441860465116,0.09411764705882353,0.5217391304347826,0.680161943319838,0.5753424657534246,0.8316831683168316,0.15099345868058398,0.24032743048057134,0.5354309165526676,0.9058823529411765,0.9415204678362573,84.0,77.0,8.0,2.0,0.7659263943051273,0.7586867305061559,0.20314842789294527,0.5928567766779367,0.06660238577295453,0.08463701987751243,0.903969980012157,5.0,0.5087719298245614,0.16893203883495145,0.9674418604651163,0.9988372093023256,0.06117647058823529,0.09411764705882353,0.5155113636363636,0.5246913580246914,0.8245684816166152,0.8458031184837074,0.12147098063191736,0.20549973076487005,0.19804144461450907,0.25804203950904925,0.7297060582790936,0.8064139654546121,0.7401778385772915,0.7737072503419973,0.19521974738072514,0.21240129401525024,20260728,2,Europe,263,171,V1-V10_financial_only
PONE2016_h2_target_Europe,20260728,HistGB,cost_10,171,86,0.2262426109452136,"Same-horizon leave-one-region-out transfer; source regions=Asia,North America; target region=Europe; source-only fit/search/calibration; target labels untouched until final evaluation; V1-V10 financial ratios only.",No metaheuristic; threshold and Platt calibration use calibration partition.,Platt_logistic_on_separate_calibration_partition,0.3031977318006905,0.9767441860465116,0.09411764705882353,0.5217391304347826,0.680161943319838,0.5753424657534246,0.8316831683168316,0.15099345868058398,0.24032743048057134,0.5354309165526676,0.9058823529411765,0.9415204678362573,84.0,77.0,8.0,2.0,0.7659263943051273,0.7586867305061559,0.20314842789294527,0.5928567766779367,0.06660238577295453,0.08463701987751243,0.903969980012157,10.0,0.5672514619883041,0.10264550264550265,0.9453488372093023,0.9988372093023256,0.047058823529411764,0.1341176470588235,0.5065340909090909,0.5386217211228715,0.8057290204883525,0.8530451151359559,0.02930135429060022,0.2635772740203637,0.12151234321080952,0.3270532843486179,0.6862130194457713,0.8180547621445421,0.696593707250342,0.8056497948016416,0.19026758497416063,0.23065961878976815,20260728,2,Europe,263,171,V1-V10_financial_only
PONE2016_h2_target_Europe,20260728,HistGB,cost_20,171,86,0.2262426109452136,"Same-horizon leave-one-region-out transfer; source regions=Asia,North America; target region=Europe; source-only fit/search/calibration; target labels untouched until final evaluation; V1-V10 financial ratios only.",No metaheuristic; threshold and Platt calibration use calibration partition.,Platt_logistic_on_separate_calibration_partition,0.3031977318006905,0.9767441860465116,0.09411764705882353,0.5217391304347826,0.680161943319838,0.5753424657534246,0.8316831683168316,0.15099345868058398,0.24032743048057134,0.5354309165526676,0.9058823529411765,0.9415204678362573,84.0,77.0,8.0,2.0,0.7659263943051273,0.7586867305061559,0.20314842789294527,0.5928567766779367,0.06660238577295453,0.08463701987751243,0.903969980012157,20.0,0.6842105263157895,0.06481994459833795,0.9662790697674419,0.9976744186046511,0.05058823529411765,0.15176470588235294,0.51003367003367,0.5406386066763426,0.8235861633454953,0.8533836978131213,0.07028421899771944,0.2716205990093641,0.15140914337572622,0.33771187140374886,0.7478322022531503,0.8283029205114815,0.7520383036935704,0.81484268125855,0.17929198976283345,0.21272934345681266,20260728,2,Europe,263,171,V1-V10_financial_only
PONE2016_h2_target_Europe,20260728,KELM_PBMSBAINGO,triad,171,86,0.7464981571389439,"Same-horizon leave-one-region-out transfer; source regions=Asia,North America; target region=Europe; source-only fit/search/calibration; target labels untouched until final evaluation; V1-V10 financial ratios only.",Plain KELM; hyperparameters/features selected only on search partition.,Platt_logistic_on_separate_calibration_partition,0.6779707389300936,0.4883720930232558,0.9411764705882353,0.8936170212765957,0.631578947368421,0.7664233576642335,0.5370843989769821,0.48107322712083095,0.604706118424894,0.7147742818057455,0.058823529411764705,0.27485380116959063,42.0,5.0,80.0,44.0,0.8318420572617632,0.8476060191518467,0.16347364570174486,0.5193370220702453,0.08221668817540628,0.1310291209240575,0.6526065540859992,,,,0.3848837209302326,0.5581395348837209,0.9188235294117647,0.9752941176470588,0.8488111888111888,0.9565,0.43223107733107324,0.6083737261936568,0.37771020196302707,0.5798127772002886,0.5135260438364289,0.6796601974931197,0.7529323606747572,0.9025168861298063,0.7782763337893297,0.8822024623803009,0.14021891623374388,0.20124986811464746,20260829,2,Europe,263,171,V1-V10_financial_only
PONE2016_h2_target_Europe,20260728,KELM_PBMSBAINGO,cost_1,171,86,0.7448825356777985,"Same-horizon leave-one-region-out transfer; source regions=Asia,North America; target region=Europe; source-only fit/search/calibration; target labels untouched until final evaluation; V1-V10 financial ratios only.",Plain KELM; hyperparameters/features selected only on search partition.,Platt_logistic_on_separate_calibration_partition,0.6779707389300936,0.4883720930232558,0.9411764705882353,0.8936170212765957,0.631578947368421,0.7664233576642335,0.5370843989769821,0.48107322712083095,0.604706118424894,0.7147742818057455,0.058823529411764705,0.27485380116959063,42.0,5.0,80.0,44.0,0.8318420572617632,0.8476060191518467,0.16347364570174486,0.5193370220702453,0.08221668817540628,0.1310291209240575,0.6526065540859992,1.0,0.28654970760233917,0.28654970760233917,0.4255813953488372,0.555813953488372,0.9199999999999999,0.9752941176470588,0.8592334494773519,0.9529684601113173,0.4742143352830376,0.6026047775619949,0.4241046941807722,0.5511890922311683,0.5532262433324124,0.6580217147536895,0.8420464768406445,0.8952800398085058,0.8372093023255813,0.8987688098495211,0.1336287301678405,0.17329432026649805,20260829,2,Europe,263,171,V1-V10_financial_only
PONE2016_h2_target_Europe,20260728,KELM_PBMSBAINGO,cost_2,171,86,0.17792751862227982,"Same-horizon leave-one-region-out transfer; source regions=Asia,North America; target region=Europe; source-only fit/search/calibration; target labels untouched until final evaluation; V1-V10 financial ratios only.",Plain KELM; hyperparameters/features selected only on search partition.,Platt_logistic_on_separate_calibration_partition,0.708170027579321,0.9069767441860465,0.5529411764705883,0.6724137931034483,0.7722772277227723,0.7090909090909091,0.8478260869565217,0.492298691293678,0.6273375087937959,0.7299589603283174,0.4470588235294118,0.6783625730994152,78.0,38.0,47.0,8.0,0.8318420572617632,0.8476060191518467,0.16347364570174486,0.5193370220702453,0.08221668817540628,0.1310291209240575,0.6526065540859992,2.0,0.3157894736842105,0.21011673151750973,0.9197674418604651,0.9744186046511627,0.49411764705882355,0.6105882352941177,0.6483868852459017,0.7078577967653341,0.85029557912461,0.8951005840363401,0.4612219416917479,0.5904517063759188,0.5944791455497958,0.6963107172482715,0.8332034993951949,0.8910972492622681,0.855047879616963,0.8935294117647058,0.1363384576665664,0.15318481289001248,20260829,2,Europe,263,171,V1-V10_financial_only
PONE2016_h2_target_Europe,20260728,KELM_PBMSBAINGO,cost_5,171,86,0.10981148217860999,"Same-horizon leave-one-region-out transfer; source regions=Asia,North America; target region=Europe; source-only fit/search/calibration; target labels untouched until final evaluation; V1-V10 financial ratios only.",Plain KELM; hyperparameters/features selected only on search partition.,Platt_logistic_on_separate_calibration_partition,0.635476490011271,0.9534883720930233,0.4235294117647059,0.6259541984732825,0.7557603686635944,0.6721311475409836,0.8631578947368421,0.4453022415383345,0.5644402200297358,0.6885088919288646,0.5764705882352941,0.7660818713450293,82.0,49.0,36.0,4.0,0.8318420572617632,0.8476060191518467,0.16347364570174486,0.5193370220702453,0.08221668817540628,0.1310291209240575,0.6526065540859992,5.0,0.40350877192982454,0.13398058252427184,0.9313953488372093,0.9848837209302326,0.4023529411764706,0.5341176470588235,0.6122137404580152,0.681221198156682,0.8440649496080627,0.903805582603051,0.39556928437378464,0.5805928654776047,0.5294108292371987,0.6730142376150884,0.818356184284043,0.908791298373257,0.8058823529411764,0.9222708618331054,0.12298238558958853,0.1894675618300733,20260829,2,Europe,263,171,V1-V10_financial_only
PONE2016_h2_target_Europe,20260728,KELM_PBMSBAINGO,cost_10,171,86,0.10981148217860999,"Same-horizon leave-one-region-out transfer; source regions=Asia,North America; target region=Europe; source-only fit/search/calibration; target labels untouched until final evaluation; V1-V10 financial ratios only.",Plain KELM; hyperparameters/features selected only on search partition.,Platt_logistic_on_separate_calibration_partition,0.635476490011271,0.9534883720930233,0.4235294117647059,0.6259541984732825,0.7557603686635944,0.6721311475409836,0.8631578947368421,0.4453022415383345,0.5644402200297358,0.6885088919288646,0.5764705882352941,0.7660818713450293,82.0,49.0,36.0,4.0,0.8318420572617632,0.8476060191518467,0.16347364570174486,0.5193370220702453,0.08221668817540628,0.1310291209240575,0.6526065540859992,10.0,0.52046783625731,0.09417989417989418,0.9534883720930233,0.9872093023255814,0.39176470588235296,0.4576470588235294,0.6184777727885047,0.648091603053435,0.8633399955585166,0.8936842105263157,0.44600171251493925,0.5254275614145537,0.5564889339071313,0.6191727344949228,0.8293585215450727,0.849836145094136,0.84296853625171,0.8734746922024623,0.14767257451520827,0.16907811448972512,20260829,2,Europe,263,171,V1-V10_financial_only
PONE2016_h2_target_Europe,20260728,KELM_PBMSBAINGO,cost_20,171,86,0.10981148217860999,"Same-horizon leave-one-region-out transfer; source regions=Asia,North America; target region=Europe; source-only fit/search/calibration; target labels untouched until final evaluation; V1-V10 financial ratios only.",Plain KELM; hyperparameters/features selected only on search partition.,Platt_logistic_on_separate_calibration_partition,0.635476490011271,0.9534883720930233,0.4235294117647059,0.6259541984732825,0.7557603686635944,0.6721311475409836,0.8631578947368421,0.4453022415383345,0.5644402200297358,0.6885088919288646,0.5764705882352941,0.7660818713450293,82.0,49.0,36.0,4.0,0.8318420572617632,0.8476060191518467,0.16347364570174486,0.5193370220702453,0.08221668817540628,0.1310291209240575,0.6526065540859992,20.0,0.7543859649122807,0.07146814404432134,0.9302325581395349,0.9872093023255814,0.4011764705882353,0.43411764705882355,0.6203617571059431,0.629262086513995,0.845845128462393,0.8862212943632568,0.4119469516111304,0.4878683497376998,0.5459723920808812,0.5825928766922838,0.8017692611802255,0.8506457104097873,0.8142270861833105,0.8668946648426813,0.14985366860904287,0.18766977929595857,20260829,2,Europe,263,171,V1-V10_financial_only
PONE2016_h2_target_Europe,20260728,KELM_score_fusion,triad,171,86,0.7520099646743941,"Same-horizon leave-one-region-out transfer; source regions=Asia,North America; target region=Europe; source-only fit/search/calibration; target labels untouched until final evaluation; V1-V10 financial ratios only.",Plain KELM plus HistGB score-level fusion; alpha=1.00 selected only on search partition.,Platt_logistic_on_separate_calibration_partition,0.6779707389300936,0.4883720930232558,0.9411764705882353,0.8936170212765957,0.631578947368421,0.7664233576642335,0.5370843989769821,0.48107322712083095,0.604706118424894,0.7147742818057455,0.058823529411764705,0.27485380116959063,42.0,5.0,80.0,44.0,0.8318420572617632,0.8476060191518467,0.163674708848849,0.5120902999279019,0.08110805178209599,0.14508177857848545,0.6837870867422651,,,,0.3686046511627907,0.5837209302325582,0.9423529411764706,0.9647058823529412,0.8867261904761905,0.9272283813747229,0.4174245279786177,0.6300349087003222,0.39715998889514037,0.5750535640923917,0.518642407804139,0.6834579719355544,0.7961149719239585,0.9026243415574707,0.8191381668946649,0.906046511627907,0.1279609424651917,0.18797921848719246,20260831,2,Europe,263,171,V1-V10_financial_only
PONE2016_h2_target_Europe,20260728,KELM_score_fusion,cost_1,171,86,0.7503915871046929,"Same-horizon leave-one-region-out transfer; source regions=Asia,North America; target region=Europe; source-only fit/search/calibration; target labels untouched until final evaluation; V1-V10 financial ratios only.",Plain KELM plus HistGB score-level fusion; alpha=1.00 selected only on search partition.,Platt_logistic_on_separate_calibration_partition,0.6779707389300936,0.4883720930232558,0.9411764705882353,0.8936170212765957,0.631578947368421,0.7664233576642335,0.5370843989769821,0.48107322712083095,0.604706118424894,0.7147742818057455,0.058823529411764705,0.27485380116959063,42.0,5.0,80.0,44.0,0.8318420572617632,0.8476060191518467,0.163674708848849,0.5120902999279019,0.08110805178209599,0.14508177857848545,0.6837870867422651,1.0,0.28654970760233917,0.28654970760233917,0.4313953488372093,0.5383720930232557,0.9317647058823529,0.9752941176470588,0.8675166297117517,0.9562885619364024,0.4814366046324809,0.5898475254946052,0.42705139836272166,0.5700218883686909,0.5596972022992083,0.6687810510681558,0.8012758812996601,0.8642827567881249,0.8050205198358412,0.8622845417236662,0.15109097821604356,0.18749704379448792,20260831,2,Europe,263,171,V1-V10_financial_only
PONE2016_h2_target_Europe,20260728,KELM_score_fusion,cost_2,171,86,0.1743202751207869,"Same-horizon leave-one-region-out transfer; source regions=Asia,North America; target region=Europe; source-only fit/search/calibration; target labels untouched until final evaluation; V1-V10 financial ratios only.",Plain KELM plus HistGB score-level fusion; alpha=1.00 selected only on search partition.,Platt_logistic_on_separate_calibration_partition,0.708170027579321,0.9069767441860465,0.5529411764705883,0.6724137931034483,0.7722772277227723,0.7090909090909091,0.8478260869565217,0.492298691293678,0.6273375087937959,0.7299589603283174,0.4470588235294118,0.6783625730994152,78.0,38.0,47.0,8.0,0.8318420572617632,0.8476060191518467,0.163674708848849,0.5120902999279019,0.08110805178209599,0.14508177857848545,0.6837870867422651,2.0,0.3157894736842105,0.21011673151750973,0.8837209302325582,0.9383720930232559,0.5188235294117648,0.5411764705882353,0.650132625994695,0.6691460055096419,0.8244742054135622,0.8684696662234973,0.43277840002612805,0.5144301547381441,0.5832629850064682,0.6350250172089374,0.7993811193651466,0.8788973100025306,0.8166347469220246,0.8728317373461012,0.1456010014896955,0.1809441417615328,20260831,2,Europe,263,171,V1-V10_financial_only
PONE2016_h2_target_Europe,20260728,KELM_score_fusion,cost_5,171,86,0.1089978639893849,"Same-horizon leave-one-region-out transfer; source regions=Asia,North America; target region=Europe; source-only fit/search/calibration; target labels untouched until final evaluation; V1-V10 financial ratios only.",Plain KELM plus HistGB score-level fusion; alpha=1.00 selected only on search partition.,Platt_logistic_on_separate_calibration_partition,0.635476490011271,0.9534883720930233,0.4235294117647059,0.6259541984732825,0.7557603686635944,0.6721311475409836,0.8631578947368421,0.4453022415383345,0.5644402200297358,0.6885088919288646,0.5764705882352941,0.7660818713450293,82.0,49.0,36.0,4.0,0.8318420572617632,0.8476060191518467,0.163674708848849,0.5120902999279019,0.08110805178209599,0.14508177857848545,0.6837870867422651,5.0,0.40350877192982454,0.13398058252427184,0.9418604651162791,0.9860465116279069,0.33647058823529413,0.4458823529411765,0.5899150049035633,0.6374060822898032,0.841847745036976,0.8844277426160337,0.3518338957360073,0.482558139597414,0.48131217286306394,0.5909944262105933,0.8139316407135723,0.874568752590917,0.8359507523939809,0.8786183310533515,0.14275854733843082,0.17203315282756199,20260831,2,Europe,263,171,V1-V10_financial_only
PONE2016_h2_target_Europe,20260728,KELM_score_fusion,cost_10,171,86,0.1089978639893849,"Same-horizon leave-one-region-out transfer; source regions=Asia,North America; target region=Europe; source-only fit/search/calibration; target labels untouched until final evaluation; V1-V10 financial ratios only.",Plain KELM plus HistGB score-level fusion; alpha=1.00 selected only on search partition.,Platt_logistic_on_separate_calibration_partition,0.635476490011271,0.9534883720930233,0.4235294117647059,0.6259541984732825,0.7557603686635944,0.6721311475409836,0.8631578947368421,0.4453022415383345,0.5644402200297358,0.6885088919288646,0.5764705882352941,0.7660818713450293,82.0,49.0,36.0,4.0,0.8318420572617632,0.8476060191518467,0.163674708848849,0.5120902999279019,0.08110805178209599,0.14508177857848545,0.6837870867422651,10.0,0.52046783625731,0.09417989417989418,0.9546511627906977,0.9976744186046511,0.4011764705882353,0.43529411764705883,0.6198687016047582,0.6359625668449198,0.8653010963402362,0.8944852941176471,0.44433151192892323,0.5083470348955705,0.5561659255628979,0.5943708207817862,0.8301376337481791,0.8590722154231516,0.8241586867305061,0.8661285909712723,0.1529791968850647,0.177139847239266,20260831,2,Europe,263,171,V1-V10_financial_only
PONE2016_h2_target_Europe,20260728,KELM_score_fusion,cost_20,171,86,0.1089978639893849,"Same-horizon leave-one-region-out transfer; source regions=Asia,North America; target region=Europe; source-only fit/search/calibration; target labels untouched until final evaluation; V1-V10 financial ratios only.",Plain KELM plus HistGB score-level fusion; alpha=1.00 selected only on search partition.,Platt_logistic_on_separate_calibration_partition,0.635476490011271,0.9534883720930233,0.4235294117647059,0.6259541984732825,0.7557603686635944,0.6721311475409836,0.8631578947368421,0.4453022415383345,0.5644402200297358,0.6885088919288646,0.5764705882352941,0.7660818713450293,82.0,49.0,36.0,4.0,0.8318420572617632,0.8476060191518467,0.163674708848849,0.5120902999279019,0.08110805178209599,0.14508177857848545,0.6837870867422651,20.0,0.7543859649122807,0.07146814404432134,0.9116279069767441,0.9872093023255814,0.34941176470588237,0.49411764705882355,0.6019047619047619,0.6637979822834645,0.833124300111982,0.8995533304544964,0.39102793394476204,0.5542925016093069,0.5180575154185143,0.6466304851457474,0.7828680151223563,0.8770080866415084,0.7974965800273598,0.8953488372093024,0.134262810354555,0.19690234532726716,20260831,2,Europe,263,171,V1-V10_financial_only
PONE2016_h2_target_Europe,20260728,KELM_risk_feature,triad,171,86,0.5768171746990454,"Same-horizon leave-one-region-out transfer; source regions=Asia,North America; target region=Europe; source-only fit/search/calibration; target labels untouched until final evaluation; V1-V10 financial ratios only.",OOF HistGB risk is a forced KELM input; no score-level fusion.,Platt_logistic_on_separate_calibration_partition,0.6779707389300936,0.4883720930232558,0.9411764705882353,0.8936170212765957,0.631578947368421,0.7664233576642335,0.5370843989769821,0.48107322712083095,0.604706118424894,0.7147742818057455,0.058823529411764705,0.27485380116959063,42.0,5.0,80.0,44.0,0.8035607622769024,0.8254445964432284,0.1795233024911041,0.5660550741726144,0.09894616271030747,0.17724140555233342,1.0570861424353284,,,,0.4430232558139535,0.563953488372093,0.9294117647058824,0.9752941176470588,0.8666666666666667,0.9551003344481606,0.4942843788602143,0.6132284382284383,0.43476310379306243,0.5778540102661305,0.5679921505627965,0.6801688854342175,0.7492341828876571,0.8710343617720899,0.7997264021887824,0.8657318741450069,0.15661869648628296,0.19336455400995126,20260939,2,Europe,263,171,V1-V10_financial_only
PONE2016_h2_target_Europe,20260728,KELM_risk_feature,cost_1,171,86,0.5290936738487574,"Same-horizon leave-one-region-out transfer; source regions=Asia,North America; target region=Europe; source-only fit/search/calibration; target labels untouched until final evaluation; V1-V10 financial ratios only.",OOF HistGB risk is a forced KELM input; no score-level fusion.,Platt_logistic_on_separate_calibration_partition,0.7050724948416411,0.5348837209302325,0.9294117647058824,0.8846153846153846,0.6666666666666666,0.782312925170068,0.5808080808080808,0.5046357301496407,0.6306888904699057,0.7321477428180574,0.07058823529411765,0.30409356725146197,46.0,6.0,79.0,40.0,0.8035607622769024,0.8254445964432284,0.1795233024911041,0.5660550741726144,0.09894616271030747,0.17724140555233342,1.0570861424353284,1.0,0.26900584795321636,0.26900584795321636,0.4662790697674419,0.5790697674418605,0.8941176470588236,0.928235294117647,0.8213333333333332,0.8764302059496567,0.5135689183912534,0.6210972568578553,0.4113736896063166,0.5258120599023064,0.5599469271397653,0.6534569603532511,0.7485447621046453,0.8282383044605711,0.7843091655266758,0.8440629274965801,0.17212613944331306,0.1950674312784132,20260939,2,Europe,263,171,V1-V10_financial_only
PONE2016_h2_target_Europe,20260728,KELM_risk_feature,cost_2,171,86,0.3683258847018795,"Same-horizon leave-one-region-out transfer; source regions=Asia,North America; target region=Europe; source-only fit/search/calibration; target labels untouched until final evaluation; V1-V10 financial ratios only.",OOF HistGB risk is a forced KELM input; no score-level fusion.,Platt_logistic_on_separate_calibration_partition,0.6995210399712913,0.8488372093023255,0.5764705882352941,0.6697247706422018,0.7487179487179487,0.6992337164750958,0.8057395143487859,0.4423366656055589,0.600414954996162,0.7126538987688098,0.4235294117647059,0.6374269005847953,73.0,36.0,49.0,13.0,0.8035607622769024,0.8254445964432284,0.1795233024911041,0.5660550741726144,0.09894616271030747,0.17724140555233342,1.0570861424353284,2.0,0.36257309941520466,0.24124513618677043,0.813953488372093,0.9011627906976744,0.48,0.6447058823529412,0.6132466477041854,0.7192307692307692,0.7638798313116821,0.8574799364244649,0.3119600039268105,0.56403169851256,0.4955233822339073,0.6890043909331012,0.7689227844771086,0.8213621249724493,0.7672640218878248,0.8626538987688099,0.16837240277744728,0.19396452281311116,20260939,2,Europe,263,171,V1-V10_financial_only
PONE2016_h2_target_Europe,20260728,KELM_risk_feature,cost_5,171,86,0.3683258847018795,"Same-horizon leave-one-region-out transfer; source regions=Asia,North America; target region=Europe; source-only fit/search/calibration; target labels untouched until final evaluation; V1-V10 financial ratios only.",OOF HistGB risk is a forced KELM input; no score-level fusion.,Platt_logistic_on_separate_calibration_partition,0.6995210399712913,0.8488372093023255,0.5764705882352941,0.6697247706422018,0.7487179487179487,0.6992337164750958,0.8057395143487859,0.4423366656055589,0.600414954996162,0.7126538987688098,0.4235294117647059,0.6374269005847953,73.0,36.0,49.0,13.0,0.8035607622769024,0.8254445964432284,0.1795233024911041,0.5660550741726144,0.09894616271030747,0.17724140555233342,1.0570861424353284,5.0,0.5906432748538012,0.19611650485436893,0.8523255813953488,0.905813953488372,0.5011764705882353,0.6623529411764706,0.6423337756155093,0.7290265486725663,0.8088433456296947,0.8570540905391509,0.41490364263872814,0.575421081403978,0.5684518779557645,0.6989893251880306,0.7903581716223492,0.8691021625100259,0.8105745554035568,0.8846374829001368,0.1583580454792891,0.18347240266741965,20260939,2,Europe,263,171,V1-V10_financial_only
PONE2016_h2_target_Europe,20260728,KELM_risk_feature,cost_10,171,86,0.0,"Same-horizon leave-one-region-out transfer; source regions=Asia,North America; target region=Europe; source-only fit/search/calibration; target labels untouched until final evaluation; V1-V10 financial ratios only.",OOF HistGB risk is a forced KELM input; no score-level fusion.,Platt_logistic_on_separate_calibration_partition,0.0,1.0,0.0,0.5029239766081871,0.669260700389105,0.5584415584415584,0.8349514563106796,0.0,0.0,0.5,1.0,1.0,86.0,85.0,0.0,0.0,0.8035607622769024,0.8254445964432284,0.1795233024911041,0.5660550741726144,0.09894616271030747,0.17724140555233342,1.0570861424353284,10.0,0.49707602339181284,0.08994708994708994,1.0,1.0,0.0,0.0,0.5029239766081871,0.5029239766081871,0.8349514563106796,0.8349514563106796,0.0,0.0,0.0,0.0,0.7560921062305355,0.8528276416955468,0.8006839945280437,0.8678248974008208,0.16184857403859823,0.19263625224316963,20260939,2,Europe,263,171,V1-V10_financial_only
PONE2016_h2_target_Europe,20260728,KELM_risk_feature,cost_20,171,86,0.0,"Same-horizon leave-one-region-out transfer; source regions=Asia,North America; target region=Europe; source-only fit/search/calibration; target labels untouched until final evaluation; V1-V10 financial ratios only.",OOF HistGB risk is a forced KELM input; no score-level fusion.,Platt_logistic_on_separate_calibration_partition,0.0,1.0,0.0,0.5029239766081871,0.669260700389105,0.5584415584415584,0.8349514563106796,0.0,0.0,0.5,1.0,1.0,86.0,85.0,0.0,0.0,0.8035607622769024,0.8254445964432284,0.1795233024911041,0.5660550741726144,0.09894616271030747,0.17724140555233342,1.0570861424353284,20.0,0.49707602339181284,0.04709141274238227,1.0,1.0,0.0,0.0,0.5029239766081871,0.5029239766081871,0.8349514563106796,0.8349514563106796,0.0,0.0,0.0,0.0,0.7943138304871729,0.8719625280300899,0.7777564979480164,0.8696032831737346,0.16081661163829258,0.1898724242919643,20260939,2,Europe,263,171,V1-V10_financial_only
PONE2016_h2_target_Europe,20260728,Full_PBMSBAINGO,triad,171,86,0.7422561740965247,"Same-horizon leave-one-region-out transfer; source regions=Asia,North America; target region=Europe; source-only fit/search/calibration; target labels untouched until final evaluation; V1-V10 financial ratios only.",Risk feature plus score fusion; alpha=0.70 selected only on search partition.,Platt_logistic_on_separate_calibration_partition,0.6614249013582713,0.47674418604651164,0.9176470588235294,0.8541666666666666,0.6119402985074627,0.737410071942446,0.5229591836734694,0.43884664196351925,0.5768877106098632,0.6971956224350205,0.08235294117647059,0.2807017543859649,41.0,7.0,78.0,45.0,0.7721974824610268,0.7954856361149111,0.19324899569047918,0.5684347566310263,0.09236106464429586,0.1397808558771973,0.7725736104682644,,,,0.4325581395348837,0.5686046511627907,0.8729411764705882,0.9505882352941176,0.7971014492753623,0.9209643605870022,0.4770516116274471,0.6157171246661519,0.3690027274695297,0.5610497179174976,0.5238575446532068,0.6718258706033177,0.7469034845698694,0.8830764200426351,0.7628864569083448,0.8720383036935705,0.1480168032843187,0.20653471927973951,20261035,2,Europe,263,171,V1-V10_financial_only
PONE2016_h2_target_Europe,20260728,Full_PBMSBAINGO,cost_1,171,86,0.308146707712513,"Same-horizon leave-one-region-out transfer; source regions=Asia,North America; target region=Europe; source-only fit/search/calibration; target labels untouched until final evaluation; V1-V10 financial ratios only.",Risk feature plus score fusion; alpha=0.70 selected only on search partition.,Platt_logistic_on_separate_calibration_partition,0.6947132782577918,0.7325581395348837,0.6588235294117647,0.6847826086956522,0.7078651685393258,0.6938325991189427,0.7224770642201835,0.392510889545395,0.574320479833984,0.6956908344733241,0.3411764705882353,0.5380116959064327,63.0,29.0,56.0,23.0,0.7721974824610268,0.7954856361149111,0.19324899569047918,0.5684347566310263,0.09236106464429586,0.1397808558771973,0.7725736104682644,1.0,0.30409356725146197,0.30409356725146197,0.6686046511627907,0.7639534883720931,0.6235294117647059,0.7882352941176471,0.6489119922630561,0.7856626506024096,0.6645262557077626,0.7681309964493465,0.30300336741587,0.552455376365937,0.5044645029676326,0.6925850551026616,0.7617656595474832,0.8415608681256481,0.7799589603283174,0.8497674418604652,0.16780431848893884,0.20649268451616318,20261035,2,Europe,263,171,V1-V10_financial_only
PONE2016_h2_target_Europe,20260728,Full_PBMSBAINGO,cost_2,171,86,0.308146707712513,"Same-horizon leave-one-region-out transfer; source regions=Asia,North America; target region=Europe; source-only fit/search/calibration; target labels untouched until final evaluation; V1-V10 financial ratios only.",Risk feature plus score fusion; alpha=0.70 selected only on search partition.,Platt_logistic_on_separate_calibration_partition,0.6947132782577918,0.7325581395348837,0.6588235294117647,0.6847826086956522,0.7078651685393258,0.6938325991189427,0.7224770642201835,0.392510889545395,0.574320479833984,0.6956908344733241,0.3411764705882353,0.5380116959064327,63.0,29.0,56.0,23.0,0.7721974824610268,0.7954856361149111,0.19324899569047918,0.5684347566310263,0.09236106464429586,0.1397808558771973,0.7725736104682644,2.0,0.43859649122807015,0.2918287937743191,0.6406976744186047,0.7313953488372092,0.5682352941176471,0.748235294117647,0.6184246732400825,0.7446629213483146,0.6374758864284744,0.7339767110573914,0.24345652188183609,0.47737063027215837,0.4543283579943737,0.6384698731529642,0.6680398500060472,0.8046577592505203,0.7029411764705883,0.8143638850889194,0.18555549684370595,0.24113229739265307,20261035,2,Europe,263,171,V1-V10_financial_only
PONE2016_h2_target_Europe,20260728,Full_PBMSBAINGO,cost_5,171,86,0.308146707712513,"Same-horizon leave-one-region-out transfer; source regions=Asia,North America; target region=Europe; source-only fit/search/calibration; target labels untouched until final evaluation; V1-V10 financial ratios only.",Risk feature plus score fusion; alpha=0.70 selected only on search partition.,Platt_logistic_on_separate_calibration_partition,0.6947132782577918,0.7325581395348837,0.6588235294117647,0.6847826086956522,0.7078651685393258,0.6938325991189427,0.7224770642201835,0.392510889545395,0.574320479833984,0.6956908344733241,0.3411764705882353,0.5380116959064327,63.0,29.0,56.0,23.0,0.7721974824610268,0.7954856361149111,0.19324899569047918,0.5684347566310263,0.09236106464429586,0.1397808558771973,0.7725736104682644,5.0,0.8421052631578947,0.2796116504854369,0.663953488372093,0.7872093023255814,0.6235294117647059,0.6941176470588235,0.6444044943820225,0.7119047619047619,0.6601357622326305,0.76390183286735,0.2947412560369369,0.44780276791279083,0.4976190871545532,0.6157697029102889,0.7539221360741164,0.8520677661708919,0.7660465116279069,0.8391792065663475,0.1717917598010356,0.20788195370326126,20261035,2,Europe,263,171,V1-V10_financial_only
PONE2016_h2_target_Europe,20260728,Full_PBMSBAINGO,cost_10,171,86,0.16012829369021186,"Same-horizon leave-one-region-out transfer; source regions=Asia,North America; target region=Europe; source-only fit/search/calibration; target labels untouched until final evaluation; V1-V10 financial ratios only.",Risk feature plus score fusion; alpha=0.70 selected only on search partition.,Platt_logistic_on_separate_calibration_partition,0.5359829304916209,0.9767441860465116,0.29411764705882354,0.5833333333333334,0.7304347826086957,0.6344410876132931,0.860655737704918,0.3714012607528791,0.4742948734439044,0.6354309165526676,0.7058823529411765,0.8421052631578947,84.0,60.0,25.0,2.0,0.7721974824610268,0.7954856361149111,0.19324899569047918,0.5684347566310263,0.09236106464429586,0.1397808558771973,0.7725736104682644,10.0,0.4678362573099415,0.08465608465608465,0.9767441860465116,1.0,0.27294117647058824,0.32823529411764707,0.5767123287671233,0.5984546165884194,0.8578483245149912,0.8807878889260623,0.35424128658058934,0.43433680728894614,0.45659492284338044,0.5171412301622684,0.7144915642956803,0.78514694627991,0.7629001367989057,0.8261696306429548,0.17907847211355984,0.21610024687746288,20261035,2,Europe,263,171,V1-V10_financial_only
PONE2016_h2_target_Europe,20260728,Full_PBMSBAINGO,cost_20,171,86,0.16012829369021186,"Same-horizon leave-one-region-out transfer; source regions=Asia,North America; target region=Europe; source-only fit/search/calibration; target labels untouched until final evaluation; V1-V10 financial ratios only.",Risk feature plus score fusion; alpha=0.70 selected only on search partition.,Platt_logistic_on_separate_calibration_partition,0.5359829304916209,0.9767441860465116,0.29411764705882354,0.5833333333333334,0.7304347826086957,0.6344410876132931,0.860655737704918,0.3714012607528791,0.4742948734439044,0.6354309165526676,0.7058823529411765,0.8421052631578947,84.0,60.0,25.0,2.0,0.7721974824610268,0.7954856361149111,0.19324899569047918,0.5684347566310263,0.09236106464429586,0.1397808558771973,0.7725736104682644,20.0,0.5847953216374269,0.055401662049861494,0.9651162790697675,0.9872093023255814,0.1847058823529412,0.3447058823529412,0.548051948051948,0.5987367802585194,0.843903220242935,0.8635386094524845,0.26323963907033193,0.39889354913586056,0.3621332528922497,0.5095102082688603,0.7180527752498749,0.8386758480605845,0.7577154582763339,0.8538166894664841,0.15899396317723322,0.2090170412406093,20261035,2,Europe,263,171,V1-V10_financial_only
PONE2016_h2_target_Europe,20260728,Uncertainty_gated_fusion,triad,171,86,0.5768171746990454,"Same-horizon leave-one-region-out transfer; source regions=Asia,North America; target region=Europe; source-only fit/search/calibration; target labels untouched until final evaluation; V1-V10 financial ratios only.","One-standard-error paired-bootstrap gate selected KELM_risk_feature; search utility difference=-0.0083, required margin=0.0067.",Platt_logistic_on_separate_calibration_partition,0.6779707389300936,0.4883720930232558,0.9411764705882353,0.8936170212765957,0.631578947368421,0.7664233576642335,0.5370843989769821,0.48107322712083095,0.604706118424894,0.7147742818057455,0.058823529411764705,0.27485380116959063,42.0,5.0,80.0,44.0,0.8035607622769024,0.8254445964432284,0.1795233024911041,0.5660550741726144,0.09894616271030747,0.17724140555233342,1.0570861424353284,,,,0.4662790697674419,0.5232558139534884,0.9176470588235294,0.9741176470588235,0.8605384615384615,0.9526112185686654,0.5163471932923774,0.5747209951174146,0.4552954052424677,0.5516231191182452,0.5871797033968691,0.654217989317922,0.7787105678735815,0.8732786150502901,0.8003556771545827,0.8832147742818057,0.15887083692311668,0.19432104274754985,20261081,2,Europe,263,171,V1-V10_financial_only
PONE2016_h2_target_Europe,20260728,Uncertainty_gated_fusion,cost_1,171,86,0.5290936738487574,"Same-horizon leave-one-region-out transfer; source regions=Asia,North America; target region=Europe; source-only fit/search/calibration; target labels untouched until final evaluation; V1-V10 financial ratios only.","One-standard-error paired-bootstrap gate selected KELM_risk_feature; search utility difference=-0.0083, required margin=0.0067.",Platt_logistic_on_separate_calibration_partition,0.7050724948416411,0.5348837209302325,0.9294117647058824,0.8846153846153846,0.6666666666666666,0.782312925170068,0.5808080808080808,0.5046357301496407,0.6306888904699057,0.7321477428180574,0.07058823529411765,0.30409356725146197,46.0,6.0,79.0,40.0,0.8035607622769024,0.8254445964432284,0.1795233024911041,0.5660550741726144,0.09894616271030747,0.17724140555233342,1.0570861424353284,1.0,0.26900584795321636,0.26900584795321636,0.44651162790697674,0.6186046511627907,0.9199999999999999,0.9752941176470588,0.8690422322775264,0.9538277511961722,0.49712889268735644,0.6642128855077496,0.4606459429236904,0.6188614041069399,0.5814724704254548,0.7162898681957621,0.7654317002811394,0.8644628816913434,0.7641450068399454,0.8741313269493843,0.1538603291620579,0.2003343580091385,20261081,2,Europe,263,171,V1-V10_financial_only
PONE2016_h2_target_Europe,20260728,Uncertainty_gated_fusion,cost_2,171,86,0.3683258847018795,"Same-horizon leave-one-region-out transfer; source regions=Asia,North America; target region=Europe; source-only fit/search/calibration; target labels untouched until final evaluation; V1-V10 financial ratios only.","One-standard-error paired-bootstrap gate selected KELM_risk_feature; search utility difference=-0.0083, required margin=0.0067.",Platt_logistic_on_separate_calibration_partition,0.6995210399712913,0.8488372093023255,0.5764705882352941,0.6697247706422018,0.7487179487179487,0.6992337164750958,0.8057395143487859,0.4423366656055589,0.600414954996162,0.7126538987688098,0.4235294117647059,0.6374269005847953,73.0,36.0,49.0,13.0,0.8035607622769024,0.8254445964432284,0.1795233024911041,0.5660550741726144,0.09894616271030747,0.17724140555233342,1.0570861424353284,2.0,0.36257309941520466,0.24124513618677043,0.7709302325581395,0.8906976744186047,0.5411764705882353,0.6517647058823529,0.6456149732620321,0.7024234693877551,0.7439735811537447,0.8399122807017544,0.3537260271451746,0.5043753921677621,0.5390242212259716,0.6428627825814796,0.7054252204072586,0.8136471748912666,0.7569904240766072,0.8407387140902873,0.1787595229695785,0.2094937638089214,20261081,2,Europe,263,171,V1-V10_financial_only
PONE2016_h2_target_Europe,20260728,Uncertainty_gated_fusion,cost_5,171,86,0.3683258847018795,"Same-horizon leave-one-region-out transfer; source regions=Asia,North America; target region=Europe; source-only fit/search/calibration; target labels untouched until final evaluation; V1-V10 financial ratios only.","One-standard-error paired-bootstrap gate selected KELM_risk_feature; search utility difference=-0.0083, required margin=0.0067.",Platt_logistic_on_separate_calibration_partition,0.6995210399712913,0.8488372093023255,0.5764705882352941,0.6697247706422018,0.7487179487179487,0.6992337164750958,0.8057395143487859,0.4423366656055589,0.600414954996162,0.7126538987688098,0.4235294117647059,0.6374269005847953,73.0,36.0,49.0,13.0,0.8035607622769024,0.8254445964432284,0.1795233024911041,0.5660550741726144,0.09894616271030747,0.17724140555233342,1.0570861424353284,5.0,0.5906432748538012,0.19611650485436893,0.7953488372093023,0.8488372093023255,0.5317647058823529,0.6223529411764706,0.6461778339654446,0.6919448476052249,0.7608096307997213,0.8103571428571429,0.36846278043945824,0.4741806442106381,0.5480259599780292,0.6268930237167457,0.7546462468210374,0.8124713896513855,0.7908891928864569,0.8205745554035568,0.18151247435539491,0.19556008948732773,20261081,2,Europe,263,171,V1-V10_financial_only
PONE2016_h2_target_Europe,20260728,Uncertainty_gated_fusion,cost_10,171,86,0.0,"Same-horizon leave-one-region-out transfer; source regions=Asia,North America; target region=Europe; source-only fit/search/calibration; target labels untouched until final evaluation; V1-V10 financial ratios only.","One-standard-error paired-bootstrap gate selected KELM_risk_feature; search utility difference=-0.0083, required margin=0.0067.",Platt_logistic_on_separate_calibration_partition,0.0,1.0,0.0,0.5029239766081871,0.669260700389105,0.5584415584415584,0.8349514563106796,0.0,0.0,0.5,1.0,1.0,86.0,85.0,0.0,0.0,0.8035607622769024,0.8254445964432284,0.1795233024911041,0.5660550741726144,0.09894616271030747,0.17724140555233342,1.0570861424353284,10.0,0.49707602339181284,0.08994708994708994,1.0,1.0,0.0,0.0,0.5029239766081871,0.5029239766081871,0.8349514563106796,0.8349514563106796,0.0,0.0,0.0,0.0,0.7992664552621036,0.8934107809239533,0.8216689466484269,0.8881532147742818,0.15818655410459634,0.1801322941127919,20261081,2,Europe,263,171,V1-V10_financial_only
PONE2016_h2_target_Europe,20260728,Uncertainty_gated_fusion,cost_20,171,86,0.0,"Same-horizon leave-one-region-out transfer; source regions=Asia,North America; target region=Europe; source-only fit/search/calibration; target labels untouched until final evaluation; V1-V10 financial ratios only.","One-standard-error paired-bootstrap gate selected KELM_risk_feature; search utility difference=-0.0083, required margin=0.0067.",Platt_logistic_on_separate_calibration_partition,0.0,1.0,0.0,0.5029239766081871,0.669260700389105,0.5584415584415584,0.8349514563106796,0.0,0.0,0.5,1.0,1.0,86.0,85.0,0.0,0.0,0.8035607622769024,0.8254445964432284,0.1795233024911041,0.5660550741726144,0.09894616271030747,0.17724140555233342,1.0570861424353284,20.0,0.49707602339181284,0.04709141274238227,1.0,1.0,0.0,0.0,0.5029239766081871,0.5029239766081871,0.8349514563106796,0.8349514563106796,0.0,0.0,0.0,0.0,0.7147966943425141,0.8481299250807067,0.7756908344733242,0.8629411764705882,0.16501671462649475,0.20810493916535078,20261081,2,Europe,263,171,V1-V10_financial_only
PONE2016_h2_target_Europe,20260728,Full_random_search,triad,171,86,0.7823165369408962,"Same-horizon leave-one-region-out transfer; source regions=Asia,North America; target region=Europe; source-only fit/search/calibration; target labels untouched until final evaluation; V1-V10 financial ratios only.",Same full architecture and 81 evaluations as PBMSBAINGO; alpha=0.70.,Platt_logistic_on_separate_calibration_partition,0.6960903128662334,0.5348837209302325,0.9058823529411765,0.8518518518518519,0.6571428571428571,0.7615894039735099,0.5778894472361809,0.47410773062292133,0.6124482606298273,0.7203830369357045,0.09411764705882353,0.3157894736842105,46.0,8.0,77.0,40.0,0.8042462404614346,0.7714090287277702,0.19825764502805446,0.5824516682528473,0.09143456674164695,0.09500890343094887,0.7289828751288061,,,,0.49302325581395345,0.5872093023255814,0.8835294117647059,0.9270588235294118,0.8216386554621848,0.8825945241199478,0.5359810126582278,0.6275597162693937,0.4206756509447676,0.5227272749708937,0.5699547928320442,0.653185314995125,0.784935511432928,0.8354870602739503,0.7494117647058823,0.8007523939808482,0.1768277206370765,0.20461011273728918,20261129,2,Europe,263,171,V1-V10_financial_only
PONE2016_h2_target_Europe,20260728,Full_random_search,cost_1,171,86,0.7830067999179874,"Same-horizon leave-one-region-out transfer; source regions=Asia,North America; target region=Europe; source-only fit/search/calibration; target labels untouched until final evaluation; V1-V10 financial ratios only.",Same full architecture and 81 evaluations as PBMSBAINGO; alpha=0.70.,Platt_logistic_on_separate_calibration_partition,0.6960903128662334,0.5348837209302325,0.9058823529411765,0.8518518518518519,0.6571428571428571,0.7615894039735099,0.5778894472361809,0.47410773062292133,0.6124482606298273,0.7203830369357045,0.09411764705882353,0.3157894736842105,46.0,8.0,77.0,40.0,0.8042462404614346,0.7714090287277702,0.19825764502805446,0.5824516682528473,0.09143456674164695,0.09500890343094887,0.7289828751288061,1.0,0.2807017543859649,0.2807017543859649,0.5046511627906977,0.5802325581395349,0.8847058823529411,0.9717647058823529,0.8163955757970072,0.9533851276359601,0.5464507676923661,0.6217268089930096,0.4219644678876913,0.5887497940197425,0.5734096966547056,0.68799535878576,0.8111167939914044,0.8632957046855683,0.7803967168262654,0.8330506155950752,0.1679365950473355,0.19322056290422068,20261129,2,Europe,263,171,V1-V10_financial_only
PONE2016_h2_target_Europe,20260728,Full_random_search,cost_2,171,86,0.24979749394605266,"Same-horizon leave-one-region-out transfer; source regions=Asia,North America; target region=Europe; source-only fit/search/calibration; target labels untouched until final evaluation; V1-V10 financial ratios only.",Same full architecture and 81 evaluations as PBMSBAINGO; alpha=0.70.,Platt_logistic_on_separate_calibration_partition,0.6469966392206304,0.7906976744186046,0.5294117647058824,0.6296296296296297,0.7010309278350515,0.6563706563706564,0.7522123893805309,0.3317989569710035,0.5178766801926253,0.6600547195622435,0.47058823529411764,0.631578947368421,68.0,40.0,45.0,18.0,0.8042462404614346,0.7714090287277702,0.19825764502805446,0.5824516682528473,0.09143456674164695,0.09500890343094887,0.7289828751288061,2.0,0.4444444444444444,0.29571984435797666,0.7348837209302326,0.8651162790697674,0.4647058823529412,0.5411764705882353,0.6169048927982408,0.6322247706422018,0.7081948670723895,0.8019653920102542,0.2805314954958852,0.3618743299308851,0.4809186124251966,0.5271046225687073,0.7022901019157003,0.8421884657022007,0.7071545827633379,0.8085636114911081,0.17543086869973798,0.23043516962317132,20261129,2,Europe,263,171,V1-V10_financial_only
PONE2016_h2_target_Europe,20260728,Full_random_search,cost_5,171,86,0.16077870186063134,"Same-horizon leave-one-region-out transfer; source regions=Asia,North America; target region=Europe; source-only fit/search/calibration; target labels untouched until final evaluation; V1-V10 financial ratios only.",Same full architecture and 81 evaluations as PBMSBAINGO; alpha=0.70.,Platt_logistic_on_separate_calibration_partition,0.5230657809659415,0.9302325581395349,0.29411764705882354,0.5714285714285714,0.7079646017699115,0.6191950464396285,0.8264462809917356,0.29116575501805186,0.4302798129648348,0.6121751025991792,0.7058823529411765,0.8187134502923976,80.0,60.0,25.0,6.0,0.8042462404614346,0.7714090287277702,0.19825764502805446,0.5824516682528473,0.09143456674164695,0.09500890343094887,0.7289828751288061,5.0,0.5263157894736842,0.17475728155339806,0.8848837209302326,0.9418604651162791,0.26117647058823534,0.3411764705882353,0.5577412623891498,0.5896925458969255,0.7988631778389853,0.8411295911295911,0.2388777393454817,0.34898593340809114,0.3867848224392385,0.47954532680641054,0.7827665438676046,0.849536036560779,0.7538030095759234,0.8126265389876881,0.18552095710508512,0.20786385457373868,20261129,2,Europe,263,171,V1-V10_financial_only
PONE2016_h2_target_Europe,20260728,Full_random_search,cost_10,171,86,0.16077870186063134,"Same-horizon leave-one-region-out transfer; source regions=Asia,North America; target region=Europe; source-only fit/search/calibration; target labels untouched until final evaluation; V1-V10 financial ratios only.",Same full architecture and 81 evaluations as PBMSBAINGO; alpha=0.70.,Platt_logistic_on_separate_calibration_partition,0.5230657809659415,0.9302325581395349,0.29411764705882354,0.5714285714285714,0.7079646017699115,0.6191950464396285,0.8264462809917356,0.29116575501805186,0.4302798129648348,0.6121751025991792,0.7058823529411765,0.8187134502923976,80.0,60.0,25.0,6.0,0.8042462404614346,0.7714090287277702,0.19825764502805446,0.5824516682528473,0.09143456674164695,0.09500890343094887,0.7289828751288061,10.0,0.7017543859649122,0.12698412698412698,0.9220930232558139,0.9872093023255814,0.3070588235294118,0.36235294117647054,0.5746376811594203,0.6026470588235294,0.8226141078838174,0.8721978040626538,0.29330681423857713,0.4133972480725052,0.4371849084518073,0.5160890167172133,0.804354350654928,0.8581356848126727,0.7768673050615595,0.8283447332421341,0.17455643612917315,0.21066430302647726,20261129,2,Europe,263,171,V1-V10_financial_only
PONE2016_h2_target_Europe,20260728,Full_random_search,cost_20,171,86,0.16077870186063134,"Same-horizon leave-one-region-out transfer; source regions=Asia,North America; target region=Europe; source-only fit/search/calibration; target labels untouched until final evaluation; V1-V10 financial ratios only.",Same full architecture and 81 evaluations as PBMSBAINGO; alpha=0.70.,Platt_logistic_on_separate_calibration_partition,0.5230657809659415,0.9302325581395349,0.29411764705882354,0.5714285714285714,0.7079646017699115,0.6191950464396285,0.8264462809917356,0.29116575501805186,0.4302798129648348,0.6121751025991792,0.7058823529411765,0.8187134502923976,80.0,60.0,25.0,6.0,0.8042462404614346,0.7714090287277702,0.19825764502805446,0.5824516682528473,0.09143456674164695,0.09500890343094887,0.7289828751288061,20.0,1.0526315789473684,0.0997229916897507,0.9186046511627907,0.9616279069767443,0.24823529411764708,0.3152941176470588,0.5531468531468531,0.580348636870376,0.8115910363670303,0.8499280036125998,0.22700112445355136,0.34664870182654656,0.37279568815959574,0.4622172872458408,0.7727711735161403,0.8237355611119375,0.7363064295485636,0.7783720930232558,0.19328154953423948,0.22397867815573663,20261129,2,Europe,263,171,V1-V10_financial_only
PONE2016_h2_target_Europe,20260728,Balanced_logistic,triad,171,86,0.6598385431725452,"Same-horizon leave-one-region-out transfer; source regions=Asia,North America; target region=Europe; source-only fit/search/calibration; target labels untouched until final evaluation; V1-V10 financial ratios only.",Class-weighted logistic reference using the same source-only fit/search/calibration and untouched regional target.,Platt_logistic_on_separate_calibration_partition,0.6533089510325999,0.45348837209302323,0.9411764705882353,0.8863636363636364,0.6,0.7442748091603053,0.5025773195876289,0.45139727218926845,0.5775621385313132,0.6973324213406292,0.058823529411764705,0.2573099415204678,39.0,5.0,80.0,47.0,0.7869736092025974,0.8034199726402189,0.18427615164326513,0.6119615702880244,0.1017070533224419,0.15765545425553973,0.5700643957449046,,,,0.4430232558139535,0.522093023255814,0.8870588235294118,0.9529411764705882,0.8227272727272728,0.9106976744186046,0.49110924638376086,0.5634984407583845,0.42559439428744167,0.4994328046530239,0.5613468310876502,0.6206821105850511,0.7948523389949089,0.8178708102629039,0.7836798905608755,0.8219425444596444,0.17203879833599747,0.1929032261600446,20262029,2,Europe,263,171,V1-V10_financial_only
PONE2016_h2_target_Europe,20260728,Balanced_logistic,cost_1,171,86,0.5550880261998463,"Same-horizon leave-one-region-out transfer; source regions=Asia,North America; target region=Europe; source-only fit/search/calibration; target labels untouched until final evaluation; V1-V10 financial ratios only.",Class-weighted logistic reference using the same source-only fit/search/calibration and untouched regional target.,Platt_logistic_on_separate_calibration_partition,0.7064293366365377,0.5581395348837209,0.8941176470588236,0.8421052631578947,0.6713286713286714,0.7643312101910829,0.5985037406483791,0.4796829778446658,0.6209127625607045,0.7261285909712722,0.10588235294117647,0.3333333333333333,48.0,9.0,76.0,38.0,0.7869736092025974,0.8034199726402189,0.18427615164326513,0.6119615702880244,0.1017070533224419,0.15765545425553973,0.5700643957449046,1.0,0.27485380116959063,0.27485380116959063,0.48372093023255813,0.6034883720930232,0.8941176470588236,0.928235294117647,0.8403571428571429,0.8862488007675088,0.5294132653061224,0.6437639731715107,0.44190695174498207,0.5458608557257674,0.5804143912774394,0.6703711990885748,0.7896354959362873,0.8562640866164748,0.7662790697674418,0.8380027359781121,0.16323118443849477,0.2002159355495731,20262029,2,Europe,263,171,V1-V10_financial_only
PONE2016_h2_target_Europe,20260728,Balanced_logistic,cost_2,171,86,0.5550880261998463,"Same-horizon leave-one-region-out transfer; source regions=Asia,North America; target region=Europe; source-only fit/search/calibration; target labels untouched until final evaluation; V1-V10 financial ratios only.",Class-weighted logistic reference using the same source-only fit/search/calibration and untouched regional target.,Platt_logistic_on_separate_calibration_partition,0.7064293366365377,0.5581395348837209,0.8941176470588236,0.8421052631578947,0.6713286713286714,0.7643312101910829,0.5985037406483791,0.4796829778446658,0.6209127625607045,0.7261285909712722,0.10588235294117647,0.3333333333333333,48.0,9.0,76.0,38.0,0.7869736092025974,0.8034199726402189,0.18427615164326513,0.6119615702880244,0.1017070533224419,0.15765545425553973,0.5700643957449046,2.0,0.49707602339181284,0.33073929961089493,0.5116279069767442,0.6546511627906977,0.8482352941176471,0.9258823529411765,0.7733082706766917,0.889935064935065,0.5487655860349128,0.688109756097561,0.3818625757617092,0.5691977915222075,0.5492726768480544,0.6940153534254133,0.7305987450080039,0.8526529866675142,0.7466484268125856,0.8484815321477428,0.15950369647077955,0.20621998880704934,20262029,2,Europe,263,171,V1-V10_financial_only
PONE2016_h2_target_Europe,20260728,Balanced_logistic,cost_5,171,86,0.2198669487403108,"Same-horizon leave-one-region-out transfer; source regions=Asia,North America; target region=Europe; source-only fit/search/calibration; target labels untouched until final evaluation; V1-V10 financial ratios only.",Class-weighted logistic reference using the same source-only fit/search/calibration and untouched regional target.,Platt_logistic_on_separate_calibration_partition,0.6283324292019848,0.9069767441860465,0.43529411764705883,0.6190476190476191,0.7358490566037735,0.6610169491525424,0.8297872340425532,0.38863068441952203,0.5353510749870221,0.6711354309165527,0.5647058823529412,0.7368421052631579,78.0,48.0,37.0,8.0,0.7869736092025974,0.8034199726402189,0.18427615164326513,0.6119615702880244,0.1017070533224419,0.15765545425553973,0.5700643957449046,5.0,0.5146198830409356,0.170873786407767,0.8406976744186047,0.9395348837209302,0.4376470588235294,0.49411764705882355,0.611389183457052,0.6523660357238069,0.7861821388084141,0.8630679022470068,0.34313179020059803,0.48353533437847207,0.5083972901318061,0.6074509696680906,0.7383797683779326,0.8449759958242874,0.7634336525307798,0.8415047879616964,0.16874842419457273,0.21014215275156461,20262029,2,Europe,263,171,V1-V10_financial_only
PONE2016_h2_target_Europe,20260728,Balanced_logistic,cost_10,171,86,0.0,"Same-horizon leave-one-region-out transfer; source regions=Asia,North America; target region=Europe; source-only fit/search/calibration; target labels untouched until final evaluation; V1-V10 financial ratios only.",Class-weighted logistic reference using the same source-only fit/search/calibration and untouched regional target.,Platt_logistic_on_separate_calibration_partition,0.0,1.0,0.0,0.5029239766081871,0.669260700389105,0.5584415584415584,0.8349514563106796,0.0,0.0,0.5,1.0,1.0,86.0,85.0,0.0,0.0,0.7869736092025974,0.8034199726402189,0.18427615164326513,0.6119615702880244,0.1017070533224419,0.15765545425553973,0.5700643957449046,10.0,0.49707602339181284,0.08994708994708994,1.0,1.0,0.0,0.0,0.5029239766081871,0.5029239766081871,0.8349514563106796,0.8349514563106796,0.0,0.0,0.0,0.0,0.8090559416557892,0.8589769676324064,0.7843912448700411,0.8672640218878249,0.15185761830602673,0.1922096152643351,20262029,2,Europe,263,171,V1-V10_financial_only
PONE2016_h2_target_Europe,20260728,Balanced_logistic,cost_20,171,86,0.0,"Same-horizon leave-one-region-out transfer; source regions=Asia,North America; target region=Europe; source-only fit/search/calibration; target labels untouched until final evaluation; V1-V10 financial ratios only.",Class-weighted logistic reference using the same source-only fit/search/calibration and untouched regional target.,Platt_logistic_on_separate_calibration_partition,0.0,1.0,0.0,0.5029239766081871,0.669260700389105,0.5584415584415584,0.8349514563106796,0.0,0.0,0.5,1.0,1.0,86.0,85.0,0.0,0.0,0.7869736092025974,0.8034199726402189,0.18427615164326513,0.6119615702880244,0.1017070533224419,0.15765545425553973,0.5700643957449046,20.0,0.49707602339181284,0.04709141274238227,1.0,1.0,0.0,0.0,0.5029239766081871,0.5029239766081871,0.8349514563106796,0.8349514563106796,0.0,0.0,0.0,0.0,0.7471168085230271,0.8789013254577809,0.7458686730506155,0.8553077975376197,0.15868996612873973,0.2124946028837429,20262029,2,Europe,263,171,V1-V10_financial_only
PONE2016_h2_target_North_America,20260728,HistGB,triad,167,84,0.6022894502386648,"Same-horizon leave-one-region-out transfer; source regions=Asia,Europe; target region=North America; source-only fit/search/calibration; target labels untouched until final evaluation; V1-V10 financial ratios only.",No metaheuristic; threshold and Platt calibration use calibration partition.,Platt_logistic_on_separate_calibration_partition,0.7416585281290365,0.7023809523809523,0.7831325301204819,0.7662337662337663,0.7329192546583851,0.7525510204081632,0.7142857142857143,0.48698251303711854,0.6446249619518555,0.7427567412507171,0.21686746987951808,0.46107784431137727,59.0,18.0,65.0,25.0,0.8572195571594456,0.8588640275387264,0.1666717408440504,0.5075168862349643,0.09783626790377388,-0.05270882288582465,0.7080735692920371,,,,0.6142857142857142,0.7773809523809524,0.7253012048192771,0.8433734939759037,0.7181944444444444,0.8333273056057866,0.63621103117506,0.7865761121408712,0.3980148808452196,0.6198822088990141,0.575066296523083,0.7397816020208566,0.8213618970870085,0.8806256284488571,0.8377079747561674,0.8882673551348249,0.1327943823668541,0.18794042785468654,20260728,2,North America,267,167,V1-V10_financial_only
PONE2016_h2_target_North_America,20260728,HistGB,cost_1,167,84,0.5931814404002551,"Same-horizon leave-one-region-out transfer; source regions=Asia,Europe; target region=North America; source-only fit/search/calibration; target labels untouched until final evaluation; V1-V10 financial ratios only.",No metaheuristic; threshold and Platt calibration use calibration partition.,Platt_logistic_on_separate_calibration_partition,0.7416585281290365,0.7023809523809523,0.7831325301204819,0.7662337662337663,0.7329192546583851,0.7525510204081632,0.7142857142857143,0.48698251303711854,0.6446249619518555,0.7427567412507171,0.21686746987951808,0.46107784431137727,59.0,18.0,65.0,25.0,0.8572195571594456,0.8588640275387264,0.1666717408440504,0.5075168862349643,0.09783626790377388,-0.05270882288582465,0.7080735692920371,1.0,0.25748502994011974,0.25748502994011974,0.6666666666666666,0.780952380952381,0.7493975903614457,0.8289156626506025,0.7384166666666667,0.8146983311938383,0.6814313690582161,0.7857690342360756,0.441001708055079,0.5908975632040454,0.6101644805742049,0.7201900222560155,0.8123073714061066,0.8901058370664822,0.8255163511187608,0.8961560527825587,0.13926640789584419,0.18940167685770432,20260728,2,North America,267,167,V1-V10_financial_only
PONE2016_h2_target_North_America,20260728,HistGB,cost_2,167,84,0.12813105690407156,"Same-horizon leave-one-region-out transfer; source regions=Asia,Europe; target region=North America; source-only fit/search/calibration; target labels untouched until final evaluation; V1-V10 financial ratios only.",No metaheuristic; threshold and Platt calibration use calibration partition.,Platt_logistic_on_separate_calibration_partition,0.7251327850387389,0.9285714285714286,0.5662650602409639,0.6842105263157895,0.7878787878787878,0.7222222222222222,0.8666666666666667,0.5315572493175232,0.6538252810971488,0.7474182444061963,0.43373493975903615,0.6826347305389222,78.0,36.0,47.0,6.0,0.8572195571594456,0.8588640275387264,0.1666717408440504,0.5075168862349643,0.09783626790377388,-0.05270882288582465,0.7080735692920371,2.0,0.2874251497005988,0.19123505976095617,0.8702380952380953,0.9761904761904762,0.508433734939759,0.6120481927710844,0.6628099173553719,0.7155927201180522,0.8246810561290486,0.9097155361050328,0.47910672550355815,0.6276973952901156,0.626271605662304,0.7186517406314128,0.8595739740524574,0.9018984014227565,0.85907917383821,0.901893287435456,0.13076936649037893,0.16955481290770455,20260728,2,North America,267,167,V1-V10_financial_only
PONE2016_h2_target_North_America,20260728,HistGB,cost_5,167,84,0.12813105690407156,"Same-horizon leave-one-region-out transfer; source regions=Asia,Europe; target region=North America; source-only fit/search/calibration; target labels untouched until final evaluation; V1-V10 financial ratios only.",No metaheuristic; threshold and Platt calibration use calibration partition.,Platt_logistic_on_separate_calibration_partition,0.7251327850387389,0.9285714285714286,0.5662650602409639,0.6842105263157895,0.7878787878787878,0.7222222222222222,0.8666666666666667,0.5315572493175232,0.6538252810971488,0.7474182444061963,0.43373493975903615,0.6826347305389222,78.0,36.0,47.0,6.0,0.8572195571594456,0.8588640275387264,0.1666717408440504,0.5075168862349643,0.09783626790377388,-0.05270882288582465,0.7080735692920371,5.0,0.39520958083832336,0.1312127236580517,0.9285714285714286,0.9511904761904761,0.47228915662650606,0.6602409638554217,0.6459344174886696,0.7347412151635797,0.8647590317408489,0.887111698612029,0.4831906211749737,0.6133344685414376,0.6009676552989079,0.7220753285142052,0.8172923668871909,0.9407005126481566,0.8498565691336776,0.9308806655192198,0.1151509956592695,0.17675986258997178,20260728,2,North America,267,167,V1-V10_financial_only
PONE2016_h2_target_North_America,20260728,HistGB,cost_10,167,84,0.12813105690407156,"Same-horizon leave-one-region-out transfer; source regions=Asia,Europe; target region=North America; source-only fit/search/calibration; target labels untouched until final evaluation; V1-V10 financial ratios only.",No metaheuristic; threshold and Platt calibration use calibration partition.,Platt_logistic_on_separate_calibration_partition,0.7251327850387389,0.9285714285714286,0.5662650602409639,0.6842105263157895,0.7878787878787878,0.7222222222222222,0.8666666666666667,0.5315572493175232,0.6538252810971488,0.7474182444061963,0.43373493975903615,0.6826347305389222,78.0,36.0,47.0,6.0,0.8572195571594456,0.8588640275387264,0.1666717408440504,0.5075168862349643,0.09783626790377388,-0.05270882288582465,0.7080735692920371,10.0,0.5748502994011976,0.10400866738894908,0.9285714285714286,0.9857142857142858,0.463855421686747,0.5650602409638554,0.6502604166666667,0.6862176628010704,0.8649371766444938,0.8941639450098738,0.5214733660336625,0.5655839913793804,0.6217250468932518,0.6707250611671637,0.8242644710921874,0.9217835804084246,0.8368187033849683,0.9101118760757315,0.1384583036063533,0.1870223094099648,20260728,2,North America,267,167,V1-V10_financial_only
PONE2016_h2_target_North_America,20260728,HistGB,cost_20,167,84,0.12813105690407156,"Same-horizon leave-one-region-out transfer; source regions=Asia,Europe; target region=North America; source-only fit/search/calibration; target labels untouched until final evaluation; V1-V10 financial ratios only.",No metaheuristic; threshold and Platt calibration use calibration partition.,Platt_logistic_on_separate_calibration_partition,0.7251327850387389,0.9285714285714286,0.5662650602409639,0.6842105263157895,0.7878787878787878,0.7222222222222222,0.8666666666666667,0.5315572493175232,0.6538252810971488,0.7474182444061963,0.43373493975903615,0.6826347305389222,78.0,36.0,47.0,6.0,0.8572195571594456,0.8588640275387264,0.1666717408440504,0.5075168862349643,0.09783626790377388,-0.05270882288582465,0.7080735692920371,20.0,0.9341317365269461,0.08848553601815087,0.8583333333333333,0.9619047619047619,0.5072289156626506,0.5518072289156627,0.6431731984829331,0.6748438893844781,0.8045060451797645,0.8828559336706231,0.4006417062798273,0.5286767063938794,0.5626821629774506,0.6370347248517576,0.8429021875221716,0.8853284964720591,0.8090074584050487,0.8681009753298911,0.15829336666184923,0.1954213644135451,20260728,2,North America,267,167,V1-V10_financial_only
PONE2016_h2_target_North_America,20260728,KELM_PBMSBAINGO,triad,167,84,0.5961617326057955,"Same-horizon leave-one-region-out transfer; source regions=Asia,Europe; target region=North America; source-only fit/search/calibration; target labels untouched until final evaluation; V1-V10 financial ratios only.",Plain KELM; hyperparameters/features selected only on search partition.,Platt_logistic_on_separate_calibration_partition,0.7685364711682702,0.6904761904761905,0.8554216867469879,0.8285714285714286,0.7532467532467533,0.7967032967032966,0.7142857142857143,0.5531656547874592,0.6887496489103808,0.7729489386115892,0.14457831325301204,0.41916167664670656,58.0,12.0,71.0,26.0,0.872807703199908,0.8452380952380952,0.1604958078586828,0.4808445614101626,0.06693825153293,-0.19975912349017924,1.0744419510658416,,,,0.6666666666666666,0.7583333333333333,0.8325301204819278,0.9024096385542169,0.8031168831168831,0.8826086956521739,0.6903413964659462,0.77264520371865,0.5100177853135146,0.6370775368209696,0.657491287364377,0.7469798737518294,0.865066293749472,0.8998095626556213,0.8525100401606426,0.8813970166379805,0.14476207732618115,0.15980463276581236,20260829,2,North America,267,167,V1-V10_financial_only
PONE2016_h2_target_North_America,20260728,KELM_PBMSBAINGO,cost_1,167,84,0.5923220435320703,"Same-horizon leave-one-region-out transfer; source regions=Asia,Europe; target region=North America; source-only fit/search/calibration; target labels untouched until final evaluation; V1-V10 financial ratios only.",Plain KELM; hyperparameters/features selected only on search partition.,Platt_logistic_on_separate_calibration_partition,0.7631050499564764,0.6904761904761905,0.8433734939759037,0.8169014084507042,0.7483870967741936,0.7880434782608695,0.7125307125307125,0.5399243183917269,0.6799868507448862,0.7669248422260471,0.1566265060240964,0.4251497005988024,58.0,13.0,70.0,26.0,0.872807703199908,0.8452380952380952,0.1604958078586828,0.4808445614101626,0.06693825153293,-0.19975912349017924,1.0744419510658416,1.0,0.23353293413173654,0.23353293413173654,0.6678571428571428,0.736904761904762,0.8216867469879517,0.8903614457831325,0.8071077571077572,0.8621212121212122,0.6972360420121615,0.7499350380913009,0.5438574109003284,0.5820967667917616,0.6811308217689507,0.7064645201982783,0.8630572043134493,0.9019343250038794,0.8323723465289731,0.8894578313253012,0.13923246753150983,0.16315399631391084,20260829,2,North America,267,167,V1-V10_financial_only
PONE2016_h2_target_North_America,20260728,KELM_PBMSBAINGO,cost_2,167,84,0.2392615762518048,"Same-horizon leave-one-region-out transfer; source regions=Asia,Europe; target region=North America; source-only fit/search/calibration; target labels untouched until final evaluation; V1-V10 financial ratios only.",Plain KELM; hyperparameters/features selected only on search partition.,Platt_logistic_on_separate_calibration_partition,0.5596901035825028,0.9285714285714286,0.3373493975903614,0.5864661654135338,0.7188940092165899,0.6331168831168831,0.8315565031982942,0.33019140298608235,0.4694114430643109,0.632960413080895,0.6626506024096386,0.7964071856287425,78.0,55.0,28.0,6.0,0.872807703199908,0.8452380952380952,0.1604958078586828,0.4808445614101626,0.06693825153293,-0.19975912349017924,1.0744419510658416,2.0,0.40119760479041916,0.26693227091633465,0.905952380952381,0.9404761904761905,0.3144578313253012,0.3843373493975904,0.5813126361655774,0.6062980769230769,0.8195100790076054,0.8467396553766527,0.32378133969296696,0.38702102732153204,0.4591981835671498,0.5179691489265305,0.868688975776061,0.8888758162343677,0.8369334480780265,0.8679288582903041,0.15117204904146722,0.1651443617590949,20260829,2,North America,267,167,V1-V10_financial_only
PONE2016_h2_target_North_America,20260728,KELM_PBMSBAINGO,cost_5,167,84,0.2392615762518048,"Same-horizon leave-one-region-out transfer; source regions=Asia,Europe; target region=North America; source-only fit/search/calibration; target labels untouched until final evaluation; V1-V10 financial ratios only.",Plain KELM; hyperparameters/features selected only on search partition.,Platt_logistic_on_separate_calibration_partition,0.5596901035825028,0.9285714285714286,0.3373493975903614,0.5864661654135338,0.7188940092165899,0.6331168831168831,0.8315565031982942,0.33019140298608235,0.4694114430643109,0.632960413080895,0.6626506024096386,0.7964071856287425,78.0,55.0,28.0,6.0,0.872807703199908,0.8452380952380952,0.1604958078586828,0.4808445614101626,0.06693825153293,-0.19975912349017924,1.0744419510658416,5.0,0.5089820359281437,0.16898608349900596,0.9297619047619048,0.9726190476190476,0.3506024096385542,0.4566265060240964,0.5925589225589226,0.6365870967741936,0.8349462365591398,0.8693090556632512,0.34764165048406204,0.4544278655793587,0.48547610471845426,0.580036428704379,0.8523144116049833,0.9001654654299985,0.8296901893287435,0.8859868043602983,0.14305295686807254,0.1695699949569671,20260829,2,North America,267,167,V1-V10_financial_only
PONE2016_h2_target_North_America,20260728,KELM_PBMSBAINGO,cost_10,167,84,0.2392615762518048,"Same-horizon leave-one-region-out transfer; source regions=Asia,Europe; target region=North America; source-only fit/search/calibration; target labels untouched until final evaluation; V1-V10 financial ratios only.",Plain KELM; hyperparameters/features selected only on search partition.,Platt_logistic_on_separate_calibration_partition,0.5596901035825028,0.9285714285714286,0.3373493975903614,0.5864661654135338,0.7188940092165899,0.6331168831168831,0.8315565031982942,0.33019140298608235,0.4694114430643109,0.632960413080895,0.6626506024096386,0.7964071856287425,78.0,55.0,28.0,6.0,0.872807703199908,0.8452380952380952,0.1604958078586828,0.4808445614101626,0.06693825153293,-0.19975912349017924,1.0744419510658416,10.0,0.688622754491018,0.12459371614301191,0.8928571428571429,0.9714285714285714,0.2819277108433735,0.43012048192771085,0.5730136544457585,0.6142161885245901,0.8033432340954617,0.8560182513345838,0.2676206414339791,0.38371440511310817,0.42779508166433133,0.5223307093186452,0.8462225133176673,0.8899571731499867,0.821170395869191,0.8734366035570855,0.14693777787437623,0.17115503842663882,20260829,2,North America,267,167,V1-V10_financial_only
PONE2016_h2_target_North_America,20260728,KELM_PBMSBAINGO,cost_20,167,84,0.2392615762518048,"Same-horizon leave-one-region-out transfer; source regions=Asia,Europe; target region=North America; source-only fit/search/calibration; target labels untouched until final evaluation; V1-V10 financial ratios only.",Plain KELM; hyperparameters/features selected only on search partition.,Platt_logistic_on_separate_calibration_partition,0.5596901035825028,0.9285714285714286,0.3373493975903614,0.5864661654135338,0.7188940092165899,0.6331168831168831,0.8315565031982942,0.33019140298608235,0.4694114430643109,0.632960413080895,0.6626506024096386,0.7964071856287425,78.0,55.0,28.0,6.0,0.872807703199908,0.8452380952380952,0.1604958078586828,0.4808445614101626,0.06693825153293,-0.19975912349017924,1.0744419510658416,20.0,1.0479041916167664,0.09926262053318208,0.8595238095238095,0.9738095238095238,0.27108433734939763,0.3469879518072289,0.5504761904761905,0.5936061381074168,0.7798549645683404,0.8632267753700922,0.1909377990036942,0.39385314660967347,0.3576449255316654,0.4996406550314825,0.7926497616297526,0.8981700208156136,0.7538439472174412,0.8761617900172117,0.15169061490040536,0.2009582859181754,20260829,2,North America,267,167,V1-V10_financial_only
PONE2016_h2_target_North_America,20260728,KELM_score_fusion,triad,167,84,0.605527935149233,"Same-horizon leave-one-region-out transfer; source regions=Asia,Europe; target region=North America; source-only fit/search/calibration; target labels untouched until final evaluation; V1-V10 financial ratios only.",Plain KELM plus HistGB score-level fusion; alpha=1.00 selected only on search partition.,Platt_logistic_on_separate_calibration_partition,0.7685364711682702,0.6904761904761905,0.8554216867469879,0.8285714285714286,0.7532467532467533,0.7967032967032966,0.7142857142857143,0.5531656547874592,0.6887496489103808,0.7729489386115892,0.14457831325301204,0.41916167664670656,58.0,12.0,71.0,26.0,0.872807703199908,0.8452380952380952,0.16078515203396826,0.482249548560193,0.08409369329796376,-0.20007832657903232,1.0445388367417618,,,,0.6476190476190476,0.7595238095238095,0.8216867469879517,0.8542168674698795,0.8063857925562063,0.8364864864864865,0.6742307387468678,0.7695856597120189,0.5003944168157454,0.5958484112462226,0.6489171563066809,0.721621432949511,0.849026937477959,0.9100839439829996,0.8204532415375789,0.8867756741250717,0.13795954863743262,0.1737096795098572,20260831,2,North America,267,167,V1-V10_financial_only
PONE2016_h2_target_North_America,20260728,KELM_score_fusion,cost_1,167,84,0.6016065012534358,"Same-horizon leave-one-region-out transfer; source regions=Asia,Europe; target region=North America; source-only fit/search/calibration; target labels untouched until final evaluation; V1-V10 financial ratios only.",Plain KELM plus HistGB score-level fusion; alpha=1.00 selected only on search partition.,Platt_logistic_on_separate_calibration_partition,0.7631050499564764,0.6904761904761905,0.8433734939759037,0.8169014084507042,0.7483870967741936,0.7880434782608695,0.7125307125307125,0.5399243183917269,0.6799868507448862,0.7669248422260471,0.1566265060240964,0.4251497005988024,58.0,13.0,70.0,26.0,0.872807703199908,0.8452380952380952,0.16078515203396826,0.482249548560193,0.08409369329796376,-0.20007832657903232,1.0445388367417618,1.0,0.23353293413173654,0.23353293413173654,0.6666666666666666,0.7714285714285715,0.7951807228915663,0.8987951807228916,0.7880182926829268,0.8703947368421052,0.6937623762376237,0.7762170762298509,0.5327469690090796,0.5948426693050668,0.6732728206898676,0.7207680256283255,0.8729842526680102,0.9038452886764533,0.8464142283419391,0.8810240963855421,0.14398001677990555,0.1635604323322074,20260831,2,North America,267,167,V1-V10_financial_only
PONE2016_h2_target_North_America,20260728,KELM_score_fusion,cost_2,167,84,0.23031972003385187,"Same-horizon leave-one-region-out transfer; source regions=Asia,Europe; target region=North America; source-only fit/search/calibration; target labels untouched until final evaluation; V1-V10 financial ratios only.",Plain KELM plus HistGB score-level fusion; alpha=1.00 selected only on search partition.,Platt_logistic_on_separate_calibration_partition,0.5596901035825028,0.9285714285714286,0.3373493975903614,0.5864661654135338,0.7188940092165899,0.6331168831168831,0.8315565031982942,0.33019140298608235,0.4694114430643109,0.632960413080895,0.6626506024096386,0.7964071856287425,78.0,55.0,28.0,6.0,0.872807703199908,0.8452380952380952,0.16078515203396826,0.482249548560193,0.08409369329796376,-0.20007832657903232,1.0445388367417618,2.0,0.40119760479041916,0.26693227091633465,0.9047619047619048,0.9595238095238096,0.30481927710843376,0.42891566265060244,0.5687810945273631,0.6174611973392461,0.8097330085933551,0.861634824870119,0.26396490973439346,0.42519138945356566,0.4176279404673077,0.5415824973397062,0.8487958895142875,0.9093016167773105,0.8169535283993115,0.892799770510614,0.1355545357297097,0.1757838858696285,20260831,2,North America,267,167,V1-V10_financial_only
PONE2016_h2_target_North_America,20260728,KELM_score_fusion,cost_5,167,84,0.23031972003385187,"Same-horizon leave-one-region-out transfer; source regions=Asia,Europe; target region=North America; source-only fit/search/calibration; target labels untouched until final evaluation; V1-V10 financial ratios only.",Plain KELM plus HistGB score-level fusion; alpha=1.00 selected only on search partition.,Platt_logistic_on_separate_calibration_partition,0.5596901035825028,0.9285714285714286,0.3373493975903614,0.5864661654135338,0.7188940092165899,0.6331168831168831,0.8315565031982942,0.33019140298608235,0.4694114430643109,0.632960413080895,0.6626506024096386,0.7964071856287425,78.0,55.0,28.0,6.0,0.872807703199908,0.8452380952380952,0.16078515203396826,0.482249548560193,0.08409369329796376,-0.20007832657903232,1.0445388367417618,5.0,0.5089820359281437,0.16898608349900596,0.8833333333333333,0.9380952380952381,0.27108433734939763,0.41445783132530123,0.5652214839424141,0.6128615384615385,0.7976740966357468,0.8346100913250333,0.26222450651589296,0.3815225933502857,0.41279229835082676,0.5248648205326217,0.8255350575862461,0.8849993275457032,0.7932874354561102,0.8564400458978774,0.15197842658717986,0.186154626328525,20260831,2,North America,267,167,V1-V10_financial_only
PONE2016_h2_target_North_America,20260728,KELM_score_fusion,cost_10,167,84,0.23031972003385187,"Same-horizon leave-one-region-out transfer; source regions=Asia,Europe; target region=North America; source-only fit/search/calibration; target labels untouched until final evaluation; V1-V10 financial ratios only.",Plain KELM plus HistGB score-level fusion; alpha=1.00 selected only on search partition.,Platt_logistic_on_separate_calibration_partition,0.5596901035825028,0.9285714285714286,0.3373493975903614,0.5864661654135338,0.7188940092165899,0.6331168831168831,0.8315565031982942,0.33019140298608235,0.4694114430643109,0.632960413080895,0.6626506024096386,0.7964071856287425,78.0,55.0,28.0,6.0,0.872807703199908,0.8452380952380952,0.16078515203396826,0.482249548560193,0.08409369329796376,-0.20007832657903232,1.0445388367417618,10.0,0.688622754491018,0.12459371614301191,0.905952380952381,0.9630952380952381,0.27108433734939763,0.3481927710843374,0.557603406326034,0.5954279080053074,0.8053093547279594,0.8569915254237288,0.23026948305780456,0.3850957219592895,0.3840252029598676,0.5005000945162216,0.8417541999919994,0.9166928072203018,0.811976477337923,0.9028973034997131,0.13392137668028578,0.17644221446937203,20260831,2,North America,267,167,V1-V10_financial_only
PONE2016_h2_target_North_America,20260728,KELM_score_fusion,cost_20,167,84,0.23031972003385187,"Same-horizon leave-one-region-out transfer; source regions=Asia,Europe; target region=North America; source-only fit/search/calibration; target labels untouched until final evaluation; V1-V10 financial ratios only.",Plain KELM plus HistGB score-level fusion; alpha=1.00 selected only on search partition.,Platt_logistic_on_separate_calibration_partition,0.5596901035825028,0.9285714285714286,0.3373493975903614,0.5864661654135338,0.7188940092165899,0.6331168831168831,0.8315565031982942,0.33019140298608235,0.4694114430643109,0.632960413080895,0.6626506024096386,0.7964071856287425,78.0,55.0,28.0,6.0,0.872807703199908,0.8452380952380952,0.16078515203396826,0.482249548560193,0.08409369329796376,-0.20007832657903232,1.0445388367417618,20.0,1.0479041916167664,0.09926262053318208,0.863095238095238,0.9761904761904762,0.3289156626506024,0.3963855421686747,0.5800690250215703,0.6165413533834586,0.7895131330248322,0.8742004264392325,0.2884021482900088,0.44916004224967626,0.4487932371382315,0.5529287712916557,0.8467881950912478,0.9056498281501346,0.8089931153184166,0.8917527251864601,0.14009672196902756,0.17780250207133172,20260831,2,North America,267,167,V1-V10_financial_only
PONE2016_h2_target_North_America,20260728,KELM_risk_feature,triad,167,84,0.5679356987779399,"Same-horizon leave-one-region-out transfer; source regions=Asia,Europe; target region=North America; source-only fit/search/calibration; target labels untouched until final evaluation; V1-V10 financial ratios only.",OOF HistGB risk is a forced KELM input; no score-level fusion.,Platt_logistic_on_separate_calibration_partition,0.7377805484652138,0.6547619047619048,0.8313253012048193,0.7971014492753623,0.7189542483660131,0.7638888888888888,0.6790123456790124,0.49357743462640097,0.6452627074620906,0.743043602983362,0.1686746987951807,0.41317365269461076,55.0,14.0,69.0,29.0,0.8382021161575721,0.8066551921973608,0.1806625971920267,0.5360356820684705,0.07117967156876193,-0.1646446891074838,0.8091028520394052,,,,0.5726190476190476,0.7630952380952382,0.7614457831325301,0.863855421686747,0.7137783221065523,0.8345172869828075,0.6004938271604938,0.7742981852970193,0.35182246984423404,0.5998912682174011,0.5387570329062954,0.7255088304966527,0.7775493053710205,0.8810183796829382,0.7218588640275387,0.8545180722891567,0.15956241170386118,0.2185583157410146,20260939,2,North America,267,167,V1-V10_financial_only
PONE2016_h2_target_North_America,20260728,KELM_risk_feature,cost_1,167,84,0.4577966955266546,"Same-horizon leave-one-region-out transfer; source regions=Asia,Europe; target region=North America; source-only fit/search/calibration; target labels untouched until final evaluation; V1-V10 financial ratios only.",OOF HistGB risk is a forced KELM input; no score-level fusion.,Platt_logistic_on_separate_calibration_partition,0.6993563141628845,0.7380952380952381,0.6626506024096386,0.6888888888888889,0.7126436781609196,0.6981981981981982,0.7276995305164319,0.4019583874226615,0.5814682849076178,0.7003729202524384,0.3373493975903614,0.5389221556886228,62.0,28.0,55.0,22.0,0.8382021161575721,0.8066551921973608,0.1806625971920267,0.5360356820684705,0.07117967156876193,-0.1646446891074838,0.8091028520394052,1.0,0.2994011976047904,0.2994011976047904,0.7142857142857143,0.7607142857142857,0.6421686746987951,0.7566265060240964,0.6754872563718141,0.7575511347716447,0.709726443768997,0.7576434525896684,0.3796805040891605,0.5078383748752384,0.5639391758417864,0.66086164988831,0.8268456268722222,0.8716698331052233,0.7881095811818702,0.8431009753298909,0.16000227585373905,0.1873973090511434,20260939,2,North America,267,167,V1-V10_financial_only
PONE2016_h2_target_North_America,20260728,KELM_risk_feature,cost_2,167,84,0.4577966955266546,"Same-horizon leave-one-region-out transfer; source regions=Asia,Europe; target region=North America; source-only fit/search/calibration; target labels untouched until final evaluation; V1-V10 financial ratios only.",OOF HistGB risk is a forced KELM input; no score-level fusion.,Platt_logistic_on_separate_calibration_partition,0.6993563141628845,0.7380952380952381,0.6626506024096386,0.6888888888888889,0.7126436781609196,0.6981981981981982,0.7276995305164319,0.4019583874226615,0.5814682849076178,0.7003729202524384,0.3373493975903614,0.5389221556886228,62.0,28.0,55.0,22.0,0.8382021161575721,0.8066551921973608,0.1806625971920267,0.5360356820684705,0.07117967156876193,-0.1646446891074838,0.8091028520394052,2.0,0.4311377245508982,0.2868525896414343,0.7273809523809524,0.8047619047619048,0.5963855421686747,0.7192771084337349,0.6558869701726844,0.742982017982018,0.7215357018286911,0.7903603535544308,0.36095173721560403,0.5236551915154105,0.5467265607422567,0.6709251668026328,0.8256375673034164,0.8915106274173441,0.7907343660355708,0.8788582903040735,0.14696076950788195,0.19045510601873597,20260939,2,North America,267,167,V1-V10_financial_only
PONE2016_h2_target_North_America,20260728,KELM_risk_feature,cost_5,167,84,0.19941447879390348,"Same-horizon leave-one-region-out transfer; source regions=Asia,Europe; target region=North America; source-only fit/search/calibration; target labels untouched until final evaluation; V1-V10 financial ratios only.",OOF HistGB risk is a forced KELM input; no score-level fusion.,Platt_logistic_on_separate_calibration_partition,0.3552733628682858,0.9523809523809523,0.13253012048192772,0.5263157894736842,0.6779661016949152,0.5780346820809249,0.819672131147541,0.14848261038064212,0.2656237860374238,0.5424555364314401,0.8674698795180723,0.9101796407185628,80.0,72.0,11.0,4.0,0.8382021161575721,0.8066551921973608,0.1806625971920267,0.5360356820684705,0.07117967156876193,-0.1646446891074838,0.8091028520394052,5.0,0.5508982035928144,0.18290258449304175,0.9178571428571428,0.975,0.12289156626506025,0.22409638554216865,0.5143489932885906,0.5518694638694638,0.7933753340969836,0.8424214769183969,0.06707726730713963,0.25765634603112547,0.19548502775098536,0.3716505953297189,0.7956553328563982,0.8782675188556935,0.7399598393574296,0.8594807802639127,0.15626220317444162,0.20844668571353756,20260939,2,North America,267,167,V1-V10_financial_only
PONE2016_h2_target_North_America,20260728,KELM_risk_feature,cost_10,167,84,0.19941447879390348,"Same-horizon leave-one-region-out transfer; source regions=Asia,Europe; target region=North America; source-only fit/search/calibration; target labels untouched until final evaluation; V1-V10 financial ratios only.",OOF HistGB risk is a forced KELM input; no score-level fusion.,Platt_logistic_on_separate_calibration_partition,0.3552733628682858,0.9523809523809523,0.13253012048192772,0.5263157894736842,0.6779661016949152,0.5780346820809249,0.819672131147541,0.14848261038064212,0.2656237860374238,0.5424555364314401,0.8674698795180723,0.9101796407185628,80.0,72.0,11.0,4.0,0.8382021161575721,0.8066551921973608,0.1806625971920267,0.5360356820684705,0.07117967156876193,-0.1646446891074838,0.8091028520394052,10.0,0.6706586826347305,0.12134344528710726,0.9416666666666667,0.9630952380952381,0.11084337349397591,0.1566265060240964,0.5229541595925297,0.533020134228188,0.8149569038364036,0.8246670522072197,0.1415595496132306,0.17869207651198424,0.24713765159744083,0.29808660916213603,0.8213169646950806,0.899998075885902,0.777008032128514,0.8700086058519795,0.14565752763328962,0.19162991648561478,20260939,2,North America,267,167,V1-V10_financial_only
PONE2016_h2_target_North_America,20260728,KELM_risk_feature,cost_20,167,84,0.19941447879390348,"Same-horizon leave-one-region-out transfer; source regions=Asia,Europe; target region=North America; source-only fit/search/calibration; target labels untouched until final evaluation; V1-V10 financial ratios only.",OOF HistGB risk is a forced KELM input; no score-level fusion.,Platt_logistic_on_separate_calibration_partition,0.3552733628682858,0.9523809523809523,0.13253012048192772,0.5263157894736842,0.6779661016949152,0.5780346820809249,0.819672131147541,0.14848261038064212,0.2656237860374238,0.5424555364314401,0.8674698795180723,0.9101796407185628,80.0,72.0,11.0,4.0,0.8382021161575721,0.8066551921973608,0.1806625971920267,0.5360356820684705,0.07117967156876193,-0.1646446891074838,0.8091028520394052,20.0,0.9101796407185628,0.08621667612024958,0.9416666666666667,0.9761904761904762,0.13253012048192772,0.21445783132530122,0.5234925060996863,0.5564625850340136,0.8119466792338506,0.8476486246672582,0.12646597861849718,0.2899212480157511,0.25075785805893885,0.39249271469781344,0.8279694411944171,0.8843668485868527,0.7813970166379803,0.8654044750430293,0.15000388826613964,0.19325344414274773,20260939,2,North America,267,167,V1-V10_financial_only
PONE2016_h2_target_North_America,20260728,Full_PBMSBAINGO,triad,167,84,0.8635772363602632,"Same-horizon leave-one-region-out transfer; source regions=Asia,Europe; target region=North America; source-only fit/search/calibration; target labels untouched until final evaluation; V1-V10 financial ratios only.",Risk feature plus score fusion; alpha=0.70 selected only on search partition.,Platt_logistic_on_separate_calibration_partition,0.698021957317464,0.5119047619047619,0.9518072289156626,0.9148936170212766,0.6564885496183206,0.7904411764705882,0.5613577023498695,0.5155697919204119,0.630969757526355,0.7318559954102122,0.04819277108433735,0.281437125748503,43.0,4.0,79.0,41.0,0.8791572653480645,0.8679001721170395,0.14898658070246798,0.4580238839829973,0.08174740283392734,-0.07648667804616834,0.8380997460190246,,,,0.45714285714285713,0.5345238095238095,0.9650602409638555,0.9867469879518072,0.9375531914893617,0.9758893280632411,0.5100503919372901,0.5875459653055924,0.5055821032268649,0.581697782397038,0.6086678057822713,0.6741671334578695,0.8726562694644,0.9175782019754127,0.8473895582329317,0.9009753298909924,0.12433508312471069,0.15879801480031105,20261035,2,North America,267,167,V1-V10_financial_only
PONE2016_h2_target_North_America,20260728,Full_PBMSBAINGO,cost_1,167,84,0.23997213314436894,"Same-horizon leave-one-region-out transfer; source regions=Asia,Europe; target region=North America; source-only fit/search/calibration; target labels untouched until final evaluation; V1-V10 financial ratios only.",Risk feature plus score fusion; alpha=0.70 selected only on search partition.,Platt_logistic_on_separate_calibration_partition,0.7406909366823012,0.8928571428571429,0.6144578313253012,0.7009345794392523,0.7853403141361257,0.732421875,0.8465011286681715,0.5286751005527308,0.6619435771214096,0.753657487091222,0.3855421686746988,0.6407185628742516,75.0,32.0,51.0,9.0,0.8791572653480645,0.8679001721170395,0.14898658070246798,0.4580238839829973,0.08174740283392734,-0.07648667804616834,0.8380997460190246,1.0,0.24550898203592814,0.24550898203592814,0.8369047619047619,0.9488095238095238,0.5253012048192771,0.6614457831325301,0.6542642140468228,0.7260508126284326,0.7990576496674058,0.88710407239819,0.43772804259796033,0.5884441153972334,0.5907917418035906,0.7039910734729607,0.808533767723372,0.9118467380140514,0.7911072862880092,0.9082759609868044,0.12279593970260558,0.19540784750639484,20261035,2,North America,267,167,V1-V10_financial_only
PONE2016_h2_target_North_America,20260728,Full_PBMSBAINGO,cost_2,167,84,0.23997213314436894,"Same-horizon leave-one-region-out transfer; source regions=Asia,Europe; target region=North America; source-only fit/search/calibration; target labels untouched until final evaluation; V1-V10 financial ratios only.",Risk feature plus score fusion; alpha=0.70 selected only on search partition.,Platt_logistic_on_separate_calibration_partition,0.7406909366823012,0.8928571428571429,0.6144578313253012,0.7009345794392523,0.7853403141361257,0.732421875,0.8465011286681715,0.5286751005527308,0.6619435771214096,0.753657487091222,0.3855421686746988,0.6407185628742516,75.0,32.0,51.0,9.0,0.8791572653480645,0.8679001721170395,0.14898658070246798,0.4580238839829973,0.08174740283392734,-0.07648667804616834,0.8380997460190246,2.0,0.2994011976047904,0.199203187250996,0.8357142857142857,0.9571428571428572,0.5674698795180724,0.6734939759036144,0.6731750442030815,0.7252626050420168,0.8087467873359783,0.8980909572733202,0.45703569388608883,0.6214174697269391,0.6099964249541479,0.720501921018927,0.8421249971024591,0.9218013165610995,0.8285857716580608,0.9093516924842225,0.12576378476335687,0.1743789835460129,20261035,2,North America,267,167,V1-V10_financial_only
PONE2016_h2_target_North_America,20260728,Full_PBMSBAINGO,cost_5,167,84,0.14416855449333169,"Same-horizon leave-one-region-out transfer; source regions=Asia,Europe; target region=North America; source-only fit/search/calibration; target labels untouched until final evaluation; V1-V10 financial ratios only.",Risk feature plus score fusion; alpha=0.70 selected only on search partition.,Platt_logistic_on_separate_calibration_partition,0.6732321572673775,0.9404761904761905,0.4819277108433735,0.6475409836065574,0.7669902912621359,0.6905594405594405,0.8624454148471615,0.4760147801554409,0.599768124167474,0.711201950659782,0.5180722891566265,0.7305389221556886,79.0,43.0,40.0,5.0,0.8791572653480645,0.8679001721170395,0.14898658070246798,0.4580238839829973,0.08174740283392734,-0.07648667804616834,0.8380997460190246,5.0,0.40718562874251496,0.13518886679920478,0.9095238095238095,0.9642857142857143,0.40120481927710844,0.4927710843373494,0.6197697996183207,0.6497726333195535,0.8400277334943259,0.8727063143264968,0.43806644801334405,0.49092272233218254,0.5553439411574465,0.607482018546349,0.8056048463999936,0.8901356737929444,0.8034710269650028,0.8788296041308089,0.1459574569249607,0.18675249313490125,20261035,2,North America,267,167,V1-V10_financial_only
PONE2016_h2_target_North_America,20260728,Full_PBMSBAINGO,cost_10,167,84,0.14416855449333169,"Same-horizon leave-one-region-out transfer; source regions=Asia,Europe; target region=North America; source-only fit/search/calibration; target labels untouched until final evaluation; V1-V10 financial ratios only.",Risk feature plus score fusion; alpha=0.70 selected only on search partition.,Platt_logistic_on_separate_calibration_partition,0.6732321572673775,0.9404761904761905,0.4819277108433735,0.6475409836065574,0.7669902912621359,0.6905594405594405,0.8624454148471615,0.4760147801554409,0.599768124167474,0.711201950659782,0.5180722891566265,0.7305389221556886,79.0,43.0,40.0,5.0,0.8791572653480645,0.8679001721170395,0.14898658070246798,0.4580238839829973,0.08174740283392734,-0.07648667804616834,0.8380997460190246,10.0,0.5568862275449101,0.10075839653304441,0.8726190476190476,0.9619047619047619,0.40602409638554215,0.5180722891566265,0.5994689221085759,0.6583119658119658,0.7997570709699809,0.87901411136537,0.318275491658586,0.5088611770341628,0.4839321711590212,0.6188734571144634,0.8558466818757199,0.894138838019536,0.8237521514629947,0.8696069994262766,0.14216338504010534,0.1766782221719722,20261035,2,North America,267,167,V1-V10_financial_only
PONE2016_h2_target_North_America,20260728,Full_PBMSBAINGO,cost_20,167,84,0.14416855449333169,"Same-horizon leave-one-region-out transfer; source regions=Asia,Europe; target region=North America; source-only fit/search/calibration; target labels untouched until final evaluation; V1-V10 financial ratios only.",Risk feature plus score fusion; alpha=0.70 selected only on search partition.,Platt_logistic_on_separate_calibration_partition,0.6732321572673775,0.9404761904761905,0.4819277108433735,0.6475409836065574,0.7669902912621359,0.6905594405594405,0.8624454148471615,0.4760147801554409,0.599768124167474,0.711201950659782,0.5180722891566265,0.7305389221556886,79.0,43.0,40.0,5.0,0.8791572653480645,0.8679001721170395,0.14898658070246798,0.4580238839829973,0.08174740283392734,-0.07648667804616834,0.8380997460190246,20.0,0.8562874251497006,0.08111174134997164,0.8857142857142857,0.9726190476190476,0.42650602409638555,0.5409638554216867,0.6218969555035129,0.6731790333560246,0.826063691319816,0.8858977666924687,0.4101518894388201,0.5260311165095244,0.5468946312969621,0.6426821948693554,0.870315867254362,0.9001884116822391,0.8551061388410786,0.8891422834193918,0.13734824404300888,0.16592578810816316,20261035,2,North America,267,167,V1-V10_financial_only
PONE2016_h2_target_North_America,20260728,Uncertainty_gated_fusion,triad,167,84,0.5679356987779399,"Same-horizon leave-one-region-out transfer; source regions=Asia,Europe; target region=North America; source-only fit/search/calibration; target labels untouched until final evaluation; V1-V10 financial ratios only.","One-standard-error paired-bootstrap gate selected KELM_risk_feature; search utility difference=-0.0873, required margin=0.0641.",Platt_logistic_on_separate_calibration_partition,0.7377805484652138,0.6547619047619048,0.8313253012048193,0.7971014492753623,0.7189542483660131,0.7638888888888888,0.6790123456790124,0.49357743462640097,0.6452627074620906,0.743043602983362,0.1686746987951807,0.41317365269461076,55.0,14.0,69.0,29.0,0.8382021161575721,0.8066551921973608,0.1806625971920267,0.5360356820684705,0.07117967156876193,-0.1646446891074838,0.8091028520394052,,,,0.5654761904761905,0.7630952380952382,0.8566265060240964,0.8783132530120481,0.8118500273672687,0.8436112274821952,0.6019649377250231,0.7777113537091667,0.45375366094680025,0.6225086682818158,0.6059598067575684,0.7408517748177184,0.8048173559186316,0.887349086058384,0.7475903614457832,0.8729776247848537,0.146191246521751,0.20293793190047382,20261081,2,North America,267,167,V1-V10_financial_only
PONE2016_h2_target_North_America,20260728,Uncertainty_gated_fusion,cost_1,167,84,0.4577966955266546,"Same-horizon leave-one-region-out transfer; source regions=Asia,Europe; target region=North America; source-only fit/search/calibration; target labels untouched until final evaluation; V1-V10 financial ratios only.","One-standard-error paired-bootstrap gate selected KELM_risk_feature; search utility difference=-0.0873, required margin=0.0641.",Platt_logistic_on_separate_calibration_partition,0.6993563141628845,0.7380952380952381,0.6626506024096386,0.6888888888888889,0.7126436781609196,0.6981981981981982,0.7276995305164319,0.4019583874226615,0.5814682849076178,0.7003729202524384,0.3373493975903614,0.5389221556886228,62.0,28.0,55.0,22.0,0.8382021161575721,0.8066551921973608,0.1806625971920267,0.5360356820684705,0.07117967156876193,-0.1646446891074838,0.8091028520394052,1.0,0.2994011976047904,0.2994011976047904,0.694047619047619,0.75,0.616867469879518,0.7975903614457832,0.6645840407470288,0.7837187203040862,0.6973430903461862,0.7380754838381958,0.370270616575874,0.5228985373479182,0.5553644885702281,0.670544706903274,0.8250995764845397,0.8813169609503372,0.7869334480780265,0.8408777969018932,0.16426815725412747,0.19219748512539778,20261081,2,North America,267,167,V1-V10_financial_only
PONE2016_h2_target_North_America,20260728,Uncertainty_gated_fusion,cost_2,167,84,0.4577966955266546,"Same-horizon leave-one-region-out transfer; source regions=Asia,Europe; target region=North America; source-only fit/search/calibration; target labels untouched until final evaluation; V1-V10 financial ratios only.","One-standard-error paired-bootstrap gate selected KELM_risk_feature; search utility difference=-0.0873, required margin=0.0641.",Platt_logistic_on_separate_calibration_partition,0.6993563141628845,0.7380952380952381,0.6626506024096386,0.6888888888888889,0.7126436781609196,0.6981981981981982,0.7276995305164319,0.4019583874226615,0.5814682849076178,0.7003729202524384,0.3373493975903614,0.5389221556886228,62.0,28.0,55.0,22.0,0.8382021161575721,0.8066551921973608,0.1806625971920267,0.5360356820684705,0.07117967156876193,-0.1646446891074838,0.8091028520394052,2.0,0.4311377245508982,0.2868525896414343,0.7035714285714285,0.805952380952381,0.5831325301204819,0.6855421686746987,0.6513043478260869,0.6972947318462269,0.7002369668246445,0.7796104088276329,0.3549986161099025,0.4496048441477266,0.543785365360202,0.6137088141744328,0.8159937780493636,0.8395920895061254,0.7808663224325875,0.8224899598393574,0.17734261793096573,0.19884430786242152,20261081,2,North America,267,167,V1-V10_financial_only
PONE2016_h2_target_North_America,20260728,Uncertainty_gated_fusion,cost_5,167,84,0.19941447879390348,"Same-horizon leave-one-region-out transfer; source regions=Asia,Europe; target region=North America; source-only fit/search/calibration; target labels untouched until final evaluation; V1-V10 financial ratios only.","One-standard-error paired-bootstrap gate selected KELM_risk_feature; search utility difference=-0.0873, required margin=0.0641.",Platt_logistic_on_separate_calibration_partition,0.3552733628682858,0.9523809523809523,0.13253012048192772,0.5263157894736842,0.6779661016949152,0.5780346820809249,0.819672131147541,0.14848261038064212,0.2656237860374238,0.5424555364314401,0.8674698795180723,0.9101796407185628,80.0,72.0,11.0,4.0,0.8382021161575721,0.8066551921973608,0.1806625971920267,0.5360356820684705,0.07117967156876193,-0.1646446891074838,0.8091028520394052,5.0,0.5508982035928144,0.18290258449304175,0.9523809523809523,0.975,0.07710843373493975,0.1566265060240964,0.5136799867626375,0.5363762281954724,0.8181801246864211,0.8377634446530026,0.086033137594044,0.21663484479466957,0.18496085910708981,0.3141209994425577,0.7951501305895179,0.8495617542204553,0.7550774526678142,0.8274813539873781,0.1742981009366653,0.2010981417007861,20261081,2,North America,267,167,V1-V10_financial_only
PONE2016_h2_target_North_America,20260728,Uncertainty_gated_fusion,cost_10,167,84,0.19941447879390348,"Same-horizon leave-one-region-out transfer; source regions=Asia,Europe; target region=North America; source-only fit/search/calibration; target labels untouched until final evaluation; V1-V10 financial ratios only.","One-standard-error paired-bootstrap gate selected KELM_risk_feature; search utility difference=-0.0873, required margin=0.0641.",Platt_logistic_on_separate_calibration_partition,0.3552733628682858,0.9523809523809523,0.13253012048192772,0.5263157894736842,0.6779661016949152,0.5780346820809249,0.819672131147541,0.14848261038064212,0.2656237860374238,0.5424555364314401,0.8674698795180723,0.9101796407185628,80.0,72.0,11.0,4.0,0.8382021161575721,0.8066551921973608,0.1806625971920267,0.5360356820684705,0.07117967156876193,-0.1646446891074838,0.8091028520394052,10.0,0.6706586826347305,0.12134344528710726,0.9416666666666667,0.9761904761904762,0.14578313253012049,0.19036144578313255,0.5335947712418301,0.5428513108954005,0.8198563939688882,0.8415447861159052,0.18231437789077667,0.24326944537435535,0.3009520050004834,0.34227566482531807,0.7939087456167457,0.8741025138269759,0.7498995983935742,0.8452667814113599,0.158648425083965,0.20489162019803667,20261081,2,North America,267,167,V1-V10_financial_only
PONE2016_h2_target_North_America,20260728,Uncertainty_gated_fusion,cost_20,167,84,0.19941447879390348,"Same-horizon leave-one-region-out transfer; source regions=Asia,Europe; target region=North America; source-only fit/search/calibration; target labels untouched until final evaluation; V1-V10 financial ratios only.","One-standard-error paired-bootstrap gate selected KELM_risk_feature; search utility difference=-0.0873, required margin=0.0641.",Platt_logistic_on_separate_calibration_partition,0.3552733628682858,0.9523809523809523,0.13253012048192772,0.5263157894736842,0.6779661016949152,0.5780346820809249,0.819672131147541,0.14848261038064212,0.2656237860374238,0.5424555364314401,0.8674698795180723,0.9101796407185628,80.0,72.0,11.0,4.0,0.8382021161575721,0.8066551921973608,0.1806625971920267,0.5360356820684705,0.07117967156876193,-0.1646446891074838,0.8091028520394052,20.0,0.9101796407185628,0.08621667612024958,0.9166666666666666,0.975,0.13253012048192772,0.18795180722891566,0.5171276981679667,0.5485914871070293,0.7939784442361761,0.8438165455467298,0.08103220072568255,0.26421387364969345,0.21489999471208557,0.3641626247283879,0.783869580781136,0.84912432201453,0.7600401606425704,0.8200803212851406,0.17576564678237602,0.2024917460548354,20261081,2,North America,267,167,V1-V10_financial_only
PONE2016_h2_target_North_America,20260728,Full_random_search,triad,167,84,0.6891167407883287,"Same-horizon leave-one-region-out transfer; source regions=Asia,Europe; target region=North America; source-only fit/search/calibration; target labels untouched until final evaluation; V1-V10 financial ratios only.",Same full architecture and 81 evaluations as PBMSBAINGO; alpha=0.70.,Platt_logistic_on_separate_calibration_partition,0.7926078440769146,0.7142857142857143,0.8795180722891566,0.8571428571428571,0.7792207792207793,0.8241758241758241,0.7389162561576355,0.6017093564950292,0.7230491705940677,0.7969018932874354,0.12048192771084337,0.41916167664670656,60.0,10.0,73.0,24.0,0.8966117086320615,0.8816695352839933,0.14718802271146147,0.447364302911434,0.09536017773075138,-0.01518328502914356,0.7999569110338349,,,,0.6452380952380953,0.7464285714285714,0.8361445783132531,0.9144578313253011,0.8220779220779221,0.8934701492537314,0.6805527638190956,0.7608823653110148,0.5672855919950319,0.6385182860970272,0.6916971191549374,0.7464609279831268,0.8776264995610873,0.9166657758683363,0.8506167527251866,0.9031698221457258,0.13562518282617297,0.1662017518553733,20261129,2,North America,267,167,V1-V10_financial_only
PONE2016_h2_target_North_America,20260728,Full_random_search,cost_1,167,84,0.23146343000523983,"Same-horizon leave-one-region-out transfer; source regions=Asia,Europe; target region=North America; source-only fit/search/calibration; target labels untouched until final evaluation; V1-V10 financial ratios only.",Same full architecture and 81 evaluations as PBMSBAINGO; alpha=0.70.,Platt_logistic_on_separate_calibration_partition,0.7600917902113918,0.9047619047619048,0.6385542168674698,0.7169811320754716,0.8,0.7480314960629921,0.8597285067873304,0.5641744718012692,0.6882007973714944,0.7716580608146872,0.3614457831325301,0.6347305389221557,76.0,30.0,53.0,8.0,0.8966117086320615,0.8816695352839933,0.14718802271146147,0.447364302911434,0.09536017773075138,-0.01518328502914356,0.7999569110338349,1.0,0.2275449101796407,0.2275449101796407,0.8583333333333333,0.9166666666666666,0.5433734939759036,0.6481927710843374,0.6588561776061777,0.7250698812019566,0.8163493585353605,0.8706483632954222,0.4395127923899332,0.5869593567161561,0.5925847040865813,0.7038855578899528,0.8700418709337026,0.9073249099761036,0.8386976477337922,0.8901319563970167,0.13207003455815572,0.1854109504256607,20261129,2,North America,267,167,V1-V10_financial_only
PONE2016_h2_target_North_America,20260728,Full_random_search,cost_2,167,84,0.23146343000523983,"Same-horizon leave-one-region-out transfer; source regions=Asia,Europe; target region=North America; source-only fit/search/calibration; target labels untouched until final evaluation; V1-V10 financial ratios only.",Same full architecture and 81 evaluations as PBMSBAINGO; alpha=0.70.,Platt_logistic_on_separate_calibration_partition,0.7600917902113918,0.9047619047619048,0.6385542168674698,0.7169811320754716,0.8,0.7480314960629921,0.8597285067873304,0.5641744718012692,0.6882007973714944,0.7716580608146872,0.3614457831325301,0.6347305389221557,76.0,30.0,53.0,8.0,0.8966117086320615,0.8816695352839933,0.14718802271146147,0.447364302911434,0.09536017773075138,-0.01518328502914356,0.7999569110338349,2.0,0.2754491017964072,0.18326693227091634,0.8309523809523809,0.95,0.5939759036144578,0.6855421686746987,0.6963963963963964,0.7389777327935223,0.8065473873256617,0.8932069653546163,0.5154476620371752,0.6127742766380793,0.6615593592799025,0.7218459978935883,0.8846286073446064,0.9060573339315647,0.8758462421113025,0.8884968445209409,0.13837339792357525,0.15738572741178342,20261129,2,North America,267,167,V1-V10_financial_only
PONE2016_h2_target_North_America,20260728,Full_random_search,cost_5,167,84,0.23146343000523983,"Same-horizon leave-one-region-out transfer; source regions=Asia,Europe; target region=North America; source-only fit/search/calibration; target labels untouched until final evaluation; V1-V10 financial ratios only.",Same full architecture and 81 evaluations as PBMSBAINGO; alpha=0.70.,Platt_logistic_on_separate_calibration_partition,0.7600917902113918,0.9047619047619048,0.6385542168674698,0.7169811320754716,0.8,0.7480314960629921,0.8597285067873304,0.5641744718012692,0.6882007973714944,0.7716580608146872,0.3614457831325301,0.6347305389221557,76.0,30.0,53.0,8.0,0.8966117086320615,0.8816695352839933,0.14718802271146147,0.447364302911434,0.09536017773075138,-0.01518328502914356,0.7999569110338349,5.0,0.41916167664670656,0.13916500994035785,0.8714285714285714,0.9380952380952381,0.5698795180722892,0.6590361445783133,0.6832743362831858,0.7216662206761216,0.8365578760988641,0.8816248833779757,0.5185212398354857,0.5836771612971436,0.6472916438433481,0.6958359402797571,0.8666868755129262,0.9116184270721839,0.8503298909925416,0.9016207687894434,0.14210739624545465,0.17448591300671068,20261129,2,North America,267,167,V1-V10_financial_only
PONE2016_h2_target_North_America,20260728,Full_random_search,cost_10,167,84,0.23146343000523983,"Same-horizon leave-one-region-out transfer; source regions=Asia,Europe; target region=North America; source-only fit/search/calibration; target labels untouched until final evaluation; V1-V10 financial ratios only.",Same full architecture and 81 evaluations as PBMSBAINGO; alpha=0.70.,Platt_logistic_on_separate_calibration_partition,0.7600917902113918,0.9047619047619048,0.6385542168674698,0.7169811320754716,0.8,0.7480314960629921,0.8597285067873304,0.5641744718012692,0.6882007973714944,0.7716580608146872,0.3614457831325301,0.6347305389221557,76.0,30.0,53.0,8.0,0.8966117086320615,0.8816695352839933,0.14718802271146147,0.447364302911434,0.09536017773075138,-0.01518328502914356,0.7999569110338349,10.0,0.6586826347305389,0.11917659804983749,0.8285714285714285,0.9166666666666666,0.6180722891566265,0.7096385542168674,0.6874929945824771,0.7573083778966132,0.7967332123411979,0.878595890410959,0.46010556956094595,0.6294592841895177,0.6179577170402298,0.7385404475315694,0.8788038330864184,0.9346385227069611,0.8476620768789443,0.9187607573149742,0.11042397249212771,0.16939439275548862,20261129,2,North America,267,167,V1-V10_financial_only
PONE2016_h2_target_North_America,20260728,Full_random_search,cost_20,167,84,0.23146343000523983,"Same-horizon leave-one-region-out transfer; source regions=Asia,Europe; target region=North America; source-only fit/search/calibration; target labels untouched until final evaluation; V1-V10 financial ratios only.",Same full architecture and 81 evaluations as PBMSBAINGO; alpha=0.70.,Platt_logistic_on_separate_calibration_partition,0.7600917902113918,0.9047619047619048,0.6385542168674698,0.7169811320754716,0.8,0.7480314960629921,0.8597285067873304,0.5641744718012692,0.6882007973714944,0.7716580608146872,0.3614457831325301,0.6347305389221557,76.0,30.0,53.0,8.0,0.8966117086320615,0.8816695352839933,0.14718802271146147,0.447364302911434,0.09536017773075138,-0.01518328502914356,0.7999569110338349,20.0,1.1377245508982037,0.10777084515031196,0.8595238095238095,0.9392857142857143,0.6060240963855422,0.7228915662650602,0.6949069707622395,0.7708389786347056,0.8352196843919071,0.8919677062710514,0.5104717335556985,0.6604299104664461,0.6494235544231781,0.7597339050529668,0.8650494291671094,0.9183144973158657,0.8385398737808376,0.9113597246127366,0.1295376080433635,0.17642432534070024,20261129,2,North America,267,167,V1-V10_financial_only
PONE2016_h2_target_North_America,20260728,Balanced_logistic,triad,167,84,0.5526900982000511,"Same-horizon leave-one-region-out transfer; source regions=Asia,Europe; target region=North America; source-only fit/search/calibration; target labels untouched until final evaluation; V1-V10 financial ratios only.",Class-weighted logistic reference using the same source-only fit/search/calibration and untouched regional target.,Platt_logistic_on_separate_calibration_partition,0.7162766287094263,0.5833333333333334,0.8795180722891566,0.8305084745762712,0.6853146853146853,0.765625,0.620253164556962,0.4841527384287163,0.6286100471391216,0.731425702811245,0.12048192771084337,0.3532934131736527,49.0,10.0,73.0,35.0,0.8534941456966716,0.8073723465289729,0.17868133891589966,0.5959567668017041,0.09898043245424734,0.13840026463894178,0.5605383650644322,,,,0.5523809523809524,0.6619047619047619,0.8698795180722891,0.9373493975903615,0.829010989010989,0.9059011164274322,0.5957469076447078,0.6935918349489685,0.4980816419601148,0.5721214944159972,0.6312133261323097,0.6965960684176298,0.8539943613669669,0.9054842735226433,0.800530694205393,0.8729059093516924,0.14405690510868857,0.17977671713432758,20262029,2,North America,267,167,V1-V10_financial_only
PONE2016_h2_target_North_America,20260728,Balanced_logistic,cost_1,167,84,0.548031587102932,"Same-horizon leave-one-region-out transfer; source regions=Asia,Europe; target region=North America; source-only fit/search/calibration; target labels untouched until final evaluation; V1-V10 financial ratios only.",Class-weighted logistic reference using the same source-only fit/search/calibration and untouched regional target.,Platt_logistic_on_separate_calibration_partition,0.7185757571479554,0.5952380952380952,0.8674698795180723,0.819672131147541,0.6896551724137931,0.7621951219512195,0.6297229219143576,0.4804717122573639,0.6283539005554196,0.7313539873780838,0.13253012048192772,0.3652694610778443,50.0,11.0,72.0,34.0,0.8534941456966716,0.8073723465289729,0.17868133891589966,0.5959567668017041,0.09898043245424734,0.13840026463894178,0.5605383650644322,1.0,0.2694610778443114,0.2694610778443114,0.5488095238095239,0.6285714285714286,0.7771084337349398,0.9433734939759035,0.7152564102564103,0.9148879716981132,0.5755529106526613,0.6598410224438902,0.336124083437581,0.5686256739424899,0.5233892249726001,0.6805231636231165,0.8168432871458478,0.8812576613343165,0.7597389558232932,0.8422403901319565,0.16076370871267925,0.20061444801415063,20262029,2,North America,267,167,V1-V10_financial_only
PONE2016_h2_target_North_America,20260728,Balanced_logistic,cost_2,167,84,0.5280682451838186,"Same-horizon leave-one-region-out transfer; source regions=Asia,Europe; target region=North America; source-only fit/search/calibration; target labels untouched until final evaluation; V1-V10 financial ratios only.",Class-weighted logistic reference using the same source-only fit/search/calibration and untouched regional target.,Platt_logistic_on_separate_calibration_partition,0.7225568167373793,0.6190476190476191,0.8433734939759037,0.8,0.697986577181208,0.7558139534883721,0.6483790523690773,0.47419784906565876,0.6279154874059706,0.7312105565117614,0.1566265060240964,0.38922155688622756,52.0,13.0,70.0,32.0,0.8534941456966716,0.8073723465289729,0.17868133891589966,0.5959567668017041,0.09898043245424734,0.13840026463894178,0.5605383650644322,2.0,0.46107784431137727,0.30677290836653387,0.6095238095238095,0.6857142857142857,0.8072289156626506,0.8903614457831325,0.7696827262044653,0.8555555555555555,0.6420652645945779,0.7042545387859893,0.44955651840715305,0.5488154462142659,0.6124219219909438,0.6793551787959273,0.8508258899961927,0.8749324493459383,0.7939328743545611,0.8366465863453816,0.16404347491932142,0.18080338360902407,20262029,2,North America,267,167,V1-V10_financial_only
PONE2016_h2_target_North_America,20260728,Balanced_logistic,cost_5,167,84,0.5280682451838186,"Same-horizon leave-one-region-out transfer; source regions=Asia,Europe; target region=North America; source-only fit/search/calibration; target labels untouched until final evaluation; V1-V10 financial ratios only.",Class-weighted logistic reference using the same source-only fit/search/calibration and untouched regional target.,Platt_logistic_on_separate_calibration_partition,0.7225568167373793,0.6190476190476191,0.8433734939759037,0.8,0.697986577181208,0.7558139534883721,0.6483790523690773,0.47419784906565876,0.6279154874059706,0.7312105565117614,0.1566265060240964,0.38922155688622756,52.0,13.0,70.0,32.0,0.8534941456966716,0.8073723465289729,0.17868133891589966,0.5959567668017041,0.09898043245424734,0.13840026463894178,0.5605383650644322,5.0,1.035928143712575,0.34393638170974156,0.5726190476190476,0.6654761904761904,0.753012048192771,0.8530120481927711,0.7038647342995169,0.8173773987206824,0.5947368421052631,0.6858852722230331,0.3337650238666848,0.5164278894443417,0.5242959608821883,0.660375825808243,0.8136370547580904,0.8705799904851537,0.7545897877223179,0.8279977051061388,0.1684385499898256,0.20309929484837413,20262029,2,North America,267,167,V1-V10_financial_only
PONE2016_h2_target_North_America,20260728,Balanced_logistic,cost_10,167,84,0.12835317694666543,"Same-horizon leave-one-region-out transfer; source regions=Asia,Europe; target region=North America; source-only fit/search/calibration; target labels untouched until final evaluation; V1-V10 financial ratios only.",Class-weighted logistic reference using the same source-only fit/search/calibration and untouched regional target.,Platt_logistic_on_separate_calibration_partition,0.4897105354095492,0.9047619047619048,0.26506024096385544,0.5547445255474452,0.6877828054298643,0.6012658227848101,0.8033826638477801,0.2211831822974264,0.37573097455962756,0.5849110728628801,0.7349397590361446,0.8203592814371258,76.0,61.0,22.0,8.0,0.8534941456966716,0.8073723465289729,0.17868133891589966,0.5959567668017041,0.09898043245424734,0.13840026463894178,0.5605383650644322,10.0,0.844311377245509,0.15276273022751896,0.8607142857142857,0.9607142857142857,0.21807228915662652,0.29638554216867474,0.5277372262773723,0.5798561151079137,0.7642706131078224,0.8489583792116274,0.105753209035957,0.34251408073385603,0.2705213257281527,0.45964669273986675,0.8113122856238753,0.878434811744923,0.7626506024096387,0.8395582329317269,0.16080702205313266,0.2060186241765519,20262029,2,North America,267,167,V1-V10_financial_only
PONE2016_h2_target_North_America,20260728,Balanced_logistic,cost_20,167,84,0.12835317694666543,"Same-horizon leave-one-region-out transfer; source regions=Asia,Europe; target region=North America; source-only fit/search/calibration; target labels untouched until final evaluation; V1-V10 financial ratios only.",Class-weighted logistic reference using the same source-only fit/search/calibration and untouched regional target.,Platt_logistic_on_separate_calibration_partition,0.4897105354095492,0.9047619047619048,0.26506024096385544,0.5547445255474452,0.6877828054298643,0.6012658227848101,0.8033826638477801,0.2211831822974264,0.37573097455962756,0.5849110728628801,0.7349397590361446,0.8203592814371258,76.0,61.0,22.0,8.0,0.8534941456966716,0.8073723465289729,0.17868133891589966,0.5959567668017041,0.09898043245424734,0.13840026463894178,0.5605383650644322,20.0,1.3233532934131738,0.12535450935904707,0.8702380952380953,0.9630952380952381,0.2,0.3325301204819277,0.5254008221993833,0.5780786267995571,0.7696959428932864,0.8497899159663865,0.10147660522558412,0.340947808784635,0.2572031836694788,0.45554863660713646,0.8393799119334208,0.8972021290107097,0.7746701090074585,0.8734222604704532,0.1443236234944109,0.19251312445335256,20262029,2,North America,267,167,V1-V10_financial_only
PONE2016_h3_target_Asia,20260728,HistGB,triad,92,46,0.706293898492192,"Same-horizon leave-one-region-out transfer; source regions=Europe,North America; target region=Asia; source-only fit/search/calibration; target labels untouched until final evaluation; V1-V10 financial ratios only.",No metaheuristic; threshold and Platt calibration use calibration partition.,Platt_logistic_on_separate_calibration_partition,0.6874516652539955,0.5434782608695652,0.8695652173913043,0.8064516129032258,0.6493506493506493,0.7352941176470589,0.5813953488372093,0.43692594732736023,0.5910588498969954,0.7065217391304348,0.13043478260869565,0.33695652173913043,25.0,6.0,40.0,21.0,0.8355040774194233,0.833648393194707,0.17638899877835587,0.5364223499824375,0.10922445446777926,-0.24563289080124787,1.5675160386211098,,,,0.5,0.6304347826086957,0.7891304347826087,0.9108695652173913,0.745897435897436,0.861156186612576,0.537890142831952,0.6636462747356728,0.37568306261770656,0.5355379054839804,0.5432363134502811,0.6674172171404081,0.8165828621382587,0.8615659230495645,0.8244801512287335,0.8470226843100189,0.16950595605208427,0.17756321072179898,20260728,3,Asia,324,92,V1-V10_financial_only
PONE2016_h3_target_Asia,20260728,HistGB,cost_1,92,46,0.2940099216897724,"Same-horizon leave-one-region-out transfer; source regions=Europe,North America; target region=Asia; source-only fit/search/calibration; target labels untouched until final evaluation; V1-V10 financial ratios only.",No metaheuristic; threshold and Platt calibration use calibration partition.,Platt_logistic_on_separate_calibration_partition,0.5051717408096631,0.9782608695652174,0.2608695652173913,0.569620253164557,0.72,0.6215469613259669,0.8555133079847909,0.34324756367786313,0.44411473910443255,0.6195652173913043,0.7391304347826086,0.8586956521739131,45.0,34.0,12.0,1.0,0.8355040774194233,0.833648393194707,0.17638899877835587,0.5364223499824375,0.10922445446777926,-0.24563289080124787,1.5675160386211098,1.0,0.3804347826086957,0.3804347826086957,0.9586956521739131,1.0,0.21956521739130436,0.3021739130434783,0.5616681722372779,0.5819453697534976,0.8470897923369406,0.8738646961761963,0.34333516739066106,0.40194197701686796,0.4254956567725359,0.4836539754950125,0.802039190237612,0.855138799147553,0.7988185255198488,0.8620510396975425,0.1658978751562436,0.18989759999908692,20260728,3,Asia,324,92,V1-V10_financial_only
PONE2016_h3_target_Asia,20260728,HistGB,cost_2,92,46,0.2940099216897724,"Same-horizon leave-one-region-out transfer; source regions=Europe,North America; target region=Asia; source-only fit/search/calibration; target labels untouched until final evaluation; V1-V10 financial ratios only.",No metaheuristic; threshold and Platt calibration use calibration partition.,Platt_logistic_on_separate_calibration_partition,0.5051717408096631,0.9782608695652174,0.2608695652173913,0.569620253164557,0.72,0.6215469613259669,0.8555133079847909,0.34324756367786313,0.44411473910443255,0.6195652173913043,0.7391304347826086,0.8586956521739131,45.0,34.0,12.0,1.0,0.8355040774194233,0.833648393194707,0.17638899877835587,0.5364223499824375,0.10922445446777926,-0.24563289080124787,1.5675160386211098,2.0,0.391304347826087,0.2608695652173913,0.9586956521739131,1.0,0.2,0.34347826086956523,0.545679012345679,0.5989743589743589,0.8327211421192339,0.8769489227504494,0.24538269757222086,0.4233017481021858,0.36187127974528366,0.5210927036119818,0.8030018753686764,0.8513718697347419,0.7976370510396975,0.8600661625708885,0.16352966532069518,0.18961628662350274,20260728,3,Asia,324,92,V1-V10_financial_only
PONE2016_h3_target_Asia,20260728,HistGB,cost_5,92,46,0.2940099216897724,"Same-horizon leave-one-region-out transfer; source regions=Europe,North America; target region=Asia; source-only fit/search/calibration; target labels untouched until final evaluation; V1-V10 financial ratios only.",No metaheuristic; threshold and Platt calibration use calibration partition.,Platt_logistic_on_separate_calibration_partition,0.5051717408096631,0.9782608695652174,0.2608695652173913,0.569620253164557,0.72,0.6215469613259669,0.8555133079847909,0.34324756367786313,0.44411473910443255,0.6195652173913043,0.7391304347826086,0.8586956521739131,45.0,34.0,12.0,1.0,0.8355040774194233,0.833648393194707,0.17638899877835587,0.5364223499824375,0.10922445446777926,-0.24563289080124787,1.5675160386211098,5.0,0.42391304347826086,0.14130434782608695,0.9782608695652174,1.0,0.1956521739130435,0.3021739130434783,0.5487804878048781,0.5842018740752918,0.8458646616541353,0.8738646961761963,0.2793721183078313,0.40334243306923595,0.3767391962340076,0.4856824732323603,0.7917746968750721,0.866472089913376,0.7806238185255199,0.8656427221172022,0.16733288685903935,0.19840751834691858,20260728,3,Asia,324,92,V1-V10_financial_only
PONE2016_h3_target_Asia,20260728,HistGB,cost_10,92,46,0.0,"Same-horizon leave-one-region-out transfer; source regions=Europe,North America; target region=Asia; source-only fit/search/calibration; target labels untouched until final evaluation; V1-V10 financial ratios only.",No metaheuristic; threshold and Platt calibration use calibration partition.,Platt_logistic_on_separate_calibration_partition,0.0,1.0,0.0,0.5,0.6666666666666666,0.5555555555555556,0.8333333333333334,0.0,0.0,0.5,1.0,1.0,46.0,46.0,0.0,0.0,0.8355040774194233,0.833648393194707,0.17638899877835587,0.5364223499824375,0.10922445446777926,-0.24563289080124787,1.5675160386211098,10.0,0.5,0.09090909090909091,1.0,1.0,0.0,0.0,0.5,0.5,0.8333333333333334,0.8333333333333334,0.0,0.0,0.0,0.0,0.77247713216468,0.8895664173721606,0.7695652173913043,0.8949905482041587,0.1568431626374204,0.20508899183337398,20260728,3,Asia,324,92,V1-V10_financial_only
PONE2016_h3_target_Asia,20260728,HistGB,cost_20,92,46,0.0,"Same-horizon leave-one-region-out transfer; source regions=Europe,North America; target region=Asia; source-only fit/search/calibration; target labels untouched until final evaluation; V1-V10 financial ratios only.",No metaheuristic; threshold and Platt calibration use calibration partition.,Platt_logistic_on_separate_calibration_partition,0.0,1.0,0.0,0.5,0.6666666666666666,0.5555555555555556,0.8333333333333334,0.0,0.0,0.5,1.0,1.0,46.0,46.0,0.0,0.0,0.8355040774194233,0.833648393194707,0.17638899877835587,0.5364223499824375,0.10922445446777926,-0.24563289080124787,1.5675160386211098,20.0,0.5,0.047619047619047616,1.0,1.0,0.0,0.0,0.5,0.5,0.8333333333333334,0.8333333333333334,0.0,0.0,0.0,0.0,0.8128120691146977,0.9013484297166962,0.8108223062381852,0.8944234404536862,0.15338859595207616,0.18796446191185723,20260728,3,Asia,324,92,V1-V10_financial_only
PONE2016_h3_target_Asia,20260728,KELM_PBMSBAINGO,triad,92,46,0.6456104830147095,"Same-horizon leave-one-region-out transfer; source regions=Europe,North America; target region=Asia; source-only fit/search/calibration; target labels untouched until final evaluation; V1-V10 financial ratios only.",Plain KELM; hyperparameters/features selected only on search partition.,Platt_logistic_on_separate_calibration_partition,0.8531050813195037,0.7608695652173914,0.9565217391304348,0.9459459459459459,0.8433734939759037,0.9020618556701031,0.7918552036199095,0.7315293125604299,0.8104861482348427,0.8586956521739131,0.043478260869565216,0.40217391304347827,35.0,2.0,44.0,11.0,0.9292049155153379,0.9210775047258979,0.13544411979259133,0.43614000015837406,0.18172524881946486,-0.5751726915675718,2.2003682382544887,,,,0.6521739130434783,0.841304347826087,0.9347826086956522,0.9760869565217392,0.9104895104895104,0.9694076655052265,0.6915642601126473,0.8607174887892377,0.6146113900979633,0.8021103924082992,0.7214754976920144,0.8632210149620584,0.8928441358135718,0.9548798216104389,0.8743856332703214,0.9496219281663516,0.12223454920961947,0.15920178031753926,20260829,3,Asia,324,92,V1-V10_financial_only
PONE2016_h3_target_Asia,20260728,KELM_PBMSBAINGO,cost_1,92,46,0.5490473398508848,"Same-horizon leave-one-region-out transfer; source regions=Europe,North America; target region=Asia; source-only fit/search/calibration; target labels untouched until final evaluation; V1-V10 financial ratios only.",Plain KELM; hyperparameters/features selected only on search partition.,Platt_logistic_on_separate_calibration_partition,0.8475473343312142,0.8695652173913043,0.8260869565217391,0.8333333333333334,0.851063829787234,0.8403361344537815,0.8620689655172413,0.6963106238227913,0.7937985756987176,0.8478260869565217,0.17391304347826086,0.5217391304347826,40.0,8.0,38.0,6.0,0.9292049155153379,0.9210775047258979,0.13544411979259133,0.43614000015837406,0.18172524881946486,-0.5751726915675718,2.2003682382544887,1.0,0.15217391304347827,0.15217391304347827,0.8065217391304348,0.8913043478260869,0.7630434782608696,0.8434782608695652,0.7873567921440262,0.8503826530612244,0.8026757725033586,0.8821230274693161,0.5893129187577825,0.7333821151778405,0.719168625895392,0.8192995167165429,0.8892614866985145,0.9318307689458584,0.8938090737240076,0.9232986767485822,0.13187936634320296,0.15351415256903747,20260829,3,Asia,324,92,V1-V10_financial_only
PONE2016_h3_target_Asia,20260728,KELM_PBMSBAINGO,cost_2,92,46,0.3898208572598764,"Same-horizon leave-one-region-out transfer; source regions=Europe,North America; target region=Asia; source-only fit/search/calibration; target labels untouched until final evaluation; V1-V10 financial ratios only.",Plain KELM; hyperparameters/features selected only on search partition.,Platt_logistic_on_separate_calibration_partition,0.7492907799832211,0.9565217391304348,0.5869565217391305,0.6984126984126984,0.8073394495412844,0.738255033557047,0.8906882591093117,0.5848853386196637,0.6899069247712011,0.7717391304347827,0.41304347826086957,0.6847826086956522,44.0,19.0,27.0,2.0,0.9292049155153379,0.9210775047258979,0.13544411979259133,0.43614000015837406,0.18172524881946486,-0.5751726915675718,2.2003682382544887,2.0,0.25,0.16666666666666666,0.8978260869565217,0.9782608695652174,0.4717391304347826,0.6521739130434783,0.6305194805194805,0.7372677595628415,0.8277959183673469,0.9176237296538049,0.40970875242685967,0.6640992400551169,0.557764527378295,0.7505088101713974,0.9011106593160169,0.9668083146844474,0.870132325141777,0.9507561436672967,0.11578649249750718,0.16216668473548096,20260829,3,Asia,324,92,V1-V10_financial_only
PONE2016_h3_target_Asia,20260728,KELM_PBMSBAINGO,cost_5,92,46,0.21975092928027484,"Same-horizon leave-one-region-out transfer; source regions=Europe,North America; target region=Asia; source-only fit/search/calibration; target labels untouched until final evaluation; V1-V10 financial ratios only.",Plain KELM; hyperparameters/features selected only on search partition.,Platt_logistic_on_separate_calibration_partition,0.3296902366978935,1.0,0.10869565217391304,0.5287356321839081,0.6917293233082706,0.583756345177665,0.8487084870848709,0.23973165074269207,0.2964689278814738,0.5543478260869565,0.8913043478260869,0.9456521739130435,46.0,41.0,5.0,0.0,0.9292049155153379,0.9210775047258979,0.13544411979259133,0.43614000015837406,0.18172524881946486,-0.5751726915675718,2.2003682382544887,5.0,0.44565217391304346,0.14855072463768115,1.0,1.0,0.11304347826086956,0.21304347826086956,0.5299797160243408,0.5596399535423926,0.8493394971124433,0.8640163842441926,0.24445568782760044,0.3451543030887286,0.3020369455560262,0.41880483292509,0.903277169653248,0.9469018529247637,0.9070415879017014,0.9354914933837428,0.12854722670003887,0.14679191738912656,20260829,3,Asia,324,92,V1-V10_financial_only
PONE2016_h3_target_Asia,20260728,KELM_PBMSBAINGO,cost_10,92,46,0.21975092928027484,"Same-horizon leave-one-region-out transfer; source regions=Europe,North America; target region=Asia; source-only fit/search/calibration; target labels untouched until final evaluation; V1-V10 financial ratios only.",Plain KELM; hyperparameters/features selected only on search partition.,Platt_logistic_on_separate_calibration_partition,0.3296902366978935,1.0,0.10869565217391304,0.5287356321839081,0.6917293233082706,0.583756345177665,0.8487084870848709,0.23973165074269207,0.2964689278814738,0.5543478260869565,0.8913043478260869,0.9456521739130435,46.0,41.0,5.0,0.0,0.9292049155153379,0.9210775047258979,0.13544411979259133,0.43614000015837406,0.18172524881946486,-0.5751726915675718,2.2003682382544887,10.0,0.44565217391304346,0.08102766798418973,1.0,1.0,0.06739130434782609,0.12826086956521737,0.51744126659857,0.5342689120556,0.84280058177117,0.8515375153751538,0.1865573882033293,0.2616949097821876,0.23236455621549418,0.3224995139627633,0.8481685820627285,0.9469454834721355,0.8603024574669186,0.9360113421550095,0.12793444787196673,0.15647215596559436,20260829,3,Asia,324,92,V1-V10_financial_only
PONE2016_h3_target_Asia,20260728,KELM_PBMSBAINGO,cost_20,92,46,0.21975092928027484,"Same-horizon leave-one-region-out transfer; source regions=Europe,North America; target region=Asia; source-only fit/search/calibration; target labels untouched until final evaluation; V1-V10 financial ratios only.",Plain KELM; hyperparameters/features selected only on search partition.,Platt_logistic_on_separate_calibration_partition,0.3296902366978935,1.0,0.10869565217391304,0.5287356321839081,0.6917293233082706,0.583756345177665,0.8487084870848709,0.23973165074269207,0.2964689278814738,0.5543478260869565,0.8913043478260869,0.9456521739130435,46.0,41.0,5.0,0.0,0.9292049155153379,0.9210775047258979,0.13544411979259133,0.43614000015837406,0.18172524881946486,-0.5751726915675718,2.2003682382544887,20.0,0.44565217391304346,0.042443064182194616,1.0,1.0,0.08695652173913043,0.17173913043478262,0.5227272727272727,0.5469747899159664,0.8455882352941176,0.857889918437552,0.21320071635561041,0.30644323209094304,0.2646652601577163,0.37470076102967587,0.8797153481485082,0.9403454725608144,0.8750945179584121,0.9316162570888469,0.129472239269781,0.15489208718117056,20260829,3,Asia,324,92,V1-V10_financial_only
PONE2016_h3_target_Asia,20260728,KELM_score_fusion,triad,92,46,0.63559379944626,"Same-horizon leave-one-region-out transfer; source regions=Europe,North America; target region=Asia; source-only fit/search/calibration; target labels untouched until final evaluation; V1-V10 financial ratios only.",Plain KELM plus HistGB score-level fusion; alpha=1.00 selected only on search partition.,Platt_logistic_on_separate_calibration_partition,0.8531050813195037,0.7608695652173914,0.9565217391304348,0.9459459459459459,0.8433734939759037,0.9020618556701031,0.7918552036199095,0.7315293125604299,0.8104861482348427,0.8586956521739131,0.043478260869565216,0.40217391304347827,35.0,2.0,44.0,11.0,0.9292049155153379,0.9210775047258979,0.13555702591763258,0.4366506782581986,0.17369000284616382,-0.5227057271156377,2.240330859257444,,,,0.7413043478260869,0.8673913043478261,0.917391304347826,0.9978260869565218,0.9044444444444445,0.9975609756097561,0.7753632212536322,0.8870535714285713,0.7027514384110409,0.8509119113895882,0.7945545893041899,0.897116603496111,0.9149187733022592,0.9580306196580066,0.9051984877126653,0.942391304347826,0.11261463231357267,0.1406486159201263,20260831,3,Asia,324,92,V1-V10_financial_only
PONE2016_h3_target_Asia,20260728,KELM_score_fusion,cost_1,92,46,0.5379393737716399,"Same-horizon leave-one-region-out transfer; source regions=Europe,North America; target region=Asia; source-only fit/search/calibration; target labels untouched until final evaluation; V1-V10 financial ratios only.",Plain KELM plus HistGB score-level fusion; alpha=1.00 selected only on search partition.,Platt_logistic_on_separate_calibration_partition,0.8475473343312142,0.8695652173913043,0.8260869565217391,0.8333333333333334,0.851063829787234,0.8403361344537815,0.8620689655172413,0.6963106238227913,0.7937985756987176,0.8478260869565217,0.17391304347826086,0.5217391304347826,40.0,8.0,38.0,6.0,0.9292049155153379,0.9210775047258979,0.13555702591763258,0.4366506782581986,0.17369000284616382,-0.5227057271156377,2.240330859257444,1.0,0.15217391304347827,0.15217391304347827,0.808695652173913,0.9130434782608695,0.8065217391304348,0.8673913043478261,0.8223529411764705,0.8657142857142858,0.8122270742358079,0.9005205004109214,0.6392815115923733,0.7584102792754357,0.7543389071738485,0.8358805391206262,0.8990533776099785,0.9700745025488904,0.9048204158790171,0.960680529300567,0.11868061888599474,0.1473618980416425,20260831,3,Asia,324,92,V1-V10_financial_only
PONE2016_h3_target_Asia,20260728,KELM_score_fusion,cost_2,92,46,0.38491503565958535,"Same-horizon leave-one-region-out transfer; source regions=Europe,North America; target region=Asia; source-only fit/search/calibration; target labels untouched until final evaluation; V1-V10 financial ratios only.",Plain KELM plus HistGB score-level fusion; alpha=1.00 selected only on search partition.,Platt_logistic_on_separate_calibration_partition,0.7492907799832211,0.9565217391304348,0.5869565217391305,0.6984126984126984,0.8073394495412844,0.738255033557047,0.8906882591093117,0.5848853386196637,0.6899069247712011,0.7717391304347827,0.41304347826086957,0.6847826086956522,44.0,19.0,27.0,2.0,0.9292049155153379,0.9210775047258979,0.13555702591763258,0.4366506782581986,0.17369000284616382,-0.5227057271156377,2.240330859257444,2.0,0.25,0.16666666666666666,0.9586956521739131,0.9978260869565218,0.5217391304347826,0.6891304347826087,0.6671641791044776,0.7625806451612903,0.8816414342629482,0.9398240703718513,0.5341744484933153,0.7221905144126229,0.6440629133230423,0.7918407321632822,0.9041381908864847,0.9640616303571068,0.9014177693761815,0.9607277882797731,0.11932926296465385,0.14523895164499614,20260831,3,Asia,324,92,V1-V10_financial_only
PONE2016_h3_target_Asia,20260728,KELM_score_fusion,cost_5,92,46,0.2310368731771984,"Same-horizon leave-one-region-out transfer; source regions=Europe,North America; target region=Asia; source-only fit/search/calibration; target labels untouched until final evaluation; V1-V10 financial ratios only.",Plain KELM plus HistGB score-level fusion; alpha=1.00 selected only on search partition.,Platt_logistic_on_separate_calibration_partition,0.3296902366978935,1.0,0.10869565217391304,0.5287356321839081,0.6917293233082706,0.583756345177665,0.8487084870848709,0.23973165074269207,0.2964689278814738,0.5543478260869565,0.8913043478260869,0.9456521739130435,46.0,41.0,5.0,0.0,0.9292049155153379,0.9210775047258979,0.13555702591763258,0.4366506782581986,0.17369000284616382,-0.5227057271156377,2.240330859257444,5.0,0.44565217391304346,0.14855072463768115,1.0,1.0,0.06739130434782609,0.10652173913043478,0.51744126659857,0.5281347962382446,0.84280058177117,0.8483964619057955,0.1865573882033293,0.2370785573039839,0.23236455621549418,0.293288561109098,0.9175241021748887,0.9593866723275902,0.9029773156899811,0.9541115311909262,0.1220381118134389,0.14573777434456403,20260831,3,Asia,324,92,V1-V10_financial_only
PONE2016_h3_target_Asia,20260728,KELM_score_fusion,cost_10,92,46,0.2310368731771984,"Same-horizon leave-one-region-out transfer; source regions=Europe,North America; target region=Asia; source-only fit/search/calibration; target labels untouched until final evaluation; V1-V10 financial ratios only.",Plain KELM plus HistGB score-level fusion; alpha=1.00 selected only on search partition.,Platt_logistic_on_separate_calibration_partition,0.3296902366978935,1.0,0.10869565217391304,0.5287356321839081,0.6917293233082706,0.583756345177665,0.8487084870848709,0.23973165074269207,0.2964689278814738,0.5543478260869565,0.8913043478260869,0.9456521739130435,46.0,41.0,5.0,0.0,0.9292049155153379,0.9210775047258979,0.13555702591763258,0.4366506782581986,0.17369000284616382,-0.5227057271156377,2.240330859257444,10.0,0.44565217391304346,0.08102766798418973,1.0,1.0,0.04565217391304348,0.10652173913043478,0.5116853932584269,0.5281347962382446,0.8397235368038287,0.8483964619057955,0.15252378049085052,0.2370785573039839,0.19067982126518165,0.293288561109098,0.9350737702334228,0.976407519361894,0.9370982986767485,0.9714083175803402,0.1186391900805352,0.1322519812696123,20260831,3,Asia,324,92,V1-V10_financial_only
PONE2016_h3_target_Asia,20260728,KELM_score_fusion,cost_20,92,46,0.2310368731771984,"Same-horizon leave-one-region-out transfer; source regions=Europe,North America; target region=Asia; source-only fit/search/calibration; target labels untouched until final evaluation; V1-V10 financial ratios only.",Plain KELM plus HistGB score-level fusion; alpha=1.00 selected only on search partition.,Platt_logistic_on_separate_calibration_partition,0.3296902366978935,1.0,0.10869565217391304,0.5287356321839081,0.6917293233082706,0.583756345177665,0.8487084870848709,0.23973165074269207,0.2964689278814738,0.5543478260869565,0.8913043478260869,0.9456521739130435,46.0,41.0,5.0,0.0,0.9292049155153379,0.9210775047258979,0.13555702591763258,0.4366506782581986,0.17369000284616382,-0.5227057271156377,2.240330859257444,20.0,0.44565217391304346,0.042443064182194616,1.0,1.0,0.0891304347826087,0.16956521739130434,0.5233281086729362,0.5463455149501661,0.845900260473193,0.8575732448866777,0.2158538097943186,0.30415955712153414,0.26784562693009206,0.37202503069748893,0.8987467508351815,0.963907307097837,0.8896502835538752,0.9468809073724007,0.12474237319942581,0.14967263121719435,20260831,3,Asia,324,92,V1-V10_financial_only
PONE2016_h3_target_Asia,20260728,KELM_risk_feature,triad,92,46,0.6390063937420573,"Same-horizon leave-one-region-out transfer; source regions=Europe,North America; target region=Asia; source-only fit/search/calibration; target labels untouched until final evaluation; V1-V10 financial ratios only.",OOF HistGB risk is a forced KELM input; no score-level fusion.,Platt_logistic_on_separate_calibration_partition,0.7916148459144836,0.7391304347826086,0.8478260869565217,0.8292682926829268,0.7816091954022989,0.8095238095238095,0.7555555555555555,0.5904549227349388,0.7179125347048635,0.7934782608695652,0.15217391304347827,0.44565217391304346,34.0,7.0,39.0,12.0,0.8960262228662481,0.8960302457466919,0.1478701753679841,0.46068603997486807,0.10899592748139336,-0.4327428569823476,1.8578548197222355,,,,0.6347826086956522,0.7586956521739131,0.7891304347826087,0.9304347826086957,0.7722766217870257,0.9123211446740859,0.668443673030829,0.7738257317903335,0.5039413522661612,0.6795757917035322,0.6568583967991765,0.7754424162182472,0.8225458452535126,0.9025086243311713,0.8509924385633271,0.9054347826086956,0.14043974515207114,0.16276572473629067,20260939,3,Asia,324,92,V1-V10_financial_only
PONE2016_h3_target_Asia,20260728,KELM_risk_feature,cost_1,92,46,0.4204133932502641,"Same-horizon leave-one-region-out transfer; source regions=Europe,North America; target region=Asia; source-only fit/search/calibration; target labels untouched until final evaluation; V1-V10 financial ratios only.",OOF HistGB risk is a forced KELM input; no score-level fusion.,Platt_logistic_on_separate_calibration_partition,0.7716625804042978,0.9130434782608695,0.6521739130434783,0.7241379310344828,0.8076923076923077,0.7553956834532374,0.8677685950413223,0.5854905538443586,0.7038145781226013,0.7826086956521738,0.34782608695652173,0.6304347826086957,42.0,16.0,30.0,4.0,0.8960262228662481,0.8960302457466919,0.1478701753679841,0.46068603997486807,0.10899592748139336,-0.4327428569823476,1.8578548197222355,1.0,0.21739130434782608,0.21739130434782608,0.8739130434782608,0.9543478260869566,0.6173913043478261,0.7978260869565218,0.7085003035822708,0.8197478991596638,0.8438025210084034,0.9143617021276595,0.5740578754826513,0.7207700795184124,0.6904070771936603,0.8079129325735621,0.8563571324646101,0.9219457435222256,0.8579395085066163,0.9280718336483932,0.13359261010725473,0.1673760808997817,20260939,3,Asia,324,92,V1-V10_financial_only
PONE2016_h3_target_Asia,20260728,KELM_risk_feature,cost_2,92,46,0.4204133932502641,"Same-horizon leave-one-region-out transfer; source regions=Europe,North America; target region=Asia; source-only fit/search/calibration; target labels untouched until final evaluation; V1-V10 financial ratios only.",OOF HistGB risk is a forced KELM input; no score-level fusion.,Platt_logistic_on_separate_calibration_partition,0.7716625804042978,0.9130434782608695,0.6521739130434783,0.7241379310344828,0.8076923076923077,0.7553956834532374,0.8677685950413223,0.5854905538443586,0.7038145781226013,0.7826086956521738,0.34782608695652173,0.6304347826086957,42.0,16.0,30.0,4.0,0.8960262228662481,0.8960302457466919,0.1478701753679841,0.46068603997486807,0.10899592748139336,-0.4327428569823476,1.8578548197222355,2.0,0.2608695652173913,0.17391304347826086,0.8478260869565217,0.932608695652174,0.5347826086956522,0.7130434782608696,0.647632058287796,0.7529294935451838,0.7982593037214886,0.8834332257568772,0.4048216623935813,0.611159869539046,0.5685591748850094,0.7197959359545724,0.8289675780648047,0.9184079408522234,0.8210302457466919,0.9046313799621928,0.13942260933598985,0.1818808542249033,20260939,3,Asia,324,92,V1-V10_financial_only
PONE2016_h3_target_Asia,20260728,KELM_risk_feature,cost_5,92,46,0.2633080146286246,"Same-horizon leave-one-region-out transfer; source regions=Europe,North America; target region=Asia; source-only fit/search/calibration; target labels untouched until final evaluation; V1-V10 financial ratios only.",OOF HistGB risk is a forced KELM input; no score-level fusion.,Platt_logistic_on_separate_calibration_partition,0.4423258684646914,1.0,0.1956521739130435,0.5542168674698795,0.7131782945736435,0.6084656084656085,0.8614232209737828,0.329292779969071,0.4008872975000571,0.5978260869565217,0.8043478260869565,0.9021739130434783,46.0,37.0,9.0,0.0,0.8960262228662481,0.8960302457466919,0.1478701753679841,0.46068603997486807,0.10899592748139336,-0.4327428569823476,1.8578548197222355,5.0,0.40217391304347827,0.13405797101449277,1.0,1.0,0.10869565217391304,0.2760869565217391,0.5287356321839081,0.5801481938870021,0.8487084870848709,0.8735384087595415,0.23973165074269207,0.4000121052458424,0.2964689278814738,0.47955299548584174,0.8582399264400064,0.9096299688165643,0.8474007561436673,0.9273629489603025,0.12347367252241202,0.17076120995863547,20260939,3,Asia,324,92,V1-V10_financial_only
PONE2016_h3_target_Asia,20260728,KELM_risk_feature,cost_10,92,46,0.2633080146286246,"Same-horizon leave-one-region-out transfer; source regions=Europe,North America; target region=Asia; source-only fit/search/calibration; target labels untouched until final evaluation; V1-V10 financial ratios only.",OOF HistGB risk is a forced KELM input; no score-level fusion.,Platt_logistic_on_separate_calibration_partition,0.4423258684646914,1.0,0.1956521739130435,0.5542168674698795,0.7131782945736435,0.6084656084656085,0.8614232209737828,0.329292779969071,0.4008872975000571,0.5978260869565217,0.8043478260869565,0.9021739130434783,46.0,37.0,9.0,0.0,0.8960262228662481,0.8960302457466919,0.1478701753679841,0.46068603997486807,0.10899592748139336,-0.4327428569823476,1.8578548197222355,10.0,0.40217391304347827,0.07312252964426877,1.0,1.0,0.11521739130434783,0.2826086956521739,0.530623973727422,0.5822784810126582,0.8496585338987719,0.8745247148288974,0.24661915566084125,0.4056562116192928,0.30454268515632377,0.4857892316679609,0.8554675920259707,0.9519386759695903,0.8512287334593572,0.9532136105860114,0.11948339667076309,0.1679018355158189,20260939,3,Asia,324,92,V1-V10_financial_only
PONE2016_h3_target_Asia,20260728,KELM_risk_feature,cost_20,92,46,0.2633080146286246,"Same-horizon leave-one-region-out transfer; source regions=Europe,North America; target region=Asia; source-only fit/search/calibration; target labels untouched until final evaluation; V1-V10 financial ratios only.",OOF HistGB risk is a forced KELM input; no score-level fusion.,Platt_logistic_on_separate_calibration_partition,0.4423258684646914,1.0,0.1956521739130435,0.5542168674698795,0.7131782945736435,0.6084656084656085,0.8614232209737828,0.329292779969071,0.4008872975000571,0.5978260869565217,0.8043478260869565,0.9021739130434783,46.0,37.0,9.0,0.0,0.8960262228662481,0.8960302457466919,0.1478701753679841,0.46068603997486807,0.10899592748139336,-0.4327428569823476,1.8578548197222355,20.0,0.40217391304347827,0.038302277432712216,1.0,1.0,0.15217391304347827,0.25869565217391305,0.5411764705882353,0.5742901234567901,0.8550185873605948,0.8708833619210977,0.28697202159177576,0.385419887718172,0.3521491046269981,0.4636786586717481,0.8830127367371595,0.9501789900308913,0.8844990548204159,0.9434782608695652,0.12110253142631311,0.14863621665900395,20260939,3,Asia,324,92,V1-V10_financial_only
PONE2016_h3_target_Asia,20260728,Full_PBMSBAINGO,triad,92,46,0.6546835675121639,"Same-horizon leave-one-region-out transfer; source regions=Europe,North America; target region=Asia; source-only fit/search/calibration; target labels untouched until final evaluation; V1-V10 financial ratios only.",Risk feature plus score fusion; alpha=0.70 selected only on search partition.,Platt_logistic_on_separate_calibration_partition,0.7216605509868622,0.6304347826086957,0.8260869565217391,0.7837837837837838,0.6987951807228916,0.7474226804123711,0.6561085972850679,0.4655186534475463,0.6235448161107481,0.7282608695652174,0.17391304347826086,0.40217391304347827,29.0,8.0,38.0,17.0,0.880235823640857,0.8780718336483933,0.15545706096548467,0.4792482090158014,0.11903854874463791,-0.3336466855173395,1.5421873133924968,,,,0.45,0.6956521739130435,0.7652173913043478,0.9065217391304348,0.6917422867513612,0.882051282051282,0.4833460220784164,0.7262943334692213,0.26693545694845466,0.6162368417929143,0.45735725005578476,0.7296643652239023,0.8066905591968576,0.9290151379150273,0.8023629489603025,0.9265122873345936,0.12908690557897562,0.1883363686147522,20261035,3,Asia,324,92,V1-V10_financial_only
PONE2016_h3_target_Asia,20260728,Full_PBMSBAINGO,cost_1,92,46,0.287728066443652,"Same-horizon leave-one-region-out transfer; source regions=Europe,North America; target region=Asia; source-only fit/search/calibration; target labels untouched until final evaluation; V1-V10 financial ratios only.",Risk feature plus score fusion; alpha=0.70 selected only on search partition.,Platt_logistic_on_separate_calibration_partition,0.6255432421712243,1.0,0.391304347826087,0.6216216216216216,0.7666666666666667,0.672514619883041,0.8914728682170543,0.4931969619160719,0.5778897906638062,0.6956521739130435,0.6086956521739131,0.8043478260869565,46.0,28.0,18.0,0.0,0.880235823640857,0.8780718336483933,0.15545706096548467,0.4792482090158014,0.11903854874463791,-0.3336466855173395,1.5421873133924968,1.0,0.30434782608695654,0.30434782608695654,1.0,1.0,0.30869565217391304,0.45217391304347826,0.5912955465587044,0.6461122901794327,0.8785378743394011,0.9012588693064775,0.42717649235545785,0.5404835636716689,0.5089212603738831,0.6251686455419783,0.8668535383418831,0.9110083262975474,0.8652173913043479,0.8985349716446125,0.14633329319696636,0.1659713933190062,20261035,3,Asia,324,92,V1-V10_financial_only
PONE2016_h3_target_Asia,20260728,Full_PBMSBAINGO,cost_2,92,46,0.287728066443652,"Same-horizon leave-one-region-out transfer; source regions=Europe,North America; target region=Asia; source-only fit/search/calibration; target labels untouched until final evaluation; V1-V10 financial ratios only.",Risk feature plus score fusion; alpha=0.70 selected only on search partition.,Platt_logistic_on_separate_calibration_partition,0.6255432421712243,1.0,0.391304347826087,0.6216216216216216,0.7666666666666667,0.672514619883041,0.8914728682170543,0.4931969619160719,0.5778897906638062,0.6956521739130435,0.6086956521739131,0.8043478260869565,46.0,28.0,18.0,0.0,0.880235823640857,0.8780718336483933,0.15545706096548467,0.4792482090158014,0.11903854874463791,-0.3336466855173395,1.5421873133924968,2.0,0.30434782608695654,0.2028985507246377,1.0,1.0,0.28478260869565214,0.4478260869565217,0.5830249918857514,0.6444319248826291,0.8748585028879924,0.9005677946854418,0.4074565177441797,0.537076033242221,0.48773018809710006,0.6216966191703978,0.8149128195587965,0.8978964332724536,0.812523629489603,0.8892249527410209,0.15509664020105426,0.18344375015230396,20261035,3,Asia,324,92,V1-V10_financial_only
PONE2016_h3_target_Asia,20260728,Full_PBMSBAINGO,cost_5,92,46,0.27038348978623505,"Same-horizon leave-one-region-out transfer; source regions=Europe,North America; target region=Asia; source-only fit/search/calibration; target labels untouched until final evaluation; V1-V10 financial ratios only.",Risk feature plus score fusion; alpha=0.70 selected only on search partition.,Platt_logistic_on_separate_calibration_partition,0.5516772843673705,1.0,0.30434782608695654,0.5897435897435898,0.7419354838709677,0.6424581005586593,0.8778625954198473,0.4236592728681617,0.5051987959593526,0.6521739130434783,0.6956521739130435,0.8478260869565217,46.0,32.0,14.0,0.0,0.880235823640857,0.8780718336483933,0.15545706096548467,0.4792482090158014,0.11903854874463791,-0.3336466855173395,1.5421873133924968,5.0,0.34782608695652173,0.11594202898550725,1.0,1.0,0.20434782608695654,0.4108695652173913,0.5570230288241574,0.629285449833395,0.8627333703592942,0.8945947576388261,0.3369291231340932,0.5084731757692089,0.40937749091684744,0.5933548446179883,0.8756165414422417,0.9279195509107669,0.8689035916824197,0.9257088846880908,0.12962213875218995,0.16542649874448595,20261035,3,Asia,324,92,V1-V10_financial_only
PONE2016_h3_target_Asia,20260728,Full_PBMSBAINGO,cost_10,92,46,0.23713033486302615,"Same-horizon leave-one-region-out transfer; source regions=Europe,North America; target region=Asia; source-only fit/search/calibration; target labels untouched until final evaluation; V1-V10 financial ratios only.",Risk feature plus score fusion; alpha=0.70 selected only on search partition.,Platt_logistic_on_separate_calibration_partition,0.48900964692182575,1.0,0.2391304347826087,0.5679012345679012,0.7244094488188977,0.6216216216216216,0.8679245283018868,0.36851386559504445,0.44500295567310566,0.6195652173913043,0.7608695652173914,0.8804347826086957,46.0,35.0,11.0,0.0,0.880235823640857,0.8780718336483933,0.15545706096548467,0.4792482090158014,0.11903854874463791,-0.3336466855173395,1.5421873133924968,10.0,0.3804347826086957,0.0691699604743083,1.0,1.0,0.21739130434782608,0.25869565217391305,0.5609756097560976,0.5742901234567901,0.8646616541353384,0.8708833619210977,0.34921514788478913,0.385419887718172,0.42342686984676964,0.4636786586717481,0.8443893138438621,0.9023517532293043,0.8431001890359169,0.888563327032136,0.15175044738083268,0.1705767940880993,20261035,3,Asia,324,92,V1-V10_financial_only
PONE2016_h3_target_Asia,20260728,Full_PBMSBAINGO,cost_20,92,46,0.23713033486302615,"Same-horizon leave-one-region-out transfer; source regions=Europe,North America; target region=Asia; source-only fit/search/calibration; target labels untouched until final evaluation; V1-V10 financial ratios only.",Risk feature plus score fusion; alpha=0.70 selected only on search partition.,Platt_logistic_on_separate_calibration_partition,0.48900964692182575,1.0,0.2391304347826087,0.5679012345679012,0.7244094488188977,0.6216216216216216,0.8679245283018868,0.36851386559504445,0.44500295567310566,0.6195652173913043,0.7608695652173914,0.8804347826086957,46.0,35.0,11.0,0.0,0.880235823640857,0.8780718336483933,0.15545706096548467,0.4792482090158014,0.11903854874463791,-0.3336466855173395,1.5421873133924968,20.0,0.3804347826086957,0.036231884057971016,1.0,1.0,0.18043478260869564,0.3456521739130435,0.549647266313933,0.6044771018455228,0.8591805125316813,0.8842764515178307,0.3145974164912699,0.45708506244224867,0.3839861461342866,0.5405867202822517,0.8915450421915875,0.9225222839663598,0.8922495274102079,0.912523629489603,0.13759607784035546,0.15297793394684603,20261035,3,Asia,324,92,V1-V10_financial_only
PONE2016_h3_target_Asia,20260728,Uncertainty_gated_fusion,triad,92,46,0.6390063937420573,"Same-horizon leave-one-region-out transfer; source regions=Europe,North America; target region=Asia; source-only fit/search/calibration; target labels untouched until final evaluation; V1-V10 financial ratios only.","One-standard-error paired-bootstrap gate selected KELM_risk_feature; search utility difference=-0.0128, required margin=0.0784.",Platt_logistic_on_separate_calibration_partition,0.7916148459144836,0.7391304347826086,0.8478260869565217,0.8292682926829268,0.7816091954022989,0.8095238095238095,0.7555555555555555,0.5904549227349388,0.7179125347048635,0.7934782608695652,0.15217391304347827,0.44565217391304346,34.0,7.0,39.0,12.0,0.8960262228662481,0.8960302457466919,0.1478701753679841,0.46068603997486807,0.10899592748139336,-0.4327428569823476,1.8578548197222355,,,,0.6543478260869565,0.7956521739130434,0.7673913043478261,0.8478260869565217,0.7432330827067669,0.825,0.6766921789045682,0.8007349500935745,0.4413583888505045,0.6245341948114517,0.6103724241426527,0.7437159032286135,0.8366280900016229,0.919242061566347,0.8327504725897922,0.9112003780718336,0.1422796916212623,0.1753597957570522,20261081,3,Asia,324,92,V1-V10_financial_only
PONE2016_h3_target_Asia,20260728,Uncertainty_gated_fusion,cost_1,92,46,0.4204133932502641,"Same-horizon leave-one-region-out transfer; source regions=Europe,North America; target region=Asia; source-only fit/search/calibration; target labels untouched until final evaluation; V1-V10 financial ratios only.","One-standard-error paired-bootstrap gate selected KELM_risk_feature; search utility difference=-0.0128, required margin=0.0784.",Platt_logistic_on_separate_calibration_partition,0.7716625804042978,0.9130434782608695,0.6521739130434783,0.7241379310344828,0.8076923076923077,0.7553956834532374,0.8677685950413223,0.5854905538443586,0.7038145781226013,0.7826086956521738,0.34782608695652173,0.6304347826086957,42.0,16.0,30.0,4.0,0.8960262228662481,0.8960302457466919,0.1478701753679841,0.46068603997486807,0.10899592748139336,-0.4327428569823476,1.8578548197222355,1.0,0.21739130434782608,0.21739130434782608,0.8717391304347826,0.9347826086956522,0.5891304347826087,0.7739130434782608,0.6839655172413793,0.8056272757365112,0.827818046335185,0.9056673144597931,0.4960814767245748,0.7181873983804052,0.640100670955371,0.8038206932920142,0.8741510693747837,0.9329214625796491,0.8641776937618146,0.9359168241965974,0.13079521103344796,0.1599298763254254,20261081,3,Asia,324,92,V1-V10_financial_only
PONE2016_h3_target_Asia,20260728,Uncertainty_gated_fusion,cost_2,92,46,0.4204133932502641,"Same-horizon leave-one-region-out transfer; source regions=Europe,North America; target region=Asia; source-only fit/search/calibration; target labels untouched until final evaluation; V1-V10 financial ratios only.","One-standard-error paired-bootstrap gate selected KELM_risk_feature; search utility difference=-0.0128, required margin=0.0784.",Platt_logistic_on_separate_calibration_partition,0.7716625804042978,0.9130434782608695,0.6521739130434783,0.7241379310344828,0.8076923076923077,0.7553956834532374,0.8677685950413223,0.5854905538443586,0.7038145781226013,0.7826086956521738,0.34782608695652173,0.6304347826086957,42.0,16.0,30.0,4.0,0.8960262228662481,0.8960302457466919,0.1478701753679841,0.46068603997486807,0.10899592748139336,-0.4327428569823476,1.8578548197222355,2.0,0.2608695652173913,0.17391304347826086,0.8282608695652174,0.9347826086956522,0.567391304347826,0.6478260869565218,0.678968253968254,0.7086736214605067,0.7940899581589957,0.8771942923510867,0.45187723919860595,0.5730609735367783,0.6121403717641325,0.6874600797869292,0.8525972727736527,0.9117789109067022,0.8459829867674858,0.9137523629489603,0.14175428951067387,0.17052204849013267,20261081,3,Asia,324,92,V1-V10_financial_only
PONE2016_h3_target_Asia,20260728,Uncertainty_gated_fusion,cost_5,92,46,0.2633080146286246,"Same-horizon leave-one-region-out transfer; source regions=Europe,North America; target region=Asia; source-only fit/search/calibration; target labels untouched until final evaluation; V1-V10 financial ratios only.","One-standard-error paired-bootstrap gate selected KELM_risk_feature; search utility difference=-0.0128, required margin=0.0784.",Platt_logistic_on_separate_calibration_partition,0.4423258684646914,1.0,0.1956521739130435,0.5542168674698795,0.7131782945736435,0.6084656084656085,0.8614232209737828,0.329292779969071,0.4008872975000571,0.5978260869565217,0.8043478260869565,0.9021739130434783,46.0,37.0,9.0,0.0,0.8960262228662481,0.8960302457466919,0.1478701753679841,0.46068603997486807,0.10899592748139336,-0.4327428569823476,1.8578548197222355,5.0,0.40217391304347827,0.13405797101449277,1.0,1.0,0.15217391304347827,0.21521739130434783,0.5411764705882353,0.5602997355274758,0.8550185873605948,0.8643378108191828,0.28697202159177576,0.34722291109321735,0.3521491046269981,0.4211729126120984,0.8792494425007884,0.9236156035159765,0.8804347826086957,0.9200378071833648,0.1366488971324067,0.15522862034485604,20261081,3,Asia,324,92,V1-V10_financial_only
PONE2016_h3_target_Asia,20260728,Uncertainty_gated_fusion,cost_10,92,46,0.2633080146286246,"Same-horizon leave-one-region-out transfer; source regions=Europe,North America; target region=Asia; source-only fit/search/calibration; target labels untouched until final evaluation; V1-V10 financial ratios only.","One-standard-error paired-bootstrap gate selected KELM_risk_feature; search utility difference=-0.0128, required margin=0.0784.",Platt_logistic_on_separate_calibration_partition,0.4423258684646914,1.0,0.1956521739130435,0.5542168674698795,0.7131782945736435,0.6084656084656085,0.8614232209737828,0.329292779969071,0.4008872975000571,0.5978260869565217,0.8043478260869565,0.9021739130434783,46.0,37.0,9.0,0.0,0.8960262228662481,0.8960302457466919,0.1478701753679841,0.46068603997486807,0.10899592748139336,-0.4327428569823476,1.8578548197222355,10.0,0.40217391304347827,0.07312252964426877,1.0,1.0,0.1760869565217391,0.23478260869565218,0.5482788296041309,0.5665327978580991,0.8585303817988709,0.8672743975690764,0.31067530792867254,0.3645917570324471,0.37957458031698177,0.4405913898558008,0.8470970485538394,0.9253970366345595,0.8603969754253309,0.9186200378071834,0.13589696540377186,0.1641668237640029,20261081,3,Asia,324,92,V1-V10_financial_only
PONE2016_h3_target_Asia,20260728,Uncertainty_gated_fusion,cost_20,92,46,0.2633080146286246,"Same-horizon leave-one-region-out transfer; source regions=Europe,North America; target region=Asia; source-only fit/search/calibration; target labels untouched until final evaluation; V1-V10 financial ratios only.","One-standard-error paired-bootstrap gate selected KELM_risk_feature; search utility difference=-0.0128, required margin=0.0784.",Platt_logistic_on_separate_calibration_partition,0.4423258684646914,1.0,0.1956521739130435,0.5542168674698795,0.7131782945736435,0.6084656084656085,0.8614232209737828,0.329292779969071,0.4008872975000571,0.5978260869565217,0.8043478260869565,0.9021739130434783,46.0,37.0,9.0,0.0,0.8960262228662481,0.8960302457466919,0.1478701753679841,0.46068603997486807,0.10899592748139336,-0.4327428569823476,1.8578548197222355,20.0,0.40217391304347827,0.038302277432712216,1.0,1.0,0.1108695652173913,0.1956521739130435,0.5293504410585406,0.5542168674698795,0.849022823561569,0.8614232209737828,0.24217201285819157,0.329292779969071,0.2993612152238393,0.4008872975000571,0.835745259761652,0.8985185305764506,0.8088846880907372,0.9132797731568998,0.1372296941813468,0.1812426810791641,20261081,3,Asia,324,92,V1-V10_financial_only
PONE2016_h3_target_Asia,20260728,Full_random_search,triad,92,46,0.6949840469896874,"Same-horizon leave-one-region-out transfer; source regions=Europe,North America; target region=Asia; source-only fit/search/calibration; target labels untouched until final evaluation; V1-V10 financial ratios only.",Same full architecture and 81 evaluations as PBMSBAINGO; alpha=0.20.,Platt_logistic_on_separate_calibration_partition,0.6871078534469178,0.5869565217391305,0.8043478260869565,0.75,0.6585365853658537,0.7105263157894737,0.6136363636363636,0.4008918628686366,0.5741504224311548,0.6956521739130435,0.1956521739130435,0.391304347826087,27.0,9.0,37.0,19.0,0.8423797489315002,0.8383742911153119,0.17623697784910233,0.5357867162698827,0.09560988665033815,-0.2909354677480979,1.5567518707350518,,,,0.45652173913043476,0.6065217391304348,0.6804347826086956,0.8826086956521739,0.6471428571428572,0.796923076923077,0.491588785046729,0.6222345132743363,0.26349965520048185,0.38270159647367386,0.4677087485464079,0.5403492431971676,0.7881017552487798,0.8554698995411801,0.7765595463137996,0.8556238185255198,0.1691374148408761,0.20837085146204049,20261129,3,Asia,324,92,V1-V10_financial_only
PONE2016_h3_target_Asia,20260728,Full_random_search,cost_1,92,46,0.605283095579626,"Same-horizon leave-one-region-out transfer; source regions=Europe,North America; target region=Asia; source-only fit/search/calibration; target labels untouched until final evaluation; V1-V10 financial ratios only.",Same full architecture and 81 evaluations as PBMSBAINGO; alpha=0.20.,Platt_logistic_on_separate_calibration_partition,0.7262301342821768,0.6739130434782609,0.782608695652174,0.7560975609756098,0.7126436781609196,0.7380952380952381,0.6888888888888889,0.4592427176827302,0.6233475686375483,0.7282608695652174,0.21739130434782608,0.44565217391304346,31.0,10.0,36.0,15.0,0.8423797489315002,0.8383742911153119,0.17623697784910233,0.5357867162698827,0.09560988665033815,-0.2909354677480979,1.5567518707350518,1.0,0.2717391304347826,0.2717391304347826,0.5934782608695652,0.7804347826086957,0.7391304347826086,0.841304347826087,0.697545008183306,0.8079905992949472,0.6127163524947751,0.7801054018445323,0.34286073416311696,0.5596810285038823,0.5331225448967144,0.6975123640360269,0.780505425334767,0.8757522973870299,0.7881852551984877,0.8674385633270321,0.16505133498737085,0.19438213031091817,20261129,3,Asia,324,92,V1-V10_financial_only
PONE2016_h3_target_Asia,20260728,Full_random_search,cost_2,92,46,0.29843000159353317,"Same-horizon leave-one-region-out transfer; source regions=Europe,North America; target region=Asia; source-only fit/search/calibration; target labels untouched until final evaluation; V1-V10 financial ratios only.",Same full architecture and 81 evaluations as PBMSBAINGO; alpha=0.20.,Platt_logistic_on_separate_calibration_partition,0.5257994183672967,0.9782608695652174,0.2826086956521739,0.5769230769230769,0.7258064516129032,0.6284916201117319,0.8587786259541985,0.36313651960128146,0.46476852577377686,0.6304347826086957,0.717391304347826,0.8478260869565217,45.0,33.0,13.0,1.0,0.8423797489315002,0.8383742911153119,0.17623697784910233,0.5357867162698827,0.09560988665033815,-0.2909354677480979,1.5567518707350518,2.0,0.3804347826086957,0.2536231884057971,0.9782608695652174,1.0,0.22391304347826085,0.3456521739130435,0.5582278481012658,0.5997402597402597,0.8503578399479506,0.8805559197587518,0.30961205273185977,0.4392390757979776,0.40869895802011347,0.523936487027655,0.7928857253984827,0.8491731509754509,0.8161153119092628,0.8544423440453687,0.17024485453413268,0.18802345737844348,20261129,3,Asia,324,92,V1-V10_financial_only
PONE2016_h3_target_Asia,20260728,Full_random_search,cost_5,92,46,0.0,"Same-horizon leave-one-region-out transfer; source regions=Europe,North America; target region=Asia; source-only fit/search/calibration; target labels untouched until final evaluation; V1-V10 financial ratios only.",Same full architecture and 81 evaluations as PBMSBAINGO; alpha=0.20.,Platt_logistic_on_separate_calibration_partition,0.0,1.0,0.0,0.5,0.6666666666666666,0.5555555555555556,0.8333333333333334,0.0,0.0,0.5,1.0,1.0,46.0,46.0,0.0,0.0,0.8423797489315002,0.8383742911153119,0.17623697784910233,0.5357867162698827,0.09560988665033815,-0.2909354677480979,1.5567518707350518,5.0,0.5,0.16666666666666666,1.0,1.0,0.0,0.0,0.5,0.5,0.8333333333333334,0.8333333333333334,0.0,0.0,0.0,0.0,0.8091833275260412,0.8887192256459241,0.7787334593572779,0.8971644612476369,0.15346316528569318,0.19858437593571007,20261129,3,Asia,324,92,V1-V10_financial_only
PONE2016_h3_target_Asia,20260728,Full_random_search,cost_10,92,46,0.0,"Same-horizon leave-one-region-out transfer; source regions=Europe,North America; target region=Asia; source-only fit/search/calibration; target labels untouched until final evaluation; V1-V10 financial ratios only.",Same full architecture and 81 evaluations as PBMSBAINGO; alpha=0.20.,Platt_logistic_on_separate_calibration_partition,0.0,1.0,0.0,0.5,0.6666666666666666,0.5555555555555556,0.8333333333333334,0.0,0.0,0.5,1.0,1.0,46.0,46.0,0.0,0.0,0.8423797489315002,0.8383742911153119,0.17623697784910233,0.5357867162698827,0.09560988665033815,-0.2909354677480979,1.5567518707350518,10.0,0.5,0.09090909090909091,1.0,1.0,0.0,0.0,0.5,0.5,0.8333333333333334,0.8333333333333334,0.0,0.0,0.0,0.0,0.7766424366417712,0.8594760886726399,0.7775992438563327,0.8603497164461248,0.1687920413100671,0.20028722906597934,20261129,3,Asia,324,92,V1-V10_financial_only
PONE2016_h3_target_Asia,20260728,Full_random_search,cost_20,92,46,0.0,"Same-horizon leave-one-region-out transfer; source regions=Europe,North America; target region=Asia; source-only fit/search/calibration; target labels untouched until final evaluation; V1-V10 financial ratios only.",Same full architecture and 81 evaluations as PBMSBAINGO; alpha=0.20.,Platt_logistic_on_separate_calibration_partition,0.0,1.0,0.0,0.5,0.6666666666666666,0.5555555555555556,0.8333333333333334,0.0,0.0,0.5,1.0,1.0,46.0,46.0,0.0,0.0,0.8423797489315002,0.8383742911153119,0.17623697784910233,0.5357867162698827,0.09560988665033815,-0.2909354677480979,1.5567518707350518,20.0,0.5,0.047619047619047616,1.0,1.0,0.0,0.0,0.5,0.5,0.8333333333333334,0.8333333333333334,0.0,0.0,0.0,0.0,0.7860919507958641,0.8686833887633043,0.7528827977315691,0.8570415879017014,0.170039474755668,0.21454121532070541,20261129,3,Asia,324,92,V1-V10_financial_only
PONE2016_h3_target_Asia,20260728,Balanced_logistic,triad,92,46,0.5396887244560646,"Same-horizon leave-one-region-out transfer; source regions=Europe,North America; target region=Asia; source-only fit/search/calibration; target labels untouched until final evaluation; V1-V10 financial ratios only.",Class-weighted logistic reference using the same source-only fit/search/calibration and untouched regional target.,Platt_logistic_on_separate_calibration_partition,0.7624207789891383,0.8913043478260869,0.6521739130434783,0.7192982456140351,0.7961165048543689,0.7481751824817519,0.8506224066390041,0.5597170785495562,0.6877849507673821,0.7717391304347826,0.34782608695652173,0.6195652173913043,41.0,16.0,30.0,5.0,0.8712030268600253,0.8563327032136107,0.19557827651003587,0.5775951833113209,0.18245462299692733,-1.0466272369390177,3.1750868289988445,,,,0.8934782608695652,0.9543478260869566,0.6086956521739131,0.7565217391304349,0.6959155320922479,0.793030303030303,0.8470143613000756,0.9051509492685963,0.5266139516450976,0.7014981747106247,0.6596468039035138,0.7905948427681416,0.836278221086699,0.9229171356379927,0.8177693761814745,0.9040642722117201,0.18418129569146535,0.20544310134229127,20262029,3,Asia,324,92,V1-V10_financial_only
PONE2016_h3_target_Asia,20260728,Balanced_logistic,cost_1,92,46,0.45733072386988805,"Same-horizon leave-one-region-out transfer; source regions=Europe,North America; target region=Asia; source-only fit/search/calibration; target labels untouched until final evaluation; V1-V10 financial ratios only.",Class-weighted logistic reference using the same source-only fit/search/calibration and untouched regional target.,Platt_logistic_on_separate_calibration_partition,0.611793359976969,0.9565217391304348,0.391304347826087,0.6111111111111112,0.7457627118644068,0.6586826347305389,0.859375,0.4216370213557839,0.5404009265128608,0.6739130434782609,0.6086956521739131,0.782608695652174,44.0,28.0,18.0,2.0,0.8712030268600253,0.8563327032136107,0.19557827651003587,0.5775951833113209,0.18245462299692733,-1.0466272369390177,3.1750868289988445,1.0,0.32608695652173914,0.32608695652173914,0.8934782608695652,0.9782608695652174,0.26521739130434785,0.5499999999999999,0.5535328046142755,0.6855769230769231,0.7986680634540557,0.9011436370481928,0.23064013309285306,0.5845203204321003,0.3818457071999325,0.6795742642736321,0.7829353080695725,0.8943678114838799,0.7602551984877126,0.8724007561436673,0.1884119312665755,0.21950784456313754,20262029,3,Asia,324,92,V1-V10_financial_only
PONE2016_h3_target_Asia,20260728,Balanced_logistic,cost_2,92,46,0.45733072386988805,"Same-horizon leave-one-region-out transfer; source regions=Europe,North America; target region=Asia; source-only fit/search/calibration; target labels untouched until final evaluation; V1-V10 financial ratios only.",Class-weighted logistic reference using the same source-only fit/search/calibration and untouched regional target.,Platt_logistic_on_separate_calibration_partition,0.611793359976969,0.9565217391304348,0.391304347826087,0.6111111111111112,0.7457627118644068,0.6586826347305389,0.859375,0.4216370213557839,0.5404009265128608,0.6739130434782609,0.6086956521739131,0.782608695652174,44.0,28.0,18.0,2.0,0.8712030268600253,0.8563327032136107,0.19557827651003587,0.5775951833113209,0.18245462299692733,-1.0466272369390177,3.1750868289988445,2.0,0.34782608695652173,0.2318840579710145,0.8978260869565217,0.9956521739130435,0.37173913043478257,0.4326086956521739,0.5882539682539683,0.6369718309859155,0.8123154527559056,0.8948682598039216,0.3173731855118962,0.518367737260969,0.4727904360852753,0.6065649648272871,0.8450843739029251,0.8863694020413999,0.8020793950850661,0.8619092627599244,0.1914526958123785,0.20660409262198254,20262029,3,Asia,324,92,V1-V10_financial_only
PONE2016_h3_target_Asia,20260728,Balanced_logistic,cost_5,92,46,0.2986686210049496,"Same-horizon leave-one-region-out transfer; source regions=Europe,North America; target region=Asia; source-only fit/search/calibration; target labels untouched until final evaluation; V1-V10 financial ratios only.",Class-weighted logistic reference using the same source-only fit/search/calibration and untouched regional target.,Platt_logistic_on_separate_calibration_partition,0.14744195615489714,1.0,0.021739130434782608,0.5054945054945055,0.6715328467153284,0.5609756097560976,0.8363636363636363,0.10482848367219183,0.13159533400842757,0.5108695652173914,0.9782608695652174,0.9891304347826086,46.0,45.0,1.0,0.0,0.8712030268600253,0.8563327032136107,0.19557827651003587,0.5775951833113209,0.18245462299692733,-1.0466272369390177,3.1750868289988445,5.0,0.4891304347826087,0.16304347826086957,1.0,1.0,0.0,0.0608695652173913,0.5,0.5157179898752933,0.8333333333333334,0.8418781218781218,0.0,0.1757201649349874,0.0,0.2190575636005653,0.8368365176249049,0.9089439728337856,0.8375236294896031,0.8955103969754252,0.18644633617086484,0.19712387571527698,20262029,3,Asia,324,92,V1-V10_financial_only
PONE2016_h3_target_Asia,20260728,Balanced_logistic,cost_10,92,46,0.2986686210049496,"Same-horizon leave-one-region-out transfer; source regions=Europe,North America; target region=Asia; source-only fit/search/calibration; target labels untouched until final evaluation; V1-V10 financial ratios only.",Class-weighted logistic reference using the same source-only fit/search/calibration and untouched regional target.,Platt_logistic_on_separate_calibration_partition,0.14744195615489714,1.0,0.021739130434782608,0.5054945054945055,0.6715328467153284,0.5609756097560976,0.8363636363636363,0.10482848367219183,0.13159533400842757,0.5108695652173914,0.9782608695652174,0.9891304347826086,46.0,45.0,1.0,0.0,0.8712030268600253,0.8563327032136107,0.19557827651003587,0.5775951833113209,0.18245462299692733,-1.0466272369390177,3.1750868289988445,10.0,0.4891304347826087,0.08893280632411067,1.0,1.0,0.0,0.041304347826086954,0.5,0.5105494505494506,0.8333333333333334,0.8391108161911082,0.0,0.14464692701720658,0.0,0.18096179575494414,0.8204015285296555,0.9325963213601525,0.7828922495274102,0.9214083175803403,0.1793386040900716,0.21080500974880115,20262029,3,Asia,324,92,V1-V10_financial_only
PONE2016_h3_target_Asia,20260728,Balanced_logistic,cost_20,92,46,0.2986686210049496,"Same-horizon leave-one-region-out transfer; source regions=Europe,North America; target region=Asia; source-only fit/search/calibration; target labels untouched until final evaluation; V1-V10 financial ratios only.",Class-weighted logistic reference using the same source-only fit/search/calibration and untouched regional target.,Platt_logistic_on_separate_calibration_partition,0.14744195615489714,1.0,0.021739130434782608,0.5054945054945055,0.6715328467153284,0.5609756097560976,0.8363636363636363,0.10482848367219183,0.13159533400842757,0.5108695652173914,0.9782608695652174,0.9891304347826086,46.0,45.0,1.0,0.0,0.8712030268600253,0.8563327032136107,0.19557827651003587,0.5775951833113209,0.18245462299692733,-1.0466272369390177,3.1750868289988445,20.0,0.4891304347826087,0.046583850931677016,1.0,1.0,0.021739130434782608,0.06521739130434782,0.5054945054945055,0.5168539325842697,0.8363636363636363,0.8424908424908425,0.10482848367219183,0.18359701840863138,0.13159533400842757,0.22877558911080284,0.8518362448472415,0.9302043835477801,0.8295841209829867,0.9207939508506616,0.1858561444964571,0.19298528591482442,20262029,3,Asia,324,92,V1-V10_financial_only
PONE2016_h3_target_Europe,20260728,HistGB,triad,165,84,0.7638956524400771,"Same-horizon leave-one-region-out transfer; source regions=Asia,North America; target region=Europe; source-only fit/search/calibration; target labels untouched until final evaluation; V1-V10 financial ratios only.",No metaheuristic; threshold and Platt calibration use calibration partition.,Platt_logistic_on_separate_calibration_partition,0.4967560848924943,0.27380952380952384,0.9012345679012346,0.7419354838709677,0.4,0.5528846153846154,0.3133514986376022,0.22402493650936356,0.3809438073437102,0.5875220458553791,0.09876543209876543,0.18787878787878787,23.0,8.0,73.0,61.0,0.6782673122876944,0.7042915931804822,0.225475287988643,0.6429027879985254,0.061470745101988605,-0.03781222423616698,0.8352038306828387,,,,0.24047619047619045,0.33214285714285713,0.8185185185185184,0.937037037037037,0.6432773109243698,0.8102564102564103,0.2783485142601165,0.37261268143621085,0.1421753381946511,0.2683737594496081,0.31830795367330067,0.4163265070372195,0.6483117406503138,0.6853645801997833,0.6601704879482657,0.6996913580246915,0.22660441951026958,0.24125434862712267,20260728,3,Europe,251,165,V1-V10_financial_only
PONE2016_h3_target_Europe,20260728,HistGB,cost_1,165,84,0.7635574272289302,"Same-horizon leave-one-region-out transfer; source regions=Asia,North America; target region=Europe; source-only fit/search/calibration; target labels untouched until final evaluation; V1-V10 financial ratios only.",No metaheuristic; threshold and Platt calibration use calibration partition.,Platt_logistic_on_separate_calibration_partition,0.5074402337506597,0.2857142857142857,0.9012345679012346,0.75,0.41379310344827586,0.5660377358490566,0.32608695652173914,0.23637641911347512,0.39336101450918665,0.5934744268077601,0.09876543209876543,0.19393939393939394,24.0,8.0,73.0,60.0,0.6782673122876944,0.7042915931804822,0.225475287988643,0.6429027879985254,0.061470745101988605,-0.03781222423616698,0.8352038306828387,1.0,0.4121212121212121,0.4121212121212121,0.19523809523809524,0.30833333333333335,0.8308641975308642,0.9259259259259259,0.641,0.8027295285359801,0.22707029277176657,0.34523015827004466,0.1155356798271307,0.27999306717763267,0.273468955166806,0.4226615559757524,0.6249091209629654,0.695589941847961,0.6472075249853028,0.6889476778365667,0.22827304950843558,0.2450102108052651,20260728,3,Europe,251,165,V1-V10_financial_only
PONE2016_h3_target_Europe,20260728,HistGB,cost_2,165,84,0.30874686904176524,"Same-horizon leave-one-region-out transfer; source regions=Asia,North America; target region=Europe; source-only fit/search/calibration; target labels untouched until final evaluation; V1-V10 financial ratios only.",No metaheuristic; threshold and Platt calibration use calibration partition.,Platt_logistic_on_separate_calibration_partition,0.4553877610713407,0.9880952380952381,0.20987654320987653,0.564625850340136,0.7186147186147186,0.6175595238095238,0.8592132505175983,0.3174611048113189,0.40378583292045295,0.5989858906525574,0.7901234567901234,0.8909090909090909,83.0,64.0,17.0,1.0,0.6782673122876944,0.7042915931804822,0.225475287988643,0.6429027879985254,0.061470745101988605,-0.03781222423616698,0.8352038306828387,2.0,0.4,0.26506024096385544,0.9761904761904762,1.0,0.10246913580246914,0.22098765432098763,0.5360741169658367,0.5678082191780822,0.8443214999231597,0.8606105512744517,0.23065669094318622,0.3255873859794207,0.2881547364143566,0.4140621973536505,0.6085299917141384,0.7248293147726169,0.6176954732510287,0.7247207524985303,0.221147065355847,0.2526348857269316,20260728,3,Europe,251,165,V1-V10_financial_only
PONE2016_h3_target_Europe,20260728,HistGB,cost_5,165,84,0.30191007430789435,"Same-horizon leave-one-region-out transfer; source regions=Asia,North America; target region=Europe; source-only fit/search/calibration; target labels untouched until final evaluation; V1-V10 financial ratios only.",No metaheuristic; threshold and Platt calibration use calibration partition.,Platt_logistic_on_separate_calibration_partition,0.22089551053066775,0.9880952380952381,0.04938271604938271,0.51875,0.680327868852459,0.5732044198895028,0.8366935483870968,0.10929820622314844,0.17471449519789728,0.5187389770723104,0.9506172839506173,0.9696969696969697,83.0,77.0,4.0,1.0,0.6782673122876944,0.7042915931804822,0.225475287988643,0.6429027879985254,0.061470745101988605,-0.03781222423616698,0.8352038306828387,5.0,0.49696969696969695,0.16367265469061876,0.9547619047619047,0.9988095238095238,0.024691358024691357,0.04814814814814814,0.5093167701863354,0.5179012345679012,0.812718093551165,0.8423694779116466,0.002866329835375457,0.1295062190748476,0.041033185710792695,0.1657753399995221,0.6129142814947669,0.7530817210002695,0.6513227513227513,0.7538947677836566,0.21306338795073881,0.24603443914350134,20260728,3,Europe,251,165,V1-V10_financial_only
PONE2016_h3_target_Europe,20260728,HistGB,cost_10,165,84,0.30191007430789435,"Same-horizon leave-one-region-out transfer; source regions=Asia,North America; target region=Europe; source-only fit/search/calibration; target labels untouched until final evaluation; V1-V10 financial ratios only.",No metaheuristic; threshold and Platt calibration use calibration partition.,Platt_logistic_on_separate_calibration_partition,0.22089551053066775,0.9880952380952381,0.04938271604938271,0.51875,0.680327868852459,0.5732044198895028,0.8366935483870968,0.10929820622314844,0.17471449519789728,0.5187389770723104,0.9506172839506173,0.9696969696969697,83.0,77.0,4.0,1.0,0.6782673122876944,0.7042915931804822,0.225475287988643,0.6429027879985254,0.061470745101988605,-0.03781222423616698,0.8352038306828387,10.0,0.5272727272727272,0.09446254071661238,0.9547619047619047,1.0,0.0382716049382716,0.06172839506172839,0.5133903133903134,0.5243987341772152,0.8147032684901747,0.8464341235911388,0.03735928808568396,0.17587650778158148,0.12725387150048315,0.21866651736934584,0.6561033430739092,0.7316444156206044,0.6765138154027043,0.7376690182245738,0.214725584928332,0.2348941188437616,20260728,3,Europe,251,165,V1-V10_financial_only
PONE2016_h3_target_Europe,20260728,HistGB,cost_20,165,84,0.30191007430789435,"Same-horizon leave-one-region-out transfer; source regions=Asia,North America; target region=Europe; source-only fit/search/calibration; target labels untouched until final evaluation; V1-V10 financial ratios only.",No metaheuristic; threshold and Platt calibration use calibration partition.,Platt_logistic_on_separate_calibration_partition,0.22089551053066775,0.9880952380952381,0.04938271604938271,0.51875,0.680327868852459,0.5732044198895028,0.8366935483870968,0.10929820622314844,0.17471449519789728,0.5187389770723104,0.9506172839506173,0.9696969696969697,83.0,77.0,4.0,1.0,0.6782673122876944,0.7042915931804822,0.225475287988643,0.6429027879985254,0.061470745101988605,-0.03781222423616698,0.8352038306828387,20.0,0.5878787878787879,0.055082339579784215,0.9892857142857143,1.0,0.037037037037037035,0.10864197530864196,0.5158270071313549,0.5377799415774099,0.8358464037235461,0.853312925841809,0.08737935059876545,0.24157452561308534,0.1469011873969016,0.2970504314440172,0.6404942241573118,0.754398320530513,0.6574955908289242,0.7671810699588477,0.21054137399803274,0.24767501432178332,20260728,3,Europe,251,165,V1-V10_financial_only
PONE2016_h3_target_Europe,20260728,KELM_PBMSBAINGO,triad,165,84,0.7119298299348726,"Same-horizon leave-one-region-out transfer; source regions=Asia,North America; target region=Europe; source-only fit/search/calibration; target labels untouched until final evaluation; V1-V10 financial ratios only.",Plain KELM; hyperparameters/features selected only on search partition.,Platt_logistic_on_separate_calibration_partition,0.5518394231759755,0.3333333333333333,0.9135802469135802,0.8,0.47058823529411764,0.625,0.37735849056603776,0.3019405424385589,0.4513522644654112,0.6234567901234568,0.08641975308641975,0.21212121212121213,28.0,7.0,74.0,56.0,0.7474759468820593,0.7117871840094063,0.22487145340531278,0.6481476434781144,0.08503327533939296,0.28961462607558336,0.7440485959868515,,,,0.25357142857142856,0.33214285714285713,0.8679012345679011,0.9259259259259259,0.6895566502463054,0.8211764705882353,0.29124912306613004,0.37702702702702706,0.18485285064790644,0.31743873923464616,0.35517711397215324,0.4602246893374153,0.6982104711074966,0.7540301492263093,0.642636684303351,0.7106261022927689,0.2233448090712951,0.25168623621885894,20260829,3,Europe,251,165,V1-V10_financial_only
PONE2016_h3_target_Europe,20260728,KELM_PBMSBAINGO,cost_1,165,84,0.5552817173876727,"Same-horizon leave-one-region-out transfer; source regions=Asia,North America; target region=Europe; source-only fit/search/calibration; target labels untouched until final evaluation; V1-V10 financial ratios only.",Plain KELM; hyperparameters/features selected only on search partition.,Platt_logistic_on_separate_calibration_partition,0.6359779556112897,0.5119047619047619,0.7901234567901234,0.7166666666666667,0.5972222222222222,0.6635802469135802,0.5429292929292929,0.3138769320594394,0.5025907691887652,0.6510141093474426,0.20987654320987653,0.36363636363636365,43.0,17.0,64.0,41.0,0.7474759468820593,0.7117871840094063,0.22487145340531278,0.6481476434781144,0.08503327533939296,0.28961462607558336,0.7440485959868515,1.0,0.3515151515151515,0.3515151515151515,0.5011904761904762,0.5702380952380952,0.6777777777777777,0.8246913580246914,0.6251648351648352,0.75,0.5301724137931034,0.5986034912718204,0.1970744498709643,0.3813809388625743,0.40780007582898214,0.5584272707800715,0.7009027926675407,0.7880178867663129,0.6380364491475603,0.7296002351557906,0.21515710667883836,0.2567664490007881,20260829,3,Europe,251,165,V1-V10_financial_only
PONE2016_h3_target_Europe,20260728,KELM_PBMSBAINGO,cost_2,165,84,0.5552817173876727,"Same-horizon leave-one-region-out transfer; source regions=Asia,North America; target region=Europe; source-only fit/search/calibration; target labels untouched until final evaluation; V1-V10 financial ratios only.",Plain KELM; hyperparameters/features selected only on search partition.,Platt_logistic_on_separate_calibration_partition,0.6359779556112897,0.5119047619047619,0.7901234567901234,0.7166666666666667,0.5972222222222222,0.6635802469135802,0.5429292929292929,0.3138769320594394,0.5025907691887652,0.6510141093474426,0.20987654320987653,0.36363636363636365,43.0,17.0,64.0,41.0,0.7474759468820593,0.7117871840094063,0.22487145340531278,0.6481476434781144,0.08503327533939296,0.28961462607558336,0.7440485959868515,2.0,0.6,0.39759036144578314,0.45595238095238094,0.5928571428571429,0.7037037037037037,0.8592592592592592,0.6182795698924731,0.802839756592292,0.4819441595733771,0.6165753631200683,0.17273502694484655,0.4371849807704053,0.3825218059865729,0.5947486999340641,0.6840594157702127,0.8259423541752697,0.6203703703703705,0.7885655496766607,0.19691694943940968,0.26174794674699586,20260829,3,Europe,251,165,V1-V10_financial_only
PONE2016_h3_target_Europe,20260728,KELM_PBMSBAINGO,cost_5,165,84,0.10984136340093191,"Same-horizon leave-one-region-out transfer; source regions=Asia,North America; target region=Europe; source-only fit/search/calibration; target labels untouched until final evaluation; V1-V10 financial ratios only.",Plain KELM; hyperparameters/features selected only on search partition.,Platt_logistic_on_separate_calibration_partition,0.15525291800128263,0.9761904761904762,0.024691358024691357,0.5093167701863354,0.6693877551020408,0.5631868131868132,0.8249496981891348,0.002866329835375457,0.041033185710792695,0.5004409171075838,0.9753086419753086,0.9757575757575757,82.0,79.0,2.0,2.0,0.7474759468820593,0.7117871840094063,0.22487145340531278,0.6481476434781144,0.08503327533939296,0.28961462607558336,0.7440485959868515,5.0,0.5393939393939394,0.17764471057884232,0.9773809523809524,1.0,0.024691358024691357,0.04814814814814814,0.5099188354989902,0.5187268518518519,0.8259557344064385,0.84320448125166,0.010748736882657966,0.13600215261622073,0.05099966210582712,0.17449263777983431,0.7138435314511685,0.8244376705490378,0.679864785420341,0.7915637860082303,0.19250354154433588,0.23875699646944232,20260829,3,Europe,251,165,V1-V10_financial_only
PONE2016_h3_target_Europe,20260728,KELM_PBMSBAINGO,cost_10,165,84,0.10984136340093191,"Same-horizon leave-one-region-out transfer; source regions=Asia,North America; target region=Europe; source-only fit/search/calibration; target labels untouched until final evaluation; V1-V10 financial ratios only.",Plain KELM; hyperparameters/features selected only on search partition.,Platt_logistic_on_separate_calibration_partition,0.15525291800128263,0.9761904761904762,0.024691358024691357,0.5093167701863354,0.6693877551020408,0.5631868131868132,0.8249496981891348,0.002866329835375457,0.041033185710792695,0.5004409171075838,0.9753086419753086,0.9757575757575757,82.0,79.0,2.0,2.0,0.7474759468820593,0.7117871840094063,0.22487145340531278,0.6481476434781144,0.08503327533939296,0.28961462607558336,0.7440485959868515,10.0,0.6,0.10749185667752444,0.9428571428571428,0.9988095238095238,0.013580246913580247,0.059259259259259255,0.5037979190568501,0.5158840052221387,0.8032454361054766,0.8395010060362172,-0.04681727805302984,0.08147333900427545,0.00410331857107927,0.15239273522082858,0.6766771948220238,0.7705324081220298,0.6477219282774839,0.7565402704291594,0.20426115430683597,0.2542048016714361,20260829,3,Europe,251,165,V1-V10_financial_only
PONE2016_h3_target_Europe,20260728,KELM_PBMSBAINGO,cost_20,165,84,0.10984136340093191,"Same-horizon leave-one-region-out transfer; source regions=Asia,North America; target region=Europe; source-only fit/search/calibration; target labels untouched until final evaluation; V1-V10 financial ratios only.",Plain KELM; hyperparameters/features selected only on search partition.,Platt_logistic_on_separate_calibration_partition,0.15525291800128263,0.9761904761904762,0.024691358024691357,0.5093167701863354,0.6693877551020408,0.5631868131868132,0.8249496981891348,0.002866329835375457,0.041033185710792695,0.5004409171075838,0.9753086419753086,0.9757575757575757,82.0,79.0,2.0,2.0,0.7474759468820593,0.7117871840094063,0.22487145340531278,0.6481476434781144,0.08503327533939296,0.28961462607558336,0.7440485959868515,20.0,0.7212121212121212,0.06757524134014764,0.930952380952381,0.9880952380952381,0.0,0.024691358024691357,0.49713375796178344,0.5117208672086722,0.792775626447026,0.8330000000000001,-0.13114558624594205,0.03693569925901185,0.0,0.09476109975583087,0.7106563971086574,0.737838986379327,0.6730305702527924,0.7118459729570841,0.22658600338254362,0.24105903581693863,20260829,3,Europe,251,165,V1-V10_financial_only
PONE2016_h3_target_Europe,20260728,KELM_score_fusion,triad,165,84,0.7165650068526452,"Same-horizon leave-one-region-out transfer; source regions=Asia,North America; target region=Europe; source-only fit/search/calibration; target labels untouched until final evaluation; V1-V10 financial ratios only.",Plain KELM plus HistGB score-level fusion; alpha=1.00 selected only on search partition.,Platt_logistic_on_separate_calibration_partition,0.5518394231759755,0.3333333333333333,0.9135802469135802,0.8,0.47058823529411764,0.625,0.37735849056603776,0.3019405424385589,0.4513522644654112,0.6234567901234568,0.08641975308641975,0.21212121212121213,28.0,7.0,74.0,56.0,0.7474759468820593,0.7117871840094063,0.22480604152904288,0.6475559606633958,0.08356148506419342,0.2889119468830515,0.7435759093436805,,,,0.3107142857142857,0.3857142857142857,0.865432098765432,0.9444444444444444,0.7317567567567568,0.855,0.3558651606381576,0.4270797962648557,0.2390183221563193,0.3325227881195039,0.40701918060412046,0.46285002254147506,0.712106589794031,0.77033363050265,0.6534097589653146,0.7387566137566138,0.21394912463911608,0.24964518091837112,20260831,3,Europe,251,165,V1-V10_financial_only
PONE2016_h3_target_Europe,20260728,KELM_score_fusion,cost_1,165,84,0.5538767668308026,"Same-horizon leave-one-region-out transfer; source regions=Asia,North America; target region=Europe; source-only fit/search/calibration; target labels untouched until final evaluation; V1-V10 financial ratios only.",Plain KELM plus HistGB score-level fusion; alpha=1.00 selected only on search partition.,Platt_logistic_on_separate_calibration_partition,0.6359779556112897,0.5119047619047619,0.7901234567901234,0.7166666666666667,0.5972222222222222,0.6635802469135802,0.5429292929292929,0.3138769320594394,0.5025907691887652,0.6510141093474426,0.20987654320987653,0.36363636363636365,43.0,17.0,64.0,41.0,0.7474759468820593,0.7117871840094063,0.22480604152904288,0.6475559606633958,0.08356148506419342,0.2889119468830515,0.7435759093436805,1.0,0.3515151515151515,0.3515151515151515,0.4309523809523809,0.5238095238095238,0.7308641975308642,0.8629629629629629,0.6241379310344828,0.796923076923077,0.4593908629441624,0.5616702438021308,0.16943349948957387,0.4056277504553357,0.3762756352260393,0.5663041351727166,0.6835616188329097,0.8062528388157311,0.6084656084656085,0.7748824221046443,0.20168914640976876,0.25902255021206694,20260831,3,Europe,251,165,V1-V10_financial_only
PONE2016_h3_target_Europe,20260728,KELM_score_fusion,cost_2,165,84,0.5538767668308026,"Same-horizon leave-one-region-out transfer; source regions=Asia,North America; target region=Europe; source-only fit/search/calibration; target labels untouched until final evaluation; V1-V10 financial ratios only.",Plain KELM plus HistGB score-level fusion; alpha=1.00 selected only on search partition.,Platt_logistic_on_separate_calibration_partition,0.6359779556112897,0.5119047619047619,0.7901234567901234,0.7166666666666667,0.5972222222222222,0.6635802469135802,0.5429292929292929,0.3138769320594394,0.5025907691887652,0.6510141093474426,0.20987654320987653,0.36363636363636365,43.0,17.0,64.0,41.0,0.7474759468820593,0.7117871840094063,0.22480604152904288,0.6475559606633958,0.08356148506419342,0.2889119468830515,0.7435759093436805,2.0,0.6,0.39759036144578314,0.5261904761904762,0.6452380952380953,0.7666666666666666,0.8753086419753087,0.7008791208791209,0.8425729442970822,0.5547647745317492,0.6768516525944024,0.3023743693690127,0.5335954072186316,0.49624588294659744,0.6702683453479099,0.7333883559528255,0.8487833472882504,0.6797766019988243,0.8164021164021165,0.17817345796724354,0.23396953381982313,20260831,3,Europe,251,165,V1-V10_financial_only
PONE2016_h3_target_Europe,20260728,KELM_score_fusion,cost_5,165,84,0.11440923781677477,"Same-horizon leave-one-region-out transfer; source regions=Asia,North America; target region=Europe; source-only fit/search/calibration; target labels untouched until final evaluation; V1-V10 financial ratios only.",Plain KELM plus HistGB score-level fusion; alpha=1.00 selected only on search partition.,Platt_logistic_on_separate_calibration_partition,0.15525291800128263,0.9761904761904762,0.024691358024691357,0.5093167701863354,0.6693877551020408,0.5631868131868132,0.8249496981891348,0.002866329835375457,0.041033185710792695,0.5004409171075838,0.9753086419753086,0.9757575757575757,82.0,79.0,2.0,2.0,0.7474759468820593,0.7117871840094063,0.22480604152904288,0.6475559606633958,0.08356148506419342,0.2889119468830515,0.7435759093436805,5.0,0.5393939393939394,0.17764471057884232,0.9416666666666667,0.975,0.0024691358024691358,0.059259259259259255,0.5003184713375797,0.5124818577648765,0.8023961476937285,0.8242729101884031,-0.12550132675354292,0.028307515565417232,0.0,0.11501972332681479,0.6745182648086063,0.7812556635252179,0.6387272192827748,0.7451646090534979,0.21349734220862024,0.2559485078744604,20260831,3,Europe,251,165,V1-V10_financial_only
PONE2016_h3_target_Europe,20260728,KELM_score_fusion,cost_10,165,84,0.11440923781677477,"Same-horizon leave-one-region-out transfer; source regions=Asia,North America; target region=Europe; source-only fit/search/calibration; target labels untouched until final evaluation; V1-V10 financial ratios only.",Plain KELM plus HistGB score-level fusion; alpha=1.00 selected only on search partition.,Platt_logistic_on_separate_calibration_partition,0.15525291800128263,0.9761904761904762,0.024691358024691357,0.5093167701863354,0.6693877551020408,0.5631868131868132,0.8249496981891348,0.002866329835375457,0.041033185710792695,0.5004409171075838,0.9753086419753086,0.9757575757575757,82.0,79.0,2.0,2.0,0.7474759468820593,0.7117871840094063,0.22480604152904288,0.6475559606633958,0.08356148506419342,0.2889119468830515,0.7435759093436805,10.0,0.6,0.10749185667752444,0.9428571428571428,0.9976190476190476,0.024691358024691357,0.04814814814814814,0.500625,0.5208152173913043,0.801288853336816,0.8432246706042708,-0.08097015689948611,0.14832060745197534,0.0,0.19062091440415382,0.7342831161746795,0.8038259148417434,0.6865667254556143,0.7555996472663139,0.20418435087254275,0.2331095216348933,20260831,3,Europe,251,165,V1-V10_financial_only
PONE2016_h3_target_Europe,20260728,KELM_score_fusion,cost_20,165,84,0.11440923781677477,"Same-horizon leave-one-region-out transfer; source regions=Asia,North America; target region=Europe; source-only fit/search/calibration; target labels untouched until final evaluation; V1-V10 financial ratios only.",Plain KELM plus HistGB score-level fusion; alpha=1.00 selected only on search partition.,Platt_logistic_on_separate_calibration_partition,0.15525291800128263,0.9761904761904762,0.024691358024691357,0.5093167701863354,0.6693877551020408,0.5631868131868132,0.8249496981891348,0.002866329835375457,0.041033185710792695,0.5004409171075838,0.9753086419753086,0.9757575757575757,82.0,79.0,2.0,2.0,0.7474759468820593,0.7117871840094063,0.22480604152904288,0.6475559606633958,0.08356148506419342,0.2889119468830515,0.7435759093436805,20.0,0.7212121212121212,0.06757524134014764,0.9761904761904762,1.0,0.024691358024691357,0.037037037037037035,0.5123611111111112,0.5182004089979549,0.8266129032258065,0.84320448125166,0.03857583749052298,0.13600215261622073,0.1059339005408706,0.16931612388165457,0.6897851800891173,0.7949108482347808,0.6402704291593182,0.7526601998824222,0.20697004009988235,0.25359407180825017,20260831,3,Europe,251,165,V1-V10_financial_only
PONE2016_h3_target_Europe,20260728,KELM_risk_feature,triad,165,84,0.7461094635045173,"Same-horizon leave-one-region-out transfer; source regions=Asia,North America; target region=Europe; source-only fit/search/calibration; target labels untouched until final evaluation; V1-V10 financial ratios only.",OOF HistGB risk is a forced KELM input; no score-level fusion.,Platt_logistic_on_separate_calibration_partition,0.5270462766947299,0.32142857142857145,0.8641975308641975,0.7105263157894737,0.4426229508196721,0.5720338983050848,0.3609625668449198,0.22040809416307722,0.394131984007957,0.5928130511463845,0.13580246913580246,0.23030303030303031,27.0,11.0,70.0,57.0,0.6768653605900581,0.6668136390358612,0.24455359708496124,0.6868524136015405,0.1455072940387483,0.040076397829153336,0.49425788508591356,,,,0.3107142857142857,0.3535714285714286,0.8432098765432099,0.9123456790123456,0.680472972972973,0.8068725868725869,0.3521204715353652,0.3983184350678913,0.19269117695379234,0.31926977462768064,0.3735990910718545,0.46865361438645864,0.655566525339353,0.7157105012659619,0.6643004115226339,0.6890358612580836,0.23322335793432186,0.24602378060295438,20260939,3,Europe,251,165,V1-V10_financial_only
PONE2016_h3_target_Europe,20260728,KELM_risk_feature,cost_1,165,84,0.44053401166300193,"Same-horizon leave-one-region-out transfer; source regions=Asia,North America; target region=Europe; source-only fit/search/calibration; target labels untouched until final evaluation; V1-V10 financial ratios only.",OOF HistGB risk is a forced KELM input; no score-level fusion.,Platt_logistic_on_separate_calibration_partition,0.5755655654785206,0.5476190476190477,0.6049382716049383,0.5897435897435898,0.5679012345679012,0.5808080808080808,0.5555555555555556,0.15275951589221193,0.36988435304444583,0.576278659611993,0.3950617283950617,0.4727272727272727,46.0,32.0,49.0,38.0,0.6768653605900581,0.6668136390358612,0.24455359708496124,0.6868524136015405,0.1455072940387483,0.040076397829153336,0.49425788508591356,1.0,0.42424242424242425,0.42424242424242425,0.5119047619047619,0.6428571428571429,0.5555555555555556,0.6518518518518519,0.5441659464131374,0.6562123385939742,0.5187226960682338,0.6454727295457388,0.06877212867328669,0.29344277627896614,0.2644935247791133,0.4968971912696443,0.6602338592209157,0.7226097526383981,0.6368165784832451,0.7215902410346855,0.22549882779085983,0.2567333006805095,20260939,3,Europe,251,165,V1-V10_financial_only
PONE2016_h3_target_Europe,20260728,KELM_risk_feature,cost_2,165,84,0.44053401166300193,"Same-horizon leave-one-region-out transfer; source regions=Asia,North America; target region=Europe; source-only fit/search/calibration; target labels untouched until final evaluation; V1-V10 financial ratios only.",OOF HistGB risk is a forced KELM input; no score-level fusion.,Platt_logistic_on_separate_calibration_partition,0.5755655654785206,0.5476190476190477,0.6049382716049383,0.5897435897435898,0.5679012345679012,0.5808080808080808,0.5555555555555556,0.15275951589221193,0.36988435304444583,0.576278659611993,0.3950617283950617,0.4727272727272727,46.0,32.0,49.0,38.0,0.6768653605900581,0.6668136390358612,0.24455359708496124,0.6868524136015405,0.1455072940387483,0.040076397829153336,0.49425788508591356,2.0,0.6545454545454545,0.43373493975903615,0.5380952380952381,0.5952380952380952,0.6074074074074074,0.6753086419753086,0.6082729070533949,0.6546052631578948,0.5509412739758466,0.6062126587005228,0.18076436964671339,0.27004752710363894,0.39672447968694746,0.4766014820473452,0.6693453211945882,0.7353133682797067,0.678997648442093,0.7278365667254556,0.22459181579536916,0.24137482753483525,20260939,3,Europe,251,165,V1-V10_financial_only
PONE2016_h3_target_Europe,20260728,KELM_risk_feature,cost_5,165,84,0.0,"Same-horizon leave-one-region-out transfer; source regions=Asia,North America; target region=Europe; source-only fit/search/calibration; target labels untouched until final evaluation; V1-V10 financial ratios only.",OOF HistGB risk is a forced KELM input; no score-level fusion.,Platt_logistic_on_separate_calibration_partition,0.0,1.0,0.0,0.509090909090909,0.6746987951807228,0.5645161290322581,0.8383233532934131,0.0,0.0,0.5,1.0,1.0,84.0,81.0,0.0,0.0,0.6768653605900581,0.6668136390358612,0.24455359708496124,0.6868524136015405,0.1455072940387483,0.040076397829153336,0.49425788508591356,5.0,0.4909090909090909,0.16167664670658682,1.0,1.0,0.0,0.0,0.509090909090909,0.509090909090909,0.8383233532934131,0.8383233532934131,0.0,0.0,0.0,0.0,0.6670783474296715,0.7234142160418785,0.6462669018224574,0.7116549088771312,0.23359276838132292,0.2522093667573607,20260939,3,Europe,251,165,V1-V10_financial_only
PONE2016_h3_target_Europe,20260728,KELM_risk_feature,cost_10,165,84,0.0,"Same-horizon leave-one-region-out transfer; source regions=Asia,North America; target region=Europe; source-only fit/search/calibration; target labels untouched until final evaluation; V1-V10 financial ratios only.",OOF HistGB risk is a forced KELM input; no score-level fusion.,Platt_logistic_on_separate_calibration_partition,0.0,1.0,0.0,0.509090909090909,0.6746987951807228,0.5645161290322581,0.8383233532934131,0.0,0.0,0.5,1.0,1.0,84.0,81.0,0.0,0.0,0.6768653605900581,0.6668136390358612,0.24455359708496124,0.6868524136015405,0.1455072940387483,0.040076397829153336,0.49425788508591356,10.0,0.4909090909090909,0.08794788273615635,1.0,1.0,0.0,0.0,0.509090909090909,0.509090909090909,0.8383233532934131,0.8383233532934131,0.0,0.0,0.0,0.0,0.638809733318709,0.7080022946044258,0.6109935332157554,0.7129923574368019,0.2327510951958049,0.26518236000726925,20260939,3,Europe,251,165,V1-V10_financial_only
PONE2016_h3_target_Europe,20260728,KELM_risk_feature,cost_20,165,84,0.0,"Same-horizon leave-one-region-out transfer; source regions=Asia,North America; target region=Europe; source-only fit/search/calibration; target labels untouched until final evaluation; V1-V10 financial ratios only.",OOF HistGB risk is a forced KELM input; no score-level fusion.,Platt_logistic_on_separate_calibration_partition,0.0,1.0,0.0,0.509090909090909,0.6746987951807228,0.5645161290322581,0.8383233532934131,0.0,0.0,0.5,1.0,1.0,84.0,81.0,0.0,0.0,0.6768653605900581,0.6668136390358612,0.24455359708496124,0.6868524136015405,0.1455072940387483,0.040076397829153336,0.49425788508591356,20.0,0.4909090909090909,0.04599659284497445,1.0,1.0,0.0,0.0,0.509090909090909,0.509090909090909,0.8383233532934131,0.8383233532934131,0.0,0.0,0.0,0.0,0.620901865645988,0.7001713679435373,0.615843621399177,0.7070987654320988,0.23097127791213412,0.2646189905634801,20260939,3,Europe,251,165,V1-V10_financial_only
PONE2016_h3_target_Europe,20260728,Full_PBMSBAINGO,triad,165,84,0.7392490116152576,"Same-horizon leave-one-region-out transfer; source regions=Asia,North America; target region=Europe; source-only fit/search/calibration; target labels untouched until final evaluation; V1-V10 financial ratios only.",Risk feature plus score fusion; alpha=0.50 selected only on search partition.,Platt_logistic_on_separate_calibration_partition,0.5443310539518174,0.3333333333333333,0.8888888888888888,0.7567567567567568,0.4628099173553719,0.603448275862069,0.3753351206434316,0.2663568019517165,0.42894012257693637,0.611111111111111,0.1111111111111111,0.22424242424242424,28.0,9.0,72.0,56.0,0.7334654351067861,0.7269253380364492,0.2213364820698294,0.6325457652039098,0.14067465844966984,-0.025772833116454917,0.8717454100094437,,,,0.2642857142857143,0.44761904761904764,0.854320987654321,0.9382716049382716,0.6733333333333333,0.8792198049512379,0.30274986779481755,0.4959241771976114,0.17100678248679516,0.43220756447689046,0.34595970900657563,0.5646658910201005,0.7040901013359496,0.8510150317228206,0.6746766607877719,0.8372427983539095,0.18047216122797383,0.24161555880726368,20261035,3,Europe,251,165,V1-V10_financial_only
PONE2016_h3_target_Europe,20260728,Full_PBMSBAINGO,cost_1,165,84,0.7372658299925071,"Same-horizon leave-one-region-out transfer; source regions=Asia,North America; target region=Europe; source-only fit/search/calibration; target labels untouched until final evaluation; V1-V10 financial ratios only.",Risk feature plus score fusion; alpha=0.50 selected only on search partition.,Platt_logistic_on_separate_calibration_partition,0.5443310539518174,0.3333333333333333,0.8888888888888888,0.7567567567567568,0.4628099173553719,0.603448275862069,0.3753351206434316,0.2663568019517165,0.42894012257693637,0.611111111111111,0.1111111111111111,0.22424242424242424,28.0,9.0,72.0,56.0,0.7334654351067861,0.7269253380364492,0.2213364820698294,0.6325457652039098,0.14067465844966984,-0.025772833116454917,0.8717454100094437,1.0,0.3939393939393939,0.3939393939393939,0.2988095238095238,0.3761904761904762,0.8074074074074075,0.9234567901234568,0.6411483253588517,0.8343653250773994,0.3371787131274797,0.4218688432310723,0.1573312246977715,0.3539911646402718,0.3474375972581307,0.4959250484137972,0.6642735002503033,0.7854477546240706,0.63505291005291,0.7914462081128748,0.19918926295101602,0.25097234353593023,20261035,3,Europe,251,165,V1-V10_financial_only
PONE2016_h3_target_Europe,20260728,Full_PBMSBAINGO,cost_2,165,84,0.32101777404456344,"Same-horizon leave-one-region-out transfer; source regions=Asia,North America; target region=Europe; source-only fit/search/calibration; target labels untouched until final evaluation; V1-V10 financial ratios only.",Risk feature plus score fusion; alpha=0.50 selected only on search partition.,Platt_logistic_on_separate_calibration_partition,0.6031223870464549,0.8928571428571429,0.4074074074074074,0.6097560975609756,0.7246376811594203,0.6510416666666666,0.8169934640522876,0.34459503301280425,0.5004645313889711,0.6501322751322751,0.5925925925925926,0.7454545454545455,75.0,48.0,33.0,9.0,0.7334654351067861,0.7269253380364492,0.2213364820698294,0.6325457652039098,0.14067465844966984,-0.025772833116454917,0.8717454100094437,2.0,0.4,0.26506024096385544,0.8392857142857143,0.925,0.3592592592592592,0.45432098765432094,0.5889355742296919,0.6292103618306827,0.7734765234765235,0.8356364665377541,0.2601445361104842,0.38757022393004176,0.4406792407186591,0.5396982890124308,0.6980618220173894,0.7591932804822205,0.6793650793650794,0.7436067019400352,0.21382181138958656,0.23688061012033845,20261035,3,Europe,251,165,V1-V10_financial_only
PONE2016_h3_target_Europe,20260728,Full_PBMSBAINGO,cost_5,165,84,0.31596980789469864,"Same-horizon leave-one-region-out transfer; source regions=Asia,North America; target region=Europe; source-only fit/search/calibration; target labels untouched until final evaluation; V1-V10 financial ratios only.",Risk feature plus score fusion; alpha=0.50 selected only on search partition.,Platt_logistic_on_separate_calibration_partition,0.5923031700636843,0.9166666666666666,0.38271604938271603,0.6062992125984252,0.7298578199052133,0.6503378378378378,0.8315334773218143,0.3554800378544642,0.4996138210242616,0.6496913580246914,0.6172839506172839,0.7696969696969697,77.0,50.0,31.0,7.0,0.7334654351067861,0.7269253380364492,0.2213364820698294,0.6325457652039098,0.14067465844966984,-0.025772833116454917,0.8717454100094437,5.0,0.5151515151515151,0.16966067864271456,0.8726190476190476,0.9273809523809524,0.30123456790123454,0.4049382716049382,0.5646153846153846,0.6177727784026997,0.7868321740417344,0.8428936074724411,0.2134708435754654,0.39135870610758033,0.38273374064856835,0.5276916460697051,0.704401671605014,0.7813350116913234,0.6808201058201058,0.7603174603174604,0.20706535055376274,0.23718506863729688,20261035,3,Europe,251,165,V1-V10_financial_only
PONE2016_h3_target_Europe,20260728,Full_PBMSBAINGO,cost_10,165,84,0.0,"Same-horizon leave-one-region-out transfer; source regions=Asia,North America; target region=Europe; source-only fit/search/calibration; target labels untouched until final evaluation; V1-V10 financial ratios only.",Risk feature plus score fusion; alpha=0.50 selected only on search partition.,Platt_logistic_on_separate_calibration_partition,0.0,1.0,0.0,0.509090909090909,0.6746987951807228,0.5645161290322581,0.8383233532934131,0.0,0.0,0.5,1.0,1.0,84.0,81.0,0.0,0.0,0.7334654351067861,0.7269253380364492,0.2213364820698294,0.6325457652039098,0.14067465844966984,-0.025772833116454917,0.8717454100094437,10.0,0.4909090909090909,0.08794788273615635,1.0,1.0,0.0,0.0,0.509090909090909,0.509090909090909,0.8383233532934131,0.8383233532934131,0.0,0.0,0.0,0.0,0.6993165356130229,0.7540314245702697,0.6935479129923574,0.7350970017636684,0.21660835566187422,0.2288021798923669,20261035,3,Europe,251,165,V1-V10_financial_only
PONE2016_h3_target_Europe,20260728,Full_PBMSBAINGO,cost_20,165,84,0.0,"Same-horizon leave-one-region-out transfer; source regions=Asia,North America; target region=Europe; source-only fit/search/calibration; target labels untouched until final evaluation; V1-V10 financial ratios only.",Risk feature plus score fusion; alpha=0.50 selected only on search partition.,Platt_logistic_on_separate_calibration_partition,0.0,1.0,0.0,0.509090909090909,0.6746987951807228,0.5645161290322581,0.8383233532934131,0.0,0.0,0.5,1.0,1.0,84.0,81.0,0.0,0.0,0.7334654351067861,0.7269253380364492,0.2213364820698294,0.6325457652039098,0.14067465844966984,-0.025772833116454917,0.8717454100094437,20.0,0.4909090909090909,0.04599659284497445,1.0,1.0,0.0,0.0,0.509090909090909,0.509090909090909,0.8383233532934131,0.8383233532934131,0.0,0.0,0.0,0.0,0.698414785856866,0.7782537525313153,0.6632275132275133,0.7700323339212228,0.20706956617081795,0.24373898327166846,20261035,3,Europe,251,165,V1-V10_financial_only
PONE2016_h3_target_Europe,20260728,Uncertainty_gated_fusion,triad,165,84,0.7461094635045173,"Same-horizon leave-one-region-out transfer; source regions=Asia,North America; target region=Europe; source-only fit/search/calibration; target labels untouched until final evaluation; V1-V10 financial ratios only.","One-standard-error paired-bootstrap gate selected KELM_risk_feature; search utility difference=-0.1534, required margin=0.1103.",Platt_logistic_on_separate_calibration_partition,0.5270462766947299,0.32142857142857145,0.8641975308641975,0.7105263157894737,0.4426229508196721,0.5720338983050848,0.3609625668449198,0.22040809416307722,0.394131984007957,0.5928130511463845,0.13580246913580246,0.23030303030303031,27.0,11.0,70.0,57.0,0.6768653605900581,0.6668136390358612,0.24455359708496124,0.6868524136015405,0.1455072940387483,0.040076397829153336,0.49425788508591356,,,,0.2869047619047619,0.3880952380952381,0.8024691358024691,0.9098765432098765,0.6009756097560975,0.8147222222222221,0.32039054122693156,0.43330659687042666,0.10416077361285023,0.3442444065479234,0.2883417024193752,0.49338485775062696,0.628177254912768,0.7519407742064323,0.6205908289241623,0.7279541446208113,0.21420292131945037,0.26112368561379723,20261081,3,Europe,251,165,V1-V10_financial_only
PONE2016_h3_target_Europe,20260728,Uncertainty_gated_fusion,cost_1,165,84,0.44053401166300193,"Same-horizon leave-one-region-out transfer; source regions=Asia,North America; target region=Europe; source-only fit/search/calibration; target labels untouched until final evaluation; V1-V10 financial ratios only.","One-standard-error paired-bootstrap gate selected KELM_risk_feature; search utility difference=-0.1534, required margin=0.1103.",Platt_logistic_on_separate_calibration_partition,0.5755655654785206,0.5476190476190477,0.6049382716049383,0.5897435897435898,0.5679012345679012,0.5808080808080808,0.5555555555555556,0.15275951589221193,0.36988435304444583,0.576278659611993,0.3950617283950617,0.4727272727272727,46.0,32.0,49.0,38.0,0.6768653605900581,0.6668136390358612,0.24455359708496124,0.6868524136015405,0.1455072940387483,0.040076397829153336,0.49425788508591356,1.0,0.42424242424242425,0.42424242424242425,0.4583333333333333,0.6130952380952381,0.608641975308642,0.6876543209876543,0.5760765550239235,0.6410130718954248,0.4785909561105364,0.6181899140881469,0.11090858066533674,0.2555649131782122,0.32087397943160945,0.4646842993840459,0.6482402392966552,0.7231789475639192,0.6337448559670782,0.704864785420341,0.2227430754269004,0.25752508084131653,20261081,3,Europe,251,165,V1-V10_financial_only
PONE2016_h3_target_Europe,20260728,Uncertainty_gated_fusion,cost_2,165,84,0.44053401166300193,"Same-horizon leave-one-region-out transfer; source regions=Asia,North America; target region=Europe; source-only fit/search/calibration; target labels untouched until final evaluation; V1-V10 financial ratios only.","One-standard-error paired-bootstrap gate selected KELM_risk_feature; search utility difference=-0.1534, required margin=0.1103.",Platt_logistic_on_separate_calibration_partition,0.5755655654785206,0.5476190476190477,0.6049382716049383,0.5897435897435898,0.5679012345679012,0.5808080808080808,0.5555555555555556,0.15275951589221193,0.36988435304444583,0.576278659611993,0.3950617283950617,0.4727272727272727,46.0,32.0,49.0,38.0,0.6768653605900581,0.6668136390358612,0.24455359708496124,0.6868524136015405,0.1455072940387483,0.040076397829153336,0.49425788508591356,2.0,0.6545454545454545,0.43373493975903615,0.5357142857142857,0.6261904761904762,0.519753086419753,0.6012345679012345,0.5363597246127366,0.6195098039215686,0.5358421411524037,0.6248416468725257,0.05546639382996702,0.2274874765551399,0.24892954397011485,0.4402853528416586,0.6536049988351048,0.7454716044253726,0.5957231040564375,0.7280570252792475,0.2188307367498209,0.2647434335164044,20261081,3,Europe,251,165,V1-V10_financial_only
PONE2016_h3_target_Europe,20260728,Uncertainty_gated_fusion,cost_5,165,84,0.0,"Same-horizon leave-one-region-out transfer; source regions=Asia,North America; target region=Europe; source-only fit/search/calibration; target labels untouched until final evaluation; V1-V10 financial ratios only.","One-standard-error paired-bootstrap gate selected KELM_risk_feature; search utility difference=-0.1534, required margin=0.1103.",Platt_logistic_on_separate_calibration_partition,0.0,1.0,0.0,0.509090909090909,0.6746987951807228,0.5645161290322581,0.8383233532934131,0.0,0.0,0.5,1.0,1.0,84.0,81.0,0.0,0.0,0.6768653605900581,0.6668136390358612,0.24455359708496124,0.6868524136015405,0.1455072940387483,0.040076397829153336,0.49425788508591356,5.0,0.4909090909090909,0.16167664670658682,1.0,1.0,0.0,0.0,0.509090909090909,0.509090909090909,0.8383233532934131,0.8383233532934131,0.0,0.0,0.0,0.0,0.7135583792593717,0.7670631423188453,0.6773368606701939,0.7388154027042917,0.20885820068454156,0.2364741443169936,20261081,3,Europe,251,165,V1-V10_financial_only
PONE2016_h3_target_Europe,20260728,Uncertainty_gated_fusion,cost_10,165,84,0.0,"Same-horizon leave-one-region-out transfer; source regions=Asia,North America; target region=Europe; source-only fit/search/calibration; target labels untouched until final evaluation; V1-V10 financial ratios only.","One-standard-error paired-bootstrap gate selected KELM_risk_feature; search utility difference=-0.1534, required margin=0.1103.",Platt_logistic_on_separate_calibration_partition,0.0,1.0,0.0,0.509090909090909,0.6746987951807228,0.5645161290322581,0.8383233532934131,0.0,0.0,0.5,1.0,1.0,84.0,81.0,0.0,0.0,0.6768653605900581,0.6668136390358612,0.24455359708496124,0.6868524136015405,0.1455072940387483,0.040076397829153336,0.49425788508591356,10.0,0.4909090909090909,0.08794788273615635,1.0,1.0,0.0,0.0,0.509090909090909,0.509090909090909,0.8383233532934131,0.8383233532934131,0.0,0.0,0.0,0.0,0.6001073327206915,0.7424867658609555,0.6116255144032923,0.7350382128159906,0.2163328895513652,0.27161808896474454,20261081,3,Europe,251,165,V1-V10_financial_only
PONE2016_h3_target_Europe,20260728,Uncertainty_gated_fusion,cost_20,165,84,0.0,"Same-horizon leave-one-region-out transfer; source regions=Asia,North America; target region=Europe; source-only fit/search/calibration; target labels untouched until final evaluation; V1-V10 financial ratios only.","One-standard-error paired-bootstrap gate selected KELM_risk_feature; search utility difference=-0.1534, required margin=0.1103.",Platt_logistic_on_separate_calibration_partition,0.0,1.0,0.0,0.509090909090909,0.6746987951807228,0.5645161290322581,0.8383233532934131,0.0,0.0,0.5,1.0,1.0,84.0,81.0,0.0,0.0,0.6768653605900581,0.6668136390358612,0.24455359708496124,0.6868524136015405,0.1455072940387483,0.040076397829153336,0.49425788508591356,20.0,0.4909090909090909,0.04599659284497445,1.0,1.0,0.0,0.0,0.509090909090909,0.509090909090909,0.8383233532934131,0.8383233532934131,0.0,0.0,0.0,0.0,0.6470250787153434,0.7235080997660898,0.6211934156378601,0.6938712522045856,0.23273797111765873,0.2647989448623689,20261081,3,Europe,251,165,V1-V10_financial_only
PONE2016_h3_target_Europe,20260728,Full_random_search,triad,165,84,0.7510878998993696,"Same-horizon leave-one-region-out transfer; source regions=Asia,North America; target region=Europe; source-only fit/search/calibration; target labels untouched until final evaluation; V1-V10 financial ratios only.",Same full architecture and 81 evaluations as PBMSBAINGO; alpha=0.50.,Platt_logistic_on_separate_calibration_partition,0.5245305283129621,0.30952380952380953,0.8888888888888888,0.7428571428571429,0.4369747899159664,0.5803571428571429,0.3504043126684636,0.2426307930309848,0.40566027965917595,0.5992063492063492,0.1111111111111111,0.21212121212121213,26.0,9.0,72.0,58.0,0.672463784626391,0.6785714285714286,0.22862833683535622,0.649539986430813,0.06462845054185379,-0.021196057937000544,0.7646862096139964,,,,0.27380952380952384,0.32142857142857145,0.8765432098765432,0.937037037037037,0.7002457002457003,0.8205357142857143,0.31208121147145534,0.3628059327164231,0.19284787367819584,0.29617565573983723,0.36094235965589505,0.4379530856184208,0.6431146411015282,0.7211536591409129,0.6177248677248677,0.7164756025867136,0.21782141139848182,0.25098150300686056,20261129,3,Europe,251,165,V1-V10_financial_only
PONE2016_h3_target_Europe,20260728,Full_random_search,cost_1,165,84,0.7506063790257028,"Same-horizon leave-one-region-out transfer; source regions=Asia,North America; target region=Europe; source-only fit/search/calibration; target labels untouched until final evaluation; V1-V10 financial ratios only.",Same full architecture and 81 evaluations as PBMSBAINGO; alpha=0.50.,Platt_logistic_on_separate_calibration_partition,0.5345224838248488,0.32142857142857145,0.8888888888888888,0.75,0.45,0.5921052631578947,0.3629032258064516,0.2545724344860371,0.41742755152307304,0.6051587301587301,0.1111111111111111,0.21818181818181817,27.0,9.0,72.0,57.0,0.672463784626391,0.6785714285714286,0.22862833683535622,0.649539986430813,0.06462845054185379,-0.021196057937000544,0.7646862096139964,1.0,0.4,0.4,0.22857142857142856,0.39285714285714285,0.828395061728395,0.9111111111111111,0.5923480870217555,0.8205487804878049,0.2602862832780945,0.43802774845841896,0.08435499289889617,0.3529392394946805,0.24887200644108842,0.5012060935630874,0.5963830471212913,0.7468712551403508,0.6051146384479718,0.7502498530276309,0.20697728020806194,0.2522798951243598,20261129,3,Europe,251,165,V1-V10_financial_only
PONE2016_h3_target_Europe,20260728,Full_random_search,cost_2,165,84,0.2858700140813296,"Same-horizon leave-one-region-out transfer; source regions=Asia,North America; target region=Europe; source-only fit/search/calibration; target labels untouched until final evaluation; V1-V10 financial ratios only.",Same full architecture and 81 evaluations as PBMSBAINGO; alpha=0.50.,Platt_logistic_on_separate_calibration_partition,0.36187343222787294,0.9642857142857143,0.13580246913580246,0.5364238410596026,0.6893617021276596,0.5886627906976745,0.8316221765913757,0.17956118711906746,0.2864894425371266,0.5500440917107584,0.8641975308641975,0.9151515151515152,81.0,70.0,11.0,3.0,0.672463784626391,0.6785714285714286,0.22862833683535622,0.649539986430813,0.06462845054185379,-0.021196057937000544,0.7646862096139964,2.0,0.46060606060606063,0.30522088353413657,0.9761904761904762,0.986904761904762,0.10123456790123456,0.1580246913580247,0.5297238034998946,0.5462483660130718,0.8353720756854465,0.8481658208992905,0.16052263369101175,0.23842915620923166,0.2511410629532186,0.332294951999157,0.6200628758388691,0.7005103090380617,0.6493386243386243,0.68994708994709,0.22789599596906607,0.24062955416085635,20261129,3,Europe,251,165,V1-V10_financial_only
PONE2016_h3_target_Europe,20260728,Full_random_search,cost_5,165,84,0.2858700140813296,"Same-horizon leave-one-region-out transfer; source regions=Asia,North America; target region=Europe; source-only fit/search/calibration; target labels untouched until final evaluation; V1-V10 financial ratios only.",Same full architecture and 81 evaluations as PBMSBAINGO; alpha=0.50.,Platt_logistic_on_separate_calibration_partition,0.36187343222787294,0.9642857142857143,0.13580246913580246,0.5364238410596026,0.6893617021276596,0.5886627906976745,0.8316221765913757,0.17956118711906746,0.2864894425371266,0.5500440917107584,0.8641975308641975,0.9151515151515152,81.0,70.0,11.0,3.0,0.672463784626391,0.6785714285714286,0.22862833683535622,0.649539986430813,0.06462845054185379,-0.021196057937000544,0.7646862096139964,5.0,0.5151515151515151,0.16966067864271456,0.9285714285714286,0.975,0.05185185185185185,0.1580246913580247,0.5045161290322581,0.5447027027027027,0.7954461295046371,0.8417439843101758,-0.03602780970579006,0.2245439083093756,0.015754349604478406,0.3242674370541139,0.614693702051137,0.7193611622657816,0.6087301587301587,0.7072457378012934,0.21631786692604987,0.248974784320791,20261129,3,Europe,251,165,V1-V10_financial_only
PONE2016_h3_target_Europe,20260728,Full_random_search,cost_10,165,84,0.2858700140813296,"Same-horizon leave-one-region-out transfer; source regions=Asia,North America; target region=Europe; source-only fit/search/calibration; target labels untouched until final evaluation; V1-V10 financial ratios only.",Same full architecture and 81 evaluations as PBMSBAINGO; alpha=0.50.,Platt_logistic_on_separate_calibration_partition,0.36187343222787294,0.9642857142857143,0.13580246913580246,0.5364238410596026,0.6893617021276596,0.5886627906976745,0.8316221765913757,0.17956118711906746,0.2864894425371266,0.5500440917107584,0.8641975308641975,0.9151515151515152,81.0,70.0,11.0,3.0,0.672463784626391,0.6785714285714286,0.22862833683535622,0.649539986430813,0.06462845054185379,-0.021196057937000544,0.7646862096139964,10.0,0.6060606060606061,0.10857763300760044,0.9297619047619048,0.9761904761904762,0.09876543209876543,0.12222222222222222,0.5175673289183222,0.5321619556913674,0.8020149398771347,0.8365642794796126,0.05525655215709705,0.1731716276221018,0.17202043317120969,0.26502197475177836,0.5981119607809758,0.6909808572144475,0.6130070546737213,0.7137566137566137,0.21307947526920643,0.2456317361085606,20261129,3,Europe,251,165,V1-V10_financial_only
PONE2016_h3_target_Europe,20260728,Full_random_search,cost_20,165,84,0.2858700140813296,"Same-horizon leave-one-region-out transfer; source regions=Asia,North America; target region=Europe; source-only fit/search/calibration; target labels untouched until final evaluation; V1-V10 financial ratios only.",Same full architecture and 81 evaluations as PBMSBAINGO; alpha=0.50.,Platt_logistic_on_separate_calibration_partition,0.36187343222787294,0.9642857142857143,0.13580246913580246,0.5364238410596026,0.6893617021276596,0.5886627906976745,0.8316221765913757,0.17956118711906746,0.2864894425371266,0.5500440917107584,0.8641975308641975,0.9151515151515152,81.0,70.0,11.0,3.0,0.672463784626391,0.6785714285714286,0.22862833683535622,0.649539986430813,0.06462845054185379,-0.021196057937000544,0.7646862096139964,20.0,0.7878787878787878,0.07382169222032936,0.9416666666666667,0.9761904761904762,0.10123456790123456,0.145679012345679,0.5291091647083956,0.535731319554849,0.816639655845368,0.8381042819836817,0.13702369146845705,0.18892654462443198,0.2478505009052345,0.28366895519296914,0.6064102829762253,0.7806682602522244,0.6219870664315108,0.7489711934156379,0.20525243754848008,0.24633027097493576,20261129,3,Europe,251,165,V1-V10_financial_only
PONE2016_h3_target_Europe,20260728,Balanced_logistic,triad,165,84,0.5851531214556651,"Same-horizon leave-one-region-out transfer; source regions=Asia,North America; target region=Europe; source-only fit/search/calibration; target labels untouched until final evaluation; V1-V10 financial ratios only.",Class-weighted logistic reference using the same source-only fit/search/calibration and untouched regional target.,Platt_logistic_on_separate_calibration_partition,0.6169752314428771,0.44047619047619047,0.8641975308641975,0.7708333333333334,0.5606060606060606,0.6702898550724637,0.4817708333333333,0.33535408434020625,0.5035157034823443,0.652336860670194,0.13580246913580246,0.2909090909090909,37.0,11.0,70.0,47.0,0.7118554167414453,0.7091416813639035,0.21576791254240654,0.6611578058351401,0.09449866878647806,0.08037447190316642,0.5485781441129249,,,,0.33809523809523806,0.4523809523809524,0.8395061728395061,0.9086419753086419,0.6857452574525745,0.8360869565217391,0.3762122572874677,0.4979145048729374,0.20470182144844928,0.4012875638371568,0.3871657857870291,0.5476613988674568,0.6287678783489746,0.7625482962133466,0.6079659024103469,0.7403733098177543,0.2041012907774922,0.2507268373994018,20262029,3,Europe,251,165,V1-V10_financial_only
PONE2016_h3_target_Europe,20260728,Balanced_logistic,cost_1,165,84,0.5343576017629494,"Same-horizon leave-one-region-out transfer; source regions=Asia,North America; target region=Europe; source-only fit/search/calibration; target labels untouched until final evaluation; V1-V10 financial ratios only.",Class-weighted logistic reference using the same source-only fit/search/calibration and untouched regional target.,Platt_logistic_on_separate_calibration_partition,0.6258445205509001,0.4880952380952381,0.8024691358024691,0.7192982456140351,0.5815602836879432,0.657051282051282,0.5216284987277354,0.30547467488707325,0.49276067322274575,0.6452821869488536,0.19753086419753085,0.34545454545454546,41.0,16.0,65.0,43.0,0.7118554167414453,0.7091416813639035,0.21576791254240654,0.6611578058351401,0.09449866878647806,0.08037447190316642,0.5485781441129249,1.0,0.3575757575757576,0.3575757575757576,0.4119047619047619,0.5321428571428571,0.7172839506172839,0.8617283950617284,0.6013582342954159,0.7986859838274933,0.43956423338064365,0.569881125038848,0.13542714911026113,0.41379738803585314,0.3412301747148648,0.573635262901777,0.5875692888946784,0.7649933987281146,0.5754409171075838,0.7517342739564962,0.20130957868416233,0.26253433277230964,20262029,3,Europe,251,165,V1-V10_financial_only
PONE2016_h3_target_Europe,20260728,Balanced_logistic,cost_2,165,84,0.35121809802522974,"Same-horizon leave-one-region-out transfer; source regions=Asia,North America; target region=Europe; source-only fit/search/calibration; target labels untouched until final evaluation; V1-V10 financial ratios only.",Class-weighted logistic reference using the same source-only fit/search/calibration and untouched regional target.,Platt_logistic_on_separate_calibration_partition,0.5953968042384461,0.7976190476190477,0.4444444444444444,0.5982142857142857,0.6836734693877551,0.6296992481203008,0.7477678571428571,0.2591579289043221,0.4512243205944816,0.621031746031746,0.5555555555555556,0.6787878787878788,67.0,45.0,36.0,17.0,0.7118554167414453,0.7091416813639035,0.21576791254240654,0.6611578058351401,0.09449866878647806,0.08037447190316642,0.5485781441129249,2.0,0.47878787878787876,0.3172690763052209,0.763095238095238,0.8428571428571429,0.3851851851851852,0.45432098765432094,0.576376800994661,0.5992592592592593,0.7210317221453079,0.7756214005346738,0.19849391053237844,0.2739776369177441,0.39806257292749314,0.4584639596458271,0.6589249078892044,0.7760208151311664,0.6720164609053498,0.7420340975896532,0.2014281429399737,0.22913740621123807,20262029,3,Europe,251,165,V1-V10_financial_only
PONE2016_h3_target_Europe,20260728,Balanced_logistic,cost_5,165,84,0.1050160200326777,"Same-horizon leave-one-region-out transfer; source regions=Asia,North America; target region=Europe; source-only fit/search/calibration; target labels untouched until final evaluation; V1-V10 financial ratios only.",Class-weighted logistic reference using the same source-only fit/search/calibration and untouched regional target.,Platt_logistic_on_separate_calibration_partition,0.2721655269759087,1.0,0.07407407407407407,0.5283018867924528,0.691358024691358,0.5833333333333334,0.8484848484848485,0.1978218215863388,0.24470723472325553,0.537037037037037,0.9259259259259259,0.9636363636363636,84.0,75.0,6.0,0.0,0.7118554167414453,0.7091416813639035,0.21576791254240654,0.6611578058351401,0.09449866878647806,0.08037447190316642,0.5485781441129249,5.0,0.45454545454545453,0.1497005988023952,1.0,1.0,0.05061728395061728,0.11851851851851851,0.5220652173913043,0.5405721241631163,0.8452407996365289,0.8547059186570388,0.16246508119850042,0.25257726025758503,0.20176339547546904,0.31000479052046864,0.7237498832272934,0.7568361305473031,0.7216784244562022,0.7638741916519693,0.19918467327872805,0.21053108793947217,20262029,3,Europe,251,165,V1-V10_financial_only
PONE2016_h3_target_Europe,20260728,Balanced_logistic,cost_10,165,84,0.1050160200326777,"Same-horizon leave-one-region-out transfer; source regions=Asia,North America; target region=Europe; source-only fit/search/calibration; target labels untouched until final evaluation; V1-V10 financial ratios only.",Class-weighted logistic reference using the same source-only fit/search/calibration and untouched regional target.,Platt_logistic_on_separate_calibration_partition,0.2721655269759087,1.0,0.07407407407407407,0.5283018867924528,0.691358024691358,0.5833333333333334,0.8484848484848485,0.1978218215863388,0.24470723472325553,0.537037037037037,0.9259259259259259,0.9636363636363636,84.0,75.0,6.0,0.0,0.7118554167414453,0.7091416813639035,0.21576791254240654,0.6611578058351401,0.09449866878647806,0.08037447190316642,0.5485781441129249,10.0,0.45454545454545453,0.08143322475570032,1.0,1.0,0.0382716049382716,0.14320987654320985,0.5188405797101449,0.5476208317721993,0.8435431868318344,0.8581988327380878,0.14077335997056728,0.27966310873694294,0.17518500820655358,0.34178070347753753,0.6533758531125601,0.7578470246965935,0.6607583774250441,0.7459876543209877,0.20737692906157143,0.23694592736976658,20262029,3,Europe,251,165,V1-V10_financial_only
PONE2016_h3_target_Europe,20260728,Balanced_logistic,cost_20,165,84,0.1050160200326777,"Same-horizon leave-one-region-out transfer; source regions=Asia,North America; target region=Europe; source-only fit/search/calibration; target labels untouched until final evaluation; V1-V10 financial ratios only.",Class-weighted logistic reference using the same source-only fit/search/calibration and untouched regional target.,Platt_logistic_on_separate_calibration_partition,0.2721655269759087,1.0,0.07407407407407407,0.5283018867924528,0.691358024691358,0.5833333333333334,0.8484848484848485,0.1978218215863388,0.24470723472325553,0.537037037037037,0.9259259259259259,0.9636363636363636,84.0,75.0,6.0,0.0,0.7118554167414453,0.7091416813639035,0.21576791254240654,0.6611578058351401,0.09449866878647806,0.08037447190316642,0.5485781441129249,20.0,0.45454545454545453,0.04258943781942078,1.0,1.0,0.037037037037037035,0.07407407407407407,0.5185185185185185,0.5283018867924528,0.8433734939759037,0.8484848484848485,0.1385799032138497,0.1978218215863388,0.17249592101726766,0.24470723472325553,0.6469428815431711,0.7787730826569205,0.6680335097001764,0.760626102292769,0.19502233303840888,0.2319560922394951,20262029,3,Europe,251,165,V1-V10_financial_only
PONE2016_h3_target_North_America,20260728,HistGB,triad,159,81,0.7045357492619897,"Same-horizon leave-one-region-out transfer; source regions=Asia,Europe; target region=North America; source-only fit/search/calibration; target labels untouched until final evaluation; V1-V10 financial ratios only.",No metaheuristic; threshold and Platt calibration use calibration partition.,Platt_logistic_on_separate_calibration_partition,0.5229763603684908,0.2962962962962963,0.9230769230769231,0.8,0.43243243243243246,0.5970149253731343,0.3389830508474576,0.28029666917797874,0.424809301978894,0.6096866096866097,0.07692307692307693,0.18867924528301888,24.0,6.0,72.0,57.0,0.7425057484630788,0.7581513137068693,0.20819863601416055,0.6053359530164972,0.08778267966484377,0.41949899899776066,0.9980262905262238,,,,0.2111111111111111,0.32716049382716045,0.8858974358974359,0.9705128205128205,0.7213333333333333,0.8867446393762183,0.24882003558689134,0.36883903133903134,0.1853389824106601,0.2831711684818186,0.3368415455381873,0.42375952539747636,0.6818771292489397,0.743448614044212,0.719753086419753,0.7689300411522634,0.20748315093053063,0.22206823255971392,20260728,3,North America,257,159,V1-V10_financial_only
PONE2016_h3_target_North_America,20260728,HistGB,cost_1,159,81,0.24813772203518492,"Same-horizon leave-one-region-out transfer; source regions=Asia,Europe; target region=North America; source-only fit/search/calibration; target labels untouched until final evaluation; V1-V10 financial ratios only.",No metaheuristic; threshold and Platt calibration use calibration partition.,Platt_logistic_on_separate_calibration_partition,0.659385691644159,0.8271604938271605,0.5256410256410257,0.6442307692307693,0.7243243243243244,0.6740442655935613,0.7827102803738317,0.3707850740461613,0.5442524930069866,0.6764007597340931,0.47435897435897434,0.6540880503144654,67.0,37.0,41.0,14.0,0.7425057484630788,0.7581513137068693,0.20819863601416055,0.6053359530164972,0.08778267966484377,0.41949899899776066,0.9980262905262238,1.0,0.32075471698113206,0.32075471698113206,0.7901234567901234,0.9246913580246914,0.4666666666666667,0.6230769230769231,0.6381379310344828,0.6938172043010753,0.7559838921315778,0.8653409090909091,0.3448826510333568,0.5271417309237182,0.5278278793783614,0.6536353015879627,0.7450617650974733,0.8600103982283548,0.7574074074074074,0.8596549540993985,0.1622273567339313,0.21033764562757204,20260728,3,North America,257,159,V1-V10_financial_only
PONE2016_h3_target_North_America,20260728,HistGB,cost_2,159,81,0.24813772203518492,"Same-horizon leave-one-region-out transfer; source regions=Asia,Europe; target region=North America; source-only fit/search/calibration; target labels untouched until final evaluation; V1-V10 financial ratios only.",No metaheuristic; threshold and Platt calibration use calibration partition.,Platt_logistic_on_separate_calibration_partition,0.659385691644159,0.8271604938271605,0.5256410256410257,0.6442307692307693,0.7243243243243244,0.6740442655935613,0.7827102803738317,0.3707850740461613,0.5442524930069866,0.6764007597340931,0.47435897435897434,0.6540880503144654,67.0,37.0,41.0,14.0,0.7425057484630788,0.7581513137068693,0.20819863601416055,0.6053359530164972,0.08778267966484377,0.41949899899776066,0.9980262905262238,2.0,0.4088050314465409,0.2708333333333333,0.7790123456790123,0.8604938271604938,0.4769230769230769,0.5628205128205128,0.6122077922077922,0.6623762376237624,0.7448048405495213,0.8063062083955984,0.2838828819399125,0.4049141442425908,0.47560651553192124,0.5725162842251748,0.6533329170919497,0.7766821522917461,0.6780151946818613,0.7905508072174737,0.19405744754810855,0.24293150188253693,20260728,3,North America,257,159,V1-V10_financial_only
PONE2016_h3_target_North_America,20260728,HistGB,cost_5,159,81,0.24813772203518492,"Same-horizon leave-one-region-out transfer; source regions=Asia,Europe; target region=North America; source-only fit/search/calibration; target labels untouched until final evaluation; V1-V10 financial ratios only.",No metaheuristic; threshold and Platt calibration use calibration partition.,Platt_logistic_on_separate_calibration_partition,0.659385691644159,0.8271604938271605,0.5256410256410257,0.6442307692307693,0.7243243243243244,0.6740442655935613,0.7827102803738317,0.3707850740461613,0.5442524930069866,0.6764007597340931,0.47435897435897434,0.6540880503144654,67.0,37.0,41.0,14.0,0.7425057484630788,0.7581513137068693,0.20819863601416055,0.6053359530164972,0.08778267966484377,0.41949899899776066,0.9980262905262238,5.0,0.6729559748427673,0.22153209109730848,0.8172839506172839,0.8629629629629629,0.4923076923076923,0.6012820512820513,0.6260916442048517,0.6864986498649864,0.7710759250096212,0.813734610123119,0.32943205395394853,0.45833729977763943,0.5099273251130525,0.6132300354927452,0.6965233450256562,0.7575427663549583,0.7206710984488762,0.7778569167458056,0.20241711987051256,0.21670385674642617,20260728,3,North America,257,159,V1-V10_financial_only
PONE2016_h3_target_North_America,20260728,HistGB,cost_10,159,81,0.24813772203518492,"Same-horizon leave-one-region-out transfer; source regions=Asia,Europe; target region=North America; source-only fit/search/calibration; target labels untouched until final evaluation; V1-V10 financial ratios only.",No metaheuristic; threshold and Platt calibration use calibration partition.,Platt_logistic_on_separate_calibration_partition,0.659385691644159,0.8271604938271605,0.5256410256410257,0.6442307692307693,0.7243243243243244,0.6740442655935613,0.7827102803738317,0.3707850740461613,0.5442524930069866,0.6764007597340931,0.47435897435897434,0.6540880503144654,67.0,37.0,41.0,14.0,0.7425057484630788,0.7581513137068693,0.20819863601416055,0.6053359530164972,0.08778267966484377,0.41949899899776066,0.9980262905262238,10.0,1.1132075471698113,0.19932432432432431,0.8024691358024691,0.8617283950617284,0.4423076923076923,0.6294871794871795,0.6095353675450762,0.6932524415507547,0.7622950819672131,0.8054643303599806,0.3045443184032588,0.4441684433709377,0.4831629755013973,0.6079200238212172,0.709800192670835,0.8009955998247914,0.7237100348211458,0.7962962962962963,0.19381059011809057,0.22198262368042648,20260728,3,North America,257,159,V1-V10_financial_only
PONE2016_h3_target_North_America,20260728,HistGB,cost_20,159,81,0.24813772203518492,"Same-horizon leave-one-region-out transfer; source regions=Asia,Europe; target region=North America; source-only fit/search/calibration; target labels untouched until final evaluation; V1-V10 financial ratios only.",No metaheuristic; threshold and Platt calibration use calibration partition.,Platt_logistic_on_separate_calibration_partition,0.659385691644159,0.8271604938271605,0.5256410256410257,0.6442307692307693,0.7243243243243244,0.6740442655935613,0.7827102803738317,0.3707850740461613,0.5442524930069866,0.6764007597340931,0.47435897435897434,0.6540880503144654,67.0,37.0,41.0,14.0,0.7425057484630788,0.7581513137068693,0.20819863601416055,0.6053359530164972,0.08778267966484377,0.41949899899776066,0.9980262905262238,20.0,1.9937106918238994,0.18669022379269729,0.8148148148148148,0.8629629629629629,0.4064102564102564,0.5358974358974359,0.6014245014245014,0.6548901098901099,0.7710280373831776,0.803141303141303,0.30143158743802145,0.4058006999644391,0.4726681382446849,0.5688795279287197,0.6686583450553008,0.7868731038599084,0.7020734409623299,0.7803418803418803,0.19676668258983088,0.22625549206689485,20260728,3,North America,257,159,V1-V10_financial_only
PONE2016_h3_target_North_America,20260728,KELM_PBMSBAINGO,triad,159,81,0.7121577919473551,"Same-horizon leave-one-region-out transfer; source regions=Asia,Europe; target region=North America; source-only fit/search/calibration; target labels untouched until final evaluation; V1-V10 financial ratios only.",Plain KELM; hyperparameters/features selected only on search partition.,Platt_logistic_on_separate_calibration_partition,0.42477858597569834,0.18518518518518517,0.9743589743589743,0.8823529411764706,0.30612244897959184,0.5033557046979866,0.21994134897360704,0.258108370158472,0.3597844917003523,0.5797720797720798,0.02564102564102564,0.1069182389937107,15.0,2.0,76.0,66.0,0.7888172090808881,0.7934472934472935,0.19296275305126087,0.5660469766609302,0.07288613839981657,0.06028938170758903,0.9980543408470046,,,,0.10246913580246914,0.24320987654320986,0.95,0.9871794871794872,0.745,0.946031746031746,0.12433229689866858,0.2855788675429727,0.14868966832994385,0.3369211200663418,0.2629302166469905,0.43190822506436904,0.7136049358549363,0.8615098286809484,0.7209085153529599,0.8447451725229502,0.16920645012749974,0.223272185806129,20260829,3,North America,257,159,V1-V10_financial_only
PONE2016_h3_target_North_America,20260728,KELM_PBMSBAINGO,cost_1,159,81,0.3009074133942482,"Same-horizon leave-one-region-out transfer; source regions=Asia,Europe; target region=North America; source-only fit/search/calibration; target labels untouched until final evaluation; V1-V10 financial ratios only.",Plain KELM; hyperparameters/features selected only on search partition.,Platt_logistic_on_separate_calibration_partition,0.6300484613327219,0.9382716049382716,0.4230769230769231,0.628099173553719,0.7524752475247525,0.672566371681416,0.8539325842696629,0.42357626569701584,0.5519416606746114,0.6806742640075973,0.5769230769230769,0.7610062893081762,76.0,45.0,33.0,5.0,0.7888172090808881,0.7934472934472935,0.19296275305126087,0.5660469766609302,0.07288613839981657,0.06028938170758903,0.9980543408470046,1.0,0.31446540880503143,0.31446540880503143,0.8938271604938272,0.9617283950617284,0.4115384615384615,0.517948717948718,0.6267479674796748,0.6586620795107034,0.8338534839689574,0.8719466110405707,0.43143164540809587,0.46369949905738606,0.5529499274747149,0.5919848753600687,0.8076171934220031,0.861711438400196,0.7786324786324786,0.8449825894270337,0.17601387445896693,0.2040588867716062,20260829,3,North America,257,159,V1-V10_financial_only
PONE2016_h3_target_North_America,20260728,KELM_PBMSBAINGO,cost_2,159,81,0.3009074133942482,"Same-horizon leave-one-region-out transfer; source regions=Asia,Europe; target region=North America; source-only fit/search/calibration; target labels untouched until final evaluation; V1-V10 financial ratios only.",Plain KELM; hyperparameters/features selected only on search partition.,Platt_logistic_on_separate_calibration_partition,0.6300484613327219,0.9382716049382716,0.4230769230769231,0.628099173553719,0.7524752475247525,0.672566371681416,0.8539325842696629,0.42357626569701584,0.5519416606746114,0.6806742640075973,0.5769230769230769,0.7610062893081762,76.0,45.0,33.0,5.0,0.7888172090808881,0.7934472934472935,0.19296275305126087,0.5660469766609302,0.07288613839981657,0.06028938170758903,0.9980543408470046,2.0,0.34591194968553457,0.22916666666666666,0.9395061728395061,0.9740740740740741,0.22435897435897434,0.49743589743589745,0.5577489481065918,0.6655462184873949,0.8261972402597403,0.8873117786440419,0.23255430321533893,0.5236632344207002,0.36384738896385793,0.6303530561548988,0.76457789174502,0.8691174373724042,0.7173314339981006,0.8633744855967078,0.161382278639607,0.22995922255834983,20260829,3,North America,257,159,V1-V10_financial_only
PONE2016_h3_target_North_America,20260728,KELM_PBMSBAINGO,cost_5,159,81,0.1742765895351823,"Same-horizon leave-one-region-out transfer; source regions=Asia,Europe; target region=North America; source-only fit/search/calibration; target labels untouched until final evaluation; V1-V10 financial ratios only.",Plain KELM; hyperparameters/features selected only on search partition.,Platt_logistic_on_separate_calibration_partition,0.559105467429925,0.9753086419753086,0.32051282051282054,0.5984848484848485,0.7417840375586855,0.6486042692939245,0.8662280701754386,0.3938679502456726,0.4974842934437481,0.6479107312440646,0.6794871794871795,0.8301886792452831,79.0,53.0,25.0,2.0,0.7888172090808881,0.7934472934472935,0.19296275305126087,0.5660469766609302,0.07288613839981657,0.06028938170758903,0.9980543408470046,5.0,0.39622641509433965,0.13043478260869565,0.9641975308641975,0.9876543209876543,0.2717948717948718,0.33205128205128204,0.5814407341884122,0.6053030303030303,0.8539220816287698,0.876619653709437,0.347637646664259,0.4240902829976745,0.4514517758078384,0.5178500858163487,0.7632149419281676,0.8500726850684961,0.7706077872744539,0.8305159860715416,0.17809757430880557,0.2024087944334273,20260829,3,North America,257,159,V1-V10_financial_only
PONE2016_h3_target_North_America,20260728,KELM_PBMSBAINGO,cost_10,159,81,0.1742765895351823,"Same-horizon leave-one-region-out transfer; source regions=Asia,Europe; target region=North America; source-only fit/search/calibration; target labels untouched until final evaluation; V1-V10 financial ratios only.",Plain KELM; hyperparameters/features selected only on search partition.,Platt_logistic_on_separate_calibration_partition,0.559105467429925,0.9753086419753086,0.32051282051282054,0.5984848484848485,0.7417840375586855,0.6486042692939245,0.8662280701754386,0.3938679502456726,0.4974842934437481,0.6479107312440646,0.6794871794871795,0.8301886792452831,79.0,53.0,25.0,2.0,0.7888172090808881,0.7934472934472935,0.19296275305126087,0.5660469766609302,0.07288613839981657,0.06028938170758903,0.9980543408470046,10.0,0.4591194968553459,0.08220720720720721,0.9395061728395061,0.9876543209876543,0.22692307692307692,0.37051282051282053,0.5580486989468992,0.6196779964221825,0.826480894376773,0.8828077136272136,0.23746395912726245,0.4582194290721569,0.3693497209945224,0.5514292634550649,0.7652084349540005,0.8548041493553117,0.7778410889522,0.832937638493194,0.17887086587980447,0.20453952926071692,20260829,3,North America,257,159,V1-V10_financial_only
PONE2016_h3_target_North_America,20260728,KELM_PBMSBAINGO,cost_20,159,81,0.1742765895351823,"Same-horizon leave-one-region-out transfer; source regions=Asia,Europe; target region=North America; source-only fit/search/calibration; target labels untouched until final evaluation; V1-V10 financial ratios only.",Plain KELM; hyperparameters/features selected only on search partition.,Platt_logistic_on_separate_calibration_partition,0.559105467429925,0.9753086419753086,0.32051282051282054,0.5984848484848485,0.7417840375586855,0.6486042692939245,0.8662280701754386,0.3938679502456726,0.4974842934437481,0.6479107312440646,0.6794871794871795,0.8301886792452831,79.0,53.0,25.0,2.0,0.7888172090808881,0.7934472934472935,0.19296275305126087,0.5660469766609302,0.07288613839981657,0.06028938170758903,0.9980543408470046,20.0,0.5849056603773585,0.054770318021201414,0.9506172839506173,0.9851851851851852,0.23461538461538461,0.3564102564102564,0.5717484008528785,0.6053592138192029,0.8415391808130176,0.8612279226240538,0.3053748018639899,0.3836927315491179,0.42502406692362726,0.5065549064776098,0.7194732837989024,0.817683432858868,0.7116809116809116,0.798781259892371,0.19504757683108476,0.22303451167696395,20260829,3,North America,257,159,V1-V10_financial_only
PONE2016_h3_target_North_America,20260728,KELM_score_fusion,triad,159,81,0.7120035053058383,"Same-horizon leave-one-region-out transfer; source regions=Asia,Europe; target region=North America; source-only fit/search/calibration; target labels untouched until final evaluation; V1-V10 financial ratios only.",Plain KELM plus HistGB score-level fusion; alpha=1.00 selected only on search partition.,Platt_logistic_on_separate_calibration_partition,0.42477858597569834,0.18518518518518517,0.9743589743589743,0.8823529411764706,0.30612244897959184,0.5033557046979866,0.21994134897360704,0.258108370158472,0.3597844917003523,0.5797720797720798,0.02564102564102564,0.1069182389937107,15.0,2.0,76.0,66.0,0.7888172090808881,0.7934472934472935,0.19298801863941834,0.5661273295985773,0.06958429874876652,0.06168408777073486,1.004911809942216,,,,0.11728395061728394,0.26666666666666666,0.95,0.9987179487179487,0.708076923076923,0.9947368421052631,0.14082700909464912,0.3123662346854514,0.12408323131394586,0.38618674937731107,0.2391952874610317,0.468380873211962,0.6972693026404158,0.8697861042485603,0.7084362139917695,0.8381608103830325,0.1772599441332737,0.21784844809371914,20260831,3,North America,257,159,V1-V10_financial_only
PONE2016_h3_target_North_America,20260728,KELM_score_fusion,cost_1,159,81,0.29835024604777677,"Same-horizon leave-one-region-out transfer; source regions=Asia,Europe; target region=North America; source-only fit/search/calibration; target labels untouched until final evaluation; V1-V10 financial ratios only.",Plain KELM plus HistGB score-level fusion; alpha=1.00 selected only on search partition.,Platt_logistic_on_separate_calibration_partition,0.6300484613327219,0.9382716049382716,0.4230769230769231,0.628099173553719,0.7524752475247525,0.672566371681416,0.8539325842696629,0.42357626569701584,0.5519416606746114,0.6806742640075973,0.5769230769230769,0.7610062893081762,76.0,45.0,33.0,5.0,0.7888172090808881,0.7934472934472935,0.19298801863941834,0.5661273295985773,0.06958429874876652,0.06168408777073486,1.004911809942216,1.0,0.31446540880503143,0.31446540880503143,0.8814814814814815,0.9506172839506173,0.3858974358974359,0.48205128205128206,0.6133520336605891,0.6544044665012407,0.8120600957231706,0.8716517857142857,0.3531712136815107,0.4887677099438101,0.5118542255849104,0.6054798038831273,0.7752612241785375,0.8533704071415898,0.7653371320037986,0.8214783159227603,0.17819572053242447,0.201047010473196,20260831,3,North America,257,159,V1-V10_financial_only
PONE2016_h3_target_North_America,20260728,KELM_score_fusion,cost_2,159,81,0.29835024604777677,"Same-horizon leave-one-region-out transfer; source regions=Asia,Europe; target region=North America; source-only fit/search/calibration; target labels untouched until final evaluation; V1-V10 financial ratios only.",Plain KELM plus HistGB score-level fusion; alpha=1.00 selected only on search partition.,Platt_logistic_on_separate_calibration_partition,0.6300484613327219,0.9382716049382716,0.4230769230769231,0.628099173553719,0.7524752475247525,0.672566371681416,0.8539325842696629,0.42357626569701584,0.5519416606746114,0.6806742640075973,0.5769230769230769,0.7610062893081762,76.0,45.0,33.0,5.0,0.7888172090808881,0.7934472934472935,0.19298801863941834,0.5661273295985773,0.06958429874876652,0.06168408777073486,1.004911809942216,2.0,0.34591194968553457,0.22916666666666666,0.9024691358024691,0.9617283950617284,0.367948717948718,0.5358974358974359,0.5979394449116905,0.6799410029498525,0.8189902379499695,0.8805466279279048,0.3219552828651856,0.5353413599911967,0.47476981063960566,0.6481955500558363,0.7606068700841694,0.8255558701581686,0.7673947451725229,0.8419436530547642,0.16483983592586554,0.20589497635949588,20260831,3,North America,257,159,V1-V10_financial_only
PONE2016_h3_target_North_America,20260728,KELM_score_fusion,cost_5,159,81,0.17496120468855075,"Same-horizon leave-one-region-out transfer; source regions=Asia,Europe; target region=North America; source-only fit/search/calibration; target labels untouched until final evaluation; V1-V10 financial ratios only.",Plain KELM plus HistGB score-level fusion; alpha=1.00 selected only on search partition.,Platt_logistic_on_separate_calibration_partition,0.559105467429925,0.9753086419753086,0.32051282051282054,0.5984848484848485,0.7417840375586855,0.6486042692939245,0.8662280701754386,0.3938679502456726,0.4974842934437481,0.6479107312440646,0.6794871794871795,0.8301886792452831,79.0,53.0,25.0,2.0,0.7888172090808881,0.7934472934472935,0.19298801863941834,0.5661273295985773,0.06958429874876652,0.06168408777073486,1.004911809942216,5.0,0.39622641509433965,0.13043478260869565,0.9518518518518518,0.9975308641975309,0.25769230769230766,0.367948717948718,0.5810674989420229,0.6103053435114504,0.8536080719669341,0.8740702062516318,0.347637646664259,0.40430589502108294,0.4514517758078384,0.5187177473768623,0.7264721824436187,0.852243570112261,0.7332067109844888,0.8147831592276036,0.18499853360029417,0.21162786286925037,20260831,3,North America,257,159,V1-V10_financial_only
PONE2016_h3_target_North_America,20260728,KELM_score_fusion,cost_10,159,81,0.17496120468855075,"Same-horizon leave-one-region-out transfer; source regions=Asia,Europe; target region=North America; source-only fit/search/calibration; target labels untouched until final evaluation; V1-V10 financial ratios only.",Plain KELM plus HistGB score-level fusion; alpha=1.00 selected only on search partition.,Platt_logistic_on_separate_calibration_partition,0.559105467429925,0.9753086419753086,0.32051282051282054,0.5984848484848485,0.7417840375586855,0.6486042692939245,0.8662280701754386,0.3938679502456726,0.4974842934437481,0.6479107312440646,0.6794871794871795,0.8301886792452831,79.0,53.0,25.0,2.0,0.7888172090808881,0.7934472934472935,0.19298801863941834,0.5661273295985773,0.06958429874876652,0.06168408777073486,1.004911809942216,10.0,0.4591194968553459,0.08220720720720721,0.9506172839506173,0.9876543209876543,0.2717948717948718,0.34487179487179487,0.5833941605839417,0.6059196617336152,0.8444838056680162,0.8762415800890512,0.3280693972125688,0.4241340068314394,0.4519772974070625,0.5189736275526846,0.7505991401205172,0.8391374723538627,0.7310541310541311,0.8206869262424817,0.1795898830693866,0.215916294016927,20260831,3,North America,257,159,V1-V10_financial_only
PONE2016_h3_target_North_America,20260728,KELM_score_fusion,cost_20,159,81,0.17496120468855075,"Same-horizon leave-one-region-out transfer; source regions=Asia,Europe; target region=North America; source-only fit/search/calibration; target labels untouched until final evaluation; V1-V10 financial ratios only.",Plain KELM plus HistGB score-level fusion; alpha=1.00 selected only on search partition.,Platt_logistic_on_separate_calibration_partition,0.559105467429925,0.9753086419753086,0.32051282051282054,0.5984848484848485,0.7417840375586855,0.6486042692939245,0.8662280701754386,0.3938679502456726,0.4974842934437481,0.6479107312440646,0.6794871794871795,0.8301886792452831,79.0,53.0,25.0,2.0,0.7888172090808881,0.7934472934472935,0.19298801863941834,0.5661273295985773,0.06958429874876652,0.06168408777073486,1.004911809942216,20.0,0.5849056603773585,0.054770318021201414,0.9530864197530864,0.9987654320987654,0.24487179487179486,0.3794871794871795,0.5678322048243758,0.6228053435114503,0.8400740563784043,0.8839331791509777,0.28706177830033414,0.46333015988706494,0.4061144529994919,0.5575640697664754,0.7329163841158228,0.8108176264267873,0.7392212725546058,0.8217632162076607,0.18249892454137132,0.21806079178867135,20260831,3,North America,257,159,V1-V10_financial_only
PONE2016_h3_target_North_America,20260728,KELM_risk_feature,triad,159,81,0.7590577769432989,"Same-horizon leave-one-region-out transfer; source regions=Asia,Europe; target region=North America; source-only fit/search/calibration; target labels untouched until final evaluation; V1-V10 financial ratios only.",OOF HistGB risk is a forced KELM input; no score-level fusion.,Platt_logistic_on_separate_calibration_partition,0.3824249114734546,0.14814814814814814,0.9871794871794872,0.9230769230769231,0.2553191489361702,0.45112781954887216,0.17804154302670624,0.2469040421075045,0.33052693001915706,0.5676638176638177,0.01282051282051282,0.08176100628930817,12.0,1.0,77.0,69.0,0.7618237121122564,0.7192149414371636,0.25277844020064794,0.8395993749901521,0.2066465439724064,0.5733353580393552,0.423850212693337,,,,0.10123456790123456,0.20617283950617282,0.9871794871794872,1.0,0.9090909090909091,1.0,0.1233591080740874,0.2449891435047016,0.2179516517554352,0.3329493325208905,0.2831931770780718,0.4091389737199424,0.7102549556532706,0.7979826445737713,0.6469610636277303,0.7444602722380499,0.240570352078441,0.27986833011636253,20260939,3,North America,257,159,V1-V10_financial_only
PONE2016_h3_target_North_America,20260728,KELM_risk_feature,cost_1,159,81,0.49902866609733765,"Same-horizon leave-one-region-out transfer; source regions=Asia,Europe; target region=North America; source-only fit/search/calibration; target labels untouched until final evaluation; V1-V10 financial ratios only.",OOF HistGB risk is a forced KELM input; no score-level fusion.,Platt_logistic_on_separate_calibration_partition,0.6132441406718666,0.4074074074074074,0.9230769230769231,0.8461538461538461,0.55,0.6962025316455697,0.45454545454545453,0.38398809244449605,0.5246401505093691,0.6652421652421653,0.07692307692307693,0.24528301886792453,33.0,6.0,72.0,48.0,0.7618237121122564,0.7192149414371636,0.25277844020064794,0.8395993749901521,0.2066465439724064,0.5733353580393552,0.423850212693337,1.0,0.33962264150943394,0.33962264150943394,0.38271604938271603,0.45555555555555555,0.9,0.9692307692307692,0.7995951417004048,0.9315010570824525,0.42771488760793575,0.5028588019832939,0.33024895533322024,0.4388929536202821,0.48499190510241275,0.563910583448493,0.7483497979710025,0.7919144126510487,0.6863089585311807,0.7555397277619499,0.231638902679787,0.26293247177352036,20260939,3,North America,257,159,V1-V10_financial_only
PONE2016_h3_target_North_America,20260728,KELM_risk_feature,cost_2,159,81,0.39548598771080373,"Same-horizon leave-one-region-out transfer; source regions=Asia,Europe; target region=North America; source-only fit/search/calibration; target labels untouched until final evaluation; V1-V10 financial ratios only.",OOF HistGB risk is a forced KELM input; no score-level fusion.,Platt_logistic_on_separate_calibration_partition,0.6494695524722289,0.5061728395061729,0.8333333333333334,0.7592592592592593,0.6074074074074074,0.6902356902356902,0.5423280423280423,0.3583818081499521,0.5327063201209219,0.6697530864197532,0.16666666666666666,0.33962264150943394,41.0,13.0,65.0,40.0,0.7618237121122564,0.7192149414371636,0.25277844020064794,0.8395993749901521,0.2066465439724064,0.5733353580393552,0.423850212693337,2.0,0.5849056603773585,0.3875,0.47160493827160493,0.5654320987654321,0.8346153846153846,0.8961538461538462,0.7611929824561403,0.8482993197278912,0.5108385542859601,0.6053618297712786,0.3447753912948598,0.4830605443059074,0.517634741626523,0.6235827896119603,0.7607956839839897,0.8302078200028069,0.6809591642924976,0.7846153846153846,0.2217281328727529,0.2618148795941774,20260939,3,North America,257,159,V1-V10_financial_only
PONE2016_h3_target_North_America,20260728,KELM_risk_feature,cost_5,159,81,0.2139459036879041,"Same-horizon leave-one-region-out transfer; source regions=Asia,Europe; target region=North America; source-only fit/search/calibration; target labels untouched until final evaluation; V1-V10 financial ratios only.",OOF HistGB risk is a forced KELM input; no score-level fusion.,Platt_logistic_on_separate_calibration_partition,0.6657163216836424,0.691358024691358,0.6410256410256411,0.6666666666666666,0.6787878787878788,0.6714628297362111,0.6862745098039216,0.3328581608418211,0.5283793946765071,0.6661918328584995,0.358974358974359,0.5283018867924528,56.0,28.0,50.0,25.0,0.7618237121122564,0.7192149414371636,0.25277844020064794,0.8395993749901521,0.2066465439724064,0.5733353580393552,0.423850212693337,5.0,0.9622641509433962,0.3167701863354037,0.5765432098765432,0.7469135802469136,0.6435897435897436,0.7641025641025642,0.6655213446378105,0.7175416666666666,0.5999211947394258,0.7370190141479679,0.3226291198171281,0.41668274994774285,0.5198170009788576,0.5922958920596584,0.733583529339449,0.7968227994613662,0.6750395694840139,0.7594491927825259,0.23172342573010318,0.29001393038057993,20260939,3,North America,257,159,V1-V10_financial_only
PONE2016_h3_target_North_America,20260728,KELM_risk_feature,cost_10,159,81,0.2139459036879041,"Same-horizon leave-one-region-out transfer; source regions=Asia,Europe; target region=North America; source-only fit/search/calibration; target labels untouched until final evaluation; V1-V10 financial ratios only.",OOF HistGB risk is a forced KELM input; no score-level fusion.,Platt_logistic_on_separate_calibration_partition,0.6657163216836424,0.691358024691358,0.6410256410256411,0.6666666666666666,0.6787878787878788,0.6714628297362111,0.6862745098039216,0.3328581608418211,0.5283793946765071,0.6661918328584995,0.358974358974359,0.5283018867924528,56.0,28.0,50.0,25.0,0.7618237121122564,0.7192149414371636,0.25277844020064794,0.8395993749901521,0.2066465439724064,0.5733353580393552,0.423850212693337,10.0,1.748427672955975,0.3130630630630631,0.6691358024691357,0.7604938271604937,0.5807692307692307,0.6628205128205128,0.6313523757953161,0.6895604395604396,0.6648482072210886,0.743367587999055,0.2726628407845589,0.3963017619629233,0.4780917519449077,0.5753095023466273,0.737412748246913,0.79201870595759,0.7062678062678063,0.7507597340930674,0.23660687415093487,0.26421852704730603,20260939,3,North America,257,159,V1-V10_financial_only
PONE2016_h3_target_North_America,20260728,KELM_risk_feature,cost_20,159,81,0.0,"Same-horizon leave-one-region-out transfer; source regions=Asia,Europe; target region=North America; source-only fit/search/calibration; target labels untouched until final evaluation; V1-V10 financial ratios only.",OOF HistGB risk is a forced KELM input; no score-level fusion.,Platt_logistic_on_separate_calibration_partition,0.0,1.0,0.0,0.5094339622641509,0.675,0.5648535564853556,0.8385093167701864,0.0,0.0,0.5,1.0,1.0,81.0,78.0,0.0,0.0,0.7618237121122564,0.7192149414371636,0.25277844020064794,0.8395993749901521,0.2066465439724064,0.5733353580393552,0.423850212693337,20.0,0.49056603773584906,0.045936395759717315,1.0,1.0,0.0,0.0,0.5094339622641509,0.5094339622641509,0.8385093167701864,0.8385093167701864,0.0,0.0,0.0,0.0,0.7183975065731865,0.7999460166180676,0.6691674580563469,0.7512503956948401,0.23197863625344298,0.2619042295729308,20260939,3,North America,257,159,V1-V10_financial_only
PONE2016_h3_target_North_America,20260728,Full_PBMSBAINGO,triad,159,81,0.7215056105647704,"Same-horizon leave-one-region-out transfer; source regions=Asia,Europe; target region=North America; source-only fit/search/calibration; target labels untouched until final evaluation; V1-V10 financial ratios only.",Risk feature plus score fusion; alpha=0.50 selected only on search partition.,Platt_logistic_on_separate_calibration_partition,0.5026048009568942,0.25925925925925924,0.9743589743589743,0.9130434782608695,0.40384615384615385,0.6069364161849711,0.3025936599423631,0.33201918142661924,0.43772916122386374,0.6168091168091168,0.02564102564102564,0.14465408805031446,21.0,2.0,76.0,60.0,0.7894437370969122,0.7769863880974993,0.21061043352177172,0.61543677986596,0.13934865830059942,0.5874006306748,0.8632551310826432,,,,0.29753086419753083,0.3333333333333333,0.9512820512820512,0.9987179487179487,0.8761786600496277,0.9961538461538462,0.3441839641839642,0.38418201516793066,0.3568972216261168,0.43941732517224646,0.473705900920906,0.5255684213299091,0.7942889383468179,0.8449503368574893,0.7830326052548275,0.8201804368471035,0.1912213191920631,0.20960413601952882,20261035,3,North America,257,159,V1-V10_financial_only
PONE2016_h3_target_North_America,20260728,Full_PBMSBAINGO,cost_1,159,81,0.28790078157306825,"Same-horizon leave-one-region-out transfer; source regions=Asia,Europe; target region=North America; source-only fit/search/calibration; target labels untouched until final evaluation; V1-V10 financial ratios only.",Risk feature plus score fusion; alpha=0.50 selected only on search partition.,Platt_logistic_on_separate_calibration_partition,0.6968476934158067,0.7283950617283951,0.6666666666666666,0.6941176470588235,0.7108433734939759,0.7007125890736342,0.7212713936430318,0.39594006268515125,0.5771673124221586,0.6975308641975309,0.3333333333333333,0.5345911949685535,59.0,26.0,52.0,22.0,0.7894437370969122,0.7769863880974993,0.21061043352177172,0.61543677986596,0.13934865830059942,0.5874006306748,0.8632551310826432,1.0,0.3018867924528302,0.3018867924528302,0.6802469135802469,0.7358024691358024,0.5717948717948718,0.6923076923076923,0.6266666666666667,0.7128571428571429,0.6765968867418143,0.7310716365754223,0.2651909851343379,0.42866046972942873,0.47126411339554886,0.6021126004020042,0.7342806006677182,0.7955098356777293,0.7056980056980056,0.7969294080405191,0.20951666590026516,0.23831188174254606,20261035,3,North America,257,159,V1-V10_financial_only
PONE2016_h3_target_North_America,20260728,Full_PBMSBAINGO,cost_2,159,81,0.28790078157306825,"Same-horizon leave-one-region-out transfer; source regions=Asia,Europe; target region=North America; source-only fit/search/calibration; target labels untouched until final evaluation; V1-V10 financial ratios only.",Risk feature plus score fusion; alpha=0.50 selected only on search partition.,Platt_logistic_on_separate_calibration_partition,0.6968476934158067,0.7283950617283951,0.6666666666666666,0.6941176470588235,0.7108433734939759,0.7007125890736342,0.7212713936430318,0.39594006268515125,0.5771673124221586,0.6975308641975309,0.3333333333333333,0.5345911949685535,59.0,26.0,52.0,22.0,0.7894437370969122,0.7769863880974993,0.21061043352177172,0.61543677986596,0.13934865830059942,0.5874006306748,0.8632551310826432,2.0,0.44025157232704404,0.2916666666666667,0.7049382716049383,0.762962962962963,0.632051282051282,0.7307692307692307,0.6757891920813269,0.7368269230769231,0.7091381328650864,0.7502042679996155,0.3727144437694996,0.45663372586933876,0.5581506415551778,0.6233553772813005,0.7634074931445891,0.8336154789268554,0.7661601772712885,0.8182811016144349,0.1942382750467518,0.21742351142989974,20261035,3,North America,257,159,V1-V10_financial_only
PONE2016_h3_target_North_America,20260728,Full_PBMSBAINGO,cost_5,159,81,0.17113495365185943,"Same-horizon leave-one-region-out transfer; source regions=Asia,Europe; target region=North America; source-only fit/search/calibration; target labels untouched until final evaluation; V1-V10 financial ratios only.",Risk feature plus score fusion; alpha=0.50 selected only on search partition.,Platt_logistic_on_separate_calibration_partition,0.6758625033664688,0.9135802469135802,0.5,0.6548672566371682,0.7628865979381443,0.6941838649155723,0.8466819221967964,0.4559649516852052,0.5927652313654385,0.7067901234567902,0.5,0.710691823899371,74.0,39.0,39.0,7.0,0.7894437370969122,0.7769863880974993,0.21061043352177172,0.61543677986596,0.13934865830059942,0.5874006306748,0.8632551310826432,5.0,0.46540880503144655,0.15320910973084886,0.8790123456790123,0.9345679012345679,0.41538461538461535,0.5653846153846154,0.6149326987432141,0.6842181004157338,0.813514057988233,0.8586393770388299,0.36025193287847485,0.5020541279565414,0.5122664621853986,0.6353705840206055,0.7244847107704989,0.801497795080457,0.7243906299461855,0.7736783792339348,0.20586130098853656,0.23103663224820536,20261035,3,North America,257,159,V1-V10_financial_only
PONE2016_h3_target_North_America,20260728,Full_PBMSBAINGO,cost_10,159,81,0.17113495365185943,"Same-horizon leave-one-region-out transfer; source regions=Asia,Europe; target region=North America; source-only fit/search/calibration; target labels untouched until final evaluation; V1-V10 financial ratios only.",Risk feature plus score fusion; alpha=0.50 selected only on search partition.,Platt_logistic_on_separate_calibration_partition,0.6758625033664688,0.9135802469135802,0.5,0.6548672566371682,0.7628865979381443,0.6941838649155723,0.8466819221967964,0.4559649516852052,0.5927652313654385,0.7067901234567902,0.5,0.710691823899371,74.0,39.0,39.0,7.0,0.7894437370969122,0.7769863880974993,0.21061043352177172,0.61543677986596,0.13934865830059942,0.5874006306748,0.8632551310826432,10.0,0.6855345911949685,0.12274774774774774,0.8679012345679011,0.9617283950617284,0.40384615384615385,0.5743589743589743,0.6203177444618483,0.688561320754717,0.8123663999140663,0.8825626084800396,0.39301601817057463,0.5455771046311453,0.533037160323082,0.6585766002877932,0.7649359442981674,0.853054683460673,0.7459480848369737,0.8394903450459006,0.18158586198531215,0.2219115212895622,20261035,3,North America,257,159,V1-V10_financial_only
PONE2016_h3_target_North_America,20260728,Full_PBMSBAINGO,cost_20,159,81,0.17113495365185943,"Same-horizon leave-one-region-out transfer; source regions=Asia,Europe; target region=North America; source-only fit/search/calibration; target labels untouched until final evaluation; V1-V10 financial ratios only.",Risk feature plus score fusion; alpha=0.50 selected only on search partition.,Platt_logistic_on_separate_calibration_partition,0.6758625033664688,0.9135802469135802,0.5,0.6548672566371682,0.7628865979381443,0.6941838649155723,0.8466819221967964,0.4559649516852052,0.5927652313654385,0.7067901234567902,0.5,0.710691823899371,74.0,39.0,39.0,7.0,0.7894437370969122,0.7769863880974993,0.21061043352177172,0.61543677986596,0.13934865830059942,0.5874006306748,0.8632551310826432,20.0,1.1257861635220126,0.10541813898704358,0.854320987654321,0.937037037037037,0.4769230769230769,0.5384615384615384,0.6373402163225173,0.6770694259012017,0.8011165893271462,0.870020108080935,0.3792000733165493,0.5173239155012884,0.5443805823581324,0.6375227131402478,0.7483275863939626,0.8363260344193206,0.7264165875276987,0.8423076923076923,0.18427771595167966,0.2343329640725827,20261035,3,North America,257,159,V1-V10_financial_only
PONE2016_h3_target_North_America,20260728,Uncertainty_gated_fusion,triad,159,81,0.7590577769432989,"Same-horizon leave-one-region-out transfer; source regions=Asia,Europe; target region=North America; source-only fit/search/calibration; target labels untouched until final evaluation; V1-V10 financial ratios only.","One-standard-error paired-bootstrap gate selected KELM_risk_feature; search utility difference=-0.0906, required margin=0.0783.",Platt_logistic_on_separate_calibration_partition,0.3824249114734546,0.14814814814814814,0.9871794871794872,0.9230769230769231,0.2553191489361702,0.45112781954887216,0.17804154302670624,0.2469040421075045,0.33052693001915706,0.5676638176638177,0.01282051282051282,0.08176100628930817,12.0,1.0,77.0,69.0,0.7618237121122564,0.7192149414371636,0.25277844020064794,0.8395993749901521,0.2066465439724064,0.5733353580393552,0.423850212693337,,,,0.13580246913580246,0.22839506172839505,0.9397435897435897,0.9871794871794872,0.70625,0.9478571428571428,0.16195728291316527,0.2691347469220246,0.1305062092750961,0.32691492514885884,0.2541449128105903,0.41812475842178104,0.7083597831397329,0.8226282183936333,0.6620291231402342,0.7737891737891737,0.21556998486574316,0.27542533913886325,20261081,3,North America,257,159,V1-V10_financial_only
PONE2016_h3_target_North_America,20260728,Uncertainty_gated_fusion,cost_1,159,81,0.49902866609733765,"Same-horizon leave-one-region-out transfer; source regions=Asia,Europe; target region=North America; source-only fit/search/calibration; target labels untouched until final evaluation; V1-V10 financial ratios only.","One-standard-error paired-bootstrap gate selected KELM_risk_feature; search utility difference=-0.0906, required margin=0.0783.",Platt_logistic_on_separate_calibration_partition,0.6132441406718666,0.4074074074074074,0.9230769230769231,0.8461538461538461,0.55,0.6962025316455697,0.45454545454545453,0.38398809244449605,0.5246401505093691,0.6652421652421653,0.07692307692307693,0.24528301886792453,33.0,6.0,72.0,48.0,0.7618237121122564,0.7192149414371636,0.25277844020064794,0.8395993749901521,0.2066465439724064,0.5733353580393552,0.423850212693337,1.0,0.33962264150943394,0.33962264150943394,0.3259259259259259,0.45555555555555555,0.8756410256410256,0.9346153846153846,0.7831357048748353,0.8778571428571428,0.3692823389743709,0.5035666814355338,0.2897433020264126,0.4402363513192308,0.4412287241525305,0.5712119423493245,0.7098692111603538,0.7900153316942333,0.6372902817347261,0.7593383982272871,0.2300662919468064,0.28567710407815505,20261081,3,North America,257,159,V1-V10_financial_only
PONE2016_h3_target_North_America,20260728,Uncertainty_gated_fusion,cost_2,159,81,0.39548598771080373,"Same-horizon leave-one-region-out transfer; source regions=Asia,Europe; target region=North America; source-only fit/search/calibration; target labels untouched until final evaluation; V1-V10 financial ratios only.","One-standard-error paired-bootstrap gate selected KELM_risk_feature; search utility difference=-0.0906, required margin=0.0783.",Platt_logistic_on_separate_calibration_partition,0.6494695524722289,0.5061728395061729,0.8333333333333334,0.7592592592592593,0.6074074074074074,0.6902356902356902,0.5423280423280423,0.3583818081499521,0.5327063201209219,0.6697530864197532,0.16666666666666666,0.33962264150943394,41.0,13.0,65.0,40.0,0.7618237121122564,0.7192149414371636,0.25277844020064794,0.8395993749901521,0.2066465439724064,0.5733353580393552,0.423850212693337,2.0,0.5849056603773585,0.3875,0.47160493827160493,0.5851851851851851,0.8346153846153846,0.8833333333333333,0.7479467258601554,0.8378947368421052,0.5094759358288771,0.6224846894138233,0.32891550103348216,0.4870821212638808,0.5062578918226749,0.6303374766576774,0.7476351859170929,0.8123715542493133,0.6954099398543843,0.7682811016144347,0.22502657597540482,0.27321598065910613,20261081,3,North America,257,159,V1-V10_financial_only
PONE2016_h3_target_North_America,20260728,Uncertainty_gated_fusion,cost_5,159,81,0.2139459036879041,"Same-horizon leave-one-region-out transfer; source regions=Asia,Europe; target region=North America; source-only fit/search/calibration; target labels untouched until final evaluation; V1-V10 financial ratios only.","One-standard-error paired-bootstrap gate selected KELM_risk_feature; search utility difference=-0.0906, required margin=0.0783.",Platt_logistic_on_separate_calibration_partition,0.6657163216836424,0.691358024691358,0.6410256410256411,0.6666666666666666,0.6787878787878788,0.6714628297362111,0.6862745098039216,0.3328581608418211,0.5283793946765071,0.6661918328584995,0.358974358974359,0.5283018867924528,56.0,28.0,50.0,25.0,0.7618237121122564,0.7192149414371636,0.25277844020064794,0.8395993749901521,0.2066465439724064,0.5733353580393552,0.423850212693337,5.0,0.9622641509433962,0.3167701863354037,0.6691358024691357,0.7271604938271605,0.5923076923076923,0.7025641025641026,0.6494255744255745,0.7063291139240506,0.6717737362898654,0.7101473856591414,0.3226453122509703,0.39139104778752687,0.5179488507180349,0.5742602366815364,0.745284078265802,0.7870680364023903,0.7144824311490977,0.7409623298512187,0.23683225471996516,0.2591627215044722,20261081,3,North America,257,159,V1-V10_financial_only
PONE2016_h3_target_North_America,20260728,Uncertainty_gated_fusion,cost_10,159,81,0.2139459036879041,"Same-horizon leave-one-region-out transfer; source regions=Asia,Europe; target region=North America; source-only fit/search/calibration; target labels untouched until final evaluation; V1-V10 financial ratios only.","One-standard-error paired-bootstrap gate selected KELM_risk_feature; search utility difference=-0.0906, required margin=0.0783.",Platt_logistic_on_separate_calibration_partition,0.6657163216836424,0.691358024691358,0.6410256410256411,0.6666666666666666,0.6787878787878788,0.6714628297362111,0.6862745098039216,0.3328581608418211,0.5283793946765071,0.6661918328584995,0.358974358974359,0.5283018867924528,56.0,28.0,50.0,25.0,0.7618237121122564,0.7192149414371636,0.25277844020064794,0.8395993749901521,0.2066465439724064,0.5733353580393552,0.423850212693337,10.0,1.748427672955975,0.3130630630630631,0.645679012345679,0.7148148148148148,0.5038461538461538,0.6923076923076923,0.5909658762290341,0.7069557362240289,0.6454729810330431,0.7132275132275132,0.1975353020538837,0.4072389034413466,0.40947133020180854,0.5862878271940608,0.6710117455929606,0.8208367608278591,0.6229819563152896,0.7671256726812282,0.23220639189285514,0.28712700996902485,20261081,3,North America,257,159,V1-V10_financial_only
PONE2016_h3_target_North_America,20260728,Uncertainty_gated_fusion,cost_20,159,81,0.0,"Same-horizon leave-one-region-out transfer; source regions=Asia,Europe; target region=North America; source-only fit/search/calibration; target labels untouched until final evaluation; V1-V10 financial ratios only.","One-standard-error paired-bootstrap gate selected KELM_risk_feature; search utility difference=-0.0906, required margin=0.0783.",Platt_logistic_on_separate_calibration_partition,0.0,1.0,0.0,0.5094339622641509,0.675,0.5648535564853556,0.8385093167701864,0.0,0.0,0.5,1.0,1.0,81.0,78.0,0.0,0.0,0.7618237121122564,0.7192149414371636,0.25277844020064794,0.8395993749901521,0.2066465439724064,0.5733353580393552,0.423850212693337,20.0,0.49056603773584906,0.045936395759717315,1.0,1.0,0.0,0.0,0.5094339622641509,0.5094339622641509,0.8385093167701864,0.8385093167701864,0.0,0.0,0.0,0.0,0.7177818301871892,0.7791445978596683,0.6637226970560304,0.7384298828743273,0.26006492382295304,0.2765421872763088,20261081,3,North America,257,159,V1-V10_financial_only
PONE2016_h3_target_North_America,20260728,Full_random_search,triad,159,81,0.7675945666888381,"Same-horizon leave-one-region-out transfer; source regions=Asia,Europe; target region=North America; source-only fit/search/calibration; target labels untouched until final evaluation; V1-V10 financial ratios only.",Same full architecture and 81 evaluations as PBMSBAINGO; alpha=0.70.,Platt_logistic_on_separate_calibration_partition,0.32467384467047145,0.1111111111111111,0.9487179487179487,0.6923076923076923,0.19148936170212766,0.3383458646616541,0.13353115727002968,0.1091575765106862,0.2257613001679927,0.5299145299145299,0.05128205128205128,0.08176100628930817,9.0,4.0,74.0,72.0,0.7593260385460486,0.7901234567901234,0.1938730780362768,0.5691361800328651,0.09003738973724697,0.4022200150928536,1.1213582162881626,,,,0.0765432098765432,0.12345679012345678,0.9487179487179487,0.9730769230769231,0.6066666666666667,0.826923076923077,0.09274308525805532,0.14876536668079696,0.05122614544496768,0.18211378438557213,0.1543129778801699,0.27960802104086974,0.7482584941599033,0.8112871489873706,0.7817505539727762,0.834267173156062,0.17796760923940658,0.20081800439151562,20261129,3,North America,257,159,V1-V10_financial_only
PONE2016_h3_target_North_America,20260728,Full_random_search,cost_1,159,81,0.3923862047620369,"Same-horizon leave-one-region-out transfer; source regions=Asia,Europe; target region=North America; source-only fit/search/calibration; target labels untouched until final evaluation; V1-V10 financial ratios only.",Same full architecture and 81 evaluations as PBMSBAINGO; alpha=0.70.,Platt_logistic_on_separate_calibration_partition,0.7143445008142929,0.7654320987654321,0.6666666666666666,0.7045454545454546,0.7337278106508875,0.7159353348729792,0.7524271844660194,0.4345125511547581,0.6052561984967805,0.7160493827160493,0.3333333333333333,0.5534591194968553,62.0,26.0,52.0,19.0,0.7593260385460486,0.7901234567901234,0.1938730780362768,0.5691361800328651,0.09003738973724697,0.4022200150928536,1.1213582162881626,1.0,0.2830188679245283,0.2830188679245283,0.7407407407407407,0.7753086419753087,0.591025641025641,0.7051282051282052,0.6528905876731964,0.7315914822079014,0.7213276181649676,0.7658536585365854,0.3358177362042078,0.48061997469841483,0.5277817454162723,0.6401217860997616,0.6852495971525915,0.8331433600782081,0.6954257676479899,0.8320829376384932,0.17516240223929064,0.2278317699664499,20261129,3,North America,257,159,V1-V10_financial_only
PONE2016_h3_target_North_America,20260728,Full_random_search,cost_2,159,81,0.2036056145627088,"Same-horizon leave-one-region-out transfer; source regions=Asia,Europe; target region=North America; source-only fit/search/calibration; target labels untouched until final evaluation; V1-V10 financial ratios only.",Same full architecture and 81 evaluations as PBMSBAINGO; alpha=0.70.,Platt_logistic_on_separate_calibration_partition,0.5945036847761408,0.9506172839506173,0.3717948717948718,0.6111111111111112,0.7439613526570048,0.6581196581196581,0.8555555555555555,0.39742847083578564,0.5198236396795133,0.6612060778727445,0.6282051282051282,0.7924528301886793,77.0,49.0,29.0,4.0,0.7593260385460486,0.7901234567901234,0.1938730780362768,0.5691361800328651,0.09003738973724697,0.4022200150928536,1.1213582162881626,2.0,0.3584905660377358,0.2375,0.8925925925925926,0.9740740740740741,0.2615384615384615,0.40512820512820513,0.5751928640308582,0.6181686999868818,0.8107270620244873,0.86268195224051,0.2950921704858168,0.3929215637045318,0.42825657947836226,0.5276609847103128,0.7308973055715979,0.7838455765853554,0.7397910731244065,0.8129471351693573,0.18832144960398609,0.21458499406570766,20261129,3,North America,257,159,V1-V10_financial_only
PONE2016_h3_target_North_America,20260728,Full_random_search,cost_5,159,81,0.2036056145627088,"Same-horizon leave-one-region-out transfer; source regions=Asia,Europe; target region=North America; source-only fit/search/calibration; target labels untouched until final evaluation; V1-V10 financial ratios only.",Same full architecture and 81 evaluations as PBMSBAINGO; alpha=0.70.,Platt_logistic_on_separate_calibration_partition,0.5945036847761408,0.9506172839506173,0.3717948717948718,0.6111111111111112,0.7439613526570048,0.6581196581196581,0.8555555555555555,0.39742847083578564,0.5198236396795133,0.6612060778727445,0.6282051282051282,0.7924528301886793,77.0,49.0,29.0,4.0,0.7593260385460486,0.7901234567901234,0.1938730780362768,0.5691361800328651,0.09003738973724697,0.4022200150928536,1.1213582162881626,5.0,0.4339622641509434,0.14285714285714285,0.9271604938271605,0.9728395061728395,0.3128205128205128,0.41923076923076924,0.5896375548476288,0.6346774193548387,0.8396489416623645,0.8788926393728224,0.3422053745954525,0.4715624124961333,0.4674516783441868,0.5768604726746683,0.7350104619277986,0.8134942949184072,0.7661443494776828,0.8365463754352643,0.1726688666866779,0.20046585340908543,20261129,3,North America,257,159,V1-V10_financial_only
PONE2016_h3_target_North_America,20260728,Full_random_search,cost_10,159,81,0.2036056145627088,"Same-horizon leave-one-region-out transfer; source regions=Asia,Europe; target region=North America; source-only fit/search/calibration; target labels untouched until final evaluation; V1-V10 financial ratios only.",Same full architecture and 81 evaluations as PBMSBAINGO; alpha=0.70.,Platt_logistic_on_separate_calibration_partition,0.5945036847761408,0.9506172839506173,0.3717948717948718,0.6111111111111112,0.7439613526570048,0.6581196581196581,0.8555555555555555,0.39742847083578564,0.5198236396795133,0.6612060778727445,0.6282051282051282,0.7924528301886793,77.0,49.0,29.0,4.0,0.7593260385460486,0.7901234567901234,0.1938730780362768,0.5691361800328651,0.09003738973724697,0.4022200150928536,1.1213582162881626,10.0,0.559748427672956,0.10022522522522523,0.9271604938271605,0.9753086419753086,0.25769230769230766,0.34102564102564104,0.5767558799675587,0.5946695095948827,0.8335164835164836,0.8618841705424888,0.3078094078798336,0.3674854473401806,0.4378048243050348,0.47536088153535655,0.698361770064657,0.7845450967000587,0.7075498575498574,0.8191832858499526,0.18008915137960285,0.2224139729155789,20261129,3,North America,257,159,V1-V10_financial_only
PONE2016_h3_target_North_America,20260728,Full_random_search,cost_20,159,81,0.2036056145627088,"Same-horizon leave-one-region-out transfer; source regions=Asia,Europe; target region=North America; source-only fit/search/calibration; target labels untouched until final evaluation; V1-V10 financial ratios only.",Same full architecture and 81 evaluations as PBMSBAINGO; alpha=0.70.,Platt_logistic_on_separate_calibration_partition,0.5945036847761408,0.9506172839506173,0.3717948717948718,0.6111111111111112,0.7439613526570048,0.6581196581196581,0.8555555555555555,0.39742847083578564,0.5198236396795133,0.6612060778727445,0.6282051282051282,0.7924528301886793,77.0,49.0,29.0,4.0,0.7593260385460486,0.7901234567901234,0.1938730780362768,0.5691361800328651,0.09003738973724697,0.4022200150928536,1.1213582162881626,20.0,0.8113207547169812,0.07597173144876325,0.9148148148148147,0.9604938271604938,0.2846153846153846,0.4423076923076923,0.5759943181818182,0.6366946778711484,0.8198742224751291,0.8657787810383747,0.28062395160377296,0.44410706166290614,0.426747767990315,0.569452963475637,0.6746375861084533,0.8386630375874993,0.7204653371320039,0.8372111427666984,0.17631018071168453,0.21951788926076404,20261129,3,North America,257,159,V1-V10_financial_only
PONE2016_h3_target_North_America,20260728,Balanced_logistic,triad,159,81,0.5092608819976476,"Same-horizon leave-one-region-out transfer; source regions=Asia,Europe; target region=North America; source-only fit/search/calibration; target labels untouched until final evaluation; V1-V10 financial ratios only.",Class-weighted logistic reference using the same source-only fit/search/calibration and untouched regional target.,Platt_logistic_on_separate_calibration_partition,0.6405126152203485,0.4444444444444444,0.9230769230769231,0.8571428571428571,0.5853658536585366,0.7228915662650602,0.4918032786885246,0.4167300599845326,0.555013314027592,0.6837606837606838,0.07692307692307693,0.2641509433962264,36.0,6.0,72.0,45.0,0.8210429428354262,0.7757201646090535,0.20203155821467056,0.5888620021054498,0.1047219503344946,0.589182782317282,1.6184727602513447,,,,0.391358024691358,0.5518518518518518,0.8871794871794871,0.9602564102564103,0.8092385218365061,0.9318367346938775,0.43657205402749033,0.5998060114649404,0.34783783646187916,0.5446399081977928,0.497855219821207,0.6584611754694157,0.8021580064883646,0.8879093799412856,0.7631370686926242,0.850110794555239,0.1777662373122792,0.20606773214793003,20262029,3,North America,257,159,V1-V10_financial_only
PONE2016_h3_target_North_America,20260728,Balanced_logistic,cost_1,159,81,0.4373537394499871,"Same-horizon leave-one-region-out transfer; source regions=Asia,Europe; target region=North America; source-only fit/search/calibration; target labels untouched until final evaluation; V1-V10 financial ratios only.",Class-weighted logistic reference using the same source-only fit/search/calibration and untouched regional target.,Platt_logistic_on_separate_calibration_partition,0.7172191381865587,0.6172839506172839,0.8333333333333334,0.7936507936507936,0.6944444444444444,0.7507507507507507,0.6459948320413437,0.4605658842819909,0.6187736835069007,0.7253086419753086,0.16666666666666666,0.39622641509433965,50.0,13.0,65.0,31.0,0.8210429428354262,0.7757201646090535,0.20203155821467056,0.5888620021054498,0.1047219503344946,0.589182782317282,1.6184727602513447,1.0,0.27672955974842767,0.27672955974842767,0.5814814814814815,0.7024691358024692,0.7474358974358974,0.8961538461538462,0.7067056024226693,0.8738636363636364,0.603420716112532,0.7298572561459159,0.3378411176868756,0.5998749659345773,0.5288243936562035,0.7193995041902611,0.7971713764392628,0.9019327765595705,0.7401709401709402,0.8691041468819247,0.17148800594800911,0.21104551821327824,20262029,3,North America,257,159,V1-V10_financial_only
PONE2016_h3_target_North_America,20260728,Balanced_logistic,cost_2,159,81,0.4373537394499871,"Same-horizon leave-one-region-out transfer; source regions=Asia,Europe; target region=North America; source-only fit/search/calibration; target labels untouched until final evaluation; V1-V10 financial ratios only.",Class-weighted logistic reference using the same source-only fit/search/calibration and untouched regional target.,Platt_logistic_on_separate_calibration_partition,0.7172191381865587,0.6172839506172839,0.8333333333333334,0.7936507936507936,0.6944444444444444,0.7507507507507507,0.6459948320413437,0.4605658842819909,0.6187736835069007,0.7253086419753086,0.16666666666666666,0.39622641509433965,50.0,13.0,65.0,31.0,0.8210429428354262,0.7757201646090535,0.20203155821467056,0.5888620021054498,0.1047219503344946,0.589182782317282,1.6184727602513447,2.0,0.4716981132075472,0.3125,0.5814814814814815,0.7061728395061728,0.7974358974358974,0.8717948717948718,0.7588673621460507,0.8327586206896552,0.6121778744815394,0.7258636603375528,0.4126144481198161,0.5476465477335251,0.5819066369006339,0.686467323921135,0.8035219257163942,0.8655902090497876,0.7475783475783475,0.8311490978157644,0.18418331812731994,0.2080375728492461,20262029,3,North America,257,159,V1-V10_financial_only
PONE2016_h3_target_North_America,20260728,Balanced_logistic,cost_5,159,81,0.36803207641298624,"Same-horizon leave-one-region-out transfer; source regions=Asia,Europe; target region=North America; source-only fit/search/calibration; target labels untouched until final evaluation; V1-V10 financial ratios only.",Class-weighted logistic reference using the same source-only fit/search/calibration and untouched regional target.,Platt_logistic_on_separate_calibration_partition,0.6934323108546778,0.7654320987654321,0.6282051282051282,0.6813186813186813,0.7209302325581395,0.6966292134831461,0.7469879518072289,0.39775058033364374,0.576155426520437,0.6968186134852801,0.3717948717948718,0.5723270440251572,62.0,29.0,49.0,19.0,0.8210429428354262,0.7757201646090535,0.20203155821467056,0.5888620021054498,0.1047219503344946,0.589182782317282,1.6184727602513447,5.0,0.779874213836478,0.2567287784679089,0.7308641975308642,0.8580246913580246,0.6025641025641025,0.6653846153846154,0.6577083333333333,0.7199390815370197,0.7151542267607116,0.8255994796968669,0.3401307741989971,0.5213292052159629,0.5321157908837177,0.6630346151084902,0.7714476240298407,0.8972955698609273,0.724738841405508,0.8490819879708768,0.17599664496147183,0.21674849302596894,20262029,3,North America,257,159,V1-V10_financial_only
PONE2016_h3_target_North_America,20260728,Balanced_logistic,cost_10,159,81,0.36803207641298624,"Same-horizon leave-one-region-out transfer; source regions=Asia,Europe; target region=North America; source-only fit/search/calibration; target labels untouched until final evaluation; V1-V10 financial ratios only.",Class-weighted logistic reference using the same source-only fit/search/calibration and untouched regional target.,Platt_logistic_on_separate_calibration_partition,0.6934323108546778,0.7654320987654321,0.6282051282051282,0.6813186813186813,0.7209302325581395,0.6966292134831461,0.7469879518072289,0.39775058033364374,0.576155426520437,0.6968186134852801,0.3717948717948718,0.5723270440251572,62.0,29.0,49.0,19.0,0.8210429428354262,0.7757201646090535,0.20203155821467056,0.5888620021054498,0.1047219503344946,0.589182782317282,1.6184727602513447,10.0,1.3773584905660377,0.24662162162162163,0.7555555555555555,0.837037037037037,0.6333333333333333,0.7294871794871794,0.7034553075790189,0.7441576857629041,0.7531254892986619,0.806358927396045,0.4798489008409673,0.5086660914856169,0.6334299926684134,0.6603437831003025,0.8193146186773269,0.8474047695648448,0.7904874960430516,0.8066951566951566,0.19015809848096932,0.20466770262414075,20262029,3,North America,257,159,V1-V10_financial_only
PONE2016_h3_target_North_America,20260728,Balanced_logistic,cost_20,159,81,0.36803207641298624,"Same-horizon leave-one-region-out transfer; source regions=Asia,Europe; target region=North America; source-only fit/search/calibration; target labels untouched until final evaluation; V1-V10 financial ratios only.",Class-weighted logistic reference using the same source-only fit/search/calibration and untouched regional target.,Platt_logistic_on_separate_calibration_partition,0.6934323108546778,0.7654320987654321,0.6282051282051282,0.6813186813186813,0.7209302325581395,0.6966292134831461,0.7469879518072289,0.39775058033364374,0.576155426520437,0.6968186134852801,0.3717948717948718,0.5723270440251572,62.0,29.0,49.0,19.0,0.8210429428354262,0.7757201646090535,0.20203155821467056,0.5888620021054498,0.1047219503344946,0.589182782317282,1.6184727602513447,20.0,2.5723270440251573,0.2408716136631331,0.7074074074074074,0.8024691358024691,0.5897435897435898,0.676923076923077,0.6430711610486891,0.7120314842578711,0.6935291434186055,0.7803221496437055,0.3018821493166965,0.4604656193163831,0.5018572012442503,0.622639263454169,0.7828703200427829,0.857962998121613,0.7193732193732193,0.7965811965811964,0.19220871941241646,0.21748525262182944,20262029,3,North America,257,159,V1-V10_financial_only
