dataset,seed,method,fit_n,validation_n,test_n,test_positive,threshold_policy,threshold,validation_threshold_utility,fit_seconds,gmean,sensitivity,specificity,precision,f1,f05,f2,mcc,triad_score,balanced_accuracy,fpr,predicted_positive_rate,tp,fp,tn,fn,ap,auc
1year.arff,1,Balanced_logistic,2800,1230,2109,81,triad,0.627584247415859,0.40401240562179064,0.08507320000000007,0.6862135491168905,0.5432098765432098,0.8668639053254438,0.14012738853503184,0.22278481012658227,0.16454749439042632,0.3448275862068965,0.22138155710482274,0.4706376553773622,0.7050368909343268,0.13313609467455623,0.14888572783309625,44.0,270.0,1758.0,37.0,0.18011796050838091,0.7658156183797209
1year.arff,1,Random_forest,2800,1230,2109,81,triad,0.17151516588873258,0.5646400638691395,0.5694984999999999,0.7785757154199474,0.6666666666666666,0.9092702169625246,0.226890756302521,0.3385579937304075,0.26137463697967084,0.4804270462633452,0.3498049933584786,0.5963152333245844,0.7879684418145956,0.09072978303747535,0.11284969179706021,54.0,184.0,1844.0,27.0,0.3852958053378,0.8994143716365939
1year.arff,1,Extra_trees,2800,1230,2109,81,triad,0.24001563700907916,0.2986796153619927,0.30790149999999983,0.6751595780557778,0.5555555555555556,0.8205128205128205,0.1100244498777506,0.18367346938775508,0.13104251601630748,0.30695770804911315,0.18279200006664606,0.43677390506491043,0.688034188034188,0.1794871794871795,0.1939307728781413,45.0,364.0,1664.0,36.0,0.1727180866283366,0.7837619012832687
1year.arff,1,HistGB_fair,2800,1230,2109,81,triad,0.07312698632646436,0.691129312903839,3.4598801999999997,0.7741257675413981,0.6049382716049383,0.9906311637080868,0.7205882352941176,0.6577181208053691,0.6940509915014164,0.625,0.6479372192069001,0.7295448426091943,0.7977847176565125,0.009368836291913214,0.03224276908487435,49.0,19.0,2009.0,32.0,0.6905835565047866,0.9492658338812184
1year.arff,1,Balanced_forest_reference,2800,1230,2109,81,triad,0.5335903797468353,0.4512318213082087,0.3743320000000008,0.7189654989679688,0.5925925925925926,0.8722879684418146,0.1563517915309446,0.24742268041237112,0.18334606569900685,0.3803486529318542,0.25332105628807444,0.5078036252401156,0.7324402805172036,0.12771203155818542,0.14556661925082978,48.0,259.0,1769.0,33.0,0.2806253723761445,0.8376433632843889
1year.arff,1,EasyEnsemble_reference,2800,1230,2109,81,triad,0.5148535155294655,0.5281155403813006,1.8672842999999997,0.699550589902236,0.5432098765432098,0.900887573964497,0.17959183673469387,0.26993865030674846,0.2073515551366635,0.3866432337434094,0.26634758818727455,0.5070245725828136,0.7220487252538534,0.09911242603550297,0.1161688003793267,44.0,201.0,1827.0,37.0,0.27663626146450737,0.8649341320281492
1year.arff,2,Balanced_logistic,2800,1230,2109,81,triad,0.6263749422242282,0.3894797367898558,0.0897193999999999,0.6548276713965513,0.5061728395061729,0.8471400394477318,0.1168091168091168,0.18981481481481483,0.13804713804713803,0.3037037037037037,0.18229424563834795,0.42757174886282606,0.6766564394769523,0.15285996055226825,0.16642958748221906,41.0,310.0,1718.0,40.0,0.11063195463621969,0.7529220542041054
1year.arff,2,Random_forest,2800,1230,2109,81,triad,0.16811604673556316,0.5805585591085544,0.6713201000000009,0.7568447252895099,0.6296296296296297,0.9097633136094675,0.21794871794871795,0.32380952380952377,0.25073746312684364,0.45698924731182794,0.3300450171684482,0.5739343954804431,0.7696964716195486,0.09023668639053255,0.11095305832147938,51.0,183.0,1845.0,30.0,0.35775415081682604,0.8631139357635085
1year.arff,2,Extra_trees,2800,1230,2109,81,triad,0.2590745692326913,0.3157216501900168,0.3166846000000003,0.6305989624961378,0.4691358024691358,0.8476331360946746,0.10951008645533142,0.17757009345794392,0.12933968686181077,0.2831594634873324,0.16419177002977453,0.4026731105057684,0.6583844692819052,0.15236686390532544,0.16453295400663823,38.0,309.0,1719.0,43.0,0.1099854964909862,0.734683565880147
1year.arff,2,HistGB_fair,2800,1230,2109,81,triad,0.02012733717155757,0.6942769062017299,3.0410568,0.7866150523338035,0.6296296296296297,0.9827416173570019,0.5930232558139535,0.6107784431137725,0.6000000000000001,0.6219512195121951,0.5950371879218808,0.7167310258547946,0.8061856234933158,0.01725838264299803,0.04077761972498815,51.0,35.0,1993.0,30.0,0.6636389444156626,0.9059037670148781
1year.arff,2,Balanced_forest_reference,2800,1230,2109,81,triad,0.5440786216596343,0.4542022343951404,0.25267009999999956,0.6780207796674786,0.5185185185185185,0.8865877712031558,0.15441176470588236,0.23796033994334276,0.17964071856287428,0.3523489932885906,0.2322771243597562,0.47442126770422105,0.7025531448608371,0.11341222879684418,0.1289710763394974,42.0,230.0,1798.0,39.0,0.24838397847355276,0.8209480848369737
1year.arff,2,EasyEnsemble_reference,2800,1230,2109,81,triad,0.5150861559678809,0.5144924015161713,1.4085764999999988,0.7107391367687135,0.5555555555555556,0.9092702169625246,0.1965065502183406,0.29032258064516125,0.22567703109327986,0.40687160940325506,0.2871243458188186,0.525408175871745,0.7324128862590401,0.09072978303747535,0.10858226647700332,45.0,184.0,1844.0,36.0,0.20688112131946523,0.8106326247351887
1year.arff,3,Balanced_logistic,2800,1230,2109,81,triad,0.6016756656053931,0.4032426755653161,0.08530640000000034,0.6866259411015903,0.5555555555555556,0.8486193293885601,0.1278409090909091,0.20785219399538107,0.15110812625923437,0.3328402366863905,0.20829967658354334,0.4613632560226969,0.7020874424720578,0.15138067061143984,0.16690374585111428,45.0,307.0,1721.0,36.0,0.1602690278852862,0.7929602844132757
1year.arff,3,Random_forest,2800,1230,2109,81,triad,0.1688885476811439,0.6419259790337205,0.6314211999999984,0.7645990662089704,0.6296296296296297,0.9285009861932939,0.2602040816326531,0.36823104693140796,0.2947976878612717,0.49038461538461536,0.3694254492549065,0.599972639262877,0.7790653079114618,0.07149901380670612,0.09293504030346135,51.0,145.0,1883.0,30.0,0.4380174490101902,0.8896802785691674
1year.arff,3,Extra_trees,2800,1230,2109,81,triad,0.29451083813122103,0.4828542445715627,0.3207856999999983,0.5807879408066485,0.37037037037037035,0.9107495069033531,0.14218009478672985,0.2054794520547945,0.16216216216216217,0.2803738317757009,0.18004402264640668,0.3930712647070924,0.6405599386368617,0.08925049309664694,0.10004741583688952,30.0,181.0,1847.0,51.0,0.18395764141542048,0.7585165704823824
1year.arff,3,HistGB_fair,2800,1230,2109,81,triad,0.10253598286424412,0.7824178761739702,3.150715299999998,0.709526127832442,0.5061728395061729,0.9945759368836292,0.7884615384615384,0.6165413533834587,0.7093425605536332,0.5452127659574468,0.6205511200856395,0.6785337430911469,0.750374388194901,0.005424063116370809,0.024656235182550973,41.0,11.0,2017.0,40.0,0.6332794093530083,0.9092884798013003
1year.arff,3,Balanced_forest_reference,2800,1230,2109,81,triad,0.5227671870604783,0.5934335746928687,0.2563859000000015,0.680252753686198,0.5061728395061729,0.9142011834319527,0.19069767441860466,0.2770270270270271,0.21785334750265675,0.3803339517625232,0.26699500611870824,0.4980595269886508,0.7101870114690627,0.08579881656804733,0.10194404931247036,41.0,174.0,1854.0,40.0,0.27065474569495857,0.8473409306742641
1year.arff,3,EasyEnsemble_reference,2800,1230,2109,81,triad,0.518630799053227,0.6419002777858439,1.4431771999999974,0.6913529697800029,0.5061728395061729,0.9442800788954635,0.2662337662337662,0.348936170212766,0.2941176470588235,0.42887029288702927,0.3327301443799037,0.5417895256907325,0.7252264592008182,0.05571992110453649,0.07302038880986249,41.0,113.0,1915.0,40.0,0.3560222685908894,0.8827008303504029
1year.arff,4,Balanced_logistic,2800,1230,2109,81,triad,0.6071684025442352,0.42448581353746173,0.0730132999999995,0.718914694070971,0.6172839506172839,0.8372781065088757,0.13157894736842105,0.21691973969631237,0.15615240474703307,0.3551136363636363,0.22729002248993732,0.48975441993607194,0.7272810285630797,0.16272189349112426,0.18018018018018017,50.0,330.0,1698.0,31.0,0.2061742049964956,0.8085080478242872
1year.arff,4,Random_forest,2800,1230,2109,81,triad,0.16592579833728544,0.5206231883477308,0.6588908999999958,0.755407612077248,0.6296296296296297,0.9063116370808678,0.21161825726141079,0.3167701863354037,0.24401913875598086,0.4513274336283186,0.32374027099651137,0.5695342065536486,0.7679706333552487,0.09368836291913216,0.11427216690374585,51.0,190.0,1838.0,30.0,0.4018531191877268,0.8790908758857476
1year.arff,4,Extra_trees,2800,1230,2109,81,triad,0.25398467398368796,0.22661724498268718,0.3169667000000018,0.7000855692144843,0.5802469135802469,0.8446745562130178,0.1298342541436464,0.21218961625282168,0.15369522563767168,0.34256559766763844,0.2165630813025307,0.4734733702159056,0.7124607348966323,0.15532544378698224,0.1716453295400664,47.0,315.0,1713.0,34.0,0.16165239656475702,0.780803321401612
1year.arff,4,HistGB_fair,2800,1230,2109,81,triad,0.07474780831362887,0.7096273600961815,2.9575242999999958,0.8065043495443042,0.654320987654321,0.9940828402366864,0.8153846153846154,0.726027397260274,0.777126099706745,0.6812339331619537,0.7209828441794829,0.7769256375989301,0.8242019139455037,0.005917159763313609,0.030820293978188716,53.0,12.0,2016.0,28.0,0.7578524292603351,0.9485748898142061
1year.arff,4,Balanced_forest_reference,2800,1230,2109,81,triad,0.507670393811533,0.46520348036441644,0.2563103999999967,0.7354153299342993,0.6296296296296297,0.8589743589743589,0.1513353115727003,0.24401913875598089,0.17844646606018197,0.3857791225416036,0.25626345875787243,0.5175083325681983,0.7443019943019943,0.14102564102564102,0.15979137031768612,51.0,286.0,1742.0,30.0,0.28998026736832705,0.8289441644142499
1year.arff,4,EasyEnsemble_reference,2800,1230,2109,81,triad,0.5175114878498749,0.5860843975358658,1.438881600000002,0.7140887963468607,0.5308641975308642,0.960552268244576,0.34959349593495936,0.42156862745098045,0.37521815008726,0.4809843400447427,0.40298048123561797,0.5901052565167142,0.74570823288772,0.03944773175542406,0.05832147937411095,43.0,80.0,1948.0,38.0,0.37851548437594557,0.8905812452821
1year.arff,5,Balanced_logistic,2800,1230,2109,81,triad,0.5783912955007422,0.38487726120485144,0.07771999999999935,0.6765826937816436,0.5432098765432098,0.8427021696252466,0.12121212121212122,0.19819819819819817,0.14350945857795175,0.32023289665211063,0.19646689782117877,0.448033394651307,0.6929560230842282,0.15729783037475345,0.1721194879089616,44.0,319.0,1709.0,37.0,0.1385962989001157,0.7532933985925439
1year.arff,5,Random_forest,2800,1230,2109,81,triad,0.25077816180646184,0.5892194692109688,0.6650635999999963,0.6915510620375509,0.49382716049382713,0.9684418145956607,0.38461538461538464,0.4324324324324325,0.4024144869215292,0.46728971962616817,0.41029608560761427,0.5810969905782086,0.7311344875447439,0.03155818540433925,0.049312470365101946,40.0,64.0,1964.0,41.0,0.4659624980073809,0.8932658825821218
1year.arff,5,Extra_trees,2800,1230,2109,81,triad,0.2918048175180153,0.45715520888774597,0.317551899999998,0.619805464356352,0.43209876543209874,0.8890532544378699,0.1346153846153846,0.20527859237536655,0.15611061552185548,0.2996575342465753,0.18772927936767184,0.41624363434502565,0.6605760099349843,0.11094674556213018,0.12328117591275486,35.0,225.0,1803.0,46.0,0.1382241052989207,0.7671183675457179
1year.arff,5,HistGB_fair,2800,1230,2109,81,triad,0.027593238661855358,0.7742650040547839,2.9816444000000004,0.8199487614852959,0.6790123456790124,0.9901380670611439,0.7333333333333333,0.7051282051282051,0.7217847769028871,0.6892230576441104,0.694375084213982,0.7757513126511849,0.8345752063700782,0.009861932938856016,0.03556187766714083,55.0,20.0,2008.0,26.0,0.720220918248586,0.9266046947670878
1year.arff,5,Balanced_forest_reference,2800,1230,2109,81,triad,0.5870773558368494,0.5456026541286808,0.24128899999999476,0.7024467706906253,0.5308641975308642,0.9294871794871795,0.23118279569892472,0.3220973782771535,0.2606060606060606,0.4215686274509804,0.3119750170393794,0.5359392356873265,0.7301756885090218,0.07051282051282051,0.08819345661450925,43.0,143.0,1885.0,38.0,0.33129588291469136,0.8591965568461294
1year.arff,5,EasyEnsemble_reference,2800,1230,2109,81,triad,0.5134542427774904,0.5512921310967805,1.4467092000000008,0.7520234309866388,0.6172839506172839,0.9161735700197239,0.22727272727272727,0.33222591362126247,0.2601456815816858,0.45955882352941174,0.33538914898746003,0.574562464554113,0.7667287603185039,0.08382642998027613,0.10431484115694642,50.0,170.0,1858.0,31.0,0.35756751454049157,0.8695789806900918
1year.arff,6,Balanced_logistic,2800,1230,2109,81,triad,0.566466718876319,0.3872271924693149,0.08998520000000099,0.6775896743753365,0.5555555555555556,0.8264299802761341,0.11335012594458438,0.18828451882845187,0.1348112642300779,0.3120665742024965,0.18779164642824156,0.4417771773498273,0.6909927679158449,0.17357001972386588,0.18824087245139876,45.0,352.0,1676.0,36.0,0.20591079516761693,0.7807911461757616
1year.arff,6,Random_forest,2800,1230,2109,81,triad,0.20170128660707537,0.6169120220233495,0.6707321000000022,0.7556009964291079,0.6049382716049383,0.9437869822485208,0.3006134969325153,0.40163934426229503,0.33424283765347884,0.5030800821355236,0.3948809771426419,0.6086258847385578,0.7743626269267295,0.05621301775147929,0.07728781412991939,49.0,114.0,1914.0,32.0,0.3664114198356709,0.9023820829376384
1year.arff,6,Extra_trees,2800,1230,2109,81,triad,0.27689338424665094,0.48607561512115866,0.30924579999999935,0.6346117873793699,0.4567901234567901,0.8816568047337278,0.13357400722021662,0.20670391061452517,0.15559293523969725,0.30782029950083195,0.19255927507256304,0.4264422607770763,0.6692234640952589,0.11834319526627218,0.13134186818397345,37.0,240.0,1788.0,44.0,0.16089320920185252,0.7986765529500572
1year.arff,6,HistGB_fair,2800,1230,2109,81,triad,0.006843924962910831,0.7434795390849793,2.942255099999997,0.8720741410693558,0.7901234567901234,0.9625246548323472,0.45714285714285713,0.579185520361991,0.4992199687987519,0.6896551724137931,0.5810072948187898,0.7616628982875324,0.8763240558112353,0.03747534516765286,0.06638217164532954,64.0,76.0,1952.0,17.0,0.7279955599556125,0.9593103952078311
1year.arff,6,Balanced_forest_reference,2800,1230,2109,81,triad,0.5474045007032351,0.5012516426990552,0.22774030000000067,0.7310565736869434,0.5925925925925926,0.9018737672583826,0.19433198380566802,0.2926829268292683,0.2245088868101029,0.4203152364273205,0.29551186330696866,0.540537254208007,0.7472331799254877,0.09812623274161736,0.11711711711711711,48.0,199.0,1829.0,33.0,0.26094259271778764,0.8647667226727056
1year.arff,6,EasyEnsemble_reference,2800,1230,2109,81,triad,0.5142636714278845,0.5619560869712849,1.442413000000002,0.746865431210929,0.6049382716049383,0.9220907297830375,0.23671497584541062,0.3402777777777778,0.2695269526952695,0.4613935969868173,0.3404243132340042,0.5747801512639935,0.7635145006939879,0.07790927021696252,0.09815078236130868,49.0,158.0,1870.0,32.0,0.24759120717403074,0.8804240631163707
1year.arff,7,Balanced_logistic,2800,1230,2109,81,triad,0.6686275431763841,0.4825532446962307,0.06923679999999877,0.6095301607190263,0.41975308641975306,0.8851084812623274,0.12734082397003746,0.19540229885057475,0.14795474325500435,0.2876480541455161,0.176188971230226,0.40301669764144626,0.6524307838410403,0.11489151873767259,0.12660028449502134,34.0,233.0,1795.0,47.0,0.13778729693200176,0.7664304672851681
1year.arff,7,Random_forest,2800,1230,2109,81,triad,0.16476482478958532,0.5646400638691395,0.6754001000000045,0.7394397406851105,0.6049382716049383,0.9038461538461539,0.20081967213114754,0.3015384615384616,0.23178807947019864,0.43133802816901406,0.30568629067466235,0.5508421683239331,0.754392212725546,0.09615384615384616,0.11569464201043149,49.0,195.0,1833.0,32.0,0.42023462458846517,0.8660786032580905
1year.arff,7,Extra_trees,2800,1230,2109,81,triad,0.2828179578293458,0.4228967835930301,0.30554499999999507,0.6427706542841037,0.4691358024691358,0.8806706114398422,0.1357142857142857,0.21052631578947367,0.15820149875104078,0.31456953642384106,0.19811546796569338,0.43418700598815363,0.6749032069544889,0.11932938856015779,0.1327643432906591,38.0,242.0,1786.0,43.0,0.19372772099065422,0.7603915552633501
1year.arff,7,HistGB_fair,2800,1230,2109,81,triad,0.04882720935744222,0.7096273600961815,2.9604472999999984,0.7669481803136601,0.5925925925925926,0.992603550295858,0.7619047619047619,0.6666666666666666,0.7207207207207207,0.6201550387596899,0.6606247652405011,0.7297301625487272,0.7925980714442253,0.0073964497041420114,0.029871977240398292,48.0,15.0,2013.0,33.0,0.6804796969923271,0.9263398836048408
1year.arff,7,Balanced_forest_reference,2800,1230,2109,81,triad,0.5201707805907172,0.4853629970977697,0.2469055000000111,0.6860183525408701,0.5432098765432098,0.866370808678501,0.13968253968253969,0.22222222222222224,0.16405667412378822,0.3442879499217527,0.22082561913485352,0.47015418731237185,0.7047903426108555,0.133629191321499,0.14935988620199148,44.0,271.0,1757.0,37.0,0.31385920940997913,0.8180869067621204
1year.arff,7,EasyEnsemble_reference,2800,1230,2109,81,triad,0.5156369608548352,0.5281155403813006,1.4498444999999975,0.7316558823600922,0.5925925925925926,0.903353057199211,0.19672131147540983,0.29538461538461536,0.22705771050141907,0.4225352112676056,0.29797253704587856,0.5423296208510068,0.7479728248959018,0.09664694280078895,0.11569464201043149,48.0,196.0,1832.0,33.0,0.30182809285270984,0.8671561107458543
1year.arff,8,Balanced_logistic,2800,1230,2109,81,triad,0.7256422273710369,0.4924576827437006,0.10587610000000325,0.6058135092878411,0.3950617283950617,0.9289940828402367,0.18181818181818182,0.24902723735408555,0.20382165605095542,0.32,0.2251770046869138,0.4355793826347262,0.6620279056176492,0.07100591715976332,0.08345187292555714,32.0,144.0,1884.0,49.0,0.16417025832457519,0.7422017678427935
1year.arff,8,Random_forest,2800,1230,2109,81,triad,0.16795914760468544,0.6954949078763807,0.6633884999999964,0.7811049339347598,0.6666666666666666,0.9151873767258383,0.23893805309734514,0.3517915309446254,0.27411167512690354,0.4909090909090909,0.3615023807958652,0.6041943243916407,0.7909270216962525,0.08481262327416174,0.10715979137031768,54.0,172.0,1856.0,27.0,0.34724445783108726,0.8692867752696812
1year.arff,8,Extra_trees,2800,1230,2109,81,triad,0.3196472482412989,0.4924576827437006,0.31421720000000164,0.5430209893473684,0.32098765432098764,0.9186390532544378,0.13612565445026178,0.1911764705882353,0.15384615384615385,0.2524271844660194,0.16046145297086575,0.3616884590181925,0.6198133537877127,0.08136094674556213,0.0905642484589853,26.0,165.0,1863.0,55.0,0.15447236728888009,0.7405459371271337
1year.arff,8,HistGB_fair,2800,1230,2109,81,triad,0.013277608390613208,0.7755320926046542,2.9158781000000005,0.8079975003378836,0.6666666666666666,0.9792899408284024,0.5625,0.6101694915254238,0.5806451612903226,0.6428571428571429,0.59555561801479,0.7298732608421157,0.8229783037475344,0.020710059171597635,0.04551920341394026,54.0,42.0,1986.0,27.0,0.6947979057111827,0.9303516205225607
1year.arff,8,Balanced_forest_reference,2800,1230,2109,81,triad,0.5562378340365683,0.5545355750859998,0.24259579999998948,0.6641691108349397,0.48148148148148145,0.9161735700197239,0.18660287081339713,0.2689655172413793,0.2126499454743729,0.3658536585365853,0.2557602483656791,0.4832035660391965,0.6988275257506027,0.08382642998027613,0.0990990990990991,39.0,170.0,1858.0,42.0,0.25027102082098934,0.8227774125210023
1year.arff,8,EasyEnsemble_reference,2800,1230,2109,81,triad,0.5117437326431777,0.5675941048921436,1.4717063000000081,0.6987103251977882,0.5308641975308642,0.9196252465483234,0.2087378640776699,0.29965156794425085,0.23756906077348064,0.4056603773584906,0.29161381829539623,0.5221566425615708,0.7252447220395939,0.08037475345167652,0.09767662399241346,43.0,163.0,1865.0,38.0,0.24073671746164718,0.8329985146224462
1year.arff,9,Balanced_logistic,2800,1230,2109,81,triad,0.6128533719439047,0.4228967835930301,0.07680990000000065,0.6464160820919329,0.48148148148148145,0.8678500986193294,0.1270358306188925,0.20103092783505155,0.14896867838044311,0.3090332805071316,0.1903565179602549,0.43006161924342706,0.6746657900504054,0.13214990138067062,0.14556661925082978,39.0,268.0,1760.0,42.0,0.13262166611569431,0.7540604378211216
1year.arff,9,Random_forest,2800,1230,2109,81,triad,0.17409687729188092,0.5675941048921436,0.6951387999999952,0.7779421259629777,0.6666666666666666,0.9077909270216963,0.22406639004149378,0.33540372670807456,0.2583732057416268,0.4778761061946903,0.3470064139642631,0.5943980285746936,0.7872287968441815,0.09220907297830375,0.11427216690374585,54.0,187.0,1841.0,27.0,0.284136904319864,0.8892663208902526
1year.arff,9,Extra_trees,2800,1230,2109,81,triad,0.2601916991245547,0.3735604813567414,0.316500199999993,0.6143153102928687,0.4444444444444444,0.849112426035503,0.10526315789473684,0.1702127659574468,0.12422360248447206,0.2702702702702703,0.15305143510279368,0.38655090539974346,0.6467784352399737,0.15088757396449703,0.16216216216216217,36.0,306.0,1722.0,45.0,0.12349869079308742,0.7441498039788639
1year.arff,9,HistGB_fair,2800,1230,2109,81,triad,0.07457078003676815,0.7824178761739702,2.9024774000000093,0.743331814977384,0.5555555555555556,0.9945759368836292,0.8035714285714286,0.656934306569343,0.7377049180327869,0.5921052631578949,0.6575889451050304,0.7135755846262493,0.7750657462195925,0.005424063116370809,0.026552868658131817,45.0,11.0,2017.0,36.0,0.7078596804446917,0.9533932354445176
1year.arff,9,Balanced_forest_reference,2800,1230,2109,81,triad,0.5574595428973279,0.49679172136616756,0.23126050000000475,0.6589654904233232,0.48148148148148145,0.9018737672583826,0.1638655462184874,0.2445141065830721,0.1887705711519845,0.3469750889679715,0.23283728486770117,0.4658641485159588,0.6916776243699321,0.09812623274161736,0.11284969179706021,39.0,199.0,1829.0,42.0,0.1748378977845673,0.824761974334624
1year.arff,9,EasyEnsemble_reference,2800,1230,2109,81,triad,0.5133103841494077,0.5012516426990552,1.4994226999999967,0.6999333809513485,0.5432098765432098,0.9018737672583826,0.18106995884773663,0.2716049382716049,0.20892687559354228,0.3880070546737214,0.267891641347581,0.5081877497582838,0.7225418219007962,0.09812623274161736,0.11522048364153627,44.0,199.0,1829.0,37.0,0.2005571854327092,0.860745854335598
1year.arff,10,Balanced_logistic,2800,1230,2109,81,triad,0.5308143648439946,0.34725138682998846,0.08724039999999889,0.7448453557215102,0.6790123456790124,0.8170611439842209,0.12910798122065728,0.21696252465483237,0.15406162464985992,0.36666666666666664,0.23745189838704422,0.5088259961069652,0.7480367448316166,0.18293885601577908,0.2019914651493599,55.0,371.0,1657.0,26.0,0.2244125720994038,0.8140538631991623
1year.arff,10,Random_forest,2800,1230,2109,81,triad,0.1855376752554088,0.6010227295978238,0.6615028999999879,0.7914832961406953,0.6790123456790124,0.9225838264299803,0.25943396226415094,0.37542662116040953,0.2960172228202368,0.5130597014925374,0.38448548855450937,0.6221873163436877,0.8007980860544963,0.07741617357001973,0.10052157420578474,55.0,157.0,1871.0,26.0,0.4542942969512883,0.8746621374826502
1year.arff,10,Extra_trees,2800,1230,2109,81,triad,0.2695826141217328,0.4178700085245483,0.31185430000000736,0.6935727599544734,0.5555555555555556,0.8658777120315582,0.14195583596214512,0.22613065326633167,0.16679021497405486,0.3510140405616225,0.2266243995701358,0.4777091657158545,0.7107166337935569,0.1341222879684418,0.1503082029397819,45.0,272.0,1756.0,36.0,0.18097235219435961,0.7683906786470889
1year.arff,10,HistGB_fair,2800,1230,2109,81,triad,0.052136863577234856,0.7279990281242347,2.9146472000000045,0.7966771765171966,0.6419753086419753,0.9886587771203156,0.6933333333333334,0.6666666666666667,0.6824146981627297,0.6516290726817042,0.6544068240445691,0.7461122838033767,0.8153170428811454,0.011341222879684419,0.03556187766714083,52.0,23.0,2005.0,29.0,0.7004229158054186,0.9388499281661675
1year.arff,10,Balanced_forest_reference,2800,1230,2109,81,triad,0.5696902672292543,0.5147423713686665,0.23706539999999166,0.7185928463106498,0.5679012345679012,0.9092702169625246,0.2,0.2958199356913183,0.22977022977022976,0.41516245487364617,0.2941871027997923,0.5335762240932251,0.7385857257652129,0.09072978303747535,0.10905642484589853,46.0,184.0,1844.0,35.0,0.3768243608428297,0.838322132125551
1year.arff,10,EasyEnsemble_reference,2800,1230,2109,81,triad,0.5150075994939045,0.5147423713686665,1.4541167999999942,0.7469469355960912,0.6172839506172839,0.9038461538461539,0.20408163265306123,0.3067484662576687,0.235626767200754,0.43936731107205623,0.3125479470709331,0.5586829059946263,0.7605650522317189,0.09615384615384616,0.1161688003793267,50.0,195.0,1833.0,31.0,0.2598070400963969,0.8691771982370272
2year.arff,1,Balanced_logistic,2800,1400,3052,120,triad,0.5689394117071116,0.2257188114740812,0.07502049999999372,0.6469354420040412,0.5083333333333333,0.8233287858117326,0.10535405872193437,0.17453505007153078,0.12520525451559938,0.28800755429650615,0.16440580095652185,0.4097758331968151,0.665831059572533,0.1766712141882674,0.1897116644823067,61.0,518.0,2414.0,59.0,0.1358596169375,0.7148135516143701
2year.arff,1,Random_forest,2800,1400,3052,120,triad,0.16569318121814774,0.5166617923457425,0.6495998000000043,0.6842566328570833,0.5166666666666667,0.9062073669849932,0.18397626112759644,0.2713347921225383,0.2111716621253406,0.379436964504284,0.2622308344657308,0.4970200739266356,0.7114370168258299,0.09379263301500682,0.11041939711664482,62.0,275.0,2657.0,58.0,0.26949326538522594,0.8283012164620281
2year.arff,1,Extra_trees,2800,1400,3052,120,triad,0.2328891071190766,0.28101217957030994,0.3043905000000109,0.6018979569021354,0.44166666666666665,0.8202592087312415,0.09137931034482759,0.1514285714285714,0.10860655737704919,0.25,0.12975161736885063,0.36089941059788216,0.6309629376989541,0.17974079126875853,0.19003931847968544,53.0,527.0,2405.0,67.0,0.12238068576864944,0.7290458731241474
2year.arff,1,HistGB_fair,2800,1400,3052,120,triad,0.04797906442326393,0.662257895233031,2.989014900000001,0.6555808618963536,0.43333333333333335,0.9918144611186903,0.6842105263157895,0.5306122448979592,0.6132075471698113,0.4676258992805755,0.5302604998251996,0.6108209679585628,0.7125738972260118,0.008185538881309686,0.02490170380078637,52.0,24.0,2908.0,68.0,0.5588581459230042,0.8824863574351978
2year.arff,1,Balanced_forest_reference,2800,1400,3052,120,triad,0.5090997187060478,0.47072328323859064,0.24248880000000383,0.6112993564022376,0.425,0.8792633015006821,0.1259259259259259,0.19428571428571426,0.14655172413793102,0.288135593220339,0.17430815143412956,0.4023541867076366,0.6521316507503411,0.12073669849931787,0.13269986893840105,51.0,354.0,2578.0,69.0,0.19939432824685477,0.7994656662119144
2year.arff,1,EasyEnsemble_reference,2800,1400,3052,120,triad,0.5074339643514945,0.46184671815269707,1.4398014000000074,0.7204974975175545,0.6083333333333333,0.8533424283765347,0.14512922465208747,0.23434991974317815,0.17120075046904315,0.37131230925737535,0.24184703653366627,0.5007280353472805,0.7308378808549341,0.1466575716234652,0.16480996068152032,73.0,430.0,2502.0,47.0,0.24398156118091768,0.7878993292405638
2year.arff,2,Balanced_logistic,2800,1400,3052,120,triad,0.5519270922924556,0.15179187966025065,0.09793960000000368,0.6163786921469525,0.4666666666666667,0.8141200545702592,0.09317803660565724,0.1553398058252427,0.11093502377179082,0.2590194264569843,0.13722722462985187,0.3735756017328216,0.6403933606184629,0.1858799454297408,0.19692005242463959,56.0,545.0,2387.0,64.0,0.1219472113375975,0.6816678035470669
2year.arff,2,Random_forest,2800,1400,3052,120,triad,0.1493932743345941,0.390862725023247,0.6418113000000005,0.6455500596318442,0.48333333333333334,0.8622100954979536,0.12554112554112554,0.1993127147766323,0.14735772357723578,0.3078556263269639,0.18737186287987448,0.4274199035051504,0.6727717144156434,0.1377899045020464,0.15137614678899083,58.0,404.0,2528.0,62.0,0.1951584540876013,0.7467471009549795
2year.arff,2,Extra_trees,2800,1400,3052,120,triad,0.257466531630098,0.0817558176740664,0.308443699999998,0.5211532669027952,0.3333333333333333,0.8148021828103683,0.0686106346483705,0.11379800853485063,0.08156606851549755,0.1881467544684854,0.07323808477505432,0.27095009185729046,0.5740677580718508,0.18519781718963166,0.19102228047182176,40.0,543.0,2389.0,80.0,0.09009541804724247,0.650255798090041
2year.arff,2,HistGB_fair,2800,1400,3052,120,triad,0.003332036886320979,0.5598768741008405,2.945934699999995,0.7373188958388238,0.5916666666666667,0.9188267394270123,0.2297734627831715,0.331002331002331,0.2617994100294985,0.4499366286438531,0.32890509362761183,0.5633700767039154,0.7552467030468395,0.08117326057298772,0.10124508519003932,71.0,238.0,2694.0,49.0,0.4262033830268735,0.8417220895861754
2year.arff,2,Balanced_forest_reference,2800,1400,3052,120,triad,0.4910813080168776,0.3264099917116856,0.23990100000000325,0.6199007533996747,0.475,0.8090040927694406,0.09238249594813615,0.1546811397557666,0.11012364760432766,0.259799453053783,0.1374374662021498,0.37518876306988064,0.6420020463847202,0.19099590723055934,0.20216251638269986,57.0,560.0,2372.0,63.0,0.16016480581561654,0.7064333219645293
2year.arff,2,EasyEnsemble_reference,2800,1400,3052,120,triad,0.5149592584184877,0.5019385627756208,1.4475360999999936,0.6008179962898558,0.4083333333333333,0.8840381991814461,0.12596401028277635,0.19253438113948917,0.14618138424821003,0.28193325661680096,0.17039125681258743,0.3947399276407609,0.6461857662573898,0.11596180081855388,0.12745740498034075,49.0,340.0,2592.0,71.0,0.10859948032543486,0.7181844020009096
2year.arff,3,Balanced_logistic,2800,1400,3052,120,triad,0.6922160027362962,0.3373536223751723,0.09406869999999401,0.5480545609043485,0.3333333333333333,0.9010914051841746,0.12121212121212122,0.17777777777777776,0.1388888888888889,0.2469135802469136,0.14671516821356081,0.3532164078309055,0.617212369258754,0.09890859481582538,0.10812581913499344,40.0,290.0,2642.0,80.0,0.13604524425989403,0.7298658481127784
2year.arff,3,Random_forest,2800,1400,3052,120,triad,0.1798379455597471,0.48979366957113013,0.6416029000000094,0.6905311141761052,0.525,0.9082537517053206,0.1897590361445783,0.27876106194690264,0.21754143646408838,0.3879310344827586,0.2704340948917444,0.5052147048595969,0.7166268758526604,0.0917462482946794,0.10878112712975098,63.0,269.0,2663.0,57.0,0.3456483881768323,0.8168897794452024
2year.arff,3,Extra_trees,2800,1400,3052,120,triad,0.29305644357123367,0.3408689168488126,0.35147940000001654,0.580110306112419,0.38333333333333336,0.8778990450204639,0.11386138613861387,0.17557251908396948,0.13248847926267282,0.26018099547511314,0.14981315062472822,0.3694228035980458,0.6306161891768987,0.12210095497953616,0.13237221494102228,46.0,358.0,2574.0,74.0,0.11314762496366283,0.7274613460663937
2year.arff,3,HistGB_fair,2800,1400,3052,120,triad,0.015681483935713583,0.608740675588846,2.949451400000015,0.7314322789688729,0.55,0.9727148703956344,0.4520547945205479,0.49624060150375937,0.46874999999999994,0.5271565495207667,0.47600687837131056,0.6338509676929843,0.7613574351978172,0.027285129604365622,0.04783748361730013,66.0,80.0,2852.0,54.0,0.5549277314268108,0.8845327421555254
2year.arff,3,Balanced_forest_reference,2800,1400,3052,120,triad,0.5485520956399438,0.4398364247861118,0.27281230000002665,0.6521229367941618,0.475,0.895293315143247,0.1565934065934066,0.23553719008264465,0.18083756345177665,0.3376777251184833,0.22205121500090258,0.4553765911615945,0.6851466575716234,0.10470668485675307,0.11926605504587157,57.0,307.0,2625.0,63.0,0.26357324056192,0.7791922464756708
2year.arff,3,EasyEnsemble_reference,2800,1400,3052,120,triad,0.510648298080138,0.441765985996962,1.4144277999999986,0.7327716543425467,0.6166666666666667,0.8707366984993179,0.16335540838852097,0.25828970331588136,0.19151138716356106,0.3965702036441586,0.2664458059973971,0.523016516382302,0.7437016825829923,0.12926330150068213,0.14842726081258192,74.0,379.0,2553.0,46.0,0.20597177114930101,0.8231667803547067
2year.arff,4,Balanced_logistic,2800,1400,3052,120,triad,0.5655353304845907,0.35001590094658147,0.11351910000001908,0.6425403624100647,0.5,0.8257162346521146,0.10507880910683012,0.17366136034732274,0.12479201331114807,0.2854424357754519,0.16232319240466658,0.4061880425380814,0.6628581173260573,0.1742837653478854,0.18709043250327653,60.0,511.0,2421.0,60.0,0.11644308233084757,0.7205889040472941
2year.arff,4,Random_forest,2800,1400,3052,120,triad,0.18191655626505096,0.4929860354916121,0.6850887999999884,0.6704643989295208,0.5,0.8990450204638472,0.16853932584269662,0.25210084033613445,0.194300518134715,0.35885167464114837,0.2416070256269435,0.4771119940747815,0.6995225102319236,0.1009549795361528,0.11664482306684142,60.0,296.0,2636.0,60.0,0.20283995340158992,0.8111527967257844
2year.arff,4,Extra_trees,2800,1400,3052,120,triad,0.251085973744291,0.3665359390536472,0.32352829999999244,0.5724335730400767,0.39166666666666666,0.8366302864938608,0.08935361216730038,0.1455108359133127,0.10566546762589928,0.23359840954274355,0.11747979398909718,0.33765339709435804,0.6141484765802637,0.16336971350613916,0.17234600262123198,47.0,479.0,2453.0,73.0,0.07395315052172712,0.6687841064120055
2year.arff,4,HistGB_fair,2800,1400,3052,120,triad,0.016895623346974836,0.6640552434074508,2.969586300000003,0.7511549391505573,0.5833333333333334,0.9672578444747613,0.42168674698795183,0.48951048951048953,0.4464285714285715,0.541795665634675,0.47184531469077173,0.6433089109216599,0.7752955889040474,0.03274215552523874,0.05439056356487549,70.0,96.0,2836.0,50.0,0.5409607128261,0.8843849477035015
2year.arff,4,Balanced_forest_reference,2800,1400,3052,120,triad,0.5141446976090014,0.381882716518822,0.2615028000000166,0.6772865202175478,0.5416666666666666,0.846862210095498,0.1264591439688716,0.20504731861198738,0.14935661764705882,0.32696177062374243,0.2017755501856262,0.45234639630767176,0.6942644383810823,0.15313778990450205,0.16841415465268678,65.0,449.0,2483.0,55.0,0.13144570424484758,0.7567971236925877
2year.arff,4,EasyEnsemble_reference,2800,1400,3052,120,triad,0.5117403196459148,0.35001590094658147,1.4838352999999813,0.6502767277449328,0.5083333333333333,0.8318553888130968,0.11010830324909747,0.1810089020771513,0.13056506849315067,0.2949709864603481,0.1715305256564204,0.41704150636765297,0.6700943610732151,0.16814461118690313,0.18152031454783749,61.0,493.0,2439.0,59.0,0.10551057089254841,0.7882759208731241
2year.arff,5,Balanced_logistic,2800,1400,3052,120,triad,0.608003065764737,0.3596611616805431,0.07232059999998341,0.6838785411363851,0.5583333333333333,0.8376534788540245,0.12338858195211787,0.20211161387631976,0.14616055846422338,0.32746823069403713,0.20123479846878292,0.4548697039096206,0.697993406093679,0.16234652114597545,0.17791612057667103,67.0,476.0,2456.0,53.0,0.13505273376256582,0.747518758526603
2year.arff,5,Random_forest,2800,1400,3052,120,triad,0.26025699365457433,0.6017828271894736,0.6857641000000001,0.4930450806659518,0.25,0.9723738062755798,0.2702702702702703,0.25974025974025977,0.26595744680851063,0.25380710659898476,0.23085922539134202,0.3828601496075462,0.6111869031377899,0.02762619372442019,0.03636959370904325,30.0,81.0,2851.0,90.0,0.2710508276456955,0.790862323783538
2year.arff,5,Extra_trees,2800,1400,3052,120,triad,0.2807909655956342,0.40697096832249235,0.36462589999999295,0.5707528954522451,0.375,0.8686903137789904,0.10465116279069768,0.16363636363636364,0.12228260869565219,0.24725274725274723,0.1361320240244472,0.3539583670048469,0.6218451568894952,0.13130968622100955,0.14089121887287026,45.0,385.0,2547.0,75.0,0.11373539812916998,0.7095711118690313
2year.arff,5,HistGB_fair,2800,1400,3052,120,triad,0.0909614168461158,0.7270460133635395,4.270906299999979,0.6304029764266547,0.4,0.9935197817189632,0.7164179104477612,0.5133689839572193,0.6185567010309279,0.43875685557586835,0.5219508456794917,0.5919550163148521,0.6967598908594816,0.006480218281036835,0.021952817824377458,48.0,19.0,2913.0,72.0,0.5553361727418595,0.8811505229649841
2year.arff,5,Balanced_forest_reference,2800,1400,3052,120,triad,0.5493646694796063,0.5166617923457425,0.2915798999999879,0.5801984888758853,0.375,0.897680763983629,0.13043478260869565,0.19354838709677416,0.15000000000000002,0.27272727272727276,0.16736838778201632,0.3833618332001087,0.6363403819918145,0.10231923601637108,0.11304062909567497,45.0,300.0,2632.0,75.0,0.18548042281870802,0.7411579126875854
2year.arff,5,EasyEnsemble_reference,2800,1400,3052,120,triad,0.5110500890760236,0.40685774749446507,1.4985349000000099,0.6259644673020132,0.45,0.8707366984993179,0.12471131639722864,0.19529837251356238,0.14578833693304535,0.2957283680175246,0.17865269134880812,0.4121319733632484,0.6603683492496589,0.12926330150068213,0.14187418086500656,54.0,379.0,2553.0,66.0,0.11011361021252002,0.7313537403365166
2year.arff,6,Balanced_logistic,2800,1400,3052,120,triad,0.5479572948131087,0.25774762912195415,0.06984190000000012,0.6235989298292774,0.48333333333333334,0.8045702592087313,0.0919175911251981,0.15446071904127828,0.10968229954614221,0.261026102610261,0.13816804602245544,0.3773457353488944,0.6439517962710323,0.19542974079126876,0.2067496723460026,58.0,573.0,2359.0,62.0,0.09943315202020929,0.6821793997271486
2year.arff,6,Random_forest,2800,1400,3052,120,triad,0.13818346873509785,0.381882716518822,0.6383984999999939,0.7161173164461615,0.6,0.854706684856753,0.14457831325301204,0.23300970873786409,0.17045454545454547,0.3680981595092025,0.23915464873103218,0.4968390538709202,0.7273533424283765,0.14529331514324692,0.16317169069462648,72.0,426.0,2506.0,48.0,0.2735531257650014,0.8277910413824465
2year.arff,6,Extra_trees,2800,1400,3052,120,triad,0.20514028826893216,0.05422822507532557,0.3554988999999864,0.666331202546481,0.575,0.772169167803547,0.09362279511533243,0.16102683780630103,0.11245110821382007,0.28348397699260475,0.15765382526321398,0.4121243463556628,0.6735845839017736,0.22783083219645292,0.24148099606815204,69.0,668.0,2264.0,51.0,0.11924922605198839,0.7440427467030468
2year.arff,6,HistGB_fair,2800,1400,3052,120,triad,0.0173715461921825,0.6017828271894736,4.714482800000013,0.6928896495069149,0.49166666666666664,0.9764665757162346,0.4609375,0.4758064516129032,0.4667721518987341,0.4851973684210526,0.4538877050958938,0.6017630567191049,0.7340666211914506,0.02353342428376535,0.04193971166448231,59.0,69.0,2863.0,61.0,0.49474983749152246,0.8587653478854024
2year.arff,6,Balanced_forest_reference,2800,1400,3052,120,triad,0.47100680028129405,0.2400070365473382,0.321018400000014,0.699639353597494,0.6,0.8158253751705321,0.11764705882352941,0.19672131147540983,0.14018691588785048,0.3296703296703297,0.20184266411780646,0.4622963627430369,0.707912687585266,0.18417462482946795,0.20052424639580602,72.0,540.0,2392.0,48.0,0.22175466052371884,0.8006991814461119
2year.arff,6,EasyEnsemble_reference,2800,1400,3052,120,triad,0.5081552193185239,0.3500662277501414,1.4316324999999779,0.7195935768688116,0.6166666666666667,0.839699863574352,0.13602941176470587,0.22289156626506024,0.16114982578397208,0.361328125,0.23175183203197172,0.49324865623080555,0.7281832651205093,0.16030013642564803,0.1782437745740498,74.0,470.0,2462.0,46.0,0.1557662989451379,0.7646288085493406
2year.arff,7,Balanced_logistic,2800,1400,3052,120,triad,0.608608115836741,0.2948463357395044,0.11260880000000384,0.6195567882893513,0.45,0.8530013642564802,0.11134020618556702,0.1785123966942149,0.13106796116504854,0.27979274611398963,0.1610769457914937,0.3954259881755291,0.6515006821282401,0.1469986357435198,0.1589121887287025,54.0,431.0,2501.0,66.0,0.1267796032462762,0.717118576625739
2year.arff,7,Random_forest,2800,1400,3052,120,triad,0.1889163317328617,0.4929860354916121,0.722890499999977,0.6580581939542175,0.475,0.9116643929058663,0.18037974683544303,0.26146788990825687,0.20592485549132947,0.3580402010050251,0.24666367565380365,0.4744727413476364,0.6933321964529331,0.0883356070941337,0.10353866317169069,57.0,259.0,2673.0,63.0,0.2321943235957705,0.7882048658481128
2year.arff,7,Extra_trees,2800,1400,3052,120,triad,0.2654015795827757,0.3279499764104585,0.4002306999999803,0.6053915896406555,0.44166666666666665,0.8298090040927695,0.09601449275362318,0.15773809523809523,0.1138316151202749,0.2567829457364341,0.13707680637716937,0.3689880046954463,0.6357378353797181,0.17019099590723055,0.18086500655307994,53.0,499.0,2433.0,67.0,0.10016914567447407,0.6965097771714415
2year.arff,7,HistGB_fair,2800,1400,3052,120,triad,0.007914459470634527,0.6340673977947298,4.187477300000012,0.7337910432365278,0.5666666666666667,0.9502046384720327,0.3177570093457944,0.4071856287425149,0.34836065573770497,0.48991354466858794,0.39340687584974426,0.596113448332157,0.7584356525693496,0.049795361527967257,0.07011795543905636,68.0,146.0,2786.0,52.0,0.4497613406313124,0.8704894270122783
2year.arff,7,Balanced_forest_reference,2800,1400,3052,120,triad,0.5636479606188468,0.4457905787562075,0.3102844999999945,0.6315786107918971,0.45,0.8864256480218281,0.13953488372093023,0.21301775147928997,0.1618705035971223,0.31141868512110726,0.19649776474579686,0.4279609542770271,0.6682128240109141,0.1135743519781719,0.12680209698558323,54.0,333.0,2599.0,66.0,0.16104717551262981,0.7391456343792633
2year.arff,7,EasyEnsemble_reference,2800,1400,3052,120,triad,0.5100870147654414,0.43159607933569333,1.4737937999999815,0.6748924088540904,0.5333333333333333,0.8540245566166439,0.13008130081300814,0.2091503267973856,0.15325670498084296,0.32921810699588483,0.20473046759634808,0.4534720472602183,0.6936789449749886,0.14597544338335608,0.16120576671035386,64.0,428.0,2504.0,56.0,0.13334652009155612,0.7610106866757617
2year.arff,8,Balanced_logistic,2800,1400,3052,120,triad,0.6639281606084148,0.4929860354916121,0.1454810999999836,0.4942024042546513,0.275,0.888130968622101,0.09141274238227147,0.13721413721413722,0.1054987212276215,0.19619500594530326,0.09817447128606506,0.28836071449811473,0.5815654843110505,0.11186903137789904,0.11828309305373526,33.0,328.0,2604.0,87.0,0.10710327120677358,0.6931133469758982
2year.arff,8,Random_forest,2800,1400,3052,120,triad,0.17248083189198085,0.48100147718812986,0.6789324000000079,0.7075548111793895,0.5583333333333333,0.8966575716234653,0.1810810810810811,0.27346938775510204,0.209375,0.39411764705882363,0.27092249882937613,0.5137932761264394,0.7274954524783993,0.10334242837653479,0.12123197903014417,67.0,303.0,2629.0,53.0,0.2777927072790709,0.8263571509777171
2year.arff,8,Extra_trees,2800,1400,3052,120,triad,0.26405730452921267,0.39399161268561766,0.38757930000002716,0.6590874877491633,0.525,0.8274215552523875,0.11072056239015818,0.18287373004354138,0.13146911519198665,0.3002859866539561,0.17586951926435193,0.424318763486906,0.6762107776261937,0.17257844474761255,0.186435124508519,63.0,506.0,2426.0,57.0,0.09928641870016941,0.732318667576171
2year.arff,8,HistGB_fair,2800,1400,3052,120,triad,0.0038583169968856783,0.5342761013545708,3.525872200000009,0.7854839229282276,0.675,0.9140518417462483,0.24324324324324326,0.35761589403973515,0.27892561983471076,0.4981549815498155,0.36719723615731287,0.609618308422009,0.7945259208731241,0.08594815825375171,0.10910878112712975,81.0,252.0,2680.0,39.0,0.48482707544010695,0.879861584811278
2year.arff,8,Balanced_forest_reference,2800,1400,3052,120,triad,0.5415291139240505,0.4457905787562075,0.2713568000000066,0.7126918975204284,0.5833333333333334,0.8707366984993179,0.155902004454343,0.2460456942003515,0.1826722338204593,0.3767491926803014,0.2491352565070512,0.5020491984442316,0.7270350159163257,0.12926330150068213,0.14711664482306683,70.0,379.0,2553.0,50.0,0.1958341714978274,0.7863489085948159
2year.arff,8,EasyEnsemble_reference,2800,1400,3052,120,triad,0.514119131325733,0.390862725023247,1.4099970999999982,0.7350062566825112,0.6333333333333333,0.8530013642564802,0.14990138067061143,0.2424242424242424,0.17690875232774675,0.38500506585612965,0.2539568832551499,0.5157596393081454,0.7431673487949068,0.1469986357435198,0.16612057667103539,76.0,431.0,2501.0,44.0,0.14983028279126864,0.812556844020009
2year.arff,9,Balanced_logistic,2800,1400,3052,120,triad,0.6251653953792454,0.32457531681189183,0.09055119999999306,0.6426133440561846,0.475,0.8693724420190996,0.12954545454545455,0.20357142857142857,0.15159574468085105,0.3097826086956521,0.19054083836778707,0.4285115348751494,0.6721862210095497,0.13062755798090042,0.14416775884665792,57.0,383.0,2549.0,63.0,0.15718363790301,0.7257503410641201
2year.arff,9,Random_forest,2800,1400,3052,120,triad,0.1857445575163164,0.4675438070815084,0.7520625999999879,0.6750271582632108,0.5,0.9113233287858117,0.1875,0.2727272727272727,0.21428571428571427,0.375,0.26093997183862383,0.4917311278432169,0.7056616643929059,0.08867667121418826,0.10484927916120576,60.0,260.0,2672.0,60.0,0.2847950583734178,0.8164279217826285
2year.arff,9,Extra_trees,2800,1400,3052,120,triad,0.26542130441703854,0.2294668495367083,0.36807640000000674,0.6559839295827683,0.5083333333333333,0.8465211459754434,0.11937377690802348,0.19334389857369255,0.1409426987060998,0.3077699293642785,0.18471838169038052,0.429964076459701,0.6774272396543883,0.1534788540245566,0.16743119266055045,61.0,450.0,2482.0,59.0,0.12595119665927826,0.7480786721236926
2year.arff,9,HistGB_fair,2800,1400,3052,120,triad,0.002618784447257662,0.5969253420144514,3.6820802000000015,0.7617056803180814,0.6333333333333333,0.9160982264665757,0.2360248447204969,0.3438914027149321,0.26988636363636365,0.47381546134663344,0.34759774365694557,0.5864312598610352,0.7747157798999544,0.08390177353342429,0.10550458715596331,76.0,246.0,2686.0,44.0,0.5424077646574094,0.864400011368804
2year.arff,9,Balanced_forest_reference,2800,1400,3052,120,triad,0.5275372925457101,0.40685774749446507,0.25569509999999696,0.6409370981630943,0.4666666666666667,0.8802864938608458,0.1375921375921376,0.2125237191650854,0.16018306636155608,0.3156708004509583,0.19835055098365878,0.43353225053034955,0.6734765802637562,0.11971350613915416,0.1333551769331586,56.0,351.0,2581.0,64.0,0.20861787595208472,0.7862394838562983
2year.arff,9,EasyEnsemble_reference,2800,1400,3052,120,triad,0.5169242433977695,0.48100147718812986,1.4343694000000085,0.6726228923047353,0.5,0.904843110504775,0.17699115044247787,0.261437908496732,0.20325203252032523,0.36630036630036633,0.25040016632422946,0.4838669589194758,0.7024215552523875,0.0951568894952251,0.11107470511140236,60.0,279.0,2653.0,60.0,0.18389578534524897,0.805543713051387
2year.arff,10,Balanced_logistic,2800,1400,3052,120,triad,0.6191997351144396,0.3443928427138409,0.09047010000000455,0.6534052196625844,0.49166666666666664,0.8683492496589359,0.13258426966292136,0.2088495575221239,0.15526315789473688,0.3189189189189189,0.19826396459094597,0.4390725922083139,0.6800079581628012,0.13165075034106413,0.14580602883355176,59.0,386.0,2546.0,61.0,0.18753338422923632,0.7149528194633924
2year.arff,10,Random_forest,2800,1400,3052,120,triad,0.1781772032331002,0.5019385627756208,0.6443769999999915,0.6413449374445952,0.45,0.9140518417462483,0.17647058823529413,0.25352112676056343,0.20089285714285715,0.3435114503816794,0.23557264533051642,0.45930665023435036,0.6820259208731242,0.08594815825375171,0.10026212319790301,54.0,252.0,2680.0,66.0,0.2752967613121474,0.8266129490677581
2year.arff,10,Extra_trees,2800,1400,3052,120,triad,0.22767564402423668,0.18652314810573373,0.3471979999999917,0.6034942589621486,0.45,0.8093451568894953,0.08809135399673736,0.14733969986357434,0.10497667185069984,0.24702653247941447,0.12580984022707017,0.3578384183757493,0.6296725784447477,0.19065484311050476,0.2008519003931848,54.0,559.0,2373.0,66.0,0.1250646856517851,0.7091206230104593
2year.arff,10,HistGB_fair,2800,1400,3052,120,triad,0.0259071003126072,0.5946839606886916,3.068534600000021,0.6926475919800499,0.49166666666666664,0.9757844474761255,0.45384615384615384,0.472,0.46093749999999994,0.48360655737704916,0.4498803489081217,0.5998470954018496,0.7337255570713961,0.024215552523874487,0.04259501965923984,59.0,71.0,2861.0,61.0,0.5489965374562187,0.8805707139608913
2year.arff,10,Balanced_forest_reference,2800,1400,3052,120,triad,0.49289138537271465,0.4372271444046444,0.26501989999999864,0.6460605777500923,0.48333333333333334,0.8635743519781719,0.12663755458515283,0.20069204152249132,0.1485655737704918,0.30916844349680167,0.18878557296013268,0.4287180431566102,0.6734538426557526,0.1364256480218281,0.15006553079947577,58.0,400.0,2532.0,62.0,0.17376154844274871,0.7838804570259209
2year.arff,10,EasyEnsemble_reference,2800,1400,3052,120,triad,0.5098290687532461,0.4293660602708119,1.4306536999999935,0.6903479294937104,0.5333333333333333,0.8935879945429741,0.1702127659574468,0.25806451612903225,0.19704433497536947,0.37383177570093457,0.2524547116886231,0.4936735333661448,0.7134606639381538,0.10641200545702592,0.12319790301441677,64.0,312.0,2620.0,56.0,0.24368219156570767,0.774911891768986
3year.arff,1,Balanced_logistic,2800,1400,3151,149,triad,0.5830548356703488,0.3686785703897494,0.07938659999999231,0.6107918836163015,0.4563758389261745,0.8174550299800133,0.11038961038961038,0.17777777777777778,0.13011863758132414,0.28052805280528054,0.14655530537718553,0.3795444860905905,0.6369154344530938,0.18254497001998668,0.19549349412884798,68.0,548.0,2454.0,81.0,0.10074485141686934,0.6976087530013548
3year.arff,1,Random_forest,2800,1400,3151,149,triad,0.21915588062439847,0.551114051921563,0.659220299999987,0.6958645825343123,0.5436241610738255,0.8907395069953364,0.1980440097799511,0.2903225806451613,0.226890756302521,0.4029850746268656,0.27431944338132747,0.5102331664765858,0.717181834034581,0.10926049300466356,0.12980006347191367,81.0,328.0,2674.0,68.0,0.2617325932856764,0.8233034800066175
3year.arff,1,Extra_trees,2800,1400,3151,149,triad,0.3224602821325001,0.4479160349837656,0.35345910000000913,0.6389139854127519,0.48322147651006714,0.8447701532311792,0.13382899628252787,0.2096069868995633,0.15645371577574968,0.3174603174603175,0.18501221227653353,0.4226962502288051,0.6639958148706232,0.1552298467688208,0.170739447794351,72.0,466.0,2536.0,77.0,0.12084863723339428,0.7506896968016848
3year.arff,1,HistGB_fair,2800,1400,3151,149,triad,0.012688786193395578,0.6393532538919158,3.165749699999992,0.7473391461114068,0.5973154362416108,0.9350433044636909,0.31338028169014087,0.41108545034642036,0.34630350194552534,0.5056818181818182,0.39457525942649335,0.6040252650195279,0.7661793703526508,0.06495669553630913,0.0901301174230403,89.0,195.0,2807.0,60.0,0.5332262283239241,0.895852429476546
3year.arff,1,Balanced_forest_reference,2800,1400,3151,149,triad,0.6119572433192685,0.4996673544382082,0.2907016999999996,0.620394085499449,0.42953020134228187,0.8960692871419054,0.1702127659574468,0.2438095238095238,0.1935874168179068,0.3292181069958848,0.21318506482383318,0.43454093169481445,0.6627997442420936,0.1039307128580946,0.1193271977150111,64.0,312.0,2690.0,85.0,0.2151664953312236,0.7964913771132445
3year.arff,1,EasyEnsemble_reference,2800,1400,3151,149,triad,0.5169801266336558,0.4996673544382082,1.643708800000013,0.6333506338595967,0.44966442953020136,0.8920719520319786,0.17135549872122763,0.24814814814814815,0.19556333917104496,0.33941236068895647,0.22001220573084326,0.4452238266540074,0.6708681907810901,0.10792804796802132,0.12408759124087591,67.0,324.0,2678.0,82.0,0.17592343856919235,0.823918282666142
3year.arff,2,Balanced_logistic,2800,1400,3151,149,triad,0.573432685488956,0.28317477506672356,0.08342550000000415,0.5825095815115021,0.4161073825503356,0.8154563624250499,0.10064935064935066,0.16209150326797386,0.11863758132414849,0.25577557755775576,0.12393378253778552,0.3477485147942151,0.6157818724876928,0.18454363757495004,0.19549349412884798,62.0,554.0,2448.0,87.0,0.09903024001843157,0.6999628882758251
3year.arff,2,Random_forest,2800,1400,3151,149,triad,0.2129739345319575,0.5082373607432688,0.7048420999999792,0.6337493837584225,0.4429530201342282,0.9067288474350433,0.1907514450867052,0.26666666666666666,0.21526418786692758,0.35031847133757965,0.237392562783448,0.45684345043634655,0.6748409337846357,0.09327115256495669,0.10980641066328149,66.0,280.0,2722.0,83.0,0.23645618010761366,0.7949856695089179
3year.arff,2,Extra_trees,2800,1400,3151,149,triad,0.29154063136608843,0.3895621121599219,0.3472792000000027,0.5846472385356469,0.4161073825503356,0.82145236508994,0.10367892976588629,0.16599732262382866,0.12199921290830382,0.25963149078726966,0.12858648774575196,0.3529076287067793,0.6187798738201378,0.17854763491005995,0.1897810218978102,62.0,536.0,2466.0,87.0,0.10219010292829003,0.7113467978841845
3year.arff,2,HistGB_fair,2800,1400,3151,149,triad,0.01003297978021421,0.5658770788064432,3.142629900000003,0.7014994387450612,0.5234899328859061,0.9400399733510992,0.3023255813953488,0.3832923832923833,0.33022861981371715,0.45667447306791575,0.35883282792926496,0.5610250776401607,0.7317649531185026,0.05996002664890073,0.08187876864487464,78.0,180.0,2822.0,71.0,0.4433450191221288,0.8658891834973552
3year.arff,2,Balanced_forest_reference,2800,1400,3151,149,triad,0.5593219690576652,0.47204654638221694,0.3255075000000147,0.6066546089625611,0.4228187919463087,0.8704197201865423,0.13938053097345132,0.2096505823627288,0.1609606540623403,0.3005725190839695,0.17756150840208113,0.40278869816822216,0.6466192560664256,0.12958027981345768,0.1434465249127261,63.0,389.0,2613.0,86.0,0.18361622029761027,0.7652974079919874
3year.arff,2,EasyEnsemble_reference,2800,1400,3151,149,triad,0.5169880502881083,0.5204425731930281,1.6421109999999999,0.5921324504735558,0.38926174496644295,0.9007328447701533,0.16292134831460675,0.22970297029702974,0.18436109345200255,0.3046218487394959,0.19443411543970882,0.40851066365165656,0.644997294868298,0.09926715522984676,0.11298000634719137,58.0,298.0,2704.0,91.0,0.1346395843822351,0.7757065759292463
3year.arff,3,Balanced_logistic,2800,1400,3151,149,triad,0.5484056958456199,0.2245575190079473,0.07875549999999976,0.622081873472604,0.47651006711409394,0.8121252498334444,0.11181102362204724,0.18112244897959184,0.1320193380438825,0.2883834281072299,0.15272346426246175,0.3895234607961675,0.6443176584737691,0.18787475016655564,0.20152332592827674,71.0,564.0,2438.0,78.0,0.14760192203164907,0.7142285456228286
3year.arff,3,Random_forest,2800,1400,3151,149,triad,0.18481793441483937,0.44453794940352725,0.6828337999999974,0.7251911437388606,0.610738255033557,0.8610926049300467,0.17913385826771652,0.2770167427701674,0.20861989912883996,0.4121376811594203,0.27233557889845084,0.523202473811052,0.7359154299818018,0.13890739506995337,0.1612186607426214,91.0,417.0,2585.0,58.0,0.3102663808380276,0.8178686244964208
3year.arff,3,Extra_trees,2800,1400,3151,149,triad,0.27817358507789874,0.21440870705283832,0.3362100999999882,0.6640338385225989,0.5637583892617449,0.782145236508994,0.11382113821138211,0.189402480270575,0.13544018058690746,0.3148425787106447,0.173359142694007,0.4244003411297154,0.6729518128853695,0.217854763491006,0.2342113614725484,84.0,654.0,2348.0,65.0,0.12774694390518762,0.7453666235932197
3year.arff,3,HistGB_fair,2800,1400,3151,149,triad,0.005668551523396227,0.5720097514792454,4.430789800000014,0.7766089163752609,0.6644295302013423,0.907728181212525,0.2632978723404255,0.3771428571428571,0.29945553539019965,0.5092592592592593,0.3746181523965909,0.6090662304922684,0.7860788557069336,0.09227181878747502,0.1193271977150111,99.0,277.0,2725.0,50.0,0.513814574939621,0.871334099414708
3year.arff,3,Balanced_forest_reference,2800,1400,3151,149,triad,0.5310307454289732,0.3581183368772445,0.37027790000001914,0.691154801410256,0.5838926174496645,0.8181212524983345,0.13744075829383887,0.2225063938618926,0.16225289071242074,0.35394629780309195,0.21296576627468952,0.4668243329867293,0.7010069349739995,0.18187874750166555,0.20088860679149476,87.0,546.0,2456.0,62.0,0.22093742184774495,0.7876538683383338
3year.arff,3,EasyEnsemble_reference,2800,1400,3151,149,triad,0.50947421620519,0.4066823886131726,1.898717300000044,0.707598251776226,0.5906040268456376,0.8477681545636242,0.1614678899082569,0.25360230547550433,0.18892228424216403,0.38562664329535495,0.24601183922402736,0.4975573775280645,0.7191860907046309,0.15223184543637575,0.17296096477308792,88.0,457.0,2545.0,61.0,0.17599639982340043,0.8021397368197489
3year.arff,4,Balanced_logistic,2800,1400,3151,149,triad,0.5831364833519019,0.37914887886120485,0.09297430000003715,0.6253383293450963,0.46308724832214765,0.8444370419720186,0.1287313432835821,0.20145985401459857,0.15045791539467948,0.30477031802120147,0.17372393646531845,0.40803421964332437,0.6537621451470832,0.15556295802798134,0.17010472865756904,69.0,467.0,2535.0,80.0,0.16470250084120525,0.7194979633264624
3year.arff,4,Random_forest,2800,1400,3151,149,triad,0.19852560913216688,0.47347049146592896,0.682762299999979,0.6932573624921301,0.5436241610738255,0.8840772818121253,0.1888111888111888,0.28027681660899656,0.21715817694369974,0.3951219512195122,0.26470764665482066,0.5029426773476479,0.7138507214429755,0.11592271818787475,0.13614725483973342,81.0,348.0,2654.0,68.0,0.2819573917493664,0.816171769156133
3year.arff,4,Extra_trees,2800,1400,3151,149,triad,0.2984789396147561,0.2795633897822724,0.35200480000003154,0.6572692187046247,0.5302013422818792,0.8147901399067289,0.12440944881889764,0.201530612244898,0.14689475641502417,0.3208773354995938,0.1825427839465054,0.4288286101189102,0.672495741094304,0.18520986009327114,0.20152332592827674,79.0,556.0,2446.0,70.0,0.13356814623291205,0.7634932416420374
3year.arff,4,HistGB_fair,2800,1400,3151,149,triad,0.03627983642065199,0.7031848978131264,4.044821000000013,0.6952763988350075,0.4966442953020134,0.9733510992671552,0.4805194805194805,0.4884488448844884,0.4836601307189542,0.4933333333333333,0.4626881199406197,0.6070173548299247,0.7349976972845843,0.02664890073284477,0.048873373532211994,74.0,80.0,2922.0,75.0,0.4800350057763695,0.8747166318651101
3year.arff,4,Balanced_forest_reference,2800,1400,3151,149,triad,0.5402405625879045,0.3581183368772445,0.30138359999995146,0.6741347451574188,0.5503355704697986,0.8257828114590273,0.13553719008264462,0.21750663129973474,0.15959517321915143,0.34138218151540384,0.20268245229679427,0.45161655929924693,0.6880591909644129,0.17421718854097268,0.19200253887654714,82.0,523.0,2479.0,67.0,0.20811539751710578,0.7875141404611692
3year.arff,4,EasyEnsemble_reference,2800,1400,3151,149,triad,0.5098006137973862,0.40143587178936296,1.7499009,0.7020441962608058,0.5838926174496645,0.844103930712858,0.15675675675675677,0.24715909090909088,0.18362178134233853,0.37793223284100774,0.23847338094181925,0.4898422845610648,0.7139982740812613,0.1558960692871419,0.17613456045699777,87.0,468.0,2534.0,62.0,0.1644637491753978,0.7935313817633881
3year.arff,5,Balanced_logistic,2800,1400,3151,149,triad,0.5653353607953536,0.39073418291664763,0.09240829999998823,0.6325806539400743,0.4697986577181208,0.8517654896735509,0.13592233009708737,0.21084337349397594,0.15844273426889993,0.315031503150315,0.1845821847365285,0.4195726762055076,0.6607820736958359,0.14823451032644902,0.1634401777213583,70.0,445.0,2557.0,79.0,0.17797203861825683,0.76941323234175
3year.arff,5,Random_forest,2800,1400,3151,149,triad,0.19510209068521578,0.4672961892171883,0.8203701999999566,0.6850597168061345,0.5369127516778524,0.8740839440373085,0.17467248908296942,0.26359143327841844,0.20191822311963653,0.3795066413662239,0.24750609190118122,0.4879188364824136,0.7054983478575805,0.12591605596269154,0.14535068232307205,80.0,378.0,2624.0,69.0,0.22556938294534773,0.8080463136432534
3year.arff,5,Extra_trees,2800,1400,3151,149,triad,0.3292571060107975,0.4174565915128278,0.394714600000043,0.5762624321370936,0.38926174496644295,0.8530979347101932,0.11623246492985972,0.17901234567901236,0.1351981351981352,0.2648401826484018,0.1409035111347858,0.36034691666551494,0.6211798398383181,0.1469020652898068,0.1583624246271025,58.0,441.0,2561.0,91.0,0.10659127073385179,0.7402794110414085
3year.arff,5,HistGB_fair,2800,1400,3151,149,triad,0.020165246203960114,0.6577454992127106,5.677166,0.7222967494654614,0.5436241610738255,0.9596935376415723,0.400990099009901,0.46153846153846156,0.4231974921630094,0.5075187969924811,0.43614169734686337,0.6105009021965232,0.7516588493576989,0.04030646235842771,0.06410663281497937,81.0,121.0,2881.0,68.0,0.5087042442903348,0.8854130803178195
3year.arff,5,Balanced_forest_reference,2800,1400,3151,149,triad,0.5380477044404258,0.4066823886131726,0.3512751000000094,0.6988508609053702,0.5838926174496645,0.8364423717521652,0.15051903114186851,0.2393397524071527,0.176757415684681,0.37052810902896083,0.23052084802250872,0.48286575463816955,0.7101674946009149,0.16355762824783476,0.1834338305299905,87.0,491.0,2511.0,62.0,0.160096848201512,0.7863258945937608
3year.arff,5,EasyEnsemble_reference,2800,1400,3151,149,triad,0.5138592269269202,0.5000601792730022,1.8597007999999846,0.6224267839206751,0.436241610738255,0.8880746169220519,0.16209476309226933,0.23636363636363641,0.1853964632059327,0.3259779338014042,0.2065516291371839,0.43092503282562833,0.6621581138301534,0.11192538307794804,0.12726118692478577,65.0,336.0,2666.0,84.0,0.16041484727764135,0.8109045870985339
3year.arff,6,Balanced_logistic,2800,1400,3151,149,triad,0.6155764263860427,0.24349063571759613,0.09626610000003666,0.6260957914463258,0.44966442953020136,0.8717521652231845,0.14823008849557523,0.22296173044925122,0.1711803781297905,0.31965648854961837,0.19462387452032784,0.4241237191104139,0.6607082973766929,0.12824783477681545,0.1434465249127261,67.0,385.0,2617.0,82.0,0.15438515311390488,0.7365894772612441
3year.arff,6,Random_forest,2800,1400,3151,149,triad,0.2108355630503275,0.4891719303195189,0.9064201999999568,0.6565919880220922,0.47651006711409394,0.90473017988008,0.19887955182072828,0.28063241106719367,0.22511097019657572,0.37250786988457496,0.25529946896723416,0.47923333900025766,0.690620123497087,0.09526982011992005,0.11329736591558236,71.0,286.0,2716.0,78.0,0.30614142704661135,0.8082620534855958
3year.arff,6,Extra_trees,2800,1400,3151,149,triad,0.308436450076045,0.3686785703897494,0.40124009999999544,0.6432087351236075,0.4899328859060403,0.8444370419720186,0.13518518518518519,0.2119013062409289,0.1580770896491988,0.32130281690140844,0.1883325444132034,0.42711328543257815,0.6671849639390295,0.15556295802798134,0.17137416693113297,73.0,467.0,2535.0,76.0,0.1298331901506501,0.7546903853806635
3year.arff,6,HistGB_fair,2800,1400,3151,149,triad,0.014088547424121942,0.5637504605425343,5.705828699999984,0.736956912711856,0.5704697986577181,0.9520319786808794,0.37117903930131,0.4497354497354497,0.39906103286384975,0.515151515151515,0.4271972056636752,0.614474972818231,0.7612508886692988,0.047968021319120584,0.07267534116153603,85.0,144.0,2858.0,64.0,0.5469937154603663,0.8812592499854682
3year.arff,6,Balanced_forest_reference,2800,1400,3151,149,triad,0.5614485724331926,0.40667662582974845,0.3378885999999852,0.6562701437931313,0.4899328859060403,0.8790806129247168,0.16743119266055045,0.24957264957264957,0.19281563655573164,0.3536821705426357,0.22683630789910642,0.46056679225907904,0.6845067494153786,0.12091938707528314,0.13836877181847032,73.0,363.0,2639.0,76.0,0.22931578991467683,0.8067854092797195
3year.arff,6,EasyEnsemble_reference,2800,1400,3151,149,triad,0.5091615564628358,0.39073418291664763,1.8054604000000154,0.7145153101712823,0.5906040268456376,0.8644237175216523,0.17777777777777778,0.27329192546583847,0.20666979802724286,0.4032997250229148,0.26541149055918767,0.5136267094329907,0.7275138721836449,0.13557628247834777,0.15709298635353855,88.0,407.0,2595.0,61.0,0.21474472167029643,0.8254161655093473
3year.arff,7,Balanced_logistic,2800,1400,3151,149,triad,0.5573940273086927,0.3103802825365864,0.09792520000002014,0.6534964244951735,0.5234899328859061,0.8157894736842105,0.12361331220285261,0.2,0.14590347923681254,0.3178484107579462,0.17994551553990584,0.4251502966976497,0.6696397032850583,0.18421052631578946,0.2002538876547128,78.0,553.0,2449.0,71.0,0.1349051170815881,0.7381253660870383
3year.arff,7,Random_forest,2800,1400,3151,149,triad,0.2062288332915936,0.551114051921563,0.7139118000000053,0.7117031540488136,0.5503355704697986,0.9203864090606263,0.2554517133956386,0.34893617021276596,0.28611304954640615,0.4471101417666303,0.3303065771701567,0.5510254622007722,0.7353609897652125,0.07961359093937376,0.10187242145350682,82.0,239.0,2763.0,67.0,0.3250254121947365,0.8559998032631488
3year.arff,7,Extra_trees,2800,1400,3151,149,triad,0.2772128829702382,0.3103802825365864,0.37473919999996497,0.6434815252722869,0.5100671140939598,0.8117921385742838,0.11856474258970359,0.19240506329113924,0.14006634721710284,0.307194826192401,0.16970654864198656,0.4126579871435054,0.6609296263341218,0.1882078614257162,0.20342748333862265,76.0,565.0,2437.0,73.0,0.1400503278871937,0.7503722350647667
3year.arff,7,HistGB_fair,2800,1400,3151,149,triad,0.004878884886028314,0.5803535291930204,4.250441899999998,0.8163614903488422,0.738255033557047,0.9027315123251166,0.2736318407960199,0.3992740471869328,0.31303357996585085,0.5511022044088176,0.4077997879334287,0.64774490423108,0.8204932729410819,0.09726848767488341,0.12757854649317676,110.0,292.0,2710.0,39.0,0.548490112115653,0.8999145983214769
3year.arff,7,Balanced_forest_reference,2800,1400,3151,149,triad,0.5368893108298171,0.46414534628512477,0.2903359000000023,0.7041682161286129,0.5771812080536913,0.8590939373750833,0.16895874263261296,0.2613981762917933,0.19679633867276886,0.3891402714932127,0.2516133339540926,0.4996840609851271,0.7181375727143873,0.14090606262491673,0.16153602031101238,86.0,423.0,2579.0,63.0,0.23794123894034974,0.8189786227526168
3year.arff,7,EasyEnsemble_reference,2800,1400,3151,149,triad,0.5139374742033982,0.4552563180602141,1.5459926000000337,0.7046474591653704,0.5637583892617449,0.8807461692205196,0.19004524886877827,0.28426395939086296,0.2190923317683881,0.4046242774566473,0.27168087048302636,0.5128625021656766,0.7222522792411323,0.11925383077948035,0.14027292922881626,84.0,358.0,2644.0,65.0,0.203786015841926,0.8373612222724001
3year.arff,8,Balanced_logistic,2800,1400,3151,149,triad,0.5664403257877524,0.36328345316773747,0.07770890000000463,0.6306976742928428,0.47651006711409394,0.8347768154563624,0.12522045855379188,0.19832402234636873,0.14687629292511378,0.30524505588993983,0.17199725437176736,0.4089981319547805,0.6556434412852281,0.16522318454363757,0.17994287527768962,71.0,496.0,2506.0,78.0,0.10980005954042554,0.7006626454846657
3year.arff,8,Random_forest,2800,1400,3151,149,triad,0.2019903713039734,0.5409519013089139,0.6301583999999707,0.6661431336255921,0.4899328859060403,0.9057295136575616,0.2050561797752809,0.28910891089108914,0.23204068658614108,0.38340336134453773,0.2652817376413049,0.4900956204861733,0.697831199781801,0.09427048634243837,0.11298000634719137,73.0,283.0,2719.0,76.0,0.32268899858507083,0.8409147816444518
3year.arff,8,Extra_trees,2800,1400,3151,149,triad,0.3171072351723829,0.45034619992539293,0.35668859999998404,0.6105136418576453,0.42953020134228187,0.8677548301132578,0.13882863340563992,0.20983606557377046,0.16056196688409433,0.30274361400189215,0.17854385935802028,0.4052396091520267,0.6486425157277699,0.13224516988674218,0.146302761028245,64.0,397.0,2605.0,85.0,0.14113365523164395,0.7701085182585212
3year.arff,8,HistGB_fair,2800,1400,3151,149,triad,0.020541804992389716,0.6460922973114354,3.8561394999999834,0.6931315822113743,0.4966442953020134,0.9673550966022652,0.43023255813953487,0.46105919003115264,0.44205495818399043,0.48177083333333337,0.4335272635681387,0.5927650600163049,0.7319996959521393,0.03264490339773484,0.05458584576324976,74.0,98.0,2904.0,75.0,0.5156032330814293,0.8794293737061198
3year.arff,8,Balanced_forest_reference,2800,1400,3151,149,triad,0.5798837974683545,0.5082373607432688,0.2821456000000353,0.6249896600515582,0.42953020134228187,0.9093937375083277,0.19047619047619047,0.2639175257731959,0.21433355659745476,0.3433476394849785,0.2330729563262165,0.4498618689403906,0.6694619694253048,0.09060626249167222,0.10663281497937163,64.0,272.0,2730.0,85.0,0.26155933919064284,0.8254888240054729
3year.arff,8,EasyEnsemble_reference,2800,1400,3151,149,triad,0.5204374281875053,0.47347049146592896,1.7488824000000136,0.6559873355427739,0.47651006711409394,0.9030646235842772,0.19613259668508287,0.27788649706457924,0.2222917971195993,0.3705636743215031,0.25264876669450864,0.47727574495859454,0.6897873453491856,0.09693537641572285,0.1148841637575373,71.0,291.0,2711.0,78.0,0.1774681026217988,0.8218123041015163
3year.arff,9,Balanced_logistic,2800,1400,3151,149,triad,0.6468304478601868,0.39073418291664763,0.07882280000001174,0.5964997979850787,0.4161073825503356,0.8550966022651566,0.12474849094567404,0.19195046439628483,0.14506317267197003,0.28362305580969804,0.15793045656426172,0.3830265078373114,0.6356019924077461,0.14490339773484343,0.15772770549032053,62.0,435.0,2567.0,87.0,0.1151441163455633,0.7108393062343226
3year.arff,9,Random_forest,2800,1400,3151,149,triad,0.22271735257261185,0.5307289792329966,0.6769628999999782,0.5959523473853646,0.38926174496644295,0.9123917388407728,0.1806853582554517,0.24680851063829787,0.20237264480111655,0.3162486368593239,0.21167086743476501,0.4220475527532461,0.6508267419036079,0.08760826115922718,0.10187242145350682,58.0,263.0,2739.0,91.0,0.21733509761517134,0.781842306471301
3year.arff,9,Extra_trees,2800,1400,3151,149,triad,0.3250939260253761,0.3750235958115886,0.4315257000000088,0.6035603594235666,0.42953020134228187,0.8481012658227848,0.12307692307692308,0.1913303437967115,0.14356213548676539,0.2867383512544803,0.15874683321329136,0.38670711480069087,0.6388157335825333,0.1518987341772152,0.16502697556331322,64.0,456.0,2546.0,85.0,0.12648985986176636,0.7317370075430698
3year.arff,9,HistGB_fair,2800,1400,3151,149,triad,0.008598573541506366,0.6336732793410927,4.607122199999992,0.7229325312977736,0.5637583892617449,0.9270486342438374,0.27722772277227725,0.37168141592920356,0.30859662013225575,0.46718576195773076,0.3533604508226229,0.5694704047343032,0.7454035117527912,0.07295136575616255,0.09615994922246905,84.0,219.0,2783.0,65.0,0.4984561452251331,0.8725961216012591
3year.arff,9,Balanced_forest_reference,2800,1400,3151,149,triad,0.5940791842475389,0.45034619992539293,0.3381951000000072,0.5848613390225385,0.38926174496644295,0.8787475016655563,0.13744075829383887,0.2031523642732049,0.15786608600979857,0.2848722986247544,0.16702837764035652,0.38515188739667466,0.6340046233159996,0.12125249833444371,0.1339257378609965,58.0,364.0,2638.0,91.0,0.17095790691972504,0.7648569857231644
3year.arff,9,EasyEnsemble_reference,2800,1400,3151,149,triad,0.5137319029982423,0.5012308797259414,1.6803244999999833,0.6748937549809753,0.5234899328859061,0.8700866089273818,0.16666666666666666,0.25283630470016205,0.1929737753587333,0.3665413533834586,0.23490616822220795,0.47473918501471557,0.696788270906644,0.12991339107261826,0.1485242780069819,78.0,390.0,2612.0,71.0,0.2033726797515754,0.815844247012059
3year.arff,10,Balanced_logistic,2800,1400,3151,149,triad,0.5578160863208113,0.314197902092628,0.09812319999997499,0.6124696303910458,0.4697986577181208,0.7984676882078614,0.1037037037037037,0.1699029126213592,0.12285012285012284,0.2753737214791503,0.13878338160078524,0.373395311966281,0.6341331729629911,0.20153231179213857,0.2142177086639162,70.0,605.0,2397.0,79.0,0.1204924925928166,0.7003295342255051
3year.arff,10,Random_forest,2800,1400,3151,149,triad,0.18138360096339662,0.45034619992539293,0.658682199999987,0.6811323403769477,0.5369127516778524,0.8640906062624917,0.16393442622950818,0.25117739403453687,0.1903855306996668,0.3690036900369003,0.23526157128118533,0.47790106524774445,0.700501678970172,0.13590939373750832,0.15487146937480165,80.0,408.0,2594.0,69.0,0.25564364770541187,0.8158006519143837
3year.arff,10,Extra_trees,2800,1400,3151,149,triad,0.2961199491197106,0.30691265189632455,0.3096806000000356,0.6674390075964215,0.5436241610738255,0.8194536975349767,0.13001605136436598,0.2098445595854922,0.15335100340780008,0.332239540607055,0.1934931903447647,0.44173616013904704,0.6815389293044011,0.18054630246502332,0.19771501110758488,81.0,542.0,2460.0,68.0,0.14663901504665958,0.7727734083318059
3year.arff,10,HistGB_fair,2800,1400,3151,149,triad,0.006700121026018634,0.6437778551541333,3.6185471000000007,0.7699259817511298,0.6442953020134228,0.9200532978014657,0.2857142857142857,0.3958762886597938,0.3215003348961821,0.5150214592274678,0.3880941458531628,0.6127429844977745,0.7821742999074442,0.07994670219853431,0.10663281497937163,96.0,240.0,2762.0,53.0,0.5062501766612624,0.8826665891642709
3year.arff,10,Balanced_forest_reference,2800,1400,3151,149,triad,0.5241475246132209,0.3895621121599219,0.294084899999973,0.6799628556992788,0.5637583892617449,0.8201199200532978,0.1346153846153846,0.21733505821474774,0.15879017013232513,0.3442622950819672,0.20445471751695596,0.4555357909583983,0.6919391546575213,0.1798800799467022,0.19803237067597587,84.0,540.0,2462.0,65.0,0.21752829794545828,0.7963013472003004
3year.arff,10,EasyEnsemble_reference,2800,1400,3151,149,triad,0.5122000691777725,0.4996673544382082,1.6456054000000222,0.6743370102883894,0.5033557046979866,0.9033977348434377,0.2054794520547945,0.2918287937743191,0.23306401491609693,0.3902185223725286,0.26976942355960903,0.49687701293146513,0.7033767197707121,0.0966022651565623,0.11583624246271025,75.0,290.0,2712.0,74.0,0.19431457623944556,0.8210443596886192
4year.arff,1,Balanced_logistic,2800,1400,2938,155,triad,0.5950452923987939,0.4171855778541353,0.09153109999999742,0.5995760018615456,0.4129032258064516,0.8706431908012936,0.1509433962264151,0.22107081174438686,0.17287952458130737,0.30651340996168575,0.18037695468304266,0.4017505790094021,0.6417732083038726,0.12935680919870643,0.14431586113002043,64.0,360.0,2423.0,91.0,0.15330373946288217,0.7218249046631043
4year.arff,1,Random_forest,2800,1400,2938,155,triad,0.2564397558117092,0.5495946531406781,0.7436279000000354,0.6235927325564921,0.4129032258064516,0.9417894358605821,0.2831858407079646,0.3359580052493439,0.3021718602455147,0.3782505910165485,0.29756071487528,0.48729568001233414,0.6773463308335168,0.05821056413941789,0.07692307692307693,64.0,162.0,2621.0,91.0,0.27702087210956516,0.8279067610955919
4year.arff,1,Extra_trees,2800,1400,2938,155,triad,0.33786872206496316,0.40031224245030356,0.3905525000000125,0.6223498401564087,0.43870967741935485,0.8828602227811714,0.17258883248730963,0.24772313296903462,0.19641825534373192,0.3353057199211045,0.21095565834428867,0.43393043773049095,0.6607849501002632,0.11713977721882861,0.13410483321987746,68.0,326.0,2457.0,87.0,0.15388917748322406,0.7635343618513324
4year.arff,1,HistGB_fair,2800,1400,2938,155,triad,0.03837142045827017,0.6777207196189069,4.469624500000009,0.7276487616412607,0.5419354838709678,0.9770032339202299,0.5675675675675675,0.5544554455445545,0.5622489959839357,0.546875,0.5304025060301553,0.6548618924725736,0.7594693588955989,0.022996766079770033,0.05037440435670524,84.0,64.0,2719.0,71.0,0.5859435477259436,0.909937060262191
4year.arff,1,Balanced_forest_reference,2800,1400,2938,155,triad,0.5608046413502108,0.4880810638827904,0.33852999999999156,0.6245084304748014,0.432258064516129,0.9022637441609773,0.1976401179941003,0.27125506072874495,0.22170747849106553,0.34932221063607927,0.23406899995483593,0.45027050926348766,0.6672609043385531,0.09773625583902264,0.11538461538461539,67.0,272.0,2511.0,88.0,0.24078896667664335,0.8069500307164466
4year.arff,1,EasyEnsemble_reference,2800,1400,2938,155,triad,0.5173418984135482,0.56949827307978,1.705870300000015,0.6258026038298956,0.41935483870967744,0.9338842975206612,0.26104417670682734,0.32178217821782185,0.2823631624674197,0.37399309551208293,0.2835281549348914,0.480644128206727,0.6766195681151693,0.06611570247933884,0.08475153165418652,65.0,184.0,2599.0,90.0,0.2118333061742429,0.8183904581966548
4year.arff,2,Balanced_logistic,2800,1400,2938,155,triad,0.6405618716888797,0.46767722531576844,0.09101170000002412,0.5911243343206145,0.3935483870967742,0.8878907653611211,0.16353887399463807,0.23106060606060608,0.1851851851851852,0.3071500503524673,0.18897696326316976,0.40419305521743765,0.6407195762289477,0.11210923463887891,0.1269571136827774,61.0,312.0,2471.0,94.0,0.18613009303522549,0.7463377881840205
4year.arff,2,Random_forest,2800,1400,2938,155,triad,0.24609911947094631,0.4986846479918773,0.6816718999999694,0.6460726353336153,0.45806451612903226,0.9112468559108875,0.22327044025157233,0.30021141649048627,0.24877365101611776,0.37846481876332627,0.26573632674844483,0.48047545528174634,0.6846556860199599,0.08875314408911247,0.10823689584751532,71.0,247.0,2536.0,84.0,0.2713222861924509,0.8163260811609658
4year.arff,2,Extra_trees,2800,1400,2938,155,triad,0.33103025119827345,0.4171855778541353,0.34757819999998674,0.6000707016172069,0.4129032258064516,0.8720804886812792,0.1523809523809524,0.2226086956521739,0.17438692098092645,0.30769230769230776,0.18200779444295012,0.40317934742923256,0.6424918572438654,0.1279195113187208,0.14295439074200136,64.0,356.0,2427.0,91.0,0.16416391656914658,0.7749620391084117
4year.arff,2,HistGB_fair,2800,1400,2938,155,triad,0.03135558101866676,0.6135649209718695,5.101220299999966,0.7417530778220593,0.567741935483871,0.969098095580309,0.5057471264367817,0.5349544072948329,0.5170387779083431,0.5541561712846347,0.5084212588095156,0.6540046033764638,0.7684200155320899,0.03090190441969098,0.05922396187882913,88.0,86.0,2697.0,67.0,0.6013866605405898,0.905782805744555
4year.arff,2,Balanced_forest_reference,2800,1400,2938,155,triad,0.5813142053445853,0.4981957591542086,0.43371199999995724,0.627144010727126,0.43870967741935485,0.8965145526410349,0.19101123595505617,0.26614481409001955,0.21532615579480682,0.3483606557377049,0.2296438061244716,0.4486728235735745,0.6676121150301948,0.10348544735896514,0.1211708645336964,68.0,288.0,2495.0,87.0,0.20147608749075704,0.7899539832856166
4year.arff,2,EasyEnsemble_reference,2800,1400,2938,155,triad,0.5158106220192501,0.5082326139694497,1.9155676999999969,0.619388910811946,0.41935483870967744,0.9148401006108516,0.2152317880794702,0.2844638949671773,0.23844460748349233,0.3524945770065076,0.24600625344148266,0.45529302753045753,0.6670974696602645,0.0851598993891484,0.10279101429543908,65.0,237.0,2546.0,90.0,0.1916348467248511,0.801984398363335
4year.arff,3,Balanced_logistic,2800,1400,2938,155,triad,0.5623500038472425,0.3677739387461192,0.10364179999999124,0.5906005530378726,0.4129032258064516,0.8447718289615522,0.12903225806451613,0.19662058371735788,0.1496026180458158,0.2867383512544803,0.15377338028107937,0.3771287311644374,0.6288375273840019,0.15522817103844772,0.1688223281143635,64.0,432.0,2351.0,91.0,0.16926742112739415,0.7304996928355337
4year.arff,3,Random_forest,2800,1400,2938,155,triad,0.1932436097670583,0.4334911502969081,0.80841479999998,0.7552688749398299,0.6709677419354839,0.8501616960114984,0.19961612284069097,0.3076923076923077,0.23224653863331846,0.455740578439965,0.30500774820880727,0.5582619338910401,0.7605647189734912,0.14983830398850162,0.17733151803948263,104.0,417.0,2366.0,51.0,0.26444642948547853,0.8468744566666281
4year.arff,3,Extra_trees,2800,1400,2938,155,triad,0.31564614649502776,0.31892561944929465,0.44970140000003767,0.6349321799311306,0.4774193548387097,0.8444125044915559,0.14595660749506903,0.22356495468277945,0.1694915254237288,0.32830523513753324,0.19039477570163665,0.42498137924929386,0.6609159296651328,0.1555874955084441,0.17256637168141592,74.0,433.0,2350.0,81.0,0.14514737752897,0.7818622280435361
4year.arff,3,HistGB_fair,2800,1400,2938,155,triad,0.008263722764607708,0.5906231669950551,5.193152699999985,0.8176929135560399,0.7354838709677419,0.9090909090909091,0.3106267029972752,0.43678160919540227,0.35120147874306834,0.5775075987841944,0.4358245504908503,0.6629753577000503,0.8222873900293255,0.09090909090909091,0.1249149081007488,114.0,253.0,2530.0,41.0,0.5611185759452938,0.9123271475432638
4year.arff,3,Balanced_forest_reference,2800,1400,2938,155,triad,0.5595400140646976,0.44373505919133643,0.3741697000000386,0.6842072132207129,0.535483870967742,0.8742364355012576,0.19168591224018475,0.28231292517006806,0.21992580816110224,0.39411206077872746,0.2583819240322657,0.4945525834646988,0.7048601532344998,0.12576356449874238,0.14737916950306332,83.0,350.0,2433.0,72.0,0.1944412594110079,0.80913379620507
4year.arff,3,EasyEnsemble_reference,2800,1400,2938,155,triad,0.514680496782761,0.44373505919133643,1.8274432999999703,0.6561203374988205,0.4838709677419355,0.8896873877111031,0.19633507853403143,0.27932960893854747,0.22281639928698757,0.37425149700598803,0.24829547266934127,0.47458273340008217,0.6867791777265193,0.11031261228889687,0.1300204220558203,75.0,307.0,2476.0,80.0,0.20916587334030562,0.8348498371448774
4year.arff,4,Balanced_logistic,2800,1400,2938,155,triad,0.5915230032648994,0.4986846479918773,0.10531930000001921,0.6062337718526674,0.41935483870967744,0.8763923823212361,0.15892420537897312,0.23049645390070925,0.18146286990508098,0.31584062196307094,0.1909884288616617,0.41250489154225606,0.6478736105154568,0.12360761767876392,0.13921034717494896,65.0,344.0,2439.0,90.0,0.18796594861347876,0.7297717710059926
4year.arff,4,Random_forest,2800,1400,2938,155,triad,0.2226229643818345,0.5373821881850763,0.7583791000000133,0.6582791212558272,0.4774193548387097,0.9076536112109235,0.22356495468277945,0.3045267489711934,0.25016903313049355,0.38906414300736064,0.27225820064519224,0.4904563673423986,0.6925364830248166,0.09234638878907654,0.11266167460857726,74.0,257.0,2526.0,81.0,0.2563966786171135,0.8221227962398432
4year.arff,4,Extra_trees,2800,1400,2938,155,triad,0.3170439746454791,0.43705491297050963,0.3640689999999722,0.6167521399724392,0.43870967741935485,0.8670499461013295,0.1552511415525114,0.22934232715008432,0.1782905086523335,0.3213610586011342,0.19190908184276362,0.41793199422304345,0.6528798117603422,0.1329500538986705,0.14908100748808714,68.0,370.0,2413.0,87.0,0.1434925521473279,0.7543959292014882
4year.arff,4,HistGB_fair,2800,1400,2938,155,triad,0.013427571778749836,0.6451065638533896,3.637989300000015,0.7359311823669846,0.5741935483870968,0.9432267337405678,0.3603238866396761,0.44278606965174133,0.389326334208224,0.5132641291810843,0.41683154219238994,0.6088986273489998,0.7587101410638323,0.05677326625943227,0.084070796460177,89.0,158.0,2625.0,66.0,0.5170709128163906,0.8835290299398421
4year.arff,4,Balanced_forest_reference,2800,1400,2938,155,triad,0.5918795710267231,0.5044489641114127,0.33141400000005206,0.5904572660357263,0.38064516129032255,0.9159180740208408,0.20136518771331058,0.26339285714285715,0.22230595327807084,0.32311062431544363,0.22125501068967257,0.4256866389220287,0.6482816176555817,0.08408192597915919,0.09972770592239619,59.0,234.0,2549.0,96.0,0.20339459750536554,0.8028015717547783
4year.arff,4,EasyEnsemble_reference,2800,1400,2938,155,triad,0.5143659587662437,0.5277226527140746,1.8646599000000492,0.6300280231896742,0.43870967741935485,0.9047790154509522,0.2042042042042042,0.2786885245901639,0.22864828513786148,0.3567681007345226,0.24221939608772214,0.45811679844904796,0.6717443464351536,0.09522098454904779,0.1133424098025868,68.0,265.0,2518.0,87.0,0.1994713534475817,0.8367507795022777
4year.arff,5,Balanced_logistic,2800,1400,2938,155,triad,0.5895025764163995,0.30122662387109345,0.08576479999999265,0.6435199875196405,0.4774193548387097,0.8674092705713259,0.1670428893905192,0.24749163879598662,0.192008303061754,0.34807149576669805,0.2154212914163618,0.4468251076748468,0.6724143127050177,0.1325907294286741,0.15078284547311097,74.0,369.0,2414.0,81.0,0.1673435027325472,0.7594681997844054
4year.arff,5,Random_forest,2800,1400,2938,155,triad,0.2164732683618827,0.5373821881850763,0.6941853999999807,0.6849843609155766,0.5096774193548387,0.9205892921307941,0.2633333333333333,0.34725274725274724,0.29151291512915123,0.42934782608695643,0.3176597403207041,0.5302017574054492,0.7151333557428163,0.0794107078692059,0.10211027910142954,79.0,221.0,2562.0,76.0,0.291539712137828,0.8532287042295967
4year.arff,5,Extra_trees,2800,1400,2938,155,triad,0.2858688120766606,0.3435665737316327,0.34783310000000256,0.6566501077405593,0.5161290322580645,0.8354293927416457,0.14869888475836432,0.23088023088023088,0.17338534893801474,0.3454231433506045,0.2031997661013,0.4441507650038386,0.6757792124998552,0.1645706072583543,0.18311776718856365,80.0,458.0,2325.0,75.0,0.15581967714599798,0.7710987215003534
4year.arff,5,HistGB_fair,2800,1400,2938,155,triad,0.026152087742136426,0.6640937619024662,3.573140099999989,0.732323403303216,0.5548387096774193,0.9665828242903342,0.48044692737430167,0.5149700598802396,0.49368541905855345,0.5381727158948686,0.487314180769868,0.6393494443455237,0.7607107669838767,0.033417175709665826,0.060925799863852964,86.0,93.0,2690.0,69.0,0.588006662795613,0.9078738423376953
4year.arff,5,Balanced_forest_reference,2800,1400,2938,155,triad,0.49825917018284127,0.42542116353046905,0.36843659999999545,0.6846255265127508,0.5548387096774193,0.8447718289615522,0.16602316602316602,0.2555720653789004,0.1930848675348002,0.3778558875219684,0.23441576866798347,0.4789582585646231,0.6998052693194858,0.15522817103844772,0.17631041524846836,86.0,432.0,2351.0,69.0,0.21377363117822004,0.8228692638484809
4year.arff,5,EasyEnsemble_reference,2800,1400,2938,155,triad,0.5109308758598249,0.5083251220008094,1.9396403000000078,0.6672475147066922,0.49032258064516127,0.9080129356809199,0.2289156626506024,0.3121149897330595,0.2562373567093729,0.3991596638655462,0.2812647036849876,0.5002991000665258,0.6991677581630406,0.09198706431908013,0.11300204220558203,76.0,256.0,2527.0,79.0,0.22618315911979245,0.8562076199969862
4year.arff,6,Balanced_logistic,2800,1400,2938,155,triad,0.6187910559625704,0.4852608853733237,0.09625510000000759,0.6309398927855785,0.4645161290322581,0.8569888609414301,0.15319148936170213,0.23039999999999997,0.1769041769041769,0.33027522935779813,0.19605984883682126,0.427354432618292,0.6607524949868441,0.14301113905856988,0.15997277059223963,72.0,398.0,2385.0,83.0,0.15837014076168718,0.7418914376456133
4year.arff,6,Random_forest,2800,1400,2938,155,triad,0.22402628727321006,0.6018496929393892,0.7166512000000012,0.6978509378941256,0.535483870967742,0.9094502335609055,0.24776119402985075,0.3387755102040816,0.27759197324414714,0.43455497382198954,0.31293825800221187,0.5341476613163,0.7224670522643237,0.0905497664390945,0.11402314499659633,83.0,252.0,2531.0,72.0,0.2320149939273328,0.842527789690865
4year.arff,6,Extra_trees,2800,1400,2938,155,triad,0.32474736417999256,0.43368900404591276,0.35687969999997904,0.6389720860971949,0.4774193548387097,0.8551922385914481,0.15513626834381553,0.23417721518987344,0.17935046049442563,0.33728350045578853,0.2016252127678482,0.4350136356994671,0.666305796715079,0.14480776140855192,0.16235534377127298,74.0,403.0,2380.0,81.0,0.1395645078370284,0.7760040800714011
4year.arff,6,HistGB_fair,2800,1400,2938,155,triad,0.01752945116420934,0.717135189447922,3.591979600000002,0.802389127823909,0.6774193548387096,0.9504132231404959,0.43209876543209874,0.5276381909547738,0.4658385093167701,0.608342989571263,0.5095464474077774,0.68968579781827,0.8139162889896028,0.049586776859504134,0.08270932607215793,105.0,138.0,2645.0,50.0,0.6355396447033225,0.920744613030728
4year.arff,6,Balanced_forest_reference,2800,1400,2938,155,triad,0.5689968937110704,0.5179066454894258,0.3904455999999641,0.6640050570571933,0.4967741935483871,0.8875314408911247,0.19743589743589743,0.2825688073394495,0.22448979591836732,0.3811881188118812,0.2532020332226995,0.48150779356164936,0.6921528172197559,0.11246855910887532,0.13274336283185842,77.0,313.0,2470.0,78.0,0.1726487039548706,0.807402084081926
4year.arff,6,EasyEnsemble_reference,2800,1400,2938,155,triad,0.5142315874753501,0.4986846479918773,1.8833808999999633,0.6608799971357985,0.49032258064516127,0.8907653611210924,0.2,0.2841121495327103,0.22686567164179106,0.38,0.25386661430928753,0.4804154162501276,0.6905439708831268,0.10923463887890765,0.12933968686181074,76.0,304.0,2479.0,79.0,0.184492812017903,0.8154880437680386
4year.arff,7,Balanced_logistic,2800,1400,2938,155,triad,0.6624900135258668,0.4986846479918773,0.09979870000000801,0.6296525967843901,0.43870967741935485,0.903701042040963,0.20238095238095238,0.2769857433808554,0.22681787858572383,0.35564853556485354,0.2405174106107229,0.45685968824847184,0.6712053597301589,0.09629895795903701,0.11436351259360109,68.0,268.0,2515.0,87.0,0.23286753773028995,0.7636154996348801
4year.arff,7,Random_forest,2800,1400,2938,155,triad,0.25640190184811323,0.5721373929428745,0.7132992999999601,0.6459183253335009,0.45161290322580644,0.9238232123607618,0.24822695035460993,0.3203661327231121,0.2727981293842557,0.3880266075388027,0.2849180153914298,0.49169037575056845,0.6877180577932841,0.07617678763923823,0.09598366235534377,70.0,212.0,2571.0,85.0,0.28202796537938646,0.8377151600153002
4year.arff,7,Extra_trees,2800,1400,2938,155,triad,0.3574619949093594,0.46767722531576844,0.3514653000000294,0.6147492281741693,0.4258064516129032,0.8875314408911247,0.1741424802110818,0.24719101123595508,0.19748653500897667,0.3303303303303303,0.20896840235612796,0.429034485838863,0.6566689462520139,0.11246855910887532,0.12899931926480598,66.0,313.0,2470.0,89.0,0.16077110595634297,0.7659569042458243
4year.arff,7,HistGB_fair,2800,1400,2938,155,triad,0.011303416630153336,0.6897145741191905,3.6784450999999763,0.8061693431105572,0.7032258064516129,0.9241825368307581,0.340625,0.45894736842105266,0.3797909407665505,0.5797872340425532,0.4502077135556435,0.6638783354986738,0.8137041716411855,0.07581746316924183,0.10891763104152484,109.0,211.0,2572.0,46.0,0.5794276206839012,0.9155309308821996
4year.arff,7,Balanced_forest_reference,2800,1400,2938,155,triad,0.6231879395218003,0.5294673704083073,0.3527794999999969,0.6179275114241891,0.41935483870967744,0.9105282069708948,0.2070063694267516,0.2771855010660981,0.23033309709425942,0.34796573875803,0.23869081559902558,0.4500252933889365,0.6649415228402861,0.08947179302910528,0.10687542545949626,65.0,249.0,2534.0,90.0,0.22980463038829116,0.8077034529922456
4year.arff,7,EasyEnsemble_reference,2800,1400,2938,155,triad,0.5138622062368721,0.5221119325346215,1.8007845000000202,0.6941688136338963,0.5548387096774193,0.8684872439813152,0.1902654867256637,0.2833607907742998,0.21905247070809983,0.40111940298507465,0.26228748458292284,0.5018445996710911,0.7116629768293672,0.13151275601868487,0.15384615384615385,86.0,366.0,2417.0,69.0,0.2444752937978996,0.8244062452911108
4year.arff,8,Balanced_logistic,2800,1400,2938,155,triad,0.6045411599412567,0.4931004692201087,0.09994800000004034,0.6455162284458307,0.4774193548387097,0.872799137621272,0.17289719626168223,0.2538593481989708,0.19817889662560256,0.3530534351145038,0.22192323843233866,0.45220882875542456,0.6751092462299908,0.127200862378728,0.1456773315180395,74.0,354.0,2429.0,81.0,0.14680716718780482,0.7558448181934093
4year.arff,8,Random_forest,2800,1400,2938,155,triad,0.20084079557388732,0.46898158821559605,0.7187528000000043,0.738911398495083,0.6387096774193548,0.8548329141214517,0.19681908548707752,0.3009118541033435,0.22842639593908626,0.4407836153161175,0.2928961169852287,0.5427911800575717,0.7467712957704032,0.14516708587854832,0.17120490129339686,99.0,404.0,2379.0,56.0,0.24885080393037529,0.8328897801166066
4year.arff,8,Extra_trees,2800,1400,2938,155,triad,0.336559462507826,0.3673254871868731,0.35035139999996545,0.712309411291205,0.5935483870967742,0.8548329141214517,0.18548387096774194,0.282642089093702,0.21505376344086025,0.41218637992831547,0.2675816190481975,0.5139622409320803,0.7241906506091129,0.14516708587854832,0.1688223281143635,92.0,404.0,2379.0,63.0,0.16413796860723728,0.7954875801235614
4year.arff,8,HistGB_fair,2800,1400,2938,155,triad,0.00865074045491707,0.6109551320491069,3.0545367000000283,0.8071809204458485,0.7161290322580646,0.9098095580309019,0.30662983425414364,0.42940038684719534,0.34622582657517154,0.5651731160896131,0.4257228541356018,0.6521631368359225,0.8129692951444832,0.09019044196909809,0.12321307011572498,111.0,251.0,2532.0,44.0,0.569871411741395,0.9065373871315476
4year.arff,8,Balanced_forest_reference,2800,1400,2938,155,triad,0.5410431504922641,0.39686278414074305,0.3670604999999796,0.740025885319675,0.6580645161290323,0.832195472511678,0.17926186291739896,0.281767955801105,0.20979020979020982,0.4289318755256518,0.27733854929622753,0.5335412729440083,0.7451299943203551,0.16780452748832195,0.19366916269571136,102.0,467.0,2316.0,53.0,0.2168215548361538,0.8094826886743245
4year.arff,8,EasyEnsemble_reference,2800,1400,2938,155,triad,0.5077684227591587,0.4206786995831619,1.8345814999999561,0.7693158076269213,0.6903225806451613,0.8573481854114265,0.2123015873015873,0.32473444613050073,0.2464302164900967,0.47597864768683273,0.32476293420414504,0.5771099866930317,0.7738353830282939,0.14265181458857348,0.17154526889040164,107.0,397.0,2386.0,48.0,0.24542647752007596,0.8608382692151658
4year.arff,9,Balanced_logistic,2800,1400,2938,155,triad,0.6539553739298014,0.5451278992433869,0.18422839999999496,0.57652185818845,0.3741935483870968,0.8882500898311175,0.15718157181571815,0.2213740458015267,0.1778050275904353,0.29322548028311424,0.177036684130765,0.38895402860424205,0.6312218191091071,0.1117499101688825,0.12559564329475834,58.0,311.0,2472.0,97.0,0.18229849107198043,0.7276691433009169
4year.arff,9,Random_forest,2800,1400,2938,155,triad,0.2280464600945471,0.5835169028621333,0.9027917999999886,0.6351475602990004,0.44516129032258067,0.9062163133309379,0.20909090909090908,0.2845360824742268,0.23389830508474577,0.3631578947368421,0.24876298845449868,0.46470606932159414,0.6756888018267593,0.09378368666906216,0.1123213070115725,69.0,261.0,2522.0,86.0,0.2837548299612326,0.8142164987887289
4year.arff,9,Extra_trees,2800,1400,2938,155,triad,0.33862392557339643,0.5048635874201697,0.5816426999999749,0.6145757374653885,0.43870967741935485,0.8609414301113906,0.14945054945054945,0.22295081967213112,0.17215189873417722,0.3162790697674419,0.18515876754369293,0.4120010926053465,0.6498255537653728,0.1390585698886094,0.15486725663716813,68.0,387.0,2396.0,87.0,0.162447351155148,0.7466229295376305
4year.arff,9,HistGB_fair,2800,1400,2938,155,triad,0.023269603517377325,0.7172594550941671,5.986272999999983,0.732323403303216,0.5548387096774193,0.9665828242903342,0.48044692737430167,0.5149700598802396,0.49368541905855345,0.5381727158948686,0.487314180769868,0.6393494443455237,0.7607107669838767,0.033417175709665826,0.060925799863852964,86.0,93.0,2690.0,69.0,0.5965214637573973,0.877398490837226
4year.arff,9,Balanced_forest_reference,2800,1400,2938,155,triad,0.5964748382559775,0.5373821881850763,0.5120355999999902,0.6078663227023354,0.4064516129032258,0.9090909090909091,0.19936708860759494,0.267515923566879,0.22198731501057084,0.3365384615384615,0.22767768117116347,0.4381729282328898,0.6577712609970674,0.09090909090909091,0.10755616065350579,63.0,253.0,2530.0,92.0,0.2104125191640548,0.8010176996279254
4year.arff,9,EasyEnsemble_reference,2800,1400,2938,155,triad,0.5142975338094822,0.5358910800181638,2.784321499999976,0.656190998242927,0.4774193548387097,0.901904419690981,0.2132564841498559,0.2948207171314741,0.2397926117952041,0.3826266804550155,0.26274476500974,0.48365038316011133,0.6896618872648453,0.09809558030901905,0.1181075561606535,74.0,273.0,2510.0,81.0,0.20322871841882434,0.8164895158392544
4year.arff,10,Balanced_logistic,2800,1400,2938,155,triad,0.5210990662639235,0.3052523335839581,0.14824370000002318,0.6894069580428006,0.5806451612903226,0.8185411426518145,0.15126050420168066,0.23999999999999996,0.17751479289940827,0.3703703703703704,0.2220513701735921,0.4725722988714529,0.6995931519710685,0.1814588573481854,0.20251872021783526,90.0,505.0,2278.0,65.0,0.2361167268478828,0.7703452992245546
4year.arff,10,Random_forest,2800,1400,2938,155,triad,0.2173251622900488,0.5358910800181638,0.9045208999999659,0.7042331076666409,0.5612903225806452,0.8835788717211642,0.2116788321167883,0.3074204946996466,0.24180100055586434,0.4219204655674102,0.28670235065079874,0.5219409561939795,0.7224345971509047,0.11642112827883579,0.13989108236895847,87.0,324.0,2459.0,68.0,0.22399335576793414,0.8516082667810324
4year.arff,10,Extra_trees,2800,1400,2938,155,triad,0.3289279464166593,0.43705491297050963,0.39607009999997445,0.664371539500912,0.5161290322580645,0.8551922385914481,0.16563146997929606,0.25078369905956116,0.191662673694298,0.36264732547597456,0.2239612933381329,0.46237924920368,0.6856606354247563,0.14480776140855192,0.16439754935330156,80.0,403.0,2380.0,75.0,0.17196673924005473,0.8035538349193838
4year.arff,10,HistGB_fair,2800,1400,2938,155,triad,0.022929646362128304,0.6658978333035337,4.36376260000003,0.7929335655509391,0.6580645161290323,0.9554437657204455,0.45132743362831856,0.5354330708661418,0.4815864022662889,0.6028368794326241,0.5146877357739335,0.6865504794881592,0.806754140924739,0.044556234279554435,0.07692307692307693,102.0,124.0,2659.0,53.0,0.5842390092546358,0.9203203783338936
4year.arff,10,Balanced_forest_reference,2800,1400,2938,155,triad,0.5255004219409283,0.44016119774470924,0.3597858000000542,0.7201696352582767,0.6129032258064516,0.8462091268415379,0.18164435946462715,0.28023598820059,0.2113929684023142,0.41557305336832895,0.2683070091161078,0.5182037404590625,0.7295561763239948,0.1537908731584621,0.17801225323349218,95.0,428.0,2355.0,60.0,0.20179499610626025,0.8308022208570467
4year.arff,10,EasyEnsemble_reference,2800,1400,2938,155,triad,0.5088049355683745,0.4525119221228198,1.973387500000058,0.7148466694212345,0.6064516129032258,0.8426158821415738,0.17669172932330826,0.27365356622998543,0.20586946999561978,0.40798611111111116,0.2606936454704972,0.5107229969093792,0.7245337475223999,0.15738411785842615,0.18107556160653507,94.0,438.0,2345.0,61.0,0.18225246468915865,0.833672180172244
5year.arff,1,Balanced_logistic,2800,1035,1773,123,triad,0.5965450173157869,0.5849705360686454,0.08771630000001096,0.7323281426380052,0.5934959349593496,0.9036363636363637,0.3146551724137931,0.4112676056338028,0.3472882968601332,0.5041436464088398,0.3745598273010903,0.5856581815356783,0.7485661492978566,0.09636363636363636,0.1308516638465877,73.0,159.0,1491.0,50.0,0.35357549512862924,0.8307711258930771
5year.arff,1,Random_forest,2800,1035,1773,123,triad,0.31770053281882066,0.6495414461860222,0.7983392000001004,0.7432176703653091,0.5853658536585366,0.9436363636363636,0.43636363636363634,0.5,0.4597701149425286,0.547945205479452,0.4626654037033141,0.6345994524984584,0.76450110864745,0.056363636363636366,0.09306260575296109,72.0,93.0,1557.0,51.0,0.47984982542202265,0.9056910569105691
5year.arff,1,Extra_trees,2800,1035,1773,123,triad,0.39030416093208753,0.5949117281701004,0.38038010000002487,0.7311868067337262,0.5853658536585366,0.9133333333333333,0.33488372093023255,0.4260355029585799,0.3662258392675483,0.5091937765205091,0.3881773862288878,0.59205534764849,0.7493495934959349,0.08666666666666667,0.1212633953750705,72.0,143.0,1507.0,51.0,0.4020840351392427,0.8525153978812515
5year.arff,1,HistGB_fair,2800,1035,1773,123,triad,0.02227555994476811,0.747138709864155,4.531830100000093,0.8957566056280233,0.8373983739837398,0.9581818181818181,0.5988372093023255,0.6983050847457627,0.6350184956843403,0.7756024096385542,0.682996691967516,0.8183383040764258,0.8977900960827789,0.04181818181818182,0.09701071630005641,103.0,69.0,1581.0,20.0,0.7775285005475753,0.9519389012071938
5year.arff,1,Balanced_forest_reference,2800,1035,1773,123,triad,0.6176300984528832,0.6273503935505278,0.4121783000000505,0.7222777472165182,0.5528455284552846,0.9436363636363636,0.422360248447205,0.47887323943661975,0.4432855280312908,0.5206738131699847,0.4390383771865477,0.6118387580174609,0.7482409460458241,0.056363636363636366,0.09080654258319233,68.0,93.0,1557.0,55.0,0.43065932772084786,0.8815915250061591
5year.arff,1,EasyEnsemble_reference,2800,1035,1773,123,triad,0.5109859775520023,0.677658968023628,2.290888999999993,0.7660767678181394,0.6341463414634146,0.9254545454545454,0.3880597014925373,0.4814814814814815,0.42071197411003236,0.5627705627705628,0.4484857230436708,0.6408618249433282,0.77980044345898,0.07454545454545454,0.11336717428087986,78.0,123.0,1527.0,45.0,0.49616806925402146,0.8997240699679724
5year.arff,2,Balanced_logistic,2800,1035,1773,123,triad,0.6587511750740769,0.6241544322472907,0.07556589999990138,0.7221549421918753,0.5691056910569106,0.9163636363636364,0.33653846153846156,0.4229607250755287,0.3664921465968587,0.5000000000000001,0.3833253008750802,0.5847130052704398,0.7427346637102734,0.08363636363636363,0.11731528482797518,70.0,138.0,1512.0,53.0,0.37439251232822535,0.8329046563192906
5year.arff,2,Random_forest,2800,1035,1773,123,triad,0.28617479144727037,0.6855112012456219,0.6597894000000224,0.7799027740871454,0.6585365853658537,0.9236363636363636,0.391304347826087,0.49090909090909096,0.42586750788643535,0.5793991416309013,0.4606440841365673,0.6543580900317469,0.7910864745011086,0.07636363636363637,0.116751269035533,81.0,126.0,1524.0,42.0,0.43271663755746603,0.8855678738605568
5year.arff,2,Extra_trees,2800,1035,1773,123,triad,0.44019553136183454,0.6244655500493795,0.3313423000000739,0.7482425825265404,0.6097560975609756,0.9181818181818182,0.35714285714285715,0.45045045045045046,0.38940809968847356,0.5341880341880343,0.415133943482675,0.6148337443715802,0.7639689578713968,0.08181818181818182,0.11844331641285956,75.0,135.0,1515.0,48.0,0.3868193842353464,0.8489283074648927
5year.arff,2,HistGB_fair,2800,1035,1773,123,triad,0.2920360549255547,0.7675852862779888,4.055866899999955,0.740600955850618,0.5528455284552846,0.9921212121212121,0.8395061728395061,0.6666666666666666,0.7606263982102909,0.5933682373472949,0.6631653660994655,0.7138332793515103,0.7724833702882483,0.00787878787878788,0.04568527918781726,68.0,13.0,1637.0,55.0,0.7406365906758284,0.9474008376447401
5year.arff,2,Balanced_forest_reference,2800,1035,1773,123,triad,0.553377552742616,0.6812743319440063,0.4379976999999826,0.7750259276115004,0.6585365853658537,0.9121212121212121,0.3584070796460177,0.4641833810888253,0.3943524829600779,0.564066852367688,0.4347813505626604,0.6391966008570911,0.785328898743533,0.08787878787878788,0.12746756909193457,81.0,145.0,1505.0,42.0,0.4063865121394865,0.8739172209903917
5year.arff,2,EasyEnsemble_reference,2800,1035,1773,123,triad,0.5120693743688357,0.7110299965221376,2.1358724000000393,0.8009725549306641,0.6991869918699187,0.9175757575757576,0.38738738738738737,0.49855072463768113,0.42532146389713155,0.6022408963585434,0.47351122358024467,0.6722361285532964,0.8083813747228381,0.08242424242424243,0.12521150592216582,86.0,136.0,1514.0,37.0,0.47321334409292076,0.9061246612466124
5year.arff,3,Balanced_logistic,2800,1035,1773,123,triad,0.6258498666928334,0.5451411320632317,0.0725987000000714,0.7504617942682487,0.6097560975609756,0.9236363636363636,0.373134328358209,0.4629629629629629,0.40453074433656966,0.5411255411255412,0.4274812803525852,0.6220969786099634,0.7666962305986695,0.07636363636363637,0.11336717428087986,75.0,126.0,1524.0,48.0,0.44917311291846623,0.8573638827297364
5year.arff,3,Random_forest,2800,1035,1773,123,triad,0.2305987596689315,0.6241544322472907,0.7554409000000533,0.7957759882676317,0.6910569105691057,0.9163636363636364,0.3811659192825112,0.4913294797687862,0.4187192118226601,0.5944055944055944,0.4654421668233944,0.6655016383715548,0.803710273466371,0.08363636363636363,0.125775521714608,85.0,138.0,1512.0,38.0,0.44160122272441604,0.9191771372259178
5year.arff,3,Extra_trees,2800,1035,1773,123,triad,0.36532541923024253,0.565764830061662,0.46277440000005754,0.7551449545875443,0.6260162601626016,0.9109090909090909,0.34375,0.4438040345821326,0.3778213935230618,0.5377094972067039,0.41063760620235845,0.6163675835072631,0.7684626755358462,0.0890909090909091,0.1263395375070502,77.0,147.0,1503.0,46.0,0.37237186491596913,0.8756935205715694
5year.arff,3,HistGB_fair,2800,1035,1773,123,triad,0.03357279372512474,0.7411206193990206,4.878755599999977,0.8391739154134984,0.7317073170731707,0.9624242424242424,0.5921052631578947,0.6545454545454544,0.615595075239398,0.6987577639751553,0.6299745674117053,0.7626799386370059,0.8470657797487066,0.037575757575757575,0.08573040045121263,90.0,62.0,1588.0,33.0,0.6915031446359206,0.9517516629711752
5year.arff,3,Balanced_forest_reference,2800,1035,1773,123,triad,0.5321236849507738,0.565764830061662,0.43380390000004354,0.782123501575788,0.6666666666666666,0.9175757575757576,0.3761467889908257,0.48093841642228735,0.41206030150753764,0.5774647887323943,0.45205801534564694,0.6515007929616645,0.7921212121212121,0.08242424242424243,0.12295544275239707,82.0,136.0,1514.0,41.0,0.41924982947043915,0.901170238975117
5year.arff,3,EasyEnsemble_reference,2800,1035,1773,123,triad,0.5110764211676557,0.604806861288037,2.141943699999956,0.7822022467157609,0.6585365853658537,0.9290909090909091,0.4090909090909091,0.5046728971962617,0.44262295081967207,0.5869565217391304,0.4740495748287126,0.6619430496856752,0.7938137472283814,0.07090909090909091,0.1116751269035533,81.0,117.0,1533.0,42.0,0.45677976530294784,0.914279379157428
5year.arff,4,Balanced_logistic,2800,1035,1773,123,triad,0.6530571001292329,0.6070314127034797,0.07578560000001744,0.7470068383594637,0.6097560975609756,0.9151515151515152,0.3488372093023256,0.4437869822485207,0.3814852492370295,0.5304101838755304,0.40857749607219984,0.6109061996992057,0.7624538063562454,0.08484848484848485,0.1212633953750705,75.0,140.0,1510.0,48.0,0.4409787858161432,0.8560187238236019
5year.arff,4,Random_forest,2800,1035,1773,123,triad,0.2398776573058853,0.7080566112606136,0.6914027999999917,0.7790430703399466,0.6747967479674797,0.8993939393939394,0.3333333333333333,0.446236559139785,0.3708668453976765,0.5600539811066128,0.4199122218650189,0.634006656566798,0.7870953436807095,0.1006060606060606,0.1404399323181049,83.0,166.0,1484.0,40.0,0.4306957106831693,0.8825622074402563
5year.arff,4,Extra_trees,2800,1035,1773,123,triad,0.513947557506053,0.6566042158208464,0.34247820000007323,0.6257117159804118,0.4146341463414634,0.9442424242424242,0.35664335664335667,0.3834586466165414,0.36690647482014394,0.4015748031496063,0.3348712112722528,0.5080137443055768,0.6794382852919438,0.055757575757575756,0.08065425831923294,51.0,92.0,1558.0,72.0,0.39696081522912785,0.8508056171470805
5year.arff,4,HistGB_fair,2800,1035,1773,123,triad,0.011844066851157487,0.7561410959342301,4.313419500000009,0.8158324925047777,0.7154471544715447,0.9303030303030303,0.43349753694581283,0.5398773006134969,0.4705882352941177,0.6330935251798562,0.5153012806368336,0.6999833975090103,0.8228750923872875,0.0696969696969697,0.11449520586576424,88.0,115.0,1535.0,35.0,0.6824057464528214,0.9323675782212368
5year.arff,4,Balanced_forest_reference,2800,1035,1773,123,triad,0.5191589029535869,0.6896270998142158,0.42453180000006796,0.7488383053691069,0.6260162601626016,0.8957575757575758,0.3092369477911647,0.4139784946236559,0.3440571939231457,0.5195681511470985,0.3815791784417526,0.5981180710991502,0.7608869179600887,0.10424242424242425,0.1404399323181049,77.0,172.0,1478.0,46.0,0.3963362624864116,0.8646119733924612
5year.arff,4,EasyEnsemble_reference,2800,1035,1773,123,triad,0.5164560641077905,0.6991838016117237,2.207630600000016,0.7301347970596318,0.5609756097560976,0.9503030303030303,0.45695364238410596,0.5036496350364965,0.4745529573590096,0.536547433903577,0.4654127521271233,0.6283690568612362,0.7556393200295639,0.0496969696969697,0.08516638465877044,69.0,82.0,1568.0,54.0,0.5297156847834287,0.8935895540773588
5year.arff,5,Balanced_logistic,2800,1035,1773,123,triad,0.6445252622030292,0.5760804529281552,0.0798750999999811,0.6810097860180699,0.4959349593495935,0.9351515151515152,0.3630952380952381,0.4192439862542955,0.3836477987421384,0.4621212121212121,0.3739958348254674,0.5576878167247277,0.7155432372505544,0.06484848484848485,0.09475465313028765,61.0,107.0,1543.0,62.0,0.400706909212299,0.797250554323725
5year.arff,5,Random_forest,2800,1035,1773,123,triad,0.3754205770680299,0.5936589164026048,0.9005170000000362,0.6500213197936301,0.43902439024390244,0.9624242424242424,0.46551724137931033,0.4518828451882845,0.45996592844974443,0.44407894736842096,0.41250979193160314,0.5585942850008945,0.7007243163340724,0.037575757575757575,0.06542583192329385,54.0,62.0,1588.0,69.0,0.4236651413822814,0.8737423010593742
5year.arff,5,Extra_trees,2800,1035,1773,123,triad,0.5212937748862004,0.5802502291107087,0.3580587999999807,0.674941257378414,0.4796747967479675,0.9496969696969697,0.4154929577464789,0.44528301886792454,0.42691751085383506,0.4652996845425868,0.40193595625511025,0.5678447355012802,0.7146858832224686,0.0503030303030303,0.08009024252679076,59.0,83.0,1567.0,64.0,0.3786809381145425,0.8398965262379896
5year.arff,5,HistGB_fair,2800,1035,1773,123,triad,0.07778129364632365,0.752107826695932,5.329513299999917,0.7825328897734815,0.6260162601626016,0.9781818181818182,0.6814159292035398,0.6525423728813559,0.6695652173913043,0.6363636363636364,0.6284642843173252,0.7273809686222613,0.8020990391722098,0.02181818181818182,0.06373378454596729,77.0,36.0,1614.0,46.0,0.7076833701604008,0.9289972899728998
5year.arff,5,Balanced_forest_reference,2800,1035,1773,123,triad,0.7139431786216595,0.5968312111478573,0.48514669999997295,0.6147725650399459,0.3902439024390244,0.9684848484848485,0.48,0.4304932735426009,0.4588910133843212,0.40540540540540543,0.39510519744592637,0.5305348286204394,0.6793643754619365,0.03151515151515152,0.05640157924421884,48.0,52.0,1598.0,75.0,0.4052989419770277,0.8555851194875584
5year.arff,5,EasyEnsemble_reference,2800,1035,1773,123,triad,0.5144325718720013,0.6375538807932302,2.3561823000000004,0.7447475601218609,0.5934959349593496,0.9345454545454546,0.40331491712707185,0.4802631578947369,0.4309327036599764,0.5423476968796433,0.44315093901885877,0.6264070217923443,0.7640206947524021,0.06545454545454546,0.1020868584320361,73.0,108.0,1542.0,50.0,0.4777430742927662,0.8893668391229367
5year.arff,6,Balanced_logistic,2800,1035,1773,123,triad,0.7090936671310393,0.6172508388057291,0.0856036000000131,0.7027626475228941,0.5447154471544715,0.9066666666666666,0.3031674208144796,0.3895348837209302,0.3326713008937438,0.4698457223001402,0.34721372058222405,0.5555690874229267,0.725691056910569,0.09333333333333334,0.12464749012972363,67.0,154.0,1496.0,56.0,0.3166298434825716,0.8044444444444445
5year.arff,6,Random_forest,2800,1035,1773,123,triad,0.2542987730179969,0.6439588434236084,0.8394379000000072,0.7683021855604921,0.6585365853658537,0.8963636363636364,0.32142857142857145,0.43200000000000005,0.35809018567639256,0.5443548387096774,0.4037797629741247,0.6200159976794232,0.777450110864745,0.10363636363636364,0.14213197969543148,81.0,171.0,1479.0,42.0,0.36675735514756796,0.8845134269524514
5year.arff,6,Extra_trees,2800,1035,1773,123,triad,0.46813036146178605,0.6375538807932302,0.42898619999994025,0.677611561248711,0.5040650406504065,0.9109090909090909,0.2966507177033493,0.3734939759036145,0.3232533889468196,0.4422253922967189,0.326982142493614,0.5314901454513679,0.7074870657797487,0.0890909090909091,0.11787930062041738,62.0,147.0,1503.0,61.0,0.30115553470964646,0.8444444444444444
5year.arff,6,HistGB_fair,2800,1035,1773,123,triad,0.01764958904058236,0.7203152382616561,4.9726062999999385,0.8190152061220101,0.7154471544715447,0.9375757575757576,0.4607329842931937,0.5605095541401275,0.49605411499436297,0.6442166910688141,0.535183880101799,0.710715277897121,0.8265114560236512,0.062424242424242424,0.10772701635645798,88.0,103.0,1547.0,35.0,0.6855307458049348,0.9209977827050997
5year.arff,6,Balanced_forest_reference,2800,1035,1773,123,triad,0.5448696202531642,0.6536469139456434,0.39917370000000574,0.7365447388001966,0.6097560975609756,0.8896969696969697,0.2918287937743191,0.3947368421052632,0.32580364900086883,0.5006675567423231,0.3604732566110845,0.5804396939833419,0.7497265336289727,0.1103030303030303,0.1449520586576424,75.0,182.0,1468.0,48.0,0.3422525735490324,0.8673047548657304
5year.arff,6,EasyEnsemble_reference,2800,1035,1773,123,triad,0.5160756301232167,0.6632976211168972,2.219880099999955,0.7488383053691069,0.6260162601626016,0.8957575757575758,0.3092369477911647,0.4139784946236559,0.3440571939231457,0.5195681511470985,0.3815791784417526,0.5981180710991502,0.7608869179600887,0.10424242424242425,0.1404399323181049,77.0,172.0,1478.0,46.0,0.36295297279371125,0.8823133776792315
5year.arff,7,Balanced_logistic,2800,1035,1773,123,triad,0.6642752694027378,0.6391805919774837,0.07225540000001729,0.7023769168568493,0.5365853658536586,0.9193939393939394,0.3316582914572864,0.4099378881987578,0.3590859630032644,0.47756874095513746,0.3670377704579605,0.5657402433613073,0.727989652623799,0.08060606060606061,0.11223914269599548,66.0,133.0,1517.0,57.0,0.3999967340080327,0.8323133776792314
5year.arff,7,Random_forest,2800,1035,1773,123,triad,0.34810745168651336,0.6428649649549155,0.6604872999999998,0.68694223045842,0.4959349593495935,0.9515151515151515,0.4326241134751773,0.4621212121212121,0.44395924308588064,0.4818325434439178,0.4202130294150368,0.5831361725856054,0.7237250554323725,0.048484848484848485,0.07952622673434856,61.0,80.0,1570.0,62.0,0.46303056919453456,0.9030746489283075
5year.arff,7,Extra_trees,2800,1035,1773,123,triad,0.5003373245133198,0.6023321622109059,0.3527296000000888,0.6762795487708728,0.4878048780487805,0.9375757575757576,0.36809815950920244,0.41958041958041953,0.3870967741935484,0.4580152671755725,0.37408087340060103,0.5551444520564136,0.712690317812269,0.062424242424242424,0.09193457416807671,60.0,103.0,1547.0,63.0,0.38166047611065473,0.8675683665927567
5year.arff,7,HistGB_fair,2800,1035,1773,123,triad,0.1227740374814775,0.7633972904206311,4.220333900000014,0.7628798796443635,0.5934959349593496,0.9806060606060606,0.6952380952380952,0.6403508771929824,0.6721915285451198,0.611390284757119,0.6180034671717217,0.7111606929715028,0.7870509977827052,0.019393939393939394,0.05922165820642978,73.0,32.0,1618.0,50.0,0.7230285450181443,0.9518699186991871
5year.arff,7,Balanced_forest_reference,2800,1035,1773,123,triad,0.6334611814345993,0.6384715459105025,0.41802689999997256,0.6945463832547395,0.5121951219512195,0.9418181818181818,0.39622641509433965,0.44680851063829785,0.41501976284584985,0.48387096774193555,0.403750226964264,0.5796579046142786,0.7270066518847007,0.05818181818181818,0.08967851099830795,63.0,96.0,1554.0,60.0,0.4264753334704173,0.8890983000739099
5year.arff,7,EasyEnsemble_reference,2800,1035,1773,123,triad,0.5071481339553361,0.662377875008391,2.299757500000055,0.8007079892570783,0.7235772357723578,0.8860606060606061,0.3212996389891697,0.44499999999999995,0.36149471974004876,0.5786736020806242,0.4266392070577481,0.6491369974472081,0.804818920916482,0.11393939393939394,0.1562323745064862,89.0,188.0,1462.0,34.0,0.4544621470812397,0.9114018231091402
5year.arff,8,Balanced_logistic,2800,1035,1773,123,triad,0.6237133895367616,0.6462675940940079,0.0794149999999263,0.7299728148508586,0.5853658536585366,0.9103030303030303,0.32727272727272727,0.4198250728862974,0.3589232303090728,0.5056179775280898,0.38202265285807496,0.5882575319500215,0.7478344419807834,0.08969696969696969,0.12408347433728144,72.0,148.0,1502.0,51.0,0.3650937777406659,0.831781226903178
5year.arff,8,Random_forest,2800,1035,1773,123,triad,0.2649373762877441,0.677658968023628,0.717884099999992,0.7442180841577193,0.6016260162601627,0.9206060606060606,0.36097560975609755,0.45121951219512196,0.3923647932131495,0.5308464849354376,0.4149617933965833,0.6125424387630671,0.7611160384331117,0.07939393939393939,0.11562323745064862,74.0,131.0,1519.0,49.0,0.41980567464532736,0.8633973885193398
5year.arff,8,Extra_trees,2800,1035,1773,123,triad,0.4741268584649176,0.651821874852339,0.34276489999990645,0.6704034225397004,0.4796747967479675,0.936969696969697,0.3619631901840491,0.4125874125874126,0.38064516129032266,0.450381679389313,0.36639828674529457,0.5481195509787932,0.7083222468588323,0.06303030303030303,0.09193457416807671,59.0,104.0,1546.0,64.0,0.3626006425388236,0.8385562946538557
5year.arff,8,HistGB_fair,2800,1035,1773,123,triad,0.03363002258904143,0.757782852884383,4.451385400000049,0.8279664578257702,0.7154471544715447,0.9581818181818181,0.5605095541401274,0.6285714285714286,0.5858854860186419,0.6779661016949153,0.6024829779380849,0.744714979000741,0.8368144863266814,0.04181818181818182,0.08855047941342357,88.0,69.0,1581.0,35.0,0.7059728752543221,0.9200640551860065
5year.arff,8,Balanced_forest_reference,2800,1035,1773,123,triad,0.5676260337552744,0.6800575025030062,0.41751080000005913,0.7313721002687281,0.5772357723577236,0.9266666666666666,0.3697916666666667,0.45079365079365086,0.39842873176206517,0.5190058479532164,0.4120258262609195,0.6040419104665843,0.7519512195121951,0.07333333333333333,0.10829103214890017,71.0,121.0,1529.0,52.0,0.39251353330087996,0.8469327420546933
5year.arff,8,EasyEnsemble_reference,2800,1035,1773,123,triad,0.5098511582471249,0.720479331938904,2.190248399999973,0.7779797717502205,0.6666666666666666,0.9078787878787878,0.3504273504273504,0.45938375350140054,0.3871576959395656,0.5647382920110193,0.4313121400685507,0.6391107130989157,0.7872727272727272,0.09212121212121212,0.1319796954314721,82.0,152.0,1498.0,41.0,0.4125981922306793,0.8834983986203498
5year.arff,9,Balanced_logistic,2800,1035,1773,123,triad,0.6915467865195088,0.5988705452805387,0.0777611999999408,0.7063921708158287,0.5284552845528455,0.9442424242424242,0.4140127388535032,0.4642857142857143,0.43275632490013316,0.5007704160246533,0.4227732695903991,0.5952961744543451,0.7363488543976349,0.055757575757575756,0.08855047941342357,65.0,92.0,1558.0,58.0,0.3876130311612089,0.8513525498891353
5year.arff,9,Random_forest,2800,1035,1773,123,triad,0.3039521788776257,0.5963029509421224,0.6751656000000139,0.7534105749568177,0.6097560975609756,0.9309090909090909,0.3968253968253968,0.4807692307692307,0.4266211604095563,0.5506607929515419,0.4451582689047909,0.6322069843715213,0.7703325942350332,0.06909090909090909,0.1065989847715736,75.0,114.0,1536.0,48.0,0.46962636287330634,0.8912170485341216
5year.arff,9,Extra_trees,2800,1035,1773,123,triad,0.5938081526727904,0.5579279088224397,0.38479769999992186,0.6419436487646009,0.43089430894308944,0.9563636363636364,0.424,0.4274193548387097,0.4253611556982344,0.4294975688816856,0.38438041781444565,0.5410678001507848,0.6936289726533629,0.04363636363636364,0.07050197405527354,53.0,72.0,1578.0,70.0,0.40131380730012584,0.8584183296378418
5year.arff,9,HistGB_fair,2800,1035,1773,123,triad,0.1339101155252131,0.7214330389513279,4.182404700000006,0.7754072911123068,0.6097560975609756,0.9860606060606061,0.7653061224489796,0.6787330316742082,0.7281553398058253,0.6355932203389831,0.6625013364712766,0.7357814589600089,0.7979083518107908,0.013939393939393939,0.05527354765933446,75.0,23.0,1627.0,48.0,0.7163822645037659,0.9340724316334074
5year.arff,9,Balanced_forest_reference,2800,1035,1773,123,triad,0.5561848101265823,0.5749814995003044,0.4058135999999877,0.7472541506782273,0.6097560975609756,0.9157575757575758,0.35046728971962615,0.44510385756676557,0.3830439223697651,0.5311614730878187,0.4098723331746455,0.6116858375694014,0.7627568366592756,0.08424242424242424,0.12069937958262832,75.0,139.0,1511.0,48.0,0.4372737139499175,0.8779674796747967
5year.arff,9,EasyEnsemble_reference,2800,1035,1773,123,triad,0.5228467309616058,0.6023321622109059,2.1739939000000277,0.6753718419564239,0.4796747967479675,0.9509090909090909,0.42142857142857143,0.4486692015209125,0.43191800878477304,0.46677215189873417,0.4056908308811979,0.569849752428957,0.7152919438285292,0.04909090909090909,0.07896221094190638,59.0,81.0,1569.0,64.0,0.4191905205288347,0.8817960088691795
5year.arff,10,Balanced_logistic,2800,1035,1773,123,triad,0.6460582588259548,0.5759950539229831,0.07338079999999536,0.7091698681883574,0.5528455284552846,0.9096969696969697,0.31336405529953915,0.39999999999999997,0.343087790110999,0.47954866008462627,0.35860100818771096,0.5649855647525794,0.7312712490761271,0.0903030303030303,0.12239142695995488,68.0,149.0,1501.0,55.0,0.39327463110310595,0.8171421532397143
5year.arff,10,Random_forest,2800,1035,1773,123,triad,0.26841579494131496,0.5864481188299523,0.7217332999999826,0.7845358039576968,0.6747967479674797,0.9121212121212121,0.36403508771929827,0.4729344729344729,0.40096618357487923,0.576388888888889,0.4454923614298353,0.6496636974502029,0.7934589800443459,0.08787878787878788,0.12859560067681894,83.0,145.0,1505.0,40.0,0.4780634685745034,0.8901355013550136
5year.arff,10,Extra_trees,2800,1035,1773,123,triad,0.4502638926779425,0.5664759740404255,0.35868459999994684,0.7247770681199358,0.5691056910569106,0.923030303030303,0.3553299492385787,0.43750000000000006,0.38419319429198684,0.5079825834542816,0.3978949598990694,0.5934613523588457,0.7460679970436068,0.07696969696969697,0.1111111111111111,70.0,127.0,1523.0,53.0,0.38101931926999566,0.8553338260655334
5year.arff,10,HistGB_fair,2800,1035,1773,123,triad,0.02428296784037149,0.757782852884383,4.1126977000000124,0.8174675922327597,0.6991869918699187,0.9557575757575758,0.5408805031446541,0.6099290780141844,0.5665349143610012,0.6605222734254992,0.5824367163542894,0.7301239778058655,0.8274722838137473,0.04424242424242424,0.08967851099830795,86.0,73.0,1577.0,37.0,0.7253032474034633,0.9452919438285292
5year.arff,10,Balanced_forest_reference,2800,1035,1773,123,triad,0.5652489170182842,0.5864481188299523,0.44404050000002826,0.7734794825836216,0.6585365853658537,0.9084848484848485,0.34913793103448276,0.4563380281690141,0.3853472882968601,0.55939226519337,0.42721716319593595,0.6346224470206638,0.783510716925351,0.09151515151515152,0.1308516638465877,81.0,151.0,1499.0,42.0,0.4381112703461344,0.8731337767923134
5year.arff,10,EasyEnsemble_reference,2800,1035,1773,123,triad,0.5143538910454231,0.6172508388057291,2.1507880999999998,0.7735463681899343,0.6504065040650406,0.92,0.37735849056603776,0.47761194029850756,0.411946446961895,0.5681818181818181,0.44669348128985986,0.644160523098039,0.7852032520325203,0.08,0.11957134799774394,80.0,132.0,1518.0,43.0,0.44350198442901645,0.8879083518107908
