dataset,seed,method,cost_ratio,normalized_cost
1year.arff,1,Balanced_logistic,1,0.14556661925082978
1year.arff,1,Balanced_logistic,2,0.15707762557077626
1year.arff,1,Balanced_logistic,5,0.18701191944101933
1year.arff,1,Balanced_logistic,10,0.2255109231853418
1year.arff,1,Balanced_logistic,20,0.2768640350877193
1year.arff,1,Balanced_logistic,50,0.3487989470220467
1year.arff,1,Random_forest,1,0.10004741583688952
1year.arff,1,Random_forest,2,0.108675799086758
1year.arff,1,Random_forest,5,0.13111385121249486
1year.arff,1,Random_forest,10,0.15997181113460182
1year.arff,1,Random_forest,20,0.19846491228070176
1year.arff,1,Random_forest,50,0.25238565317538664
1year.arff,1,Extra_trees,1,0.1896633475580844
1year.arff,1,Extra_trees,2,0.19908675799086759
1year.arff,1,Extra_trees,5,0.22359227291409783
1year.arff,1,Extra_trees,10,0.2551092318534179
1year.arff,1,Extra_trees,20,0.29714912280701755
1year.arff,1,Extra_trees,50,0.3560381704508062
1year.arff,1,HistGB_fair,1,0.02418207681365576
1year.arff,1,HistGB_fair,2,0.03789954337899543
1year.arff,1,HistGB_fair,5,0.07357172215371968
1year.arff,1,HistGB_fair,10,0.11945031712473574
1year.arff,1,HistGB_fair,20,0.1806469298245614
1year.arff,1,HistGB_fair,50,0.2663705166173083
1year.arff,1,Balanced_forest_reference,1,0.13845424371740161
1year.arff,1,Balanced_forest_reference,2,0.14840182648401826
1year.arff,1,Balanced_forest_reference,5,0.17427044800657623
1year.arff,1,Balanced_forest_reference,10,0.20754052149400987
1year.arff,1,Balanced_forest_reference,20,0.2519188596491228
1year.arff,1,Balanced_forest_reference,50,0.3140835801250411
1year.arff,1,EasyEnsemble_reference,1,0.11284969179706021
1year.arff,1,EasyEnsemble_reference,2,0.12557077625570776
1year.arff,1,EasyEnsemble_reference,5,0.1586518701191944
1year.arff,1,EasyEnsemble_reference,10,0.20119802677942214
1year.arff,1,EasyEnsemble_reference,20,0.2579495614035088
1year.arff,1,EasyEnsemble_reference,50,0.3374465284633103
1year.arff,2,Balanced_logistic,1,0.16595542911332384
1year.arff,2,Balanced_logistic,2,0.1780821917808219
1year.arff,2,Balanced_logistic,5,0.2096177558569667
1year.arff,2,Balanced_logistic,10,0.25017618040873857
1year.arff,2,Balanced_logistic,20,0.3042763157894737
1year.arff,2,Balanced_logistic,50,0.3800592300098717
1year.arff,2,Random_forest,1,0.10099573257467995
1year.arff,2,Random_forest,2,0.11095890410958904
1year.arff,2,Random_forest,5,0.13686806411837238
1year.arff,2,Random_forest,10,0.17019027484143764
1year.arff,2,Random_forest,20,0.21463815789473684
1year.arff,2,Random_forest,50,0.27690029615004935
1year.arff,2,Extra_trees,1,0.16690374585111428
1year.arff,2,Extra_trees,2,0.18036529680365296
1year.arff,2,Extra_trees,5,0.21537196876284423
1year.arff,2,Extra_trees,10,0.26039464411557434
1year.arff,2,Extra_trees,20,0.3204495614035088
1year.arff,2,Extra_trees,50,0.4045738729845344
1year.arff,2,HistGB_fair,1,0.030820293978188716
1year.arff,2,HistGB_fair,2,0.04337899543378995
1year.arff,2,HistGB_fair,5,0.07603781339909577
1year.arff,2,HistGB_fair,10,0.11804087385482734
1year.arff,2,HistGB_fair,20,0.17406798245614036
1year.arff,2,HistGB_fair,50,0.25255018098058574
1year.arff,2,Balanced_forest_reference,1,0.12754860123281175
1year.arff,2,Balanced_forest_reference,2,0.14063926940639268
1year.arff,2,Balanced_forest_reference,5,0.1746814632141389
1year.arff,2,Balanced_forest_reference,10,0.21846370683579985
1year.arff,2,Balanced_forest_reference,20,0.2768640350877193
1year.arff,2,Balanced_forest_reference,50,0.35867061533399147
1year.arff,2,EasyEnsemble_reference,1,0.10431484115694642
1year.arff,2,EasyEnsemble_reference,2,0.11689497716894977
1year.arff,2,EasyEnsemble_reference,5,0.14960953555281545
1year.arff,2,EasyEnsemble_reference,10,0.1916842847075405
1year.arff,2,EasyEnsemble_reference,20,0.24780701754385964
1year.arff,2,EasyEnsemble_reference,50,0.326423165514972
1year.arff,3,Balanced_logistic,1,0.16263632053105737
1year.arff,3,Balanced_logistic,2,0.1730593607305936
1year.arff,3,Balanced_logistic,5,0.20016440608302508
1year.arff,3,Balanced_logistic,10,0.2350246652572234
1year.arff,3,Balanced_logistic,20,0.28152412280701755
1year.arff,3,Balanced_logistic,50,0.3466600855544587
1year.arff,3,Random_forest,1,0.08297771455666192
1year.arff,3,Random_forest,2,0.09360730593607305
1year.arff,3,Random_forest,5,0.12124948623099055
1year.arff,3,Random_forest,10,0.15680056377730797
1year.arff,3,Random_forest,20,0.20422149122807018
1year.arff,3,Random_forest,50,0.27064823955248435
1year.arff,3,Extra_trees,1,0.11000474158368895
1year.arff,3,Extra_trees,2,0.12922374429223743
1year.arff,3,Extra_trees,5,0.1792026304973284
1year.arff,3,Extra_trees,10,0.2434813248766737
1year.arff,3,Extra_trees,20,0.32922149122807015
1year.arff,3,Extra_trees,50,0.4493254359986838
1year.arff,3,HistGB_fair,1,0.02418207681365576
1year.arff,3,HistGB_fair,2,0.041552511415525115
1year.arff,3,HistGB_fair,5,0.08672420879572544
1year.arff,3,HistGB_fair,10,0.14482029598308668
1year.arff,3,HistGB_fair,20,0.22231359649122806
1year.arff,3,HistGB_fair,50,0.33086541625534716
1year.arff,3,Balanced_forest_reference,1,0.10146989094357516
1year.arff,3,Balanced_forest_reference,2,0.11598173515981736
1year.arff,3,Balanced_forest_reference,5,0.15371968762844226
1year.arff,3,Balanced_forest_reference,10,0.2022551092318534
1year.arff,3,Balanced_forest_reference,20,0.2669956140350877
1year.arff,3,Balanced_forest_reference,50,0.357683448502797
1year.arff,3,EasyEnsemble_reference,1,0.07254623044096728
1year.arff,3,EasyEnsemble_reference,2,0.08812785388127854
1year.arff,3,EasyEnsemble_reference,5,0.12864775996711877
1year.arff,3,EasyEnsemble_reference,10,0.18076109936575052
1year.arff,3,EasyEnsemble_reference,20,0.25027412280701755
1year.arff,3,EasyEnsemble_reference,50,0.3476472523856532
1year.arff,4,Balanced_logistic,1,0.17117117117117117
1year.arff,4,Balanced_logistic,2,0.17899543378995433
1year.arff,4,Balanced_logistic,5,0.19934237566789972
1year.arff,4,Balanced_logistic,10,0.2255109231853418
1year.arff,4,Balanced_logistic,20,0.2604166666666667
1year.arff,4,Balanced_logistic,50,0.30931227377426784
1year.arff,4,Random_forest,1,0.10431484115694642
1year.arff,4,Random_forest,2,0.1141552511415525
1year.arff,4,Random_forest,5,0.13974517057131114
1year.arff,4,Random_forest,10,0.1726568005637773
1year.arff,4,Random_forest,20,0.21655701754385964
1year.arff,4,Random_forest,50,0.2780519907864429
1year.arff,4,Extra_trees,1,0.16548127074442864
1year.arff,4,Extra_trees,2,0.17488584474885846
1year.arff,4,Extra_trees,5,0.19934237566789972
1year.arff,4,Extra_trees,10,0.23079633544749825
1year.arff,4,Extra_trees,20,0.2727521929824561
1year.arff,4,Extra_trees,50,0.33152352747614344
1year.arff,4,HistGB_fair,1,0.01896633475580844
1year.arff,4,HistGB_fair,2,0.031050228310502283
1year.arff,4,HistGB_fair,5,0.06247431154952733
1year.arff,4,HistGB_fair,10,0.10288935870331219
1year.arff,4,HistGB_fair,20,0.15679824561403508
1year.arff,4,HistGB_fair,50,0.23231326094109905
1year.arff,4,Balanced_forest_reference,1,0.14983404457088667
1year.arff,4,Balanced_forest_reference,2,0.15799086757990868
1year.arff,4,Balanced_forest_reference,5,0.1792026304973284
1year.arff,4,Balanced_forest_reference,10,0.20648343904157856
1year.arff,4,Balanced_forest_reference,20,0.24287280701754385
1year.arff,4,Balanced_forest_reference,50,0.29384666008555443
1year.arff,4,EasyEnsemble_reference,1,0.0559506875296349
1year.arff,4,EasyEnsemble_reference,2,0.07123287671232877
1year.arff,4,EasyEnsemble_reference,5,0.11097410604192355
1year.arff,4,EasyEnsemble_reference,10,0.16208597603946442
1year.arff,4,EasyEnsemble_reference,20,0.23026315789473684
1year.arff,4,EasyEnsemble_reference,50,0.32576505429417574
1year.arff,5,Balanced_logistic,1,0.16880037932669512
1year.arff,5,Balanced_logistic,2,0.17945205479452056
1year.arff,5,Balanced_logistic,5,0.20715166461159062
1year.arff,5,Balanced_logistic,10,0.2427766032417195
1year.arff,5,Balanced_logistic,20,0.2902960526315789
1year.arff,5,Balanced_logistic,50,0.3568608094768016
1year.arff,5,Random_forest,1,0.049786628733997154
1year.arff,5,Random_forest,2,0.06666666666666667
1year.arff,5,Random_forest,5,0.11056309083436087
1year.arff,5,Random_forest,10,0.16701902748414377
1year.arff,5,Random_forest,20,0.24232456140350878
1year.arff,5,Random_forest,50,0.34781178019085224
1year.arff,5,Extra_trees,1,0.12849691797060217
1year.arff,5,Extra_trees,2,0.14474885844748858
1year.arff,5,Extra_trees,5,0.18701191944101933
1year.arff,5,Extra_trees,10,0.24136715997181113
1year.arff,5,Extra_trees,20,0.3138706140350877
1year.arff,5,Extra_trees,50,0.4154327081276736
1year.arff,5,HistGB_fair,1,0.021811284969179705
1year.arff,5,HistGB_fair,2,0.03287671232876712
1year.arff,5,HistGB_fair,5,0.06165228113440197
1year.arff,5,HistGB_fair,10,0.09866102889358704
1year.arff,5,HistGB_fair,20,0.14802631578947367
1year.arff,5,HistGB_fair,50,0.21717670286278382
1year.arff,5,Balanced_forest_reference,1,0.0858226647700332
1year.arff,5,Balanced_forest_reference,2,0.1
1year.arff,5,Balanced_forest_reference,5,0.13686806411837238
1year.arff,5,Balanced_forest_reference,10,0.18428470754052148
1year.arff,5,Balanced_forest_reference,20,0.24753289473684212
1year.arff,5,Balanced_forest_reference,50,0.3361303060217177
1year.arff,5,EasyEnsemble_reference,1,0.0953058321479374
1year.arff,5,EasyEnsemble_reference,2,0.10593607305936073
1year.arff,5,EasyEnsemble_reference,5,0.13357994245787094
1year.arff,5,EasyEnsemble_reference,10,0.16913319238900634
1year.arff,5,EasyEnsemble_reference,20,0.21655701754385964
1year.arff,5,EasyEnsemble_reference,50,0.28298782494241526
1year.arff,6,Balanced_logistic,1,0.18397344713134187
1year.arff,6,Balanced_logistic,2,0.19360730593607306
1year.arff,6,Balanced_logistic,5,0.21866009042334567
1year.arff,6,Balanced_logistic,10,0.25088090204369273
1year.arff,6,Balanced_logistic,20,0.29385964912280704
1year.arff,6,Balanced_logistic,50,0.35406383678841724
1year.arff,6,Random_forest,1,0.06922712185870081
1year.arff,6,Random_forest,2,0.08127853881278539
1year.arff,6,Random_forest,5,0.11261816687217427
1year.arff,6,Random_forest,10,0.1529245947850599
1year.arff,6,Random_forest,20,0.20668859649122806
1year.arff,6,Random_forest,50,0.28200065811122077
1year.arff,6,Extra_trees,1,0.13466097676623992
1year.arff,6,Extra_trees,2,0.14977168949771688
1year.arff,6,Extra_trees,5,0.1890669954788327
1year.arff,6,Extra_trees,10,0.23960535588442566
1year.arff,6,Extra_trees,20,0.30701754385964913
1year.arff,6,Extra_trees,50,0.4014478446857519
1year.arff,6,HistGB_fair,1,0.044096728307254626
1year.arff,6,HistGB_fair,2,0.0502283105022831
1year.arff,6,HistGB_fair,5,0.06617344841759146
1year.arff,6,HistGB_fair,10,0.08668076109936575
1year.arff,6,HistGB_fair,20,0.11403508771929824
1year.arff,6,HistGB_fair,50,0.15235274761434683
1year.arff,6,Balanced_forest_reference,1,0.11000474158368895
1year.arff,6,Balanced_forest_reference,2,0.12100456621004566
1year.arff,6,Balanced_forest_reference,5,0.14960953555281545
1year.arff,6,Balanced_forest_reference,10,0.18639887244538408
1year.arff,6,Balanced_forest_reference,20,0.23547149122807018
1year.arff,6,Balanced_forest_reference,50,0.3042119118130964
1year.arff,6,EasyEnsemble_reference,1,0.09009009009009009
1year.arff,6,EasyEnsemble_reference,2,0.10136986301369863
1year.arff,6,EasyEnsemble_reference,5,0.13070283600493218
1year.arff,6,EasyEnsemble_reference,10,0.16842847075405215
1year.arff,6,EasyEnsemble_reference,20,0.21875
1year.arff,6,EasyEnsemble_reference,50,0.28923988153998026
1year.arff,7,Balanced_logistic,1,0.1327643432906591
1year.arff,7,Balanced_logistic,2,0.14931506849315068
1year.arff,7,Balanced_logistic,5,0.19235511713933415
1year.arff,7,Balanced_logistic,10,0.24770965468639888
1year.arff,7,Balanced_logistic,20,0.3215460526315789
1year.arff,7,Balanced_logistic,50,0.4249753208292201
1year.arff,7,Random_forest,1,0.10763394973921289
1year.arff,7,Random_forest,2,0.1182648401826484
1year.arff,7,Random_forest,5,0.14591039868475134
1year.arff,7,Random_forest,10,0.1814658210007047
1year.arff,7,Random_forest,20,0.22889254385964913
1year.arff,7,Random_forest,50,0.29532741033234616
1year.arff,7,Extra_trees,1,0.13513513513513514
1year.arff,7,Extra_trees,2,0.14977168949771688
1year.arff,7,Extra_trees,5,0.18783394985614468
1year.arff,7,Extra_trees,10,0.23678646934460887
1year.arff,7,Extra_trees,20,0.3020833333333333
1year.arff,7,Extra_trees,50,0.3935505100361961
1year.arff,7,HistGB_fair,1,0.02275960170697013
1year.arff,7,HistGB_fair,2,0.036986301369863014
1year.arff,7,HistGB_fair,5,0.07398273736128237
1year.arff,7,HistGB_fair,10,0.12156448202959831
1year.arff,7,HistGB_fair,20,0.18503289473684212
1year.arff,7,HistGB_fair,50,0.27393879565646595
1year.arff,7,Balanced_forest_reference,1,0.14604077761972498
1year.arff,7,Balanced_forest_reference,2,0.15753424657534246
1year.arff,7,Balanced_forest_reference,5,0.187422934648582
1year.arff,7,Balanced_forest_reference,10,0.22586328400281888
1year.arff,7,Balanced_forest_reference,20,0.27713815789473684
1year.arff,7,Balanced_forest_reference,50,0.3489634748272458
1year.arff,7,EasyEnsemble_reference,1,0.10858226647700332
1year.arff,7,EasyEnsemble_reference,2,0.11963470319634703
1year.arff,7,EasyEnsemble_reference,5,0.14837648993012742
1year.arff,7,EasyEnsemble_reference,10,0.18534178999295278
1year.arff,7,EasyEnsemble_reference,20,0.23464912280701755
1year.arff,7,EasyEnsemble_reference,50,0.3037183283974992
1year.arff,8,Balanced_logistic,1,0.09151256519677572
1year.arff,8,Balanced_logistic,2,0.11050228310502283
1year.arff,8,Balanced_logistic,5,0.15988491574188246
1year.arff,8,Balanced_logistic,10,0.22339675828047922
1year.arff,8,Balanced_logistic,20,0.3081140350877193
1year.arff,8,Balanced_logistic,50,0.42678512668641
1year.arff,8,Random_forest,1,0.09435751541014699
1year.arff,8,Random_forest,2,0.10319634703196347
1year.arff,8,Random_forest,5,0.12618166872174272
1year.arff,8,Random_forest,10,0.15574348132487667
1year.arff,8,Random_forest,20,0.19517543859649122
1year.arff,8,Random_forest,50,0.2504113195129977
1year.arff,8,Extra_trees,1,0.10431484115694642
1year.arff,8,Extra_trees,2,0.12557077625570776
1year.arff,8,Extra_trees,5,0.1808466913275791
1year.arff,8,Extra_trees,10,0.25193798449612403
1year.arff,8,Extra_trees,20,0.34676535087719296
1year.arff,8,Extra_trees,50,0.4795985521553143
1year.arff,8,HistGB_fair,1,0.032716927453769556
1year.arff,8,HistGB_fair,2,0.043835616438356165
1year.arff,8,HistGB_fair,5,0.07274969173859433
1year.arff,8,HistGB_fair,10,0.10993657505285412
1year.arff,8,HistGB_fair,20,0.15953947368421054
1year.arff,8,HistGB_fair,50,0.22902270483711748
1year.arff,8,Balanced_forest_reference,1,0.10052157420578474
1year.arff,8,Balanced_forest_reference,2,0.11598173515981736
1year.arff,8,Balanced_forest_reference,5,0.15618577887381832
1year.arff,8,Balanced_forest_reference,10,0.20789288231148698
1year.arff,8,Balanced_forest_reference,20,0.2768640350877193
1year.arff,8,Balanced_forest_reference,50,0.37347811780190854
1year.arff,8,EasyEnsemble_reference,1,0.0953058321479374
1year.arff,8,EasyEnsemble_reference,2,0.1091324200913242
1year.arff,8,EasyEnsemble_reference,5,0.14508836826962598
1year.arff,8,EasyEnsemble_reference,10,0.19133192389006343
1year.arff,8,EasyEnsemble_reference,20,0.25301535087719296
1year.arff,8,EasyEnsemble_reference,50,0.3394208621256992
1year.arff,9,Balanced_logistic,1,0.14698909435751542
1year.arff,9,Balanced_logistic,2,0.16073059360730593
1year.arff,9,Balanced_logistic,5,0.19646526921496096
1year.arff,9,Balanced_logistic,10,0.24242424242424243
1year.arff,9,Balanced_logistic,20,0.30372807017543857
1year.arff,9,Balanced_logistic,50,0.38960184271141823
1year.arff,9,Random_forest,1,0.10146989094357516
1year.arff,9,Random_forest,2,0.11004566210045662
1year.arff,9,Random_forest,5,0.13234689683518291
1year.arff,9,Random_forest,10,0.16102889358703312
1year.arff,9,Random_forest,20,0.1992872807017544
1year.arff,9,Random_forest,50,0.2528792365909839
1year.arff,9,Extra_trees,1,0.16642958748221906
1year.arff,9,Extra_trees,2,0.18082191780821918
1year.arff,9,Extra_trees,5,0.218249075215783
1year.arff,9,Extra_trees,10,0.266384778012685
1year.arff,9,Extra_trees,20,0.3305921052631579
1year.arff,9,Extra_trees,50,0.420533070088845
1year.arff,9,HistGB_fair,1,0.022285443338074917
1year.arff,9,HistGB_fair,2,0.03789954337899543
1year.arff,9,HistGB_fair,5,0.07850390464447185
1year.arff,9,HistGB_fair,10,0.13072586328400282
1year.arff,9,HistGB_fair,20,0.20038377192982457
1year.arff,9,HistGB_fair,50,0.2979598552155314
1year.arff,9,Balanced_forest_reference,1,0.11427216690374585
1year.arff,9,Balanced_forest_reference,2,0.12922374429223743
1year.arff,9,Balanced_forest_reference,5,0.16810521989313604
1year.arff,9,Balanced_forest_reference,10,0.21811134601832277
1year.arff,9,Balanced_forest_reference,20,0.28481359649122806
1year.arff,9,Balanced_forest_reference,50,0.3782494241526818
1year.arff,9,EasyEnsemble_reference,1,0.1119013750592698
1year.arff,9,EasyEnsemble_reference,2,0.12465753424657534
1year.arff,9,EasyEnsemble_reference,5,0.15782983970406905
1year.arff,9,EasyEnsemble_reference,10,0.20049330514446795
1year.arff,9,EasyEnsemble_reference,20,0.2574013157894737
1year.arff,9,EasyEnsemble_reference,50,0.33711747285291216
1year.arff,10,Balanced_logistic,1,0.18824087245139876
1year.arff,10,Balanced_logistic,2,0.19315068493150686
1year.arff,10,Balanced_logistic,5,0.2059186189889026
1year.arff,10,Balanced_logistic,10,0.22233967582804792
1year.arff,10,Balanced_logistic,20,0.24424342105263158
1year.arff,10,Balanced_logistic,50,0.27492596248766044
1year.arff,10,Random_forest,1,0.08677098150782361
1year.arff,10,Random_forest,2,0.0954337899543379
1year.arff,10,Random_forest,5,0.11796136457048911
1year.arff,10,Random_forest,10,0.14693446088794926
1year.arff,10,Random_forest,20,0.1855811403508772
1year.arff,10,Random_forest,50,0.2397170121750576
1year.arff,10,Extra_trees,1,0.14604077761972498
1year.arff,10,Extra_trees,2,0.15707762557077626
1year.arff,10,Extra_trees,5,0.18577887381833127
1year.arff,10,Extra_trees,10,0.222692036645525
1year.arff,10,Extra_trees,20,0.2719298245614035
1year.arff,10,Extra_trees,50,0.34090161237249095
1year.arff,10,HistGB_fair,1,0.024656235182550973
1year.arff,10,HistGB_fair,2,0.036986301369863014
1year.arff,10,HistGB_fair,5,0.0690505548705302
1year.arff,10,HistGB_fair,10,0.11028893587033121
1year.arff,10,HistGB_fair,20,0.16529605263157895
1year.arff,10,HistGB_fair,50,0.24234945705824285
1year.arff,10,Balanced_forest_reference,1,0.10384068278805121
1year.arff,10,Balanced_forest_reference,2,0.11598173515981736
1year.arff,10,Balanced_forest_reference,5,0.14755445951500207
1year.arff,10,Balanced_forest_reference,10,0.18816067653276955
1year.arff,10,Balanced_forest_reference,20,0.24232456140350878
1year.arff,10,Balanced_forest_reference,50,0.3181967752550181
1year.arff,10,EasyEnsemble_reference,1,0.10715979137031768
1year.arff,10,EasyEnsemble_reference,2,0.11735159817351598
1year.arff,10,EasyEnsemble_reference,5,0.14385532264693793
1year.arff,10,EasyEnsemble_reference,10,0.17794221282593375
1year.arff,10,EasyEnsemble_reference,20,0.22341008771929824
1year.arff,10,EasyEnsemble_reference,50,0.28710102007239224
2year.arff,1,Balanced_logistic,1,0.18905635648754915
2year.arff,1,Balanced_logistic,2,0.2005044136191677
2year.arff,1,Balanced_logistic,5,0.23018120045300114
2year.arff,1,Balanced_logistic,10,0.2681510164569216
2year.arff,1,Balanced_logistic,20,0.3184546136534134
2year.arff,1,Balanced_logistic,50,0.3882669055082848
2year.arff,1,Random_forest,1,0.10910878112712975
2year.arff,1,Random_forest,2,0.12326607818411098
2year.arff,1,Random_forest,5,0.1599660249150623
2year.arff,1,Random_forest,10,0.2069215876089061
2year.arff,1,Random_forest,20,0.2691297824456114
2year.arff,1,Random_forest,50,0.35546350201522614
2year.arff,1,Extra_trees,1,0.1946264744429882
2year.arff,1,Extra_trees,2,0.2083858764186633
2year.arff,1,Extra_trees,5,0.24405436013590034
2year.arff,1,Extra_trees,10,0.2896902226524685
2year.arff,1,Extra_trees,20,0.35015003750937734
2year.arff,1,Extra_trees,50,0.43405732198835645
2year.arff,1,HistGB_fair,1,0.03014416775884666
2year.arff,1,HistGB_fair,2,0.05044136191677175
2year.arff,1,HistGB_fair,5,0.10305775764439411
2year.arff,1,HistGB_fair,10,0.17037754114230397
2year.arff,1,HistGB_fair,20,0.2595648912228057
2year.arff,1,HistGB_fair,50,0.38334079713390057
2year.arff,1,Balanced_forest_reference,1,0.13859764089121887
2year.arff,1,Balanced_forest_reference,2,0.15510718789407313
2year.arff,1,Balanced_forest_reference,5,0.19790486976217442
2year.arff,1,Balanced_forest_reference,10,0.2526621490803485
2year.arff,1,Balanced_forest_reference,20,0.3252063015753939
2year.arff,1,Balanced_forest_reference,50,0.425884460367219
2year.arff,1,EasyEnsemble_reference,1,0.15629095674967233
2year.arff,1,EasyEnsemble_reference,2,0.16519546027742749
2year.arff,1,EasyEnsemble_reference,5,0.18827859569648925
2year.arff,1,EasyEnsemble_reference,10,0.21781219748305905
2year.arff,1,EasyEnsemble_reference,20,0.2569392348087022
2year.arff,1,EasyEnsemble_reference,50,0.31124048365427676
2year.arff,2,Balanced_logistic,1,0.19954128440366972
2year.arff,2,Balanced_logistic,2,0.21216897856242117
2year.arff,2,Balanced_logistic,5,0.24490373725934314
2year.arff,2,Balanced_logistic,10,0.2867860600193611
2year.arff,2,Balanced_logistic,20,0.34227306826706677
2year.arff,2,Balanced_logistic,50,0.41927899686520376
2year.arff,2,Random_forest,1,0.1526867627785059
2year.arff,2,Random_forest,2,0.1664564943253468
2year.arff,2,Random_forest,5,0.20215175537938845
2year.arff,2,Random_forest,10,0.24782187802516942
2year.arff,2,Random_forest,20,0.3083270817704426
2year.arff,2,Random_forest,50,0.3922973578145992
2year.arff,2,Extra_trees,1,0.20412844036697247
2year.arff,2,Extra_trees,2,0.2216267339218159
2year.arff,2,Extra_trees,5,0.2669875424688562
2year.arff,2,Extra_trees,10,0.3250242013552759
2year.arff,2,Extra_trees,20,0.4019129782445611
2year.arff,2,Extra_trees,50,0.5086206896551724
2year.arff,2,HistGB_fair,1,0.09403669724770643
2year.arff,2,HistGB_fair,2,0.10592686002522068
2year.arff,2,HistGB_fair,5,0.1367497168742922
2year.arff,2,HistGB_fair,10,0.17618586640851888
2year.arff,2,HistGB_fair,20,0.22843210802700675
2year.arff,2,HistGB_fair,50,0.30094043887147337
2year.arff,2,Balanced_forest_reference,1,0.20412844036697247
2year.arff,2,Balanced_forest_reference,2,0.21626733921815888
2year.arff,2,Balanced_forest_reference,5,0.24773499433748583
2year.arff,2,Balanced_forest_reference,10,0.28799612778315586
2year.arff,2,Balanced_forest_reference,20,0.3413353338334584
2year.arff,2,Balanced_forest_reference,50,0.4153605015673981
2year.arff,2,EasyEnsemble_reference,1,0.13466579292267367
2year.arff,2,EasyEnsemble_reference,2,0.15195460277427492
2year.arff,2,EasyEnsemble_reference,5,0.19677236693091732
2year.arff,2,EasyEnsemble_reference,10,0.25411423039690223
2year.arff,2,EasyEnsemble_reference,20,0.3300825206301575
2year.arff,2,EasyEnsemble_reference,50,0.43551276309896997
2year.arff,3,Balanced_logistic,1,0.12123197903014417
2year.arff,3,Balanced_logistic,2,0.14186633039092056
2year.arff,3,Balanced_logistic,5,0.19535673839184597
2year.arff,3,Balanced_logistic,10,0.2637947725072604
2year.arff,3,Balanced_logistic,20,0.354463615903976
2year.arff,3,Balanced_logistic,50,0.4802955665024631
2year.arff,3,Random_forest,1,0.10681520314547838
2year.arff,3,Random_forest,2,0.12074401008827239
2year.arff,3,Random_forest,5,0.15685164212910532
2year.arff,3,Random_forest,10,0.20304937076476282
2year.arff,3,Random_forest,20,0.2642535633908477
2year.arff,3,Random_forest,50,0.34919390953873714
2year.arff,3,Extra_trees,1,0.14154652686762778
2year.arff,3,Extra_trees,2,0.15952080706179067
2year.arff,3,Extra_trees,5,0.20611551528878821
2year.arff,3,Extra_trees,10,0.26573088092933206
2year.arff,3,Extra_trees,20,0.3447111777944486
2year.arff,3,Extra_trees,50,0.4543215405284371
2year.arff,3,HistGB_fair,1,0.043905635648754916
2year.arff,3,HistGB_fair,2,0.05926860025220681
2year.arff,3,HistGB_fair,5,0.09909399773499433
2year.arff,3,HistGB_fair,10,0.15004840271055178
2year.arff,3,HistGB_fair,20,0.2175543885971493
2year.arff,3,HistGB_fair,50,0.31124048365427676
2year.arff,3,Balanced_forest_reference,1,0.12123197903014417
2year.arff,3,Balanced_forest_reference,2,0.13650693568726355
2year.arff,3,Balanced_forest_reference,5,0.17610419026047566
2year.arff,3,Balanced_forest_reference,10,0.22676669893514037
2year.arff,3,Balanced_forest_reference,20,0.2938859714928732
2year.arff,3,Balanced_forest_reference,50,0.38703537841468877
2year.arff,3,EasyEnsemble_reference,1,0.13925294888597642
2year.arff,3,EasyEnsemble_reference,2,0.14848675914249684
2year.arff,3,EasyEnsemble_reference,5,0.17242355605889015
2year.arff,3,EasyEnsemble_reference,10,0.20304937076476282
2year.arff,3,EasyEnsemble_reference,20,0.24362340585146286
2year.arff,3,EasyEnsemble_reference,50,0.2999328257948948
2year.arff,4,Balanced_logistic,1,0.18709043250327653
2year.arff,4,Balanced_logistic,2,0.1989281210592686
2year.arff,4,Balanced_logistic,5,0.2296149490373726
2year.arff,4,Balanced_logistic,10,0.26887705711519844
2year.arff,4,Balanced_logistic,20,0.3208927231807952
2year.arff,4,Balanced_logistic,50,0.39308105687416034
2year.arff,4,Random_forest,1,0.11664482306684142
2year.arff,4,Random_forest,2,0.13114754098360656
2year.arff,4,Random_forest,5,0.16874292185730463
2year.arff,4,Random_forest,10,0.21684414327202323
2year.arff,4,Random_forest,20,0.2805701425356339
2year.arff,4,Random_forest,50,0.3690103000447828
2year.arff,4,Extra_trees,1,0.18086500655307994
2year.arff,4,Extra_trees,2,0.19703656998738966
2year.arff,4,Extra_trees,5,0.23895809739524349
2year.arff,4,Extra_trees,10,0.292594385285576
2year.arff,4,Extra_trees,20,0.36365341335333834
2year.arff,4,Extra_trees,50,0.4622704881325571
2year.arff,4,HistGB_fair,1,0.04783748361730013
2year.arff,4,HistGB_fair,2,0.0617906683480454
2year.arff,4,HistGB_fair,5,0.09796149490373726
2year.arff,4,HistGB_fair,10,0.1442400774443369
2year.arff,4,HistGB_fair,20,0.20555138784696175
2year.arff,4,HistGB_fair,50,0.29064039408866993
2year.arff,4,Balanced_forest_reference,1,0.1651376146788991
2year.arff,4,Balanced_forest_reference,2,0.1762295081967213
2year.arff,4,Balanced_forest_reference,5,0.20498301245753114
2year.arff,4,Balanced_forest_reference,10,0.24177153920619554
2year.arff,4,Balanced_forest_reference,20,0.290510127531883
2year.arff,4,Balanced_forest_reference,50,0.35815047021943575
2year.arff,4,EasyEnsemble_reference,1,0.18086500655307994
2year.arff,4,EasyEnsemble_reference,2,0.19262295081967212
2year.arff,4,EasyEnsemble_reference,5,0.22310305775764439
2year.arff,4,EasyEnsemble_reference,10,0.2621006776379477
2year.arff,4,EasyEnsemble_reference,20,0.31376594148537135
2year.arff,4,EasyEnsemble_reference,50,0.3854679802955665
2year.arff,5,Balanced_logistic,1,0.17332896461336827
2year.arff,5,Balanced_logistic,2,0.18348045397225726
2year.arff,5,Balanced_logistic,5,0.20979614949037373
2year.arff,5,Balanced_logistic,10,0.24346563407550822
2year.arff,5,Balanced_logistic,20,0.2880720180045011
2year.arff,5,Balanced_logistic,50,0.34997760859829824
2year.arff,5,Random_forest,1,0.05602883355176933
2year.arff,5,Random_forest,2,0.08228247162673392
2year.arff,5,Random_forest,5,0.15033975084937712
2year.arff,5,Random_forest,10,0.23741529525653438
2year.arff,5,Random_forest,20,0.35277569392348085
2year.arff,5,Random_forest,50,0.5128750559785042
2year.arff,5,Extra_trees,1,0.15072083879423329
2year.arff,5,Extra_trees,2,0.16866330390920556
2year.arff,5,Extra_trees,5,0.21517553793884484
2year.arff,5,Extra_trees,10,0.2746853823814134
2year.arff,5,Extra_trees,20,0.35352588147036756
2year.arff,5,Extra_trees,50,0.46294223018360947
2year.arff,5,HistGB_fair,1,0.02981651376146789
2year.arff,5,HistGB_fair,2,0.05138713745271122
2year.arff,5,HistGB_fair,5,0.10730464326160816
2year.arff,5,HistGB_fair,10,0.1788480154888674
2year.arff,5,HistGB_fair,20,0.2736309077269317
2year.arff,5,HistGB_fair,50,0.4051724137931034
2year.arff,5,Balanced_forest_reference,1,0.12287024901703801
2year.arff,5,Balanced_forest_reference,2,0.14186633039092056
2year.arff,5,Balanced_forest_reference,5,0.19110985277463194
2year.arff,5,Balanced_forest_reference,10,0.25411423039690223
2year.arff,5,Balanced_forest_reference,20,0.33758439609902474
2year.arff,5,Balanced_forest_reference,50,0.45342588446036725
2year.arff,5,EasyEnsemble_reference,1,0.14580602883355176
2year.arff,5,EasyEnsemble_reference,2,0.16109709962168978
2year.arff,5,EasyEnsemble_reference,5,0.2007361268403171
2year.arff,5,EasyEnsemble_reference,10,0.2514520813165537
2year.arff,5,EasyEnsemble_reference,20,0.31864216054013506
2year.arff,5,EasyEnsemble_reference,50,0.4118898343036274
2year.arff,6,Balanced_logistic,1,0.2080602883355177
2year.arff,6,Balanced_logistic,2,0.21973518284993696
2year.arff,6,Balanced_logistic,5,0.25
2year.arff,6,Balanced_logistic,10,0.2887221684414327
2year.arff,6,Balanced_logistic,20,0.3400225056264066
2year.arff,6,Balanced_logistic,50,0.411218092252575
2year.arff,6,Random_forest,1,0.15530799475753604
2year.arff,6,Random_forest,2,0.16456494325346785
2year.arff,6,Random_forest,5,0.18856172140430352
2year.arff,6,Random_forest,10,0.21926427879961277
2year.arff,6,Random_forest,20,0.25993998499624904
2year.arff,6,Random_forest,50,0.3163905060456785
2year.arff,6,Extra_trees,1,0.2355832241153342
2year.arff,6,Extra_trees,2,0.24274905422446405
2year.arff,6,Extra_trees,5,0.26132502831257076
2year.arff,6,Extra_trees,10,0.2850919651500484
2year.arff,6,Extra_trees,20,0.31657914478619653
2year.arff,6,Extra_trees,50,0.3602776533811017
2year.arff,6,HistGB_fair,1,0.04259501965923984
2year.arff,6,HistGB_fair,2,0.06021437578814628
2year.arff,6,HistGB_fair,5,0.10588901472253681
2year.arff,6,HistGB_fair,10,0.16432720232333012
2year.arff,6,HistGB_fair,20,0.24174793698424607
2year.arff,6,HistGB_fair,50,0.34919390953873714
2year.arff,6,Balanced_forest_reference,1,0.1926605504587156
2year.arff,6,Balanced_forest_reference,2,0.2005044136191677
2year.arff,6,Balanced_forest_reference,5,0.22083805209513024
2year.arff,6,Balanced_forest_reference,10,0.2468538238141336
2year.arff,6,Balanced_forest_reference,20,0.2813203300825206
2year.arff,6,Balanced_forest_reference,50,0.329153605015674
2year.arff,6,EasyEnsemble_reference,1,0.1690694626474443
2year.arff,6,EasyEnsemble_reference,2,0.17717528373266078
2year.arff,6,EasyEnsemble_reference,5,0.19818799546998866
2year.arff,6,EasyEnsemble_reference,10,0.22507260406582769
2year.arff,6,EasyEnsemble_reference,20,0.26069017254313576
2year.arff,6,EasyEnsemble_reference,50,0.3101209135691894
2year.arff,7,Balanced_logistic,1,0.1628440366972477
2year.arff,7,Balanced_logistic,2,0.17749054224464061
2year.arff,7,Balanced_logistic,5,0.2154586636466591
2year.arff,7,Balanced_logistic,10,0.26403678606001935
2year.arff,7,Balanced_logistic,20,0.3283945986496624
2year.arff,7,Balanced_logistic,50,0.4177115987460815
2year.arff,7,Random_forest,1,0.10550458715596331
2year.arff,7,Random_forest,2,0.12137452711223203
2year.arff,7,Random_forest,5,0.1625141562853907
2year.arff,7,Random_forest,10,0.21515004840271054
2year.arff,7,Random_forest,20,0.28488372093023256
2year.arff,7,Random_forest,50,0.3816614420062696
2year.arff,7,Extra_trees,1,0.1854521625163827
2year.arff,7,Extra_trees,2,0.19955863808322824
2year.arff,7,Extra_trees,5,0.2361268403171008
2year.arff,7,Extra_trees,10,0.28291384317521784
2year.arff,7,Extra_trees,20,0.3448987246811703
2year.arff,7,Extra_trees,50,0.430922525750112
2year.arff,7,HistGB_fair,1,0.06487549148099607
2year.arff,7,HistGB_fair,2,0.07881462799495587
2year.arff,7,HistGB_fair,5,0.11494903737259343
2year.arff,7,HistGB_fair,10,0.16118102613746368
2year.arff,7,HistGB_fair,20,0.22243060765191297
2year.arff,7,HistGB_fair,50,0.30743394536497987
2year.arff,7,Balanced_forest_reference,1,0.13073394495412843
2year.arff,7,Balanced_forest_reference,2,0.1465952080706179
2year.arff,7,Balanced_forest_reference,5,0.1877123442808607
2year.arff,7,Balanced_forest_reference,10,0.24031945788964182
2year.arff,7,Balanced_forest_reference,20,0.3100150037509377
2year.arff,7,Balanced_forest_reference,50,0.4067398119122257
2year.arff,7,EasyEnsemble_reference,1,0.15858453473132372
2year.arff,7,EasyEnsemble_reference,2,0.17023959646910466
2year.arff,7,EasyEnsemble_reference,5,0.20045300113250283
2year.arff,7,EasyEnsemble_reference,10,0.23910939012584706
2year.arff,7,EasyEnsemble_reference,20,0.2903225806451613
2year.arff,7,EasyEnsemble_reference,50,0.36139722346618897
2year.arff,8,Balanced_logistic,1,0.13597640891218873
2year.arff,8,Balanced_logistic,2,0.15825977301387137
2year.arff,8,Balanced_logistic,5,0.21602491506228766
2year.arff,8,Balanced_logistic,10,0.2899322362052275
2year.arff,8,Balanced_logistic,20,0.3878469617404351
2year.arff,8,Balanced_logistic,50,0.5237348858038513
2year.arff,8,Random_forest,1,0.11664482306684142
2year.arff,8,Random_forest,2,0.1289407313997478
2year.arff,8,Random_forest,5,0.16081540203850508
2year.arff,8,Random_forest,10,0.2015972894482091
2year.arff,8,Random_forest,20,0.2556264066016504
2year.arff,8,Random_forest,50,0.3306090461262875
2year.arff,8,Extra_trees,1,0.1844692005242464
2year.arff,8,Extra_trees,2,0.19546027742749053
2year.arff,8,Extra_trees,5,0.2239524348810872
2year.arff,8,Extra_trees,10,0.26040658276863504
2year.arff,8,Extra_trees,20,0.30870217554388596
2year.arff,8,Extra_trees,50,0.3757277205553068
2year.arff,8,HistGB_fair,1,0.0953473132372215
2year.arff,8,HistGB_fair,2,0.10403530895334175
2year.arff,8,HistGB_fair,5,0.12655719139297847
2year.arff,8,HistGB_fair,10,0.1553727008712488
2year.arff,8,HistGB_fair,20,0.1935483870967742
2year.arff,8,HistGB_fair,50,0.2465293327362293
2year.arff,8,Balanced_forest_reference,1,0.1405635648754915
2year.arff,8,Balanced_forest_reference,2,0.15100882723833545
2year.arff,8,Balanced_forest_reference,5,0.17808607021517553
2year.arff,8,Balanced_forest_reference,10,0.212729912875121
2year.arff,8,Balanced_forest_reference,20,0.2586271567891973
2year.arff,8,Balanced_forest_reference,50,0.3223242274966413
2year.arff,8,EasyEnsemble_reference,1,0.1556356487549148
2year.arff,8,EasyEnsemble_reference,2,0.16361916771752838
2year.arff,8,EasyEnsemble_reference,5,0.18431483578708946
2year.arff,8,EasyEnsemble_reference,10,0.21079380445304938
2year.arff,8,EasyEnsemble_reference,20,0.24587396849212304
2year.arff,8,EasyEnsemble_reference,50,0.2945588893864756
2year.arff,9,Balanced_logistic,1,0.14613368283093053
2year.arff,9,Balanced_logistic,2,0.16046658259773014
2year.arff,9,Balanced_logistic,5,0.19762174405436014
2year.arff,9,Balanced_logistic,10,0.2451597289448209
2year.arff,9,Balanced_logistic,20,0.3081395348837209
2year.arff,9,Balanced_logistic,50,0.39554411106135245
2year.arff,9,Random_forest,1,0.10484927916120576
2year.arff,9,Random_forest,2,0.11979823455233292
2year.arff,9,Random_forest,5,0.15855039637599094
2year.arff,9,Random_forest,10,0.20813165537270087
2year.arff,9,Random_forest,20,0.2738184546136534
2year.arff,9,Random_forest,50,0.3649798477384684
2year.arff,9,Extra_trees,1,0.16677588466579293
2year.arff,9,Extra_trees,2,0.17906683480453972
2year.arff,9,Extra_trees,5,0.2109286523216308
2year.arff,9,Extra_trees,10,0.25169409486931266
2year.arff,9,Extra_trees,20,0.3057014253563391
2year.arff,9,Extra_trees,50,0.380653828929691
2year.arff,9,HistGB_fair,1,0.09501965923984272
2year.arff,9,HistGB_fair,2,0.10529634300126103
2year.arff,9,HistGB_fair,5,0.1319365798414496
2year.arff,9,HistGB_fair,10,0.16602129719264277
2year.arff,9,HistGB_fair,20,0.21117779444861215
2year.arff,9,HistGB_fair,50,0.27384684281236005
2year.arff,9,Balanced_forest_reference,1,0.13597640891218873
2year.arff,9,Balanced_forest_reference,2,0.15100882723833545
2year.arff,9,Balanced_forest_reference,5,0.18997734994337487
2year.arff,9,Balanced_forest_reference,10,0.23983543078412392
2year.arff,9,Balanced_forest_reference,20,0.3058889722430608
2year.arff,9,Balanced_forest_reference,50,0.39755933721450964
2year.arff,9,EasyEnsemble_reference,1,0.11107470511140236
2year.arff,9,EasyEnsemble_reference,2,0.12578814627994955
2year.arff,9,EasyEnsemble_reference,5,0.16392978482446205
2year.arff,9,EasyEnsemble_reference,10,0.212729912875121
2year.arff,9,EasyEnsemble_reference,20,0.27738184546136535
2year.arff,9,EasyEnsemble_reference,50,0.36710703090013436
2year.arff,10,Balanced_logistic,1,0.1464613368283093
2year.arff,10,Balanced_logistic,2,0.1601513240857503
2year.arff,10,Balanced_logistic,5,0.19563986409966025
2year.arff,10,Balanced_logistic,10,0.24104549854791868
2year.arff,10,Balanced_logistic,20,0.30120030007501875
2year.arff,10,Balanced_logistic,50,0.3846842812360054
2year.arff,10,Random_forest,1,0.10419397116644823
2year.arff,10,Random_forest,2,0.1210592686002522
2year.arff,10,Random_forest,5,0.16477916194790487
2year.arff,10,Random_forest,10,0.2207163601161665
2year.arff,10,Random_forest,20,0.2948237059264816
2year.arff,10,Random_forest,50,0.39767129422301833
2year.arff,10,Extra_trees,1,0.20478374836173002
2year.arff,10,Extra_trees,2,0.21784363177805802
2year.arff,10,Extra_trees,5,0.2516987542468856
2year.arff,10,Extra_trees,10,0.29501452081316554
2year.arff,10,Extra_trees,20,0.3524006001500375
2year.arff,10,Extra_trees,50,0.43204209583519926
2year.arff,10,HistGB_fair,1,0.04325032765399738
2year.arff,10,HistGB_fair,2,0.06084489281210593
2year.arff,10,HistGB_fair,5,0.10645526613816535
2year.arff,10,HistGB_fair,10,0.16481122942884802
2year.arff,10,HistGB_fair,20,0.24212303075768943
2year.arff,10,HistGB_fair,50,0.34941782355575457
2year.arff,10,Balanced_forest_reference,1,0.15137614678899083
2year.arff,10,Balanced_forest_reference,2,0.16519546027742749
2year.arff,10,Balanced_forest_reference,5,0.20101925254813138
2year.arff,10,Balanced_forest_reference,10,0.2468538238141336
2year.arff,10,Balanced_forest_reference,20,0.3075768942235559
2year.arff,10,Balanced_forest_reference,50,0.39184952978056425
2year.arff,10,EasyEnsemble_reference,1,0.12057667103538663
2year.arff,10,EasyEnsemble_reference,2,0.13366960907944514
2year.arff,10,EasyEnsemble_reference,5,0.16761041902604756
2year.arff,10,EasyEnsemble_reference,10,0.2110358180058083
2year.arff,10,EasyEnsemble_reference,20,0.2685671417854464
2year.arff,10,EasyEnsemble_reference,50,0.348410210479176
3year.arff,1,Balanced_logistic,1,0.19961916851793082
3year.arff,1,Balanced_logistic,2,0.21515151515151515
3year.arff,1,Balanced_logistic,5,0.25433680277555376
3year.arff,1,Balanced_logistic,10,0.3023152270703473
3year.arff,1,Balanced_logistic,20,0.3624205951186894
3year.arff,1,Balanced_logistic,50,0.43991580558744736
3year.arff,1,Random_forest,1,0.12567438908283085
3year.arff,1,Random_forest,2,0.1406060606060606
3year.arff,1,Random_forest,5,0.17827595409661062
3year.arff,1,Random_forest,10,0.22439893143365983
3year.arff,1,Random_forest,20,0.2821798729521899
3year.arff,1,Random_forest,50,0.35667814772292383
3year.arff,1,Extra_trees,1,0.17232624563630594
3year.arff,1,Extra_trees,2,0.18787878787878787
3year.arff,1,Extra_trees,5,0.22711502535361622
3year.arff,1,Extra_trees,10,0.27515583259127335
3year.arff,1,Extra_trees,20,0.3353393513874958
3year.arff,1,Extra_trees,50,0.4129353233830846
3year.arff,1,HistGB_fair,1,0.08092668993970169
3year.arff,1,HistGB_fair,2,0.09545454545454546
3year.arff,1,HistGB_fair,5,0.1321056845476381
3year.arff,1,HistGB_fair,10,0.1769813000890472
3year.arff,1,HistGB_fair,20,0.23319959879638916
3year.arff,1,HistGB_fair,50,0.3056831228473019
3year.arff,1,Balanced_forest_reference,1,0.12599174865122184
3year.arff,1,Balanced_forest_reference,2,0.14606060606060606
3year.arff,1,Balanced_forest_reference,5,0.19669068588203897
3year.arff,1,Balanced_forest_reference,10,0.25868210151380233
3year.arff,1,Balanced_forest_reference,20,0.33634236041457705
3year.arff,1,Balanced_forest_reference,50,0.4364714887102947
3year.arff,1,EasyEnsemble_reference,1,0.12884798476674073
3year.arff,1,EasyEnsemble_reference,2,0.1478787878787879
3year.arff,1,EasyEnsemble_reference,5,0.19589004536962903
3year.arff,1,EasyEnsemble_reference,10,0.25467497773820125
3year.arff,1,EasyEnsemble_reference,20,0.32831828819792713
3year.arff,1,EasyEnsemble_reference,50,0.42326827401454264
3year.arff,2,Balanced_logistic,1,0.20342748333862265
3year.arff,2,Balanced_logistic,2,0.2206060606060606
3year.arff,2,Balanced_logistic,5,0.2639444889244729
3year.arff,2,Balanced_logistic,10,0.3170080142475512
3year.arff,2,Balanced_logistic,20,0.3834837846873955
3year.arff,2,Balanced_logistic,50,0.46919249904324534
3year.arff,2,Random_forest,1,0.11520152332592827
3year.arff,2,Random_forest,2,0.13515151515151516
3year.arff,2,Random_forest,5,0.18548171870829996
3year.arff,2,Random_forest,10,0.2471059661620659
3year.arff,2,Random_forest,20,0.3243062520896021
3year.arff,2,Random_forest,50,0.42384232682740147
3year.arff,2,Extra_trees,1,0.19771501110758488
3year.arff,2,Extra_trees,2,0.21515151515151515
3year.arff,2,Extra_trees,5,0.25914064585001334
3year.arff,2,Extra_trees,10,0.3130008904719501
3year.arff,2,Extra_trees,20,0.3804747576061518
3year.arff,2,Extra_trees,50,0.46747034060466897
3year.arff,2,HistGB_fair,1,0.07965725166613774
3year.arff,2,HistGB_fair,2,0.09757575757575758
3year.arff,2,HistGB_fair,5,0.14278089137977049
3year.arff,2,HistGB_fair,10,0.1981300089047195
3year.arff,2,HistGB_fair,20,0.2674690738883317
3year.arff,2,HistGB_fair,50,0.35686949866054346
3year.arff,2,Balanced_forest_reference,1,0.15074579498571883
3year.arff,2,Balanced_forest_reference,2,0.17
3year.arff,2,Balanced_forest_reference,5,0.21857485988791034
3year.arff,2,Balanced_forest_reference,10,0.2780498664292075
3year.arff,2,Balanced_forest_reference,20,0.35255767301905716
3year.arff,2,Balanced_forest_reference,50,0.44862227324913895
3year.arff,2,EasyEnsemble_reference,1,0.12345287210409393
3year.arff,2,EasyEnsemble_reference,2,0.14545454545454545
3year.arff,2,EasyEnsemble_reference,5,0.20096076861489193
3year.arff,2,EasyEnsemble_reference,10,0.26892252894033836
3year.arff,2,EasyEnsemble_reference,20,0.354062186559679
3year.arff,2,EasyEnsemble_reference,50,0.46383467278989665
3year.arff,3,Balanced_logistic,1,0.20374484290701364
3year.arff,3,Balanced_logistic,2,0.21818181818181817
3year.arff,3,Balanced_logistic,5,0.2546036829463571
3year.arff,3,Balanced_logistic,10,0.2991985752448798
3year.arff,3,Balanced_logistic,20,0.3550651955867603
3year.arff,3,Balanced_logistic,50,0.42709529276693453
3year.arff,3,Random_forest,1,0.15074579498571883
3year.arff,3,Random_forest,2,0.16151515151515153
3year.arff,3,Random_forest,5,0.1886842807579397
3year.arff,3,Random_forest,10,0.22195013357079252
3year.arff,3,Random_forest,20,0.2636242059511869
3year.arff,3,Random_forest,50,0.3173555300420972
3year.arff,3,Extra_trees,1,0.22818152967311964
3year.arff,3,Extra_trees,2,0.23757575757575758
3year.arff,3,Extra_trees,5,0.26127568721643984
3year.arff,3,Extra_trees,10,0.2902938557435441
3year.arff,3,Extra_trees,20,0.32664660648612504
3year.arff,3,Extra_trees,50,0.3735170302334481
3year.arff,3,HistGB_fair,1,0.10377657886385275
3year.arff,3,HistGB_fair,2,0.11424242424242424
3year.arff,3,HistGB_fair,5,0.140645850013344
3year.arff,3,HistGB_fair,10,0.17297417631344614
3year.arff,3,HistGB_fair,20,0.2134737545971247
3year.arff,3,HistGB_fair,50,0.26569077688480675
3year.arff,3,Balanced_forest_reference,1,0.19295461758172008
3year.arff,3,Balanced_forest_reference,2,0.20303030303030303
3year.arff,3,Balanced_forest_reference,5,0.22844942620763278
3year.arff,3,Balanced_forest_reference,10,0.25957257346393586
3year.arff,3,Balanced_forest_reference,20,0.2985623537278502
3year.arff,3,Balanced_forest_reference,50,0.3488327592805205
3year.arff,3,EasyEnsemble_reference,1,0.16439225642653127
3year.arff,3,EasyEnsemble_reference,2,0.17545454545454545
3year.arff,3,EasyEnsemble_reference,5,0.2033626901521217
3year.arff,3,EasyEnsemble_reference,10,0.23753339269813
3year.arff,3,EasyEnsemble_reference,20,0.2803410230692076
3year.arff,3,EasyEnsemble_reference,50,0.33553386911595867
3year.arff,4,Balanced_logistic,1,0.17359568390986987
3year.arff,4,Balanced_logistic,2,0.19
3year.arff,4,Balanced_logistic,5,0.23138510808646917
3year.arff,4,Balanced_logistic,10,0.28205699020480857
3year.arff,4,Balanced_logistic,20,0.3455366098294885
3year.arff,4,Balanced_logistic,50,0.42738231917336394
3year.arff,4,Random_forest,1,0.1320215804506506
3year.arff,4,Random_forest,2,0.14666666666666667
3year.arff,4,Random_forest,5,0.1836135575126768
3year.arff,4,Random_forest,10,0.2288512911843277
3year.arff,4,Random_forest,20,0.2855232363757941
3year.arff,4,Random_forest,50,0.3585916570991198
3year.arff,4,Extra_trees,1,0.19866708981275785
3year.arff,4,Extra_trees,2,0.2109090909090909
3year.arff,4,Extra_trees,5,0.24179343474779824
3year.arff,4,Extra_trees,10,0.27960819234194123
3year.arff,4,Extra_trees,20,0.32698094282848544
3year.arff,4,Extra_trees,50,0.3880597014925373
3year.arff,4,HistGB_fair,1,0.049190733100602985
3year.arff,4,HistGB_fair,2,0.0696969696969697
3year.arff,4,HistGB_fair,5,0.12143047771550573
3year.arff,4,HistGB_fair,10,0.18477292965271594
3year.arff,4,HistGB_fair,20,0.2641257104647275
3year.arff,4,HistGB_fair,50,0.3664370455415232
3year.arff,4,Balanced_forest_reference,1,0.18724214535068232
3year.arff,4,Balanced_forest_reference,2,0.1990909090909091
3year.arff,4,Balanced_forest_reference,5,0.22898318654923938
3year.arff,4,Balanced_forest_reference,10,0.2655832591273375
3year.arff,4,Balanced_forest_reference,20,0.3114343029087262
3year.arff,4,Balanced_forest_reference,50,0.3705510907003444
3year.arff,4,EasyEnsemble_reference,1,0.1682005712472231
3year.arff,4,EasyEnsemble_reference,2,0.17939393939393938
3year.arff,4,EasyEnsemble_reference,5,0.20763277288497464
3year.arff,4,EasyEnsemble_reference,10,0.24220837043633126
3year.arff,4,EasyEnsemble_reference,20,0.2855232363757941
3year.arff,4,EasyEnsemble_reference,50,0.3413700727133563
3year.arff,5,Balanced_logistic,1,0.16629641383687718
3year.arff,5,Balanced_logistic,2,0.18272727272727274
3year.arff,5,Balanced_logistic,5,0.22417934347477983
3year.arff,5,Balanced_logistic,10,0.27493321460374
3year.arff,5,Balanced_logistic,20,0.3385155466399198
3year.arff,5,Balanced_logistic,50,0.42049368541905857
3year.arff,5,Random_forest,1,0.14185972707077119
3year.arff,5,Random_forest,2,0.15636363636363637
3year.arff,5,Random_forest,5,0.19295436349079265
3year.arff,5,Random_forest,10,0.2377560106856634
3year.arff,5,Random_forest,20,0.2938816449348044
3year.arff,5,Random_forest,50,0.36624569460390355
3year.arff,5,Extra_trees,1,0.16883529038400508
3year.arff,5,Extra_trees,2,0.18878787878787878
3year.arff,5,Extra_trees,5,0.23912463303976514
3year.arff,5,Extra_trees,10,0.30075690115761355
3year.arff,5,Extra_trees,20,0.3779672350384487
3year.arff,5,Extra_trees,50,0.47751626482969767
3year.arff,5,HistGB_fair,1,0.05998095842589654
3year.arff,5,HistGB_fair,2,0.07787878787878788
3year.arff,5,HistGB_fair,5,0.1230317587403256
3year.arff,5,HistGB_fair,10,0.17831700801424755
3year.arff,5,HistGB_fair,20,0.247576061517887
3year.arff,5,HistGB_fair,50,0.33687332567929584
3year.arff,5,Balanced_forest_reference,1,0.17549984132021582
3year.arff,5,Balanced_forest_reference,2,0.18636363636363637
3year.arff,5,Balanced_forest_reference,5,0.21377101681345076
3year.arff,5,Balanced_forest_reference,10,0.2473285841495993
3year.arff,5,Balanced_forest_reference,20,0.2893681043129388
3year.arff,5,Balanced_forest_reference,50,0.34357060849598164
3year.arff,5,EasyEnsemble_reference,1,0.13329101872421453
3year.arff,5,EasyEnsemble_reference,2,0.15272727272727274
3year.arff,5,EasyEnsemble_reference,5,0.20176140912730184
3year.arff,5,EasyEnsemble_reference,10,0.26179875333926983
3year.arff,5,EasyEnsemble_reference,20,0.3370110330992979
3year.arff,5,EasyEnsemble_reference,50,0.43398392652123996
3year.arff,6,Balanced_logistic,1,0.14820691843859093
3year.arff,6,Balanced_logistic,2,0.16636363636363635
3year.arff,6,Balanced_logistic,5,0.2121697357886309
3year.arff,6,Balanced_logistic,10,0.2682546749777382
3year.arff,6,Balanced_logistic,20,0.3385155466399198
3year.arff,6,Balanced_logistic,50,0.4291044776119403
3year.arff,6,Random_forest,1,0.11551888289431926
3year.arff,6,Random_forest,2,0.13393939393939394
3year.arff,6,Random_forest,5,0.1804109954630371
3year.arff,6,Random_forest,10,0.2373107747105966
3year.arff,6,Random_forest,20,0.30859244399866265
3year.arff,6,Random_forest,50,0.40049751243781095
3year.arff,6,Extra_trees,1,0.17232624563630594
3year.arff,6,Extra_trees,2,0.18757575757575756
3year.arff,6,Extra_trees,5,0.226047504670403
3year.arff,6,Extra_trees,10,0.27315227070347287
3year.arff,6,Extra_trees,20,0.33216315613507186
3year.arff,6,Extra_trees,50,0.4082472254114045
3year.arff,6,HistGB_fair,1,0.0660107902253253
3year.arff,6,HistGB_fair,2,0.08242424242424243
3year.arff,6,HistGB_fair,5,0.12383239925273552
3year.arff,6,HistGB_fair,10,0.1745325022261799
3year.arff,6,HistGB_fair,20,0.2380474757606152
3year.arff,6,HistGB_fair,50,0.3199387676999617
3year.arff,6,Balanced_forest_reference,1,0.1393208505236433
3year.arff,6,Balanced_forest_reference,2,0.15606060606060607
3year.arff,6,Balanced_forest_reference,5,0.19829196690685882
3year.arff,6,Balanced_forest_reference,10,0.25
3year.arff,6,Balanced_forest_reference,20,0.31477766633233034
3year.arff,6,Balanced_forest_reference,50,0.3982969766551856
3year.arff,6,EasyEnsemble_reference,1,0.1485242780069819
3year.arff,6,EasyEnsemble_reference,2,0.1603030303030303
3year.arff,6,EasyEnsemble_reference,5,0.19001868161195623
3year.arff,6,EasyEnsemble_reference,10,0.22640249332146037
3year.arff,6,EasyEnsemble_reference,20,0.2719826145101973
3year.arff,6,EasyEnsemble_reference,50,0.3307500956754688
3year.arff,7,Balanced_logistic,1,0.19803237067597587
3year.arff,7,Balanced_logistic,2,0.2106060606060606
3year.arff,7,Balanced_logistic,5,0.24232719508940487
3year.arff,7,Balanced_logistic,10,0.281166518254675
3year.arff,7,Balanced_logistic,20,0.329822801738549
3year.arff,7,Balanced_logistic,50,0.39255644852659777
3year.arff,7,Random_forest,1,0.09711202792764202
3year.arff,7,Random_forest,2,0.11303030303030304
3year.arff,7,Random_forest,5,0.15318921804109956
3year.arff,7,Random_forest,10,0.20235975066785397
3year.arff,7,Random_forest,20,0.2639585422935473
3year.arff,7,Random_forest,50,0.343379257558362
3year.arff,7,Extra_trees,1,0.2024754046334497
3year.arff,7,Extra_trees,2,0.21545454545454545
3year.arff,7,Extra_trees,5,0.24819855884707767
3year.arff,7,Extra_trees,10,0.28829029385574356
3year.arff,7,Extra_trees,20,0.3385155466399198
3year.arff,7,Extra_trees,50,0.4032721010332951
3year.arff,7,HistGB_fair,1,0.1050460171374167
3year.arff,7,HistGB_fair,2,0.11212121212121212
3year.arff,7,HistGB_fair,5,0.12997064318121163
3year.arff,7,HistGB_fair,10,0.15182546749777381
3year.arff,7,HistGB_fair,20,0.17920427950518222
3year.arff,7,HistGB_fair,50,0.21450440107156524
3year.arff,7,Balanced_forest_reference,1,0.15423675023801967
3year.arff,7,Balanced_forest_reference,2,0.16636363636363635
3year.arff,7,Balanced_forest_reference,5,0.1969575660528423
3year.arff,7,Balanced_forest_reference,10,0.2344167408726625
3year.arff,7,Balanced_forest_reference,20,0.2813440320962889
3year.arff,7,Balanced_forest_reference,50,0.3418484500574053
3year.arff,7,EasyEnsemble_reference,1,0.1342430974293875
3year.arff,7,EasyEnsemble_reference,2,0.1478787878787879
3year.arff,7,EasyEnsemble_reference,5,0.18227915665866026
3year.arff,7,EasyEnsemble_reference,10,0.22439893143365983
3year.arff,7,EasyEnsemble_reference,20,0.2771648278167837
3year.arff,7,EasyEnsemble_reference,50,0.3451970914657482
3year.arff,8,Balanced_logistic,1,0.18216439225642653
3year.arff,8,Balanced_logistic,2,0.19757575757575757
3year.arff,8,Balanced_logistic,5,0.23645583133173206
3year.arff,8,Balanced_logistic,10,0.2840605520926091
3year.arff,8,Balanced_logistic,20,0.3436977599465062
3year.arff,8,Balanced_logistic,50,0.42058936088786836
3year.arff,8,Random_forest,1,0.11393208505236432
3year.arff,8,Random_forest,2,0.1318181818181818
3year.arff,8,Random_forest,5,0.17694155324259409
3year.arff,8,Random_forest,10,0.23219056099732857
3year.arff,8,Random_forest,20,0.3014042126379137
3year.arff,8,Random_forest,50,0.3906429391504018
3year.arff,8,Extra_trees,1,0.15296731196445573
3year.arff,8,Extra_trees,2,0.17181818181818181
3year.arff,8,Extra_trees,5,0.21937550040032025
3year.arff,8,Extra_trees,10,0.2776046304541407
3year.arff,8,Extra_trees,20,0.3505516549648947
3year.arff,8,Extra_trees,50,0.44460390355912743
3year.arff,8,HistGB_fair,1,0.054903205331640746
3year.arff,8,HistGB_fair,2,0.07515151515151515
3year.arff,8,HistGB_fair,5,0.1262343207899653
3year.arff,8,HistGB_fair,10,0.188780053428317
3year.arff,8,HistGB_fair,20,0.2671347375459712
3year.arff,8,HistGB_fair,50,0.3681592039800995
3year.arff,8,Balanced_forest_reference,1,0.11329736591558236
3year.arff,8,Balanced_forest_reference,2,0.13393939393939394
3year.arff,8,Balanced_forest_reference,5,0.1860154790499066
3year.arff,8,Balanced_forest_reference,10,0.2497773820124666
3year.arff,8,Balanced_forest_reference,20,0.32965563356736877
3year.arff,8,Balanced_forest_reference,50,0.4326444699579028
3year.arff,8,EasyEnsemble_reference,1,0.1171056807362742
3year.arff,8,EasyEnsemble_reference,2,0.13545454545454547
3year.arff,8,EasyEnsemble_reference,5,0.18174539631705364
3year.arff,8,EasyEnsemble_reference,10,0.23842386464826357
3year.arff,8,EasyEnsemble_reference,20,0.3094282848545637
3year.arff,8,EasyEnsemble_reference,50,0.40097588978185994
3year.arff,9,Balanced_logistic,1,0.1656616947000952
3year.arff,9,Balanced_logistic,2,0.18454545454545454
3year.arff,9,Balanced_logistic,5,0.2321857485988791
3year.arff,9,Balanced_logistic,10,0.2905164737310775
3year.arff,9,Balanced_logistic,20,0.36359077231695086
3year.arff,9,Balanced_logistic,50,0.45780711825487946
3year.arff,9,Random_forest,1,0.1123452872104094
3year.arff,9,Random_forest,2,0.13484848484848486
3year.arff,9,Random_forest,5,0.19161996263677608
3year.arff,9,Random_forest,10,0.2611308993766696
3year.arff,9,Random_forest,20,0.3482113005683718
3year.arff,9,Random_forest,50,0.46048603138155375
3year.arff,9,Extra_trees,1,0.17169152649952396
3year.arff,9,Extra_trees,2,0.1896969696969697
3year.arff,9,Extra_trees,5,0.2351214304777155
3year.arff,9,Extra_trees,10,0.29073909171861084
3year.arff,9,Extra_trees,20,0.3604145770645269
3year.arff,9,Extra_trees,50,0.4502487562189055
3year.arff,9,HistGB_fair,1,0.0901301174230403
3year.arff,9,HistGB_fair,2,0.10575757575757576
3year.arff,9,HistGB_fair,5,0.14518281291700028
3year.arff,9,HistGB_fair,10,0.19345503116651824
3year.arff,9,HistGB_fair,20,0.2539284520227349
3year.arff,9,HistGB_fair,50,0.33189820130118636
3year.arff,9,Balanced_forest_reference,1,0.14439860361789908
3year.arff,9,Balanced_forest_reference,2,0.16545454545454547
3year.arff,9,Balanced_forest_reference,5,0.21857485988791034
3year.arff,9,Balanced_forest_reference,10,0.2836153161175423
3year.arff,9,Balanced_forest_reference,20,0.3650952858575727
3year.arff,9,Balanced_forest_reference,50,0.4701492537313433
3year.arff,9,EasyEnsemble_reference,1,0.146302761028245
3year.arff,9,EasyEnsemble_reference,2,0.16121212121212122
3year.arff,9,EasyEnsemble_reference,5,0.19882572724846545
3year.arff,9,EasyEnsemble_reference,10,0.24487978628673196
3year.arff,9,EasyEnsemble_reference,20,0.3025743898361752
3year.arff,9,EasyEnsemble_reference,50,0.37696134711060086
3year.arff,10,Balanced_logistic,1,0.2170739447794351
3year.arff,10,Balanced_logistic,2,0.2312121212121212
3year.arff,10,Balanced_logistic,5,0.26688017080330934
3year.arff,10,Balanced_logistic,10,0.31055209260908284
3year.arff,10,Balanced_logistic,20,0.3652624540287529
3year.arff,10,Balanced_logistic,50,0.4358017604286261
3year.arff,10,Random_forest,1,0.15138051412250078
3year.arff,10,Random_forest,2,0.16545454545454547
3year.arff,10,Random_forest,5,0.20096076861489193
3year.arff,10,Random_forest,10,0.2444345503116652
3year.arff,10,Random_forest,20,0.29889669007021064
3year.arff,10,Random_forest,50,0.36911595866819746
3year.arff,10,Extra_trees,1,0.19358933671850206
3year.arff,10,Extra_trees,2,0.20545454545454545
3year.arff,10,Extra_trees,5,0.2353883106485188
3year.arff,10,Extra_trees,10,0.27203918076580585
3year.arff,10,Extra_trees,20,0.31795386158475425
3year.arff,10,Extra_trees,50,0.37715269804822044
3year.arff,10,HistGB_fair,1,0.09298635353855919
3year.arff,10,HistGB_fair,2,0.10484848484848484
3year.arff,10,HistGB_fair,5,0.1347744862556712
3year.arff,10,HistGB_fair,10,0.1714158504007124
3year.arff,10,HistGB_fair,20,0.21731862253426948
3year.arff,10,HistGB_fair,50,0.2765021048603138
3year.arff,10,Balanced_forest_reference,1,0.19200253887654714
3year.arff,10,Balanced_forest_reference,2,0.20303030303030303
3year.arff,10,Balanced_forest_reference,5,0.23085134774486255
3year.arff,10,Balanced_forest_reference,10,0.2649154051647373
3year.arff,10,Balanced_forest_reference,20,0.3075894349715814
3year.arff,10,Balanced_forest_reference,50,0.3626100267891313
3year.arff,10,EasyEnsemble_reference,1,0.11551888289431926
3year.arff,10,EasyEnsemble_reference,2,0.13272727272727272
3year.arff,10,EasyEnsemble_reference,5,0.17614091273018415
3year.arff,10,EasyEnsemble_reference,10,0.22929652715939447
3year.arff,10,EasyEnsemble_reference,20,0.2958876629889669
3year.arff,10,EasyEnsemble_reference,50,0.3817451205510907
4year.arff,1,Balanced_logistic,1,0.15350578624914907
4year.arff,1,Balanced_logistic,2,0.17523440025864856
4year.arff,1,Balanced_logistic,5,0.22906127037661608
4year.arff,1,Balanced_logistic,10,0.2930994691899377
4year.arff,1,Balanced_logistic,20,0.37055923848376676
4year.arff,1,Balanced_logistic,50,0.4661539922149435
4year.arff,1,Random_forest,1,0.08611300204220558
4year.arff,1,Random_forest,2,0.11121888134497251
4year.arff,1,Random_forest,5,0.17341202922990445
4year.arff,1,Random_forest,10,0.2474036464343411
4year.arff,1,Random_forest,20,0.3369029406765256
4year.arff,1,Random_forest,50,0.44735592898509446
4year.arff,1,Extra_trees,1,0.140571817562968
4year.arff,1,Extra_trees,2,0.1616553507921112
4year.arff,1,Extra_trees,5,0.21388420460933108
4year.arff,1,Extra_trees,10,0.2760212324024925
4year.arff,1,Extra_trees,20,0.35118137004929456
4year.arff,1,Extra_trees,50,0.4439380993069401
4year.arff,1,HistGB_fair,1,0.04594962559564329
4year.arff,1,HistGB_fair,2,0.06660200452634982
4year.arff,1,HistGB_fair,5,0.11776278808319281
4year.arff,1,HistGB_fair,10,0.1786291253173321
4year.arff,1,HistGB_fair,20,0.25225225225225223
4year.arff,1,HistGB_fair,50,0.3431121238013861
4year.arff,1,Balanced_forest_reference,1,0.12253233492171545
4year.arff,1,Balanced_forest_reference,2,0.14484319430973167
4year.arff,1,Balanced_forest_reference,5,0.20011242270938728
4year.arff,1,Balanced_forest_reference,10,0.26586660512347104
4year.arff,1,Balanced_forest_reference,20,0.34540200577936425
4year.arff,1,Balanced_forest_reference,50,0.4435583404538118
4year.arff,1,EasyEnsemble_reference,1,0.09326072157930565
4year.arff,1,EasyEnsemble_reference,2,0.11768509537665697
4year.arff,1,EasyEnsemble_reference,5,0.17818999437886454
4year.arff,1,EasyEnsemble_reference,10,0.2501730902377106
4year.arff,1,EasyEnsemble_reference,20,0.3372429032806391
4year.arff,1,EasyEnsemble_reference,50,0.4446976170131966
4year.arff,2,Balanced_logistic,1,0.13818924438393465
4year.arff,2,Balanced_logistic,2,0.1616553507921112
4year.arff,2,Balanced_logistic,5,0.21978639685216414
4year.arff,2,Balanced_logistic,10,0.28894530348488345
4year.arff,2,Balanced_logistic,20,0.3725990141084481
4year.arff,2,Balanced_logistic,50,0.4758378429697142
4year.arff,2,Random_forest,1,0.11266167460857726
4year.arff,2,Random_forest,2,0.13417394115745232
4year.arff,2,Random_forest,5,0.18746486790331646
4year.arff,2,Random_forest,10,0.25086545118855297
4year.arff,2,Random_forest,20,0.327553969063403
4year.arff,2,Random_forest,50,0.422196904965347
4year.arff,2,Extra_trees,1,0.15214431586113003
4year.arff,2,Extra_trees,2,0.17394115745231167
4year.arff,2,Extra_trees,5,0.2279370432827431
4year.arff,2,Extra_trees,10,0.2921763212554812
4year.arff,2,Extra_trees,20,0.3698793132755397
4year.arff,2,Extra_trees,50,0.4657742333618152
4year.arff,2,HistGB_fair,1,0.05207624234172907
4year.arff,2,HistGB_fair,2,0.07112835434852893
4year.arff,2,HistGB_fair,5,0.11832490163012929
4year.arff,2,HistGB_fair,10,0.17447495961227788
4year.arff,2,HistGB_fair,20,0.24239333673295937
4year.arff,2,HistGB_fair,50,0.3262128548371784
4year.arff,2,Balanced_forest_reference,1,0.12763784887678692
4year.arff,2,Balanced_forest_reference,2,0.14936954413191075
4year.arff,2,Balanced_forest_reference,5,0.20320404721753793
4year.arff,2,Balanced_forest_reference,10,0.2672513270251558
4year.arff,2,Balanced_forest_reference,20,0.3447220805711372
4year.arff,2,Balanced_forest_reference,50,0.4403303902022216
4year.arff,2,EasyEnsemble_reference,1,0.1113002042205582
4year.arff,2,EasyEnsemble_reference,2,0.13482056256062075
4year.arff,2,EasyEnsemble_reference,5,0.19308600337268128
4year.arff,2,EasyEnsemble_reference,10,0.2624048003692592
4year.arff,2,EasyEnsemble_reference,20,0.34625191228964813
4year.arff,2,EasyEnsemble_reference,50,0.4497294218171461
4year.arff,3,Balanced_logistic,1,0.17801225323349218
4year.arff,3,Balanced_logistic,2,0.19851277077271257
4year.arff,3,Balanced_logistic,5,0.2492973580663294
4year.arff,3,Balanced_logistic,10,0.30971613201015463
4year.arff,3,Balanced_logistic,20,0.3827978922318545
4year.arff,3,Balanced_logistic,50,0.4729896515712523
4year.arff,3,Random_forest,1,0.1592920353982301
4year.arff,3,Random_forest,2,0.16779825412221144
4year.arff,3,Random_forest,5,0.18887015177065766
4year.arff,3,Random_forest,10,0.2139395338102931
4year.arff,3,Random_forest,20,0.2442631310555839
4year.arff,3,Random_forest,50,0.2816861293078895
4year.arff,3,Extra_trees,1,0.1749489448604493
4year.arff,3,Extra_trees,2,0.19236986744261236
4year.arff,3,Extra_trees,5,0.23552557616638561
4year.arff,3,Extra_trees,10,0.28686822063235634
4year.arff,3,Extra_trees,20,0.34897161312255653
4year.arff,3,Extra_trees,50,0.42561473464350136
4year.arff,3,HistGB_fair,1,0.10006807351940095
4year.arff,3,HistGB_fair,2,0.10830908503071451
4year.arff,3,HistGB_fair,5,0.12872400224845418
4year.arff,3,HistGB_fair,10,0.15301177013616432
4year.arff,3,HistGB_fair,20,0.18238993710691823
4year.arff,3,HistGB_fair,50,0.21864615968859774
4year.arff,3,Balanced_forest_reference,1,0.14363512593601088
4year.arff,3,Balanced_forest_reference,2,0.1597154865826059
4year.arff,3,Balanced_forest_reference,5,0.1995503091624508
4year.arff,3,Balanced_forest_reference,10,0.24694207246711286
4year.arff,3,Balanced_forest_reference,20,0.304266530681625
4year.arff,3,Balanced_forest_reference,50,0.37501186746416026
4year.arff,3,EasyEnsemble_reference,1,0.1317222600408441
4year.arff,3,EasyEnsemble_reference,2,0.15098609763983187
4year.arff,3,EasyEnsemble_reference,5,0.1987071388420461
4year.arff,3,EasyEnsemble_reference,10,0.2554811908608354
4year.arff,3,EasyEnsemble_reference,20,0.32415434302226753
4year.arff,3,EasyEnsemble_reference,50,0.4089053451058578
4year.arff,4,Balanced_logistic,1,0.14771953710006808
4year.arff,4,Balanced_logistic,2,0.16941480763013256
4year.arff,4,Balanced_logistic,5,0.22315907813378302
4year.arff,4,Balanced_logistic,10,0.28709900761597046
4year.arff,4,Balanced_logistic,20,0.36443991160972294
4year.arff,4,Balanced_logistic,50,0.4598879711383272
4year.arff,4,Random_forest,1,0.11504424778761062
4year.arff,4,Random_forest,2,0.1354671839637892
4year.arff,4,Random_forest,5,0.18605958403597528
4year.arff,4,Random_forest,10,0.24624971151627048
4year.arff,4,Random_forest,20,0.31905490396056435
4year.arff,4,Random_forest,50,0.4089053451058578
4year.arff,4,Extra_trees,1,0.15554799183117768
4year.arff,4,Extra_trees,2,0.17588102166181702
4year.arff,4,Extra_trees,5,0.22625070264193367
4year.arff,4,Extra_trees,10,0.286175859681514
4year.arff,4,Extra_trees,20,0.35866054733979263
4year.arff,4,Extra_trees,50,0.448115446691351
4year.arff,4,HistGB_fair,1,0.0762423417290674
4year.arff,4,HistGB_fair,2,0.09376010345942451
4year.arff,4,HistGB_fair,5,0.13715570545250141
4year.arff,4,HistGB_fair,10,0.18878375259635358
4year.arff,4,HistGB_fair,20,0.2512323644399116
4year.arff,4,HistGB_fair,50,0.3283015285293838
4year.arff,4,Balanced_forest_reference,1,0.1123213070115725
4year.arff,4,Balanced_forest_reference,2,0.13773035887487875
4year.arff,4,Balanced_forest_reference,5,0.20067453625632378
4year.arff,4,Balanced_forest_reference,10,0.27555965843526425
4year.arff,4,Balanced_forest_reference,20,0.36613972463029065
4year.arff,4,Balanced_forest_reference,50,0.47792651666191965
4year.arff,4,EasyEnsemble_reference,1,0.11980939414567733
4year.arff,4,EasyEnsemble_reference,2,0.14193339799547364
4year.arff,4,EasyEnsemble_reference,5,0.1967397414277684
4year.arff,4,EasyEnsemble_reference,10,0.26194322640203094
4year.arff,4,EasyEnsemble_reference,20,0.3408125106238314
4year.arff,4,EasyEnsemble_reference,50,0.4381467767967341
4year.arff,5,Balanced_logistic,1,0.1531654186521443
4year.arff,5,Balanced_logistic,2,0.1716779825412221
4year.arff,5,Balanced_logistic,5,0.2175379426644182
4year.arff,5,Balanced_logistic,10,0.2720978536810524
4year.arff,5,Balanced_logistic,20,0.338092809790923
4year.arff,5,Balanced_logistic,50,0.41953859299344914
4year.arff,5,Random_forest,1,0.10108917631041525
4year.arff,5,Random_forest,2,0.12059489169091497
4year.arff,5,Random_forest,5,0.1689151208544126
4year.arff,5,Random_forest,10,0.2264020309254558
4year.arff,5,Random_forest,20,0.2959374468808431
4year.arff,5,Random_forest,50,0.38175258710718696
4year.arff,5,Extra_trees,1,0.18141592920353983
4year.arff,5,Extra_trees,2,0.19657290656320725
4year.arff,5,Extra_trees,5,0.2341202922990444
4year.arff,5,Extra_trees,10,0.278790676205862
4year.arff,5,Extra_trees,20,0.332823389427163
4year.arff,5,Extra_trees,50,0.39950631349093324
4year.arff,5,HistGB_fair,1,0.05513955071477195
4year.arff,5,HistGB_fair,2,0.07468477206595538
4year.arff,5,HistGB_fair,5,0.12310286677908938
4year.arff,5,HistGB_fair,10,0.18070620816985922
4year.arff,5,HistGB_fair,20,0.25038245792962777
4year.arff,5,HistGB_fair,50,0.3363714041583594
4year.arff,5,Balanced_forest_reference,1,0.17052416609938734
4year.arff,5,Balanced_forest_reference,2,0.1842870999030068
4year.arff,5,Balanced_forest_reference,5,0.21838111298482293
4year.arff,5,Balanced_forest_reference,10,0.2589429956150473
4year.arff,5,Balanced_forest_reference,20,0.30800611932687405
4year.arff,5,Balanced_forest_reference,50,0.36855596696097975
4year.arff,5,EasyEnsemble_reference,1,0.11402314499659633
4year.arff,5,EasyEnsemble_reference,2,0.1338506304558681
4year.arff,5,EasyEnsemble_reference,5,0.18296795952782463
4year.arff,5,EasyEnsemble_reference,10,0.24140318486037388
4year.arff,5,EasyEnsemble_reference,20,0.3120856705762366
4year.arff,5,EasyEnsemble_reference,50,0.3993164340643691
4year.arff,6,Balanced_logistic,1,0.16371681415929204
4year.arff,6,Balanced_logistic,2,0.18234723569350145
4year.arff,6,Balanced_logistic,5,0.22849915682967958
4year.arff,6,Balanced_logistic,10,0.28340641587814447
4year.arff,6,Balanced_logistic,20,0.34982151963284036
4year.arff,6,Balanced_logistic,50,0.43178581600683563
4year.arff,6,Random_forest,1,0.1102791014295439
4year.arff,6,Random_forest,2,0.1280310378273521
4year.arff,6,Random_forest,5,0.17200674536256325
4year.arff,6,Random_forest,10,0.2243249480729287
4year.arff,6,Random_forest,20,0.2876083630800612
4year.arff,6,Random_forest,50,0.3657077755625178
4year.arff,6,Extra_trees,1,0.16473791695030632
4year.arff,6,Extra_trees,2,0.18267054639508568
4year.arff,6,Extra_trees,5,0.2270938729623384
4year.arff,6,Extra_trees,10,0.2799446111239326
4year.arff,6,Extra_trees,20,0.3438721740608533
4year.arff,6,Extra_trees,50,0.4227665432450394
4year.arff,6,HistGB_fair,1,0.06398910823689585
4year.arff,6,HistGB_fair,2,0.07694794697704493
4year.arff,6,HistGB_fair,5,0.10905002810567735
4year.arff,6,HistGB_fair,10,0.14724209554581122
4year.arff,6,HistGB_fair,20,0.19343872174060853
4year.arff,6,HistGB_fair,50,0.25045096363808983
4year.arff,6,Balanced_forest_reference,1,0.13308373042886318
4year.arff,6,Balanced_forest_reference,2,0.15163271904300032
4year.arff,6,Balanced_forest_reference,5,0.19758291174817313
4year.arff,6,Balanced_forest_reference,10,0.25225017309023773
4year.arff,6,Balanced_forest_reference,20,0.3183749787523372
4year.arff,6,Balanced_forest_reference,50,0.3999810120573436
4year.arff,6,EasyEnsemble_reference,1,0.13036078965282505
4year.arff,6,EasyEnsemble_reference,2,0.14936954413191075
4year.arff,6,EasyEnsemble_reference,5,0.19645868465430016
4year.arff,6,EasyEnsemble_reference,10,0.25248096007385185
4year.arff,6,EasyEnsemble_reference,20,0.32024477307496174
4year.arff,6,EasyEnsemble_reference,50,0.4038735403019083
4year.arff,7,Balanced_logistic,1,0.12083049693669162
4year.arff,7,Balanced_logistic,2,0.14290333010022632
4year.arff,7,Balanced_logistic,5,0.19758291174817313
4year.arff,7,Balanced_logistic,10,0.2626355873528733
4year.arff,7,Balanced_logistic,20,0.3413224545300017
4year.arff,7,Balanced_logistic,50,0.43843159593658027
4year.arff,7,Random_forest,1,0.10108917631041525
4year.arff,7,Random_forest,2,0.12350468800517297
4year.arff,7,Random_forest,5,0.17903316469926925
4year.arff,7,Random_forest,10,0.24509577659819987
4year.arff,7,Random_forest,20,0.3250042495325514
4year.arff,7,Random_forest,50,0.423621000664578
4year.arff,7,Extra_trees,1,0.13682777399591559
4year.arff,7,Extra_trees,2,0.1587455544778532
4year.arff,7,Extra_trees,5,0.21304103428892637
4year.arff,7,Extra_trees,10,0.27763674128779137
4year.arff,7,Extra_trees,20,0.3557708652048275
4year.arff,7,Extra_trees,50,0.45219785436247983
4year.arff,7,HistGB_fair,1,0.08747447243022465
4year.arff,7,HistGB_fair,2,0.0979631425800194
4year.arff,7,HistGB_fair,5,0.1239460370994941
4year.arff,7,HistGB_fair,10,0.15485806600507732
4year.arff,7,HistGB_fair,20,0.1922488526262111
4year.arff,7,HistGB_fair,50,0.23839362005126744
4year.arff,7,Balanced_forest_reference,1,0.11538461538461539
4year.arff,7,Balanced_forest_reference,2,0.13870029097963144
4year.arff,7,Balanced_forest_reference,5,0.19645868465430016
4year.arff,7,Balanced_forest_reference,10,0.26517424417262864
4year.arff,7,Balanced_forest_reference,20,0.3482916879143294
4year.arff,7,Balanced_forest_reference,50,0.45086869837653093
4year.arff,7,EasyEnsemble_reference,1,0.14805990469707284
4year.arff,7,EasyEnsemble_reference,2,0.1629485935984481
4year.arff,7,EasyEnsemble_reference,5,0.19983136593591905
4year.arff,7,EasyEnsemble_reference,10,0.2437110546965151
4year.arff,7,EasyEnsemble_reference,20,0.296787353391127
4year.arff,7,EasyEnsemble_reference,50,0.3622899458843634
4year.arff,8,Balanced_logistic,1,0.14805990469707284
4year.arff,8,Balanced_logistic,2,0.16682832201745879
4year.arff,8,Balanced_logistic,5,0.2133220910623946
4year.arff,8,Balanced_logistic,10,0.2686360489268405
4year.arff,8,Balanced_logistic,20,0.3355430902600714
4year.arff,8,Balanced_logistic,50,0.4181144972942182
4year.arff,8,Random_forest,1,0.15656909462219196
4year.arff,8,Random_forest,2,0.16682832201745879
4year.arff,8,Random_forest,5,0.19224283305227655
4year.arff,8,Random_forest,10,0.2224786522040157
4year.arff,8,Random_forest,20,0.2590515043345232
4year.arff,8,Random_forest,50,0.3041868413557391
4year.arff,8,Extra_trees,1,0.15895166780122533
4year.arff,8,Extra_trees,2,0.1713546718396379
4year.arff,8,Extra_trees,5,0.202079820123665
4year.arff,8,Extra_trees,10,0.23863374105700438
4year.arff,8,Extra_trees,20,0.28284888662247154
4year.arff,8,Extra_trees,50,0.33741574100446214
4year.arff,8,HistGB_fair,1,0.10040844111640572
4year.arff,8,HistGB_fair,2,0.1096023278370514
4year.arff,8,HistGB_fair,5,0.13237774030354132
4year.arff,8,HistGB_fair,10,0.1594738056773598
4year.arff,8,HistGB_fair,20,0.1922488526262111
4year.arff,8,HistGB_fair,50,0.2326972372543435
4year.arff,8,Balanced_forest_reference,1,0.17699115044247787
4year.arff,8,Balanced_forest_reference,2,0.18525703200775945
4year.arff,8,Balanced_forest_reference,5,0.2057335581787521
4year.arff,8,Balanced_forest_reference,10,0.2300946226632818
4year.arff,8,Balanced_forest_reference,20,0.25956144824069355
4year.arff,8,Balanced_forest_reference,50,0.29592708630019937
4year.arff,8,EasyEnsemble_reference,1,0.15146358066712048
4year.arff,8,EasyEnsemble_reference,2,0.15939217588102167
4year.arff,8,EasyEnsemble_reference,5,0.17903316469926925
4year.arff,8,EasyEnsemble_reference,10,0.2024001846295869
4year.arff,8,EasyEnsemble_reference,20,0.23066462689104197
4year.arff,8,EasyEnsemble_reference,50,0.2655463780499383
4year.arff,9,Balanced_logistic,1,0.13886997957794417
4year.arff,9,Balanced_logistic,2,0.16327190430003233
4year.arff,9,Balanced_logistic,5,0.2237211916807195
4year.arff,9,Balanced_logistic,10,0.2956381260096931
4year.arff,9,Balanced_logistic,20,0.3826279109297977
4year.arff,9,Balanced_logistic,50,0.4899838602487421
4year.arff,9,Random_forest,1,0.1181075561606535
4year.arff,9,Random_forest,2,0.13999353378596832
4year.arff,9,Random_forest,5,0.19421023046655425
4year.arff,9,Random_forest,10,0.2587122086314332
4year.arff,9,Random_forest,20,0.3367329593744688
4year.arff,9,Random_forest,50,0.43302003227950253
4year.arff,9,Extra_trees,1,0.16133424098025867
4year.arff,9,Extra_trees,2,0.1813773035887488
4year.arff,9,Extra_trees,5,0.23102866779089376
4year.arff,9,Extra_trees,10,0.2900992384029541
4year.arff,9,Extra_trees,20,0.3615502294747578
4year.arff,9,Extra_trees,50,0.4497294218171461
4year.arff,9,HistGB_fair,1,0.05513955071477195
4year.arff,9,HistGB_fair,2,0.07468477206595538
4year.arff,9,HistGB_fair,5,0.12310286677908938
4year.arff,9,HistGB_fair,10,0.18070620816985922
4year.arff,9,HistGB_fair,20,0.25038245792962777
4year.arff,9,HistGB_fair,50,0.3363714041583594
4year.arff,9,Balanced_forest_reference,1,0.11742682096664397
4year.arff,9,Balanced_forest_reference,2,0.1412867765923052
4year.arff,9,Balanced_forest_reference,5,0.20039347948285555
4year.arff,9,Balanced_forest_reference,10,0.2707131317793676
4year.arff,9,Balanced_forest_reference,20,0.3557708652048275
4year.arff,9,Balanced_forest_reference,50,0.46074242855786574
4year.arff,9,EasyEnsemble_reference,1,0.12049012933968686
4year.arff,9,EasyEnsemble_reference,2,0.14064015518913675
4year.arff,9,EasyEnsemble_reference,5,0.1905564924114671
4year.arff,9,EasyEnsemble_reference,10,0.24994230325409647
4year.arff,9,EasyEnsemble_reference,20,0.3217746047934727
4year.arff,9,EasyEnsemble_reference,50,0.4104243805183708
4year.arff,10,Balanced_logistic,1,0.19400953029271614
4year.arff,10,Balanced_logistic,2,0.20530229550598125
4year.arff,10,Balanced_logistic,5,0.23327712197863967
4year.arff,10,Balanced_logistic,10,0.2665589660743134
4year.arff,10,Balanced_logistic,20,0.3068162502124766
4year.arff,10,Balanced_logistic,50,0.3564986233741574
4year.arff,10,Random_forest,1,0.13342409802586794
4year.arff,10,Random_forest,2,0.14872292272874232
4year.arff,10,Random_forest,5,0.18662169758291175
4year.arff,10,Random_forest,10,0.23171013154858067
4year.arff,10,Random_forest,20,0.286248512663607
4year.arff,10,Random_forest,50,0.35355549226241334
4year.arff,10,Extra_trees,1,0.16269571136827773
4year.arff,10,Extra_trees,2,0.17879081797607502
4year.arff,10,Extra_trees,5,0.21866216975829117
4year.arff,10,Extra_trees,10,0.26609739210708516
4year.arff,10,Extra_trees,20,0.32347441781404046
4year.arff,10,Extra_trees,50,0.39428462926041963
4year.arff,10,HistGB_fair,1,0.06024506466984343
4year.arff,10,HistGB_fair,2,0.07436146136437116
4year.arff,10,HistGB_fair,5,0.10933108487914558
4year.arff,10,HistGB_fair,10,0.1509346872836372
4year.arff,10,HistGB_fair,20,0.20125786163522014
4year.arff,10,HistGB_fair,50,0.2633627646444508
4year.arff,10,Balanced_forest_reference,1,0.16609938733832538
4year.arff,10,Balanced_forest_reference,2,0.1771742644681539
4year.arff,10,Balanced_forest_reference,5,0.20460933108487914
4year.arff,10,Balanced_forest_reference,10,0.23724901915531965
4year.arff,10,Balanced_forest_reference,20,0.27672955974842767
4year.arff,10,Balanced_forest_reference,50,0.32545333713092184
4year.arff,10,EasyEnsemble_reference,1,0.16984343090537782
4year.arff,10,EasyEnsemble_reference,2,0.18105399288716456
4year.arff,10,EasyEnsemble_reference,5,0.20882518268690275
4year.arff,10,EasyEnsemble_reference,10,0.2418647588276021
4year.arff,10,EasyEnsemble_reference,20,0.2818289988101309
4year.arff,10,EasyEnsemble_reference,50,0.3311497199278458
5year.arff,1,Balanced_logistic,1,0.11787930062041738
5year.arff,1,Balanced_logistic,2,0.13660337552742616
5year.arff,1,Balanced_logistic,5,0.1805739514348786
5year.arff,1,Balanced_logistic,10,0.22881944444444444
5year.arff,1,Balanced_logistic,20,0.28199513381995134
5year.arff,1,Balanced_logistic,50,0.3408974358974359
5year.arff,1,Random_forest,1,0.08121827411167512
5year.arff,1,Random_forest,2,0.10284810126582279
5year.arff,1,Random_forest,5,0.15364238410596026
5year.arff,1,Random_forest,10,0.209375
5year.arff,1,Random_forest,20,0.2708029197080292
5year.arff,1,Random_forest,50,0.33884615384615385
5year.arff,1,Extra_trees,1,0.10941906373378454
5year.arff,1,Extra_trees,2,0.12921940928270043
5year.arff,1,Extra_trees,5,0.17571743929359823
5year.arff,1,Extra_trees,10,0.2267361111111111
5year.arff,1,Extra_trees,20,0.2829683698296837
5year.arff,1,Extra_trees,50,0.34525641025641024
5year.arff,1,HistGB_fair,1,0.050197405527354765
5year.arff,1,HistGB_fair,2,0.05748945147679325
5year.arff,1,HistGB_fair,5,0.07461368653421634
5year.arff,1,HistGB_fair,10,0.09340277777777778
5year.arff,1,HistGB_fair,20,0.11411192214111922
5year.arff,1,HistGB_fair,50,0.13705128205128206
5year.arff,1,Balanced_forest_reference,1,0.08347433728144388
5year.arff,1,Balanced_forest_reference,2,0.1070675105485232
5year.arff,1,Balanced_forest_reference,5,0.16247240618101547
5year.arff,1,Balanced_forest_reference,10,0.2232638888888889
5year.arff,1,Balanced_forest_reference,20,0.2902676399026764
5year.arff,1,Balanced_forest_reference,50,0.3644871794871795
5year.arff,1,EasyEnsemble_reference,1,0.09475465313028765
5year.arff,1,EasyEnsemble_reference,2,0.11234177215189874
5year.arff,1,EasyEnsemble_reference,5,0.15364238410596026
5year.arff,1,EasyEnsemble_reference,10,0.19895833333333332
5year.arff,1,EasyEnsemble_reference,20,0.2489051094890511
5year.arff,1,EasyEnsemble_reference,50,0.30423076923076925
5year.arff,2,Balanced_logistic,1,0.10772701635645798
5year.arff,2,Balanced_logistic,2,0.12869198312236288
5year.arff,2,Balanced_logistic,5,0.17792494481236204
5year.arff,2,Balanced_logistic,10,0.23194444444444445
5year.arff,2,Balanced_logistic,20,0.29148418491484185
5year.arff,2,Balanced_logistic,50,0.35743589743589743
5year.arff,2,Random_forest,1,0.09475465313028765
5year.arff,2,Random_forest,2,0.11075949367088607
5year.arff,2,Random_forest,5,0.14834437086092717
5year.arff,2,Random_forest,10,0.18958333333333333
5year.arff,2,Random_forest,20,0.23503649635036497
5year.arff,2,Random_forest,50,0.2853846153846154
5year.arff,2,Extra_trees,1,0.10321489001692047
5year.arff,2,Extra_trees,2,0.12183544303797468
5year.arff,2,Extra_trees,5,0.16556291390728478
5year.arff,2,Extra_trees,10,0.21354166666666666
5year.arff,2,Extra_trees,20,0.2664233576642336
5year.arff,2,Extra_trees,50,0.325
5year.arff,2,HistGB_fair,1,0.03835307388606881
5year.arff,2,HistGB_fair,2,0.06487341772151899
5year.arff,2,HistGB_fair,5,0.1271523178807947
5year.arff,2,HistGB_fair,10,0.1954861111111111
5year.arff,2,HistGB_fair,20,0.2708029197080292
5year.arff,2,HistGB_fair,50,0.35423076923076924
5year.arff,2,Balanced_forest_reference,1,0.10547095318668923
5year.arff,2,Balanced_forest_reference,2,0.12078059071729957
5year.arff,2,Balanced_forest_reference,5,0.15673289183222958
5year.arff,2,Balanced_forest_reference,10,0.19618055555555555
5year.arff,2,Balanced_forest_reference,20,0.2396593673965937
5year.arff,2,Balanced_forest_reference,50,0.2878205128205128
5year.arff,2,EasyEnsemble_reference,1,0.09757473209249859
5year.arff,2,EasyEnsemble_reference,2,0.11075949367088607
5year.arff,2,EasyEnsemble_reference,5,0.14172185430463577
5year.arff,2,EasyEnsemble_reference,10,0.17569444444444443
5year.arff,2,EasyEnsemble_reference,20,0.21313868613138687
5year.arff,2,EasyEnsemble_reference,50,0.25461538461538463
5year.arff,3,Balanced_logistic,1,0.09813874788494077
5year.arff,3,Balanced_logistic,2,0.11708860759493671
5year.arff,3,Balanced_logistic,5,0.16158940397350993
5year.arff,3,Balanced_logistic,10,0.21041666666666667
5year.arff,3,Balanced_logistic,20,0.26423357664233577
5year.arff,3,Balanced_logistic,50,0.32384615384615384
5year.arff,3,Random_forest,1,0.09926677946982515
5year.arff,3,Random_forest,2,0.11286919831223628
5year.arff,3,Random_forest,5,0.14481236203090508
5year.arff,3,Random_forest,10,0.1798611111111111
5year.arff,3,Random_forest,20,0.21849148418491485
5year.arff,3,Random_forest,50,0.2612820512820513
5year.arff,3,Extra_trees,1,0.10885504794134236
5year.arff,3,Extra_trees,2,0.1260548523206751
5year.arff,3,Extra_trees,5,0.1664459161147903
5year.arff,3,Extra_trees,10,0.2107638888888889
5year.arff,3,Extra_trees,20,0.25961070559610705
5year.arff,3,Extra_trees,50,0.3137179487179487
5year.arff,3,HistGB_fair,1,0.05358150028200789
5year.arff,3,HistGB_fair,2,0.06751054852320675
5year.arff,3,HistGB_fair,5,0.10022075055187638
5year.arff,3,HistGB_fair,10,0.1361111111111111
5year.arff,3,HistGB_fair,20,0.175669099756691
5year.arff,3,HistGB_fair,50,0.2194871794871795
5year.arff,3,Balanced_forest_reference,1,0.09983079526226735
5year.arff,3,Balanced_forest_reference,2,0.1149789029535865
5year.arff,3,Balanced_forest_reference,5,0.15055187637969095
5year.arff,3,Balanced_forest_reference,10,0.18958333333333333
5year.arff,3,Balanced_forest_reference,20,0.23260340632603407
5year.arff,3,Balanced_forest_reference,50,0.28025641025641024
5year.arff,3,EasyEnsemble_reference,1,0.08967851099830795
5year.arff,3,EasyEnsemble_reference,2,0.1060126582278481
5year.arff,3,EasyEnsemble_reference,5,0.14437086092715232
5year.arff,3,EasyEnsemble_reference,10,0.18645833333333334
5year.arff,3,EasyEnsemble_reference,20,0.23284671532846715
5year.arff,3,EasyEnsemble_reference,50,0.28423076923076923
5year.arff,4,Balanced_logistic,1,0.10603496897913142
5year.arff,4,Balanced_logistic,2,0.12447257383966245
5year.arff,4,Balanced_logistic,5,0.16777041942604856
5year.arff,4,Balanced_logistic,10,0.2152777777777778
5year.arff,4,Balanced_logistic,20,0.26763990267639903
5year.arff,4,Balanced_logistic,50,0.32564102564102565
5year.arff,4,Random_forest,1,0.1161872532430908
5year.arff,4,Random_forest,2,0.12974683544303797
5year.arff,4,Random_forest,5,0.16158940397350993
5year.arff,4,Random_forest,10,0.19652777777777777
5year.arff,4,Random_forest,20,0.23503649635036497
5year.arff,4,Random_forest,50,0.2776923076923077
5year.arff,4,Extra_trees,1,0.09249858996051889
5year.arff,4,Extra_trees,2,0.12447257383966245
5year.arff,4,Extra_trees,5,0.19955849889624724
5year.arff,4,Extra_trees,10,0.28194444444444444
5year.arff,4,Extra_trees,20,0.37274939172749394
5year.arff,4,Extra_trees,50,0.47333333333333333
5year.arff,4,HistGB_fair,1,0.08460236886632826
5year.arff,4,HistGB_fair,2,0.09757383966244726
5year.arff,4,HistGB_fair,5,0.1280353200883002
5year.arff,4,HistGB_fair,10,0.16145833333333334
5year.arff,4,HistGB_fair,20,0.19829683698296838
5year.arff,4,HistGB_fair,50,0.2391025641025641
5year.arff,4,Balanced_forest_reference,1,0.12295544275239707
5year.arff,4,Balanced_forest_reference,2,0.13924050632911392
5year.arff,4,Balanced_forest_reference,5,0.17748344370860927
5year.arff,4,Balanced_forest_reference,10,0.21944444444444444
5year.arff,4,Balanced_forest_reference,20,0.2656934306569343
5year.arff,4,Balanced_forest_reference,50,0.3169230769230769
5year.arff,4,EasyEnsemble_reference,1,0.07670614777213762
5year.arff,4,EasyEnsemble_reference,2,0.10021097046413502
5year.arff,4,EasyEnsemble_reference,5,0.1554083885209713
5year.arff,4,EasyEnsemble_reference,10,0.21597222222222223
5year.arff,4,EasyEnsemble_reference,20,0.28272506082725063
5year.arff,4,EasyEnsemble_reference,50,0.3566666666666667
5year.arff,5,Balanced_logistic,1,0.09531866892272983
5year.arff,5,Balanced_logistic,2,0.12183544303797468
5year.arff,5,Balanced_logistic,5,0.18410596026490067
5year.arff,5,Balanced_logistic,10,0.25243055555555555
5year.arff,5,Balanced_logistic,20,0.3277372262773723
5year.arff,5,Balanced_logistic,50,0.41115384615384615
5year.arff,5,Random_forest,1,0.07388606880992668
5year.arff,5,Random_forest,2,0.10548523206751055
5year.arff,5,Random_forest,5,0.17969094922737308
5year.arff,5,Random_forest,10,0.2611111111111111
5year.arff,5,Random_forest,20,0.3508515815085158
5year.arff,5,Random_forest,50,0.4502564102564103
5year.arff,5,Extra_trees,1,0.0829103214890017
5year.arff,5,Extra_trees,2,0.11128691983122363
5year.arff,5,Extra_trees,5,0.17792494481236204
5year.arff,5,Extra_trees,10,0.25104166666666666
5year.arff,5,Extra_trees,20,0.3316301703163017
5year.arff,5,Extra_trees,50,0.4208974358974359
5year.arff,5,HistGB_fair,1,0.046249294980259446
5year.arff,5,HistGB_fair,2,0.06751054852320675
5year.arff,5,HistGB_fair,5,0.11743929359823399
5year.arff,5,HistGB_fair,10,0.17222222222222222
5year.arff,5,HistGB_fair,20,0.23260340632603407
5year.arff,5,HistGB_fair,50,0.2994871794871795
5year.arff,5,Balanced_forest_reference,1,0.07163000564015792
5year.arff,5,Balanced_forest_reference,2,0.10654008438818566
5year.arff,5,Balanced_forest_reference,5,0.18852097130242826
5year.arff,5,Balanced_forest_reference,10,0.27847222222222223
5year.arff,5,Balanced_forest_reference,20,0.37761557177615573
5year.arff,5,Balanced_forest_reference,50,0.48743589743589744
5year.arff,5,EasyEnsemble_reference,1,0.08911449520586577
5year.arff,5,EasyEnsemble_reference,2,0.10970464135021098
5year.arff,5,EasyEnsemble_reference,5,0.15805739514348785
5year.arff,5,EasyEnsemble_reference,10,0.2111111111111111
5year.arff,5,EasyEnsemble_reference,20,0.2695863746958638
5year.arff,5,EasyEnsemble_reference,50,0.3343589743589744
5year.arff,6,Balanced_logistic,1,0.11844331641285956
5year.arff,6,Balanced_logistic,2,0.14029535864978904
5year.arff,6,Balanced_logistic,5,0.19161147902869757
5year.arff,6,Balanced_logistic,10,0.24791666666666667
5year.arff,6,Balanced_logistic,20,0.3099756690997567
5year.arff,6,Balanced_logistic,50,0.3787179487179487
5year.arff,6,Random_forest,1,0.12013536379018612
5year.arff,6,Random_forest,2,0.13449367088607594
5year.arff,6,Random_forest,5,0.16821192052980133
5year.arff,6,Random_forest,10,0.20520833333333333
5year.arff,6,Random_forest,20,0.245985401459854
5year.arff,6,Random_forest,50,0.29115384615384615
5year.arff,6,Extra_trees,1,0.11731528482797518
5year.arff,6,Extra_trees,2,0.14187763713080168
5year.arff,6,Extra_trees,5,0.19955849889624724
5year.arff,6,Extra_trees,10,0.26284722222222223
5year.arff,6,Extra_trees,20,0.3326034063260341
5year.arff,6,Extra_trees,50,0.40987179487179487
5year.arff,6,HistGB_fair,1,0.077834179357022
5year.arff,6,HistGB_fair,2,0.09124472573839662
5year.arff,6,HistGB_fair,5,0.12273730684326711
5year.arff,6,HistGB_fair,10,0.15729166666666666
5year.arff,6,HistGB_fair,20,0.1953771289537713
5year.arff,6,HistGB_fair,50,0.23756410256410257
5year.arff,6,Balanced_forest_reference,1,0.12972363226170333
5year.arff,6,Balanced_forest_reference,2,0.14662447257383968
5year.arff,6,Balanced_forest_reference,5,0.18631346578366445
5year.arff,6,Balanced_forest_reference,10,0.2298611111111111
5year.arff,6,Balanced_forest_reference,20,0.27785888077858883
5year.arff,6,Balanced_forest_reference,50,0.331025641025641
5year.arff,6,EasyEnsemble_reference,1,0.12295544275239707
5year.arff,6,EasyEnsemble_reference,2,0.13924050632911392
5year.arff,6,EasyEnsemble_reference,5,0.17748344370860927
5year.arff,6,EasyEnsemble_reference,10,0.21944444444444444
5year.arff,6,EasyEnsemble_reference,20,0.2656934306569343
5year.arff,6,EasyEnsemble_reference,50,0.3169230769230769
5year.arff,7,Balanced_logistic,1,0.10716300056401579
5year.arff,7,Balanced_logistic,2,0.13027426160337552
5year.arff,7,Balanced_logistic,5,0.1845474613686534
5year.arff,7,Balanced_logistic,10,0.24409722222222222
5year.arff,7,Balanced_logistic,20,0.3097323600973236
5year.arff,7,Balanced_logistic,50,0.38243589743589745
5year.arff,7,Random_forest,1,0.08009024252679076
5year.arff,7,Random_forest,2,0.10759493670886076
5year.arff,7,Random_forest,5,0.17218543046357615
5year.arff,7,Random_forest,10,0.24305555555555555
5year.arff,7,Random_forest,20,0.32116788321167883
5year.arff,7,Random_forest,50,0.4076923076923077
5year.arff,7,Extra_trees,1,0.09362662154540327
5year.arff,7,Extra_trees,2,0.12078059071729957
5year.arff,7,Extra_trees,5,0.1845474613686534
5year.arff,7,Extra_trees,10,0.2545138888888889
5year.arff,7,Extra_trees,20,0.3316301703163017
5year.arff,7,Extra_trees,50,0.41705128205128206
5year.arff,7,HistGB_fair,1,0.046249294980259446
5year.arff,7,HistGB_fair,2,0.06962025316455696
5year.arff,7,HistGB_fair,5,0.12450331125827814
5year.arff,7,HistGB_fair,10,0.18472222222222223
5year.arff,7,HistGB_fair,20,0.2510948905109489
5year.arff,7,HistGB_fair,50,0.32461538461538464
5year.arff,7,Balanced_forest_reference,1,0.08798646362098139
5year.arff,7,Balanced_forest_reference,2,0.11392405063291139
5year.arff,7,Balanced_forest_reference,5,0.17483443708609273
5year.arff,7,Balanced_forest_reference,10,0.24166666666666667
5year.arff,7,Balanced_forest_reference,20,0.31532846715328466
5year.arff,7,Balanced_forest_reference,50,0.39692307692307693
5year.arff,7,EasyEnsemble_reference,1,0.12521150592216582
5year.arff,7,EasyEnsemble_reference,2,0.1350210970464135
5year.arff,7,EasyEnsemble_reference,5,0.15805739514348785
5year.arff,7,EasyEnsemble_reference,10,0.18333333333333332
5year.arff,7,EasyEnsemble_reference,20,0.21119221411192213
5year.arff,7,EasyEnsemble_reference,50,0.24205128205128204
5year.arff,8,Balanced_logistic,1,0.11223914269599548
5year.arff,8,Balanced_logistic,2,0.13185654008438819
5year.arff,8,Balanced_logistic,5,0.17792494481236204
5year.arff,8,Balanced_logistic,10,0.22847222222222222
5year.arff,8,Balanced_logistic,20,0.28418491484184916
5year.arff,8,Balanced_logistic,50,0.3458974358974359
5year.arff,8,Random_forest,1,0.10152284263959391
5year.arff,8,Random_forest,2,0.12078059071729957
5year.arff,8,Random_forest,5,0.16600441501103752
5year.arff,8,Random_forest,10,0.215625
5year.arff,8,Random_forest,20,0.270316301703163
5year.arff,8,Random_forest,50,0.3308974358974359
5year.arff,8,Extra_trees,1,0.09475465313028765
5year.arff,8,Extra_trees,2,0.12236286919831224
5year.arff,8,Extra_trees,5,0.18719646799116998
5year.arff,8,Extra_trees,10,0.25833333333333336
5year.arff,8,Extra_trees,20,0.3367396593673966
5year.arff,8,Extra_trees,50,0.4235897435897436
5year.arff,8,HistGB_fair,1,0.05865764241398759
5year.arff,8,HistGB_fair,2,0.07331223628691984
5year.arff,8,HistGB_fair,5,0.10772626931567329
5year.arff,8,HistGB_fair,10,0.14548611111111112
5year.arff,8,HistGB_fair,20,0.18710462287104623
5year.arff,8,HistGB_fair,50,0.2332051282051282
5year.arff,8,Balanced_forest_reference,1,0.09757473209249859
5year.arff,8,Balanced_forest_reference,2,0.11867088607594936
5year.arff,8,Balanced_forest_reference,5,0.16821192052980133
5year.arff,8,Balanced_forest_reference,10,0.22256944444444443
5year.arff,8,Balanced_forest_reference,20,0.2824817518248175
5year.arff,8,Balanced_forest_reference,50,0.34884615384615386
5year.arff,8,EasyEnsemble_reference,1,0.10885504794134236
5year.arff,8,EasyEnsemble_reference,2,0.12341772151898735
5year.arff,8,EasyEnsemble_reference,5,0.1576158940397351
5year.arff,8,EasyEnsemble_reference,10,0.1951388888888889
5year.arff,8,EasyEnsemble_reference,20,0.2364963503649635
5year.arff,8,EasyEnsemble_reference,50,0.2823076923076923
5year.arff,9,Balanced_logistic,1,0.08460236886632826
5year.arff,9,Balanced_logistic,2,0.10970464135021098
5year.arff,9,Balanced_logistic,5,0.1686534216335541
5year.arff,9,Balanced_logistic,10,0.23333333333333334
5year.arff,9,Balanced_logistic,20,0.3046228710462287
5year.arff,9,Balanced_logistic,50,0.38358974358974357
5year.arff,9,Random_forest,1,0.09137055837563451
5year.arff,9,Random_forest,2,0.11075949367088607
5year.arff,9,Random_forest,5,0.1562913907284768
5year.arff,9,Random_forest,10,0.20625
5year.arff,9,Random_forest,20,0.2613138686131387
5year.arff,9,Random_forest,50,0.3223076923076923
5year.arff,9,Extra_trees,1,0.08009024252679076
5year.arff,9,Extra_trees,2,0.11181434599156118
5year.arff,9,Extra_trees,5,0.18631346578366445
5year.arff,9,Extra_trees,10,0.26805555555555555
5year.arff,9,Extra_trees,20,0.3581508515815085
5year.arff,9,Extra_trees,50,0.45794871794871794
5year.arff,9,HistGB_fair,1,0.04004512126339538
5year.arff,9,HistGB_fair,2,0.06276371308016877
5year.arff,9,HistGB_fair,5,0.11611479028697572
5year.arff,9,HistGB_fair,10,0.17465277777777777
5year.arff,9,HistGB_fair,20,0.2391727493917275
5year.arff,9,HistGB_fair,50,0.31064102564102564
5year.arff,9,Balanced_forest_reference,1,0.10547095318668923
5year.arff,9,Balanced_forest_reference,2,0.1239451476793249
5year.arff,9,Balanced_forest_reference,5,0.1673289183222958
5year.arff,9,Balanced_forest_reference,10,0.21493055555555557
5year.arff,9,Balanced_forest_reference,20,0.26739659367396595
5year.arff,9,Balanced_forest_reference,50,0.3255128205128205
5year.arff,9,EasyEnsemble_reference,1,0.08178228990411732
5year.arff,9,EasyEnsemble_reference,2,0.11023206751054852
5year.arff,9,EasyEnsemble_reference,5,0.1770419426048565
5year.arff,9,EasyEnsemble_reference,10,0.2503472222222222
5year.arff,9,EasyEnsemble_reference,20,0.3311435523114355
5year.arff,9,EasyEnsemble_reference,50,0.4206410256410256
5year.arff,10,Balanced_logistic,1,0.11505922165820642
5year.arff,10,Balanced_logistic,2,0.13660337552742616
5year.arff,10,Balanced_logistic,5,0.18719646799116998
5year.arff,10,Balanced_logistic,10,0.24270833333333333
5year.arff,10,Balanced_logistic,20,0.3038929440389294
5year.arff,10,Balanced_logistic,50,0.37166666666666665
5year.arff,10,Random_forest,1,0.10434292160180485
5year.arff,10,Random_forest,2,0.11867088607594936
5year.arff,10,Random_forest,5,0.152317880794702
5year.arff,10,Random_forest,10,0.1892361111111111
5year.arff,10,Random_forest,20,0.22992700729927007
5year.arff,10,Random_forest,50,0.275
5year.arff,10,Extra_trees,1,0.10152284263959391
5year.arff,10,Extra_trees,2,0.12289029535864979
5year.arff,10,Extra_trees,5,0.17306843267108168
5year.arff,10,Extra_trees,10,0.228125
5year.arff,10,Extra_trees,20,0.2888077858880779
5year.arff,10,Extra_trees,50,0.35602564102564105
5year.arff,10,HistGB_fair,1,0.06204173716864072
5year.arff,10,HistGB_fair,2,0.07753164556962025
5year.arff,10,HistGB_fair,5,0.11390728476821192
5year.arff,10,HistGB_fair,10,0.15381944444444445
5year.arff,10,HistGB_fair,20,0.1978102189781022
5year.arff,10,HistGB_fair,50,0.24653846153846154
5year.arff,10,Balanced_forest_reference,1,0.10885504794134236
5year.arff,10,Balanced_forest_reference,2,0.1239451476793249
5year.arff,10,Balanced_forest_reference,5,0.15938189845474612
5year.arff,10,Balanced_forest_reference,10,0.19826388888888888
5year.arff,10,Balanced_forest_reference,20,0.2411192214111922
5year.arff,10,Balanced_forest_reference,50,0.2885897435897436
5year.arff,10,EasyEnsemble_reference,1,0.09870276367738297
5year.arff,10,EasyEnsemble_reference,2,0.1149789029535865
5year.arff,10,EasyEnsemble_reference,5,0.1532008830022075
5year.arff,10,EasyEnsemble_reference,10,0.1951388888888889
5year.arff,10,EasyEnsemble_reference,20,0.2413625304136253
5year.arff,10,EasyEnsemble_reference,50,0.2925641025641026
1year.arff,1,Triad_risk_fusion,1,0.03366524419155998
1year.arff,1,Triad_risk_fusion,2,0.046118721461187215
1year.arff,1,Triad_risk_fusion,5,0.07850390464447185
1year.arff,1,Triad_risk_fusion,10,0.12015503875968993
1year.arff,1,Triad_risk_fusion,20,0.1757127192982456
1year.arff,1,Triad_risk_fusion,50,0.25353734781178017
1year.arff,2,Triad_risk_fusion,1,0.04599336178283547
1year.arff,2,Triad_risk_fusion,2,0.05662100456621005
1year.arff,2,Triad_risk_fusion,5,0.08425811755034936
1year.arff,2,Triad_risk_fusion,10,0.11980267794221283
1year.arff,2,Triad_risk_fusion,20,0.16721491228070176
1year.arff,2,Triad_risk_fusion,50,0.23362948338269168
1year.arff,3,Triad_risk_fusion,1,0.02418207681365576
1year.arff,3,Triad_risk_fusion,2,0.041552511415525115
1year.arff,3,Triad_risk_fusion,5,0.08672420879572544
1year.arff,3,Triad_risk_fusion,10,0.14482029598308668
1year.arff,3,Triad_risk_fusion,20,0.22231359649122806
1year.arff,3,Triad_risk_fusion,50,0.33086541625534716
1year.arff,4,Triad_risk_fusion,1,0.06211474632527264
1year.arff,4,Triad_risk_fusion,2,0.06757990867579909
1year.arff,4,Triad_risk_fusion,5,0.08179202630497329
1year.arff,4,Triad_risk_fusion,10,0.10007047216349542
1year.arff,4,Triad_risk_fusion,20,0.12445175438596491
1year.arff,4,Triad_risk_fusion,50,0.1586048042119118
1year.arff,5,Triad_risk_fusion,1,0.021337126600284494
1year.arff,5,Triad_risk_fusion,2,0.03424657534246575
1year.arff,5,Triad_risk_fusion,5,0.06781750924784218
1year.arff,5,Triad_risk_fusion,10,0.1109936575052854
1year.arff,5,Triad_risk_fusion,20,0.16858552631578946
1year.arff,5,Triad_risk_fusion,50,0.24925962487660414
1year.arff,6,Triad_risk_fusion,1,0.03366524419155998
1year.arff,6,Triad_risk_fusion,2,0.04246575342465753
1year.arff,6,Triad_risk_fusion,5,0.06535141800246609
1year.arff,6,Triad_risk_fusion,10,0.09478505990133897
1year.arff,6,Triad_risk_fusion,20,0.13404605263157895
1year.arff,6,Triad_risk_fusion,50,0.18904244817374136
1year.arff,7,Triad_risk_fusion,1,0.022285443338074917
1year.arff,7,Triad_risk_fusion,2,0.0365296803652968
1year.arff,7,Triad_risk_fusion,5,0.07357172215371968
1year.arff,7,Triad_risk_fusion,10,0.12121212121212122
1year.arff,7,Triad_risk_fusion,20,0.18475877192982457
1year.arff,7,Triad_risk_fusion,50,0.27377426785126685
1year.arff,8,Triad_risk_fusion,1,0.034139402560455195
1year.arff,8,Triad_risk_fusion,2,0.045205479452054796
1year.arff,8,Triad_risk_fusion,5,0.07398273736128237
1year.arff,8,Triad_risk_fusion,10,0.1109936575052854
1year.arff,8,Triad_risk_fusion,20,0.16036184210526316
1year.arff,8,Triad_risk_fusion,50,0.2295162882527147
1year.arff,9,Triad_risk_fusion,1,0.02275960170697013
1year.arff,9,Triad_risk_fusion,2,0.038356164383561646
1year.arff,9,Triad_risk_fusion,5,0.07891491985203453
1year.arff,9,Triad_risk_fusion,10,0.13107822410147993
1year.arff,9,Triad_risk_fusion,20,0.20065789473684212
1year.arff,9,Triad_risk_fusion,50,0.2981243830207305
1year.arff,10,Triad_risk_fusion,1,0.03319108582266477
1year.arff,10,Triad_risk_fusion,2,0.04337899543378995
1year.arff,10,Triad_risk_fusion,5,0.06987258528565557
1year.arff,10,Triad_risk_fusion,10,0.10394644115574349
1year.arff,10,Triad_risk_fusion,20,0.1493969298245614
1year.arff,10,Triad_risk_fusion,50,0.21306350773280686
2year.arff,1,Triad_risk_fusion,1,0.0399737876802097
2year.arff,1,Triad_risk_fusion,2,0.054539722572509455
2year.arff,1,Triad_risk_fusion,5,0.09229898074745187
2year.arff,1,Triad_risk_fusion,10,0.14060987415295256
2year.arff,1,Triad_risk_fusion,20,0.20461365341335333
2year.arff,1,Triad_risk_fusion,50,0.2934393193013883
2year.arff,2,Triad_risk_fusion,1,0.10878112712975098
2year.arff,2,Triad_risk_fusion,2,0.12042875157629256
2year.arff,2,Triad_risk_fusion,5,0.1506228765571914
2year.arff,2,Triad_risk_fusion,10,0.18925459825750243
2year.arff,2,Triad_risk_fusion,20,0.2404351087771943
2year.arff,2,Triad_risk_fusion,50,0.31146439767129425
2year.arff,3,Triad_risk_fusion,1,0.045871559633027525
2year.arff,3,Triad_risk_fusion,2,0.0617906683480454
2year.arff,3,Triad_risk_fusion,5,0.10305775764439411
2year.arff,3,Triad_risk_fusion,10,0.1558567279767667
2year.arff,3,Triad_risk_fusion,20,0.22580645161290322
2year.arff,3,Triad_risk_fusion,50,0.322884012539185
2year.arff,4,Triad_risk_fusion,1,0.05832241153342071
2year.arff,4,Triad_risk_fusion,2,0.0712484237074401
2year.arff,4,Triad_risk_fusion,5,0.10475651189127973
2year.arff,4,Triad_risk_fusion,10,0.14762826718296224
2year.arff,4,Triad_risk_fusion,20,0.20442610652663165
2year.arff,4,Triad_risk_fusion,50,0.2832512315270936
2year.arff,5,Triad_risk_fusion,1,0.040301441677588465
2year.arff,5,Triad_risk_fusion,2,0.055170239596469106
2year.arff,5,Triad_risk_fusion,5,0.09371460928652321
2year.arff,5,Triad_risk_fusion,10,0.1430300096805421
2year.arff,5,Triad_risk_fusion,20,0.20836459114778694
2year.arff,5,Triad_risk_fusion,50,0.2990371697268249
2year.arff,6,Triad_risk_fusion,1,0.043905635648754916
2year.arff,6,Triad_risk_fusion,2,0.06084489281210593
2year.arff,6,Triad_risk_fusion,5,0.10475651189127973
2year.arff,6,Triad_risk_fusion,10,0.16093901258470475
2year.arff,6,Triad_risk_fusion,20,0.23537134283570893
2year.arff,6,Triad_risk_fusion,50,0.33866995073891626
2year.arff,7,Triad_risk_fusion,1,0.07503276539973788
2year.arff,7,Triad_risk_fusion,2,0.08921815889029004
2year.arff,7,Triad_risk_fusion,5,0.12599093997734995
2year.arff,7,Triad_risk_fusion,10,0.17303969022265248
2year.arff,7,Triad_risk_fusion,20,0.23537134283570893
2year.arff,7,Triad_risk_fusion,50,0.3218763994626064
2year.arff,8,Triad_risk_fusion,1,0.11336828309305373
2year.arff,8,Triad_risk_fusion,2,0.1210592686002522
2year.arff,8,Triad_risk_fusion,5,0.14099660249150622
2year.arff,8,Triad_risk_fusion,10,0.1665053242981607
2year.arff,8,Triad_risk_fusion,20,0.2003000750187547
2year.arff,8,Triad_risk_fusion,50,0.24720107478728168
2year.arff,9,Triad_risk_fusion,1,0.09338138925294888
2year.arff,9,Triad_risk_fusion,2,0.10372005044136191
2year.arff,9,Triad_risk_fusion,5,0.13052095130237826
2year.arff,9,Triad_risk_fusion,10,0.16481122942884802
2year.arff,9,Triad_risk_fusion,20,0.21024006001500375
2year.arff,9,Triad_risk_fusion,50,0.2732870577698164
2year.arff,10,Triad_risk_fusion,1,0.038335517693315856
2year.arff,10,Triad_risk_fusion,2,0.056116015132408575
2year.arff,10,Triad_risk_fusion,5,0.1022083805209513
2year.arff,10,Triad_risk_fusion,10,0.16118102613746368
2year.arff,10,Triad_risk_fusion,20,0.23930982745686422
2year.arff,10,Triad_risk_fusion,50,0.3477384684281236
3year.arff,1,Triad_risk_fusion,1,0.06156775626785148
3year.arff,1,Triad_risk_fusion,2,0.07727272727272727
3year.arff,1,Triad_risk_fusion,5,0.11689351481184948
3year.arff,1,Triad_risk_fusion,10,0.16540516473731076
3year.arff,1,Triad_risk_fusion,20,0.22617853560682047
3year.arff,1,Triad_risk_fusion,50,0.3045350172215844
3year.arff,2,Triad_risk_fusion,1,0.11742304030466519
3year.arff,2,Triad_risk_fusion,2,0.1315151515151515
3year.arff,2,Triad_risk_fusion,5,0.16706698692287164
3year.arff,2,Triad_risk_fusion,10,0.21059661620658948
3year.arff,2,Triad_risk_fusion,20,0.2651287194918088
3year.arff,2,Triad_risk_fusion,50,0.3354381936471489
3year.arff,3,Triad_risk_fusion,1,0.10345921929546176
3year.arff,3,Triad_risk_fusion,2,0.11454545454545455
3year.arff,3,Triad_risk_fusion,5,0.14251401120896717
3year.arff,3,Triad_risk_fusion,10,0.1767586821015138
3year.arff,3,Triad_risk_fusion,20,0.21965897693079237
3year.arff,3,Triad_risk_fusion,50,0.27497129735935705
3year.arff,4,Triad_risk_fusion,1,0.05744208187876865
3year.arff,4,Triad_risk_fusion,2,0.07515151515151515
3year.arff,4,Triad_risk_fusion,5,0.11982919669068588
3year.arff,4,Triad_risk_fusion,10,0.1745325022261799
3year.arff,4,Triad_risk_fusion,20,0.2430625208960214
3year.arff,4,Triad_risk_fusion,50,0.33141982395713737
3year.arff,5,Triad_risk_fusion,1,0.06315455410980642
3year.arff,5,Triad_risk_fusion,2,0.08060606060606061
3year.arff,5,Triad_risk_fusion,5,0.12463303976514545
3year.arff,5,Triad_risk_fusion,10,0.17853962600178094
3year.arff,5,Triad_risk_fusion,20,0.24607154797726513
3year.arff,5,Triad_risk_fusion,50,0.33314198239571374
3year.arff,6,Triad_risk_fusion,1,0.08473500476039353
3year.arff,6,Triad_risk_fusion,2,0.1
3year.arff,6,Triad_risk_fusion,5,0.13851080864691753
3year.arff,6,Triad_risk_fusion,10,0.1856634016028495
3year.arff,6,Triad_risk_fusion,20,0.24473420260782347
3year.arff,6,Triad_risk_fusion,50,0.3208955223880597
3year.arff,7,Triad_risk_fusion,1,0.07711837511900983
3year.arff,7,Triad_risk_fusion,2,0.08818181818181818
3year.arff,7,Triad_risk_fusion,5,0.11609287429943956
3year.arff,7,Triad_risk_fusion,10,0.15026714158504006
3year.arff,7,Triad_risk_fusion,20,0.19307923771313942
3year.arff,7,Triad_risk_fusion,50,0.24827784156142366
3year.arff,8,Triad_risk_fusion,1,0.09362107267534116
3year.arff,8,Triad_risk_fusion,2,0.10696969696969696
3year.arff,8,Triad_risk_fusion,5,0.140645850013344
3year.arff,8,Triad_risk_fusion,10,0.18187889581478184
3year.arff,8,Triad_risk_fusion,20,0.2335339351387496
3year.arff,8,Triad_risk_fusion,50,0.3001339456563337
3year.arff,9,Triad_risk_fusion,1,0.08251348778165661
3year.arff,9,Triad_risk_fusion,2,0.09909090909090909
3year.arff,9,Triad_risk_fusion,5,0.14091273018414732
3year.arff,9,Triad_risk_fusion,10,0.1921193232413179
3year.arff,9,Triad_risk_fusion,20,0.25626880641925776
3year.arff,9,Triad_risk_fusion,50,0.33897818599311136
3year.arff,10,Triad_risk_fusion,1,0.060298317994287524
3year.arff,10,Triad_risk_fusion,2,0.07878787878787878
3year.arff,10,Triad_risk_fusion,5,0.1254336802775554
3year.arff,10,Triad_risk_fusion,10,0.182546749777382
3year.arff,10,Triad_risk_fusion,20,0.2540956201939151
3year.arff,10,Triad_risk_fusion,50,0.3463451970914658
4year.arff,1,Triad_risk_fusion,1,0.051735874744724304
4year.arff,1,Triad_risk_fusion,2,0.07015842224377628
4year.arff,1,Triad_risk_fusion,5,0.11579539066891512
4year.arff,1,Triad_risk_fusion,10,0.1700900069236095
4year.arff,1,Triad_risk_fusion,20,0.2357640659527452
4year.arff,1,Triad_risk_fusion,50,0.3168138232222539
4year.arff,2,Triad_risk_fusion,1,0.09530292716133425
4year.arff,2,Triad_risk_fusion,2,0.1050759780148723
4year.arff,2,Triad_risk_fusion,5,0.12928611579539068
4year.arff,2,Triad_risk_fusion,10,0.15808908377567504
4year.arff,2,Triad_risk_fusion,20,0.1929287778344382
4year.arff,2,Triad_risk_fusion,50,0.23592518750593372
4year.arff,3,Triad_risk_fusion,1,0.10176991150442478
4year.arff,3,Triad_risk_fusion,2,0.10927901713546719
4year.arff,3,Triad_risk_fusion,5,0.12788083192804947
4year.arff,3,Triad_risk_fusion,10,0.1500115393491807
4year.arff,3,Triad_risk_fusion,20,0.1767805541390447
4year.arff,3,Triad_risk_fusion,50,0.2098167663533656
4year.arff,4,Triad_risk_fusion,1,0.07794417971409122
4year.arff,4,Triad_risk_fusion,2,0.09473003556417717
4year.arff,4,Triad_risk_fusion,5,0.13631253513209668
4year.arff,4,Triad_risk_fusion,10,0.18578352180936994
4year.arff,4,Triad_risk_fusion,20,0.24562298147203807
4year.arff,4,Triad_risk_fusion,50,0.31947213519415174
4year.arff,5,Triad_risk_fusion,1,0.09257998638529612
4year.arff,5,Triad_risk_fusion,2,0.1037827352085354
4year.arff,5,Triad_risk_fusion,5,0.1315345699831366
4year.arff,5,Triad_risk_fusion,10,0.16455111931687053
4year.arff,5,Triad_risk_fusion,20,0.20448750637429883
4year.arff,5,Triad_risk_fusion,50,0.2537738536029621
4year.arff,6,Triad_risk_fusion,1,0.095643294758339
4year.arff,6,Triad_risk_fusion,2,0.1037827352085354
4year.arff,6,Triad_risk_fusion,5,0.1239460370994941
4year.arff,6,Triad_risk_fusion,10,0.1479344564966536
4year.arff,6,Triad_risk_fusion,20,0.17695053544110148
4year.arff,6,Triad_risk_fusion,50,0.21275989746510965
4year.arff,7,Triad_risk_fusion,1,0.10006807351940095
4year.arff,7,Triad_risk_fusion,2,0.1079857743291303
4year.arff,7,Triad_risk_fusion,5,0.12759977515458124
4year.arff,7,Triad_risk_fusion,10,0.1509346872836372
4year.arff,7,Triad_risk_fusion,20,0.17916029236783954
4year.arff,7,Triad_risk_fusion,50,0.21399411373777652
4year.arff,8,Triad_risk_fusion,1,0.09598366235534377
4year.arff,8,Triad_risk_fusion,2,0.10636922082120918
4year.arff,8,Triad_risk_fusion,5,0.13209668353007306
4year.arff,8,Triad_risk_fusion,10,0.16270482344795753
4year.arff,8,Triad_risk_fusion,20,0.19972802991670915
4year.arff,8,Triad_risk_fusion,50,0.2454191588341403
4year.arff,9,Triad_risk_fusion,1,0.057862491490810075
4year.arff,9,Triad_risk_fusion,2,0.07533139346912383
4year.arff,9,Triad_risk_fusion,5,0.11860595840359753
4year.arff,9,Triad_risk_fusion,10,0.1700900069236095
4year.arff,9,Triad_risk_fusion,20,0.2323644399116097
4year.arff,9,Triad_risk_fusion,50,0.3092186461596886
4year.arff,10,Triad_risk_fusion,1,0.08270932607215793
4year.arff,10,Triad_risk_fusion,2,0.09311348205625607
4year.arff,10,Triad_risk_fusion,5,0.11888701517706576
4year.arff,10,Triad_risk_fusion,10,0.14954996538195245
4year.arff,10,Triad_risk_fusion,20,0.18663946965833758
4year.arff,10,Triad_risk_fusion,50,0.23241241811449728
5year.arff,1,Triad_risk_fusion,1,0.06542583192329385
5year.arff,1,Triad_risk_fusion,2,0.07120253164556962
5year.arff,1,Triad_risk_fusion,5,0.0847682119205298
5year.arff,1,Triad_risk_fusion,10,0.09965277777777778
5year.arff,1,Triad_risk_fusion,20,0.11605839416058394
5year.arff,1,Triad_risk_fusion,50,0.13423076923076924
5year.arff,2,Triad_risk_fusion,1,0.03835307388606881
5year.arff,2,Triad_risk_fusion,2,0.06487341772151899
5year.arff,2,Triad_risk_fusion,5,0.1271523178807947
5year.arff,2,Triad_risk_fusion,10,0.1954861111111111
5year.arff,2,Triad_risk_fusion,20,0.2708029197080292
5year.arff,2,Triad_risk_fusion,50,0.35423076923076924
5year.arff,3,Triad_risk_fusion,1,0.05301748448956571
5year.arff,3,Triad_risk_fusion,2,0.0669831223628692
5year.arff,3,Triad_risk_fusion,5,0.09977924944812362
5year.arff,3,Triad_risk_fusion,10,0.13576388888888888
5year.arff,3,Triad_risk_fusion,20,0.1754257907542579
5year.arff,3,Triad_risk_fusion,50,0.21935897435897436
5year.arff,4,Triad_risk_fusion,1,0.09306260575296109
5year.arff,4,Triad_risk_fusion,2,0.10337552742616034
5year.arff,4,Triad_risk_fusion,5,0.12759381898454747
5year.arff,4,Triad_risk_fusion,10,0.15416666666666667
5year.arff,4,Triad_risk_fusion,20,0.1834549878345499
5year.arff,4,Triad_risk_fusion,50,0.2158974358974359
5year.arff,5,Triad_risk_fusion,1,0.06598984771573604
5year.arff,5,Triad_risk_fusion,2,0.0770042194092827
5year.arff,5,Triad_risk_fusion,5,0.10286975717439294
5year.arff,5,Triad_risk_fusion,10,0.13125
5year.arff,5,Triad_risk_fusion,20,0.16253041362530413
5year.arff,5,Triad_risk_fusion,50,0.1971794871794872
5year.arff,6,Triad_risk_fusion,1,0.07670614777213762
5year.arff,6,Triad_risk_fusion,2,0.08913502109704641
5year.arff,6,Triad_risk_fusion,5,0.11832229580573951
5year.arff,6,Triad_risk_fusion,10,0.15034722222222222
5year.arff,6,Triad_risk_fusion,20,0.18564476885644768
5year.arff,6,Triad_risk_fusion,50,0.22474358974358974
5year.arff,7,Triad_risk_fusion,1,0.044557247602932885
5year.arff,7,Triad_risk_fusion,2,0.06962025316455696
5year.arff,7,Triad_risk_fusion,5,0.12847682119205298
5year.arff,7,Triad_risk_fusion,10,0.19305555555555556
5year.arff,7,Triad_risk_fusion,20,0.26423357664233577
5year.arff,7,Triad_risk_fusion,50,0.34307692307692306
5year.arff,8,Triad_risk_fusion,1,0.08347433728144388
5year.arff,8,Triad_risk_fusion,2,0.0938818565400844
5year.arff,8,Triad_risk_fusion,5,0.11832229580573951
5year.arff,8,Triad_risk_fusion,10,0.1451388888888889
5year.arff,8,Triad_risk_fusion,20,0.17469586374695864
5year.arff,8,Triad_risk_fusion,50,0.20743589743589744
5year.arff,9,Triad_risk_fusion,1,0.04060913705583756
5year.arff,9,Triad_risk_fusion,2,0.06540084388185655
5year.arff,9,Triad_risk_fusion,5,0.12362030905077263
5year.arff,9,Triad_risk_fusion,10,0.1875
5year.arff,9,Triad_risk_fusion,20,0.25790754257907544
5year.arff,9,Triad_risk_fusion,50,0.33589743589743587
5year.arff,10,Triad_risk_fusion,1,0.06204173716864072
5year.arff,10,Triad_risk_fusion,2,0.07753164556962025
5year.arff,10,Triad_risk_fusion,5,0.11390728476821192
5year.arff,10,Triad_risk_fusion,10,0.15381944444444445
5year.arff,10,Triad_risk_fusion,20,0.1978102189781022
5year.arff,10,Triad_risk_fusion,50,0.24653846153846154
