dataset,seed,method,category,source,gmean,sensitivity,specificity,precision,f1,f05,f2,mcc,triad_score,balanced_accuracy,ap,auc,feature_count,features,alpha
1year.arff,1,BAINGO-KELM,Optimizer-KELM,formal_multiseed_10seed_full_with_tisngo_mcc_variants.csv,0.6096300263968849,0.4567901234567901,0.8136094674556213,0.0891566265060241,0.1491935483870967,0.1062607696726019,0.2503382949932341,0.1307078778675356,0.36487559886216187,0.6351997954562058,0.1332386965517394,0.6701792193245184,23.0,23.0,
1year.arff,1,BalancedRF,External ML baseline,formal_multiseed_10seed_full_with_tisngo_mcc_variants.csv,0.7296312426907638,0.654320987654321,0.8136094674556213,0.1229698375870069,0.20703125,0.1468144044321329,0.3509933774834437,0.2230094073083133,0.4914847073915776,0.7339652275549712,0.2915140586884263,0.7887750505271872,,,
1year.arff,1,EasyEnsemble,External ML baseline,formal_multiseed_10seed_full_with_tisngo_mcc_variants.csv,0.6819018536908821,0.5061728395061729,0.9186390532544378,0.1990291262135922,0.2857142857142857,0.2265193370165746,0.3867924528301887,0.2749920552709779,0.5037959010086304,0.7124059463803054,0.2642643842223161,0.8390496018701148,,,
1year.arff,1,ExtraTrees_balanced,External ML baseline,formal_multiseed_10seed_full_with_tisngo_mcc_variants.csv,0.6561371701645484,0.4938271604938271,0.8717948717948718,0.1333333333333333,0.2099737532808399,0.156128024980484,0.3205128205128205,0.2011541200781928,0.4424247405948684,0.6828110161443495,0.1805799363519924,0.7601906640368179,,,
1year.arff,1,HistGB,External ML baseline,formal_multiseed_10seed_full_with_tisngo_mcc_variants.csv,0.7587125135443469,0.5925925925925926,0.9714003944773176,0.4528301886792453,0.5133689839572193,0.4752475247524752,0.5581395348837209,0.4960857832890756,0.6585222071062629,0.781996493534955,0.5907571559652337,0.8812124089901867,,,
1year.arff,1,INGO-KELM,Optimizer-KELM,formal_multiseed_10seed_full_with_tisngo_mcc_variants.csv,0.6383133502324377,0.5679012345679012,0.7174556213017751,0.0743134087237479,0.1314285714285714,0.0899491591709034,0.2439024390243902,0.1204276848131485,0.36609859674723716,0.6426784279348381,0.1569677822613601,0.6936073976672268,10.0,10.0,
1year.arff,1,LR_balanced,External ML baseline,formal_multiseed_10seed_full_with_tisngo_mcc_variants.csv,0.6366230581037974,0.4691358024691358,0.863905325443787,0.1210191082802547,0.1924050632911392,0.1421091997008227,0.2978056426332288,0.1797948728673531,0.4176835236152882,0.6665205639564613,0.1544292702164824,0.746262205663915,,,
1year.arff,1,MSBAINGO-KELM,Optimizer-KELM,formal_multiseed_10seed_full_with_tisngo_mcc_variants.csv,0.635589485216349,0.5185185185185185,0.7790927021696252,0.0857142857142857,0.1471103327495621,0.102890739833415,0.257985257985258,0.1354267079813928,0.3796230520556568,0.6488056103440718,0.1219920747554499,0.708452041785375,13.0,13.0,
1year.arff,1,NGO-KELM,Optimizer-KELM,formal_multiseed_10seed_full_with_tisngo_mcc_variants.csv,0.6432913425739453,0.5061728395061729,0.8175542406311637,0.0997566909975669,0.1666666666666666,0.1188405797101449,0.2789115646258503,0.1570600607235449,0.4020626444798079,0.6618635400686683,0.1341562059927936,0.7189775245330801,35.0,35.0,
1year.arff,1,PBMSBAINGO-HGBKELM(F2-mode),Proposed hybrid optimized KELM,formal_multiseed_10seed_full_with_tisngo_mcc_variants.csv,0.7387107841480992,0.5555555555555556,0.9822485207100592,0.5555555555555556,0.5555555555555556,0.5555555555555556,0.5555555555555556,0.5378040762656148,0.6645448896787035,0.7689020381328073,0.5772408080586724,0.8673813524240874,23.0,23.0,
1year.arff,1,PBMSBAINGO-HGBKELM(MCC-guarded),Proposed hybrid optimized KELM,formal_multiseed_10seed_full_with_tisngo_mcc_variants.csv,0.7385253414982215,0.5555555555555556,0.9817554240631164,0.5487804878048781,0.5521472392638037,0.5501222493887531,0.5541871921182266,0.5341563546969067,0.6629280589044754,0.768655489809336,0.5847145734705278,0.8721296905057588,,23.0,
1year.arff,1,PBMSBAINGO-HGBKELM(Sensitivity-mode),Proposed hybrid optimized KELM,formal_multiseed_10seed_full_with_tisngo_mcc_variants.csv,0.8100629975799499,0.7283950617283951,0.900887573964497,0.2269230769230769,0.3460410557184751,0.2631578947368421,0.5051369863013698,0.3678469024266061,0.6226369607983295,0.814641317846446,0.581173572983472,0.8582073197457813,9.0,9.0,
1year.arff,1,PBMSBAINGO-HGBKELM(Triad-mode),Proposed hybrid optimized KELM,formal_pbmsbaingo_hgbkelm_triad_alpha005_10seed_complete.csv,0.7854300930082798,0.6296296296296297,0.9797830374753452,0.5543478260869565,0.5895953757225434,0.5679287305122495,0.6129807692307693,0.5733780972652497,0.7072159674841481,0.8047063335524873,0.6584286627283572,0.9005466676406847,17.0,17.0,0.05
1year.arff,1,PBMSBAINGO-KELM,Optimizer-KELM,formal_multiseed_10seed_full_with_tisngo_mcc_variants.csv,0.677266165321625,0.5679012345679012,0.8076923076923077,0.1055045871559633,0.1779497098646034,0.1260273972602739,0.3026315789473684,0.1782392665155295,0.43401764083265704,0.6877967711301045,0.1689993859421427,0.7472970998612023,33.0,33.0,
1year.arff,1,RF_balanced,External ML baseline,formal_multiseed_10seed_full_with_tisngo_mcc_variants.csv,0.6911724362948046,0.5061728395061729,0.9437869822485208,0.2645161290322581,0.3474576271186441,0.2924393723252496,0.4279749478079332,0.3313767941056352,0.5409597726415317,0.7249799108773468,0.4036861625411412,0.8375246548323472,,,
1year.arff,1,TIS_NGO-KELM,Optimizer-KELM,formal_multiseed_10seed_full_with_tisngo_mcc_variants.csv,0.6696596196100776,0.5555555555555556,0.8071992110453649,0.1032110091743119,0.1740812379110251,0.1232876712328767,0.2960526315789473,0.1721465793444501,0.42579661741957253,0.6813773833004602,0.1281073283829364,0.7472179608931746,30.0,30.0,
1year.arff,2,BAINGO-KELM,Optimizer-KELM,formal_multiseed_10seed_full_with_tisngo_mcc_variants.csv,0.6006009522835416,0.4320987654320987,0.8348126232741617,0.0945945945945946,0.155210643015521,0.1121076233183856,0.2521613832853026,0.1348630373782477,0.36505221661522447,0.6334556943531302,0.1313013699830246,0.7303339664450775,8.0,8.0,
1year.arff,2,BalancedRF,External ML baseline,formal_multiseed_10seed_full_with_tisngo_mcc_variants.csv,0.6451293148342427,0.4814814814814814,0.8643984220907298,0.1242038216560509,0.1974683544303797,0.1458489154824233,0.3056426332288401,0.1867259869069314,0.42674270493994004,0.6729399517861057,0.1850844944021796,0.7767581026128034,,,
1year.arff,2,EasyEnsemble,External ML baseline,formal_multiseed_10seed_full_with_tisngo_mcc_variants.csv,0.66383906156286,0.4691358024691358,0.9393491124260356,0.2360248447204969,0.3140495867768595,0.2620689655172414,0.3917525773195876,0.295627678797112,0.506940396488881,0.7042424574475856,0.3269089293933746,0.8582134073587064,,,
1year.arff,2,ExtraTrees_balanced,External ML baseline,formal_multiseed_10seed_full_with_tisngo_mcc_variants.csv,0.6530496237570279,0.5185185185185185,0.8224852071005917,0.1044776119402985,0.1739130434782608,0.1243339253996447,0.2892561983471074,0.1668421668401207,0.41438058218551116,0.6705018628095551,0.1165124747718543,0.7225509533201842,,,
1year.arff,2,HistGB,External ML baseline,formal_multiseed_10seed_full_with_tisngo_mcc_variants.csv,0.6549066869763649,0.4320987654320987,0.992603550295858,0.7,0.5343511450381679,0.6227758007117438,0.4679144385026738,0.5364730851772355,0.6127767270781459,0.7123511578639784,0.5427491708589489,0.879166971047313,,,
1year.arff,2,INGO-KELM,Optimizer-KELM,formal_multiseed_10seed_full_with_tisngo_mcc_variants.csv,0.6782093020622431,0.6049382716049383,0.7603550295857988,0.0915887850467289,0.1590909090909091,0.1103106708689779,0.2852153667054715,0.161338842881647,0.42023169732130855,0.6826466505953686,0.0853249943470047,0.7633683979837825,7.0,7.0,
1year.arff,2,LR_balanced,External ML baseline,formal_multiseed_10seed_full_with_tisngo_mcc_variants.csv,0.6769425016637993,0.6296296296296297,0.727810650887574,0.0845771144278607,0.1491228070175438,0.1022864019253911,0.2750809061488673,0.1520228377361061,0.4114693271017368,0.6787201402586018,0.1109593083615883,0.7498782477414954,,,
1year.arff,2,MSBAINGO-KELM,Optimizer-KELM,formal_multiseed_10seed_full_with_tisngo_mcc_variants.csv,0.7050116453778216,0.6666666666666666,0.7455621301775148,0.0947368421052631,0.1658986175115207,0.1143583227445997,0.3020134228187919,0.1783848936505239,0.4459130868662551,0.7061143984220908,0.1617522738024587,0.7893411985292329,10.0,10.0,
1year.arff,2,NGO-KELM,Optimizer-KELM,formal_multiseed_10seed_full_with_tisngo_mcc_variants.csv,0.6275943306584627,0.4814814814814814,0.8180473372781065,0.0955882352941176,0.1595092024539877,0.1138353765323993,0.2663934426229508,0.1457245960785438,0.38574202962488713,0.649764409379794,0.0918360094415224,0.7401532860934571,29.0,29.0,
1year.arff,2,PBMSBAINGO-HGBKELM(F2-mode),Proposed hybrid optimized KELM,formal_multiseed_10seed_full_with_tisngo_mcc_variants.csv,0.6549066869763649,0.4320987654320987,0.992603550295858,0.7,0.5343511450381679,0.6227758007117438,0.4679144385026738,0.5364730851772355,0.6127767270781459,0.7123511578639784,0.5401143109994067,0.8706808386295565,5.0,5.0,
1year.arff,2,PBMSBAINGO-HGBKELM(MCC-guarded),Proposed hybrid optimized KELM,formal_multiseed_10seed_full_with_tisngo_mcc_variants.csv,0.6549066869763649,0.4320987654320987,0.992603550295858,0.7,0.5343511450381679,0.6227758007117438,0.4679144385026738,0.5364730851772355,0.6127767270781459,0.7123511578639784,0.540076286126239,0.8696702948839701,,5.0,
1year.arff,2,PBMSBAINGO-HGBKELM(Sensitivity-mode),Proposed hybrid optimized KELM,formal_multiseed_10seed_full_with_tisngo_mcc_variants.csv,0.7893190543790047,0.654320987654321,0.9521696252465484,0.3533333333333333,0.4588744588744589,0.3891336270190896,0.5590717299578059,0.453458681179171,0.6561668687348964,0.8032453064504347,0.5201858359840251,0.84944724474639,6.0,6.0,
1year.arff,2,PBMSBAINGO-HGBKELM(Triad-mode),Proposed hybrid optimized KELM,formal_pbmsbaingo_hgbkelm_triad_alpha005_10seed_complete.csv,0.8022814280595906,0.6666666666666666,0.965483234714004,0.4354838709677419,0.526829268292683,0.4679376083188908,0.6026785714285714,0.5164228631389669,0.6927124283571194,0.8160749506903353,0.64780026308558,0.8786799620132952,9.0,9.0,0.05
1year.arff,2,PBMSBAINGO-KELM,Optimizer-KELM,formal_multiseed_10seed_full_with_tisngo_mcc_variants.csv,0.6444353759365575,0.5555555555555556,0.747534516765286,0.0807899461400359,0.1410658307210031,0.097444781290602,0.2553916004540295,0.1321218785686352,0.37999495305947856,0.6515450361604208,0.1412626874367561,0.746441790245209,18.0,18.0,
1year.arff,2,RF_balanced,External ML baseline,formal_multiseed_10seed_full_with_tisngo_mcc_variants.csv,0.7175416021133455,0.5925925925925926,0.868836291913215,0.1528662420382165,0.2430379746835443,0.1795063575168287,0.3761755485893417,0.2491060132631358,0.5043044430151814,0.7307144422529037,0.2202570325180373,0.8186560985706284,,,
1year.arff,2,TIS_NGO-KELM,Optimizer-KELM,formal_multiseed_10seed_full_with_tisngo_mcc_variants.csv,0.618601122274535,0.4320987654320987,0.8856015779092702,0.1310861423220973,0.2011494252873563,0.1523063533507397,0.2961082910321489,0.1836088985515492,0.41264036678230853,0.6588501716706845,0.1651148858775479,0.7380043587308545,8.0,8.0,
1year.arff,3,BAINGO-KELM,Optimizer-KELM,formal_multiseed_10seed_full_with_tisngo_mcc_variants.csv,0.6544184970561349,0.5185185185185185,0.8259368836291914,0.1063291139240506,0.1764705882352941,0.1264298615291992,0.2920723226703755,0.1696701830613696,0.41729087393115394,0.6722277010738549,0.1288272136856103,0.7308240192855577,16.0,16.0,
1year.arff,3,BalancedRF,External ML baseline,formal_multiseed_10seed_full_with_tisngo_mcc_variants.csv,0.6430878509774575,0.4320987654320987,0.9571005917159764,0.2868852459016393,0.3448275862068966,0.3075571177504393,0.3923766816143498,0.3203832113001523,0.5098042520974877,0.6945996785740375,0.3050022832324015,0.8268987264713761,,,
1year.arff,3,EasyEnsemble,External ML baseline,formal_multiseed_10seed_full_with_tisngo_mcc_variants.csv,0.5933146762163886,0.3580246913580246,0.9832347140039448,0.4603174603174603,0.4027777777777778,0.4354354354354354,0.3746770025839793,0.3852458996749369,0.5137707820389488,0.6706297026809848,0.4046975738072922,0.8799340102758906,,,
1year.arff,3,ExtraTrees_balanced,External ML baseline,formal_multiseed_10seed_full_with_tisngo_mcc_variants.csv,0.559127243265552,0.3333333333333333,0.9378698224852072,0.1764705882352941,0.2307692307692307,0.1948051948051948,0.2830188679245283,0.2009282875812264,0.3975155573418314,0.6356015779092702,0.2093610011609624,0.7716475515620813,,,
1year.arff,3,HistGB,External ML baseline,formal_multiseed_10seed_full_with_tisngo_mcc_variants.csv,0.5976135770578408,0.3580246913580246,0.997534516765286,0.8529411764705882,0.5043478260869565,0.6682027649769585,0.4050279329608938,0.5425501726560961,0.5786646319577547,0.6777796040616554,0.5860484871421353,0.9009210558355856,,,
1year.arff,3,INGO-KELM,Optimizer-KELM,formal_multiseed_10seed_full_with_tisngo_mcc_variants.csv,0.6425148892522671,0.5061728395061729,0.8155818540433925,0.0987951807228915,0.1653225806451612,0.1177484204480183,0.2774018944519621,0.1555323107031097,0.4004322114005153,0.6608773467747826,0.1598179880401375,0.7495434290306084,7.0,7.0,
1year.arff,3,LR_balanced,External ML baseline,formal_multiseed_10seed_full_with_tisngo_mcc_variants.csv,0.6588176636636603,0.5061728395061729,0.8574950690335306,0.1242424242424242,0.1995133819951338,0.1463240542469664,0.3134556574923547,0.1923696344465414,0.437074694782213,0.6818339542698517,0.1296997399436453,0.7582608907395232,,,
1year.arff,3,MSBAINGO-KELM,Optimizer-KELM,formal_multiseed_10seed_full_with_tisngo_mcc_variants.csv,0.5795812981917433,0.382716049382716,0.8777120315581854,0.1111111111111111,0.1722222222222222,0.1294903926482873,0.2570480928689884,0.1477190986321499,0.3674699174965376,0.6302140404704507,0.1866494882933539,0.7404911486108068,12.0,12.0,
1year.arff,3,NGO-KELM,Optimizer-KELM,formal_multiseed_10seed_full_with_tisngo_mcc_variants.csv,0.5670732449708844,0.382716049382716,0.8402366863905325,0.0873239436619718,0.1422018348623853,0.1032644903397734,0.2282768777614138,0.1145144573717488,0.332694952054482,0.6114763678866243,0.1575223619162246,0.730470937735895,11.0,11.0,
1year.arff,3,PBMSBAINGO-HGBKELM(F2-mode),Proposed hybrid optimized KELM,formal_multiseed_10seed_full_with_tisngo_mcc_variants.csv,0.607829933806807,0.3703703703703703,0.997534516765286,0.8571428571428571,0.5172413793103449,0.6787330316742082,0.4178272980501393,0.5534439489499677,0.5891319874809351,0.6839524435678281,0.5847782901396382,0.8771093578785887,5.0,5.0,
1year.arff,3,PBMSBAINGO-HGBKELM(MCC-guarded),Proposed hybrid optimized KELM,formal_multiseed_10seed_full_with_tisngo_mcc_variants.csv,0.6181827410892919,0.382716049382716,0.9985207100591716,0.9117647058823528,0.5391304347826087,0.7142857142857143,0.4329608938547486,0.5817317198724128,0.6057854419657703,0.6906183797209439,0.5835335759893772,0.8860703241045121,,5.0,
1year.arff,3,PBMSBAINGO-HGBKELM(Sensitivity-mode),Proposed hybrid optimized KELM,formal_multiseed_10seed_full_with_tisngo_mcc_variants.csv,0.7244608673681566,0.5308641975308642,0.9886587771203156,0.6515151515151515,0.5850340136054422,0.6231884057971014,0.5512820512820513,0.5734229777033015,0.6701442848997735,0.7597614873255899,0.5707834435530615,0.8681240412009642,4.0,4.0,
1year.arff,3,PBMSBAINGO-HGBKELM(Triad-mode),Proposed hybrid optimized KELM,formal_pbmsbaingo_hgbkelm_triad_alpha005_10seed_complete.csv,0.709526127832442,0.5061728395061729,0.9945759368836292,0.7884615384615384,0.6165413533834586,0.7093425605536332,0.5452127659574468,0.6205511200856395,0.6785337430911469,0.750374388194901,0.6377170414032111,0.8940390094236248,4.0,4.0,0.05
1year.arff,3,PBMSBAINGO-KELM,Optimizer-KELM,formal_multiseed_10seed_full_with_tisngo_mcc_variants.csv,0.6395995532946909,0.4938271604938271,0.8284023668639053,0.1030927835051546,0.1705756929637526,0.1224739742804654,0.2808988764044944,0.1598216172778409,0.4028567160607598,0.6611147636788662,0.1014031970025211,0.7165911802663939,7.0,7.0,
1year.arff,3,RF_balanced,External ML baseline,formal_multiseed_10seed_full_with_tisngo_mcc_variants.csv,0.6403320083872521,0.419753086419753,0.9768244575936884,0.419753086419753,0.419753086419753,0.419753086419753,0.419753086419753,0.3965775440134415,0.5458158972584226,0.6982887720067208,0.4176211107385472,0.8765036403925294,,,
1year.arff,3,TIS_NGO-KELM,Optimizer-KELM,formal_multiseed_10seed_full_with_tisngo_mcc_variants.csv,0.5869654619335046,0.4074074074074074,0.8456607495069034,0.0953757225433526,0.1545667447306791,0.1126279863481228,0.2462686567164179,0.1313257172320518,0.35633484429746903,0.6265340784571554,0.1264517233050748,0.7335999707794579,8.0,8.0,
1year.arff,4,BAINGO-KELM,Optimizer-KELM,formal_multiseed_10seed_full_with_tisngo_mcc_variants.csv,0.5988245480606738,0.4074074074074074,0.8801775147928994,0.1195652173913043,0.1848739495798319,0.1392405063291139,0.275,0.1638727809863705,0.38877828970346295,0.6437924611001534,0.106702444999578,0.7581147880293179,20.0,20.0,
1year.arff,4,BalancedRF,External ML baseline,formal_multiseed_10seed_full_with_tisngo_mcc_variants.csv,0.7390321078443525,0.7037037037037037,0.7761341222879684,0.111545988258317,0.1925675675675675,0.1341176470588235,0.3413173652694611,0.2152147971087876,0.48985353603477777,0.7399189129958361,0.2177964295079607,0.799693184308569,,,
1year.arff,4,EasyEnsemble,External ML baseline,formal_multiseed_10seed_full_with_tisngo_mcc_variants.csv,0.6247652784463665,0.4074074074074074,0.958086785009862,0.2796610169491525,0.3316582914572864,0.298372513562387,0.3733031674208145,0.3056189868390062,0.4922715088312532,0.6827470962086346,0.3441202911462626,0.8646662770594394,,,
1year.arff,4,ExtraTrees_balanced,External ML baseline,formal_multiseed_10seed_full_with_tisngo_mcc_variants.csv,0.5672664446511151,0.3703703703703703,0.868836291913215,0.1013513513513513,0.1591511936339522,0.1185770750988142,0.2419354838709677,0.132344226029494,0.34921513885117245,0.6196033311417927,0.1520064302250743,0.7401989431903961,,,
1year.arff,4,HistGB,External ML baseline,formal_multiseed_10seed_full_with_tisngo_mcc_variants.csv,0.6470843779774518,0.419753086419753,0.997534516765286,0.8717948717948718,0.5666666666666667,0.7172995780590717,0.4683195592286501,0.5952432666209967,0.6293208306401221,0.7086438015925196,0.6462537526841969,0.9136319916234446,,,
1year.arff,4,INGO-KELM,Optimizer-KELM,formal_multiseed_10seed_full_with_tisngo_mcc_variants.csv,0.5925241029892997,0.4444444444444444,0.7899408284023669,0.0779220779220779,0.1325966850828729,0.093312597200622,0.2290076335877862,0.1089027928525799,0.33688656122225497,0.6171926364234057,0.0807210682304605,0.681331726203521,29.0,29.0,
1year.arff,4,LR_balanced,External ML baseline,formal_multiseed_10seed_full_with_tisngo_mcc_variants.csv,0.7194098887723247,0.6296296296296297,0.821992110453649,0.1237864077669902,0.2068965517241379,0.1474840948525159,0.3464673913043478,0.2189080817443629,0.48388058895149555,0.7258108700416392,0.1667021115674289,0.7706978839457471,,,
1year.arff,4,MSBAINGO-KELM,Optimizer-KELM,formal_multiseed_10seed_full_with_tisngo_mcc_variants.csv,0.6020081895432222,0.4567901234567901,0.7933925049309665,0.0811403508771929,0.1378026070763501,0.0971128608923884,0.2371794871794871,0.1167924550043567,0.3485030062155314,0.6250913141938783,0.0884503284840689,0.7092251686268779,39.0,39.0,
1year.arff,4,NGO-KELM,Optimizer-KELM,formal_multiseed_10seed_full_with_tisngo_mcc_variants.csv,0.6698005092092687,0.5802469135802469,0.7731755424063116,0.0927021696252465,0.1598639455782313,0.1114272166903745,0.2827918170878459,0.1589407982188024,0.41467588369596137,0.6767112279932792,0.0838422494259226,0.7350122969781089,35.0,35.0,
1year.arff,4,PBMSBAINGO-HGBKELM(F2-mode),Proposed hybrid optimized KELM,formal_multiseed_10seed_full_with_tisngo_mcc_variants.csv,0.6470843779774518,0.419753086419753,0.997534516765286,0.8717948717948718,0.5666666666666667,0.7172995780590717,0.4683195592286501,0.5952432666209967,0.6293208306401221,0.7086438015925196,0.638841317460061,0.8765919107799448,12.0,12.0,
1year.arff,4,PBMSBAINGO-HGBKELM(MCC-guarded),Proposed hybrid optimized KELM,formal_multiseed_10seed_full_with_tisngo_mcc_variants.csv,0.6470843779774518,0.419753086419753,0.997534516765286,0.8717948717948718,0.5666666666666667,0.7172995780590717,0.4683195592286501,0.5952432666209967,0.6293208306401221,0.7086438015925196,0.641214397116381,0.8799522731146663,,12.0,
1year.arff,4,PBMSBAINGO-HGBKELM(Sensitivity-mode),Proposed hybrid optimized KELM,formal_multiseed_10seed_full_with_tisngo_mcc_variants.csv,0.8278473820067261,0.7160493827160493,0.9571005917159764,0.4,0.5132743362831859,0.4387291981845688,0.6183368869936035,0.5112502996487814,0.7049820268007905,0.8365749872160129,0.6368290343843758,0.8942642511018579,21.0,21.0,
1year.arff,4,PBMSBAINGO-HGBKELM(Triad-mode),Proposed hybrid optimized KELM,formal_pbmsbaingo_hgbkelm_triad_alpha005_10seed_complete.csv,0.8635439959189803,0.7901234567901234,0.9437869822485208,0.3595505617977528,0.4942084942084942,0.403530895334174,0.6374501992031872,0.5073625550981072,0.7232622252528674,0.8669552195193221,0.7386109052056236,0.9118939781332944,10.0,10.0,0.05
1year.arff,4,PBMSBAINGO-KELM,Optimizer-KELM,formal_multiseed_10seed_full_with_tisngo_mcc_variants.csv,0.5995712788819003,0.4567901234567901,0.7869822485207101,0.0788912579957356,0.1345454545454545,0.0945324476239141,0.2332912988650693,0.1126555578734637,0.34340880111620137,0.6218861859887501,0.0809259230421143,0.6867923149974433,43.0,43.0,
1year.arff,4,RF_balanced,External ML baseline,formal_multiseed_10seed_full_with_tisngo_mcc_variants.csv,0.7368129482243769,0.6419753086419753,0.8456607495069034,0.1424657534246575,0.2331838565022421,0.1687216093445814,0.3773584905660377,0.2477151818268229,0.5123369842258294,0.7438180290744394,0.2873969478018717,0.8348856746292643,,,
1year.arff,4,TIS_NGO-KELM,Optimizer-KELM,formal_multiseed_10seed_full_with_tisngo_mcc_variants.csv,0.616185376446047,0.4320987654320987,0.878698224852071,0.1245551601423487,0.1933701657458563,0.1452282157676348,0.2892561983471074,0.1757567582452662,0.405612754287672,0.6553984951420849,0.1093315569446453,0.7845228528989212,17.0,17.0,
1year.arff,5,BAINGO-KELM,Optimizer-KELM,formal_multiseed_10seed_full_with_tisngo_mcc_variants.csv,0.5830371392495263,0.3950617283950617,0.8604536489151874,0.1015873015873015,0.1616161616161616,0.1193139448173005,0.2503912363067292,0.1377612358904773,0.36044567888339746,0.6277576886551246,0.1073413499840284,0.7238658777120315,13.0,13.0,
1year.arff,5,BalancedRF,External ML baseline,formal_multiseed_10seed_full_with_tisngo_mcc_variants.csv,0.6856277926728686,0.5432098765432098,0.8653846153846154,0.138801261829653,0.2211055276381909,0.1630837657524091,0.3432137285491419,0.2197203887841327,0.4691903402077293,0.7042972459639126,0.1816298379613566,0.8336103197214308,,,
1year.arff,5,EasyEnsemble,External ML baseline,formal_multiseed_10seed_full_with_tisngo_mcc_variants.csv,0.7590975490999835,0.6296296296296297,0.9151873767258384,0.2286995515695067,0.3355263157894737,0.2620760534429599,0.4661791590493601,0.3404896104482385,0.581076101765759,0.7724085031777339,0.3324631041393646,0.8881096744344608,,,
1year.arff,5,ExtraTrees_balanced,External ML baseline,formal_multiseed_10seed_full_with_tisngo_mcc_variants.csv,0.6427327695904521,0.5555555555555556,0.7435897435897436,0.079646017699115,0.1393188854489164,0.0961127723195215,0.2530933633295838,0.129810790752364,0.3771006031877729,0.6495726495726496,0.1274132845960968,0.7379587016339153,,,
1year.arff,5,HistGB,External ML baseline,formal_multiseed_10seed_full_with_tisngo_mcc_variants.csv,0.7427788092108357,0.5555555555555556,0.9930966469428008,0.7627118644067796,0.6428571428571429,0.7097791798107256,0.587467362924282,0.6393971194274297,0.7065830720339152,0.7743261012491782,0.6751378678960062,0.906731682372708,,,
1year.arff,5,INGO-KELM,Optimizer-KELM,formal_multiseed_10seed_full_with_tisngo_mcc_variants.csv,0.664439445660673,0.5802469135802469,0.7608481262327417,0.0883458646616541,0.1533442088091354,0.1063829787234042,0.2745327102803738,0.1509316173667607,0.40541238647272365,0.6705475199064943,0.1028181425044165,0.712908174446636,15.0,15.0,
1year.arff,5,LR_balanced,External ML baseline,formal_multiseed_10seed_full_with_tisngo_mcc_variants.csv,0.6721096020114075,0.5555555555555556,0.8131163708086785,0.1061320754716981,0.1782178217821782,0.1266178953292065,0.3008021390374331,0.1767802208289243,0.43063033926816163,0.6843359631821171,0.1625997555513144,0.7500060876129253,,,
1year.arff,5,MSBAINGO-KELM,Optimizer-KELM,formal_multiseed_10seed_full_with_tisngo_mcc_variants.csv,0.6429079675845107,0.5308641975308642,0.7785996055226825,0.0873983739837398,0.150087260034904,0.1049292337725719,0.2634803921568627,0.1406205466182713,0.387360618863055,0.6547319015267734,0.138428488542751,0.7383178707965034,33.0,33.0,
1year.arff,5,NGO-KELM,Optimizer-KELM,formal_multiseed_10seed_full_with_tisngo_mcc_variants.csv,0.6864264275302996,0.6172839506172839,0.7633136094674556,0.0943396226415094,0.1636661211129296,0.1135847342117219,0.2927400468384075,0.1686217082861304,0.42989971642039343,0.6902987800423698,0.1013217004957891,0.7654686244429834,11.0,11.0,
1year.arff,5,PBMSBAINGO-HGBKELM(F2-mode),Proposed hybrid optimized KELM,formal_multiseed_10seed_full_with_tisngo_mcc_variants.csv,0.8180459116966223,0.691358024691358,0.967948717948718,0.4628099173553719,0.5544554455445545,0.495575221238938,0.6292134831460674,0.5448326516513914,0.7143967902617574,0.829653371320038,0.6785865936864597,0.91841989918913,16.0,16.0,
1year.arff,5,PBMSBAINGO-HGBKELM(MCC-guarded),Proposed hybrid optimized KELM,formal_multiseed_10seed_full_with_tisngo_mcc_variants.csv,0.7425943824397221,0.5555555555555556,0.992603550295858,0.75,0.6382978723404256,0.7009345794392523,0.5859375,0.6336311408833799,0.7043360932832208,0.7740795529257067,0.6763756957685452,0.9140855187863736,,16.0,
1year.arff,5,PBMSBAINGO-HGBKELM(Sensitivity-mode),Proposed hybrid optimized KELM,formal_multiseed_10seed_full_with_tisngo_mcc_variants.csv,0.8090553626200465,0.6790123456790124,0.9640039447731756,0.4296875,0.5263157894736842,0.463743676222597,0.6084070796460177,0.5175487188288113,0.6971120232495849,0.8215081452260939,0.6673809909391855,0.9121192198115274,4.0,4.0,
1year.arff,5,PBMSBAINGO-HGBKELM(Triad-mode),Proposed hybrid optimized KELM,formal_pbmsbaingo_hgbkelm_triad_alpha005_10seed_complete.csv,0.79055208920212,0.6296296296296297,0.992603550295858,0.7727272727272727,0.6938775510204082,0.7391304347826086,0.6538461538461539,0.686789266823538,0.7543301971097112,0.8111165899627438,0.7108848102919771,0.8931532617430054,4.0,4.0,0.05
1year.arff,5,PBMSBAINGO-KELM,Optimizer-KELM,formal_multiseed_10seed_full_with_tisngo_mcc_variants.csv,0.6458507858910277,0.4938271604938271,0.8446745562130178,0.1126760563380281,0.1834862385321101,0.1332445036642238,0.2945508100147275,0.1738634884817632,0.417020679259444,0.6692508583534225,0.119557210160506,0.7493181873523754,28.0,28.0,
1year.arff,5,RF_balanced,External ML baseline,formal_multiseed_10seed_full_with_tisngo_mcc_variants.csv,0.59507683861837,0.3703703703703703,0.9561143984220908,0.2521008403361344,0.3,0.2692998204667863,0.3386004514672686,0.2719188977937344,0.458347811264921,0.6632423843962305,0.2905293705250676,0.8691589353982516,,,
1year.arff,5,TIS_NGO-KELM,Optimizer-KELM,formal_multiseed_10seed_full_with_tisngo_mcc_variants.csv,0.6789001029564207,0.6419753086419753,0.717948717948718,0.0833333333333333,0.1475177304964539,0.1008925106713232,0.2742616033755274,0.1515415768297907,0.4118267162484228,0.6799620132953466,0.0993875707114613,0.751607129812258,12.0,12.0,
1year.arff,6,BAINGO-KELM,Optimizer-KELM,formal_multiseed_10seed_full_with_tisngo_mcc_variants.csv,0.7349930414527758,0.6296296296296297,0.8579881656804734,0.1504424778761062,0.2428571428571428,0.1774530271398747,0.3846153846153846,0.2551347114523019,0.5165495663564514,0.7438088976550515,0.1287273035342877,0.7966402464265712,24.0,24.0,
1year.arff,6,BalancedRF,External ML baseline,formal_multiseed_10seed_full_with_tisngo_mcc_variants.csv,0.7816931286438008,0.6790123456790124,0.8999013806706114,0.2131782945736434,0.3244837758112094,0.2470799640610961,0.4725085910652921,0.3395293088872613,0.5919930653556177,0.7894568631748119,0.2433888911772795,0.8451402586017971,,,
1year.arff,6,EasyEnsemble,External ML baseline,formal_multiseed_10seed_full_with_tisngo_mcc_variants.csv,0.7590975490999835,0.6296296296296297,0.9151873767258384,0.2286995515695067,0.3355263157894737,0.2620760534429599,0.4661791590493601,0.3404896104482385,0.581076101765759,0.7724085031777339,0.3269504785203621,0.8917287603185039,,,
1year.arff,6,ExtraTrees_balanced,External ML baseline,formal_multiseed_10seed_full_with_tisngo_mcc_variants.csv,0.6959866723383874,0.5802469135802469,0.8348126232741617,0.1230366492146596,0.203023758099352,0.1460534493474207,0.3328611898016997,0.2071137974935537,0.4646617881604672,0.7075297684272044,0.1529269775377937,0.8045237051647308,,,
1year.arff,6,HistGB,External ML baseline,formal_multiseed_10seed_full_with_tisngo_mcc_variants.csv,0.7931927860372046,0.654320987654321,0.9615384615384616,0.4045801526717557,0.5,0.4380165289256198,0.5824175824175825,0.4903535260048749,0.6757026227618487,0.8079297245963912,0.6106595698157887,0.91648403827891,,,
1year.arff,6,INGO-KELM,Optimizer-KELM,formal_multiseed_10seed_full_with_tisngo_mcc_variants.csv,0.6831238130884997,0.5802469135802469,0.8042406311637081,0.1058558558558558,0.179047619047619,0.126548196015078,0.3059895833333333,0.1812425468942137,0.43895466476119116,0.6922437723719775,0.1310330150871568,0.7611007621691382,11.0,11.0,
1year.arff,6,LR_balanced,External ML baseline,formal_multiseed_10seed_full_with_tisngo_mcc_variants.csv,0.7231277722854565,0.7160493827160493,0.730276134122288,0.0958677685950413,0.1690962099125364,0.1159536185525789,0.3121636167922497,0.189638536851956,0.46286274451286347,0.7231627584191687,0.180309151598764,0.7837192879927922,,,
1year.arff,6,MSBAINGO-KELM,Optimizer-KELM,formal_multiseed_10seed_full_with_tisngo_mcc_variants.csv,0.6815000021304413,0.6049382716049383,0.7677514792899408,0.0942307692307692,0.1630615640599001,0.1133734382230448,0.2902843601895735,0.1661729439633169,0.4257591717512479,0.6863448754474395,0.1245791751578127,0.7679645457423235,33.0,33.0,
1year.arff,6,NGO-KELM,Optimizer-KELM,formal_multiseed_10seed_full_with_tisngo_mcc_variants.csv,0.719211005377367,0.7160493827160493,0.7223865877712031,0.0933977455716586,0.1652421652421652,0.1130604288499025,0.3068783068783068,0.1848567854842646,0.45728049982550817,0.7192179852436262,0.1046784916409403,0.767897582000146,16.0,16.0,
1year.arff,6,PBMSBAINGO-HGBKELM(F2-mode),Proposed hybrid optimized KELM,formal_multiseed_10seed_full_with_tisngo_mcc_variants.csv,0.7743577165200504,0.6172839506172839,0.9714003944773176,0.4629629629629629,0.5291005291005291,0.4873294346978557,0.5787037037037037,0.5132436081721861,0.6751531063063484,0.7943421725473008,0.6074636044609958,0.8912691455426499,5.0,5.0,
1year.arff,6,PBMSBAINGO-HGBKELM(MCC-guarded),Proposed hybrid optimized KELM,formal_multiseed_10seed_full_with_tisngo_mcc_variants.csv,0.7743577165200504,0.6172839506172839,0.9714003944773176,0.4629629629629629,0.5291005291005291,0.4873294346978557,0.5787037037037037,0.5132436081721861,0.6751531063063484,0.7943421725473008,0.6074636044609958,0.8912691455426499,,5.0,
1year.arff,6,PBMSBAINGO-HGBKELM(Sensitivity-mode),Proposed hybrid optimized KELM,formal_multiseed_10seed_full_with_tisngo_mcc_variants.csv,0.7778834341685901,0.6296296296296297,0.9610453648915188,0.3923076923076923,0.4834123222748815,0.4242928452579035,0.5616740088105727,0.4719875004496239,0.6585466037817015,0.7953374972605742,0.6015564653790103,0.8824055811235297,5.0,5.0,
1year.arff,6,PBMSBAINGO-HGBKELM(Triad-mode),Proposed hybrid optimized KELM,formal_pbmsbaingo_hgbkelm_triad_alpha005_10seed_complete.csv,0.8430870493380769,0.7283950617283951,0.9758382642998028,0.5462962962962963,0.6243386243386243,0.5750487329434698,0.6828703703703703,0.6139848226942876,0.7585207935071774,0.8521166630140989,0.7097045152256924,0.9396169673947452,4.0,4.0,0.05
1year.arff,6,PBMSBAINGO-KELM,Optimizer-KELM,formal_multiseed_10seed_full_with_tisngo_mcc_variants.csv,0.732877949178538,0.6296296296296297,0.8530571992110454,0.1461318051575931,0.2372093023255814,0.1726472579553148,0.3789004457652303,0.2496162679465998,0.5118138866973176,0.7413434144203375,0.1342591823818529,0.8041767112279933,25.0,25.0,
1year.arff,6,RF_balanced,External ML baseline,formal_multiseed_10seed_full_with_tisngo_mcc_variants.csv,0.7238345764205825,0.5679012345679012,0.9225838264299804,0.2266009852216748,0.323943661971831,0.257558790593505,0.4364326375711575,0.3195897205611717,0.5511762350043291,0.7452425304989407,0.311764588503408,0.8704525531448608,,,
1year.arff,6,TIS_NGO-KELM,Optimizer-KELM,formal_multiseed_10seed_full_with_tisngo_mcc_variants.csv,0.7146682618011927,0.6172839506172839,0.8274161735700197,0.125,0.2079002079002079,0.148720999405116,0.3453038674033149,0.2179930804777188,0.4810799235189101,0.7223500620936518,0.1162094649541313,0.7833631626366668,24.0,24.0,
1year.arff,7,BAINGO-KELM,Optimizer-KELM,formal_multiseed_10seed_full_with_tisngo_mcc_variants.csv,0.5805992405447317,0.4074074074074074,0.8274161735700197,0.0861618798955613,0.1422413793103448,0.1022938623682579,0.2333804809052334,0.1170572746858775,0.34044773187695127,0.6174117904887135,0.1042866239451597,0.6831519224681618,10.0,10.0,
1year.arff,7,BalancedRF,External ML baseline,formal_multiseed_10seed_full_with_tisngo_mcc_variants.csv,0.6106178153672394,0.4074074074074074,0.9151873767258384,0.1609756097560975,0.2307692307692307,0.1831298557158712,0.3119092627599243,0.2092779263639177,0.4273208876799912,0.6612973920666229,0.1873986830365397,0.7584222124820416,,,
1year.arff,7,EasyEnsemble,External ML baseline,formal_multiseed_10seed_full_with_tisngo_mcc_variants.csv,0.619957683754847,0.3950617283950617,0.972879684418146,0.367816091954023,0.3809523809523809,0.372960372960373,0.389294403892944,0.3555534970033996,0.5150819717202709,0.6839707064066038,0.3632471610228159,0.8408515352959797,,,
1year.arff,7,ExtraTrees_balanced,External ML baseline,formal_multiseed_10seed_full_with_tisngo_mcc_variants.csv,0.6457282398192001,0.5679012345679012,0.7342209072978304,0.0786324786324786,0.1381381381381381,0.0950020652622883,0.253025302530253,0.1296846645955352,0.3781488009732127,0.6510610709328658,0.1534836521118916,0.7090273212068083,,,
1year.arff,7,HistGB,External ML baseline,formal_multiseed_10seed_full_with_tisngo_mcc_variants.csv,0.7446205646025471,0.5679012345679012,0.9763313609467456,0.4893617021276595,0.5257142857142857,0.5032822757111597,0.5502392344497608,0.5068268122940539,0.6550028828751525,0.7721162977573234,0.5634164999807673,0.8850293422942996,,,
1year.arff,7,INGO-KELM,Optimizer-KELM,formal_multiseed_10seed_full_with_tisngo_mcc_variants.csv,0.6259966607117378,0.4691358024691358,0.8353057199211046,0.1021505376344086,0.1677704194260485,0.1210962396430847,0.2729885057471264,0.153500215885461,0.3918179618863989,0.6522207611951202,0.089426113445584,0.7118428421847226,7.0,7.0,
1year.arff,7,LR_balanced,External ML baseline,formal_multiseed_10seed_full_with_tisngo_mcc_variants.csv,0.6311779186982318,0.4814814814814814,0.8274161735700197,0.1002570694087403,0.1659574468085106,0.1191203420891875,0.273492286115007,0.1530566036677987,0.39359709888886424,0.6544488275257506,0.1000523136004005,0.7075815131370686,,,
1year.arff,7,MSBAINGO-KELM,Optimizer-KELM,formal_multiseed_10seed_full_with_tisngo_mcc_variants.csv,0.436372011362867,0.1975308641975308,0.9640039447731756,0.1797752808988764,0.188235294117647,0.183066361556064,0.1937046004842615,0.154408754249219,0.30864688483277064,0.5807674044853532,0.1158154727884499,0.7462987313414664,6.0,6.0,
1year.arff,7,NGO-KELM,Optimizer-KELM,formal_multiseed_10seed_full_with_tisngo_mcc_variants.csv,0.6036844769979439,0.4814814814814814,0.7569033530571992,0.0733082706766917,0.1272430668841762,0.0882752376641014,0.227803738317757,0.105483236145437,0.3374953712179921,0.6191924172693404,0.0765268583439694,0.6814839165266515,25.0,25.0,
1year.arff,7,PBMSBAINGO-HGBKELM(F2-mode),Proposed hybrid optimized KELM,formal_multiseed_10seed_full_with_tisngo_mcc_variants.csv,0.752860794986986,0.5802469135802469,0.9768244575936884,0.5,0.5371428571428571,0.5142231947483589,0.562200956937799,0.5187831629330714,0.664974633630785,0.7785356855869676,0.5755128425817766,0.8932293569045706,5.0,5.0,
1year.arff,7,PBMSBAINGO-HGBKELM(MCC-guarded),Proposed hybrid optimized KELM,formal_multiseed_10seed_full_with_tisngo_mcc_variants.csv,0.752860794986986,0.5802469135802469,0.9768244575936884,0.5,0.5371428571428571,0.5142231947483589,0.562200956937799,0.5187831629330714,0.664974633630785,0.7785356855869676,0.5755128425817766,0.8932293569045706,,5.0,
1year.arff,7,PBMSBAINGO-HGBKELM(Sensitivity-mode),Proposed hybrid optimized KELM,formal_multiseed_10seed_full_with_tisngo_mcc_variants.csv,0.7889834898660885,0.691358024691358,0.9003944773175543,0.2170542635658914,0.3303834808259587,0.2515723270440251,0.4810996563573883,0.3470591711588706,0.6000394237558734,0.7958762510044561,0.5547139035043765,0.8458677283463608,7.0,7.0,
1year.arff,7,PBMSBAINGO-HGBKELM(Triad-mode),Proposed hybrid optimized KELM,formal_pbmsbaingo_hgbkelm_triad_alpha005_10seed_complete.csv,0.7671386554638248,0.5925925925925926,0.9930966469428008,0.7741935483870968,0.6713286713286714,0.729483282674772,0.6217616580310881,0.6663293816287046,0.7319457598765331,0.7928446197676966,0.6820027008697311,0.911078238001315,4.0,4.0,0.05
1year.arff,7,PBMSBAINGO-KELM,Optimizer-KELM,formal_multiseed_10seed_full_with_tisngo_mcc_variants.csv,0.5825357456014613,0.3950617283950617,0.8589743589743589,0.10062893081761,0.1604010025062656,0.1182557280118255,0.249221183800623,0.1364302098132323,0.359075054854074,0.6270180436847104,0.1527801025272129,0.7164450775561887,20.0,20.0,
1year.arff,7,RF_balanced,External ML baseline,formal_multiseed_10seed_full_with_tisngo_mcc_variants.csv,0.7201837412971246,0.5925925925925926,0.8752465483234714,0.1594684385382059,0.2513089005235602,0.1867704280155642,0.384,0.2570340014956681,0.510848827425132,0.7339195704580319,0.2702723938749612,0.8184369445053206,,,
1year.arff,7,TIS_NGO-KELM,Optimizer-KELM,formal_multiseed_10seed_full_with_tisngo_mcc_variants.csv,0.6332866171912035,0.4938271604938271,0.8121301775147929,0.0950118764845605,0.1593625498007968,0.1133144475920679,0.2684563758389262,0.1470991249967118,0.3892873010148107,0.65297866900431,0.1311568024898569,0.7208464217011227,25.0,25.0,
1year.arff,8,BAINGO-KELM,Optimizer-KELM,formal_multiseed_10seed_full_with_tisngo_mcc_variants.csv,0.627293561160387,0.4567901234567901,0.861439842209073,0.1163522012578616,0.1854636591478696,0.1367331855136733,0.2881619937694704,0.1709055647732259,0.406661090674322,0.6591149828329316,0.1314961537988773,0.7686950592933498,8.0,8.0,
1year.arff,8,BalancedRF,External ML baseline,formal_multiseed_10seed_full_with_tisngo_mcc_variants.csv,0.6545394160975074,0.4691358024691358,0.9132149901380672,0.1775700934579439,0.2576271186440678,0.2027748132337246,0.3531598513011152,0.2433475542522735,0.4706515916520177,0.6911753963036014,0.2091510021573476,0.8087332895025202,,,
1year.arff,8,EasyEnsemble,External ML baseline,formal_multiseed_10seed_full_with_tisngo_mcc_variants.csv,0.7155408339679911,0.5555555555555556,0.9215976331360948,0.2205882352941176,0.3157894736842105,0.2508361204013378,0.4261363636363636,0.3102213914701832,0.5415603526536511,0.7385765943458251,0.3234772040919194,0.8524727883702243,,,
1year.arff,8,ExtraTrees_balanced,External ML baseline,formal_multiseed_10seed_full_with_tisngo_mcc_variants.csv,0.5885242773185347,0.3950617283950617,0.8767258382642998,0.1134751773049645,0.1763085399449036,0.1323407775020678,0.264026402640264,0.1534660242685178,0.375993498958836,0.6358937833296807,0.1521767618625718,0.7458665108237759,,,
1year.arff,8,HistGB,External ML baseline,formal_multiseed_10seed_full_with_tisngo_mcc_variants.csv,0.5974658540109522,0.3580246913580246,0.9970414201183432,0.8285714285714286,0.5,0.6561085972850679,0.403899721448468,0.534130417249207,0.5755607414487767,0.6775330557381839,0.5333003114021853,0.8753317749044244,,,
1year.arff,8,INGO-KELM,Optimizer-KELM,formal_multiseed_10seed_full_with_tisngo_mcc_variants.csv,0.5672664446511151,0.3703703703703703,0.868836291913215,0.1013513513513513,0.1591511936339522,0.1185770750988142,0.2419354838709677,0.132344226029494,0.34921513885117245,0.6196033311417927,0.1276194468381325,0.7182713614337546,37.0,37.0,
1year.arff,8,LR_balanced,External ML baseline,formal_multiseed_10seed_full_with_tisngo_mcc_variants.csv,0.6089406198480983,0.4444444444444444,0.834319526627219,0.0967741935483871,0.1589403973509933,0.1147227533460803,0.2586206896551724,0.1405535270111384,0.37353435049129174,0.6393819855358317,0.1144300177401632,0.7419826137774856,,,
1year.arff,8,MSBAINGO-KELM,Optimizer-KELM,formal_multiseed_10seed_full_with_tisngo_mcc_variants.csv,0.605954174172895,0.419753086419753,0.8747534516765286,0.1180555555555555,0.1842818428184282,0.137875101378751,0.2777777777777778,0.1648239085773482,0.39261473112710243,0.6472532690481408,0.111158767000738,0.7529220542041055,11.0,11.0,
1year.arff,8,NGO-KELM,Optimizer-KELM,formal_multiseed_10seed_full_with_tisngo_mcc_variants.csv,0.6415002990995842,0.4938271604938271,0.8333333333333334,0.1058201058201058,0.1742919389978213,0.1255492780916509,0.2849002849002849,0.1639241370102653,0.40707916728293714,0.6635802469135803,0.1331859112145509,0.7183200623371564,24.0,24.0,
1year.arff,8,PBMSBAINGO-HGBKELM(F2-mode),Proposed hybrid optimized KELM,formal_multiseed_10seed_full_with_tisngo_mcc_variants.csv,0.5974658540109522,0.3580246913580246,0.9970414201183432,0.8285714285714286,0.5,0.6561085972850679,0.403899721448468,0.534130417249207,0.5755607414487767,0.6775330557381839,0.5257055635216725,0.8696824701098205,6.0,6.0,
1year.arff,8,PBMSBAINGO-HGBKELM(MCC-guarded),Proposed hybrid optimized KELM,formal_multiseed_10seed_full_with_tisngo_mcc_variants.csv,0.5974658540109522,0.3580246913580246,0.9970414201183432,0.8285714285714286,0.5,0.6561085972850679,0.403899721448468,0.534130417249207,0.5755607414487767,0.6775330557381839,0.5257055635216725,0.8696824701098205,,6.0,
1year.arff,8,PBMSBAINGO-HGBKELM(Sensitivity-mode),Proposed hybrid optimized KELM,formal_multiseed_10seed_full_with_tisngo_mcc_variants.csv,0.7511648732553788,0.5925925925925926,0.9521696252465484,0.3310344827586207,0.4247787610619469,0.3630862329803328,0.511727078891258,0.4137411538083915,0.6157433841824084,0.7723811089195705,0.5287366785332224,0.8706138748873792,7.0,7.0,
1year.arff,8,PBMSBAINGO-HGBKELM(Triad-mode),Proposed hybrid optimized KELM,formal_pbmsbaingo_hgbkelm_triad_alpha005_10seed_complete.csv,0.807386999683784,0.6666666666666666,0.977810650887574,0.5454545454545454,0.6,0.5660377358490566,0.6382978723404256,0.5855560812640543,0.725399636118079,0.8222386587771203,0.6862199518732585,0.9121009569727516,4.0,4.0,0.05
1year.arff,8,PBMSBAINGO-KELM,Optimizer-KELM,formal_multiseed_10seed_full_with_tisngo_mcc_variants.csv,0.5502375316378189,0.3333333333333333,0.908284023668639,0.1267605633802817,0.1836734693877551,0.1446945337620578,0.2513966480446927,0.1540975187756244,0.35999684015648814,0.6208086785009862,0.1018547671029272,0.7636727786300436,22.0,22.0,
1year.arff,8,RF_balanced,External ML baseline,formal_multiseed_10seed_full_with_tisngo_mcc_variants.csv,0.5020958339392997,0.2592592592592592,0.9723865877712032,0.2727272727272727,0.2658227848101265,0.2699228791773779,0.2618453865336658,0.2373524882345921,0.39113109297189047,0.6158229235152312,0.2983675349846106,0.8177307814059951,,,
1year.arff,8,TIS_NGO-KELM,Optimizer-KELM,formal_multiseed_10seed_full_with_tisngo_mcc_variants.csv,0.6112754545620076,0.4444444444444444,0.8407297830374754,0.1002785515320334,0.1636363636363636,0.1186552406064601,0.2635431918008785,0.1458211469654958,0.3791096228376936,0.6425871137409599,0.1058644472649916,0.7211508023473834,12.0,12.0,
1year.arff,9,BAINGO-KELM,Optimizer-KELM,formal_multiseed_10seed_full_with_tisngo_mcc_variants.csv,0.6945156658634764,0.654320987654321,0.7371794871794872,0.0904436860068259,0.1589205397301349,0.1092783505154639,0.2912087912087912,0.1679616058610674,0.43270445870925894,0.6957502374169041,0.1085869190921692,0.7352984147855943,7.0,7.0,
1year.arff,9,BalancedRF,External ML baseline,formal_multiseed_10seed_full_with_tisngo_mcc_variants.csv,0.6289072960122012,0.4567901234567901,0.8658777120315582,0.1197411003236245,0.1897435897435897,0.1404707668944571,0.292259083728278,0.1753544002351039,0.4108626328144981,0.6613339177441742,0.1254609821051592,0.738975332992427,,,
1year.arff,9,EasyEnsemble,External ML baseline,formal_multiseed_10seed_full_with_tisngo_mcc_variants.csv,0.6533245596575898,0.4567901234567901,0.9344181459566075,0.2176470588235294,0.2948207171314741,0.2431011826544021,0.374493927125506,0.276166595378764,0.4903163457034293,0.6956041347066988,0.2037992250890501,0.8283536659605036,,,
1year.arff,9,ExtraTrees_balanced,External ML baseline,formal_multiseed_10seed_full_with_tisngo_mcc_variants.csv,0.6344390960648081,0.4938271604938271,0.8150887573964497,0.0963855421686747,0.1612903225806451,0.1148765077541642,0.2706359945872801,0.1493262024942161,0.391716590145762,0.6544579589451385,0.1197117118278453,0.7222891859643996,,,
1year.arff,9,HistGB,External ML baseline,formal_multiseed_10seed_full_with_tisngo_mcc_variants.csv,0.6615517125817899,0.4444444444444444,0.9847140039447732,0.5373134328358209,0.4864864864864865,0.5157593123209169,0.4603580562659846,0.4702500831190039,0.5904078987251303,0.7145792241946087,0.4676926160298166,0.9024216524216524,,,
1year.arff,9,INGO-KELM,Optimizer-KELM,formal_multiseed_10seed_full_with_tisngo_mcc_variants.csv,0.5709568040977516,0.3703703703703703,0.8801775147928994,0.1098901098901098,0.1694915254237288,0.1278772378516624,0.2512562814070351,0.1434331591946885,0.36026219429899076,0.6252739425816349,0.1181304138304298,0.7207520637007816,6.0,6.0,
1year.arff,9,LR_balanced,External ML baseline,formal_multiseed_10seed_full_with_tisngo_mcc_variants.csv,0.5942886095741275,0.3950617283950617,0.8939842209072978,0.1295546558704453,0.1951219512195122,0.1496725912067352,0.2802101576182136,0.1727448295682139,0.3936708791333935,0.6445229746511798,0.1318856267916105,0.7399006501570604,,,
1year.arff,9,MSBAINGO-KELM,Optimizer-KELM,formal_multiseed_10seed_full_with_tisngo_mcc_variants.csv,0.7139950150972718,0.6296296296296297,0.8096646942800789,0.1167048054919908,0.1969111969111969,0.1394204483324221,0.3350854139290407,0.2082923028723113,0.47353766351391824,0.7196471619548543,0.1414804214229726,0.7801275963669126,20.0,20.0,
1year.arff,9,NGO-KELM,Optimizer-KELM,formal_multiseed_10seed_full_with_tisngo_mcc_variants.csv,0.6633712106643506,0.5925925925925926,0.742603550295858,0.0842105263157894,0.1474654377880184,0.1016518424396442,0.2684563758389262,0.1450503428168402,0.39964771396006316,0.6675980714442253,0.1046443386079822,0.6958963401271092,24.0,24.0,
1year.arff,9,PBMSBAINGO-HGBKELM(F2-mode),Proposed hybrid optimized KELM,formal_multiseed_10seed_full_with_tisngo_mcc_variants.csv,0.6706769948578548,0.4567901234567901,0.9847140039447732,0.5441176470588235,0.4966442953020134,0.5240793201133145,0.4719387755102041,0.4803251134380058,0.6000499047311612,0.7207520637007816,0.4634105643001467,0.8858450824262789,5.0,5.0,
1year.arff,9,PBMSBAINGO-HGBKELM(MCC-guarded),Proposed hybrid optimized KELM,formal_multiseed_10seed_full_with_tisngo_mcc_variants.csv,0.6706769948578548,0.4567901234567901,0.9847140039447732,0.5441176470588235,0.4966442953020134,0.5240793201133145,0.4719387755102041,0.4803251134380058,0.6000499047311612,0.7207520637007816,0.4634105643001467,0.8858450824262789,,5.0,
1year.arff,9,PBMSBAINGO-HGBKELM(Sensitivity-mode),Proposed hybrid optimized KELM,formal_multiseed_10seed_full_with_tisngo_mcc_variants.csv,0.7712067056204651,0.6172839506172839,0.9635108481262328,0.4032258064516129,0.4878048780487805,0.4332755632582322,0.5580357142857143,0.474469286807229,0.6559185294761336,0.7903973993717583,0.4624790545272282,0.8912508827038741,4.0,4.0,
1year.arff,9,PBMSBAINGO-HGBKELM(Triad-mode),Proposed hybrid optimized KELM,formal_pbmsbaingo_hgbkelm_triad_alpha005_10seed_complete.csv,0.7431475254456122,0.5555555555555556,0.9940828402366864,0.7894736842105263,0.6521739130434783,0.7281553398058253,0.5905511811023622,0.6513695344703471,0.7112012392386206,0.774819197896121,0.7027777564493659,0.949028416977135,4.0,4.0,0.05
1year.arff,9,PBMSBAINGO-KELM,Optimizer-KELM,formal_multiseed_10seed_full_with_tisngo_mcc_variants.csv,0.6548090781097409,0.5185185185185185,0.8269230769230769,0.1068702290076335,0.1772151898734177,0.1270417422867513,0.2928870292887029,0.1704889353086008,0.418127303193117,0.6727207977207976,0.1169049103587371,0.7395171305427715,5.0,5.0,
1year.arff,9,RF_balanced,External ML baseline,formal_multiseed_10seed_full_with_tisngo_mcc_variants.csv,0.6869982114091441,0.5308641975308642,0.8890532544378699,0.1604477611940298,0.2464183381088825,0.1864700780572419,0.3631756756756756,0.2422959294005036,0.48538435830962057,0.709958725984367,0.1737927234052126,0.8005150120534736,,,
1year.arff,9,TIS_NGO-KELM,Optimizer-KELM,formal_multiseed_10seed_full_with_tisngo_mcc_variants.csv,0.6712168482462759,0.5432098765432098,0.8293885601577909,0.1128205128205128,0.1868365180467091,0.1340645947592931,0.3081232492997199,0.1844366695249069,0.4363727841957783,0.6862992183505003,0.1396499270872916,0.782988774441766,13.0,13.0,
1year.arff,10,BAINGO-KELM,Optimizer-KELM,formal_multiseed_10seed_full_with_tisngo_mcc_variants.csv,0.5991853301590091,0.3950617283950617,0.908777120315582,0.1474654377880184,0.2147651006711409,0.1685985247629083,0.2957486136783734,0.1921893657732351,0.4101574136302593,0.6519194243553218,0.1792013455958581,0.7830800886356443,24.0,24.0,
1year.arff,10,BalancedRF,External ML baseline,formal_multiseed_10seed_full_with_tisngo_mcc_variants.csv,0.6524154318617592,0.4691358024691358,0.9072978303747534,0.168141592920354,0.247557003257329,0.1928934010152284,0.3454545454545454,0.233875928216082,0.46345900482621133,0.6882168164219447,0.2201848565528446,0.761329047653834,,,
1year.arff,10,EasyEnsemble,External ML baseline,formal_multiseed_10seed_full_with_tisngo_mcc_variants.csv,0.7409817709980596,0.5925925925925926,0.9265285996055228,0.2436548223350254,0.3453237410071942,0.2761795166858458,0.4606525911708253,0.3428216069120593,0.5730964849270702,0.7595605960990577,0.3764543552477053,0.8836352789344242,,,
1year.arff,10,ExtraTrees_balanced,External ML baseline,formal_multiseed_10seed_full_with_tisngo_mcc_variants.csv,0.6692185798993984,0.5432098765432098,0.8244575936883629,0.11,0.1829521829521829,0.130874479476502,0.3038674033149171,0.1802314864959932,0.43217092755638165,0.6838337351157864,0.1547421547002188,0.7463535198577933,,,
1year.arff,10,HistGB,External ML baseline,formal_multiseed_10seed_full_with_tisngo_mcc_variants.csv,0.766185806188546,0.5925925925925926,0.9906311637080868,0.7164179104477612,0.6486486486486487,0.6876790830945558,0.6138107416879796,0.6390670413381587,0.7212262774517906,0.7916118781503396,0.6334599860335526,0.9181033433170184,,,
1year.arff,10,INGO-KELM,Optimizer-KELM,formal_multiseed_10seed_full_with_tisngo_mcc_variants.csv,0.5551938335892946,0.3580246913580246,0.8609467455621301,0.0932475884244373,0.1479591836734693,0.1094339622641509,0.2283464566929134,0.1186831090949911,0.33196532890267283,0.6094857184600774,0.1463724865401469,0.730854457350184,5.0,5.0,
1year.arff,10,LR_balanced,External ML baseline,formal_multiseed_10seed_full_with_tisngo_mcc_variants.csv,0.7205555711852786,0.691358024691358,0.7509861932938856,0.0998217468805704,0.1744548286604361,0.1204301075268817,0.3163841807909605,0.1923844343801258,0.46398253198175926,0.7211721089926217,0.163860081447785,0.7941169308690676,,,
1year.arff,10,MSBAINGO-KELM,Optimizer-KELM,formal_multiseed_10seed_full_with_tisngo_mcc_variants.csv,0.6159482224388232,0.419753086419753,0.903846153846154,0.148471615720524,0.2193548387096774,0.1705115346038114,0.3074141048824593,0.1998882713957114,0.4232775566481468,0.6617996201329535,0.1423160155209517,0.7944334867411791,15.0,15.0,
1year.arff,10,NGO-KELM,Optimizer-KELM,formal_multiseed_10seed_full_with_tisngo_mcc_variants.csv,0.6512854162373534,0.5185185185185185,0.8180473372781065,0.1021897810218978,0.1707317073170731,0.1217391304347826,0.2857142857142857,0.1632889461285236,0.4106764800588781,0.6682829278983125,0.1131252417228687,0.7117576156037695,7.0,7.0,
1year.arff,10,PBMSBAINGO-HGBKELM(F2-mode),Proposed hybrid optimized KELM,formal_multiseed_10seed_full_with_tisngo_mcc_variants.csv,0.7735475582480701,0.6049382716049383,0.9891518737672584,0.6901408450704225,0.6447368421052632,0.6712328767123288,0.620253164556962,0.6329910493608136,0.7235310988718829,0.7970450726860983,0.6160512276372521,0.8496420483599971,7.0,7.0,
1year.arff,10,PBMSBAINGO-HGBKELM(MCC-guarded),Proposed hybrid optimized KELM,formal_multiseed_10seed_full_with_tisngo_mcc_variants.csv,0.7735475582480701,0.6049382716049383,0.9891518737672584,0.6901408450704225,0.6447368421052632,0.6712328767123288,0.620253164556962,0.6329910493608136,0.7235310988718829,0.7970450726860983,0.6160512276372521,0.8496420483599971,,7.0,
1year.arff,10,PBMSBAINGO-HGBKELM(Sensitivity-mode),Proposed hybrid optimized KELM,formal_multiseed_10seed_full_with_tisngo_mcc_variants.csv,0.8280422280176459,0.7283950617283951,0.9413214990138068,0.3314606741573033,0.4555984555984556,0.3720050441361917,0.5876494023904383,0.4629844288558873,0.6821666000324207,0.8348582803711009,0.6359435509693592,0.9137933133659628,6.0,6.0,
1year.arff,10,PBMSBAINGO-HGBKELM(Triad-mode),Proposed hybrid optimized KELM,formal_pbmsbaingo_hgbkelm_triad_alpha005_10seed_complete.csv,0.8222026758164949,0.691358024691358,0.977810650887574,0.5544554455445545,0.6153846153846154,0.5773195876288659,0.6588235294117647,0.6022399296385831,0.7411551080432162,0.834584337789466,0.6886031001859803,0.906287286629167,4.0,4.0,0.05
1year.arff,10,PBMSBAINGO-KELM,Optimizer-KELM,formal_multiseed_10seed_full_with_tisngo_mcc_variants.csv,0.5569181186916274,0.3333333333333333,0.9304733727810652,0.1607142857142857,0.216867469879518,0.1792828685258964,0.274390243902439,0.1872383940757743,0.38725098769986227,0.6319033530571992,0.1436251227179517,0.7684332919375656,18.0,18.0,
1year.arff,10,RF_balanced,External ML baseline,formal_multiseed_10seed_full_with_tisngo_mcc_variants.csv,0.6974414836936214,0.5432098765432098,0.8954635108481263,0.171875,0.2611275964391691,0.1990950226244343,0.3793103448275862,0.2581428382140394,0.5007549034068124,0.719336693695668,0.2649784458297671,0.7984695741105998,,,
1year.arff,10,TIS_NGO-KELM,Optimizer-KELM,formal_multiseed_10seed_full_with_tisngo_mcc_variants.csv,0.6256270139947042,0.4444444444444444,0.8806706114398422,0.1294964028776978,0.2005571030640668,0.1508801341156747,0.2990033222591362,0.184691537441123,0.4165744799056106,0.6625575279421433,0.2027644750963212,0.7815399225655636,19.0,19.0,
2year.arff,1,BAINGO-KELM,Optimizer-KELM,formal_multiseed_10seed_full_with_tisngo_mcc_variants.csv,0.6297263313435836,0.55,0.7210095497953616,0.0746606334841629,0.1314741035856573,0.0902625820568927,0.2419354838709677,0.1161185032803681,0.3584278209218366,0.6355047748976808,0.0992245443820676,0.6764665757162347,5.0,5.0,
2year.arff,1,BalancedRF,External ML baseline,formal_multiseed_10seed_full_with_tisngo_mcc_variants.csv,0.6292567636341736,0.4833333333333333,0.8192360163710778,0.0986394557823129,0.1638418079096045,0.1173139158576051,0.2715355805243445,0.1491037351903537,0.38938698901126384,0.6512846748522055,0.1183726914758096,0.7573442473851751,,,
2year.arff,1,EasyEnsemble,External ML baseline,formal_multiseed_10seed_full_with_tisngo_mcc_variants.csv,0.6845846970002946,0.65,0.7210095497953616,0.0870535714285714,0.1535433070866141,0.105291576673866,0.2834302325581395,0.1583358695354446,0.42022113847131415,0.6855047748976808,0.1748570805522857,0.7499076284674852,,,
2year.arff,1,ExtraTrees_balanced,External ML baseline,formal_multiseed_10seed_full_with_tisngo_mcc_variants.csv,0.6268560435362107,0.5416666666666666,0.725443383356071,0.0747126436781609,0.1313131313131313,0.0902777777777777,0.2407407407407407,0.1149941732540842,0.35618078761598315,0.6335550250113688,0.0894417713336796,0.6923530582082765,,,
2year.arff,1,HistGB,External ML baseline,formal_multiseed_10seed_full_with_tisngo_mcc_variants.csv,0.7419570252892549,0.5916666666666667,0.9304229195088676,0.2581818181818182,0.3594936708860759,0.290983606557377,0.4701986754966887,0.3543752232949313,0.5799718981631292,0.7610447930877672,0.3718205805663382,0.8326156775807184,,,
2year.arff,1,INGO-KELM,Optimizer-KELM,formal_multiseed_10seed_full_with_tisngo_mcc_variants.csv,0.5793454932470802,0.4333333333333333,0.774556616643929,0.0729312762973352,0.1248499399759903,0.0874831763122476,0.2179379715004191,0.0954874344540976,0.3176438834072109,0.6039449749886312,0.0790203132032026,0.6607008867667121,24.0,24.0,
2year.arff,1,LR_balanced,External ML baseline,formal_multiseed_10seed_full_with_tisngo_mcc_variants.csv,0.6276195671384258,0.5916666666666667,0.6657571623465212,0.0675547098001903,0.121263877028181,0.0820999074930619,0.2318745917700849,0.1052922604933004,0.3461490413582694,0.6287119145065939,0.1044344350471329,0.6756593906321056,,,
2year.arff,1,MSBAINGO-KELM,Optimizer-KELM,formal_multiseed_10seed_full_with_tisngo_mcc_variants.csv,0.6273387347605508,0.55,0.7155525238744884,0.0733333333333333,0.1294117647058823,0.0887096774193548,0.2391304347826087,0.1131828567025194,0.35448262484288723,0.6327762619372442,0.0705003720985007,0.6946523988176444,10.0,10.0,
2year.arff,1,NGO-KELM,Optimizer-KELM,formal_multiseed_10seed_full_with_tisngo_mcc_variants.csv,0.6061188490038738,0.5083333333333333,0.7227148703956344,0.0697940503432494,0.1227364185110664,0.0843473451327433,0.225258493353028,0.0993323130249683,0.33169228950000534,0.6155241018644839,0.0805030423510726,0.6598524897680765,12.0,12.0,
2year.arff,1,PBMSBAINGO-HGBKELM(F2-mode),Proposed hybrid optimized KELM,formal_multiseed_10seed_full_with_tisngo_mcc_variants.csv,0.713937053539423,0.5416666666666666,0.9409959072305594,0.2731092436974789,0.3631284916201117,0.3031716417910448,0.4526462395543175,0.349836972100195,0.5628532570074517,0.741331286948613,0.3578164130787333,0.8091746248294681,5.0,5.0,
2year.arff,1,PBMSBAINGO-HGBKELM(MCC-guarded),Proposed hybrid optimized KELM,formal_multiseed_10seed_full_with_tisngo_mcc_variants.csv,0.7245139186875482,0.5666666666666667,0.9263301500682128,0.2394366197183098,0.3366336633663366,0.2707006369426751,0.4450261780104712,0.329818117207755,0.5573431375891879,0.7464984083674397,0.3601222964852486,0.797112323783538,,5.0,
2year.arff,1,PBMSBAINGO-HGBKELM(Sensitivity-mode),Proposed hybrid optimized KELM,formal_multiseed_10seed_full_with_tisngo_mcc_variants.csv,0.7447119167958408,0.6083333333333333,0.9116643929058664,0.2198795180722891,0.3230088495575221,0.2520718232044199,0.4495073891625615,0.3245791037879109,0.5646323035240661,0.7599988631195997,0.3715521836541375,0.8299255343337881,10.0,10.0,
2year.arff,1,PBMSBAINGO-HGBKELM(Triad-mode),Proposed hybrid optimized KELM,formal_pbmsbaingo_hgbkelm_triad_alpha005_10seed_complete.csv,0.7490501033300591,0.575,0.9757844474761256,0.4928571428571429,0.5307692307692308,0.5073529411764706,0.5564516129032258,0.51167543967047,0.6596882812545388,0.7753922237380627,0.5471135042739067,0.8559402000909505,6.0,6.0,0.05
2year.arff,1,PBMSBAINGO-KELM,Optimizer-KELM,formal_multiseed_10seed_full_with_tisngo_mcc_variants.csv,0.4972297060992615,0.275,0.8990450204638472,0.1003039513677811,0.1469933184855233,0.1149025069637883,0.2039555006180469,0.1090717895566665,0.29987633254802587,0.5870225102319235,0.0708586440809895,0.6426017507958162,18.0,18.0,
2year.arff,1,RF_balanced,External ML baseline,formal_multiseed_10seed_full_with_tisngo_mcc_variants.csv,0.6721346642015144,0.525,0.8605047748976807,0.1334745762711864,0.2128378378378378,0.1568725099601593,0.3308823529411764,0.2072151551478445,0.45405803753055585,0.6927523874488404,0.1573227474239318,0.7939475329695317,,,
2year.arff,1,TIS_NGO-KELM,Optimizer-KELM,formal_multiseed_10seed_full_with_tisngo_mcc_variants.csv,0.6035837342393267,0.4333333333333333,0.8407230559345157,0.1001926782273603,0.162754303599374,0.1183970856102003,0.2602602602602603,0.1417787893947149,0.37241637885942774,0.6370281946339245,0.084940887085382,0.6955420077307868,8.0,8.0,
2year.arff,2,BAINGO-KELM,Optimizer-KELM,formal_multiseed_10seed_full_with_tisngo_mcc_variants.csv,0.6167520804138898,0.5083333333333333,0.7482946793997272,0.0763454317897371,0.132752992383025,0.0919782870928829,0.2384675527756059,0.1134547495323462,0.35076369999299,0.6283140063665302,0.0723955142443452,0.6775807185084128,13.0,13.0,
2year.arff,2,BalancedRF,External ML baseline,formal_multiseed_10seed_full_with_tisngo_mcc_variants.csv,0.5986474827052567,0.4833333333333333,0.7414733969986358,0.071078431372549,0.1239316239316239,0.0856973995271867,0.2237654320987654,0.0987190429032013,0.3282825154183687,0.6124033651659846,0.0697691721213051,0.6643289563437926,,,
2year.arff,2,EasyEnsemble,External ML baseline,formal_multiseed_10seed_full_with_tisngo_mcc_variants.csv,0.6325094567071791,0.5,0.8001364256480218,0.0928792569659442,0.1566579634464752,0.1109467455621301,0.2664298401420959,0.1427996824528577,0.3851415991225101,0.650068212824011,0.1153554967931569,0.7115691791723511,,,
2year.arff,2,ExtraTrees_balanced,External ML baseline,formal_multiseed_10seed_full_with_tisngo_mcc_variants.csv,0.5626329361383396,0.4083333333333333,0.7752387448840382,0.0692090395480226,0.1183574879227053,0.0829945799457994,0.2062289562289562,0.0845247311517679,0.29909652498916844,0.5917860391086858,0.0766931303993906,0.6558208276489313,,,
2year.arff,2,HistGB,External ML baseline,formal_multiseed_10seed_full_with_tisngo_mcc_variants.csv,0.6626613422935272,0.5,0.8782401091405184,0.1438848920863309,0.2234636871508379,0.1677852348993288,0.334448160535117,0.2140335470887935,0.45466170220705593,0.6891200545702592,0.2380557134868376,0.7608984197362437,,,
2year.arff,2,INGO-KELM,Optimizer-KELM,formal_multiseed_10seed_full_with_tisngo_mcc_variants.csv,0.4519361108549298,0.2416666666666666,0.845156889495225,0.0600414078674948,0.0961857379767827,0.070662768031189,0.1505711318795431,0.0462332643561277,0.2113665289227543,0.5434117780809459,0.0621342982417355,0.6219830036380172,6.0,6.0,
2year.arff,2,LR_balanced,External ML baseline,formal_multiseed_10seed_full_with_tisngo_mcc_variants.csv,0.5686650555729099,0.4083333333333333,0.7919508867667121,0.0743550834597875,0.1258023106546855,0.0888969521044992,0.2151009657594381,0.094603081538442,0.31275633996885044,0.6001421100500227,0.0926041233839464,0.6276290359254206,,,
2year.arff,2,MSBAINGO-KELM,Optimizer-KELM,formal_multiseed_10seed_full_with_tisngo_mcc_variants.csv,0.5623853528761257,0.4083333333333333,0.774556616643929,0.0690140845070422,0.1180722891566265,0.0827702702702702,0.2058823529411764,0.0841278572310402,0.2985400559541752,0.5914449749886312,0.0777995184364762,0.6635032969531607,22.0,22.0,
2year.arff,2,NGO-KELM,Optimizer-KELM,formal_multiseed_10seed_full_with_tisngo_mcc_variants.csv,0.5388710344919841,0.3583333333333333,0.810368349249659,0.0717863105175292,0.1196105702364394,0.0854531001589825,0.1992585727525486,0.0825524249138605,0.2883366432832284,0.5843508412914962,0.0750382914641088,0.6421924738517507,28.0,28.0,
2year.arff,2,PBMSBAINGO-HGBKELM(F2-mode),Proposed hybrid optimized KELM,formal_multiseed_10seed_full_with_tisngo_mcc_variants.csv,0.6871332582531168,0.55,0.8584583901773534,0.1372141372141372,0.2196339434276206,0.1614481409001956,0.3433922996878252,0.2178697077605416,0.46855394269575595,0.7042291950886768,0.2351998635922229,0.7258654502046384,6.0,6.0,
2year.arff,2,PBMSBAINGO-HGBKELM(MCC-guarded),Proposed hybrid optimized KELM,formal_multiseed_10seed_full_with_tisngo_mcc_variants.csv,0.6657359066536164,0.4916666666666666,0.9014324693042292,0.1695402298850574,0.2521367521367521,0.1951058201058201,0.3562801932367149,0.2403708114910676,0.4740548172347356,0.6965495679854479,0.2334480987784329,0.7207892792178261,,6.0,
2year.arff,2,PBMSBAINGO-HGBKELM(Sensitivity-mode),Proposed hybrid optimized KELM,formal_multiseed_10seed_full_with_tisngo_mcc_variants.csv,0.699021599092747,0.5833333333333334,0.8376534788540245,0.1282051282051282,0.2102102102102102,0.1519097222222222,0.341130604288499,0.2134785492053505,0.4707371544112826,0.710493406093679,0.2407151812338819,0.767243633469759,9.0,9.0,
2year.arff,2,PBMSBAINGO-HGBKELM(Triad-mode),Proposed hybrid optimized KELM,formal_pbmsbaingo_hgbkelm_triad_alpha005_10seed_complete.csv,0.7261048723045154,0.5833333333333334,0.9038199181446112,0.1988636363636363,0.2966101694915254,0.2290575916230366,0.4206730769230769,0.2964046398867977,0.5386349956864588,0.7435766257389722,0.4123016042493861,0.771573726693952,7.0,7.0,0.05
2year.arff,2,PBMSBAINGO-KELM,Optimizer-KELM,formal_multiseed_10seed_full_with_tisngo_mcc_variants.csv,0.6167013866312052,0.4916666666666666,0.7735334242837654,0.0816044260027662,0.1399762752075919,0.097941567065073,0.2452202826267664,0.1212250527502605,0.35857560832574714,0.632600045475216,0.0804700421999493,0.6879718053660755,22.0,22.0,
2year.arff,2,RF_balanced,External ML baseline,formal_multiseed_10seed_full_with_tisngo_mcc_variants.csv,0.5529747162709385,0.3583333333333333,0.8533424283765347,0.0909090909090909,0.1450252951096121,0.106858846918489,0.2256033578174186,0.1136808980673966,0.3263618214127856,0.6058378808549341,0.0894163749977928,0.6956173260572986,,,
2year.arff,2,TIS_NGO-KELM,Optimizer-KELM,formal_multiseed_10seed_full_with_tisngo_mcc_variants.csv,0.6178754913274058,0.5083333333333333,0.7510231923601637,0.0771175726927939,0.1339187705817782,0.0928745432399512,0.2399685287175452,0.1150353353496999,0.35281285465641465,0.6296782628467485,0.0760970835241612,0.6780383128694862,19.0,19.0,
2year.arff,3,BAINGO-KELM,Optimizer-KELM,formal_multiseed_10seed_full_with_tisngo_mcc_variants.csv,0.5012943682669967,0.3,0.8376534788540245,0.0703125,0.1139240506329113,0.0830258302583025,0.1814516129032258,0.071599165210206,0.2620381572653038,0.5688267394270122,0.0884116232800872,0.6373493633469759,17.0,17.0,
2year.arff,3,BalancedRF,External ML baseline,formal_multiseed_10seed_full_with_tisngo_mcc_variants.csv,0.6570467537109317,0.525,0.822305593451569,0.1078767123287671,0.1789772727272727,0.128257328990228,0.2960526315789473,0.1715952977211074,0.41998390129370816,0.6736527967257845,0.1491956635762,0.745475216007276,,,
2year.arff,3,EasyEnsemble,External ML baseline,formal_multiseed_10seed_full_with_tisngo_mcc_variants.csv,0.6359712362754415,0.4416666666666666,0.9157571623465212,0.1766666666666666,0.2523809523809524,0.2007575757575757,0.3397435897435897,0.2333303684786608,0.45528366798730874,0.6787119145065938,0.1760482270726407,0.7686022055479763,,,
2year.arff,3,ExtraTrees_balanced,External ML baseline,formal_multiseed_10seed_full_with_tisngo_mcc_variants.csv,0.6188269499603839,0.4666666666666667,0.820600272851296,0.0962199312714776,0.1595441595441595,0.1143790849673202,0.263653483992467,0.1421177373818798,0.3789619218561199,0.6436334697589814,0.0927978561929095,0.711462596634834,,,
2year.arff,3,HistGB,External ML baseline,formal_multiseed_10seed_full_with_tisngo_mcc_variants.csv,0.720450158654329,0.55,0.943724420190996,0.2857142857142857,0.376068376068376,0.3160919540229885,0.4641350210970464,0.3627853002065428,0.5731731721784932,0.746862210095498,0.4376142801340128,0.8426557526148248,,,
2year.arff,3,INGO-KELM,Optimizer-KELM,formal_multiseed_10seed_full_with_tisngo_mcc_variants.csv,0.5958230575949548,0.4583333333333333,0.774556616643929,0.0768156424581005,0.131578947368421,0.0921581769436997,0.229933110367893,0.106814551979535,0.33596059750267665,0.6164449749886312,0.1018604972398385,0.6357548885857207,20.0,20.0,
2year.arff,3,LR_balanced,External ML baseline,formal_multiseed_10seed_full_with_tisngo_mcc_variants.csv,0.6519071611771091,0.5916666666666667,0.718281036834925,0.0791527313266443,0.1396263520157325,0.0957389428263214,0.2578068264342774,0.132233401646394,0.38303420468236504,0.6549738517507958,0.1368208967538085,0.7150039790814007,,,
2year.arff,3,MSBAINGO-KELM,Optimizer-KELM,formal_multiseed_10seed_full_with_tisngo_mcc_variants.csv,0.6681713351764146,0.55,0.8117326057298773,0.1067961165048543,0.1788617886178861,0.1273148148148148,0.3005464480874317,0.1749466933461983,0.4274583512464977,0.6808663028649387,0.1040962170755833,0.7293343565256936,13.0,13.0,
2year.arff,3,NGO-KELM,Optimizer-KELM,formal_multiseed_10seed_full_with_tisngo_mcc_variants.csv,0.5370403583727632,0.3416666666666667,0.8441336971350614,0.0823293172690763,0.1326860841423948,0.0970643939393939,0.2096114519427402,0.0977223828435658,0.30432383306681027,0.592900181900864,0.0829036376401566,0.62518758526603,32.0,32.0,
2year.arff,3,PBMSBAINGO-HGBKELM(F2-mode),Proposed hybrid optimized KELM,formal_multiseed_10seed_full_with_tisngo_mcc_variants.csv,0.7294186045626532,0.575,0.9253069577080492,0.2395833333333333,0.3382352941176471,0.2712264150943396,0.44921875,0.3326165735692599,0.5614346157748611,0.7501534788540245,0.4330936089432323,0.8218451568894951,15.0,15.0,
2year.arff,3,PBMSBAINGO-HGBKELM(MCC-guarded),Proposed hybrid optimized KELM,formal_multiseed_10seed_full_with_tisngo_mcc_variants.csv,0.7314283931565674,0.5833333333333334,0.9171214188267396,0.2236421725239616,0.3233256351039261,0.2551020408163265,0.4413619167717528,0.3206042230386978,0.5556111547524074,0.7502273760800364,0.433115129508861,0.8214756707594361,,15.0,
2year.arff,3,PBMSBAINGO-HGBKELM(Sensitivity-mode),Proposed hybrid optimized KELM,formal_multiseed_10seed_full_with_tisngo_mcc_variants.csv,0.749033028303671,0.625,0.897680763983629,0.2,0.303030303030303,0.2314814814814814,0.4385964912280701,0.3094349065573876,0.5578581043129788,0.7613403819918145,0.4313690589928028,0.7990535470668486,12.0,12.0,
2year.arff,3,PBMSBAINGO-HGBKELM(Triad-mode),Proposed hybrid optimized KELM,formal_pbmsbaingo_hgbkelm_triad_alpha005_10seed_complete.csv,0.7197594464506101,0.5333333333333333,0.971350613915416,0.4324324324324324,0.4776119402985074,0.449438202247191,0.5095541401273885,0.4566284152223911,0.6184613443248156,0.7523419736243747,0.5350151844187199,0.8368207139608914,18.0,18.0,0.05
2year.arff,3,PBMSBAINGO-KELM,Optimizer-KELM,formal_multiseed_10seed_full_with_tisngo_mcc_variants.csv,0.5751208426312876,0.4333333333333333,0.7633015006821282,0.0697050938337801,0.1200923787528868,0.0837628865979381,0.2120717781402936,0.0889270727534894,0.30868633432584386,0.5983174170077308,0.0597142976357245,0.619537289677126,18.0,18.0,
2year.arff,3,RF_balanced,External ML baseline,formal_multiseed_10seed_full_with_tisngo_mcc_variants.csv,0.7040554420529047,0.6416666666666667,0.7725102319236017,0.1034946236559139,0.1782407407407407,0.1243540051679586,0.3145424836601307,0.1874796386237393,0.45295592237621335,0.7070884492951341,0.1585305179819306,0.7765944747612551,,,
2year.arff,3,TIS_NGO-KELM,Optimizer-KELM,formal_multiseed_10seed_full_with_tisngo_mcc_variants.csv,0.5416487386405893,0.3833333333333333,0.7653478854024557,0.0626702997275204,0.1077283372365339,0.075261780104712,0.1894563426688632,0.067612029545363,0.2706988941493068,0.5743406093678946,0.0643045064453362,0.5956144838562983,13.0,13.0,
2year.arff,4,BAINGO-KELM,Optimizer-KELM,formal_multiseed_10seed_full_with_tisngo_mcc_variants.csv,0.61690413676753,0.4166666666666667,0.9133697135061392,0.1644736842105263,0.2358490566037736,0.187125748502994,0.3188775510204081,0.2141851048011338,0.4335856264460565,0.665018190086403,0.1206343150992454,0.7166126648476582,19.0,19.0,
2year.arff,4,BalancedRF,External ML baseline,formal_multiseed_10seed_full_with_tisngo_mcc_variants.csv,0.6710682063077145,0.525,0.8577762619372442,0.13125,0.21,0.1544117647058823,0.328125,0.2043438173314456,0.45147282003538297,0.6913881309686221,0.2090232847506043,0.7541325602546612,,,
2year.arff,4,EasyEnsemble,External ML baseline,formal_multiseed_10seed_full_with_tisngo_mcc_variants.csv,0.587481192794477,0.3583333333333333,0.9631650750341064,0.2847682119205298,0.3173431734317343,0.2969613259668508,0.340729001584786,0.2881304086453971,0.463296490463366,0.6607492041837199,0.2710163901233247,0.8055167121418826,,,
2year.arff,4,ExtraTrees_balanced,External ML baseline,formal_multiseed_10seed_full_with_tisngo_mcc_variants.csv,0.614388081647419,0.475,0.7946793997271487,0.08649468892261,0.1463414634146341,0.103410740203193,0.2502194907813871,0.1273814893099496,0.3636335638168806,0.6348396998635744,0.0910582869603729,0.6941706457480673,,,
2year.arff,4,HistGB,External ML baseline,formal_multiseed_10seed_full_with_tisngo_mcc_variants.csv,0.6486882030069049,0.425,0.9901091405184176,0.6375,0.51,0.5795454545454546,0.4553571428571428,0.5049699171467872,0.5967317816522678,0.7075545702592088,0.4881198861101427,0.8445259208731243,,,
2year.arff,4,INGO-KELM,Optimizer-KELM,formal_multiseed_10seed_full_with_tisngo_mcc_variants.csv,0.4784849184557771,0.275,0.832537517053206,0.0629770992366412,0.1024844720496894,0.0744584837545126,0.1643426294820717,0.0554215199804139,0.23324104574167986,0.553768758526603,0.0559719523003379,0.5759890859481582,5.0,5.0,
2year.arff,4,LR_balanced,External ML baseline,formal_multiseed_10seed_full_with_tisngo_mcc_variants.csv,0.6796847435494748,0.5833333333333334,0.7919508867667121,0.1029411764705882,0.175,0.1232394366197183,0.3017241379310345,0.1752754581375586,0.43262543746015814,0.6876421100500227,0.1116795784583692,0.7323783537971804,,,
2year.arff,4,MSBAINGO-KELM,Optimizer-KELM,formal_multiseed_10seed_full_with_tisngo_mcc_variants.csv,0.5392717370366541,0.3333333333333333,0.8724420190995907,0.0966183574879227,0.149812734082397,0.1126126126126126,0.2237136465324384,0.1167961141889363,0.32385298509595045,0.602887676216462,0.0850427623532122,0.6861385857207822,13.0,13.0,
2year.arff,4,NGO-KELM,Optimizer-KELM,formal_multiseed_10seed_full_with_tisngo_mcc_variants.csv,0.5633069221079839,0.4333333333333333,0.7322646657571623,0.062126642771804,0.1086729362591431,0.0749711649365628,0.1974183750949126,0.0721403253539981,0.28393750223158465,0.5827989995452478,0.0701836008283087,0.6219133697135061,18.0,18.0,
2year.arff,4,PBMSBAINGO-HGBKELM(F2-mode),Proposed hybrid optimized KELM,formal_multiseed_10seed_full_with_tisngo_mcc_variants.csv,0.6700403495550343,0.4583333333333333,0.9795361527967258,0.4782608695652174,0.4680851063829787,0.4741379310344827,0.4621848739495798,0.4469062147572676,0.5854270279597965,0.7189347430650296,0.4669384059435698,0.7774783992723966,11.0,11.0,
2year.arff,4,PBMSBAINGO-HGBKELM(MCC-guarded),Proposed hybrid optimized KELM,formal_multiseed_10seed_full_with_tisngo_mcc_variants.csv,0.6485764661697988,0.425,0.9897680763983628,0.6296296296296297,0.5074626865671642,0.5743243243243243,0.4545454545454545,0.5015151918623434,0.5952994597963378,0.7073840381991814,0.4689348485138819,0.7825375170532061,,11.0,
2year.arff,4,PBMSBAINGO-HGBKELM(Sensitivity-mode),Proposed hybrid optimized KELM,formal_multiseed_10seed_full_with_tisngo_mcc_variants.csv,0.6765748475440397,0.4666666666666667,0.980900409276944,0.5,0.4827586206896552,0.4929577464788732,0.4729729729729729,0.4626452001443118,0.5960644935689399,0.7237835379718054,0.4870199379365404,0.8344673715325147,6.0,6.0,
2year.arff,4,PBMSBAINGO-HGBKELM(Triad-mode),Proposed hybrid optimized KELM,formal_pbmsbaingo_hgbkelm_triad_alpha005_10seed_complete.csv,0.7572298189029164,0.6,0.955661664392906,0.3564356435643564,0.4472049689440994,0.3879310344827586,0.5278592375366569,0.4343951089843439,0.6291875406731904,0.7778308321964529,0.5320656915653276,0.856286948613006,7.0,7.0,0.05
2year.arff,4,PBMSBAINGO-KELM,Optimizer-KELM,formal_multiseed_10seed_full_with_tisngo_mcc_variants.csv,0.6070161629651676,0.425,0.8669849931787176,0.1156462585034013,0.1818181818181818,0.1353503184713375,0.2768729641693811,0.1614025554195417,0.3903345304102071,0.6459924965893588,0.1040144448786182,0.7007702364711232,18.0,18.0,
2year.arff,4,RF_balanced,External ML baseline,formal_multiseed_10seed_full_with_tisngo_mcc_variants.csv,0.6360896556482722,0.4416666666666666,0.9160982264665756,0.177257525083612,0.2529832935560859,0.2013677811550152,0.3401797175866495,0.2339007572781218,0.45571091554340093,0.6788824465666212,0.2843929398676451,0.7772481809913596,,,
2year.arff,4,TIS_NGO-KELM,Optimizer-KELM,formal_multiseed_10seed_full_with_tisngo_mcc_variants.csv,0.6044001720594129,0.4083333333333333,0.8946111869031378,0.1368715083798882,0.205020920502092,0.157860824742268,0.29236276849642,0.1829765346060385,0.40583377294718753,0.6514722601182356,0.1227847679886843,0.7378097999090496,19.0,19.0,
2year.arff,5,BAINGO-KELM,Optimizer-KELM,formal_multiseed_10seed_full_with_tisngo_mcc_variants.csv,0.3920538612290319,0.1666666666666666,0.922237380627558,0.0806451612903225,0.108695652173913,0.0899280575539568,0.1373626373626373,0.0632381699396825,0.21341433526204698,0.5444520236471123,0.0629283889715599,0.6439091632560254,12.0,12.0,
2year.arff,5,BalancedRF,External ML baseline,formal_multiseed_10seed_full_with_tisngo_mcc_variants.csv,0.4935233094140239,0.2666666666666666,0.9133697135061392,0.1118881118881118,0.1576354679802955,0.1265822784810126,0.2088772845953002,0.1200670316504049,0.30809149125099994,0.5900181900864029,0.1195570222180405,0.70337511368804,,,
2year.arff,5,EasyEnsemble,External ML baseline,formal_multiseed_10seed_full_with_tisngo_mcc_variants.csv,0.5589407249163245,0.3333333333333333,0.937244201909959,0.1785714285714285,0.2325581395348837,0.1968503937007874,0.2840909090909091,0.2016511163601094,0.39790315201245063,0.6352887676216462,0.1526412570597414,0.7616388130968622,,,
2year.arff,5,ExtraTrees_balanced,External ML baseline,formal_multiseed_10seed_full_with_tisngo_mcc_variants.csv,0.5767198018771481,0.4,0.8315143246930423,0.088560885608856,0.1450151057401812,0.1048951048951049,0.2348336594911937,0.1177372722132774,0.33958453103580233,0.6157571623465212,0.086740285174527,0.6802708617553432,,,
2year.arff,5,HistGB,External ML baseline,formal_multiseed_10seed_full_with_tisngo_mcc_variants.csv,0.5607125736670293,0.3166666666666666,0.992837653478854,0.6440677966101694,0.4245810055865922,0.5337078651685393,0.3525046382189239,0.4368777805090438,0.5159570081056016,0.6547521600727604,0.4256548888633645,0.8464742496589359,,,
2year.arff,5,INGO-KELM,Optimizer-KELM,formal_multiseed_10seed_full_with_tisngo_mcc_variants.csv,0.5450853219318411,0.35,0.8489085948158254,0.0865979381443299,0.1388429752066115,0.1019417475728155,0.2176165803108808,0.1057407415416469,0.3155419527777909,0.5994542974079127,0.0758305195085703,0.6552538085493406,4.0,4.0,
2year.arff,5,LR_balanced,External ML baseline,formal_multiseed_10seed_full_with_tisngo_mcc_variants.csv,0.6694462291713243,0.6,0.7469304229195088,0.0884520884520884,0.1541755888650963,0.1066350710900474,0.2782071097372488,0.1524659092233078,0.40882243042406025,0.6734652114597544,0.1172676856213227,0.710644042746703,,,
2year.arff,5,MSBAINGO-KELM,Optimizer-KELM,formal_multiseed_10seed_full_with_tisngo_mcc_variants.csv,0.3513114519109036,0.1333333333333333,0.9256480218281036,0.0683760683760683,0.0903954802259887,0.0757575757575757,0.1120448179271708,0.0430832968855155,0.17454115594388914,0.5294906775807185,0.0767959761271798,0.6606156207366984,6.0,6.0,
2year.arff,5,NGO-KELM,Optimizer-KELM,formal_multiseed_10seed_full_with_tisngo_mcc_variants.csv,0.6084799420911421,0.4833333333333333,0.7660300136425648,0.0779569892473118,0.1342592592592592,0.0936692506459948,0.2369281045751634,0.1128758033974663,0.34702795631096994,0.6246816734879491,0.067595292999016,0.6657656889495225,17.0,17.0,
2year.arff,5,PBMSBAINGO-HGBKELM(F2-mode),Proposed hybrid optimized KELM,formal_multiseed_10seed_full_with_tisngo_mcc_variants.csv,0.5606162561238182,0.3166666666666666,0.9924965893587996,0.6333333333333333,0.4222222222222222,0.5277777777777778,0.3518518518518518,0.4328167491356643,0.5142944181592652,0.654581628012733,0.414755006087855,0.810175079581628,9.0,9.0,
2year.arff,5,PBMSBAINGO-HGBKELM(MCC-guarded),Proposed hybrid optimized KELM,formal_multiseed_10seed_full_with_tisngo_mcc_variants.csv,0.5605199220297787,0.3166666666666666,0.9921555252387448,0.6229508196721312,0.4198895027624309,0.521978021978022,0.3512014787430684,0.4288525364851501,0.5126607040880327,0.6544110959527057,0.408429132324788,0.8039364483856298,,9.0,
2year.arff,5,PBMSBAINGO-HGBKELM(Sensitivity-mode),Proposed hybrid optimized KELM,formal_multiseed_10seed_full_with_tisngo_mcc_variants.csv,0.5605199220297787,0.3166666666666666,0.9921555252387448,0.6229508196721312,0.4198895027624309,0.521978021978022,0.3512014787430684,0.4288525364851501,0.5126607040880327,0.6544110959527057,0.3952571293213373,0.7886084583901775,4.0,4.0,
2year.arff,5,PBMSBAINGO-HGBKELM(Triad-mode),Proposed hybrid optimized KELM,formal_pbmsbaingo_hgbkelm_triad_alpha005_10seed_complete.csv,0.7436023939152369,0.5666666666666667,0.9757844474761256,0.4892086330935252,0.525096525096525,0.5029585798816568,0.5492730210016155,0.5056564706806891,0.6539015636346921,0.7712255570713961,0.5200260802594311,0.8033992723965437,17.0,17.0,0.05
2year.arff,5,PBMSBAINGO-KELM,Optimizer-KELM,formal_multiseed_10seed_full_with_tisngo_mcc_variants.csv,0.607928515938455,0.45,0.8212824010914052,0.0934256055363321,0.154727793696275,0.1110197368421052,0.2551984877126654,0.134564486925049,0.36774363400289717,0.6356412005457026,0.0834052808187926,0.6865080718508413,10.0,10.0,
2year.arff,5,RF_balanced,External ML baseline,formal_multiseed_10seed_full_with_tisngo_mcc_variants.csv,0.5606086514024602,0.3416666666666667,0.919849931787176,0.1485507246376811,0.207070707070707,0.1674836601307189,0.2711640211640211,0.1772179028094792,0.3818936126548711,0.6307582992269214,0.1448120937099092,0.7531036834924967,,,
2year.arff,5,TIS_NGO-KELM,Optimizer-KELM,formal_multiseed_10seed_full_with_tisngo_mcc_variants.csv,0.5388235631414544,0.375,0.7742155525238745,0.0636492220650636,0.1088270858524788,0.0763229308005427,0.18955349620893,0.068739373084256,0.2712478109432609,0.5746077762619373,0.0600307776270673,0.6456144838562983,10.0,10.0,
2year.arff,6,BAINGO-KELM,Optimizer-KELM,formal_multiseed_10seed_full_with_tisngo_mcc_variants.csv,0.6875426316932167,0.6,0.7878581173260573,0.1037463976945245,0.1769041769041769,0.1243093922651933,0.3066439522998296,0.1798431312465594,0.43970800612930927,0.6939290586630287,0.0966371359331035,0.7565114824920418,10.0,10.0,
2year.arff,6,BalancedRF,External ML baseline,formal_multiseed_10seed_full_with_tisngo_mcc_variants.csv,0.6176960669334457,0.45,0.8478854024556617,0.108,0.1741935483870967,0.1273584905660377,0.2755102040816326,0.1564215159211874,0.39079475013001563,0.6489427012278308,0.187691751155204,0.7611869031377899,,,
2year.arff,6,EasyEnsemble,External ML baseline,formal_multiseed_10seed_full_with_tisngo_mcc_variants.csv,0.7181663085584857,0.6833333333333333,0.754774897680764,0.1023720349563046,0.1780673181324647,0.1233453670276775,0.3200624512099922,0.1935307648936111,0.46387399074500535,0.7190541155070487,0.2188116736147321,0.7829453728967712,,,
2year.arff,6,ExtraTrees_balanced,External ML baseline,formal_multiseed_10seed_full_with_tisngo_mcc_variants.csv,0.6465860779214874,0.5416666666666666,0.7718281036834925,0.0885558583106267,0.1522248243559719,0.106348167539267,0.2677100494233937,0.1425601555829168,0.39061623203918455,0.6567473851750796,0.1060241983677175,0.7218849477035016,,,
2year.arff,6,HistGB,External ML baseline,formal_multiseed_10seed_full_with_tisngo_mcc_variants.csv,0.74854337859048,0.725,0.7728512960436562,0.1155378486055776,0.1993127147766323,0.1388888888888889,0.3527980535279805,0.2244425913637634,0.501010014403468,0.748925648021828,0.4028375987355808,0.8295375738972262,,,
2year.arff,6,INGO-KELM,Optimizer-KELM,formal_multiseed_10seed_full_with_tisngo_mcc_variants.csv,0.5437096359807312,0.3916666666666666,0.754774897680764,0.0613577023498694,0.1060948081264108,0.0738065326633165,0.1886035313001605,0.0656424024899063,0.2687238270103713,0.5732207821737153,0.0960429511693498,0.6590893587994543,7.0,7.0,
2year.arff,6,LR_balanced,External ML baseline,formal_multiseed_10seed_full_with_tisngo_mcc_variants.csv,0.6128317516236329,0.45,0.8345839017735335,0.1001855287569573,0.1638846737481032,0.1186291739894551,0.2649656526005888,0.1450415086970383,0.3790748239136104,0.6422919508867667,0.0913406239082326,0.6913568667576171,,,
2year.arff,6,MSBAINGO-KELM,Optimizer-KELM,formal_multiseed_10seed_full_with_tisngo_mcc_variants.csv,0.6288591632498283,0.5,0.7909276944065484,0.0891530460624071,0.1513240857503152,0.1066856330014224,0.2601908065915004,0.1363807008988829,0.37782141340899295,0.6454638472032742,0.0990153137152966,0.7220696907685312,15.0,15.0,
2year.arff,6,NGO-KELM,Optimizer-KELM,formal_multiseed_10seed_full_with_tisngo_mcc_variants.csv,0.6070934151627491,0.475,0.7759208731241474,0.0798319327731092,0.1366906474820144,0.095766129032258,0.2386934673366834,0.1151961691292291,0.34885880902278893,0.6254604365620737,0.0848366831996704,0.6745964074579354,28.0,28.0,
2year.arff,6,PBMSBAINGO-HGBKELM(F2-mode),Proposed hybrid optimized KELM,formal_multiseed_10seed_full_with_tisngo_mcc_variants.csv,0.7365591130159229,0.6666666666666666,0.8137789904502046,0.1277955271565495,0.2144772117962466,0.1524390243902439,0.3616636528028933,0.2312513693932945,0.500610370969235,0.7402228285584356,0.3913565941871252,0.7937968963165075,14.0,14.0,
2year.arff,6,PBMSBAINGO-HGBKELM(MCC-guarded),Proposed hybrid optimized KELM,formal_multiseed_10seed_full_with_tisngo_mcc_variants.csv,0.6861087560309366,0.525,0.8966575716234653,0.1721311475409836,0.2592592592592592,0.1988636363636363,0.3723404255319149,0.2522545232379135,0.4915204919101588,0.7108287858117326,0.3913565941871252,0.7937968963165076,,14.0,
2year.arff,6,PBMSBAINGO-HGBKELM(Sensitivity-mode),Proposed hybrid optimized KELM,formal_multiseed_10seed_full_with_tisngo_mcc_variants.csv,0.7251746273203031,0.625,0.8414051841746248,0.1388888888888889,0.2272727272727272,0.1644736842105263,0.3676470588235294,0.237535911792848,0.4998865972900525,0.7332025920873124,0.3850085287081577,0.7829368462937699,15.0,15.0,
2year.arff,6,PBMSBAINGO-HGBKELM(Triad-mode),Proposed hybrid optimized KELM,formal_pbmsbaingo_hgbkelm_triad_alpha005_10seed_complete.csv,0.703797033068663,0.5083333333333333,0.9744201909959072,0.4485294117647059,0.4765625,0.4593373493975903,0.4951298701298701,0.4547103556556326,0.6084289955534644,0.7413767621646203,0.4821638481136601,0.8567843337880856,4.0,4.0,0.05
2year.arff,6,PBMSBAINGO-KELM,Optimizer-KELM,formal_multiseed_10seed_full_with_tisngo_mcc_variants.csv,0.1289893199325514,0.0166666666666666,0.9982946793997272,0.2857142857142857,0.0314960629921259,0.0675675675675675,0.0205338809034907,0.0607855857565985,0.10037742198161251,0.5074806730331969,0.0671135010122946,0.5405582082764893,23.0,23.0,
2year.arff,6,RF_balanced,External ML baseline,formal_multiseed_10seed_full_with_tisngo_mcc_variants.csv,0.7057710524920231,0.6333333333333333,0.786493860845839,0.1082621082621082,0.1849148418491484,0.1297814207650273,0.3214890016920473,0.1938834259899739,0.4587993452957532,0.7099135970895862,0.2465023167347502,0.799963051386994,,,
2year.arff,6,TIS_NGO-KELM,Optimizer-KELM,formal_multiseed_10seed_full_with_tisngo_mcc_variants.csv,0.1289672836600864,0.0166666666666666,0.9979536152796724,0.25,0.03125,0.0657894736842105,0.0204918032786885,0.0555726409927053,0.09741071114890172,0.5073101409731696,0.082437657112555,0.6563267394270124,28.0,28.0,
2year.arff,7,BAINGO-KELM,Optimizer-KELM,formal_multiseed_10seed_full_with_tisngo_mcc_variants.csv,0.5776849250840767,0.4333333333333333,0.7701227830832197,0.071625344352617,0.1229314420803782,0.0859788359788359,0.2155887230514096,0.0928688763390562,0.3141116807856961,0.6017280582082765,0.0664646702709402,0.6337767166894044,23.0,23.0,
2year.arff,7,BalancedRF,External ML baseline,formal_multiseed_10seed_full_with_tisngo_mcc_variants.csv,0.645175716623464,0.55,0.7568212824010914,0.0847240051347881,0.1468298109010011,0.1019777503090234,0.2621127879269261,0.1367696199440444,0.3846938309942826,0.6534106412005457,0.158081439925132,0.7046796839472489,,,
2year.arff,7,EasyEnsemble,External ML baseline,formal_multiseed_10seed_full_with_tisngo_mcc_variants.csv,0.683753849690664,0.5666666666666667,0.8250341064120055,0.1170395869191049,0.1940085592011412,0.1391162029459901,0.3204524033930254,0.1939110668762206,0.449228590268173,0.6958503865393361,0.1668555476525349,0.7477461346066394,,,
2year.arff,7,ExtraTrees_balanced,External ML baseline,formal_multiseed_10seed_full_with_tisngo_mcc_variants.csv,0.631213993070297,0.55,0.7244201909959073,0.0755148741418764,0.1327967806841046,0.0912610619469026,0.2437223042836041,0.1179788107954871,0.36089905930684296,0.6372100954979536,0.1028492296326473,0.6773362892223738,,,
2year.arff,7,HistGB,External ML baseline,formal_multiseed_10seed_full_with_tisngo_mcc_variants.csv,0.5474578481471917,0.3083333333333333,0.9720327421555252,0.3109243697478991,0.309623430962343,0.3104026845637584,0.3088480801335559,0.2814936201506807,0.43858789680862686,0.6401830377444293,0.3141002813994774,0.7816848567530695,,,
2year.arff,7,INGO-KELM,Optimizer-KELM,formal_multiseed_10seed_full_with_tisngo_mcc_variants.csv,0.419950678149491,0.2083333333333333,0.8465211459754434,0.0526315789473684,0.0840336134453781,0.0618811881188118,0.1308900523560209,0.0294090292234324,0.17309814783409658,0.5274272396543883,0.0580486847739856,0.5965353569804457,8.0,8.0,
2year.arff,7,LR_balanced,External ML baseline,formal_multiseed_10seed_full_with_tisngo_mcc_variants.csv,0.6649328009894998,0.5916666666666667,0.7472714870395635,0.0874384236453202,0.1523605150214592,0.1054038004750593,0.2747678018575851,0.149070271217987,0.4039387513227577,0.6694690768531151,0.1297361680162666,0.7033680081855389,,,
2year.arff,7,MSBAINGO-KELM,Optimizer-KELM,formal_multiseed_10seed_full_with_tisngo_mcc_variants.csv,0.5078846266597085,0.3,0.8598226466575716,0.0805369127516778,0.1269841269841269,0.0943396226415094,0.1941747572815534,0.0878523329676669,0.2829835200157123,0.5799113233287858,0.0762456342842197,0.6728228740336516,7.0,7.0,
2year.arff,7,NGO-KELM,Optimizer-KELM,formal_multiseed_10seed_full_with_tisngo_mcc_variants.csv,0.5291953788316822,0.35,0.8001364256480218,0.0668789808917197,0.1122994652406417,0.0797872340425532,0.1895306859205776,0.0721792805074926,0.27240487672823266,0.5750682128240109,0.065901801129704,0.645068781264211,41.0,41.0,
2year.arff,7,PBMSBAINGO-HGBKELM(F2-mode),Proposed hybrid optimized KELM,formal_multiseed_10seed_full_with_tisngo_mcc_variants.csv,0.6433758382968926,0.45,0.919849931787176,0.1868512110726643,0.2640586797066014,0.2115987460815047,0.3511053315994798,0.2455041201977104,0.46665518230471614,0.684924965893588,0.2980250344995218,0.7206883810823101,5.0,5.0,
2year.arff,7,PBMSBAINGO-HGBKELM(MCC-guarded),Proposed hybrid optimized KELM,formal_multiseed_10seed_full_with_tisngo_mcc_variants.csv,0.6433758382968926,0.45,0.919849931787176,0.1868512110726643,0.2640586797066014,0.2115987460815047,0.3511053315994798,0.2455041201977104,0.46665518230471614,0.684924965893588,0.2980250344995218,0.7206883810823101,,5.0,
2year.arff,7,PBMSBAINGO-HGBKELM(Sensitivity-mode),Proposed hybrid optimized KELM,formal_multiseed_10seed_full_with_tisngo_mcc_variants.csv,0.6654177706214682,0.4833333333333333,0.9160982264665756,0.1907894736842105,0.2735849056603773,0.217065868263473,0.3698979591836734,0.2592207878774728,0.4859812779413452,0.6997157798999545,0.3154769759216048,0.7500198954070031,5.0,5.0,
2year.arff,7,PBMSBAINGO-HGBKELM(Triad-mode),Proposed hybrid optimized KELM,formal_pbmsbaingo_hgbkelm_triad_alpha005_10seed_complete.csv,0.7191471187766434,0.55,0.9403137789904502,0.2738589211618257,0.3656509695290859,0.3044280442804428,0.4576976421636616,0.3533521678102359,0.5674763280446182,0.7451568894952252,0.4454043244772898,0.8520236471123238,5.0,5.0,0.05
2year.arff,7,PBMSBAINGO-KELM,Optimizer-KELM,formal_multiseed_10seed_full_with_tisngo_mcc_variants.csv,0.6154765564516733,0.4916666666666666,0.7704638472032742,0.0806010928961748,0.1384976525821596,0.0967847769028871,0.2433993399339934,0.1193137929211082,0.35620873149943816,0.6310652569349704,0.0874704855921084,0.6846322191905413,9.0,9.0,
2year.arff,7,RF_balanced,External ML baseline,formal_multiseed_10seed_full_with_tisngo_mcc_variants.csv,0.64525500738593,0.475,0.8765347885402456,0.1360381861575179,0.2115027829313543,0.1586859688195991,0.3170189098998888,0.198521923764239,0.4356025505799947,0.6757673942701228,0.1997130068710417,0.7325943610732151,,,
2year.arff,7,TIS_NGO-KELM,Optimizer-KELM,formal_multiseed_10seed_full_with_tisngo_mcc_variants.csv,0.4614116928959041,0.2416666666666666,0.880968622100955,0.0767195767195767,0.1164658634538152,0.0888480392156862,0.168997668997669,0.0723538195922486,0.24881671474683922,0.5613176443838108,0.0713157585813369,0.6625454752160073,12.0,12.0,
2year.arff,8,BAINGO-KELM,Optimizer-KELM,formal_multiseed_10seed_full_with_tisngo_mcc_variants.csv,0.5970596438221536,0.4333333333333333,0.8226466575716235,0.0909090909090909,0.1502890173410404,0.1079734219269103,0.247148288973384,0.1274837325381332,0.3568590665882815,0.6279899954524784,0.0770318814282264,0.6720782173715325,24.0,24.0,
2year.arff,8,BalancedRF,External ML baseline,formal_multiseed_10seed_full_with_tisngo_mcc_variants.csv,0.6969713764500828,0.575,0.8448158253751705,0.1316793893129771,0.2142857142857142,0.1556859205776173,0.3436254980079681,0.2163601298569348,0.4719207132871832,0.7099079126875852,0.1767720193352631,0.7617411323328787,,,
2year.arff,8,EasyEnsemble,External ML baseline,formal_multiseed_10seed_full_with_tisngo_mcc_variants.csv,0.6646014510040369,0.4916666666666666,0.8983628922237381,0.165266106442577,0.2473794549266247,0.1905684754521963,0.3524492234169653,0.235861271276892,0.47053622988221555,0.6950147794452024,0.2304400594475399,0.7749644724874943,,,
2year.arff,8,ExtraTrees_balanced,External ML baseline,formal_multiseed_10seed_full_with_tisngo_mcc_variants.csv,0.6157327958235296,0.4666666666666667,0.8124147339699863,0.0924092409240924,0.1542699724517906,0.110062893081761,0.2578268876611418,0.1359687050810382,0.3721698418261168,0.6395407003183264,0.1024686157616422,0.710862892223738,,,
2year.arff,8,HistGB,External ML baseline,formal_multiseed_10seed_full_with_tisngo_mcc_variants.csv,0.7467528615875686,0.625,0.8922237380627558,0.1918158567774936,0.2935420743639921,0.2226840855106888,0.4305396096440873,0.300773963410047,0.551482001673051,0.7586118690313779,0.4425437032642065,0.8468323669849931,,,
2year.arff,8,INGO-KELM,Optimizer-KELM,formal_multiseed_10seed_full_with_tisngo_mcc_variants.csv,0.5335759310684399,0.35,0.8134379263301501,0.0713073005093378,0.1184767277856135,0.0848142164781906,0.19644527595884,0.0804888265995299,0.2840377209313473,0.581718963165075,0.0631327148028648,0.6790814006366532,12.0,12.0,
2year.arff,8,LR_balanced,External ML baseline,formal_multiseed_10seed_full_with_tisngo_mcc_variants.csv,0.6737796979730367,0.5583333333333333,0.8130968622100955,0.1089430894308943,0.182312925170068,0.1298449612403101,0.3059360730593607,0.1799635246891613,0.4339171120631531,0.6857150977717144,0.1321008230826326,0.7169906775807185,,,
2year.arff,8,MSBAINGO-KELM,Optimizer-KELM,formal_multiseed_10seed_full_with_tisngo_mcc_variants.csv,0.5181560337455868,0.3,0.8949522510231923,0.1046511627906976,0.1551724137931034,0.1203208556149732,0.2184466019417475,0.1198111698989646,0.318033456587125,0.5974761255115961,0.0782630969876432,0.6572191905411551,28.0,28.0,
2year.arff,8,NGO-KELM,Optimizer-KELM,formal_multiseed_10seed_full_with_tisngo_mcc_variants.csv,0.5204383449951944,0.35,0.7738744884038199,0.0595744680851063,0.1018181818181818,0.0714285714285714,0.1772151898734177,0.057121996278012,0.2491804602269249,0.5619372442019099,0.0570491184306978,0.606943497044111,20.0,20.0,
2year.arff,8,PBMSBAINGO-HGBKELM(F2-mode),Proposed hybrid optimized KELM,formal_multiseed_10seed_full_with_tisngo_mcc_variants.csv,0.6828137755747152,0.5,0.932469304229195,0.2325581395348837,0.3174603174603174,0.2604166666666667,0.4065040650406504,0.302137644943362,0.5203191332206732,0.7162346521145975,0.4093725269577356,0.7805380286493862,5.0,5.0,
2year.arff,8,PBMSBAINGO-HGBKELM(MCC-guarded),Proposed hybrid optimized KELM,formal_multiseed_10seed_full_with_tisngo_mcc_variants.csv,0.6828137755747152,0.5,0.932469304229195,0.2325581395348837,0.3174603174603174,0.2604166666666667,0.4065040650406504,0.302137644943362,0.5203191332206732,0.7162346521145975,0.4093725269577356,0.7805380286493862,,5.0,
2year.arff,8,PBMSBAINGO-HGBKELM(Sensitivity-mode),Proposed hybrid optimized KELM,formal_multiseed_10seed_full_with_tisngo_mcc_variants.csv,0.6925757789879357,0.5166666666666667,0.9283765347885402,0.2279411764705882,0.3163265306122449,0.2566225165562913,0.4122340425531915,0.3035763444880742,0.5260990389918543,0.7225216007276034,0.4122265638620579,0.7688054229195089,6.0,6.0,
2year.arff,8,PBMSBAINGO-HGBKELM(Triad-mode),Proposed hybrid optimized KELM,formal_pbmsbaingo_hgbkelm_triad_alpha005_10seed_complete.csv,0.7820170745360028,0.6833333333333333,0.8949522510231923,0.2102564102564102,0.3215686274509804,0.244047619047619,0.4712643678160919,0.3366500188846084,0.5904779774530831,0.7891427921782628,0.4777457702027858,0.8439972714870396,24.0,24.0,0.05
2year.arff,8,PBMSBAINGO-KELM,Optimizer-KELM,formal_multiseed_10seed_full_with_tisngo_mcc_variants.csv,0.5857903170835995,0.4416666666666666,0.776944065484311,0.0749646393210749,0.1281741233373639,0.0898914518317503,0.223251895534962,0.1007077641933074,0.32572351333345123,0.6093053660754888,0.0806456471982139,0.661300591177808,33.0,33.0,
2year.arff,8,RF_balanced,External ML baseline,formal_multiseed_10seed_full_with_tisngo_mcc_variants.csv,0.6506721609441577,0.4666666666666667,0.9072305593451568,0.1707317073170731,0.25,0.1955307262569832,0.3465346534653465,0.2346304511181487,0.46313003025861027,0.6869486130059117,0.2417165389509724,0.7770605957253297,,,
2year.arff,8,TIS_NGO-KELM,Optimizer-KELM,formal_multiseed_10seed_full_with_tisngo_mcc_variants.csv,0.5539222048303288,0.375,0.818212824010914,0.0778546712802768,0.1289398280802292,0.092516447368421,0.2126654064272211,0.0958395547435758,0.3086603036077131,0.596606412005457,0.0826184955067175,0.6723851750795817,18.0,18.0,
2year.arff,9,BAINGO-KELM,Optimizer-KELM,formal_multiseed_10seed_full_with_tisngo_mcc_variants.csv,0.5954962085729334,0.4666666666666667,0.7598908594815825,0.0736842105263157,0.1272727272727272,0.0886075949367088,0.2258064516129032,0.1018209153779352,0.3305204480809029,0.6132787630741245,0.0668400018059757,0.6497896771259664,12.0,12.0,
2year.arff,9,BalancedRF,External ML baseline,formal_multiseed_10seed_full_with_tisngo_mcc_variants.csv,0.6400140687403199,0.5,0.8192360163710778,0.1016949152542373,0.1690140845070422,0.1209677419354838,0.2803738317757009,0.1571138455603303,0.40074166663655214,0.659618008185539,0.1617558163369312,0.7588534561164165,,,
2year.arff,9,EasyEnsemble,External ML baseline,formal_multiseed_10seed_full_with_tisngo_mcc_variants.csv,0.6523778523295342,0.4916666666666666,0.8656207366984994,0.130242825607064,0.2059336823734729,0.1526915113871635,0.3161843515541265,0.1953161117997806,0.4364275543881362,0.678643701682583,0.1924661284132504,0.7648732378353797,,,
2year.arff,9,ExtraTrees_balanced,External ML baseline,formal_multiseed_10seed_full_with_tisngo_mcc_variants.csv,0.595644147865793,0.475,0.7469304229195088,0.0713391739674593,0.1240478781284004,0.085946924004825,0.2228303362001563,0.0981150119887002,0.32651495175062484,0.6109652114597544,0.0892904093962159,0.6465126193724421,,,
2year.arff,9,HistGB,External ML baseline,formal_multiseed_10seed_full_with_tisngo_mcc_variants.csv,0.661115473915058,0.4583333333333333,0.9536152796725784,0.2879581151832461,0.3536977491961415,0.3110859728506787,0.4098360655737705,0.3305521897103277,0.5247247641308419,0.7059743065029559,0.374836239504079,0.830418656207367,,,
2year.arff,9,INGO-KELM,Optimizer-KELM,formal_multiseed_10seed_full_with_tisngo_mcc_variants.csv,0.6158297234582619,0.525,0.7223738062755798,0.0718358038768529,0.1263791374122367,0.086824696802646,0.2321296978629329,0.1062421596223118,0.34282519190921357,0.6236869031377898,0.0790793244491335,0.6802211232378353,10.0,10.0,
2year.arff,9,LR_balanced,External ML baseline,formal_multiseed_10seed_full_with_tisngo_mcc_variants.csv,0.6038144250813612,0.5166666666666667,0.7056616643929059,0.067027027027027,0.1186602870813397,0.0811518324607329,0.2206405693950178,0.0940183884126629,0.32484280871669113,0.6111641655297864,0.0753833504254614,0.6182924056389268,,,
2year.arff,9,MSBAINGO-KELM,Optimizer-KELM,formal_multiseed_10seed_full_with_tisngo_mcc_variants.csv,0.0908032218719095,0.0083333333333333,0.9894270122783084,0.03125,0.0131578947368421,0.0201612903225806,0.009765625,-0.0042734157946636,0.0,0.4988801728058208,0.0491020161657202,0.5413028649386085,9.0,9.0,
2year.arff,9,NGO-KELM,Optimizer-KELM,formal_multiseed_10seed_full_with_tisngo_mcc_variants.csv,0.0,0.0,0.9931787175989086,0.0,0.0,0.0,0.0,-0.016430812487147,0.0,0.4965893587994543,0.0496603225912091,0.5794253069577081,13.0,13.0,
2year.arff,9,PBMSBAINGO-HGBKELM(F2-mode),Proposed hybrid optimized KELM,formal_multiseed_10seed_full_with_tisngo_mcc_variants.csv,0.6366300830661772,0.4166666666666667,0.9727148703956344,0.3846153846153846,0.4,0.390625,0.4098360655737705,0.3747452866236147,0.5335439064429984,0.6946907685311505,0.3762819410697777,0.8099505457025922,5.0,5.0,
2year.arff,9,PBMSBAINGO-HGBKELM(MCC-guarded),Proposed hybrid optimized KELM,formal_multiseed_10seed_full_with_tisngo_mcc_variants.csv,0.6366300830661772,0.4166666666666667,0.9727148703956344,0.3846153846153846,0.4,0.390625,0.4098360655737705,0.3747452866236147,0.5335439064429984,0.6946907685311505,0.3762819410697777,0.8099505457025922,,5.0,
2year.arff,9,PBMSBAINGO-HGBKELM(Sensitivity-mode),Proposed hybrid optimized KELM,formal_multiseed_10seed_full_with_tisngo_mcc_variants.csv,0.6689238165184385,0.475,0.942019099590723,0.2511013215859031,0.3285302593659942,0.2772373540856031,0.4031117397454031,0.3088918128883797,0.5170349548524982,0.7085095497953615,0.3729659257335675,0.812880854934061,10.0,10.0,
2year.arff,9,PBMSBAINGO-HGBKELM(Triad-mode),Proposed hybrid optimized KELM,formal_pbmsbaingo_hgbkelm_triad_alpha005_10seed_complete.csv,0.762414309813899,0.6333333333333333,0.9178035470668484,0.2397476340694006,0.3478260869565217,0.2737752161383285,0.4767879548306148,0.3510943036009039,0.5887559200689759,0.7755684402000909,0.5423902295553427,0.84956230104593,6.0,6.0,0.05
2year.arff,9,PBMSBAINGO-KELM,Optimizer-KELM,formal_multiseed_10seed_full_with_tisngo_mcc_variants.csv,0.0906936033869867,0.0083333333333333,0.9870395634379264,0.0256410256410256,0.0125786163522012,0.0181159420289855,0.0096339113680154,-0.0080066330550438,0.0,0.4976864483856298,0.0481066315055468,0.5329439517962711,15.0,15.0,
2year.arff,9,RF_balanced,External ML baseline,formal_multiseed_10seed_full_with_tisngo_mcc_variants.csv,0.7037445321494448,0.6083333333333333,0.8141200545702592,0.1181229773462783,0.1978319783197832,0.1408179012345679,0.3324225865209472,0.2043134131011184,0.46598898247673864,0.7112266939517962,0.2344136341473315,0.7883043428831287,,,
2year.arff,9,TIS_NGO-KELM,Optimizer-KELM,formal_multiseed_10seed_full_with_tisngo_mcc_variants.csv,0.0,0.0,0.992837653478854,0.0,0.0,0.0,0.0,-0.0168393498266942,0.0,0.496418826739427,0.0451932318257251,0.5425306957708049,9.0,9.0,
2year.arff,10,BAINGO-KELM,Optimizer-KELM,formal_multiseed_10seed_full_with_tisngo_mcc_variants.csv,0.5873941033507274,0.3666666666666666,0.9409959072305594,0.2027649769585253,0.2611275964391691,0.2226720647773279,0.315638450502152,0.2326702607164124,0.43138662962945024,0.653831286948613,0.2147858393739768,0.6811448385629832,8.0,8.0,
2year.arff,10,BalancedRF,External ML baseline,formal_multiseed_10seed_full_with_tisngo_mcc_variants.csv,0.6653366109127227,0.5833333333333334,0.7588676671214188,0.09009009009009,0.1560758082497212,0.1084262701363073,0.2784407319013524,0.1526696363098829,0.40732885034284816,0.6711005002273761,0.158348668873144,0.7287474420190996,,,
2year.arff,10,EasyEnsemble,External ML baseline,formal_multiseed_10seed_full_with_tisngo_mcc_variants.csv,0.6878422708300939,0.5416666666666666,0.8734652114597544,0.1490825688073394,0.2338129496402877,0.1743562231759656,0.3548034934497817,0.2305666958011768,0.47781315192775375,0.7075659390632105,0.2063648636911144,0.7921967371532516,,,
2year.arff,10,ExtraTrees_balanced,External ML baseline,formal_multiseed_10seed_full_with_tisngo_mcc_variants.csv,0.6466673933320812,0.5583333333333333,0.7489768076398363,0.0834371108343711,0.1451787648970747,0.1005402160864345,0.2611067809820732,0.1356428785166838,0.38422560931566263,0.6536550704865849,0.1141117018429604,0.7058833560709414,,,
2year.arff,10,HistGB,External ML baseline,formal_multiseed_10seed_full_with_tisngo_mcc_variants.csv,0.7132858590280647,0.5333333333333333,0.953956343792633,0.321608040201005,0.4012539184952978,0.3493449781659388,0.471281296023564,0.3836033518055988,0.5800559338077487,0.7436448385629832,0.4558656660480923,0.8494827194179172,,,
2year.arff,10,INGO-KELM,Optimizer-KELM,formal_multiseed_10seed_full_with_tisngo_mcc_variants.csv,0.6556502245227864,0.575,0.747612551159618,0.0852904820766378,0.1485468245425188,0.1028009535160905,0.2676493405740884,0.1420577618239753,0.39379463838720574,0.6613062755798089,0.0879500108548073,0.6988716462028196,26.0,26.0,
2year.arff,10,LR_balanced,External ML baseline,formal_multiseed_10seed_full_with_tisngo_mcc_variants.csv,0.6356113741970327,0.5333333333333333,0.7575034106412005,0.0825806451612903,0.1430167597765363,0.0993788819875776,0.2549800796812749,0.129864220593669,0.3743612981855404,0.6454183719872669,0.1173864892470429,0.6778052523874489,,,
2year.arff,10,MSBAINGO-KELM,Optimizer-KELM,formal_multiseed_10seed_full_with_tisngo_mcc_variants.csv,0.5869511988812374,0.3916666666666666,0.8796043656207367,0.1175,0.1807692307692307,0.1366279069767441,0.2670454545454545,0.1562281429829979,0.37756154350867654,0.6356355161437017,0.1000844763351474,0.6856696225557071,20.0,20.0,
2year.arff,10,NGO-KELM,Optimizer-KELM,formal_multiseed_10seed_full_with_tisngo_mcc_variants.csv,0.5241984287690735,0.3333333333333333,0.8243519781718963,0.072072072072072,0.1185185185185185,0.0854700854700854,0.1932367149758454,0.0794525945234886,0.2794901485170429,0.5788426557526148,0.0625256631338426,0.6063864256480217,16.0,16.0,
2year.arff,10,PBMSBAINGO-HGBKELM(F2-mode),Proposed hybrid optimized KELM,formal_multiseed_10seed_full_with_tisngo_mcc_variants.csv,0.7395436014985919,0.5833333333333334,0.9375852660300136,0.2766798418972332,0.3753351206434316,0.3091872791519434,0.4774897680763983,0.367181473518942,0.5856023030800676,0.7604592996816735,0.451610546776598,0.8364341746248295,5.0,5.0,
2year.arff,10,PBMSBAINGO-HGBKELM(MCC-guarded),Proposed hybrid optimized KELM,formal_multiseed_10seed_full_with_tisngo_mcc_variants.csv,0.7395436014985919,0.5833333333333334,0.9375852660300136,0.2766798418972332,0.3753351206434316,0.3091872791519434,0.4774897680763983,0.367181473518942,0.5856023030800676,0.7604592996816735,0.451610546776598,0.8364341746248295,,5.0,
2year.arff,10,PBMSBAINGO-HGBKELM(Sensitivity-mode),Proposed hybrid optimized KELM,formal_multiseed_10seed_full_with_tisngo_mcc_variants.csv,0.6915572846442443,0.5166666666666667,0.9256480218281036,0.2214285714285714,0.31,0.25,0.4078947368421052,0.2978024999152451,0.5222296833263409,0.7211573442473852,0.4161482140764962,0.7621418826739428,10.0,10.0,
2year.arff,10,PBMSBAINGO-HGBKELM(Triad-mode),Proposed hybrid optimized KELM,formal_pbmsbaingo_hgbkelm_triad_alpha005_10seed_complete.csv,0.6944609669097063,0.4916666666666666,0.980900409276944,0.5130434782608696,0.502127659574468,0.5086206896551724,0.4957983193277311,0.4823198916997363,0.6150025996399412,0.7362835379718053,0.5227537759300365,0.8201114142792177,6.0,6.0,0.05
2year.arff,10,PBMSBAINGO-KELM,Optimizer-KELM,formal_multiseed_10seed_full_with_tisngo_mcc_variants.csv,0.5180627765753318,0.3166666666666666,0.847544338335607,0.0783505154639175,0.1256198347107438,0.0922330097087378,0.1968911917098445,0.0872953401250313,0.28614441894364406,0.5821055025011368,0.0680422525030533,0.6457594361073214,28.0,28.0,
2year.arff,10,RF_balanced,External ML baseline,formal_multiseed_10seed_full_with_tisngo_mcc_variants.csv,0.6677245472059096,0.525,0.8492496589358799,0.1247524752475247,0.2016,0.1471962616822429,0.3197969543147208,0.1957374191345277,0.4435638871565948,0.68712482946794,0.2169999466756168,0.7710578672123691,,,
2year.arff,10,TIS_NGO-KELM,Optimizer-KELM,formal_multiseed_10seed_full_with_tisngo_mcc_variants.csv,0.6636899208594911,0.525,0.8390177353342428,0.1177570093457943,0.1923664122137404,0.1393805309734513,0.3103448275862069,0.1860701255553516,0.4343792106070472,0.6820088676671214,0.1217335955521699,0.7140802637562528,13.0,13.0,
3year.arff,1,BAINGO-KELM,Optimizer-KELM,formal_multiseed_10seed_full_with_tisngo_mcc_variants.csv,0.5945777556020523,0.4697986577181208,0.7524983344437042,0.08610086100861,0.1455301455301455,0.1029109085563069,0.248403122782115,0.1078361907765127,0.33655854203847674,0.6111484960809125,0.0882471819306371,0.6865177130235324,15.0,15.0,
3year.arff,1,BalancedRF,External ML baseline,formal_multiseed_10seed_full_with_tisngo_mcc_variants.csv,0.723841146023747,0.7046979865771812,0.7435043304463691,0.12,0.205078125,0.1438750342559605,0.3569000679809653,0.2124136492355477,0.48101245043047425,0.7241011585117751,0.1852486788199595,0.7737302648346293,,,
3year.arff,1,EasyEnsemble,External ML baseline,formal_multiseed_10seed_full_with_tisngo_mcc_variants.csv,0.5859230368218112,0.3691275167785235,0.9300466355762824,0.2075471698113207,0.2657004830917874,0.227460711331679,0.3193960511033681,0.2287975907678693,0.42826330549408703,0.649587076177403,0.2195736847162341,0.8118122593885955,,,
3year.arff,1,ExtraTrees_balanced,External ML baseline,formal_multiseed_10seed_full_with_tisngo_mcc_variants.csv,0.6663679546955755,0.5838926174496645,0.7604930046635576,0.107940446650124,0.1821989528795811,0.1289653127779425,0.3102710413694722,0.1675346124515202,0.42057577226240744,0.6721928110566111,0.1176266094703953,0.7481052899856472,,,
3year.arff,1,HistGB,External ML baseline,formal_multiseed_10seed_full_with_tisngo_mcc_variants.csv,0.6393232530794657,0.4228187919463087,0.966688874083944,0.3865030674846625,0.4038461538461538,0.3932584269662921,0.4150197628458498,0.3732762762163024,0.5343475183286849,0.6947538330151264,0.4445918370028353,0.8583293464312381,,,
3year.arff,1,INGO-KELM,Optimizer-KELM,formal_multiseed_10seed_full_with_tisngo_mcc_variants.csv,0.5982325778694364,0.4630872483221476,0.7728181212524984,0.0918774966711051,0.1533333333333333,0.1094196003805899,0.2561247216035635,0.1175197110642955,0.3477631903990972,0.617952684787323,0.0909741987719696,0.6980312901019007,20.0,20.0,
3year.arff,1,LR_balanced,External ML baseline,formal_multiseed_10seed_full_with_tisngo_mcc_variants.csv,0.6502451783337642,0.5302013422818792,0.7974683544303798,0.1149927219796215,0.1889952153110047,0.1363479461511909,0.3078721745908028,0.1684364335086886,0.41450531725305606,0.6638348483561295,0.1105173937180846,0.6972532852818479,,,
3year.arff,1,MSBAINGO-KELM,Optimizer-KELM,formal_multiseed_10seed_full_with_tisngo_mcc_variants.csv,0.5955433061655349,0.4563758389261745,0.7771485676215856,0.0922659430122116,0.1534988713318284,0.1097836616080077,0.2550637659414854,0.1170923112344311,0.3462993618182003,0.61676220327388,0.0941479428600139,0.6958515352181319,11.0,11.0,
3year.arff,1,NGO-KELM,Optimizer-KELM,formal_multiseed_10seed_full_with_tisngo_mcc_variants.csv,0.636463390620063,0.5234899328859061,0.77381745502998,0.1030383091149273,0.1721854304635761,0.1227573182247403,0.2882483370288248,0.1477046495933135,0.3911232871815797,0.648653693957943,0.0966327276931531,0.7210606799046719,21.0,21.0,
3year.arff,1,PBMSBAINGO-HGBKELM(F2-mode),Proposed hybrid optimized KELM,formal_multiseed_10seed_full_with_tisngo_mcc_variants.csv,0.6154337331473873,0.3892617449664429,0.9730179880079948,0.4172661870503597,0.4027777777777778,0.4113475177304964,0.3945578231292517,0.3744618971341619,0.5215029176126073,0.6811398664872188,0.4302608097075445,0.8150248827403654,17.0,17.0,
3year.arff,1,PBMSBAINGO-HGBKELM(MCC-guarded),Proposed hybrid optimized KELM,formal_multiseed_10seed_full_with_tisngo_mcc_variants.csv,0.6393232530794657,0.4228187919463087,0.966688874083944,0.3865030674846625,0.4038461538461538,0.3932584269662921,0.4150197628458498,0.3732762762163024,0.5343475183286849,0.6947538330151264,0.4301306678836775,0.8070302125205119,,17.0,
3year.arff,1,PBMSBAINGO-HGBKELM(Sensitivity-mode),Proposed hybrid optimized KELM,formal_multiseed_10seed_full_with_tisngo_mcc_variants.csv,0.7053641284583922,0.5503355704697986,0.9040639573617588,0.2216216216216216,0.3159922928709056,0.2516881522406384,0.4244306418219462,0.2995952980526493,0.5302173207427558,0.7271997639157788,0.4382308392452201,0.8429637512351944,11.0,11.0,
3year.arff,1,PBMSBAINGO-HGBKELM(Triad-mode),Proposed hybrid optimized KELM,formal_pbmsbaingo_hgbkelm_triad_alpha005_10seed_complete.csv,0.7512909061450657,0.5906040268456376,0.9556962025316456,0.3981900452488687,0.4756756756756757,0.4259438528557599,0.5385556915544676,0.4540460626975057,0.6351925455624607,0.7731501146886416,0.5200991685170904,0.8755572347741325,4.0,4.0,0.05
3year.arff,1,PBMSBAINGO-KELM,Optimizer-KELM,formal_multiseed_10seed_full_with_tisngo_mcc_variants.csv,0.5943144933550965,0.4697986577181208,0.7518321119253831,0.0858895705521472,0.1452282157676348,0.1026694045174538,0.2480510276399716,0.1074269657053225,0.336033042374273,0.6108153848217519,0.0894083149048242,0.6789679363645713,35.0,35.0,
3year.arff,1,RF_balanced,External ML baseline,formal_multiseed_10seed_full_with_tisngo_mcc_variants.csv,0.5246219092621223,0.2885906040268456,0.9536975349766822,0.2362637362637362,0.2598187311178248,0.2451539338654504,0.2763496143958869,0.2204397143232232,0.3929411956289503,0.6211440695017639,0.2329872966064227,0.8162153642538084,,,
3year.arff,1,TIS_NGO-KELM,Optimizer-KELM,formal_multiseed_10seed_full_with_tisngo_mcc_variants.csv,0.5815877426975922,0.4295302013422818,0.787475016655563,0.0911680911680911,0.1504112808460634,0.1082177882989516,0.2465331278890601,0.1106893166582008,0.33453795573983813,0.6085026089989224,0.0957405348742278,0.6911678567755726,11.0,11.0,
3year.arff,2,BAINGO-KELM,Optimizer-KELM,formal_multiseed_10seed_full_with_tisngo_mcc_variants.csv,0.6001354648574259,0.5033557046979866,0.715522984676882,0.0807319698600645,0.1391465677179963,0.0970245795601552,0.2459016393442623,0.1018877738421529,0.332307558140586,0.6094393446874343,0.0931113414458439,0.6634324320698952,22.0,22.0,
3year.arff,2,BalancedRF,External ML baseline,formal_multiseed_10seed_full_with_tisngo_mcc_variants.csv,0.5874282640849475,0.4228187919463087,0.8161225849433711,0.1024390243902439,0.1649214659685864,0.1207359141433499,0.2601156069364161,0.1279610095021892,0.35345091616199625,0.6194706884448399,0.130134446939931,0.7170555200336242,,,
3year.arff,2,EasyEnsemble,External ML baseline,formal_multiseed_10seed_full_with_tisngo_mcc_variants.csv,0.5613783106125813,0.3422818791946309,0.9207195203197868,0.1764705882352941,0.2328767123287671,0.1954022988505747,0.288135593220339,0.1934072730302069,0.3935452606551918,0.6315006997572088,0.2082650587488481,0.7705142880138074,,,
3year.arff,2,ExtraTrees_balanced,External ML baseline,formal_multiseed_10seed_full_with_tisngo_mcc_variants.csv,0.5830792394048959,0.4093959731543624,0.8304463690872752,0.1070175438596491,0.1696801112656467,0.1255660765747221,0.2615780445969125,0.1322491546891016,0.3555898484234979,0.6199211711208188,0.1047976910461526,0.6879977106984605,,,
3year.arff,2,HistGB,External ML baseline,formal_multiseed_10seed_full_with_tisngo_mcc_variants.csv,0.5801328762050096,0.348993288590604,0.9643570952698202,0.3270440251572327,0.3376623376623376,0.3312101910828025,0.3443708609271523,0.3038430818767184,0.4676289998494716,0.6566751919302121,0.3148572625559274,0.7971933699681197,,,
3year.arff,2,INGO-KELM,Optimizer-KELM,formal_multiseed_10seed_full_with_tisngo_mcc_variants.csv,0.6417420255305976,0.5637583892617449,0.7305129913391073,0.0940649496080627,0.1612284069097888,0.1128728836334318,0.2820685023505708,0.1385985882783932,0.385028835699166,0.6471356903004262,0.0971716459405076,0.7129083966393769,13.0,13.0,
3year.arff,2,LR_balanced,External ML baseline,formal_multiseed_10seed_full_with_tisngo_mcc_variants.csv,0.6060370229234476,0.4496644295302013,0.8167888074616922,0.1085899513776337,0.1749347258485639,0.1280091708062667,0.2761747732893652,0.142519270755229,0.3740738084482752,0.6332266184959467,0.1222536821706755,0.6829317367839783,,,
3year.arff,2,MSBAINGO-KELM,Optimizer-KELM,formal_multiseed_10seed_full_with_tisngo_mcc_variants.csv,0.6378318363852669,0.5234899328859061,0.7771485676215856,0.1044176706827309,0.1741071428571428,0.1243226012113484,0.2903946388682055,0.1500429320272812,0.3937397934467795,0.6503192502537458,0.1074596035394704,0.7093950788959484,16.0,16.0,
3year.arff,2,NGO-KELM,Optimizer-KELM,formal_multiseed_10seed_full_with_tisngo_mcc_variants.csv,0.6352873368818367,0.5570469798657718,0.7245169886742172,0.0912087912087912,0.1567516525023607,0.1095275798363684,0.2755644090305444,0.1318663336777029,0.37614743930602684,0.6407819842699944,0.0935098646423305,0.6905318154787189,10.0,10.0,
3year.arff,2,PBMSBAINGO-HGBKELM(F2-mode),Proposed hybrid optimized KELM,formal_multiseed_10seed_full_with_tisngo_mcc_variants.csv,0.5746268151865139,0.3422818791946309,0.9646902065289806,0.3248407643312102,0.3333333333333333,0.3281853281853282,0.3386454183266932,0.2994481531976721,0.4624141751444163,0.6534860428618058,0.3131469521229682,0.8011638773256308,4.0,4.0,
3year.arff,2,PBMSBAINGO-HGBKELM(MCC-guarded),Proposed hybrid optimized KELM,formal_multiseed_10seed_full_with_tisngo_mcc_variants.csv,0.5744283600553365,0.3422818791946309,0.9640239840106596,0.320754716981132,0.3311688311688311,0.3248407643312102,0.3377483443708609,0.2970122976286498,0.4610507427349773,0.6531529316026452,0.3111777477077479,0.7973833998810635,,4.0,
3year.arff,2,PBMSBAINGO-HGBKELM(Sensitivity-mode),Proposed hybrid optimized KELM,formal_multiseed_10seed_full_with_tisngo_mcc_variants.csv,0.5859535608007239,0.3624161073825503,0.9473684210526316,0.2547169811320754,0.299168975069252,0.2708124373119358,0.3341584158415842,0.2624765316419979,0.44833807702035494,0.654892264217591,0.2999362929281317,0.7647697955278137,4.0,4.0,
3year.arff,2,PBMSBAINGO-HGBKELM(Triad-mode),Proposed hybrid optimized KELM,formal_pbmsbaingo_hgbkelm_triad_alpha005_10seed_complete.csv,0.7157657754439446,0.5704697986577181,0.8980679546968687,0.217391304347826,0.3148148148148148,0.24810274372446,0.4305977710233029,0.3016477909448456,0.5366370688917697,0.7342688766772933,0.4172677795834539,0.8033950520681962,21.0,21.0,0.05
3year.arff,2,PBMSBAINGO-KELM,Optimizer-KELM,formal_multiseed_10seed_full_with_tisngo_mcc_variants.csv,0.6445264403262281,0.5436241610738255,0.7641572285143238,0.1026615969581749,0.1727078891257995,0.1225416036308623,0.2924187725631769,0.1507864740870478,0.397143952790973,0.6538906947940746,0.1332377747840261,0.7183510769106949,12.0,12.0,
3year.arff,2,RF_balanced,External ML baseline,formal_multiseed_10seed_full_with_tisngo_mcc_variants.csv,0.6013598184701304,0.4161073825503356,0.8690872751499,0.1362637362637362,0.2052980132450331,0.1574403250380904,0.2949571836346337,0.1722162871332307,0.3963823834262095,0.6425973288501178,0.1653065385613041,0.7410507089233576,,,
3year.arff,2,TIS_NGO-KELM,Optimizer-KELM,formal_multiseed_10seed_full_with_tisngo_mcc_variants.csv,0.5847848835613412,0.4228187919463087,0.8087941372418388,0.0989010989010989,0.1603053435114503,0.1167964404894327,0.2554744525547445,0.1224077526062803,0.34721653595541824,0.6158064645940737,0.0931853109382935,0.6954826536224173,20.0,20.0,
3year.arff,3,BAINGO-KELM,Optimizer-KELM,formal_multiseed_10seed_full_with_tisngo_mcc_variants.csv,0.5844521859244132,0.4429530201342282,0.7711525649566955,0.0876494023904382,0.1463414634146341,0.1043973426130971,0.2446256486286138,0.1065624990962586,0.33141141056264584,0.6070527925454619,0.0889777133111252,0.6679674400511515,7.0,7.0,
3year.arff,3,BalancedRF,External ML baseline,formal_multiseed_10seed_full_with_tisngo_mcc_variants.csv,0.7088136097476121,0.6644295302013423,0.7561625582944703,0.1191335740072202,0.2020408163265306,0.1425280737114886,0.3468815697266993,0.2025886325434109,0.4669027044272163,0.7102960442479063,0.1568314988794357,0.7576347312082772,,,
3year.arff,3,EasyEnsemble,External ML baseline,formal_multiseed_10seed_full_with_tisngo_mcc_variants.csv,0.6295445865352893,0.4429530201342282,0.8947368421052632,0.1727748691099476,0.2485875706214689,0.1967799642218247,0.3374233128834356,0.2195954522336285,0.44315818645707405,0.6688449311197457,0.2340205021223808,0.7934754906125223,,,
3year.arff,3,ExtraTrees_balanced,External ML baseline,formal_multiseed_10seed_full_with_tisngo_mcc_variants.csv,0.6473144197694002,0.5704697986577181,0.734510326449034,0.0963718820861678,0.1648884578079534,0.1155833559967364,0.2875507442489851,0.1441844668520194,0.39238856833793895,0.652490062553376,0.1160651495081488,0.7170387526883644,,,
3year.arff,3,HistGB,External ML baseline,formal_multiseed_10seed_full_with_tisngo_mcc_variants.csv,0.7426969169717667,0.6241610738255033,0.8837441705529647,0.2104072398190045,0.3147208121827411,0.2425665101721439,0.4479768786127168,0.3104313246792992,0.5553024549363623,0.7539526221892341,0.3922587678352206,0.8276372798447569,,,
3year.arff,3,INGO-KELM,Optimizer-KELM,formal_multiseed_10seed_full_with_tisngo_mcc_variants.csv,0.6202769577619713,0.5167785234899329,0.7445036642238507,0.0912322274881516,0.1550855991943605,0.1092198581560283,0.2673611111111111,0.125231407387517,0.3638827927653867,0.6306410938568918,0.0953008885769115,0.7041837879892153,12.0,12.0,
3year.arff,3,LR_balanced,External ML baseline,formal_multiseed_10seed_full_with_tisngo_mcc_variants.csv,0.6247034270802592,0.5369127516778524,0.7268487674883412,0.0888888888888888,0.1525262154432793,0.1066951186983195,0.267379679144385,0.1239369805882262,0.3643478653886263,0.6318807595830968,0.1070682233797833,0.6609776927238664,,,
3year.arff,3,MSBAINGO-KELM,Optimizer-KELM,formal_multiseed_10seed_full_with_tisngo_mcc_variants.csv,0.6409577104743561,0.5570469798657718,0.737508327781479,0.0952927669345579,0.1627450980392157,0.1142306633636113,0.2828902522154056,0.1397940959773517,0.38581803740264814,0.6472776538236253,0.0968562406747524,0.6949885758487631,10.0,10.0,
3year.arff,3,NGO-KELM,Optimizer-KELM,formal_multiseed_10seed_full_with_tisngo_mcc_variants.csv,0.6335800339300911,0.5234899328859061,0.7668221185876083,0.1002570694087403,0.1682847896440129,0.1195952161913523,0.2838427947598253,0.1428975804170055,0.3856641589430424,0.6451560257367572,0.0937062106321608,0.6928334130713752,21.0,21.0,
3year.arff,3,PBMSBAINGO-HGBKELM(F2-mode),Proposed hybrid optimized KELM,formal_multiseed_10seed_full_with_tisngo_mcc_variants.csv,0.750874187042394,0.6442953020134228,0.8750832778147901,0.2038216560509554,0.3096774193548387,0.2361042793900639,0.4498594189315839,0.3091752083333076,0.5586155281618015,0.7596892899141064,0.3944570521406252,0.8249321481428489,9.0,9.0,
3year.arff,3,PBMSBAINGO-HGBKELM(MCC-guarded),Proposed hybrid optimized KELM,formal_multiseed_10seed_full_with_tisngo_mcc_variants.csv,0.7410108113695852,0.6040268456375839,0.9090606262491672,0.2479338842975206,0.3515625,0.2810743285446596,0.4692387904066736,0.3411066541441691,0.5721542041175056,0.7565437359433755,0.3931627491193531,0.8145632218342134,,9.0,
3year.arff,3,PBMSBAINGO-HGBKELM(Sensitivity-mode),Proposed hybrid optimized KELM,formal_multiseed_10seed_full_with_tisngo_mcc_variants.csv,0.7510647158927182,0.6375838926174496,0.8847435043304464,0.2154195011337868,0.3220338983050847,0.2483010977522216,0.4580520732883317,0.3195489125117523,0.5648901749553543,0.761163698473948,0.3928245331463554,0.7973833998810638,12.0,12.0,
3year.arff,3,PBMSBAINGO-HGBKELM(Triad-mode),Proposed hybrid optimized KELM,formal_pbmsbaingo_hgbkelm_triad_alpha005_10seed_complete.csv,0.7691473923123427,0.6510067114093959,0.9087275149900068,0.261455525606469,0.3730769230769231,0.2969993876301286,0.5015511892450879,0.3686132899449783,0.60190790127582,0.7798671131997013,0.5140712924777006,0.8763531247624625,4.0,4.0,0.05
3year.arff,3,PBMSBAINGO-KELM,Optimizer-KELM,formal_multiseed_10seed_full_with_tisngo_mcc_variants.csv,0.6019209220262143,0.4899328859060403,0.7395069953364424,0.0853801169590643,0.1454183266932271,0.1022695432894368,0.2515506547208821,0.1095212490515075,0.3410822261129256,0.6147199406212414,0.0888348618527378,0.6829842744657924,9.0,9.0,
3year.arff,3,RF_balanced,External ML baseline,formal_multiseed_10seed_full_with_tisngo_mcc_variants.csv,0.7070040190888229,0.6442953020134228,0.7758161225849434,0.1248374512353706,0.2091503267973856,0.1488372093023255,0.3516483516483517,0.2076007516841136,0.4699203243922941,0.7100557122991831,0.2092484117555093,0.7832842981636403,,,
3year.arff,3,TIS_NGO-KELM,Optimizer-KELM,formal_multiseed_10seed_full_with_tisngo_mcc_variants.csv,0.6113626147012554,0.4832214765100671,0.7734843437708194,0.0957446808510638,0.1598224195338513,0.1140323091542603,0.2670623145400593,0.1278233364711047,0.3628573865758666,0.6283529101404433,0.0972068732413781,0.7009655755223586,10.0,10.0,
3year.arff,4,BAINGO-KELM,Optimizer-KELM,formal_multiseed_10seed_full_with_tisngo_mcc_variants.csv,0.609648818555353,0.4832214765100671,0.7691538974017322,0.0941176470588235,0.1575492341356674,0.1121844811467746,0.2645113886847905,0.1249336753182176,0.3594289022147083,0.6261876869558997,0.1409031700605189,0.6753148907439783,26.0,26.0,
3year.arff,4,BalancedRF,External ML baseline,formal_multiseed_10seed_full_with_tisngo_mcc_variants.csv,0.6915897254122324,0.610738255033557,0.7831445702864757,0.1226415094339622,0.2042648709315375,0.1459736926531921,0.3400597907324365,0.1970358128986988,0.45507266044516287,0.6969414126600164,0.1547080527763762,0.7724022910900563,,,
3year.arff,4,EasyEnsemble,External ML baseline,formal_multiseed_10seed_full_with_tisngo_mcc_variants.csv,0.7297103740150178,0.6442953020134228,0.8264490339773485,0.1555915721231766,0.2506527415143603,0.1834161253343523,0.3957131079967024,0.2517895456439898,0.511814884395191,0.7353721679953856,0.256085746251106,0.8173398942092296,,,
3year.arff,4,ExtraTrees_balanced,External ML baseline,formal_multiseed_10seed_full_with_tisngo_mcc_variants.csv,0.5814031995412098,0.4026845637583892,0.8394403730846103,0.1107011070110701,0.1736613603473227,0.1294777729823047,0.2636203866432337,0.1361762328515123,0.3583868369163041,0.6210624684214998,0.1141438088797485,0.7307030212520512,,,
3year.arff,4,HistGB,External ML baseline,formal_multiseed_10seed_full_with_tisngo_mcc_variants.csv,0.5577886263648599,0.3154362416107382,0.986342438374417,0.5340909090909091,0.3966244725738396,0.469061876247505,0.3435672514619883,0.3887516078344218,0.4945427457420589,0.6508893399925777,0.405949629782416,0.8415374090650974,,,
3year.arff,4,INGO-KELM,Optimizer-KELM,formal_multiseed_10seed_full_with_tisngo_mcc_variants.csv,0.4997529000547899,0.2885906040268456,0.8654230512991339,0.0961968680089485,0.1442953020134228,0.1109963861641714,0.2061361457334611,0.0936915883071137,0.28602483854848876,0.5770068276629898,0.0886039399301988,0.6512168621366518,8.0,8.0,
3year.arff,4,LR_balanced,External ML baseline,formal_multiseed_10seed_full_with_tisngo_mcc_variants.csv,0.6007088772095066,0.4295302013422818,0.8401065956029313,0.1176470588235294,0.1847041847041847,0.1376344086021505,0.2807017543859649,0.1514285180551646,0.3794709990588136,0.6348183984726066,0.1624361723559485,0.6927976427348211,,,
3year.arff,4,MSBAINGO-KELM,Optimizer-KELM,formal_multiseed_10seed_full_with_tisngo_mcc_variants.csv,0.5280814473812295,0.3154362416107382,0.8840772818121253,0.1189873417721519,0.1727941176470588,0.1359167148640833,0.2371342078708375,0.1278888440996137,0.32916336550050945,0.5997567617114318,0.1070381354781545,0.6644049380949613,26.0,26.0,
3year.arff,4,NGO-KELM,Optimizer-KELM,formal_multiseed_10seed_full_with_tisngo_mcc_variants.csv,0.5216989399092682,0.3557046979865771,0.7651565622918055,0.0699208443271767,0.1168687982359426,0.0833071361207167,0.1957163958641063,0.0600177409347112,0.2537307974138626,0.5604306301391914,0.0707266377969466,0.5913484969751708,26.0,26.0,
3year.arff,4,PBMSBAINGO-HGBKELM(F2-mode),Proposed hybrid optimized KELM,formal_multiseed_10seed_full_with_tisngo_mcc_variants.csv,0.6060739113958032,0.3758389261744966,0.977348434377082,0.4516129032258064,0.4102564102564102,0.4341085271317829,0.3888888888888889,0.3855552119150738,0.5212498217746104,0.6765936802757893,0.4064043406811584,0.8451144427205128,14.0,14.0,
3year.arff,4,PBMSBAINGO-HGBKELM(MCC-guarded),Proposed hybrid optimized KELM,formal_multiseed_10seed_full_with_tisngo_mcc_variants.csv,0.5635009117927189,0.3221476510067114,0.985676215856096,0.5274725274725275,0.4,0.4678362573099415,0.3493449781659388,0.3901389925953578,0.4985050185625779,0.6539119334314036,0.4060291970253404,0.8454251975193272,,14.0,
3year.arff,4,PBMSBAINGO-HGBKELM(Sensitivity-mode),Proposed hybrid optimized KELM,formal_multiseed_10seed_full_with_tisngo_mcc_variants.csv,0.6872671358121463,0.5033557046979866,0.9383744170552965,0.2884615384615384,0.3667481662591687,0.3153910849453322,0.4380841121495327,0.3407569899798525,0.5439579258656049,0.7208650608766416,0.4008476927438778,0.8131871816998958,10.0,10.0,
3year.arff,4,PBMSBAINGO-HGBKELM(Triad-mode),Proposed hybrid optimized KELM,formal_pbmsbaingo_hgbkelm_triad_alpha005_10seed_complete.csv,0.7276240453270041,0.5503355704697986,0.9620253164556962,0.4183673469387755,0.4753623188405797,0.4394426580921757,0.5176767676767676,0.4502644597852016,0.6200507700634638,0.7561804434627475,0.4768046858837627,0.856961131058042,6.0,6.0,0.05
3year.arff,4,PBMSBAINGO-KELM,Optimizer-KELM,formal_multiseed_10seed_full_with_tisngo_mcc_variants.csv,0.61425199224196,0.4832214765100671,0.7808127914723517,0.0986301369863013,0.1638225255972696,0.1173020527859237,0.2714932126696832,0.1328311551041495,0.368692552953839,0.6320171339912094,0.124567171878367,0.7018698943433683,21.0,21.0,
3year.arff,4,RF_balanced,External ML baseline,formal_multiseed_10seed_full_with_tisngo_mcc_variants.csv,0.703793481172978,0.6308724832214765,0.785143237841439,0.1271989174560216,0.2117117117117117,0.1513687600644122,0.352059925093633,0.2083998250183487,0.4690969507448128,0.7080078605314577,0.2227562487292066,0.7786799851553103,,,
3year.arff,4,TIS_NGO-KELM,Optimizer-KELM,formal_multiseed_10seed_full_with_tisngo_mcc_variants.csv,0.5623690597387838,0.3892617449664429,0.8124583610926049,0.0933977455716586,0.1506493506493506,0.1101405241169768,0.238290879211175,0.1076320483203891,0.3240869032074372,0.6008600530295239,0.0984074781765222,0.6863053266502421,13.0,13.0,
3year.arff,5,BAINGO-KELM,Optimizer-KELM,formal_multiseed_10seed_full_with_tisngo_mcc_variants.csv,0.6616188431275671,0.5906040268456376,0.7411725516322452,0.1017341040462427,0.1735700197238658,0.1219174286505957,0.3011635865845311,0.1577967431997431,0.4103029021952964,0.6658882892389414,0.1116997952740126,0.7157353710501724,13.0,13.0,
3year.arff,5,BalancedRF,External ML baseline,formal_multiseed_10seed_full_with_tisngo_mcc_variants.csv,0.6883560116761066,0.6375838926174496,0.7431712191872085,0.1096997690531177,0.1871921182266009,0.1314696927760863,0.3248974008207934,0.1810265074293137,0.4410178123418888,0.6903775559023291,0.1228421947504579,0.7500994862485413,,,
3year.arff,5,EasyEnsemble,External ML baseline,formal_multiseed_10seed_full_with_tisngo_mcc_variants.csv,0.7249861060976759,0.6577181208053692,0.7991339107261826,0.1398002853067047,0.2305882352941176,0.1659329495428378,0.3777949113338473,0.2331481573732124,0.49670338337252723,0.7284260157657758,0.1823935916455607,0.802676291868061,,,
3year.arff,5,ExtraTrees_balanced,External ML baseline,formal_multiseed_10seed_full_with_tisngo_mcc_variants.csv,0.6251953090557745,0.4899328859060403,0.7978014656895404,0.1073529411764705,0.1761158021712907,0.1272220285813872,0.2860501567398119,0.1484565497524604,0.38714791810515553,0.6438671757977903,0.115502181208339,0.7243280765842907,,,
3year.arff,5,HistGB,External ML baseline,formal_multiseed_10seed_full_with_tisngo_mcc_variants.csv,0.7025280705409641,0.5771812080536913,0.8550966022651566,0.165067178502879,0.2567164179104477,0.1925660546350201,0.3849597135183527,0.2469816485762749,0.4958275829066697,0.716138905159424,0.3256808734440197,0.8163338534936442,,,
3year.arff,5,INGO-KELM,Optimizer-KELM,formal_multiseed_10seed_full_with_tisngo_mcc_variants.csv,0.6253258163756503,0.4899328859060403,0.7981345769487008,0.1075110456553755,0.1763285024154589,0.1273996509598604,0.2862745098039215,0.1487077372501287,0.3874200513123848,0.6440337314273705,0.1148850012988497,0.7272265916681944,4.0,4.0,
3year.arff,5,LR_balanced,External ML baseline,formal_multiseed_10seed_full_with_tisngo_mcc_variants.csv,0.624417062899693,0.5369127516778524,0.72618254497002,0.0886917960088691,0.1522359657469077,0.1064679265371306,0.2670226969292389,0.1235416979461961,0.36384886966256913,0.6315476483239362,0.1076701124235947,0.6828043049600043,,,
3year.arff,5,MSBAINGO-KELM,Optimizer-KELM,formal_multiseed_10seed_full_with_tisngo_mcc_variants.csv,0.6746618338600989,0.6174496644295302,0.7371752165223184,0.1044267877412031,0.1786407766990291,0.1252382248842907,0.3114421123899797,0.1677130273517321,0.42420882045752945,0.6773124404759243,0.1138766058702498,0.7203698652799699,9.0,9.0,
3year.arff,5,NGO-KELM,Optimizer-KELM,formal_multiseed_10seed_full_with_tisngo_mcc_variants.csv,0.6511831191617449,0.5637583892617449,0.7521652231845436,0.1014492753623188,0.1719549641760491,0.1213522103438312,0.2949438202247191,0.1523494152299942,0.4012505921300346,0.6579618062231443,0.0970046308319693,0.7058158095944985,7.0,7.0,
3year.arff,5,PBMSBAINGO-HGBKELM(F2-mode),Proposed hybrid optimized KELM,formal_multiseed_10seed_full_with_tisngo_mcc_variants.csv,0.7106563439694059,0.6040268456375839,0.8361092604930047,0.1546391752577319,0.2462380300957592,0.1816713766653209,0.3820033955857385,0.2407364936212308,0.4953974138467579,0.7200680530652943,0.3188923434888902,0.785290790479725,27.0,27.0,
3year.arff,5,PBMSBAINGO-HGBKELM(MCC-guarded),Proposed hybrid optimized KELM,formal_multiseed_10seed_full_with_tisngo_mcc_variants.csv,0.6562650338820082,0.4563758389261745,0.9437041972018654,0.2869198312236287,0.3523316062176165,0.3099361896080219,0.4081632653061224,0.3219781585124021,0.5176008502119998,0.7000400180640199,0.3233422331699156,0.7880965262531914,,27.0,
3year.arff,5,PBMSBAINGO-HGBKELM(Sensitivity-mode),Proposed hybrid optimized KELM,formal_multiseed_10seed_full_with_tisngo_mcc_variants.csv,0.6933637741386771,0.5637583892617449,0.8527648234510327,0.1596958174904943,0.2488888888888888,0.1864181091877496,0.374331550802139,0.237071944425353,0.48484265295166434,0.7082616063563888,0.3077887106774618,0.7843428765610397,6.0,6.0,
3year.arff,5,PBMSBAINGO-HGBKELM(Triad-mode),Proposed hybrid optimized KELM,formal_pbmsbaingo_hgbkelm_triad_alpha005_10seed_complete.csv,0.7253529746205729,0.5503355704697986,0.956029313790806,0.3831775700934579,0.4517906336088154,0.4079601990049751,0.5061728395061729,0.4271724135372203,0.6079959183987261,0.7531824421303024,0.4995936552469667,0.8605985271563924,15.0,15.0,0.05
3year.arff,5,PBMSBAINGO-KELM,Optimizer-KELM,formal_multiseed_10seed_full_with_tisngo_mcc_variants.csv,0.6607160196324631,0.5973154362416108,0.7308461025982678,0.0992196209587513,0.1701720841300191,0.119079475515119,0.2980576021433355,0.1543522555951745,0.40692485552955415,0.6640807694199393,0.1250938406564242,0.7261825449700199,10.0,10.0,
3year.arff,5,RF_balanced,External ML baseline,formal_multiseed_10seed_full_with_tisngo_mcc_variants.csv,0.6703167992322264,0.5503355704697986,0.8164556962025317,0.1295418641390205,0.2097186700767263,0.1529280119358448,0.3336045565500407,0.1943066869305802,0.4436249717563906,0.6833956333361652,0.1457449646470162,0.7639984976458647,,,
3year.arff,5,TIS_NGO-KELM,Optimizer-KELM,formal_multiseed_10seed_full_with_tisngo_mcc_variants.csv,0.6801551703227511,0.6241610738255033,0.7411725516322452,0.1068965517241379,0.1825318940137389,0.1281344723064205,0.3171896316507503,0.1734466259337863,0.43131439662751153,0.6826668127288742,0.1182218423079275,0.7465202169470913,12.0,12.0,
3year.arff,6,BAINGO-KELM,Optimizer-KELM,formal_multiseed_10seed_full_with_tisngo_mcc_variants.csv,0.6441048597031253,0.5302013422818792,0.7824783477681546,0.1079234972677595,0.1793416572077185,0.1283717907052323,0.2974397590361445,0.1571537238112582,0.40248151832762374,0.6563398450250169,0.1240437959841239,0.7134885467853646,28.0,28.0,
3year.arff,6,BalancedRF,External ML baseline,formal_multiseed_10seed_full_with_tisngo_mcc_variants.csv,0.6879255429270367,0.5637583892617449,0.8394403730846103,0.1484098939929328,0.2349650349650349,0.1740571902196436,0.3614457831325301,0.2229354736304899,0.47252053089301943,0.7015993811731775,0.1991492059689697,0.7905915072278435,,,
3year.arff,6,EasyEnsemble,External ML baseline,formal_multiseed_10seed_full_with_tisngo_mcc_variants.csv,0.6764356603673406,0.5100671140939598,0.8970686209193871,0.1974025974025974,0.2846441947565543,0.2249851983422143,0.3873598369011213,0.2638646723323604,0.49424780120016254,0.7035678675066734,0.1961010177169546,0.8137438575625198,,,
3year.arff,6,ExtraTrees_balanced,External ML baseline,formal_multiseed_10seed_full_with_tisngo_mcc_variants.csv,0.6441413034885358,0.4966442953020134,0.8354430379746836,0.130281690140845,0.206415620641562,0.1528294093349855,0.3178694158075601,0.1833641450824934,0.4237329512168235,0.6660436666383485,0.1319980135614923,0.7553566078989846,,,
3year.arff,6,HistGB,External ML baseline,formal_multiseed_10seed_full_with_tisngo_mcc_variants.csv,0.708501288247652,0.5436241610738255,0.9233844103930712,0.2604501607717042,0.3521739130434783,0.2907394113424264,0.4465270121278941,0.3323410328971825,0.5504971622790732,0.7335042857334484,0.4257749323646109,0.859413634758036,,,
3year.arff,6,INGO-KELM,Optimizer-KELM,formal_multiseed_10seed_full_with_tisngo_mcc_variants.csv,0.6660642604981112,0.5906040268456376,0.751165889407062,0.1053892215568862,0.1788617886178861,0.1261106334193178,0.3074772886093641,0.1643689553074571,0.4177829244916513,0.6708849581263499,0.0961786091982829,0.7196030386900902,8.0,8.0,
3year.arff,6,LR_balanced,External ML baseline,formal_multiseed_10seed_full_with_tisngo_mcc_variants.csv,0.6673083608577032,0.5973154362416108,0.7455029980013325,0.104337631887456,0.1776447105788423,0.124964897500702,0.3071083505866114,0.1637619938799581,0.41778747565278007,0.6714092171214716,0.1151716360614084,0.6995448224673484,,,
3year.arff,6,MSBAINGO-KELM,Optimizer-KELM,formal_multiseed_10seed_full_with_tisngo_mcc_variants.csv,0.5612707748853182,0.3691275167785235,0.8534310459693538,0.1111111111111111,0.170807453416149,0.1291686237670267,0.2520623281393217,0.1298153807253228,0.3445273232608907,0.6112792813739387,0.1151225252661593,0.7188451546843493,28.0,28.0,
3year.arff,6,NGO-KELM,Optimizer-KELM,formal_multiseed_10seed_full_with_tisngo_mcc_variants.csv,0.5734428515051332,0.3892617449664429,0.8447701532311792,0.1106870229007633,0.1723625557206538,0.1291759465478842,0.2589285714285714,0.1334067651170958,0.35268423459420684,0.6170159490988111,0.1019026414389526,0.6982570903513988,8.0,8.0,
3year.arff,6,PBMSBAINGO-HGBKELM(F2-mode),Proposed hybrid optimized KELM,formal_multiseed_10seed_full_with_tisngo_mcc_variants.csv,0.7311183380937734,0.5906040268456376,0.9050632911392406,0.2359249329758713,0.3371647509578544,0.2681291895185862,0.4540763673890609,0.3256628550965723,0.5583602933628843,0.747833658992439,0.422903649856293,0.8399165656899874,9.0,9.0,
3year.arff,6,PBMSBAINGO-HGBKELM(MCC-guarded),Proposed hybrid optimized KELM,formal_multiseed_10seed_full_with_tisngo_mcc_variants.csv,0.7311183380937734,0.5906040268456376,0.9050632911392406,0.2359249329758713,0.3371647509578544,0.2681291895185862,0.4540763673890609,0.3256628550965723,0.5583602933628843,0.747833658992439,0.422903649856293,0.8399165656899874,,9.0,
3year.arff,6,PBMSBAINGO-HGBKELM(Sensitivity-mode),Proposed hybrid optimized KELM,formal_multiseed_10seed_full_with_tisngo_mcc_variants.csv,0.7354233397838346,0.6040268456375839,0.8954030646235843,0.2227722772277227,0.325497287522604,0.254957507082153,0.45,0.3170684386868809,0.5555748920115533,0.7497149551305842,0.4202077758026001,0.851434614060425,22.0,22.0,
3year.arff,6,PBMSBAINGO-HGBKELM(Triad-mode),Proposed hybrid optimized KELM,formal_pbmsbaingo_hgbkelm_triad_alpha005_10seed_complete.csv,0.7334569067246292,0.5771812080536913,0.9320453031312458,0.296551724137931,0.3917995444191344,0.3284950343773873,0.4853273137697517,0.3738966344605539,0.5859136110876,0.7546132555924685,0.518318111737851,0.8328496885745075,14.0,14.0,0.05
3year.arff,6,PBMSBAINGO-KELM,Optimizer-KELM,formal_multiseed_10seed_full_with_tisngo_mcc_variants.csv,0.6232272454516746,0.5100671140939598,0.7614923384410394,0.0959595959595959,0.1615302869287991,0.1145613506180283,0.2737752161383285,0.1328730308373249,0.37231445777188465,0.6357797262674996,0.0973325456427733,0.6967413223399166,27.0,27.0,
3year.arff,6,RF_balanced,External ML baseline,formal_multiseed_10seed_full_with_tisngo_mcc_variants.csv,0.6847692097315242,0.5234899328859061,0.8957361758827448,0.1994884910485933,0.2888888888888888,0.2276707530647986,0.3951367781155015,0.269900618917178,0.5020698124493475,0.7096130543843254,0.2704222180641361,0.8086745301789859,,,
3year.arff,6,TIS_NGO-KELM,Optimizer-KELM,formal_multiseed_10seed_full_with_tisngo_mcc_variants.csv,0.5824923104543043,0.4228187919463087,0.8024650233177881,0.0960365853658536,0.1565217391304348,0.1135953840605842,0.2515974440894569,0.1177717900152885,0.34188015303954494,0.6126419076320484,0.0940485890679726,0.7043112198131894,5.0,5.0,
3year.arff,7,BAINGO-KELM,Optimizer-KELM,formal_multiseed_10seed_full_with_tisngo_mcc_variants.csv,0.5843641997198594,0.4093959731543624,0.8341105929380414,0.10912343470483,0.1723163841807909,0.1278825995807128,0.264069264069264,0.1352962476702498,0.3588263425143307,0.6217532830462019,0.1015407143157978,0.7097393683852824,21.0,21.0,
3year.arff,7,BalancedRF,External ML baseline,formal_multiseed_10seed_full_with_tisngo_mcc_variants.csv,0.6983420296310134,0.5973154362416108,0.8164556962025317,0.1390625,0.2256020278833967,0.1642672572905131,0.3600323624595469,0.2182957712509242,0.4739442166577182,0.7068855662220712,0.1821640463029827,0.7870077666343243,,,
3year.arff,7,EasyEnsemble,External ML baseline,formal_multiseed_10seed_full_with_tisngo_mcc_variants.csv,0.7367339080201881,0.7181208053691275,0.7558294470353097,0.1273809523809523,0.2163801820020222,0.152465089769165,0.3725626740947075,0.2275053538378897,0.4979712993375372,0.7369751262022186,0.1993574265889131,0.8047856239017389,,,
3year.arff,7,ExtraTrees_balanced,External ML baseline,formal_multiseed_10seed_full_with_tisngo_mcc_variants.csv,0.6503723777597505,0.5369127516778524,0.7878081279147235,0.1115760111576011,0.184757505773672,0.1325820351342393,0.3046458492003046,0.1643950846241556,0.41121694402296516,0.6623604397962879,0.1200822231553933,0.7412552705355268,,,
3year.arff,7,HistGB,External ML baseline,formal_multiseed_10seed_full_with_tisngo_mcc_variants.csv,0.6428384589723408,0.4228187919463087,0.977348434377082,0.4809160305343511,0.45,0.4680534918276374,0.4332874828060523,0.4255012849363153,0.5602323626201804,0.7000836131616953,0.472891542557585,0.8570438499613233,,,
3year.arff,7,INGO-KELM,Optimizer-KELM,formal_multiseed_10seed_full_with_tisngo_mcc_variants.csv,0.6430992390285726,0.5503355704697986,0.7514990006662225,0.0990338164251207,0.1678607983623336,0.1184628720023114,0.2879213483146067,0.1455551867513128,0.39191741239630173,0.6509172855680105,0.097554893450623,0.7272947788722507,4.0,4.0,
3year.arff,7,LR_balanced,External ML baseline,formal_multiseed_10seed_full_with_tisngo_mcc_variants.csv,0.6117026048798532,0.4697986577181208,0.796469020652898,0.1027900146842878,0.1686746987951807,0.121823877479986,0.274079874706343,0.1373077014919984,0.37175645573681343,0.6331338391855095,0.130742616784696,0.7107185813484522,,,
3year.arff,7,MSBAINGO-KELM,Optimizer-KELM,formal_multiseed_10seed_full_with_tisngo_mcc_variants.csv,0.6516189904952252,0.5973154362416108,0.7108594270486343,0.0929989550679205,0.1609403254972875,0.1118933869751068,0.2865421764327109,0.1422398906155574,0.39234635749847363,0.6540874316451225,0.1035005819210953,0.713320873332767,9.0,9.0,
3year.arff,7,NGO-KELM,Optimizer-KELM,formal_multiseed_10seed_full_with_tisngo_mcc_variants.csv,0.5956859395832742,0.4295302013422818,0.8261159227181879,0.1092150170648464,0.1741496598639455,0.1283594063377457,0.2707275803722504,0.1394585669135896,0.3671357128100078,0.6278230620302349,0.1005614416410028,0.6879060492110405,28.0,28.0,
3year.arff,7,PBMSBAINGO-HGBKELM(F2-mode),Proposed hybrid optimized KELM,formal_multiseed_10seed_full_with_tisngo_mcc_variants.csv,0.6432765090803969,0.4228187919463087,0.9786808794137242,0.4960629921259842,0.4565217391304347,0.4794520547945205,0.4356846473029045,0.4333022242648653,0.5638913522007646,0.7007498356800165,0.4530959420192318,0.7976136714226312,11.0,11.0,
3year.arff,7,PBMSBAINGO-HGBKELM(MCC-guarded),Proposed hybrid optimized KELM,formal_multiseed_10seed_full_with_tisngo_mcc_variants.csv,0.6432765090803969,0.4228187919463087,0.9786808794137242,0.4960629921259842,0.4565217391304347,0.4794520547945205,0.4356846473029045,0.4333022242648653,0.5638913522007646,0.7007498356800165,0.4530959420192317,0.7976136714226312,,11.0,
3year.arff,7,PBMSBAINGO-HGBKELM(Sensitivity-mode),Proposed hybrid optimized KELM,formal_multiseed_10seed_full_with_tisngo_mcc_variants.csv,0.7670021961153862,0.6644295302013423,0.8854097268487675,0.2234762979683973,0.3344594594594595,0.2576782925559604,0.4764196342637151,0.3357438213264257,0.5823719039968273,0.7749196285250549,0.475751461496873,0.8472964332503164,5.0,5.0,
3year.arff,7,PBMSBAINGO-HGBKELM(Triad-mode),Proposed hybrid optimized KELM,formal_pbmsbaingo_hgbkelm_triad_alpha005_10seed_complete.csv,0.7961289470564172,0.6778523489932886,0.9350433044636908,0.3412162162162162,0.4539325842696629,0.3788447111777944,0.5661434977578476,0.4458985989532081,0.6562474758211568,0.8064478267284898,0.5362879173254619,0.8720539774378603,7.0,7.0,0.05
3year.arff,7,PBMSBAINGO-KELM,Optimizer-KELM,formal_multiseed_10seed_full_with_tisngo_mcc_variants.csv,0.5686666225635454,0.3758389261744966,0.8604263824117255,0.1178947368421052,0.1794871794871795,0.1366520253782333,0.261437908496732,0.140154993821318,0.3565398010550615,0.6181326542931112,0.1153366092568926,0.7163993579224588,28.0,28.0,
3year.arff,7,RF_balanced,External ML baseline,formal_multiseed_10seed_full_with_tisngo_mcc_variants.csv,0.6059853752896562,0.3892617449664429,0.9433710859427048,0.2543859649122807,0.3076923076923077,0.2733270499528746,0.3519417475728155,0.2725095702889771,0.46426792632303193,0.666316415454574,0.2893683758584479,0.8024661411408055,,,
3year.arff,7,TIS_NGO-KELM,Optimizer-KELM,formal_multiseed_10seed_full_with_tisngo_mcc_variants.csv,0.4654468903045753,0.2483221476510067,0.8724183877415057,0.0880952380952381,0.1300527240773286,0.1011481683980317,0.1820866141732283,0.0753990858030174,0.2537282254813543,0.5603702676962562,0.0917018187884024,0.7018095319004333,15.0,15.0,
3year.arff,8,BAINGO-KELM,Optimizer-KELM,formal_multiseed_10seed_full_with_tisngo_mcc_variants.csv,0.6631208174626136,0.5704697986577181,0.770819453697535,0.1099611901681759,0.1843817787418655,0.1311323665535328,0.310445580715851,0.1683547670062266,0.4198913364676898,0.6706446261776265,0.1226325782596427,0.7531399648556443,13.0,13.0,
3year.arff,8,BalancedRF,External ML baseline,formal_multiseed_10seed_full_with_tisngo_mcc_variants.csv,0.6603741803704694,0.4966442953020134,0.8780812791472352,0.1681818181818181,0.2512733446519524,0.1938187532739654,0.3571428571428571,0.2294672522202269,0.4642660873802528,0.6873627872246243,0.2324534325544516,0.801713846250151,,,
3year.arff,8,EasyEnsemble,External ML baseline,formal_multiseed_10seed_full_with_tisngo_mcc_variants.csv,0.6610779733513871,0.4832214765100671,0.9043970686209194,0.2005571030640668,0.2834645669291338,0.2271293375394321,0.3769633507853403,0.2589393741896089,0.4836907952014581,0.6938092725654933,0.2968059108242897,0.8008888928633707,,,
3year.arff,8,ExtraTrees_balanced,External ML baseline,formal_multiseed_10seed_full_with_tisngo_mcc_variants.csv,0.6713599077623106,0.5906040268456376,0.7631578947368421,0.1101376720901126,0.1856540084388185,0.1315396113602391,0.3154121863799283,0.1725907492337728,0.4268835698058481,0.6768809607912398,0.1560232148966772,0.764330491082008,,,
3year.arff,8,HistGB,External ML baseline,formal_multiseed_10seed_full_with_tisngo_mcc_variants.csv,0.6624715049184763,0.4630872483221476,0.947701532311792,0.3053097345132743,0.368,0.3276353276353276,0.4197080291970803,0.3379091073872982,0.5293116272000005,0.7053943903169699,0.4206554868435246,0.841778858836838,,,
3year.arff,8,INGO-KELM,Optimizer-KELM,formal_multiseed_10seed_full_with_tisngo_mcc_variants.csv,0.6023553249909827,0.4429530201342282,0.8191205862758161,0.1083743842364532,0.1741424802110818,0.1276595744680851,0.2738589211618257,0.1408722151796601,0.3711165172875126,0.6310368032050222,0.0999984412996513,0.7177586307115169,18.0,18.0,
3year.arff,8,LR_balanced,External ML baseline,formal_multiseed_10seed_full_with_tisngo_mcc_variants.csv,0.6490131503948978,0.5570469798657718,0.7561625582944703,0.101840490797546,0.1721991701244813,0.1217365796421238,0.2941176470588235,0.1518162408976071,0.39989110346541806,0.6566047690801211,0.0977750702601066,0.692522658272561,,,
3year.arff,8,MSBAINGO-KELM,Optimizer-KELM,formal_multiseed_10seed_full_with_tisngo_mcc_variants.csv,0.5560122345428612,0.3825503355704698,0.8081279147235176,0.0900473933649289,0.1457800511508951,0.1063036180529653,0.2318958502847843,0.1010112902100337,0.31490498676383233,0.5953391251469937,0.0777171443668103,0.6738103009626693,7.0,7.0,
3year.arff,8,NGO-KELM,Optimizer-KELM,formal_multiseed_10seed_full_with_tisngo_mcc_variants.csv,0.6536007582891017,0.5973154362416108,0.7151898734177216,0.0942796610169491,0.1628545288197621,0.1133757961783439,0.288961038961039,0.144800051093945,0.3954861417413318,0.6562526548296661,0.0963207707058212,0.6893525121954491,9.0,9.0,
3year.arff,8,PBMSBAINGO-HGBKELM(F2-mode),Proposed hybrid optimized KELM,formal_multiseed_10seed_full_with_tisngo_mcc_variants.csv,0.7341134772383551,0.610738255033557,0.8824117255163224,0.2049549549549549,0.3069139966273187,0.2363636363636363,0.4375,0.3008443679419267,0.5452840067352932,0.7465749902749397,0.4189876681730873,0.8337976024931925,6.0,6.0,
3year.arff,8,PBMSBAINGO-HGBKELM(MCC-guarded),Proposed hybrid optimized KELM,formal_multiseed_10seed_full_with_tisngo_mcc_variants.csv,0.7404675482383699,0.6040268456375839,0.907728181212525,0.2452316076294278,0.3488372093023256,0.2782931354359926,0.4672897196261682,0.3386046733799875,0.5704728792681953,0.7558775134250544,0.4189876681730873,0.8337976024931925,,6.0,
3year.arff,8,PBMSBAINGO-HGBKELM(Sensitivity-mode),Proposed hybrid optimized KELM,formal_multiseed_10seed_full_with_tisngo_mcc_variants.csv,0.7041142411857433,0.5637583892617449,0.8794137241838774,0.1883408071748878,0.2823529411764706,0.2172788411795137,0.4030710172744721,0.2698483946352791,0.5114486443262868,0.7215860567228112,0.4100205960681571,0.815474247593327,15.0,15.0,
3year.arff,8,PBMSBAINGO-HGBKELM(Triad-mode),Proposed hybrid optimized KELM,formal_pbmsbaingo_hgbkelm_triad_alpha005_10seed_complete.csv,0.7500147178586511,0.610738255033557,0.9210526315789472,0.2774390243902439,0.3815513626834381,0.3114305270362765,0.4924242424242424,0.3696128041914671,0.5924188377625798,0.7658954433062521,0.5120704440870163,0.8629794901832782,9.0,9.0,0.05
3year.arff,8,PBMSBAINGO-KELM,Optimizer-KELM,formal_multiseed_10seed_full_with_tisngo_mcc_variants.csv,0.5722896444422781,0.3959731543624161,0.8271152564956695,0.102076124567474,0.1623108665749656,0.1198699715562779,0.2512776831345826,0.1223465354446298,0.3421956492506077,0.6115442054290428,0.0958313970848152,0.7099159844220184,18.0,18.0,
3year.arff,8,RF_balanced,External ML baseline,formal_multiseed_10seed_full_with_tisngo_mcc_variants.csv,0.7249891897999167,0.6442953020134228,0.8157894736842105,0.147919876733436,0.2406015037593984,0.174863387978142,0.3855421686746988,0.2414739796824705,0.5025482910874742,0.7300423878488167,0.3006894623730651,0.8194715827032539,,,
3year.arff,8,TIS_NGO-KELM,Optimizer-KELM,formal_multiseed_10seed_full_with_tisngo_mcc_variants.csv,0.6090929988248456,0.436241610738255,0.8504330446369087,0.1264591439688716,0.196078431372549,0.1473922902494331,0.2927927927927928,0.1646839036279736,0.39385780480043014,0.6433373276875819,0.1127839015341218,0.7433277144096329,22.0,22.0,
3year.arff,9,BAINGO-KELM,Optimizer-KELM,formal_multiseed_10seed_full_with_tisngo_mcc_variants.csv,0.6215893260744549,0.5100671140939598,0.7574950033311126,0.0945273631840796,0.1594963273871983,0.112927191679049,0.2714285714285714,0.130268236272932,0.36921715923236703,0.6337810587125362,0.1066243996581964,0.6940428975761127,10.0,10.0,
3year.arff,9,BalancedRF,External ML baseline,formal_multiseed_10seed_full_with_tisngo_mcc_variants.csv,0.6257403986525952,0.4697986577181208,0.8334443704197202,0.1228070175438596,0.1947148817802503,0.1440922190201729,0.3001715265866209,0.1672083159369295,0.4030405603559561,0.6516215140689205,0.1367035528545539,0.757577722234394,,,
3year.arff,9,EasyEnsemble,External ML baseline,formal_multiseed_10seed_full_with_tisngo_mcc_variants.csv,0.6820605843786762,0.5302013422818792,0.8774150566289141,0.1767337807606264,0.2651006711409396,0.2039235931853381,0.3787152444870565,0.2479665050033796,0.48679522416311244,0.7038081994553966,0.1745480255703174,0.8058609696443981,,,
3year.arff,9,ExtraTrees_balanced,External ML baseline,formal_multiseed_10seed_full_with_tisngo_mcc_variants.csv,0.6554793374883657,0.5838926174496645,0.7358427714856762,0.0988636363636363,0.1690962099125364,0.1185609157808667,0.2947154471544715,0.1512652893508032,0.40205527537776375,0.6598676944676704,0.1038951320852543,0.719249806616618,,,
3year.arff,9,HistGB,External ML baseline,formal_multiseed_10seed_full_with_tisngo_mcc_variants.csv,0.6357710303733104,0.4295302013422818,0.941039307128581,0.2655601659751037,0.3282051282051282,0.2875112309074573,0.3823178016726404,0.2959464561541869,0.49272530977962253,0.6852847542354314,0.2912963603948392,0.8356788986313375,,,
3year.arff,9,INGO-KELM,Optimizer-KELM,formal_multiseed_10seed_full_with_tisngo_mcc_variants.csv,0.6243329184630996,0.5302013422818792,0.7351765489673551,0.0903890160183066,0.1544477028347996,0.1083676268861454,0.2687074829931973,0.1258131353208771,0.3660323621107351,0.6326889456246172,0.0842392168749241,0.6816261194997518,4.0,4.0,
3year.arff,9,LR_balanced,External ML baseline,formal_multiseed_10seed_full_with_tisngo_mcc_variants.csv,0.602941457930981,0.4697986577181208,0.77381745502998,0.0934579439252336,0.155902004454343,0.1112877583465818,0.2602230483271375,0.1214722502784802,0.35346177723498745,0.6218080563740505,0.1233070474108623,0.6765266108947503,,,
3year.arff,9,MSBAINGO-KELM,Optimizer-KELM,formal_multiseed_10seed_full_with_tisngo_mcc_variants.csv,0.5475666138863416,0.3288590604026846,0.9117255163224516,0.1560509554140127,0.2116630669546436,0.1743772241992882,0.2692307692307692,0.1704793451909171,0.37112074378166027,0.6202922883625681,0.1210359969827079,0.7001953954634271,20.0,20.0,
3year.arff,9,NGO-KELM,Optimizer-KELM,formal_multiseed_10seed_full_with_tisngo_mcc_variants.csv,0.5819547326456723,0.4496644295302013,0.7531645569620253,0.0829207920792079,0.1400208986415883,0.0990831115054717,0.2386039886039886,0.0985908643317281,0.3220117315689351,0.6014144932461134,0.0892447372165935,0.6363498160063314,37.0,37.0,
3year.arff,9,PBMSBAINGO-HGBKELM(F2-mode),Proposed hybrid optimized KELM,formal_multiseed_10seed_full_with_tisngo_mcc_variants.csv,0.6229940332690027,0.4093959731543624,0.9480346435709528,0.2811059907834101,0.3333333333333333,0.2999016715830875,0.3751537515375154,0.2995920653527458,0.4880893824965519,0.6787153083626576,0.2851192272993764,0.8023129993874328,5.0,5.0,
3year.arff,9,PBMSBAINGO-HGBKELM(MCC-guarded),Proposed hybrid optimized KELM,formal_multiseed_10seed_full_with_tisngo_mcc_variants.csv,0.6229940332690027,0.4093959731543624,0.9480346435709528,0.2811059907834101,0.3333333333333333,0.2999016715830875,0.3751537515375154,0.2995920653527458,0.4880893824965519,0.6787153083626576,0.2851192272993764,0.8023129993874328,,5.0,
3year.arff,9,PBMSBAINGO-HGBKELM(Sensitivity-mode),Proposed hybrid optimized KELM,formal_multiseed_10seed_full_with_tisngo_mcc_variants.csv,0.65522177873065,0.4563758389261745,0.9407061958694204,0.2764227642276423,0.3443037974683544,0.3000882612533098,0.4038004750593824,0.3141507457040075,0.512827825173659,0.6985410173977975,0.2926638269441447,0.8139517726437409,4.0,4.0,
3year.arff,9,PBMSBAINGO-HGBKELM(Triad-mode),Proposed hybrid optimized KELM,formal_pbmsbaingo_hgbkelm_triad_alpha005_10seed_complete.csv,0.7176031189492358,0.5503355704697986,0.935709526982012,0.2981818181818181,0.3867924528301887,0.3282626100880704,0.4707233065442021,0.3655226194232497,0.5730963346633133,0.7430225487259053,0.4891050911746872,0.8435740826026497,8.0,8.0,0.05
3year.arff,9,PBMSBAINGO-KELM,Optimizer-KELM,formal_multiseed_10seed_full_with_tisngo_mcc_variants.csv,0.5737819327517769,0.3892617449664429,0.845769487008661,0.1113243761996161,0.1731343283582089,0.1298701298701298,0.2596239928379588,0.1342849430492571,0.3535957359312591,0.6175156159875519,0.0913677781190675,0.6589946746911455,9.0,9.0,
3year.arff,9,RF_balanced,External ML baseline,formal_multiseed_10seed_full_with_tisngo_mcc_variants.csv,0.6100007590196815,0.4026845637583892,0.9240506329113924,0.2083333333333333,0.2745995423340961,0.2305918524212144,0.3393665158371041,0.2406508945991866,0.44738636478679367,0.6633675983348908,0.1849806859863789,0.7893227781031884,,,
3year.arff,9,TIS_NGO-KELM,Optimizer-KELM,formal_multiseed_10seed_full_with_tisngo_mcc_variants.csv,0.5745898532490267,0.3959731543624161,0.8337774816788808,0.1057347670250896,0.1669024045261669,0.123897522049559,0.255632582322357,0.127742921014675,0.34808415084082195,0.6148753180206484,0.1104209297422973,0.6861868374104064,12.0,12.0,
3year.arff,10,BAINGO-KELM,Optimizer-KELM,formal_multiseed_10seed_full_with_tisngo_mcc_variants.csv,0.4913753878050262,0.2684563758389262,0.899400399733511,0.1169590643274853,0.1629327902240326,0.1318391562294001,0.2132196162046908,0.11453769312598,0.3024069330473388,0.5839283877862186,0.1137239720257414,0.7210360877982911,18.0,18.0,
3year.arff,10,BalancedRF,External ML baseline,formal_multiseed_10seed_full_with_tisngo_mcc_variants.csv,0.6268166726123305,0.4630872483221476,0.8484343770819454,0.1316793893129771,0.2050520059435364,0.153674832962138,0.3080357142857143,0.1775787515686697,0.41167771588684543,0.6557608127020464,0.1504412053335306,0.7613649066170651,,,
3year.arff,10,EasyEnsemble,External ML baseline,formal_multiseed_10seed_full_with_tisngo_mcc_variants.csv,0.6471676198083857,0.4563758389261745,0.9177215189873418,0.2158730158730158,0.293103448275862,0.2413058907026259,0.3732162458836443,0.2647126702779793,0.4803997390815113,0.6870486789567581,0.1772761395586009,0.8127903545287483,,,
3year.arff,10,ExtraTrees_balanced,External ML baseline,formal_multiseed_10seed_full_with_tisngo_mcc_variants.csv,0.6483083295449356,0.5436241610738255,0.7731512325116588,0.1062992125984252,0.1778265642151482,0.1266812636847044,0.2982326951399116,0.1570233927605341,0.4041189227276475,0.6583876967927422,0.1330188411932106,0.7549575450818022,,,
3year.arff,10,HistGB,External ML baseline,formal_multiseed_10seed_full_with_tisngo_mcc_variants.csv,0.7132563838181313,0.5637583892617449,0.902398401065956,0.2228116710875331,0.3193916349809886,0.2534701267350633,0.4316546762589928,0.3048643130497762,0.5372783096231964,0.7330783951638504,0.3102768206954885,0.8467710564321772,,,
3year.arff,10,INGO-KELM,Optimizer-KELM,formal_multiseed_10seed_full_with_tisngo_mcc_variants.csv,0.527185296452399,0.3154362416107382,0.8810792804796802,0.1163366336633663,0.1699819168173598,0.1331444759206798,0.235,0.1247599883121996,0.3260873622936693,0.5982577610452092,0.1057023173366448,0.7319057988186846,15.0,15.0,
3year.arff,10,LR_balanced,External ML baseline,formal_multiseed_10seed_full_with_tisngo_mcc_variants.csv,0.6464331199464733,0.5704697986577181,0.7325116588940707,0.0957207207207207,0.1639344262295081,0.1148338286949473,0.2863881401617251,0.1429439466854657,0.3909047873384108,0.6514907287758944,0.1160980494543684,0.7094643839230222,,,
3year.arff,10,MSBAINGO-KELM,Optimizer-KELM,formal_multiseed_10seed_full_with_tisngo_mcc_variants.csv,0.6279302666988111,0.4899328859060403,0.8047968021319121,0.1107738998482549,0.1806930693069307,0.1310592459605027,0.2908366533864542,0.1538174602634819,0.39289468760012614,0.6473648440189762,0.1197335251653597,0.716826366315074,25.0,25.0,
3year.arff,10,NGO-KELM,Optimizer-KELM,formal_multiseed_10seed_full_with_tisngo_mcc_variants.csv,0.5275837736797021,0.3154362416107382,0.8824117255163224,0.1175,0.1712204007285974,0.1343624928530589,0.2359437751004016,0.1261405672247634,0.3274506673250224,0.5989239835635303,0.1018578441190577,0.6951338928410142,17.0,17.0,
3year.arff,10,PBMSBAINGO-HGBKELM(F2-mode),Proposed hybrid optimized KELM,formal_multiseed_10seed_full_with_tisngo_mcc_variants.csv,0.7116748821297586,0.5637583892617449,0.8984010659560293,0.2159383033419023,0.312267657992565,0.2463343108504398,0.4263959390862944,0.2981972836021732,0.5325441925942868,0.7310797276088872,0.3089612712948589,0.846558670058887,5.0,5.0,
3year.arff,10,PBMSBAINGO-HGBKELM(MCC-guarded),Proposed hybrid optimized KELM,formal_multiseed_10seed_full_with_tisngo_mcc_variants.csv,0.6855572095974667,0.5033557046979866,0.9337108594270488,0.2737226277372263,0.3546099290780142,0.3012048192771084,0.4310344827586206,0.3292310975179787,0.5368621070227332,0.7185332820625177,0.3089612712948588,0.846558670058887,,5.0,
3year.arff,10,PBMSBAINGO-HGBKELM(Sensitivity-mode),Proposed hybrid optimized KELM,formal_multiseed_10seed_full_with_tisngo_mcc_variants.csv,0.717154355956719,0.5771812080536913,0.891072618254497,0.2082324455205811,0.3060498220640569,0.2387562465297057,0.4261645193260654,0.2945018757857231,0.5330538882020922,0.7341269131540942,0.3102746692041953,0.8512401128554118,5.0,5.0,
3year.arff,10,PBMSBAINGO-HGBKELM(Triad-mode),Proposed hybrid optimized KELM,formal_pbmsbaingo_hgbkelm_triad_alpha005_10seed_complete.csv,0.7134475579000484,0.5302013422818792,0.9600266489007327,0.3969849246231156,0.4540229885057471,0.4179894179894179,0.4968553459119497,0.427771521539686,0.6016057705370764,0.745113995591306,0.505091635309279,0.872226122182527,4.0,4.0,0.05
3year.arff,10,PBMSBAINGO-KELM,Optimizer-KELM,formal_multiseed_10seed_full_with_tisngo_mcc_variants.csv,0.5073889863529913,0.2885906040268456,0.8920719520319786,0.1171662125340599,0.1666666666666666,0.1329622758194186,0.2232606438213915,0.1195360720984364,0.31337211662069114,0.5903312780294121,0.1115674144027541,0.7226479885892626,27.0,27.0,
3year.arff,10,RF_balanced,External ML baseline,formal_multiseed_10seed_full_with_tisngo_mcc_variants.csv,0.6328173988662869,0.4630872483221476,0.8647568287808128,0.1452631578947368,0.2211538461538461,0.1683748169838946,0.3221288515406162,0.194480454518157,0.427048887133337,0.6639220385514802,0.1809110891801644,0.7709267647071973,,,
3year.arff,10,TIS_NGO-KELM,Optimizer-KELM,formal_multiseed_10seed_full_with_tisngo_mcc_variants.csv,0.4884182372512858,0.261744966442953,0.9113924050632912,0.1278688524590163,0.171806167400881,0.1424397370343316,0.2164261931187569,0.1242859197550069,0.30950563337597337,0.586568685753122,0.1185609083240345,0.7068576206466383,19.0,19.0,
4year.arff,1,BAINGO-KELM,Optimizer-KELM,formal_multiseed_10seed_full_with_tisngo_mcc_variants.csv,0.6247181275293996,0.4516129032258064,0.8641753503413583,0.15625,0.2321724709784411,0.1797637390857729,0.3277153558052434,0.1963720813083568,0.4247655823910994,0.6578941267835824,0.1594094136287721,0.7340141179743374,16.0,16.0,
4year.arff,1,BalancedRF,External ML baseline,formal_multiseed_10seed_full_with_tisngo_mcc_variants.csv,0.6452989200967982,0.4838709677419355,0.8605821056413941,0.161987041036717,0.2427184466019417,0.186846038863976,0.3462603878116344,0.2113364554873294,0.44480066917996464,0.6722265366916649,0.2015783208803611,0.7734157847762336,,,
4year.arff,1,EasyEnsemble,External ML baseline,formal_multiseed_10seed_full_with_tisngo_mcc_variants.csv,0.5736800148194894,0.3483870967741935,0.9446640316205532,0.2596153846153846,0.2975206611570248,0.2735562310030395,0.3260869565217391,0.2554187994391286,0.4380571435138129,0.6465255641973735,0.2308580403496301,0.7957391072525588,,,
4year.arff,1,ExtraTrees_balanced,External ML baseline,formal_multiseed_10seed_full_with_tisngo_mcc_variants.csv,0.5723388663725886,0.3677419354838709,0.8907653611210924,0.1578947368421052,0.2209302325581395,0.1782363977485928,0.290519877675841,0.1760290916758972,0.3863346327503867,0.6292536483024816,0.140852230625764,0.7372248559804342,,,
4year.arff,1,HistGB,External ML baseline,formal_multiseed_10seed_full_with_tisngo_mcc_variants.csv,0.683251076250118,0.4838709677419355,0.964786201940352,0.4335260115606936,0.4573170731707317,0.4427390791027155,0.4728877679697352,0.4260557640297702,0.5837259912901436,0.7243285848411438,0.4062391266126806,0.8567361747012391,,,
4year.arff,1,INGO-KELM,Optimizer-KELM,formal_multiseed_10seed_full_with_tisngo_mcc_variants.csv,0.6352606969912202,0.5161290322580645,0.7818900467121811,0.1164483260553129,0.1900237529691211,0.1377884946606958,0.306044376434583,0.1573984330153748,0.3989956179405115,0.6490095394851227,0.1446287074026942,0.7340419366429822,46.0,46.0,
4year.arff,1,LR_balanced,External ML baseline,formal_multiseed_10seed_full_with_tisngo_mcc_variants.csv,0.4906672493296793,0.2645161290322581,0.9101688825008984,0.140893470790378,0.1838565022421524,0.155420773313116,0.2250274423710208,0.1307237898121887,0.31572544981911266,0.5873425057665782,0.1245534990818401,0.6959720886024597,,,
4year.arff,1,MSBAINGO-KELM,Optimizer-KELM,formal_multiseed_10seed_full_with_tisngo_mcc_variants.csv,0.5216000185457788,0.2903225806451613,0.9371182177506288,0.2045454545454545,0.24,0.217391304347826,0.2678571428571428,0.1931767062384012,0.3745789067044808,0.6137203991978951,0.1944709413162538,0.7581189943551285,22.0,22.0,
4year.arff,1,NGO-KELM,Optimizer-KELM,formal_multiseed_10seed_full_with_tisngo_mcc_variants.csv,0.6131822640614011,0.4516129032258064,0.8325547969816744,0.1305970149253731,0.2026049204052098,0.1522401043932144,0.3027681660899654,0.1644857458270915,0.39545992460776574,0.6420838501037405,0.1292531424705646,0.6955942183533665,21.0,21.0,
4year.arff,1,PBMSBAINGO-HGBKELM(F2-mode),Proposed hybrid optimized KELM,formal_multiseed_10seed_full_with_tisngo_mcc_variants.csv,0.683378299242795,0.4838709677419355,0.9651455264103486,0.436046511627907,0.4587155963302752,0.4448398576512455,0.4734848484848485,0.4275574079984823,0.5844835162567692,0.724508247076142,0.4028285629340836,0.8480266131930037,13.0,13.0,
4year.arff,1,PBMSBAINGO-HGBKELM(MCC-guarded),Proposed hybrid optimized KELM,formal_multiseed_10seed_full_with_tisngo_mcc_variants.csv,0.683378299242795,0.4838709677419355,0.9651455264103486,0.436046511627907,0.4587155963302752,0.4448398576512455,0.4734848484848485,0.4275574079984823,0.5844835162567692,0.724508247076142,0.401469885658755,0.845995850381927,,13.0,
4year.arff,1,PBMSBAINGO-HGBKELM(Sensitivity-mode),Proposed hybrid optimized KELM,formal_multiseed_10seed_full_with_tisngo_mcc_variants.csv,0.6814674604781341,0.4838709677419355,0.9597556593604024,0.4010695187165775,0.4385964912280701,0.4152823920265781,0.4646840148698885,0.4062318391587918,0.5735281452973026,0.721813313551169,0.3803194180530679,0.803118009110614,6.0,6.0,
4year.arff,1,PBMSBAINGO-HGBKELM(Triad-mode),Proposed hybrid optimized KELM,formal_pbmsbaingo_hgbkelm_triad_alpha005_10seed_complete.csv,0.7499956533204285,0.5806451612903226,0.9687387711103126,0.5084745762711864,0.5421686746987951,0.5214368482039398,0.5646173149309912,0.5161531348832105,0.6621636773450859,0.7746919662003175,0.5677565812604048,0.8825588538708518,8.0,8.0,0.05
4year.arff,1,PBMSBAINGO-KELM,Optimizer-KELM,formal_multiseed_10seed_full_with_tisngo_mcc_variants.csv,0.6600130065044163,0.5548387096774193,0.7851239669421488,0.1257309941520467,0.2050059594755661,0.1487374610861293,0.3297546012269938,0.1798244271313693,0.4278759645452831,0.6699813383097841,0.1694437122505593,0.7449538094189375,22.0,22.0,
4year.arff,1,RF_balanced,External ML baseline,formal_multiseed_10seed_full_with_tisngo_mcc_variants.csv,0.5497092760314699,0.3225806451612903,0.9367588932806324,0.2212389380530973,0.2624671916010498,0.2360717658168083,0.2955082742316784,0.2175665492810393,0.4036014813326613,0.6296697692209614,0.2154969371390184,0.7988014790258827,,,
4year.arff,1,TIS_NGO-KELM,Optimizer-KELM,formal_multiseed_10seed_full_with_tisngo_mcc_variants.csv,0.4862344189233216,0.2516129032258064,0.9396334890406036,0.1884057971014492,0.2154696132596685,0.1983723296032553,0.2357920193470374,0.1670589243187419,0.3405548153544095,0.595623196133205,0.1675345103173803,0.7295237212105757,38.0,38.0,
4year.arff,2,BAINGO-KELM,Optimizer-KELM,formal_multiseed_10seed_full_with_tisngo_mcc_variants.csv,0.6427197551012552,0.4774193548387097,0.8652533237513474,0.1648106904231625,0.2450331125827814,0.1896463352127114,0.3461178671655753,0.2128954171606939,0.4447028064344112,0.6713363392950286,0.1337104505726346,0.720239240550346,12.0,12.0,
4year.arff,2,BalancedRF,External ML baseline,formal_multiseed_10seed_full_with_tisngo_mcc_variants.csv,0.6848320485229091,0.5935483870967742,0.7901545095220984,0.136094674556213,0.2214199759326113,0.1608954179783141,0.3549382716049383,0.2037970446106235,0.4572166226653529,0.6918514483094362,0.1939676986023822,0.785919117220915,,,
4year.arff,2,EasyEnsemble,External ML baseline,formal_multiseed_10seed_full_with_tisngo_mcc_variants.csv,0.7055108282149686,0.5483870967741935,0.9076536112109236,0.2485380116959064,0.3420523138832998,0.2790544977019041,0.4417879417879418,0.3178781423574218,0.5408655802915662,0.7280203539925585,0.3148589158599502,0.8383828080627774,,,
4year.arff,2,ExtraTrees_balanced,External ML baseline,formal_multiseed_10seed_full_with_tisngo_mcc_variants.csv,0.6175466057151601,0.4580645161290322,0.8325547969816744,0.1322160148975791,0.2052023121387283,0.1541467650890143,0.3068280034572169,0.168098447066088,0.40022209388569685,0.6453096565553533,0.1623648403668132,0.7599364807065943,,,
4year.arff,2,HistGB,External ML baseline,formal_multiseed_10seed_full_with_tisngo_mcc_variants.csv,0.6763917685289699,0.4645161290322581,0.9849083722601508,0.631578947368421,0.5353159851301115,0.5891980360065466,0.4904632152588556,0.5202288411968028,0.6197221482522247,0.7247122506462045,0.5513300033189015,0.8662872509359822,,,
4year.arff,2,INGO-KELM,Optimizer-KELM,formal_multiseed_10seed_full_with_tisngo_mcc_variants.csv,0.5999876360198789,0.4193548387096774,0.8584261588214157,0.1416122004357298,0.2117263843648208,0.1632345554997488,0.3012048192771084,0.1710331834157936,0.3948707764545095,0.6388904987655466,0.1275025200250776,0.7336675437274697,21.0,21.0,
4year.arff,2,LR_balanced,External ML baseline,formal_multiseed_10seed_full_with_tisngo_mcc_variants.csv,0.6017084158842989,0.4064516129032258,0.8907653611210924,0.1716621253405994,0.2413793103448276,0.1940850277264325,0.3191489361702128,0.2009610957639586,0.4174726742647237,0.6486084870121591,0.1749809017653551,0.7333116965910539,,,
4year.arff,2,MSBAINGO-KELM,Optimizer-KELM,formal_multiseed_10seed_full_with_tisngo_mcc_variants.csv,0.6557386379068707,0.5290322580645161,0.8127919511318721,0.1359867330016583,0.2163588390501319,0.1597195169458511,0.3352412101390024,0.1892008884677113,0.43330620341949505,0.6709121045981941,0.1341755537777586,0.7257716782770971,6.0,6.0,
4year.arff,2,NGO-KELM,Optimizer-KELM,formal_multiseed_10seed_full_with_tisngo_mcc_variants.csv,0.5717411148032587,0.3612903225806451,0.9047790154509522,0.1744548286604361,0.2352941176470588,0.1945795691452397,0.2975557917109458,0.1906614553957261,0.3964793603505849,0.6330346690157986,0.1455160053258271,0.7355800771968055,14.0,14.0,
4year.arff,2,PBMSBAINGO-HGBKELM(F2-mode),Proposed hybrid optimized KELM,formal_multiseed_10seed_full_with_tisngo_mcc_variants.csv,0.6765151414015926,0.4645161290322581,0.9852676967301474,0.6371681415929203,0.5373134328358209,0.5930807248764415,0.4911323328785811,0.5228508742991791,0.6208370505061468,0.7248919128812027,0.5511954301181987,0.8690389809094387,5.0,5.0,
4year.arff,2,PBMSBAINGO-HGBKELM(MCC-guarded),Proposed hybrid optimized KELM,formal_multiseed_10seed_full_with_tisngo_mcc_variants.csv,0.6763917685289699,0.4645161290322581,0.9849083722601508,0.631578947368421,0.5353159851301115,0.5891980360065466,0.4904632152588556,0.5202288411968028,0.6197221482522247,0.7247122506462045,0.5514294927217875,0.8739744763715183,,5.0,
4year.arff,2,PBMSBAINGO-HGBKELM(Sensitivity-mode),Proposed hybrid optimized KELM,formal_multiseed_10seed_full_with_tisngo_mcc_variants.csv,0.7458049387506692,0.5935483870967742,0.9371182177506288,0.3445692883895131,0.4360189573459715,0.3761242845461979,0.5186020293122886,0.4127163135080231,0.6123044022228212,0.7653333024237015,0.5499132391209873,0.8629281466971127,4.0,4.0,
4year.arff,2,PBMSBAINGO-HGBKELM(Triad-mode),Proposed hybrid optimized KELM,formal_pbmsbaingo_hgbkelm_triad_alpha005_10seed_complete.csv,0.8060715667042141,0.7096774193548387,0.9155587495508444,0.3188405797101449,0.44,0.3583061889250814,0.5699481865284974,0.434165929273701,0.6558446517330007,0.8126180844528416,0.5850045533944438,0.8762532889780117,27.0,27.0,0.05
4year.arff,2,PBMSBAINGO-KELM,Optimizer-KELM,formal_multiseed_10seed_full_with_tisngo_mcc_variants.csv,0.6442904418963126,0.4645161290322581,0.8936399568810636,0.1956521739130435,0.2753346080305927,0.2212661339889367,0.3643724696356275,0.2418824263933196,0.46478906066923437,0.6790780429566609,0.1721187423968791,0.7670928332154904,13.0,13.0,
4year.arff,2,RF_balanced,External ML baseline,formal_multiseed_10seed_full_with_tisngo_mcc_variants.csv,0.7088577705315611,0.5935483870967742,0.8465684513115344,0.1772639691714836,0.2729970326409495,0.2061855670103092,0.4038630377524144,0.2579816545076652,0.5060992311526193,0.7200584192041543,0.2368658599926786,0.8140692916671496,,,
4year.arff,2,TIS_NGO-KELM,Optimizer-KELM,formal_multiseed_10seed_full_with_tisngo_mcc_variants.csv,0.6230702011864353,0.4451612903225806,0.8720804886812792,0.1623529411764706,0.2379310344827586,0.1859838274932614,0.3301435406698564,0.2016146654707255,0.4277585451712464,0.6586208895019299,0.1378514700984684,0.7092578211027784,9.0,9.0,
4year.arff,3,BAINGO-KELM,Optimizer-KELM,formal_multiseed_10seed_full_with_tisngo_mcc_variants.csv,0.5472112474113829,0.3354838709677419,0.8925619834710744,0.1481481481481481,0.2055335968379446,0.1667735728030789,0.2677651905252317,0.1571783992322778,0.3610502339065639,0.6140229272194082,0.1210976458725119,0.7133355742816408,17.0,17.0,
4year.arff,3,BalancedRF,External ML baseline,formal_multiseed_10seed_full_with_tisngo_mcc_variants.csv,0.6329465092720994,0.4580645161290322,0.874595759971254,0.169047619047619,0.2469565217391304,0.1934604904632152,0.3413461538461538,0.2124569232337752,0.439880761931602,0.6663301380501432,0.1647616301524978,0.7841456770948037,,,
4year.arff,3,EasyEnsemble,External ML baseline,formal_multiseed_10seed_full_with_tisngo_mcc_variants.csv,0.6857792204644622,0.5290322580645161,0.8889687387711103,0.2097186700767263,0.3003663003663003,0.2385107620709715,0.4055390702274975,0.2751040085404009,0.5057724710776574,0.7090004984178132,0.2344346383455569,0.8320563791684537,,,
4year.arff,3,ExtraTrees_balanced,External ML baseline,formal_multiseed_10seed_full_with_tisngo_mcc_variants.csv,0.6073627051157096,0.4258064516129032,0.8663312971613367,0.1506849315068493,0.2225969645868465,0.1730466701625589,0.3119092627599243,0.1833593542970975,0.4074426027369681,0.6460688743871199,0.1328550183034134,0.7682496261866402,,,
4year.arff,3,HistGB,External ML baseline,formal_multiseed_10seed_full_with_tisngo_mcc_variants.csv,0.6684069257846021,0.4709677419354838,0.9486166007905138,0.3379629629629629,0.3935309973045822,0.3581943081452404,0.4366028708133971,0.3593939730884849,0.5435225379562769,0.7097921713629989,0.3526526007931709,0.8657911513451485,,,
4year.arff,3,INGO-KELM,Optimizer-KELM,formal_multiseed_10seed_full_with_tisngo_mcc_variants.csv,0.5894021526873872,0.4,0.8684872439813152,0.1448598130841121,0.2126929674099485,0.1660417782538832,0.2958015267175573,0.1701325313908582,0.38952643224672795,0.6342436219906575,0.1289398216316053,0.7281119237768479,10.0,10.0,
4year.arff,3,LR_balanced,External ML baseline,formal_multiseed_10seed_full_with_tisngo_mcc_variants.csv,0.663184100590177,0.5806451612903226,0.7574559827524254,0.1176470588235294,0.1956521739130435,0.1399688958009331,0.3249097472924188,0.1722298850851334,0.42311547332671695,0.669050572021374,0.1821329990597733,0.7071296929514449,,,
4year.arff,3,MSBAINGO-KELM,Optimizer-KELM,formal_multiseed_10seed_full_with_tisngo_mcc_variants.csv,0.6081275053331241,0.432258064516129,0.8555515630614445,0.1428571428571428,0.2147435897435897,0.1649433776464795,0.3076216712580349,0.1756632054819194,0.4019975124424255,0.6439048137887868,0.1312821222032422,0.729277989637546,11.0,11.0,
4year.arff,3,NGO-KELM,Optimizer-KELM,formal_multiseed_10seed_full_with_tisngo_mcc_variants.csv,0.6472735581856113,0.5032258064516129,0.8325547969816744,0.1433823529411764,0.223175965665236,0.1673101673101673,0.3350515463917525,0.193248679330887,0.43261086467426146,0.6678903017166437,0.1254428961978791,0.7416781611860026,22.0,22.0,
4year.arff,3,PBMSBAINGO-HGBKELM(F2-mode),Proposed hybrid optimized KELM,formal_multiseed_10seed_full_with_tisngo_mcc_variants.csv,0.6510660208276933,0.4451612903225806,0.952209845490478,0.3415841584158416,0.3865546218487395,0.3582554517133956,0.4197080291970803,0.3510629829776627,0.5299216946652515,0.6986855679065294,0.3474483904749895,0.8476858345021038,11.0,11.0,
4year.arff,3,PBMSBAINGO-HGBKELM(MCC-guarded),Proposed hybrid optimized KELM,formal_multiseed_10seed_full_with_tisngo_mcc_variants.csv,0.6640644060320406,0.4645161290322581,0.9493352497305066,0.3380281690140845,0.391304347826087,0.3574975173783515,0.432172869147659,0.3567744979146457,0.539847883384559,0.7069256893813823,0.3482893044516618,0.8498695999907272,,11.0,
4year.arff,3,PBMSBAINGO-HGBKELM(Sensitivity-mode),Proposed hybrid optimized KELM,formal_multiseed_10seed_full_with_tisngo_mcc_variants.csv,0.7824000278186681,0.6967741935483871,0.8785483291412145,0.242152466367713,0.3594009983361065,0.2784940691077875,0.5065666041275797,0.3584201192519806,0.6031380091652775,0.7876612613448009,0.3450879122544474,0.8452099729927092,5.0,5.0,
4year.arff,3,PBMSBAINGO-HGBKELM(Triad-mode),Proposed hybrid optimized KELM,formal_pbmsbaingo_hgbkelm_triad_alpha005_10seed_complete.csv,0.8236926062434056,0.7483870967741936,0.9065756378009342,0.3085106382978723,0.4369114877589454,0.3496081977094635,0.5823293172690763,0.4382839405933693,0.6674652052401626,0.8274813672875638,0.5523344921429061,0.8825797178723356,7.0,7.0,0.05
4year.arff,3,PBMSBAINGO-KELM,Optimizer-KELM,formal_multiseed_10seed_full_with_tisngo_mcc_variants.csv,0.5776546809257005,0.3870967741935484,0.8620194035213798,0.1351351351351351,0.2003338898163606,0.1553599171413775,0.2819548872180451,0.1554836310791356,0.37296987591573355,0.6245580888574641,0.1437326867857452,0.7211804388394978,11.0,11.0,
4year.arff,3,RF_balanced,External ML baseline,formal_multiseed_10seed_full_with_tisngo_mcc_variants.csv,0.6761912396019782,0.5225806451612903,0.8749550844412505,0.1888111888111888,0.2773972602739726,0.2164617851416355,0.3860819828408007,0.2516631589213215,0.4863917961509247,0.6987678648012704,0.1879472856654406,0.8010188587391188,,,
4year.arff,3,TIS_NGO-KELM,Optimizer-KELM,formal_multiseed_10seed_full_with_tisngo_mcc_variants.csv,0.6867723450929316,0.567741935483871,0.8307581746316924,0.1574239713774597,0.2464985994397759,0.1840234211626934,0.373197625106022,0.226959190105648,0.4748150288657364,0.6992500550577817,0.1547441102334594,0.7657505824533747,19.0,19.0,
4year.arff,4,BAINGO-KELM,Optimizer-KELM,formal_multiseed_10seed_full_with_tisngo_mcc_variants.csv,0.5627748595326503,0.3548387096774194,0.8925619834710744,0.1553672316384181,0.2161100196463654,0.1750477402928071,0.2823408624229979,0.1698929974122016,0.37752723303052327,0.6237003465742469,0.1372527074699596,0.725624471155518,8.0,8.0,
4year.arff,4,BalancedRF,External ML baseline,formal_multiseed_10seed_full_with_tisngo_mcc_variants.csv,0.6735479554276397,0.5225806451612903,0.8681279195113187,0.1808035714285714,0.2686567164179104,0.2080123266563944,0.3792134831460674,0.2429610764905876,0.4794661104150109,0.6953542823363046,0.1729513536502027,0.8006085333766068,,,
4year.arff,4,EasyEnsemble,External ML baseline,formal_multiseed_10seed_full_with_tisngo_mcc_variants.csv,0.7310957151260173,0.6129032258064516,0.8720804886812792,0.2106430155210643,0.3135313531353135,0.2424706482899438,0.4435107376283846,0.3007623324201693,0.5437391956507545,0.7424918572438655,0.2315208409823627,0.834810427364297,,,
4year.arff,4,ExtraTrees_balanced,External ML baseline,formal_multiseed_10seed_full_with_tisngo_mcc_variants.csv,0.6331845327470147,0.4645161290322581,0.863097376931369,0.1589403973509933,0.2368421052631578,0.183019827147941,0.3355079217148182,0.2028018685313448,0.43322234519611885,0.6638067529818136,0.1471469933232545,0.7771933281559701,,,
4year.arff,4,HistGB,External ML baseline,formal_multiseed_10seed_full_with_tisngo_mcc_variants.csv,0.6921320300018164,0.4903225806451612,0.97700323392023,0.5428571428571428,0.5152542372881356,0.5314685314685315,0.5,0.4904043919530178,0.6170363491910317,0.7336629072826956,0.4891016718927138,0.8848620078124094,,,
4year.arff,4,INGO-KELM,Optimizer-KELM,formal_multiseed_10seed_full_with_tisngo_mcc_variants.csv,0.5900114800006174,0.4,0.8702838663312972,0.1465721040189125,0.2145328719723183,0.167839740119112,0.2972195589645254,0.1721089268360702,0.39129843127533476,0.6351419331656486,0.1269770414892944,0.7261402756366419,6.0,6.0,
4year.arff,4,LR_balanced,External ML baseline,formal_multiseed_10seed_full_with_tisngo_mcc_variants.csv,0.5975678918691003,0.4064516129032258,0.8785483291412145,0.1571072319201995,0.2266187050359712,0.1790790221716884,0.3085210577864838,0.1855815527098903,0.4046719518705584,0.6424999710222201,0.1411656910174046,0.7198080511863504,,,
4year.arff,4,MSBAINGO-KELM,Optimizer-KELM,formal_multiseed_10seed_full_with_tisngo_mcc_variants.csv,0.5320552340972979,0.3096774193548387,0.9141214516708588,0.1672473867595819,0.2171945701357466,0.1841903300076746,0.2646085997794928,0.1685134349905324,0.36267363937984703,0.6118994355128488,0.139100010748069,0.7149629663973665,6.0,6.0,
4year.arff,4,NGO-KELM,Optimizer-KELM,formal_multiseed_10seed_full_with_tisngo_mcc_variants.csv,0.5702572066984531,0.3677419354838709,0.8842975206611571,0.1503957783641161,0.2134831460674157,0.170556552962298,0.2852852852852853,0.1680878174689862,0.3795123684985147,0.626019728072514,0.1379028533004302,0.7005239182594787,11.0,11.0,
4year.arff,4,PBMSBAINGO-HGBKELM(F2-mode),Proposed hybrid optimized KELM,formal_multiseed_10seed_full_with_tisngo_mcc_variants.csv,0.7161523916224907,0.5290322580645161,0.9694574200503054,0.4910179640718562,0.5093167701863354,0.4981773997569866,0.5209656925031766,0.4812847755537469,0.6272938152968683,0.7492448390574108,0.4847941846832083,0.8753213635784082,8.0,8.0,
4year.arff,4,PBMSBAINGO-HGBKELM(MCC-guarded),Proposed hybrid optimized KELM,formal_multiseed_10seed_full_with_tisngo_mcc_variants.csv,0.7202388403235996,0.535483870967742,0.9687387711103126,0.488235294117647,0.5107692307692308,0.497005988023952,0.5253164556962026,0.482766684950644,0.630323437679614,0.7521113210390273,0.4866016933833739,0.8809801444252547,,8.0,
4year.arff,4,PBMSBAINGO-HGBKELM(Sensitivity-mode),Proposed hybrid optimized KELM,formal_multiseed_10seed_full_with_tisngo_mcc_variants.csv,0.7783361401602905,0.6580645161290323,0.920589292130794,0.3157894736842105,0.4267782426778242,0.3524533517622668,0.5408271474019088,0.4135272755473291,0.630395132184929,0.7893269041299131,0.4810599237104387,0.8610214087837447,5.0,5.0,
4year.arff,4,PBMSBAINGO-HGBKELM(Triad-mode),Proposed hybrid optimized KELM,formal_pbmsbaingo_hgbkelm_triad_alpha005_10seed_complete.csv,0.7431612644989231,0.5870967741935483,0.9407114624505928,0.35546875,0.4428223844282238,0.3859202714164546,0.519406392694064,0.4183591251011287,0.6136279392701036,0.7639041183220706,0.5046702668497852,0.8567999258168836,9.0,9.0,0.05
4year.arff,4,PBMSBAINGO-KELM,Optimizer-KELM,formal_multiseed_10seed_full_with_tisngo_mcc_variants.csv,0.5516688800334928,0.3419354838709677,0.8900467121810995,0.1476323119777158,0.2062256809338521,0.1665619107479572,0.2706843718079673,0.158344948180328,0.36390419437326105,0.6159910980260337,0.1356434693900343,0.7359057874421893,13.0,13.0,
4year.arff,4,RF_balanced,External ML baseline,formal_multiseed_10seed_full_with_tisngo_mcc_variants.csv,0.7224338577969792,0.5870967741935483,0.8889687387711103,0.2275,0.3279279279279279,0.2592592592592592,0.446078431372549,0.3103225742514198,0.5450920534717979,0.7380327564823292,0.2137742613021584,0.8336061108342124,,,
4year.arff,4,TIS_NGO-KELM,Optimizer-KELM,formal_multiseed_10seed_full_with_tisngo_mcc_variants.csv,0.5551102526339882,0.3419354838709677,0.9011857707509882,0.1615853658536585,0.2194616977225673,0.1806407634628493,0.2795358649789029,0.1725791020499759,0.37605286413043754,0.6215606273109779,0.1398023463036209,0.7227510345067403,13.0,13.0,
4year.arff,5,BAINGO-KELM,Optimizer-KELM,formal_multiseed_10seed_full_with_tisngo_mcc_variants.csv,0.6260896289112875,0.4774193548387097,0.8210564139417894,0.1293706293706293,0.2035763411279229,0.1514531313958248,0.3104026845637584,0.1685101818180011,0.4042342015269624,0.6492378843902495,0.1095724221009062,0.6967741935483872,20.0,20.0,
4year.arff,5,BalancedRF,External ML baseline,formal_multiseed_10seed_full_with_tisngo_mcc_variants.csv,0.6132767728186186,0.4193548387096774,0.8968738771110313,0.1846590909090909,0.2564102564102564,0.2079334612923864,0.3343621399176955,0.2176898422551215,0.4342272417452735,0.6581143579103543,0.2009674422050374,0.7770971219269065,,,
4year.arff,5,EasyEnsemble,External ML baseline,formal_multiseed_10seed_full_with_tisngo_mcc_variants.csv,0.7345122905926773,0.6903225806451613,0.7815307222421847,0.1496503496503496,0.2459770114942528,0.1774461028192371,0.4007490636704119,0.2458140483806404,0.5099586287019952,0.735926651443673,0.2023115517643887,0.8099359011509975,,,
4year.arff,5,ExtraTrees_balanced,External ML baseline,formal_multiseed_10seed_full_with_tisngo_mcc_variants.csv,0.6853852882902122,0.6129032258064516,0.7664390945023356,0.1275167785234899,0.2111111111111111,0.1515151515151515,0.3479853479853479,0.1949199522612726,0.45072185550803134,0.6896711601543937,0.1376776402836269,0.7367426657239229,,,
4year.arff,5,HistGB,External ML baseline,formal_multiseed_10seed_full_with_tisngo_mcc_variants.csv,0.744018606867146,0.6387096774193548,0.8666906216313331,0.2106382978723404,0.3168,0.2432432432432432,0.4541284403669725,0.3082027008105581,0.5546274300811315,0.752700149525344,0.434900598971134,0.8503796089158833,,,
4year.arff,5,INGO-KELM,Optimizer-KELM,formal_multiseed_10seed_full_with_tisngo_mcc_variants.csv,0.627818255040571,0.4838709677419355,0.8145885734818541,0.1269035532994923,0.2010723860589812,0.148868598650258,0.3096614368290669,0.1664399720109022,0.40331264417432816,0.6492297706118948,0.1172838645599602,0.7199320760840587,12.0,12.0,
4year.arff,5,LR_balanced,External ML baseline,formal_multiseed_10seed_full_with_tisngo_mcc_variants.csv,0.6681224662929264,0.5870967741935483,0.7603305785123967,0.1200527704485488,0.1993428258488499,0.142767492940069,0.330188679245283,0.1775103211764448,0.42951524887206105,0.6737136763529725,0.147482802178706,0.7315568022440393,,,
4year.arff,5,MSBAINGO-KELM,Optimizer-KELM,formal_multiseed_10seed_full_with_tisngo_mcc_variants.csv,0.6471231169149715,0.4967741935483871,0.8429752066115702,0.1498054474708171,0.2301943198804185,0.1741293532338308,0.3395061728395062,0.1999094312826115,0.4374573361455344,0.6698747000799786,0.1414752296531445,0.695640582801108,24.0,24.0,
4year.arff,5,NGO-KELM,Optimizer-KELM,formal_multiseed_10seed_full_with_tisngo_mcc_variants.csv,0.6268112396577077,0.4903225806451612,0.801293568091987,0.1208267090620031,0.1938775510204081,0.1422688131785848,0.3042433947157726,0.1589266515143911,0.39672548036366734,0.6458080743685741,0.1334526905923692,0.7069905996082203,17.0,17.0,
4year.arff,5,PBMSBAINGO-HGBKELM(F2-mode),Proposed hybrid optimized KELM,formal_multiseed_10seed_full_with_tisngo_mcc_variants.csv,0.7556524525531858,0.6903225806451613,0.8271649299317283,0.1819727891156462,0.288021534320323,0.2134024730753889,0.4428807947019867,0.2891343770106592,0.5485901106879397,0.7587437552884448,0.4310090954951115,0.8422866945626095,12.0,12.0,
4year.arff,5,PBMSBAINGO-HGBKELM(MCC-guarded),Proposed hybrid optimized KELM,formal_multiseed_10seed_full_with_tisngo_mcc_variants.csv,0.6810335916691728,0.5032258064516129,0.9216672655407834,0.2635135135135135,0.3458980044345898,0.2912621359223301,0.425764192139738,0.3155657348027259,0.5269980026150971,0.7124465359961981,0.4264827407358278,0.8301554368110533,,12.0,
4year.arff,5,PBMSBAINGO-HGBKELM(Sensitivity-mode),Proposed hybrid optimized KELM,formal_multiseed_10seed_full_with_tisngo_mcc_variants.csv,0.7486870266406865,0.6516129032258065,0.8602227811713977,0.2061224489795918,0.3131782945736434,0.2387706855791962,0.4549549549549549,0.3069370158598072,0.5561816129904574,0.7559178421986021,0.4330216875802468,0.8449735143092276,7.0,7.0,
4year.arff,5,PBMSBAINGO-HGBKELM(Triad-mode),Proposed hybrid optimized KELM,formal_pbmsbaingo_hgbkelm_triad_alpha005_10seed_complete.csv,0.793141114150748,0.6838709677419355,0.9198706431908013,0.3221884498480243,0.4380165289256198,0.3602991162474507,0.5584826132771338,0.4279948792779376,0.6457233625834223,0.8018708054663684,0.5777809308423699,0.888013631147636,8.0,8.0,0.05
4year.arff,5,PBMSBAINGO-KELM,Optimizer-KELM,formal_multiseed_10seed_full_with_tisngo_mcc_variants.csv,0.6619945317390407,0.5483870967741935,0.7991376212720086,0.1319875776397515,0.2127659574468085,0.1556206517759062,0.3362341772151899,0.1877882918040109,0.4349698003008798,0.673762359023101,0.1186672955674135,0.731169659105398,24.0,24.0,
4year.arff,5,RF_balanced,External ML baseline,formal_multiseed_10seed_full_with_tisngo_mcc_variants.csv,0.7108107573875871,0.5935483870967742,0.8512396694214877,0.1818181818181818,0.2783661119515885,0.2111060119320789,0.408525754884547,0.2633410273784172,0.5105153870714297,0.7223940282591309,0.2373689045868365,0.8007881956116051,,,
4year.arff,5,TIS_NGO-KELM,Optimizer-KELM,formal_multiseed_10seed_full_with_tisngo_mcc_variants.csv,0.6554628277420274,0.567741935483871,0.7567373338124326,0.115032679738562,0.1913043478260869,0.1368584758942457,0.3176895306859206,0.165290855260592,0.41410930303435006,0.6622396346481518,0.1211234012289508,0.6934591355348718,19.0,19.0,
4year.arff,6,BAINGO-KELM,Optimizer-KELM,formal_multiseed_10seed_full_with_tisngo_mcc_variants.csv,0.6052387219051948,0.4193548387096774,0.8735177865612648,0.1558752997601918,0.2272727272727272,0.1782775644541963,0.313404050144648,0.18760602517385,0.40960639742070676,0.6464363126354711,0.1443555300622948,0.738696927196226,12.0,12.0,
4year.arff,6,BalancedRF,External ML baseline,formal_multiseed_10seed_full_with_tisngo_mcc_variants.csv,0.4969229439523847,0.2645161290322581,0.9335249730506648,0.1814159292035398,0.2152230971128609,0.1935788479697828,0.2423167848699763,0.1661417285418845,0.34489397512222364,0.5990205510414615,0.1491262563547185,0.7809940537595771,,,
4year.arff,6,EasyEnsemble,External ML baseline,formal_multiseed_10seed_full_with_tisngo_mcc_variants.csv,0.7179741531955347,0.6,0.8591448077614086,0.1917525773195876,0.290625,0.2219570405727923,0.420814479638009,0.2764728480065027,0.5223441102808707,0.7295724038807043,0.207784295184775,0.8334473126006977,,,
4year.arff,6,ExtraTrees_balanced,External ML baseline,formal_multiseed_10seed_full_with_tisngo_mcc_variants.csv,0.5645515801628986,0.3483870967741935,0.9148401006108516,0.1855670103092783,0.242152466367713,0.2047005307050796,0.2963776070252469,0.1969834533701988,0.3974467962094129,0.6316135986925226,0.1442849654515468,0.7645265610329998,,,
4year.arff,6,HistGB,External ML baseline,formal_multiseed_10seed_full_with_tisngo_mcc_variants.csv,0.6256266201445597,0.4064516129032258,0.96298957959037,0.3795180722891566,0.3925233644859813,0.3846153846153846,0.4007633587786259,0.3576984948253358,0.5192571881102935,0.6847205962467979,0.3757148410907557,0.8571233178398805,,,
4year.arff,6,INGO-KELM,Optimizer-KELM,formal_multiseed_10seed_full_with_tisngo_mcc_variants.csv,0.5197255392002983,0.2967741935483871,0.9101688825008984,0.1554054054054054,0.2039911308203991,0.1717699775952203,0.2510917030567685,0.1536954781343147,0.34626059351240873,0.6034715380246427,0.1430817654563858,0.7591923313203436,15.0,15.0,
4year.arff,6,LR_balanced,External ML baseline,formal_multiseed_10seed_full_with_tisngo_mcc_variants.csv,0.5436623197418677,0.3161290322580645,0.9349622709306504,0.2130434782608695,0.2545454545454545,0.227906976744186,0.288235294117647,0.2089613064990622,0.3952829793086032,0.6255456515943575,0.2105143358956748,0.7571731596212026,,,
4year.arff,6,MSBAINGO-KELM,Optimizer-KELM,formal_multiseed_10seed_full_with_tisngo_mcc_variants.csv,0.4907310277221165,0.2580645161290322,0.9331656485806684,0.1769911504424778,0.2099737532808399,0.1888574126534466,0.2364066193853428,0.1604278595708674,0.3380562284183399,0.5956150823548503,0.1401111903168829,0.7362512025778633,14.0,14.0,
4year.arff,6,NGO-KELM,Optimizer-KELM,formal_multiseed_10seed_full_with_tisngo_mcc_variants.csv,0.5716458220824155,0.3677419354838709,0.888609414301114,0.1553133514986376,0.2183908045977011,0.1756007393715342,0.2887537993920973,0.1733301010902067,0.38403960937568304,0.6281756748924925,0.1414962926976856,0.7412956544921354,17.0,17.0,
4year.arff,6,PBMSBAINGO-HGBKELM(F2-mode),Proposed hybrid optimized KELM,formal_multiseed_10seed_full_with_tisngo_mcc_variants.csv,0.6487653324562599,0.4387096774193548,0.959396334890406,0.3756906077348066,0.4047619047619047,0.3868031854379977,0.4244694132334581,0.3701378672712037,0.5380792722643274,0.6990530061548804,0.3580566861285713,0.8204235392301183,11.0,11.0,
4year.arff,6,PBMSBAINGO-HGBKELM(MCC-guarded),Proposed hybrid optimized KELM,formal_multiseed_10seed_full_with_tisngo_mcc_variants.csv,0.6487653324562599,0.4387096774193548,0.959396334890406,0.3756906077348066,0.4047619047619047,0.3868031854379977,0.4244694132334581,0.3701378672712037,0.5380792722643274,0.6990530061548804,0.3580566861285713,0.8204235392301183,,11.0,
4year.arff,6,PBMSBAINGO-HGBKELM(Sensitivity-mode),Proposed hybrid optimized KELM,formal_multiseed_10seed_full_with_tisngo_mcc_variants.csv,0.7120441188331871,0.5483870967741935,0.9245418613007546,0.288135593220339,0.3777777777777777,0.3183520599250936,0.4644808743169399,0.351769976668854,0.5628908543563,0.736464479037474,0.3545712828244716,0.804782492784533,7.0,7.0,
4year.arff,6,PBMSBAINGO-HGBKELM(Triad-mode),Proposed hybrid optimized KELM,formal_pbmsbaingo_hgbkelm_triad_alpha005_10seed_complete.csv,0.8232168307397651,0.7419354838709677,0.913402802730866,0.3230337078651685,0.4500978473581213,0.3641545281823939,0.5891393442622951,0.4489364578664966,0.672570455620528,0.8276691433009169,0.6264636618989398,0.9105421163052172,5.0,5.0,0.05
4year.arff,6,PBMSBAINGO-KELM,Optimizer-KELM,formal_multiseed_10seed_full_with_tisngo_mcc_variants.csv,0.5305892259424583,0.3096774193548387,0.9090909090909092,0.1594684385382059,0.2105263157894736,0.1766004415011037,0.260586319218241,0.1612755709405593,0.3567482193055579,0.6093841642228739,0.1309346486935201,0.7136972169740243,16.0,16.0,
4year.arff,6,RF_balanced,External ML baseline,formal_multiseed_10seed_full_with_tisngo_mcc_variants.csv,0.7302089141891165,0.632258064516129,0.8433345310815666,0.1835205992509363,0.2844702467343977,0.2138804015713662,0.4246100519930676,0.275689151426929,0.5277618326246961,0.7377962977988478,0.1892929677000124,0.8040916625131849,,,
4year.arff,6,TIS_NGO-KELM,Optimizer-KELM,formal_multiseed_10seed_full_with_tisngo_mcc_variants.csv,0.4564209681283356,0.2193548387096774,0.9496945742005032,0.1954022988505747,0.2066869300911854,0.199764982373678,0.2141057934508816,0.1601004216142895,0.3218902956411288,0.5845247064550902,0.1554105557354456,0.755457675054768,19.0,19.0,
4year.arff,7,BAINGO-KELM,Optimizer-KELM,formal_multiseed_10seed_full_with_tisngo_mcc_variants.csv,0.6704293416795872,0.535483870967742,0.8393819619116062,0.1566037735849056,0.2423357664233576,0.1824175824175824,0.3608695652173913,0.2179375852709169,0.46097713772875143,0.6874329164396741,0.154498085708223,0.7702838663312971,6.0,6.0,
4year.arff,7,BalancedRF,External ML baseline,formal_multiseed_10seed_full_with_tisngo_mcc_variants.csv,0.657539160870874,0.4903225806451612,0.8817822493711822,0.1876543209876543,0.2714285714285714,0.2140845070422535,0.3707317073170731,0.2412918499240144,0.47075538836508835,0.6860524150081717,0.247293209538475,0.7949404796402119,,,
4year.arff,7,EasyEnsemble,External ML baseline,formal_multiseed_10seed_full_with_tisngo_mcc_variants.csv,0.7149990725078017,0.5935483870967742,0.861300754581387,0.1924686192468619,0.2906793048973143,0.2225447508466376,0.418943533697632,0.2754915800616296,0.5202831515453171,0.7274245708390805,0.3099422211511674,0.8357620576541908,,,
4year.arff,7,ExtraTrees_balanced,External ML baseline,formal_multiseed_10seed_full_with_tisngo_mcc_variants.csv,0.5964748328210993,0.4129032258064516,0.8616600790513834,0.1425389755011135,0.2119205298013245,0.1640184520758585,0.2993451824134705,0.1705804780387987,0.39298067275847565,0.6372816524289175,0.149946094232884,0.733456585490246,,,
4year.arff,7,HistGB,External ML baseline,formal_multiseed_10seed_full_with_tisngo_mcc_variants.csv,0.74058954286603,0.6,0.9141214516708588,0.2801204819277108,0.3819301848049281,0.3135536075522589,0.4884453781512605,0.3630211513550437,0.5839321138312618,0.7570607258354294,0.4817931714491467,0.8753202044672147,,,
4year.arff,7,INGO-KELM,Optimizer-KELM,formal_multiseed_10seed_full_with_tisngo_mcc_variants.csv,0.6633606046010694,0.535483870967742,0.8217750628817823,0.1433506044905008,0.2261580381471389,0.1679481991096722,0.3461217681401167,0.2007716082224326,0.4453832534789347,0.6786294669247621,0.1407830674057381,0.7488692870307049,11.0,11.0,
4year.arff,7,LR_balanced,External ML baseline,formal_multiseed_10seed_full_with_tisngo_mcc_variants.csv,0.6432101057094031,0.567741935483871,0.7287100251527129,0.1043890865954922,0.1763527054108216,0.1247519138077686,0.3007518796992481,0.1465112515493531,0.392818770679313,0.6482259803182919,0.2042867667955752,0.7143300916856954,,,
4year.arff,7,MSBAINGO-KELM,Optimizer-KELM,formal_multiseed_10seed_full_with_tisngo_mcc_variants.csv,0.6913746527285174,0.632258064516129,0.7560186848724398,0.1261261261261261,0.2103004291845493,0.1501685565430585,0.3507516105941303,0.1968003853649151,0.45479702701083907,0.6941383746942844,0.1345940520478689,0.755550403950251,8.0,8.0,
4year.arff,7,NGO-KELM,Optimizer-KELM,formal_multiseed_10seed_full_with_tisngo_mcc_variants.csv,0.6261488693167624,0.4580645161290322,0.8559108875314408,0.1504237288135593,0.226475279106858,0.1737640724424865,0.3250915750915751,0.191139543420269,0.42160127462668495,0.6569877018302366,0.1451533835803965,0.7416062962920033,9.0,9.0,
4year.arff,7,PBMSBAINGO-HGBKELM(F2-mode),Proposed hybrid optimized KELM,formal_multiseed_10seed_full_with_tisngo_mcc_variants.csv,0.7679374692010261,0.6580645161290323,0.8961552281710384,0.2608695652173913,0.3736263736263736,0.2966841186736474,0.5044510385756676,0.3647552862873712,0.5991714393409147,0.7771098721500354,0.4856215646620185,0.8653170748669919,5.0,5.0,
4year.arff,7,PBMSBAINGO-HGBKELM(MCC-guarded),Proposed hybrid optimized KELM,formal_multiseed_10seed_full_with_tisngo_mcc_variants.csv,0.7308086934510032,0.567741935483871,0.9407114624505928,0.3478260869565217,0.4313725490196078,0.3770351328191945,0.5040091638029782,0.405173656436017,0.6003661579506053,0.7542266989672319,0.4856215646620185,0.8653170748669919,,5.0,
4year.arff,7,PBMSBAINGO-HGBKELM(Sensitivity-mode),Proposed hybrid optimized KELM,formal_multiseed_10seed_full_with_tisngo_mcc_variants.csv,0.7887417342516465,0.7032258064516129,0.8846568451311534,0.2534883720930233,0.3726495726495726,0.2906666666666667,0.5190476190476191,0.3718048946150012,0.6138490408514888,0.7939413257913832,0.4884243574230447,0.8652324597498638,12.0,12.0,
4year.arff,7,PBMSBAINGO-HGBKELM(Triad-mode),Proposed hybrid optimized KELM,formal_pbmsbaingo_hgbkelm_triad_alpha005_10seed_complete.csv,0.8211091327859824,0.7419354838709677,0.9087315846209126,0.3116531165311653,0.4389312977099237,0.3525444512568976,0.5813953488372093,0.4389206804971554,0.6663912250149281,0.8253335342459402,0.5774295603996011,0.9068839613784152,15.0,15.0,0.05
4year.arff,7,PBMSBAINGO-KELM,Optimizer-KELM,formal_multiseed_10seed_full_with_tisngo_mcc_variants.csv,0.4870704324875028,0.2516129032258064,0.9428674092705712,0.1969696969696969,0.2209631728045325,0.2059134107708553,0.2383863080684596,0.1734164211809113,0.34521626610437417,0.5972401562481888,0.1680497319626692,0.7531464073348557,15.0,15.0,
4year.arff,7,RF_balanced,External ML baseline,formal_multiseed_10seed_full_with_tisngo_mcc_variants.csv,0.6551922088413082,0.4838709677419355,0.8871721164211283,0.1928020565552699,0.2757352941176471,0.2191700759789596,0.3716551040634291,0.2447299238583529,0.47185457978391165,0.6855215420815319,0.2745220163897907,0.8003442560244803,,,
4year.arff,7,TIS_NGO-KELM,Optimizer-KELM,formal_multiseed_10seed_full_with_tisngo_mcc_variants.csv,0.616120344931513,0.432258064516129,0.8781890046712181,0.1650246305418719,0.2388591800356506,0.1883080382237212,0.3265107212475633,0.2011014254515305,0.4242111534725636,0.6552235345936736,0.1630928401060356,0.7506079538210101,11.0,11.0,
4year.arff,8,BAINGO-KELM,Optimizer-KELM,formal_multiseed_10seed_full_with_tisngo_mcc_variants.csv,0.6923664478357004,0.6193548387096774,0.7739849083722602,0.1324137931034482,0.2181818181818181,0.1571194762684124,0.3568773234200743,0.203953224639236,0.4606816014600715,0.6966698735409689,0.1473337970956655,0.7609472256673582,27.0,27.0,
4year.arff,8,BalancedRF,External ML baseline,formal_multiseed_10seed_full_with_tisngo_mcc_variants.csv,0.6092491245202369,0.4258064516129032,0.8717211642112828,0.1560283687943262,0.2283737024221453,0.1786681104493773,0.3163950143815915,0.1894569563424429,0.41276239892914063,0.648763807912093,0.1526383194670923,0.7812131257751557,,,
4year.arff,8,EasyEnsemble,External ML baseline,formal_multiseed_10seed_full_with_tisngo_mcc_variants.csv,0.7406897037459667,0.7225806451612903,0.7592526051024074,0.1432225063938619,0.2390608324439701,0.1705756929637526,0.3994293865905848,0.2437201652276405,0.5113536493466208,0.7409166251318489,0.1985255615502737,0.8249985511110081,,,
4year.arff,8,ExtraTrees_balanced,External ML baseline,formal_multiseed_10seed_full_with_tisngo_mcc_variants.csv,0.6451947298139095,0.5096774193548387,0.8167445203018325,0.1341256366723259,0.2123655913978494,0.1573078454798885,0.3267162944582299,0.1822647304220641,0.42334531051558416,0.6632109698283356,0.1318141441834235,0.7601532344997857,,,
4year.arff,8,HistGB,External ML baseline,formal_multiseed_10seed_full_with_tisngo_mcc_variants.csv,0.7022139613462905,0.5290322580645161,0.9320876751706793,0.3025830258302583,0.3849765258215962,0.3309120258272801,0.4601571268237935,0.3562379600691059,0.5600494455509686,0.7305599666175977,0.3416239099261299,0.8575394387583601,,,
4year.arff,8,INGO-KELM,Optimizer-KELM,formal_multiseed_10seed_full_with_tisngo_mcc_variants.csv,0.6747858685386399,0.6193548387096774,0.7351778656126482,0.1152460984393757,0.194331983805668,0.1376541439632922,0.3303509979353062,0.1758450732208039,0.43101004080402794,0.6772663521611628,0.1150328753980164,0.7337822957356299,15.0,15.0,
4year.arff,8,LR_balanced,External ML baseline,formal_multiseed_10seed_full_with_tisngo_mcc_variants.csv,0.5954245427423517,0.4387096774193548,0.8081207330219188,0.1129568106312292,0.1796565389696169,0.1326570425282871,0.2782324058919803,0.1367056464106573,0.3645971801851769,0.6234152052206368,0.1314645360965599,0.6852294460607607,,,
4year.arff,8,MSBAINGO-KELM,Optimizer-KELM,formal_multiseed_10seed_full_with_tisngo_mcc_variants.csv,0.6358588916455686,0.5032258064516129,0.8034495149119655,0.1248,0.2,0.1468926553672316,0.3132530120481928,0.1675226198541943,0.4076289165081341,0.6533376606817891,0.1362525866594598,0.7349993624888437,19.0,19.0,
4year.arff,8,NGO-KELM,Optimizer-KELM,formal_multiseed_10seed_full_with_tisngo_mcc_variants.csv,0.6422254204431332,0.5032258064516129,0.8196191160618038,0.1344827586206896,0.2122448979591836,0.1575757575757575,0.325,0.1813136562143814,0.4213100636170102,0.6614224612567083,0.1453897911583925,0.7298992732372815,17.0,17.0,
4year.arff,8,PBMSBAINGO-HGBKELM(F2-mode),Proposed hybrid optimized KELM,formal_multiseed_10seed_full_with_tisngo_mcc_variants.csv,0.6736408778196701,0.4838709677419355,0.9378368666906216,0.3024193548387097,0.3722084367245657,0.3269398430688753,0.4320276497695852,0.3391033976307611,0.5358743903984423,0.7108539172162786,0.3309479086117537,0.8472256673582698,6.0,6.0,
4year.arff,8,PBMSBAINGO-HGBKELM(MCC-guarded),Proposed hybrid optimized KELM,formal_multiseed_10seed_full_with_tisngo_mcc_variants.csv,0.6736408778196701,0.4838709677419355,0.9378368666906216,0.3024193548387097,0.3722084367245657,0.3269398430688753,0.4320276497695852,0.3391033976307611,0.5358743903984423,0.7108539172162786,0.3309479086117537,0.8472256673582698,,6.0,
4year.arff,8,PBMSBAINGO-HGBKELM(Sensitivity-mode),Proposed hybrid optimized KELM,formal_multiseed_10seed_full_with_tisngo_mcc_variants.csv,0.7233734562521984,0.567741935483871,0.9216672655407834,0.2875816993464052,0.3817787418655097,0.3190717911530094,0.4751619870410367,0.3581714181599866,0.5722757649120758,0.7447046005123272,0.3279503836004567,0.8355070531916127,5.0,5.0,
4year.arff,8,PBMSBAINGO-HGBKELM(Triad-mode),Proposed hybrid optimized KELM,formal_pbmsbaingo_hgbkelm_triad_alpha005_10seed_complete.csv,0.7987100283359783,0.6967741935483871,0.9155587495508444,0.314868804664723,0.4337349397590361,0.3536345776031434,0.5607476635514018,0.4262793903106305,0.6478744754162357,0.8061664715496157,0.5614156989445936,0.8932783141886801,15.0,15.0,0.05
4year.arff,8,PBMSBAINGO-KELM,Optimizer-KELM,formal_multiseed_10seed_full_with_tisngo_mcc_variants.csv,0.676957042892296,0.6064516129032258,0.7556593604024434,0.1214470284237726,0.2023681377825619,0.1445709012611504,0.3371592539454806,0.1837659438140127,0.4383245043727381,0.6810554866528347,0.1574889620483436,0.7606319474227163,34.0,34.0,
4year.arff,8,RF_balanced,External ML baseline,formal_multiseed_10seed_full_with_tisngo_mcc_variants.csv,0.6906600811532289,0.6064516129032258,0.7865612648221344,0.1366279069767441,0.2230130486358244,0.1616787065703474,0.3593272171253822,0.2074644815442231,0.4625487254295203,0.69650643886268,0.157982194864834,0.7856606354247564,,,
4year.arff,8,TIS_NGO-KELM,Optimizer-KELM,formal_multiseed_10seed_full_with_tisngo_mcc_variants.csv,0.6773473205274637,0.5806451612903226,0.7901545095220984,0.1335311572700296,0.2171290711700844,0.1578393546124167,0.347758887171561,0.1971485706077296,0.44888885440925225,0.6853998354062105,0.152760252156391,0.7365989359359244,18.0,18.0,
4year.arff,9,BAINGO-KELM,Optimizer-KELM,formal_multiseed_10seed_full_with_tisngo_mcc_variants.csv,0.609785400318694,0.432258064516129,0.8602227811713977,0.1469298245614035,0.2193126022913257,0.169277412834765,0.3113382899628252,0.1805662472624425,0.4064404018957655,0.6462404228437634,0.140823737028053,0.7309413142002711,19.0,19.0,
4year.arff,9,BalancedRF,External ML baseline,formal_multiseed_10seed_full_with_tisngo_mcc_variants.csv,0.7275770751684263,0.6645161290322581,0.7966223499820337,0.1539611360239162,0.25,0.1819145178382197,0.3995345228859581,0.245823562495504,0.5067500970162386,0.7305692395071459,0.2014057778282352,0.7891553556732697,,,
4year.arff,9,EasyEnsemble,External ML baseline,formal_multiseed_10seed_full_with_tisngo_mcc_variants.csv,0.6750331787424861,0.5161290322580645,0.8828602227811714,0.1970443349753694,0.285204991087344,0.2248454187745924,0.3898635477582846,0.2584572891548651,0.4901695641038369,0.6994946275196179,0.2534728688894627,0.8073510831894103,,,
4year.arff,9,ExtraTrees_balanced,External ML baseline,formal_multiseed_10seed_full_with_tisngo_mcc_variants.csv,0.598666699830842,0.4064516129032258,0.8817822493711822,0.1607142857142857,0.2303473491773309,0.1828206616366802,0.3112648221343873,0.1894938939643666,0.4079952822074679,0.644116931137204,0.1599753303462281,0.7639238232123609,,,
4year.arff,9,HistGB,External ML baseline,formal_multiseed_10seed_full_with_tisngo_mcc_variants.csv,0.6293506210101374,0.4064516129032258,0.9744879626302552,0.4701492537313433,0.4359861591695502,0.4558610709117221,0.4177718832891247,0.4081662975187478,0.5447628593052092,0.6904697877667405,0.4536790611156946,0.86139348347687,,,
4year.arff,9,INGO-KELM,Optimizer-KELM,formal_multiseed_10seed_full_with_tisngo_mcc_variants.csv,0.5378793116553046,0.3225806451612903,0.8968738771110313,0.1483679525222551,0.2032520325203252,0.166333998669328,0.2612330198537095,0.1539507682393583,0.35447356013861914,0.6097272611361608,0.1532951119764563,0.7163608544967719,24.0,24.0,
4year.arff,9,LR_balanced,External ML baseline,formal_multiseed_10seed_full_with_tisngo_mcc_variants.csv,0.4959937093514892,0.2580645161290322,0.9532878189004672,0.2352941176470588,0.2461538461538461,0.2395209580838323,0.2531645569620253,0.2023587550893326,0.36786752063215505,0.6056761675147497,0.1619718924647221,0.7092995491057457,,,
4year.arff,9,MSBAINGO-KELM,Optimizer-KELM,formal_multiseed_10seed_full_with_tisngo_mcc_variants.csv,0.6882340828482977,0.6516129032258065,0.7269134028027309,0.1173054587688734,0.1988188976377952,0.1403167546540705,0.3409858203916273,0.1859082637252471,0.44489447828562234,0.6892631530142687,0.1359446119147654,0.7515190152191299,18.0,18.0,
4year.arff,9,NGO-KELM,Optimizer-KELM,formal_multiseed_10seed_full_with_tisngo_mcc_variants.csv,0.5284462006385059,0.3032258064516129,0.9209486166007904,0.1760299625468165,0.2227488151658767,0.1921504497138184,0.2649379932356257,0.1743475858850791,0.36515100416983537,0.6120872115262017,0.141621690319752,0.7034900838037392,20.0,20.0,
4year.arff,9,PBMSBAINGO-HGBKELM(F2-mode),Proposed hybrid optimized KELM,formal_multiseed_10seed_full_with_tisngo_mcc_variants.csv,0.6597143858892242,0.4516129032258064,0.9637082285303628,0.4093567251461988,0.4294478527607362,0.4171632896305125,0.4424778761061947,0.3965553800311644,0.5567649898658112,0.7076605658780847,0.4424901179327974,0.8272321583809534,13.0,13.0,
4year.arff,9,PBMSBAINGO-HGBKELM(MCC-guarded),Proposed hybrid optimized KELM,formal_multiseed_10seed_full_with_tisngo_mcc_variants.csv,0.6597143858892242,0.4516129032258064,0.9637082285303628,0.4093567251461988,0.4294478527607362,0.4171632896305125,0.4424778761061947,0.3965553800311644,0.5567649898658112,0.7076605658780847,0.4424901179327974,0.8272321583809534,,13.0,
4year.arff,9,PBMSBAINGO-HGBKELM(Sensitivity-mode),Proposed hybrid optimized KELM,formal_multiseed_10seed_full_with_tisngo_mcc_variants.csv,0.6961330388610094,0.5161290322580645,0.9389148401006108,0.32,0.3950617283950617,0.3463203463203463,0.4597701149425287,0.3645785272580183,0.5611235887623296,0.7275219361793377,0.4377670425048505,0.815281721975589,8.0,8.0,
4year.arff,9,PBMSBAINGO-HGBKELM(Triad-mode),Proposed hybrid optimized KELM,formal_pbmsbaingo_hgbkelm_triad_alpha005_10seed_complete.csv,0.75546529100841,0.5935483870967742,0.9615522817103844,0.4623115577889447,0.519774011299435,0.483701366982124,0.5616605616605617,0.493823380923794,0.6556421918339387,0.7775503344035792,0.5930785162186892,0.8738655199193259,4.0,4.0,0.05
4year.arff,9,PBMSBAINGO-KELM,Optimizer-KELM,formal_multiseed_10seed_full_with_tisngo_mcc_variants.csv,0.5793377574442344,0.3870967741935484,0.8670499461013295,0.1395348837209302,0.2051282051282051,0.16,0.2857142857142857,0.1607344498116761,0.3778541634480565,0.627073360147439,0.1361778295104684,0.7350121127119724,12.0,12.0,
4year.arff,9,RF_balanced,External ML baseline,formal_multiseed_10seed_full_with_tisngo_mcc_variants.csv,0.6931127074821672,0.5483870967741935,0.8760330578512396,0.1976744186046511,0.2905982905982906,0.2266666666666666,0.4047619047619047,0.2684234522623522,0.5052147948182054,0.7122100773127166,0.224594871346393,0.8133367333928344,,,
4year.arff,9,TIS_NGO-KELM,Optimizer-KELM,formal_multiseed_10seed_full_with_tisngo_mcc_variants.csv,0.5996455936753065,0.4387096774193548,0.8196191160618038,0.119298245614035,0.1875862068965517,0.1396303901437371,0.2857142857142857,0.1460383747194252,0.37447149237539773,0.6291643967405793,0.1319214079559987,0.7248432302110741,15.0,15.0,
4year.arff,10,BAINGO-KELM,Optimizer-KELM,formal_multiseed_10seed_full_with_tisngo_mcc_variants.csv,0.7098512647409427,0.6709677419354839,0.7509881422924901,0.1304893350062735,0.2184873949579832,0.1555489081663176,0.3669724770642202,0.2121543815179897,0.47460128394885687,0.710977942113987,0.1369697745665419,0.7428894323832486,7.0,7.0,
4year.arff,10,BalancedRF,External ML baseline,formal_multiseed_10seed_full_with_tisngo_mcc_variants.csv,0.7076270455599446,0.6193548387096774,0.8084800574919152,0.1526232114467408,0.2448979591836734,0.1797079745413702,0.3843074459567654,0.2331639305600106,0.4887537150194997,0.7139174481007964,0.1829990302045853,0.7960856814994263,,,
4year.arff,10,EasyEnsemble,External ML baseline,formal_multiseed_10seed_full_with_tisngo_mcc_variants.csv,0.7445667879007086,0.7096774193548387,0.7811713977721882,0.1529902642559109,0.2517162471395881,0.1814582645991422,0.4107542942494399,0.2552272873699214,0.5210884835449762,0.7454244085635136,0.2158755754297077,0.8254471271429068,,,
4year.arff,10,ExtraTrees_balanced,External ML baseline,formal_multiseed_10seed_full_with_tisngo_mcc_variants.csv,0.7156083602813459,0.6451612903225806,0.7937477542220626,0.1483679525222551,0.241254523522316,0.175377060680463,0.3863987635239567,0.2333612933614345,0.49256083653288596,0.7194545222723217,0.1773257692520522,0.8,,,
4year.arff,10,HistGB,External ML baseline,formal_multiseed_10seed_full_with_tisngo_mcc_variants.csv,0.7142545831924006,0.5483870967741935,0.9302910528206972,0.3046594982078853,0.391705069124424,0.3343823760818253,0.4727474972191324,0.3650100190825754,0.5710449374773058,0.7393390747974453,0.3589664561046217,0.8770600303687133,,,
4year.arff,10,INGO-KELM,Optimizer-KELM,formal_multiseed_10seed_full_with_tisngo_mcc_variants.csv,0.683515673477447,0.6,0.7786561264822134,0.1311706629055007,0.2152777777777778,0.1554663991975927,0.3498871331828442,0.1978286959989506,0.4521287056146506,0.6893280632411067,0.1673105447629851,0.7776743593012878,27.0,27.0,
4year.arff,10,LR_balanced,External ML baseline,formal_multiseed_10seed_full_with_tisngo_mcc_variants.csv,0.6967322067001138,0.6451612903225806,0.7524254401724757,0.1267427122940431,0.211864406779661,0.1510117789187556,0.35486160397445,0.20053843631584,0.46001973736524326,0.6987933652475282,0.2020459871195905,0.7443093435953311,,,
4year.arff,10,MSBAINGO-KELM,Optimizer-KELM,formal_multiseed_10seed_full_with_tisngo_mcc_variants.csv,0.6733913349780571,0.6129032258064516,0.7398490837226015,0.115995115995116,0.1950718685831622,0.1384436024482658,0.330090340514246,0.1758672160592306,0.43043407578547616,0.6763761547645266,0.1362344865859194,0.731732987145457,13.0,13.0,
4year.arff,10,NGO-KELM,Optimizer-KELM,formal_multiseed_10seed_full_with_tisngo_mcc_variants.csv,0.6762580891845625,0.632258064516129,0.7233201581027668,0.1129032258064516,0.1915933528836754,0.1350978770333609,0.3293010752688172,0.1742258418525874,0.4303077545913371,0.6777891113094479,0.1583267692408145,0.7539971949509117,15.0,15.0,
4year.arff,10,PBMSBAINGO-HGBKELM(F2-mode),Proposed hybrid optimized KELM,formal_multiseed_10seed_full_with_tisngo_mcc_variants.csv,0.6673934196280119,0.4709677419354838,0.9457420050305426,0.3258928571428571,0.3852242744063324,0.3472882968601332,0.4324644549763033,0.3510162160950478,0.5387207127223852,0.7083548734830132,0.3442824122464042,0.8502428337950458,9.0,9.0,
4year.arff,10,PBMSBAINGO-HGBKELM(MCC-guarded),Proposed hybrid optimized KELM,formal_multiseed_10seed_full_with_tisngo_mcc_variants.csv,0.6673934196280119,0.4709677419354838,0.9457420050305426,0.3258928571428571,0.3852242744063324,0.3472882968601332,0.4324644549763033,0.3510162160950478,0.5387207127223852,0.7083548734830132,0.3442824122464042,0.8502428337950458,,9.0,
4year.arff,10,PBMSBAINGO-HGBKELM(Sensitivity-mode),Proposed hybrid optimized KELM,formal_multiseed_10seed_full_with_tisngo_mcc_variants.csv,0.7438285180290588,0.6064516129032258,0.9123248293208768,0.2781065088757396,0.3813387423935091,0.311877903118779,0.4906054279749478,0.3634608806759555,0.5858697950021008,0.7593882211120513,0.3462837945344509,0.855315104377963,7.0,7.0,
4year.arff,10,PBMSBAINGO-HGBKELM(Triad-mode),Proposed hybrid optimized KELM,formal_pbmsbaingo_hgbkelm_triad_alpha005_10seed_complete.csv,0.8119030334740571,0.7096774193548387,0.9288537549407114,0.3571428571428571,0.4751619870410367,0.3965392934390771,0.5926724137931034,0.4659628843794713,0.6747142527502098,0.8192655871477751,0.575469927110557,0.911012715449793,6.0,6.0,0.05
4year.arff,10,PBMSBAINGO-KELM,Optimizer-KELM,formal_multiseed_10seed_full_with_tisngo_mcc_variants.csv,0.7006358149067133,0.6903225806451613,0.711103126122889,0.1174533479692645,0.2007504690431519,0.1408265332982363,0.34944480731548,0.1940177974810607,0.4566765861178355,0.7007128533840251,0.1699192807697563,0.7754117742515038,12.0,12.0,
4year.arff,10,RF_balanced,External ML baseline,formal_multiseed_10seed_full_with_tisngo_mcc_variants.csv,0.7350943674743616,0.6838709677419355,0.7901545095220984,0.1536231884057971,0.250887573964497,0.1818181818181818,0.4045801526717557,0.2499777976886146,0.513092747385347,0.7370127386320169,0.1836894843503023,0.8098686727017722,,,
4year.arff,10,TIS_NGO-KELM,Optimizer-KELM,formal_multiseed_10seed_full_with_tisngo_mcc_variants.csv,0.6998296727257922,0.6387096774193548,0.766798418972332,0.1323529411764706,0.2192691029900332,0.1572926596758818,0.3618421052631579,0.208089001212466,0.46710151614959783,0.7027540481958434,0.1521778163261107,0.7773127166089043,23.0,23.0,
5year.arff,1,BAINGO-KELM,Optimizer-KELM,formal_multiseed_10seed_full_with_tisngo_mcc_variants.csv,0.6006976317084026,0.3739837398373983,0.9648484848484848,0.4423076923076923,0.4052863436123348,0.4267161410018553,0.3859060402684564,0.3663822261369381,0.5094271403878365,0.6694161123429416,0.2853906198764701,0.7905247597930525,19.0,19.0,
5year.arff,1,BalancedRF,External ML baseline,formal_multiseed_10seed_full_with_tisngo_mcc_variants.csv,0.6878167594318338,0.4959349593495935,0.953939393939394,0.4452554744525547,0.4692307692307692,0.4545454545454545,0.4848966613672496,0.428088764812971,0.5872546249510401,0.7249371766444938,0.4006304524907655,0.8712269031781228,,,
5year.arff,1,EasyEnsemble,External ML baseline,formal_multiseed_10seed_full_with_tisngo_mcc_variants.csv,0.6611560869217743,0.4471544715447154,0.9775757575757577,0.5978260869565217,0.5116279069767442,0.560081466395112,0.4708904109589041,0.4865527475596014,0.5969152075756494,0.7123651145602365,0.5014409162959916,0.9029366839122936,,,
5year.arff,1,ExtraTrees_balanced,External ML baseline,formal_multiseed_10seed_full_with_tisngo_mcc_variants.csv,0.6916351652235707,0.5121951219512195,0.933939393939394,0.3662790697674418,0.4271186440677966,0.3884093711467324,0.4743975903614458,0.3830014893865145,0.5679605857944598,0.7230672579453068,0.4040252071497169,0.8545750184774574,,,
5year.arff,1,HistGB,External ML baseline,formal_multiseed_10seed_full_with_tisngo_mcc_variants.csv,0.8365628478327158,0.7154471544715447,0.9781818181818182,0.7096774193548387,0.7125506072874493,0.7108239095315024,0.7142857142857143,0.6910358564312868,0.7849329792257476,0.8468144863266814,0.7578655003099501,0.958339492485834,,,
5year.arff,1,INGO-KELM,Optimizer-KELM,formal_multiseed_10seed_full_with_tisngo_mcc_variants.csv,0.5869400693311455,0.3577235772357723,0.963030303030303,0.419047619047619,0.3859649122807017,0.4051565377532228,0.3685092127303183,0.3452818691528706,0.49179838399735276,0.6603769401330377,0.300589910327468,0.800921409214092,6.0,6.0,
5year.arff,1,LR_balanced,External ML baseline,formal_multiseed_10seed_full_with_tisngo_mcc_variants.csv,0.7236782941793757,0.5772357723577236,0.9072727272727272,0.3169642857142857,0.4092219020172911,0.3483807654563297,0.4958100558659218,0.3705494815542412,0.578956278217002,0.7422542498152254,0.3044044828793489,0.8114215323971422,,,
5year.arff,1,MSBAINGO-KELM,Optimizer-KELM,formal_multiseed_10seed_full_with_tisngo_mcc_variants.csv,0.6623437075958901,0.4634146341463415,0.9466666666666668,0.3931034482758621,0.4253731343283582,0.4054054054054054,0.4474097331240188,0.3802360527652753,0.5504780936171442,0.7050406504065041,0.3763806284375025,0.8257058388765707,21.0,21.0,
5year.arff,1,NGO-KELM,Optimizer-KELM,formal_multiseed_10seed_full_with_tisngo_mcc_variants.csv,0.687458480459191,0.5040650406504065,0.9375757575757576,0.3757575757575757,0.4305555555555556,0.3959131545338442,0.471841704718417,0.3862590959410936,0.5672709654997321,0.720820399113082,0.4050985817821849,0.8242227149544222,22.0,22.0,
5year.arff,1,PBMSBAINGO-HGBKELM(F2-mode),Proposed hybrid optimized KELM,formal_multiseed_10seed_full_with_tisngo_mcc_variants.csv,0.844704385504984,0.7317073170731707,0.9751515151515152,0.6870229007633588,0.7086614173228346,0.6955177743431221,0.7223113964686998,0.6866018867297016,0.7883241480414761,0.8534294161123429,0.7566834372324479,0.963020448386302,5.0,5.0,
5year.arff,1,PBMSBAINGO-HGBKELM(MCC-guarded),Proposed hybrid optimized KELM,formal_multiseed_10seed_full_with_tisngo_mcc_variants.csv,0.844704385504984,0.7317073170731707,0.9751515151515152,0.6870229007633588,0.7086614173228346,0.6955177743431221,0.7223113964686998,0.6866018867297016,0.7883241480414761,0.8534294161123429,0.7562866492224687,0.962818428184282,,5.0,
5year.arff,1,PBMSBAINGO-HGBKELM(Sensitivity-mode),Proposed hybrid optimized KELM,formal_multiseed_10seed_full_with_tisngo_mcc_variants.csv,0.8691476229844628,0.7804878048780488,0.967878787878788,0.6442953020134228,0.7058823529411765,0.6675938803894298,0.748829953198128,0.6853663432614505,0.8029773387294386,0.8741832963784184,0.7496694047494474,0.95089923626509,4.0,4.0,
5year.arff,1,PBMSBAINGO-HGBKELM(Triad-mode),Proposed hybrid optimized KELM,formal_pbmsbaingo_hgbkelm_triad_alpha005_10seed_complete.csv,0.8920883537764531,0.8455284552845529,0.9412121212121212,0.5174129353233831,0.6419753086419753,0.5609492988133765,0.7503607503607503,0.6305242263664128,0.7946438118938741,0.893370288248337,0.7721177514247717,0.931520078837152,5.0,5.0,0.05
5year.arff,1,PBMSBAINGO-KELM,Optimizer-KELM,formal_multiseed_10seed_full_with_tisngo_mcc_variants.csv,0.5631362570033226,0.3252032520325203,0.9751515151515152,0.4938271604938271,0.392156862745098,0.4474272930648769,0.3490401396160558,0.3654991475784587,0.4875709059324857,0.6501773835920177,0.348439459217574,0.8363192904656319,17.0,17.0,
5year.arff,1,RF_balanced,External ML baseline,formal_multiseed_10seed_full_with_tisngo_mcc_variants.csv,0.7034073968913593,0.5203252032520326,0.9509090909090908,0.4413793103448276,0.4776119402985074,0.4551920341394025,0.5023547880690737,0.4369384012004978,0.6001751721561464,0.7356171470805617,0.4450987905855447,0.8899679724069967,,,
5year.arff,1,TIS_NGO-KELM,Optimizer-KELM,formal_multiseed_10seed_full_with_tisngo_mcc_variants.csv,0.426488090863261,0.1869918699186991,0.9727272727272728,0.3382352941176471,0.2408376963350785,0.2911392405063291,0.2053571428571428,0.2113172012361714,0.3374811775045422,0.5798595713229859,0.2873956937546653,0.8160926336536092,22.0,22.0,
5year.arff,2,BAINGO-KELM,Optimizer-KELM,formal_multiseed_10seed_full_with_tisngo_mcc_variants.csv,0.7434828117066841,0.6016260162601627,0.9187878787878788,0.3557692307692308,0.4471299093655589,0.387434554973822,0.5285714285714286,0.4109174393340257,0.6101437208068073,0.7602069475240207,0.3915385995777349,0.8490022172949003,17.0,17.0,
5year.arff,2,BalancedRF,External ML baseline,formal_multiseed_10seed_full_with_tisngo_mcc_variants.csv,0.7187901471804312,0.5528455284552846,0.9345454545454546,0.3863636363636363,0.4548494983277591,0.4111245465538089,0.5089820359281437,0.4141553025119375,0.5981211398529133,0.7436954915003695,0.3881758250684671,0.8553830992855382,,,
5year.arff,2,EasyEnsemble,External ML baseline,formal_multiseed_10seed_full_with_tisngo_mcc_variants.csv,0.6410757158223184,0.4227642276422764,0.9721212121212122,0.5306122448979592,0.4705882352941176,0.5048543689320388,0.4406779661016949,0.4390815665391541,0.5650947670826907,0.6974427198817443,0.4939907161522409,0.8840453313624045,,,
5year.arff,2,ExtraTrees_balanced,External ML baseline,formal_multiseed_10seed_full_with_tisngo_mcc_variants.csv,0.7270543525314052,0.5772357723577236,0.9157575757575758,0.3380952380952381,0.4264264264264264,0.3686396677050882,0.5056980056980057,0.3876559470555983,0.5895582704210932,0.7464966740576497,0.3783995153079691,0.8431929046563195,,,
5year.arff,2,HistGB,External ML baseline,formal_multiseed_10seed_full_with_tisngo_mcc_variants.csv,0.6883753022787686,0.4796747967479675,0.987878787878788,0.7468354430379747,0.5841584158415841,0.6719817767653758,0.5166374781085814,0.5757787998942561,0.6485877525501663,0.7337767923133777,0.6318101102551162,0.9192362650899236,,,
5year.arff,2,INGO-KELM,Optimizer-KELM,formal_multiseed_10seed_full_with_tisngo_mcc_variants.csv,0.7462214911939247,0.6178861788617886,0.9012121212121212,0.3179916317991632,0.4198895027624309,0.3521779425393883,0.5198358413132695,0.3862179943581529,0.5991322119666254,0.7595491500369549,0.3619481773889836,0.8311258930771126,7.0,7.0,
5year.arff,2,LR_balanced,External ML baseline,formal_multiseed_10seed_full_with_tisngo_mcc_variants.csv,0.7044573532880652,0.5365853658536586,0.9248484848484848,0.3473684210526316,0.4217252396166134,0.3737259343148358,0.4838709677419355,0.3790414642147869,0.5729702129457549,0.7307169253510717,0.363321564143284,0.8018428184281843,,,
5year.arff,2,MSBAINGO-KELM,Optimizer-KELM,formal_multiseed_10seed_full_with_tisngo_mcc_variants.csv,0.7362637144435467,0.5853658536585366,0.926060606060606,0.3711340206185567,0.4542586750788643,0.4004449388209121,0.5247813411078717,0.4162802351959784,0.6088133898025213,0.7557132298595712,0.4005259189848071,0.840241438778024,21.0,21.0,
5year.arff,2,NGO-KELM,Optimizer-KELM,formal_multiseed_10seed_full_with_tisngo_mcc_variants.csv,0.7622531143249616,0.6504065040650406,0.8933333333333333,0.3125,0.4221635883905013,0.3487358326068003,0.5347593582887701,0.3930727234141866,0.611256899494542,0.771869918699187,0.398485672863087,0.8522788864252279,26.0,26.0,
5year.arff,2,PBMSBAINGO-HGBKELM(F2-mode),Proposed hybrid optimized KELM,formal_multiseed_10seed_full_with_tisngo_mcc_variants.csv,0.6883753022787686,0.4796747967479675,0.987878787878788,0.7468354430379747,0.5841584158415841,0.6719817767653758,0.5166374781085814,0.5757787998942561,0.6485877525501663,0.7337767923133777,0.6239362973677741,0.9025769894062576,7.0,7.0,
5year.arff,2,PBMSBAINGO-HGBKELM(MCC-guarded),Proposed hybrid optimized KELM,formal_multiseed_10seed_full_with_tisngo_mcc_variants.csv,0.6883753022787686,0.4796747967479675,0.987878787878788,0.7468354430379747,0.5841584158415841,0.6719817767653758,0.5166374781085814,0.5757787998942561,0.6485877525501663,0.7337767923133777,0.6208308532722034,0.8934220251293422,,7.0,
5year.arff,2,PBMSBAINGO-HGBKELM(Sensitivity-mode),Proposed hybrid optimized KELM,formal_multiseed_10seed_full_with_tisngo_mcc_variants.csv,0.6825166825262097,0.4715447154471545,0.987878787878788,0.7435897435897436,0.5771144278606966,0.6666666666666666,0.5087719298245614,0.5692140147477149,0.6424421727799982,0.7297117516629712,0.6283641161827369,0.9052771618625276,4.0,4.0,
5year.arff,2,PBMSBAINGO-HGBKELM(Triad-mode),Proposed hybrid optimized KELM,formal_pbmsbaingo_hgbkelm_triad_alpha005_10seed_complete.csv,0.740600955850618,0.5528455284552846,0.992121212121212,0.8395061728395061,0.6666666666666666,0.7606263982102909,0.5933682373472949,0.6631653660994655,0.7138332793515103,0.7724833702882483,0.7402857484253909,0.9363882729736388,4.0,4.0,0.05
5year.arff,2,PBMSBAINGO-KELM,Optimizer-KELM,formal_multiseed_10seed_full_with_tisngo_mcc_variants.csv,0.6545649582377944,0.4471544715447154,0.958181818181818,0.4435483870967742,0.4453441295546558,0.444264943457189,0.4464285714285714,0.4038209491774426,0.5572260993090958,0.7026681448632668,0.3659488519146457,0.818038925843804,23.0,23.0,
5year.arff,2,RF_balanced,External ML baseline,formal_multiseed_10seed_full_with_tisngo_mcc_variants.csv,0.7171774078590557,0.5447154471544715,0.9442424242424242,0.4213836477987421,0.475177304964539,0.4413702239789196,0.5145929339477726,0.4348261381625293,0.6070012903113468,0.7444789356984478,0.4189931849555052,0.869179600886918,,,
5year.arff,2,TIS_NGO-KELM,Optimizer-KELM,formal_multiseed_10seed_full_with_tisngo_mcc_variants.csv,0.5539750862238201,0.3170731707317073,0.967878787878788,0.4239130434782608,0.3627906976744186,0.3971486761710794,0.3339041095890411,0.3264287514254145,0.4644328785562667,0.6424759793052476,0.2998327772316355,0.8062675535846269,9.0,9.0,
5year.arff,3,BAINGO-KELM,Optimizer-KELM,formal_multiseed_10seed_full_with_tisngo_mcc_variants.csv,0.6279166976259095,0.4146341463414634,0.9509090909090908,0.3863636363636363,0.4,0.391705069124424,0.4086538461538461,0.3538278596393335,0.5186392291656835,0.6827716186252771,0.2983635552995707,0.8304459226410444,30.0,30.0,
5year.arff,3,BalancedRF,External ML baseline,formal_multiseed_10seed_full_with_tisngo_mcc_variants.csv,0.7738011175359447,0.6504065040650406,0.9206060606060606,0.3791469194312796,0.4790419161676646,0.4136504653567735,0.5689900426742532,0.4480829821552569,0.6449693128914458,0.7855062823355506,0.3921618734233045,0.8839122936683913,,,
5year.arff,3,EasyEnsemble,External ML baseline,formal_multiseed_10seed_full_with_tisngo_mcc_variants.csv,0.7767564476464519,0.6422764227642277,0.9393939393939394,0.441340782122905,0.5231788079470199,0.4707985697258641,0.5886736214605067,0.490569777980264,0.666433532600335,0.7908351810790836,0.4803495830133464,0.9170337521557032,,,
5year.arff,3,ExtraTrees_balanced,External ML baseline,formal_multiseed_10seed_full_with_tisngo_mcc_variants.csv,0.7753596309327164,0.6747967479674797,0.8909090909090909,0.3155893536121673,0.4300518134715025,0.3531914893617021,0.5496688741721855,0.4044071647360894,0.6241300181406629,0.7828529194382853,0.3744893946363286,0.868381374722838,,,
5year.arff,3,HistGB,External ML baseline,formal_multiseed_10seed_full_with_tisngo_mcc_variants.csv,0.7863769870143956,0.6341463414634146,0.9751515151515152,0.6554621848739496,0.6446280991735537,0.6510851419031719,0.6382978723404256,0.6187040300482495,0.7259635995523603,0.8046489283074649,0.6876644597215673,0.9530918945553092,,,
5year.arff,3,INGO-KELM,Optimizer-KELM,formal_multiseed_10seed_full_with_tisngo_mcc_variants.csv,0.6803112195945928,0.5040650406504065,0.9181818181818182,0.3147208121827411,0.3875,0.3402854006586169,0.4499274310595065,0.3413891667773081,0.5406153019457153,0.7111234294161124,0.339053385943646,0.7967775314116777,19.0,19.0,
5year.arff,3,LR_balanced,External ML baseline,formal_multiseed_10seed_full_with_tisngo_mcc_variants.csv,0.656507966461261,0.4552845528455284,0.9466666666666668,0.3888888888888889,0.4194756554307116,0.4005722460658083,0.440251572327044,0.3738747109399796,0.5441709625508228,0.7009756097560975,0.3791005135467386,0.823389997536339,,,
5year.arff,3,MSBAINGO-KELM,Optimizer-KELM,formal_multiseed_10seed_full_with_tisngo_mcc_variants.csv,0.6825527782864764,0.5040650406504065,0.9242424242424242,0.3315508021390374,0.4,0.3559127439724455,0.4565537555228277,0.3543054042955258,0.5485506720095105,0.7141537324464153,0.2987805812158757,0.8219364375461937,25.0,25.0,
5year.arff,3,NGO-KELM,Optimizer-KELM,formal_multiseed_10seed_full_with_tisngo_mcc_variants.csv,0.7646217788203947,0.6666666666666666,0.876969696969697,0.287719298245614,0.4019607843137255,0.3246239113222486,0.5276705276705277,0.3760790412729299,0.6035651463981195,0.7718181818181817,0.3714634886293545,0.8350776053215078,24.0,24.0,
5year.arff,3,PBMSBAINGO-HGBKELM(F2-mode),Proposed hybrid optimized KELM,formal_multiseed_10seed_full_with_tisngo_mcc_variants.csv,0.7863769870143956,0.6341463414634146,0.9751515151515152,0.6554621848739496,0.6446280991735537,0.6510851419031719,0.6382978723404256,0.6187040300482495,0.7259635995523603,0.8046489283074649,0.6824721759080803,0.9453559990145356,4.0,4.0,
5year.arff,3,PBMSBAINGO-HGBKELM(MCC-guarded),Proposed hybrid optimized KELM,formal_multiseed_10seed_full_with_tisngo_mcc_variants.csv,0.7813198478261294,0.6260162601626016,0.9751515151515152,0.652542372881356,0.6390041493775933,0.6470588235294118,0.6311475409836066,0.6128443943121827,0.720558607626175,0.8005838876570583,0.6832290461815158,0.944040404040404,,4.0,
5year.arff,3,PBMSBAINGO-HGBKELM(Sensitivity-mode),Proposed hybrid optimized KELM,formal_multiseed_10seed_full_with_tisngo_mcc_variants.csv,0.8786986727412368,0.8130081300813008,0.9496969696969696,0.546448087431694,0.6535947712418301,0.5847953216374269,0.7407407407407407,0.6369818694297824,0.7893488925010526,0.8813525498891353,0.6830655489465655,0.9442424242424244,4.0,4.0,
5year.arff,3,PBMSBAINGO-HGBKELM(Triad-mode),Proposed hybrid optimized KELM,formal_pbmsbaingo_hgbkelm_triad_alpha005_10seed_complete.csv,0.8394380973546921,0.7317073170731707,0.963030303030303,0.5960264900662252,0.656934306569343,0.6189821182943603,0.6998444790046656,0.6324139567833545,0.7638233529899362,0.8473688100517369,0.6812121370331687,0.9362158167036216,5.0,5.0,0.05
5year.arff,3,PBMSBAINGO-KELM,Optimizer-KELM,formal_multiseed_10seed_full_with_tisngo_mcc_variants.csv,0.7404279539987827,0.6178861788617886,0.8872727272727273,0.2900763358778626,0.3948051948051948,0.3245089666951323,0.5039787798408488,0.3616926338917325,0.5831340830605491,0.752579453067258,0.3263409551540548,0.8351416605075141,10.0,10.0,
5year.arff,3,RF_balanced,External ML baseline,formal_multiseed_10seed_full_with_tisngo_mcc_variants.csv,0.7999137672174333,0.6991869918699187,0.9151515151515152,0.3805309734513274,0.492836676217765,0.4186952288218111,0.5988857938718662,0.4680614668924793,0.6690569361473148,0.8071692535107169,0.4208471630578292,0.8962847992116285,,,
5year.arff,3,TIS_NGO-KELM,Optimizer-KELM,formal_multiseed_10seed_full_with_tisngo_mcc_variants.csv,0.6691012456756972,0.4796747967479675,0.9333333333333332,0.3491124260355029,0.4041095890410959,0.3692115143929912,0.4462934947049924,0.3573613617618439,0.5428715600108208,0.7065040650406504,0.3218941308256824,0.8319487558511948,14.0,14.0,
5year.arff,4,BAINGO-KELM,Optimizer-KELM,formal_multiseed_10seed_full_with_tisngo_mcc_variants.csv,0.6865045482027987,0.4959349593495935,0.9503030303030304,0.4265734265734265,0.4586466165413533,0.4388489208633093,0.4803149606299212,0.4163889993363031,0.5811149231163821,0.7231189948263119,0.3820404708186103,0.8316334072431634,19.0,19.0,
5year.arff,4,BalancedRF,External ML baseline,formal_multiseed_10seed_full_with_tisngo_mcc_variants.csv,0.7277757560684237,0.5772357723577236,0.9175757575757576,0.3429951690821256,0.4303030303030303,0.3732912723449001,0.5078683834048641,0.3915194005785967,0.5919015607098018,0.7474057649667406,0.3746419763016276,0.8484035476718403,,,
5year.arff,4,EasyEnsemble,External ML baseline,formal_multiseed_10seed_full_with_tisngo_mcc_variants.csv,0.7483709827779308,0.6016260162601627,0.9309090909090908,0.3936170212765957,0.4758842443729904,0.4228571428571429,0.5441176470588235,0.4394902185108536,0.6267019285357412,0.7662675535846268,0.5434610729975465,0.8966642030056664,,,
5year.arff,4,ExtraTrees_balanced,External ML baseline,formal_multiseed_10seed_full_with_tisngo_mcc_variants.csv,0.5671121243776768,0.3333333333333333,0.9648484848484848,0.4141414141414141,0.3693693693693693,0.394990366088632,0.3468697123519458,0.3299744869243559,0.4734484970572457,0.649090909090909,0.3851735128362217,0.8282039911308204,,,
5year.arff,4,HistGB,External ML baseline,formal_multiseed_10seed_full_with_tisngo_mcc_variants.csv,0.7567256131579421,0.5934959349593496,0.9648484848484848,0.5572519083969466,0.5748031496062992,0.5641421947449768,0.5858747993579454,0.5423435551884039,0.6772002615721467,0.7791722099039172,0.6242953223854759,0.9141906873614192,,,
5year.arff,4,INGO-KELM,Optimizer-KELM,formal_multiseed_10seed_full_with_tisngo_mcc_variants.csv,0.6466507415690603,0.4471544715447154,0.9351515151515152,0.3395061728395062,0.3859649122807017,0.3566796368352788,0.4204892966360856,0.3371322889674601,0.5204511466564447,0.6911529933481153,0.3300948532530326,0.8227790096082779,7.0,7.0,
5year.arff,4,LR_balanced,External ML baseline,formal_multiseed_10seed_full_with_tisngo_mcc_variants.csv,0.7146411673204051,0.5447154471544715,0.9375757575757576,0.3941176470588235,0.4573378839590443,0.4171855541718555,0.5060422960725075,0.4162101317445703,0.5968010376585503,0.7411456023651146,0.4275945462733087,0.8506035969450605,,,
5year.arff,4,MSBAINGO-KELM,Optimizer-KELM,formal_multiseed_10seed_full_with_tisngo_mcc_variants.csv,0.6606975939623604,0.4552845528455284,0.9587878787878787,0.4516129032258064,0.4534412955465587,0.4523424878836833,0.4545454545454545,0.4125244312154379,0.5647007634623837,0.7070362158167036,0.3811684597191803,0.8216802168021681,13.0,13.0,
5year.arff,4,NGO-KELM,Optimizer-KELM,formal_multiseed_10seed_full_with_tisngo_mcc_variants.csv,0.6860019457866428,0.5121951219512195,0.9187878787878788,0.3197969543147208,0.39375,0.3457738748627881,0.4571843251088534,0.3484523909175282,0.5473494860532426,0.7154915003695492,0.3744437705193034,0.7938901207193889,10.0,10.0,
5year.arff,4,PBMSBAINGO-HGBKELM(F2-mode),Proposed hybrid optimized KELM,formal_multiseed_10seed_full_with_tisngo_mcc_variants.csv,0.775550254077805,0.6341463414634146,0.9484848484848484,0.4785276073619632,0.5454545454545454,0.5032258064516129,0.5954198473282443,0.5123674331961181,0.6754612958096339,0.7913155949741315,0.6214788660500172,0.9046858832224686,20.0,20.0,
5year.arff,4,PBMSBAINGO-HGBKELM(MCC-guarded),Proposed hybrid optimized KELM,formal_multiseed_10seed_full_with_tisngo_mcc_variants.csv,0.756250133617966,0.5934959349593496,0.9636363636363636,0.5488721804511278,0.5703125,0.5572519083969466,0.584,0.5374092283531546,0.6748574027968647,0.7785661492978566,0.6241814099356126,0.9074254742547426,,20.0,
5year.arff,4,PBMSBAINGO-HGBKELM(Sensitivity-mode),Proposed hybrid optimized KELM,formal_multiseed_10seed_full_with_tisngo_mcc_variants.csv,0.8093929971883324,0.6991869918699187,0.936969696969697,0.4526315789473684,0.549520766773163,0.4869762174405436,0.6304985337243402,0.5225662626200528,0.6995521317116482,0.8180783444198079,0.6168138112307232,0.9022468588322248,5.0,5.0,
5year.arff,4,PBMSBAINGO-HGBKELM(Triad-mode),Proposed hybrid optimized KELM,formal_pbmsbaingo_hgbkelm_triad_alpha005_10seed_complete.csv,0.8289894173345775,0.7479674796747967,0.9187878787878788,0.4070796460176991,0.5272206303724928,0.4479065238558909,0.6406685236768802,0.5079976064882621,0.7041305915337613,0.8333776792313378,0.6760179155746552,0.9252426706085244,10.0,10.0,0.05
5year.arff,4,PBMSBAINGO-KELM,Optimizer-KELM,formal_multiseed_10seed_full_with_tisngo_mcc_variants.csv,0.6773060850825677,0.4796747967479675,0.9563636363636364,0.4503816793893129,0.4645669291338583,0.4559505409582689,0.4735152487961476,0.4235425762720411,0.5791917177161581,0.7180192165558019,0.4292809943075607,0.8382705099778271,22.0,22.0,
5year.arff,4,RF_balanced,External ML baseline,formal_multiseed_10seed_full_with_tisngo_mcc_variants.csv,0.6847510215887876,0.4959349593495935,0.9454545454545454,0.4039735099337748,0.4452554744525547,0.4195323246217332,0.4743390357698289,0.4017932455914161,0.5732657601517896,0.7206947524020695,0.4080031111770925,0.8590194629219019,,,
5year.arff,4,TIS_NGO-KELM,Optimizer-KELM,formal_multiseed_10seed_full_with_tisngo_mcc_variants.csv,0.6619493113976459,0.4552845528455284,0.9624242424242424,0.4745762711864407,0.4647302904564315,0.4705882352941176,0.4590163934426229,0.4258220485990228,0.5714249576882613,0.7088543976348854,0.3940068965051773,0.8186351318058634,15.0,15.0,
5year.arff,5,BAINGO-KELM,Optimizer-KELM,formal_multiseed_10seed_full_with_tisngo_mcc_variants.csv,0.6109133143133496,0.3902439024390244,0.9563636363636364,0.4,0.3950617283950617,0.3980099502487562,0.392156862745098,0.3505948097976633,0.5076778564293264,0.6733037694013304,0.371737082895268,0.8229613205222962,23.0,23.0,
5year.arff,5,BalancedRF,External ML baseline,formal_multiseed_10seed_full_with_tisngo_mcc_variants.csv,0.594132433145422,0.3658536585365853,0.9648484848484848,0.4368932038834951,0.3982300884955752,0.4205607476635514,0.3781512605042016,0.3592151870132559,0.50238932613101,0.665351071692535,0.3764330734967224,0.8504237496920424,,,
5year.arff,5,EasyEnsemble,External ML baseline,formal_multiseed_10seed_full_with_tisngo_mcc_variants.csv,0.6508394715583553,0.4390243902439024,0.9648484848484848,0.4821428571428571,0.4595744680851064,0.4728546409807355,0.4470198675496689,0.4218376960375954,0.5632454835489301,0.7019364375461936,0.4470361778127415,0.8670362158167036,,,
5year.arff,5,ExtraTrees_balanced,External ML baseline,formal_multiseed_10seed_full_with_tisngo_mcc_variants.csv,0.6681284786301506,0.4715447154471545,0.9466666666666668,0.3972602739726027,0.4312267657992565,0.4101838755304102,0.4545454545454545,0.3865629011060055,0.556732677631598,0.7091056910569106,0.3761859072119751,0.8382852919438285,,,
5year.arff,5,HistGB,External ML baseline,formal_multiseed_10seed_full_with_tisngo_mcc_variants.csv,0.7305800629509231,0.5528455284552846,0.9654545454545456,0.544,0.5483870967741935,0.5457463884430177,0.5510534846029174,0.5144488354007141,0.6499689452927947,0.759150036954915,0.5712736755466645,0.9114954422271496,,,
5year.arff,5,INGO-KELM,Optimizer-KELM,formal_multiseed_10seed_full_with_tisngo_mcc_variants.csv,0.7345350631889224,0.5934959349593496,0.9090909090909092,0.3273542600896861,0.4219653179190751,0.3596059113300492,0.5104895104895105,0.3851122766474109,0.5922941942081947,0.7512934220251293,0.3710976202567755,0.836959842325696,6.0,6.0,
5year.arff,5,LR_balanced,External ML baseline,formal_multiseed_10seed_full_with_tisngo_mcc_variants.csv,0.6255108776776999,0.4146341463414634,0.9436363636363636,0.3541666666666667,0.3820224719101123,0.3648068669527897,0.4009433962264151,0.3332451224276363,0.5070815916623028,0.6791352549889135,0.3356281307889446,0.7659275683665927,,,
5year.arff,5,MSBAINGO-KELM,Optimizer-KELM,formal_multiseed_10seed_full_with_tisngo_mcc_variants.csv,0.6894552980661871,0.5040650406504065,0.943030303030303,0.3974358974358974,0.4444444444444444,0.4149933065595716,0.4783950617283951,0.4010304647692913,0.575523679896775,0.7235476718403547,0.353535584202903,0.8281251539788126,17.0,17.0,
5year.arff,5,NGO-KELM,Optimizer-KELM,formal_multiseed_10seed_full_with_tisngo_mcc_variants.csv,0.6857756545234227,0.5121951219512195,0.9181818181818182,0.3181818181818182,0.3925233644859813,0.3442622950819672,0.4565217391304347,0.3471927495066528,0.5465689101598066,0.7151884700665189,0.3163937718489937,0.80649913771865,4.0,4.0,
5year.arff,5,PBMSBAINGO-HGBKELM(F2-mode),Proposed hybrid optimized KELM,formal_multiseed_10seed_full_with_tisngo_mcc_variants.csv,0.7602465854298838,0.6097560975609756,0.947878787878788,0.4658385093167702,0.528169014084507,0.4889178617992177,0.5742725880551302,0.4931159002288184,0.6580910547504564,0.7788174427198817,0.5688704701350729,0.8972209903917222,5.0,5.0,
5year.arff,5,PBMSBAINGO-HGBKELM(MCC-guarded),Proposed hybrid optimized KELM,formal_multiseed_10seed_full_with_tisngo_mcc_variants.csv,0.6323386595329952,0.4065040650406504,0.9836363636363636,0.6493506493506493,0.5,0.580046403712297,0.4393673110720562,0.4863592701911621,0.5793649555696752,0.695070214338507,0.5682486539885091,0.8961763981276176,,5.0,
5year.arff,5,PBMSBAINGO-HGBKELM(Sensitivity-mode),Proposed hybrid optimized KELM,formal_multiseed_10seed_full_with_tisngo_mcc_variants.csv,0.8099650365500997,0.7235772357723578,0.9066666666666666,0.3662551440329218,0.4863387978142076,0.4063926940639269,0.6054421768707483,0.465644339823298,0.6734865974552428,0.8151219512195123,0.5652499341593608,0.8907119980290712,5.0,5.0,
5year.arff,5,PBMSBAINGO-HGBKELM(Triad-mode),Proposed hybrid optimized KELM,formal_pbmsbaingo_hgbkelm_triad_alpha005_10seed_complete.csv,0.8505697118333964,0.7642276422764228,0.9466666666666668,0.5164835164835165,0.6163934426229508,0.5522914218566393,0.6973293768545994,0.595153211610864,0.7551203997659277,0.8554471544715447,0.7054764807722307,0.9313131313131312,7.0,7.0,0.05
5year.arff,5,PBMSBAINGO-KELM,Optimizer-KELM,formal_multiseed_10seed_full_with_tisngo_mcc_variants.csv,0.6677006025192597,0.4715447154471545,0.9454545454545454,0.3918918918918919,0.4280442804428044,0.4055944055944055,0.453125,0.3830648232821957,0.5548112639254369,0.70849963045085,0.3688769184261772,0.8210347376201035,29.0,29.0,
5year.arff,5,RF_balanced,External ML baseline,formal_multiseed_10seed_full_with_tisngo_mcc_variants.csv,0.5555338749157083,0.3170731707317073,0.9733333333333334,0.4698795180722891,0.3786407766990291,0.4285714285714285,0.3391304347826087,0.3493159916979617,0.4759337686582529,0.6452032520325204,0.3978758433658294,0.8634589800443458,,,
5year.arff,5,TIS_NGO-KELM,Optimizer-KELM,formal_multiseed_10seed_full_with_tisngo_mcc_variants.csv,0.6350523215423507,0.4227642276422764,0.953939393939394,0.40625,0.4143426294820717,0.4094488188976378,0.4193548387096774,0.3698336190256329,0.530324634248112,0.6883518107908352,0.3354043635613589,0.8394579945799459,18.0,18.0,
5year.arff,6,BAINGO-KELM,Optimizer-KELM,formal_multiseed_10seed_full_with_tisngo_mcc_variants.csv,0.5456269744704443,0.3089430894308943,0.9636363636363636,0.3877551020408163,0.3438914027149321,0.3689320388349514,0.3220338983050847,0.3030869239717751,0.4485246215772234,0.6362897265336289,0.2961383758868396,0.8185267307218528,36.0,36.0,
5year.arff,6,BalancedRF,External ML baseline,formal_multiseed_10seed_full_with_tisngo_mcc_variants.csv,0.5858308902561555,0.3577235772357723,0.9593939393939394,0.3963963963963964,0.376068376068376,0.3880070546737213,0.3648424543946932,0.3326118827166257,0.4850957079532058,0.6585587583148559,0.3184965814812605,0.8561024882976102,,,
5year.arff,6,EasyEnsemble,External ML baseline,formal_multiseed_10seed_full_with_tisngo_mcc_variants.csv,0.7181626387926177,0.5609756097560976,0.9193939393939394,0.3415841584158416,0.4246153846153846,0.3705692803437164,0.4971181556195965,0.3841547610845603,0.5829759139778564,0.7401847745750185,0.3855101863228901,0.8875757575757575,,,
5year.arff,6,ExtraTrees_balanced,External ML baseline,formal_multiseed_10seed_full_with_tisngo_mcc_variants.csv,0.5836062079536677,0.3577235772357723,0.952121212121212,0.3577235772357723,0.3577235772357723,0.3577235772357723,0.3577235772357723,0.3098447893569844,0.47256476208639864,0.6549223946784922,0.2764181114295561,0.835230352303523,,,
5year.arff,6,HistGB,External ML baseline,formal_multiseed_10seed_full_with_tisngo_mcc_variants.csv,0.7959493410609456,0.6666666666666666,0.9503030303030304,0.5,0.5714285714285714,0.5263157894736842,0.625,0.5410761803686374,0.6998577188503674,0.8084848484848485,0.5944098646466817,0.9165533382606552,,,
5year.arff,6,INGO-KELM,Optimizer-KELM,formal_multiseed_10seed_full_with_tisngo_mcc_variants.csv,0.5439084600459747,0.3089430894308943,0.9575757575757576,0.3518518518518518,0.329004329004329,0.3423423423423423,0.3166666666666666,0.2831414533552214,0.4375406036335251,0.633259423503326,0.2768687004140467,0.8100468095590047,7.0,7.0,
5year.arff,6,LR_balanced,External ML baseline,formal_multiseed_10seed_full_with_tisngo_mcc_variants.csv,0.5776702194880486,0.3495934959349593,0.9545454545454546,0.3644067796610169,0.3568464730290456,0.361344537815126,0.3524590163934426,0.3100463107765905,0.4694566644315554,0.652069475240207,0.3073889833298073,0.8111209657551121,,,
5year.arff,6,MSBAINGO-KELM,Optimizer-KELM,formal_multiseed_10seed_full_with_tisngo_mcc_variants.csv,0.6482603171396689,0.4552845528455284,0.923030303030303,0.3060109289617486,0.3660130718954248,0.327485380116959,0.4148148148148148,0.3159539698881024,0.5101613623623616,0.6891574279379157,0.2815955918220922,0.8304459226410446,25.0,25.0,
5year.arff,6,NGO-KELM,Optimizer-KELM,formal_multiseed_10seed_full_with_tisngo_mcc_variants.csv,0.6238584055496247,0.4227642276422764,0.9206060606060606,0.2841530054644808,0.3398692810457516,0.3040935672514619,0.3851851851851852,0.2867696153843133,0.4814690762869878,0.6716851441241686,0.2975592326353602,0.8154225178615422,9.0,9.0,
5year.arff,6,PBMSBAINGO-HGBKELM(F2-mode),Proposed hybrid optimized KELM,formal_multiseed_10seed_full_with_tisngo_mcc_variants.csv,0.8451067798375662,0.7642276422764228,0.9345454545454546,0.4653465346534653,0.5784615384615385,0.5048335123523093,0.6772334293948127,0.5588135478964007,0.7362580101753192,0.8493865484109386,0.5832762572917662,0.9021138211382116,5.0,5.0,
5year.arff,6,PBMSBAINGO-HGBKELM(MCC-guarded),Proposed hybrid optimized KELM,formal_multiseed_10seed_full_with_tisngo_mcc_variants.csv,0.8451067798375662,0.7642276422764228,0.9345454545454546,0.4653465346534653,0.5784615384615385,0.5048335123523093,0.6772334293948127,0.5588135478964007,0.7362580101753192,0.8493865484109386,0.5832762572917664,0.9021138211382114,,5.0,
5year.arff,6,PBMSBAINGO-HGBKELM(Sensitivity-mode),Proposed hybrid optimized KELM,formal_multiseed_10seed_full_with_tisngo_mcc_variants.csv,0.8395085318318555,0.7560975609756098,0.932121212121212,0.4536585365853658,0.5670731707317073,0.4931071049840933,0.667144906743185,0.5468536096962304,0.7277358511462287,0.844109386548411,0.5867598896379974,0.9097117516629712,5.0,5.0,
5year.arff,6,PBMSBAINGO-HGBKELM(Triad-mode),Proposed hybrid optimized KELM,formal_pbmsbaingo_hgbkelm_triad_alpha005_10seed_complete.csv,0.8282699089841445,0.7317073170731707,0.9375757575757576,0.466321243523316,0.569620253164557,0.5027932960893855,0.656934306569343,0.5460056945771291,0.7208534476285401,0.8346415373244642,0.6843889395332012,0.901808327174181,5.0,5.0,0.05
5year.arff,6,PBMSBAINGO-KELM,Optimizer-KELM,formal_multiseed_10seed_full_with_tisngo_mcc_variants.csv,0.6020209047418893,0.3821138211382114,0.9484848484848484,0.3560606060606061,0.3686274509803922,0.3609831029185867,0.3766025641025641,0.32000323833692,0.4876697745552573,0.6652993348115299,0.3050645977807557,0.8190046809559005,28.0,28.0,
5year.arff,6,RF_balanced,External ML baseline,formal_multiseed_10seed_full_with_tisngo_mcc_variants.csv,0.745719492152116,0.6178861788617886,0.9,0.3153526970954357,0.4175824175824176,0.3495860165593376,0.5184174624829468,0.3839643867413458,0.5976964068686142,0.7589430894308944,0.3389079839161613,0.875410199556541,,,
5year.arff,6,TIS_NGO-KELM,Optimizer-KELM,formal_multiseed_10seed_full_with_tisngo_mcc_variants.csv,0.5076648276528248,0.2682926829268293,0.9606060606060606,0.336734693877551,0.2986425339366516,0.3203883495145631,0.2796610169491525,0.2545174087691398,0.4032959690764747,0.614449371766445,0.3011553026555753,0.8145947277654594,20.0,20.0,
5year.arff,7,BAINGO-KELM,Optimizer-KELM,formal_multiseed_10seed_full_with_tisngo_mcc_variants.csv,0.7115767445712614,0.5365853658536586,0.9436363636363636,0.4150943396226415,0.4680851063829787,0.4347826086956521,0.5069124423963134,0.427057160362963,0.6002191306449327,0.7401108647450111,0.4111363084669462,0.8248829761024885,22.0,22.0,
5year.arff,7,BalancedRF,External ML baseline,formal_multiseed_10seed_full_with_tisngo_mcc_variants.csv,0.6535290896377223,0.4471544715447154,0.9551515151515152,0.4263565891472868,0.4365079365079365,0.4303599374021909,0.4428341384863124,0.3935548432823972,0.5518804835375075,0.7011529933481153,0.3988643909684992,0.8711431387041142,,,
5year.arff,7,EasyEnsemble,External ML baseline,formal_multiseed_10seed_full_with_tisngo_mcc_variants.csv,0.6862856023996852,0.4959349593495935,0.9496969696969696,0.4236111111111111,0.4569288389513108,0.4363376251788269,0.4795597484276729,0.414504299452323,0.5801134549867888,0.7228159645232816,0.4971733851183022,0.910421286031042,,,
5year.arff,7,ExtraTrees_balanced,External ML baseline,formal_multiseed_10seed_full_with_tisngo_mcc_variants.csv,0.6571381134306418,0.4552845528455284,0.9484848484848484,0.3971631205673759,0.4242424242424242,0.4075691411935953,0.4423380726698262,0.3791912421034598,0.5470880187492873,0.7018847006651885,0.3787969329073797,0.8521261394432127,,,
5year.arff,7,HistGB,External ML baseline,formal_multiseed_10seed_full_with_tisngo_mcc_variants.csv,0.7032742905619822,0.5040650406504065,0.9812121212121212,0.6666666666666666,0.5740740740740741,0.6262626262626263,0.5299145299145299,0.5530803967286186,0.6491512774914916,0.7426385809312639,0.6591685234640531,0.9426903178122692,,,
5year.arff,7,INGO-KELM,Optimizer-KELM,formal_multiseed_10seed_full_with_tisngo_mcc_variants.csv,0.7083773517908233,0.5447154471544715,0.9212121212121211,0.3401015228426396,0.41875,0.3677277716794731,0.4862119013062409,0.3767052874784089,0.5739098567207669,0.7329637841832963,0.2936484551979475,0.7725351071692536,7.0,7.0,
5year.arff,7,LR_balanced,External ML baseline,formal_multiseed_10seed_full_with_tisngo_mcc_variants.csv,0.6682538386755862,0.4634146341463415,0.9636363636363636,0.4871794871794871,0.475,0.482233502538071,0.4679802955665024,0.4370701747281693,0.5800668301411048,0.7135254988913525,0.405635961017747,0.8177728504557772,,,
5year.arff,7,MSBAINGO-KELM,Optimizer-KELM,formal_multiseed_10seed_full_with_tisngo_mcc_variants.csv,0.7176375794866796,0.5447154471544715,0.9454545454545454,0.4267515923566879,0.4785714285714286,0.4460719041278295,0.5161787365177196,0.4384002007510674,0.6089201746199933,0.7450849963045085,0.4179801828720464,0.8636954915003695,23.0,23.0,
5year.arff,7,NGO-KELM,Optimizer-KELM,formal_multiseed_10seed_full_with_tisngo_mcc_variants.csv,0.729935688865314,0.5772357723577236,0.923030303030303,0.3585858585858585,0.4423676012461059,0.3879781420765027,0.5144927536231884,0.4035735607609016,0.5990972154249564,0.7501330376940133,0.3839134140760842,0.8522197585612219,29.0,29.0,
5year.arff,7,PBMSBAINGO-HGBKELM(F2-mode),Proposed hybrid optimized KELM,formal_multiseed_10seed_full_with_tisngo_mcc_variants.csv,0.7534105749568177,0.5853658536585366,0.9696969696969696,0.5901639344262295,0.5877551020408164,0.5891980360065466,0.5863192182410424,0.5571642163590667,0.6813164579051841,0.7775314116777532,0.6557234189623015,0.9279132791327914,4.0,4.0,
5year.arff,7,PBMSBAINGO-HGBKELM(MCC-guarded),Proposed hybrid optimized KELM,formal_multiseed_10seed_full_with_tisngo_mcc_variants.csv,0.7534105749568177,0.5853658536585366,0.9696969696969696,0.5901639344262295,0.5877551020408164,0.5891980360065466,0.5863192182410424,0.5571642163590667,0.6813164579051841,0.7775314116777532,0.6557234189623015,0.9279132791327914,,4.0,
5year.arff,7,PBMSBAINGO-HGBKELM(Sensitivity-mode),Proposed hybrid optimized KELM,formal_multiseed_10seed_full_with_tisngo_mcc_variants.csv,0.7728453745088529,0.6178861788617886,0.9666666666666668,0.5801526717557252,0.5984251968503937,0.5873261205564142,0.6099518459069021,0.5678009078133388,0.6973654635943272,0.7922764227642276,0.6508821956429088,0.9267898497166788,4.0,4.0,
5year.arff,7,PBMSBAINGO-HGBKELM(Triad-mode),Proposed hybrid optimized KELM,formal_pbmsbaingo_hgbkelm_triad_alpha005_10seed_complete.csv,0.7484236534316735,0.5691056910569106,0.9842424242424244,0.7291666666666666,0.639269406392694,0.6903353057199211,0.5952380952380952,0.6212849238043469,0.7033885181575541,0.7766740576496673,0.7222119881651048,0.9500172456270016,4.0,4.0,0.05
5year.arff,7,PBMSBAINGO-KELM,Optimizer-KELM,formal_multiseed_10seed_full_with_tisngo_mcc_variants.csv,0.7061654360416311,0.5284552845528455,0.9436363636363636,0.4113924050632911,0.4626334519572954,0.4304635761589404,0.5,0.4210232102597714,0.5943464193626905,0.7360458240946046,0.4123234911671642,0.8269475240206947,24.0,24.0,
5year.arff,7,RF_balanced,External ML baseline,formal_multiseed_10seed_full_with_tisngo_mcc_variants.csv,0.7348167486537004,0.5853658536585366,0.9224242424242424,0.36,0.4458204334365325,0.390032502708559,0.5202312138728323,0.4078489934623297,0.6038825719039148,0.7538950480413895,0.447203782609936,0.8793249568859326,,,
5year.arff,7,TIS_NGO-KELM,Optimizer-KELM,formal_multiseed_10seed_full_with_tisngo_mcc_variants.csv,0.7262033280788082,0.5691056910569106,0.9266666666666666,0.3664921465968586,0.445859872611465,0.3945885005636979,0.5124450951683748,0.4063094405399695,0.5983993700469159,0.7478861788617885,0.390525064959709,0.825489036708549,23.0,23.0,
5year.arff,8,BAINGO-KELM,Optimizer-KELM,formal_multiseed_10seed_full_with_tisngo_mcc_variants.csv,0.6804198521253603,0.4878048780487805,0.9490909090909092,0.4166666666666667,0.449438202247191,0.4291845493562232,0.4716981132075472,0.4063783817498543,0.5730090963826632,0.7184478935698448,0.3942460057467782,0.8333973885193398,31.0,31.0,
5year.arff,8,BalancedRF,External ML baseline,formal_multiseed_10seed_full_with_tisngo_mcc_variants.csv,0.6845639055799413,0.5040650406504065,0.9296969696969696,0.348314606741573,0.4119601328903654,0.3712574850299401,0.4626865671641791,0.366737817425406,0.5559826380100031,0.716881005173688,0.3640285849654526,0.8330352303523034,,,
5year.arff,8,EasyEnsemble,External ML baseline,formal_multiseed_10seed_full_with_tisngo_mcc_variants.csv,0.6286264585900893,0.4065040650406504,0.9721212121212122,0.5208333333333334,0.45662100456621,0.4930966469428008,0.4251700680272108,0.4251106490977331,0.5517755245451057,0.6893126385809313,0.4334402899721473,0.8737817196353782,,,
5year.arff,8,ExtraTrees_balanced,External ML baseline,formal_multiseed_10seed_full_with_tisngo_mcc_variants.csv,0.6718937726197082,0.4878048780487805,0.9254545454545454,0.3278688524590163,0.392156862745098,0.3508771929824561,0.4444444444444444,0.3451383243918915,0.5381022475756576,0.7066297117516629,0.3242315654513683,0.824390243902439,,,
5year.arff,8,HistGB,External ML baseline,formal_multiseed_10seed_full_with_tisngo_mcc_variants.csv,0.7375475231158991,0.5609756097560976,0.9696969696969696,0.5798319327731093,0.5702479338842975,0.5759599332220368,0.5646481178396072,0.5388649573917892,0.6642832778207387,0.7653362897265337,0.5975069482970786,0.8934712983493471,,,
5year.arff,8,INGO-KELM,Optimizer-KELM,formal_multiseed_10seed_full_with_tisngo_mcc_variants.csv,0.6064448153927755,0.3902439024390244,0.9424242424242424,0.3356643356643357,0.3609022556390977,0.3453237410071942,0.3779527559055118,0.3104158748530377,0.4851121657617374,0.6663340724316333,0.2894619767738807,0.7919733924611974,8.0,8.0,
5year.arff,8,LR_balanced,External ML baseline,formal_multiseed_10seed_full_with_tisngo_mcc_variants.csv,0.7239199633442954,0.5772357723577236,0.9078787878787878,0.3183856502242152,0.4104046242774566,0.3497536945812808,0.4965034965034965,0.3717239616180803,0.5796963347508538,0.7425572801182557,0.3547167010004228,0.8260359694506036,,,
5year.arff,8,MSBAINGO-KELM,Optimizer-KELM,formal_multiseed_10seed_full_with_tisngo_mcc_variants.csv,0.6126529855550648,0.3902439024390244,0.9618181818181818,0.4324324324324324,0.4102564102564102,0.4232804232804232,0.3980099502487562,0.3692638423839032,0.5175138347296088,0.6760310421286031,0.3903243296286575,0.8455038186745505,28.0,28.0,
5year.arff,8,NGO-KELM,Optimizer-KELM,formal_multiseed_10seed_full_with_tisngo_mcc_variants.csv,0.6486858244497711,0.4552845528455284,0.9242424242424242,0.3093922651933701,0.3684210526315789,0.3305785123966942,0.4160475482912333,0.3185124113797995,0.5117584924471003,0.6897634885439763,0.3459572857703857,0.8098152254249815,34.0,34.0,
5year.arff,8,PBMSBAINGO-HGBKELM(F2-mode),Proposed hybrid optimized KELM,formal_multiseed_10seed_full_with_tisngo_mcc_variants.csv,0.7375475231158991,0.5609756097560976,0.9696969696969696,0.5798319327731093,0.5702479338842975,0.5759599332220368,0.5646481178396072,0.5388649573917892,0.6642832778207387,0.7653362897265337,0.586073150540844,0.8633949248583396,5.0,5.0,
5year.arff,8,PBMSBAINGO-HGBKELM(MCC-guarded),Proposed hybrid optimized KELM,formal_multiseed_10seed_full_with_tisngo_mcc_variants.csv,0.7375475231158991,0.5609756097560976,0.9696969696969696,0.5798319327731093,0.5702479338842975,0.5759599332220368,0.5646481178396072,0.5388649573917892,0.6642832778207387,0.7653362897265337,0.586073150540844,0.8633949248583396,,5.0,
5year.arff,8,PBMSBAINGO-HGBKELM(Sensitivity-mode),Proposed hybrid optimized KELM,formal_multiseed_10seed_full_with_tisngo_mcc_variants.csv,0.805193783399272,0.6910569105691057,0.9381818181818182,0.4545454545454545,0.5483870967741935,0.4879448909299655,0.625920471281296,0.5205201880949765,0.6962194227363286,0.814619364375462,0.5943558694480177,0.8847696476964769,4.0,4.0,
5year.arff,8,PBMSBAINGO-HGBKELM(Triad-mode),Proposed hybrid optimized KELM,formal_pbmsbaingo_hgbkelm_triad_alpha005_10seed_complete.csv,0.8378693987383729,0.7560975609756098,0.9284848484848484,0.4407582938388625,0.5568862275449101,0.4808686659772492,0.6614509246088194,0.5372031134529565,0.7224875922597712,0.8422912047302291,0.7019901694839527,0.92009854644001,5.0,5.0,0.05
5year.arff,8,PBMSBAINGO-KELM,Optimizer-KELM,formal_multiseed_10seed_full_with_tisngo_mcc_variants.csv,0.5931987025147547,0.3658536585365853,0.9618181818181818,0.4166666666666667,0.3896103896103896,0.4054054054054054,0.375,0.3481085189420517,0.4966361693532524,0.6638359201773836,0.3308768615771221,0.8181522542498153,14.0,14.0,
5year.arff,8,RF_balanced,External ML baseline,formal_multiseed_10seed_full_with_tisngo_mcc_variants.csv,0.6771532953223026,0.4878048780487805,0.94,0.3773584905660377,0.425531914893617,0.3952569169960474,0.4608294930875576,0.380443293565565,0.5587548533501857,0.7139024390243902,0.3710317112521101,0.8412884947031288,,,
5year.arff,8,TIS_NGO-KELM,Optimizer-KELM,formal_multiseed_10seed_full_with_tisngo_mcc_variants.csv,0.605473107708889,0.3821138211382114,0.9593939393939394,0.4122807017543859,0.3966244725738396,0.4058721934369603,0.3877887788778877,0.353768765687959,0.5061777695992923,0.6707538802660754,0.3586266567888458,0.8237349100763734,24.0,24.0,
5year.arff,9,BAINGO-KELM,Optimizer-KELM,formal_multiseed_10seed_full_with_tisngo_mcc_variants.csv,0.5873093301851191,0.3577235772357723,0.9642424242424242,0.4271844660194174,0.3893805309734513,0.411214953271028,0.3697478991596639,0.3497258174653909,0.494106421564599,0.6609830007390983,0.4023727512936712,0.8401773835920178,18.0,18.0,
5year.arff,9,BalancedRF,External ML baseline,formal_multiseed_10seed_full_with_tisngo_mcc_variants.csv,0.6669917906395009,0.4634146341463415,0.96,0.4634146341463415,0.4634146341463415,0.4634146341463415,0.4634146341463415,0.4234146341463414,0.5732388469951226,0.7117073170731707,0.4226461642481292,0.8625227888642524,,,
5year.arff,9,EasyEnsemble,External ML baseline,formal_multiseed_10seed_full_with_tisngo_mcc_variants.csv,0.6703519720601537,0.4634146341463415,0.9696969696969696,0.5327102803738317,0.4956521739130435,0.5172413793103449,0.4757929883138564,0.4621308485388494,0.5921843340861779,0.7165558019216556,0.5261816208130837,0.8883025375708301,,,
5year.arff,9,ExtraTrees_balanced,External ML baseline,formal_multiseed_10seed_full_with_tisngo_mcc_variants.csv,0.6090958731637408,0.3821138211382114,0.9709090909090908,0.4947368421052631,0.4311926605504587,0.4671968190854871,0.4003407155025553,0.3983269033287164,0.5286931108384952,0.6765114560236511,0.4366584881282335,0.8576447400837645,,,
5year.arff,9,HistGB,External ML baseline,formal_multiseed_10seed_full_with_tisngo_mcc_variants.csv,0.759507367470313,0.5853658536585366,0.9854545454545456,0.75,0.6575342465753424,0.7100591715976331,0.6122448979591837,0.6409023512750083,0.7177148777700608,0.785410199556541,0.7024034965677458,0.9303720128110372,,,
5year.arff,9,INGO-KELM,Optimizer-KELM,formal_multiseed_10seed_full_with_tisngo_mcc_variants.csv,0.511175911999118,0.2682926829268293,0.973939393939394,0.4342105263157895,0.3316582914572864,0.3864168618266979,0.2904929577464789,0.3038634492216595,0.4298065946981626,0.6211160384331116,0.3833938221273147,0.8301207193890119,8.0,8.0,
5year.arff,9,LR_balanced,External ML baseline,formal_multiseed_10seed_full_with_tisngo_mcc_variants.csv,0.569245469055665,0.3333333333333333,0.9721212121212122,0.4712643678160919,0.3904761904761905,0.435244161358811,0.3540587219343696,0.3592962699696712,0.48829688958926054,0.6527272727272727,0.3721534253399884,0.8199113082039913,,,
5year.arff,9,MSBAINGO-KELM,Optimizer-KELM,formal_multiseed_10seed_full_with_tisngo_mcc_variants.csv,0.6577676567141819,0.4552845528455284,0.9503030303030304,0.4057971014492754,0.4291187739463601,0.4148148148148148,0.4444444444444444,0.3846633034478521,0.55005813950668,0.7027937915742793,0.3914906908130444,0.8362305986696231,22.0,22.0,
5year.arff,9,NGO-KELM,Optimizer-KELM,formal_multiseed_10seed_full_with_tisngo_mcc_variants.csv,0.514030779502962,0.2682926829268293,0.9848484848484848,0.5689655172413793,0.3646408839779005,0.4647887323943662,0.3,0.3615857011925308,0.45715467555146466,0.6265705838876571,0.3995649000625878,0.8440847499384084,19.0,19.0,
5year.arff,9,PBMSBAINGO-HGBKELM(F2-mode),Proposed hybrid optimized KELM,formal_multiseed_10seed_full_with_tisngo_mcc_variants.csv,0.7581047672567903,0.5853658536585366,0.9818181818181818,0.7058823529411765,0.64,0.6779661016949152,0.6060606060606061,0.6189138697493269,0.7085375808676252,0.7835920177383592,0.6933872304464838,0.9165558019216556,5.0,5.0,
5year.arff,9,PBMSBAINGO-HGBKELM(MCC-guarded),Proposed hybrid optimized KELM,formal_multiseed_10seed_full_with_tisngo_mcc_variants.csv,0.7581047672567903,0.5853658536585366,0.9818181818181818,0.7058823529411765,0.64,0.6779661016949152,0.6060606060606061,0.6189138697493269,0.7085375808676252,0.7835920177383592,0.6933872304464838,0.9165558019216556,,5.0,
5year.arff,9,PBMSBAINGO-HGBKELM(Sensitivity-mode),Proposed hybrid optimized KELM,formal_multiseed_10seed_full_with_tisngo_mcc_variants.csv,0.7936679687016422,0.6504065040650406,0.9684848484848484,0.6060606060606061,0.6274509803921569,0.6144393241167435,0.6410256410256411,0.5990563640818317,0.7226285748690855,0.8094456762749446,0.6998171090415837,0.916319290465632,5.0,5.0,
5year.arff,9,PBMSBAINGO-HGBKELM(Triad-mode),Proposed hybrid optimized KELM,formal_pbmsbaingo_hgbkelm_triad_alpha005_10seed_complete.csv,0.7551416920797208,0.5772357723577236,0.987878787878788,0.7802197802197802,0.6635514018691588,0.728952772073922,0.6089193825042881,0.6507247616762468,0.718595914095949,0.7825572801182558,0.7132960646190788,0.9217048534121705,4.0,4.0,0.05
5year.arff,9,PBMSBAINGO-KELM,Optimizer-KELM,formal_multiseed_10seed_full_with_tisngo_mcc_variants.csv,0.5831458890054922,0.3495934959349593,0.9727272727272728,0.4886363636363636,0.4075829383886256,0.4526315789473684,0.3706896551724138,0.3770869728895575,0.5042725429351216,0.661160384331116,0.4084560018586808,0.8372308450357231,24.0,24.0,
5year.arff,9,RF_balanced,External ML baseline,formal_multiseed_10seed_full_with_tisngo_mcc_variants.csv,0.6629906040208682,0.4552845528455284,0.9654545454545456,0.495575221238938,0.4745762711864407,0.4869565217391304,0.4628099173553719,0.4376371024251119,0.5772664182463025,0.7103695491500369,0.457961458405092,0.8664572554816456,,,
5year.arff,9,TIS_NGO-KELM,Optimizer-KELM,formal_multiseed_10seed_full_with_tisngo_mcc_variants.csv,0.6168529112892722,0.3983739837398374,0.9551515151515152,0.3983739837398374,0.3983739837398374,0.3983739837398374,0.3983739837398374,0.3535254988913525,0.5123829389938038,0.6767627494456763,0.387007272414016,0.8320670115792066,33.0,33.0,
5year.arff,10,BAINGO-KELM,Optimizer-KELM,formal_multiseed_10seed_full_with_tisngo_mcc_variants.csv,0.629315845272947,0.4146341463414634,0.9551515151515152,0.408,0.4112903225806452,0.4093097913322632,0.413290113452188,0.3670379621362765,0.5257945814346808,0.6848928307464893,0.3758999329723503,0.8199162355259916,30.0,30.0,
5year.arff,10,BalancedRF,External ML baseline,formal_multiseed_10seed_full_with_tisngo_mcc_variants.csv,0.7148169636005404,0.5528455284552846,0.9242424242424242,0.3523316062176165,0.430379746835443,0.3798882681564245,0.4963503649635036,0.3892116039595565,0.5837028675411288,0.7385439763488544,0.4045334837334422,0.8567134762256714,,,
5year.arff,10,EasyEnsemble,External ML baseline,formal_multiseed_10seed_full_with_tisngo_mcc_variants.csv,0.6617408562479652,0.4552845528455284,0.9618181818181818,0.4705882352941176,0.4628099173553719,0.4674457429048414,0.4582651391162029,0.4235418524435687,0.5702834172122341,0.7085513673318551,0.4628588523562612,0.8849568859324957,,,
5year.arff,10,ExtraTrees_balanced,External ML baseline,formal_multiseed_10seed_full_with_tisngo_mcc_variants.csv,0.6751857755355837,0.4878048780487805,0.9345454545454546,0.3571428571428571,0.4123711340206185,0.3773584905660377,0.4545454545454545,0.3664166578415545,0.5507323561441122,0.7111751662971175,0.3826848247135588,0.8427050997782706,,,
5year.arff,10,HistGB,External ML baseline,formal_multiseed_10seed_full_with_tisngo_mcc_variants.csv,0.7812283995535696,0.6341463414634146,0.9624242424242424,0.5571428571428572,0.5931558935361216,0.5710102489019033,0.6170886075949367,0.5620814498507806,0.7000328697421881,0.7982852919438286,0.6427686885082445,0.9211382113821138,,,
5year.arff,10,INGO-KELM,Optimizer-KELM,formal_multiseed_10seed_full_with_tisngo_mcc_variants.csv,0.760470154493805,0.6585365853658537,0.8781818181818182,0.2872340425531915,0.4,0.3237410071942446,0.5232558139534884,0.3728873402178525,0.5996723103391408,0.7683592017738359,0.3620497420842449,0.8170731707317074,23.0,23.0,
5year.arff,10,LR_balanced,External ML baseline,formal_multiseed_10seed_full_with_tisngo_mcc_variants.csv,0.6618934816341753,0.4796747967479675,0.9133333333333332,0.292079207920792,0.3630769230769231,0.3168635875402792,0.4250720461095101,0.3142912463598241,0.5163801006515879,0.6965040650406504,0.3224961942981994,0.7754767184035477,,,
5year.arff,10,MSBAINGO-KELM,Optimizer-KELM,formal_multiseed_10seed_full_with_tisngo_mcc_variants.csv,0.7148169636005404,0.5528455284552846,0.9242424242424242,0.3523316062176165,0.430379746835443,0.3798882681564245,0.4963503649635036,0.3892116039595565,0.5837028675411288,0.7385439763488544,0.3934058221403495,0.8066568120226657,17.0,17.0,
5year.arff,10,NGO-KELM,Optimizer-KELM,formal_multiseed_10seed_full_with_tisngo_mcc_variants.csv,0.7475013811732228,0.6097560975609756,0.9163636363636364,0.352112676056338,0.4464285714285714,0.3846153846153846,0.5319148936170213,0.4111753007329976,0.6124683804511093,0.763059866962306,0.3928445340215649,0.8225424981522543,14.0,14.0,
5year.arff,10,PBMSBAINGO-HGBKELM(F2-mode),Proposed hybrid optimized KELM,formal_multiseed_10seed_full_with_tisngo_mcc_variants.csv,0.7716330672927009,0.6178861788617886,0.9636363636363636,0.5588235294117647,0.5868725868725869,0.5697151424287856,0.6050955414012739,0.55522279571055,0.6914535062071002,0.7907612712490761,0.6383477884035218,0.9046366100024636,6.0,6.0,
5year.arff,10,PBMSBAINGO-HGBKELM(MCC-guarded),Proposed hybrid optimized KELM,formal_multiseed_10seed_full_with_tisngo_mcc_variants.csv,0.7716330672927009,0.6178861788617886,0.9636363636363636,0.5588235294117647,0.5868725868725869,0.5697151424287856,0.6050955414012739,0.55522279571055,0.6914535062071002,0.7907612712490761,0.6383477884035218,0.9046366100024636,,6.0,
5year.arff,10,PBMSBAINGO-HGBKELM(Sensitivity-mode),Proposed hybrid optimized KELM,formal_multiseed_10seed_full_with_tisngo_mcc_variants.csv,0.8143484148227442,0.7073170731707317,0.9375757575757576,0.4578947368421052,0.5559105431309904,0.4926387315968289,0.6378299120234604,0.5297425025403161,0.7056052061874785,0.8224464153732447,0.6366136251808366,0.8966937669376694,12.0,12.0,
5year.arff,10,PBMSBAINGO-HGBKELM(Triad-mode),Proposed hybrid optimized KELM,formal_pbmsbaingo_hgbkelm_triad_alpha005_10seed_complete.csv,0.8174675922327597,0.6991869918699187,0.9557575757575758,0.5408805031446541,0.6099290780141844,0.5665349143610013,0.6605222734254992,0.5824367163542894,0.7301239778058655,0.8274722838137473,0.7222176202211085,0.9409263365360926,4.0,4.0,0.05
5year.arff,10,PBMSBAINGO-KELM,Optimizer-KELM,formal_multiseed_10seed_full_with_tisngo_mcc_variants.csv,0.7134093804225561,0.5528455284552846,0.9206060606060606,0.3417085427135678,0.422360248447205,0.3699673558215451,0.492040520984081,0.3811019791227029,0.5788592065985243,0.7367257945306727,0.3494402366925591,0.7862675535846269,22.0,22.0,
5year.arff,10,RF_balanced,External ML baseline,formal_multiseed_10seed_full_with_tisngo_mcc_variants.csv,0.6832129939284513,0.4959349593495935,0.9412121212121212,0.3860759493670886,0.4341637010676156,0.4039735099337748,0.4692307692307692,0.3898587656014097,0.5666825586675193,0.7185735402808573,0.4152870553608284,0.8678984971667898,,,
5year.arff,10,TIS_NGO-KELM,Optimizer-KELM,formal_multiseed_10seed_full_with_tisngo_mcc_variants.csv,0.706043317927342,0.5447154471544715,0.9151515151515152,0.323671497584541,0.406060606060606,0.352260778128286,0.4792560801144492,0.3638695271554085,0.5660691150435196,0.7299334811529934,0.3379399813617491,0.7839812761763982,10.0,10.0,
