dataset,seed,method,category,source,gmean,sensitivity,specificity,precision,f1,f05,f2,balanced_accuracy,fpr,predicted_positive_rate,tp,fp,tn,fn,p_at_10,recall_at_10,p_at_15,recall_at_15,p_at_20,recall_at_20,ap,auc
1year.arff,1,BalancedRF,External ML baseline,run_external_baselines.py,0.7296312426907638,0.654320987654321,0.8136094674556213,0.1229698375870069,0.20703125,0.1468144044321329,0.3509933774834437,0.7339652275549712,0.1863905325443787,0.2043622569938359,53.0,378.0,1650.0,28.0,0.1895734597156398,0.4938271604938271,0.1482649842271293,0.5802469135802469,0.1255924170616113,0.654320987654321,0.2915140586884263,0.7887750505271872
1year.arff,1,EasyEnsemble,External ML baseline,run_external_baselines.py,0.6819018536908821,0.5061728395061729,0.9186390532544378,0.1990291262135922,0.2857142857142857,0.2265193370165746,0.3867924528301887,0.7124059463803054,0.0813609467455621,0.0976766239924134,41.0,165.0,1863.0,40.0,0.1990521327014218,0.5185185185185185,0.1577287066246056,0.6172839506172839,0.1398104265402843,0.7283950617283951,0.2642643842223161,0.8390496018701148
1year.arff,1,ExtraTrees_balanced,External ML baseline,run_external_baselines.py,0.6561371701645484,0.4938271604938271,0.8717948717948718,0.1333333333333333,0.2099737532808399,0.156128024980484,0.3205128205128205,0.6828110161443495,0.1282051282051282,0.1422475106685633,40.0,260.0,1768.0,41.0,0.1658767772511848,0.4320987654320987,0.1324921135646687,0.5185185185185185,0.1113744075829383,0.5802469135802469,0.1805799363519924,0.7601906640368179
1year.arff,1,HistGB,External ML baseline,run_external_baselines.py,0.7587125135443469,0.5925925925925926,0.9714003944773176,0.4528301886792453,0.5133689839572193,0.4752475247524752,0.5581395348837209,0.781996493534955,0.0285996055226824,0.0502607871028923,48.0,58.0,1970.0,33.0,0.2701421800947867,0.7037037037037037,0.1987381703470031,0.7777777777777778,0.1540284360189573,0.8024691358024691,0.5907571559652337,0.8812124089901867
1year.arff,1,LR_balanced,External ML baseline,run_external_baselines.py,0.6366230581037974,0.4691358024691358,0.863905325443787,0.1210191082802547,0.1924050632911392,0.1421091997008227,0.2978056426332288,0.6665205639564613,0.136094674556213,0.1488857278330962,38.0,276.0,1752.0,43.0,0.1421800947867298,0.3703703703703703,0.1198738170347003,0.4691358024691358,0.1090047393364928,0.5679012345679012,0.1544292702164824,0.746262205663915
1year.arff,1,RF_balanced,External ML baseline,run_external_baselines.py,0.6911724362948046,0.5061728395061729,0.9437869822485208,0.2645161290322581,0.3474576271186441,0.2924393723252496,0.4279749478079332,0.7249799108773468,0.0562130177514792,0.0734945471787577,41.0,114.0,1914.0,40.0,0.2227488151658767,0.5802469135802469,0.1703470031545741,0.6666666666666666,0.1398104265402843,0.7283950617283951,0.4036861625411412,0.8375246548323472
1year.arff,2,BalancedRF,External ML baseline,run_external_baselines.py,0.6451293148342427,0.4814814814814814,0.8643984220907298,0.1242038216560509,0.1974683544303797,0.1458489154824233,0.3056426332288401,0.6729399517861057,0.1356015779092702,0.1488857278330962,39.0,275.0,1753.0,42.0,0.1516587677725118,0.3950617283950617,0.1230283911671924,0.4814814814814814,0.1090047393364928,0.5679012345679012,0.1850844944021796,0.7767581026128034
1year.arff,2,EasyEnsemble,External ML baseline,run_external_baselines.py,0.66383906156286,0.4691358024691358,0.9393491124260356,0.2360248447204969,0.3140495867768595,0.2620689655172414,0.3917525773195876,0.7042424574475856,0.0606508875739644,0.0763394973921289,38.0,123.0,1905.0,43.0,0.1990521327014218,0.5185185185185185,0.1640378548895899,0.6419753086419753,0.1374407582938388,0.7160493827160493,0.3269089293933746,0.8582134073587064
1year.arff,2,ExtraTrees_balanced,External ML baseline,run_external_baselines.py,0.6530496237570279,0.5185185185185185,0.8224852071005917,0.1044776119402985,0.1739130434782608,0.1243339253996447,0.2892561983471074,0.6705018628095551,0.1775147928994082,0.1906116642958748,42.0,360.0,1668.0,39.0,0.1279620853080568,0.3333333333333333,0.1198738170347003,0.4691358024691358,0.0995260663507109,0.5185185185185185,0.1165124747718543,0.7225509533201842
1year.arff,2,HistGB,External ML baseline,run_external_baselines.py,0.6549066869763649,0.4320987654320987,0.992603550295858,0.7,0.5343511450381679,0.6227758007117438,0.4679144385026738,0.7123511578639784,0.007396449704142,0.0237079184447605,35.0,15.0,2013.0,46.0,0.2843601895734597,0.7407407407407407,0.2018927444794952,0.7901234567901234,0.1587677725118483,0.8271604938271605,0.5427491708589489,0.879166971047313
1year.arff,2,LR_balanced,External ML baseline,run_external_baselines.py,0.6769425016637993,0.6296296296296297,0.727810650887574,0.0845771144278607,0.1491228070175438,0.1022864019253911,0.2750809061488673,0.6787201402586018,0.272189349112426,0.2859174964438122,51.0,552.0,1476.0,30.0,0.1421800947867298,0.3703703703703703,0.1167192429022082,0.4567901234567901,0.1042654028436018,0.5432098765432098,0.1109593083615883,0.7498782477414954
1year.arff,2,RF_balanced,External ML baseline,run_external_baselines.py,0.7175416021133455,0.5925925925925926,0.868836291913215,0.1528662420382165,0.2430379746835443,0.1795063575168287,0.3761755485893417,0.7307144422529037,0.131163708086785,0.1488857278330962,48.0,266.0,1762.0,33.0,0.1611374407582938,0.419753086419753,0.1514195583596214,0.5925925925925926,0.1279620853080568,0.6666666666666666,0.2202570325180373,0.8186560985706284
1year.arff,3,BalancedRF,External ML baseline,run_external_baselines.py,0.6430878509774575,0.4320987654320987,0.9571005917159764,0.2868852459016393,0.3448275862068966,0.3075571177504393,0.3923766816143498,0.6945996785740375,0.0428994082840236,0.0578473210052157,35.0,87.0,1941.0,46.0,0.2037914691943128,0.5308641975308642,0.1514195583596214,0.5925925925925926,0.1327014218009478,0.691358024691358,0.3050022832324015,0.8268987264713761
1year.arff,3,EasyEnsemble,External ML baseline,run_external_baselines.py,0.5933146762163886,0.3580246913580246,0.9832347140039448,0.4603174603174603,0.4027777777777778,0.4354354354354354,0.3746770025839793,0.6706297026809848,0.0167652859960552,0.0298719772403982,29.0,34.0,1994.0,52.0,0.2559241706161137,0.6666666666666666,0.1766561514195583,0.691358024691358,0.1445497630331753,0.7530864197530864,0.4046975738072922,0.8799340102758906
1year.arff,3,ExtraTrees_balanced,External ML baseline,run_external_baselines.py,0.559127243265552,0.3333333333333333,0.9378698224852072,0.1764705882352941,0.2307692307692307,0.1948051948051948,0.2830188679245283,0.6356015779092702,0.0621301775147929,0.0725462304409672,27.0,126.0,1902.0,54.0,0.1469194312796208,0.382716049382716,0.1293375394321766,0.5061728395061729,0.1090047393364928,0.5679012345679012,0.2093610011609624,0.7716475515620813
1year.arff,3,HistGB,External ML baseline,run_external_baselines.py,0.5976135770578408,0.3580246913580246,0.997534516765286,0.8529411764705882,0.5043478260869565,0.6682027649769585,0.4050279329608938,0.6777796040616554,0.002465483234714,0.0161213845424371,29.0,5.0,2023.0,52.0,0.2606635071090047,0.6790123456790124,0.1987381703470031,0.7777777777777778,0.1587677725118483,0.8271604938271605,0.5860484871421353,0.9009210558355856
1year.arff,3,LR_balanced,External ML baseline,run_external_baselines.py,0.6588176636636603,0.5061728395061729,0.8574950690335306,0.1242424242424242,0.1995133819951338,0.1463240542469664,0.3134556574923547,0.6818339542698517,0.1425049309664694,0.1564722617354196,41.0,289.0,1739.0,40.0,0.1469194312796208,0.382716049382716,0.1293375394321766,0.5061728395061729,0.1184834123222748,0.6172839506172839,0.1296997399436453,0.7582608907395232
1year.arff,3,RF_balanced,External ML baseline,run_external_baselines.py,0.6403320083872521,0.419753086419753,0.9768244575936884,0.419753086419753,0.419753086419753,0.419753086419753,0.419753086419753,0.6982887720067208,0.0231755424063116,0.038406827880512,34.0,47.0,1981.0,47.0,0.2559241706161137,0.6666666666666666,0.1924290220820189,0.7530864197530864,0.1540284360189573,0.8024691358024691,0.4176211107385472,0.8765036403925294
1year.arff,4,BalancedRF,External ML baseline,run_external_baselines.py,0.7390321078443525,0.7037037037037037,0.7761341222879684,0.111545988258317,0.1925675675675675,0.1341176470588235,0.3413173652694611,0.7399189129958361,0.2238658777120315,0.2422949265054528,57.0,454.0,1574.0,24.0,0.1943127962085308,0.5061728395061729,0.1419558359621451,0.5555555555555556,0.1161137440758293,0.6049382716049383,0.2177964295079607,0.799693184308569
1year.arff,4,EasyEnsemble,External ML baseline,run_external_baselines.py,0.6247652784463665,0.4074074074074074,0.958086785009862,0.2796610169491525,0.3316582914572864,0.298372513562387,0.3733031674208145,0.6827470962086346,0.041913214990138,0.0559506875296349,33.0,85.0,1943.0,48.0,0.2037914691943128,0.5308641975308642,0.1640378548895899,0.6419753086419753,0.1398104265402843,0.7283950617283951,0.3441202911462626,0.8646662770594394
1year.arff,4,ExtraTrees_balanced,External ML baseline,run_external_baselines.py,0.5672664446511151,0.3703703703703703,0.868836291913215,0.1013513513513513,0.1591511936339522,0.1185770750988142,0.2419354838709677,0.6196033311417927,0.131163708086785,0.1403508771929824,30.0,266.0,1762.0,51.0,0.1232227488151658,0.3209876543209876,0.0977917981072555,0.382716049382716,0.0971563981042654,0.5061728395061729,0.1520064302250743,0.7401989431903961
1year.arff,4,HistGB,External ML baseline,run_external_baselines.py,0.6470843779774518,0.419753086419753,0.997534516765286,0.8717948717948718,0.5666666666666667,0.7172995780590717,0.4683195592286501,0.7086438015925196,0.002465483234714,0.0184921763869132,34.0,5.0,2023.0,47.0,0.2985781990521327,0.7777777777777778,0.2050473186119873,0.8024691358024691,0.1587677725118483,0.8271604938271605,0.6462537526841969,0.9136319916234446
1year.arff,4,LR_balanced,External ML baseline,run_external_baselines.py,0.7194098887723247,0.6296296296296297,0.821992110453649,0.1237864077669902,0.2068965517241379,0.1474840948525159,0.3464673913043478,0.7258108700416392,0.178007889546351,0.1953532479848269,51.0,361.0,1667.0,30.0,0.1706161137440758,0.4444444444444444,0.1419558359621451,0.5555555555555556,0.1208530805687203,0.6296296296296297,0.1667021115674289,0.7706978839457471
1year.arff,4,RF_balanced,External ML baseline,run_external_baselines.py,0.7368129482243769,0.6419753086419753,0.8456607495069034,0.1424657534246575,0.2331838565022421,0.1687216093445814,0.3773584905660377,0.7438180290744394,0.1543392504930966,0.173067804646752,52.0,313.0,1715.0,29.0,0.2085308056872037,0.5432098765432098,0.1545741324921135,0.6049382716049383,0.1350710900473933,0.7037037037037037,0.2873969478018717,0.8348856746292643
1year.arff,5,BalancedRF,External ML baseline,run_external_baselines.py,0.6856277926728686,0.5432098765432098,0.8653846153846154,0.138801261829653,0.2211055276381909,0.1630837657524091,0.3432137285491419,0.7042972459639126,0.1346153846153846,0.1503082029397819,44.0,273.0,1755.0,37.0,0.1658767772511848,0.4320987654320987,0.138801261829653,0.5432098765432098,0.1232227488151658,0.6419753086419753,0.1816298379613566,0.8336103197214308
1year.arff,5,EasyEnsemble,External ML baseline,run_external_baselines.py,0.7590975490999835,0.6296296296296297,0.9151873767258384,0.2286995515695067,0.3355263157894737,0.2620760534429599,0.4661791590493601,0.7724085031777339,0.0848126232741617,0.105737316263632,51.0,172.0,1856.0,30.0,0.2322274881516587,0.6049382716049383,0.1798107255520504,0.7037037037037037,0.1516587677725118,0.7901234567901234,0.3324631041393646,0.8881096744344608
1year.arff,5,ExtraTrees_balanced,External ML baseline,run_external_baselines.py,0.6427327695904521,0.5555555555555556,0.7435897435897436,0.079646017699115,0.1393188854489164,0.0961127723195215,0.2530933633295838,0.6495726495726496,0.2564102564102564,0.2678994784257942,45.0,520.0,1508.0,36.0,0.1279620853080568,0.3333333333333333,0.113564668769716,0.4444444444444444,0.0947867298578199,0.4938271604938271,0.1274132845960968,0.7379587016339153
1year.arff,5,HistGB,External ML baseline,run_external_baselines.py,0.7427788092108357,0.5555555555555556,0.9930966469428008,0.7627118644067796,0.6428571428571429,0.7097791798107256,0.587467362924282,0.7743261012491782,0.0069033530571992,0.0279753437648174,45.0,14.0,2014.0,36.0,0.2890995260663507,0.7530864197530864,0.1987381703470031,0.7777777777777778,0.1563981042654028,0.8148148148148148,0.6751378678960062,0.906731682372708
1year.arff,5,LR_balanced,External ML baseline,run_external_baselines.py,0.6721096020114075,0.5555555555555556,0.8131163708086785,0.1061320754716981,0.1782178217821782,0.1266178953292065,0.3008021390374331,0.6843359631821171,0.1868836291913215,0.2010431484115694,45.0,379.0,1649.0,36.0,0.1516587677725118,0.3950617283950617,0.1261829652996845,0.4938271604938271,0.1066350710900474,0.5555555555555556,0.1625997555513144,0.7500060876129253
1year.arff,5,RF_balanced,External ML baseline,run_external_baselines.py,0.59507683861837,0.3703703703703703,0.9561143984220908,0.2521008403361344,0.3,0.2692998204667863,0.3386004514672686,0.6632423843962305,0.0438856015779092,0.0564248458985301,30.0,89.0,1939.0,51.0,0.1990521327014218,0.5185185185185185,0.1861198738170347,0.7283950617283951,0.1469194312796208,0.7654320987654321,0.2905293705250676,0.8691589353982516
1year.arff,6,BalancedRF,External ML baseline,run_external_baselines.py,0.7816931286438008,0.6790123456790124,0.8999013806706114,0.2131782945736434,0.3244837758112094,0.2470799640610961,0.4725085910652921,0.7894568631748119,0.1000986193293885,0.1223328591749644,55.0,203.0,1825.0,26.0,0.2132701421800948,0.5555555555555556,0.1829652996845426,0.7160493827160493,0.1445497630331753,0.7530864197530864,0.2433888911772795,0.8451402586017971
1year.arff,6,EasyEnsemble,External ML baseline,run_external_baselines.py,0.7590975490999835,0.6296296296296297,0.9151873767258384,0.2286995515695067,0.3355263157894737,0.2620760534429599,0.4661791590493601,0.7724085031777339,0.0848126232741617,0.105737316263632,51.0,172.0,1856.0,30.0,0.2322274881516587,0.6049382716049383,0.1861198738170347,0.7283950617283951,0.1540284360189573,0.8024691358024691,0.3269504785203621,0.8917287603185039
1year.arff,6,ExtraTrees_balanced,External ML baseline,run_external_baselines.py,0.6959866723383874,0.5802469135802469,0.8348126232741617,0.1230366492146596,0.203023758099352,0.1460534493474207,0.3328611898016997,0.7075297684272044,0.1651873767258382,0.1811284969179706,47.0,335.0,1693.0,34.0,0.1706161137440758,0.4444444444444444,0.1451104100946372,0.5679012345679012,0.1161137440758293,0.6049382716049383,0.1529269775377937,0.8045237051647308
1year.arff,6,HistGB,External ML baseline,run_external_baselines.py,0.7931927860372046,0.654320987654321,0.9615384615384616,0.4045801526717557,0.5,0.4380165289256198,0.5824175824175825,0.8079297245963912,0.0384615384615384,0.0621147463252726,53.0,78.0,1950.0,28.0,0.2748815165876777,0.7160493827160493,0.2050473186119873,0.8024691358024691,0.1658767772511848,0.8641975308641975,0.6106595698157887,0.91648403827891
1year.arff,6,LR_balanced,External ML baseline,run_external_baselines.py,0.7231277722854565,0.7160493827160493,0.730276134122288,0.0958677685950413,0.1690962099125364,0.1159536185525789,0.3121636167922497,0.7231627584191687,0.269723865877712,0.2868658131816026,58.0,547.0,1481.0,23.0,0.1943127962085308,0.5061728395061729,0.1545741324921135,0.6049382716049383,0.1255924170616113,0.654320987654321,0.180309151598764,0.7837192879927922
1year.arff,6,RF_balanced,External ML baseline,run_external_baselines.py,0.7238345764205825,0.5679012345679012,0.9225838264299804,0.2266009852216748,0.323943661971831,0.257558790593505,0.4364326375711575,0.7452425304989407,0.0774161735700197,0.0962541488857278,46.0,157.0,1871.0,35.0,0.2227488151658767,0.5802469135802469,0.1798107255520504,0.7037037037037037,0.1492890995260663,0.7777777777777778,0.311764588503408,0.8704525531448608
1year.arff,7,BalancedRF,External ML baseline,run_external_baselines.py,0.6106178153672394,0.4074074074074074,0.9151873767258384,0.1609756097560975,0.2307692307692307,0.1831298557158712,0.3119092627599243,0.6612973920666229,0.0848126232741617,0.0972024656235182,33.0,172.0,1856.0,48.0,0.1563981042654028,0.4074074074074074,0.1293375394321766,0.5061728395061729,0.1042654028436018,0.5432098765432098,0.1873986830365397,0.7584222124820416
1year.arff,7,EasyEnsemble,External ML baseline,run_external_baselines.py,0.619957683754847,0.3950617283950617,0.972879684418146,0.367816091954023,0.3809523809523809,0.372960372960373,0.389294403892944,0.6839707064066038,0.027120315581854,0.0412517780938833,32.0,55.0,1973.0,49.0,0.2037914691943128,0.5308641975308642,0.1545741324921135,0.6049382716049383,0.1279620853080568,0.6666666666666666,0.3632471610228159,0.8408515352959797
1year.arff,7,ExtraTrees_balanced,External ML baseline,run_external_baselines.py,0.6457282398192001,0.5679012345679012,0.7342209072978304,0.0786324786324786,0.1381381381381381,0.0950020652622883,0.253025302530253,0.6510610709328658,0.2657790927021696,0.2773826458036984,46.0,539.0,1489.0,35.0,0.1232227488151658,0.3209876543209876,0.1041009463722397,0.4074074074074074,0.0947867298578199,0.4938271604938271,0.1534836521118916,0.7090273212068083
1year.arff,7,HistGB,External ML baseline,run_external_baselines.py,0.7446205646025471,0.5679012345679012,0.9763313609467456,0.4893617021276595,0.5257142857142857,0.5032822757111597,0.5502392344497608,0.7721162977573234,0.0236686390532544,0.0445708866761498,46.0,48.0,1980.0,35.0,0.2654028436018957,0.691358024691358,0.195583596214511,0.7654320987654321,0.1492890995260663,0.7777777777777778,0.5634164999807673,0.8850293422942996
1year.arff,7,LR_balanced,External ML baseline,run_external_baselines.py,0.6311779186982318,0.4814814814814814,0.8274161735700197,0.1002570694087403,0.1659574468085106,0.1191203420891875,0.273492286115007,0.6544488275257506,0.1725838264299802,0.1844476055002371,39.0,350.0,1678.0,42.0,0.1327014218009478,0.345679012345679,0.1072555205047318,0.419753086419753,0.0947867298578199,0.4938271604938271,0.1000523136004005,0.7075815131370686
1year.arff,7,RF_balanced,External ML baseline,run_external_baselines.py,0.7201837412971246,0.5925925925925926,0.8752465483234714,0.1594684385382059,0.2513089005235602,0.1867704280155642,0.384,0.7339195704580319,0.1247534516765286,0.1427216690374585,48.0,253.0,1775.0,33.0,0.1895734597156398,0.4938271604938271,0.1577287066246056,0.6172839506172839,0.1279620853080568,0.6666666666666666,0.2702723938749612,0.8184369445053206
1year.arff,8,BalancedRF,External ML baseline,run_external_baselines.py,0.6545394160975074,0.4691358024691358,0.9132149901380672,0.1775700934579439,0.2576271186440678,0.2027748132337246,0.3531598513011152,0.6911753963036014,0.0867850098619329,0.1014698909435751,38.0,176.0,1852.0,43.0,0.1753554502369668,0.4567901234567901,0.1356466876971608,0.5308641975308642,0.1113744075829383,0.5802469135802469,0.2091510021573476,0.8087332895025202
1year.arff,8,EasyEnsemble,External ML baseline,run_external_baselines.py,0.7155408339679911,0.5555555555555556,0.9215976331360948,0.2205882352941176,0.3157894736842105,0.2508361204013378,0.4261363636363636,0.7385765943458251,0.0784023668639053,0.096728307254623,45.0,159.0,1869.0,36.0,0.2132701421800948,0.5555555555555556,0.1640378548895899,0.6419753086419753,0.1327014218009478,0.691358024691358,0.3234772040919194,0.8524727883702243
1year.arff,8,ExtraTrees_balanced,External ML baseline,run_external_baselines.py,0.5885242773185347,0.3950617283950617,0.8767258382642998,0.1134751773049645,0.1763085399449036,0.1323407775020678,0.264026402640264,0.6358937833296807,0.1232741617357002,0.1337126600284495,32.0,250.0,1778.0,49.0,0.1327014218009478,0.345679012345679,0.1104100946372239,0.4320987654320987,0.0995260663507109,0.5185185185185185,0.1521767618625718,0.7458665108237759
1year.arff,8,HistGB,External ML baseline,run_external_baselines.py,0.5974658540109522,0.3580246913580246,0.9970414201183432,0.8285714285714286,0.5,0.6561085972850679,0.403899721448468,0.6775330557381839,0.0029585798816568,0.0165955429113323,29.0,6.0,2022.0,52.0,0.2606635071090047,0.6790123456790124,0.1861198738170347,0.7283950617283951,0.1469194312796208,0.7654320987654321,0.5333003114021853,0.8753317749044244
1year.arff,8,LR_balanced,External ML baseline,run_external_baselines.py,0.6089406198480983,0.4444444444444444,0.834319526627219,0.0967741935483871,0.1589403973509933,0.1147227533460803,0.2586206896551724,0.6393819855358317,0.165680473372781,0.1763869132290185,36.0,336.0,1692.0,45.0,0.1184834123222748,0.3086419753086419,0.1041009463722397,0.4074074074074074,0.0924170616113744,0.4814814814814814,0.1144300177401632,0.7419826137774856
1year.arff,8,RF_balanced,External ML baseline,run_external_baselines.py,0.5020958339392997,0.2592592592592592,0.9723865877712032,0.2727272727272727,0.2658227848101265,0.2699228791773779,0.2618453865336658,0.6158229235152312,0.0276134122287968,0.0365101944049312,21.0,56.0,1972.0,60.0,0.2132701421800948,0.5555555555555556,0.1482649842271293,0.5802469135802469,0.1255924170616113,0.654320987654321,0.2983675349846106,0.8177307814059951
1year.arff,9,BalancedRF,External ML baseline,run_external_baselines.py,0.6289072960122012,0.4567901234567901,0.8658777120315582,0.1197411003236245,0.1897435897435897,0.1404707668944571,0.292259083728278,0.6613339177441742,0.1341222879684418,0.1465149359886202,37.0,272.0,1756.0,44.0,0.1279620853080568,0.3333333333333333,0.1198738170347003,0.4691358024691358,0.0971563981042654,0.5061728395061729,0.1254609821051592,0.738975332992427
1year.arff,9,EasyEnsemble,External ML baseline,run_external_baselines.py,0.6533245596575898,0.4567901234567901,0.9344181459566075,0.2176470588235294,0.2948207171314741,0.2431011826544021,0.374493927125506,0.6956041347066988,0.0655818540433925,0.0806069227121858,37.0,133.0,1895.0,44.0,0.1800947867298578,0.4691358024691358,0.1482649842271293,0.5802469135802469,0.1232227488151658,0.6419753086419753,0.2037992250890501,0.8283536659605036
1year.arff,9,ExtraTrees_balanced,External ML baseline,run_external_baselines.py,0.6344390960648081,0.4938271604938271,0.8150887573964497,0.0963855421686747,0.1612903225806451,0.1148765077541642,0.2706359945872801,0.6544579589451385,0.1849112426035503,0.1967757230915125,40.0,375.0,1653.0,41.0,0.1279620853080568,0.3333333333333333,0.113564668769716,0.4444444444444444,0.0971563981042654,0.5061728395061729,0.1197117118278453,0.7222891859643996
1year.arff,9,HistGB,External ML baseline,run_external_baselines.py,0.6615517125817899,0.4444444444444444,0.9847140039447732,0.5373134328358209,0.4864864864864865,0.5157593123209169,0.4603580562659846,0.7145792241946087,0.0152859960552268,0.0317686107159791,36.0,31.0,1997.0,45.0,0.2796208530805687,0.7283950617283951,0.2082018927444795,0.8148148148148148,0.1587677725118483,0.8271604938271605,0.4676926160298166,0.9024216524216524
1year.arff,9,LR_balanced,External ML baseline,run_external_baselines.py,0.5942886095741275,0.3950617283950617,0.8939842209072978,0.1295546558704453,0.1951219512195122,0.1496725912067352,0.2802101576182136,0.6445229746511798,0.1060157790927021,0.1171171171171171,32.0,215.0,1813.0,49.0,0.1469194312796208,0.382716049382716,0.1198738170347003,0.4691358024691358,0.1090047393364928,0.5679012345679012,0.1318856267916105,0.7399006501570604
1year.arff,9,RF_balanced,External ML baseline,run_external_baselines.py,0.6869982114091441,0.5308641975308642,0.8890532544378699,0.1604477611940298,0.2464183381088825,0.1864700780572419,0.3631756756756756,0.709958725984367,0.1109467455621301,0.1270744428639165,43.0,225.0,1803.0,38.0,0.1848341232227488,0.4814814814814814,0.1451104100946372,0.5679012345679012,0.1184834123222748,0.6172839506172839,0.1737927234052126,0.8005150120534736
1year.arff,10,BalancedRF,External ML baseline,run_external_baselines.py,0.6524154318617592,0.4691358024691358,0.9072978303747534,0.168141592920354,0.247557003257329,0.1928934010152284,0.3454545454545454,0.6882168164219447,0.0927021696252465,0.1071597913703176,38.0,188.0,1840.0,43.0,0.1800947867298578,0.4691358024691358,0.138801261829653,0.5432098765432098,0.1161137440758293,0.6049382716049383,0.2201848565528446,0.761329047653834
1year.arff,10,EasyEnsemble,External ML baseline,run_external_baselines.py,0.7409817709980596,0.5925925925925926,0.9265285996055228,0.2436548223350254,0.3453237410071942,0.2761795166858458,0.4606525911708253,0.7595605960990577,0.0734714003944773,0.0934091986723565,48.0,149.0,1879.0,33.0,0.2322274881516587,0.6049382716049383,0.1829652996845426,0.7160493827160493,0.1445497630331753,0.7530864197530864,0.3764543552477053,0.8836352789344242
1year.arff,10,ExtraTrees_balanced,External ML baseline,run_external_baselines.py,0.6692185798993984,0.5432098765432098,0.8244575936883629,0.11,0.1829521829521829,0.130874479476502,0.3038674033149171,0.6838337351157864,0.1755424063116371,0.1896633475580844,44.0,356.0,1672.0,37.0,0.1563981042654028,0.4074074074074074,0.1293375394321766,0.5061728395061729,0.1066350710900474,0.5555555555555556,0.1547421547002188,0.7463535198577933
1year.arff,10,HistGB,External ML baseline,run_external_baselines.py,0.766185806188546,0.5925925925925926,0.9906311637080868,0.7164179104477612,0.6486486486486487,0.6876790830945558,0.6138107416879796,0.7916118781503396,0.0093688362919132,0.0317686107159791,48.0,19.0,2009.0,33.0,0.2890995260663507,0.7530864197530864,0.2176656151419558,0.8518518518518519,0.1635071090047393,0.8518518518518519,0.6334599860335526,0.9181033433170184
1year.arff,10,LR_balanced,External ML baseline,run_external_baselines.py,0.7205555711852786,0.691358024691358,0.7509861932938856,0.0998217468805704,0.1744548286604361,0.1204301075268817,0.3163841807909605,0.7211721089926217,0.2490138067061144,0.2660028449502133,56.0,505.0,1523.0,25.0,0.1421800947867298,0.3703703703703703,0.1230283911671924,0.4814814814814814,0.1090047393364928,0.5679012345679012,0.163860081447785,0.7941169308690676
1year.arff,10,RF_balanced,External ML baseline,run_external_baselines.py,0.6974414836936214,0.5432098765432098,0.8954635108481263,0.171875,0.2611275964391691,0.1990950226244343,0.3793103448275862,0.719336693695668,0.1045364891518737,0.121384542437174,44.0,212.0,1816.0,37.0,0.1895734597156398,0.4938271604938271,0.1608832807570978,0.6296296296296297,0.1303317535545023,0.6790123456790124,0.2649784458297671,0.7984695741105998
2year.arff,1,BalancedRF,External ML baseline,run_external_baselines.py,0.6292567636341736,0.4833333333333333,0.8192360163710778,0.0986394557823129,0.1638418079096045,0.1173139158576051,0.2715355805243445,0.6512846748522055,0.1807639836289222,0.1926605504587156,58.0,530.0,2402.0,62.0,0.1339869281045751,0.3416666666666667,0.1135371179039301,0.4333333333333333,0.0965630114566284,0.4916666666666666,0.1183726914758096,0.7573442473851751
2year.arff,1,EasyEnsemble,External ML baseline,run_external_baselines.py,0.6845846970002946,0.65,0.7210095497953616,0.0870535714285714,0.1535433070866141,0.105291576673866,0.2834302325581395,0.6855047748976808,0.2789904502046385,0.2935779816513761,78.0,818.0,2114.0,42.0,0.1470588235294117,0.375,0.1135371179039301,0.4333333333333333,0.1014729950900163,0.5166666666666667,0.1748570805522857,0.7499076284674852
2year.arff,1,ExtraTrees_balanced,External ML baseline,run_external_baselines.py,0.6268560435362107,0.5416666666666666,0.725443383356071,0.0747126436781609,0.1313131313131313,0.0902777777777777,0.2407407407407407,0.6335550250113688,0.274556616643929,0.2850589777195282,65.0,805.0,2127.0,55.0,0.1013071895424836,0.2583333333333333,0.0829694323144104,0.3166666666666666,0.0818330605564648,0.4166666666666667,0.0894417713336796,0.6923530582082765
2year.arff,1,HistGB,External ML baseline,run_external_baselines.py,0.7419570252892549,0.5916666666666667,0.9304229195088676,0.2581818181818182,0.3594936708860759,0.290983606557377,0.4701986754966887,0.7610447930877672,0.0695770804911323,0.0901048492791612,71.0,204.0,2728.0,49.0,0.2320261437908496,0.5916666666666667,0.1637554585152838,0.625,0.1342062193126023,0.6833333333333333,0.3718205805663382,0.8326156775807184
2year.arff,1,LR_balanced,External ML baseline,run_external_baselines.py,0.6276195671384258,0.5916666666666667,0.6657571623465212,0.0675547098001903,0.121263877028181,0.0820999074930619,0.2318745917700849,0.6287119145065939,0.3342428376534788,0.3443643512450852,71.0,980.0,1952.0,49.0,0.1143790849673202,0.2916666666666667,0.1026200873362445,0.3916666666666666,0.0900163666121112,0.4583333333333333,0.1044344350471329,0.6756593906321056
2year.arff,1,RF_balanced,External ML baseline,run_external_baselines.py,0.6721346642015144,0.525,0.8605047748976807,0.1334745762711864,0.2128378378378378,0.1568725099601593,0.3308823529411764,0.6927523874488404,0.1394952251023192,0.1546526867627785,63.0,409.0,2523.0,57.0,0.1601307189542483,0.4083333333333333,0.1353711790393013,0.5166666666666667,0.1129296235679214,0.575,0.1573227474239318,0.7939475329695317
2year.arff,2,BalancedRF,External ML baseline,run_external_baselines.py,0.5986474827052567,0.4833333333333333,0.7414733969986358,0.071078431372549,0.1239316239316239,0.0856973995271867,0.2237654320987654,0.6124033651659846,0.2585266030013642,0.2673656618610747,58.0,758.0,2174.0,62.0,0.0947712418300653,0.2416666666666666,0.0807860262008733,0.3083333333333333,0.0736497545008183,0.375,0.0697691721213051,0.6643289563437926
2year.arff,2,EasyEnsemble,External ML baseline,run_external_baselines.py,0.6325094567071791,0.5,0.8001364256480218,0.0928792569659442,0.1566579634464752,0.1109467455621301,0.2664298401420959,0.650068212824011,0.1998635743519781,0.2116644823066841,60.0,586.0,2346.0,60.0,0.130718954248366,0.3333333333333333,0.1091703056768559,0.4166666666666667,0.0949263502454991,0.4833333333333333,0.1153554967931569,0.7115691791723511
2year.arff,2,ExtraTrees_balanced,External ML baseline,run_external_baselines.py,0.5626329361383396,0.4083333333333333,0.7752387448840382,0.0692090395480226,0.1183574879227053,0.0829945799457994,0.2062289562289562,0.5917860391086858,0.2247612551159618,0.2319790301441677,49.0,659.0,2273.0,71.0,0.0849673202614379,0.2166666666666666,0.0764192139737991,0.2916666666666667,0.0703764320785597,0.3583333333333333,0.0766931303993906,0.6558208276489313
2year.arff,2,HistGB,External ML baseline,run_external_baselines.py,0.6626613422935272,0.5,0.8782401091405184,0.1438848920863309,0.2234636871508379,0.1677852348993288,0.334448160535117,0.6891200545702592,0.1217598908594815,0.1366317169069462,60.0,357.0,2575.0,60.0,0.1764705882352941,0.45,0.1375545851528384,0.525,0.1194762684124386,0.6083333333333333,0.2380557134868376,0.7608984197362437
2year.arff,2,LR_balanced,External ML baseline,run_external_baselines.py,0.5686650555729099,0.4083333333333333,0.7919508867667121,0.0743550834597875,0.1258023106546855,0.0888969521044992,0.2151009657594381,0.6001421100500227,0.2080491132332878,0.2159239842726081,49.0,610.0,2322.0,71.0,0.0947712418300653,0.2416666666666666,0.093886462882096,0.3583333333333333,0.0801963993453355,0.4083333333333333,0.0926041233839464,0.6276290359254206
2year.arff,2,RF_balanced,External ML baseline,run_external_baselines.py,0.5529747162709385,0.3583333333333333,0.8533424283765347,0.0909090909090909,0.1450252951096121,0.106858846918489,0.2256033578174186,0.6058378808549341,0.1466575716234652,0.1549803407601572,43.0,430.0,2502.0,77.0,0.0980392156862745,0.25,0.0895196506550218,0.3416666666666667,0.0867430441898527,0.4416666666666666,0.0894163749977928,0.6956173260572986
2year.arff,3,BalancedRF,External ML baseline,run_external_baselines.py,0.6570467537109317,0.525,0.822305593451569,0.1078767123287671,0.1789772727272727,0.128257328990228,0.2960526315789473,0.6736527967257845,0.1776944065484311,0.1913499344692005,63.0,521.0,2411.0,57.0,0.1437908496732026,0.3666666666666666,0.1222707423580786,0.4666666666666667,0.1080196399345335,0.55,0.1491956635762,0.745475216007276
2year.arff,3,EasyEnsemble,External ML baseline,run_external_baselines.py,0.6359712362754415,0.4416666666666666,0.9157571623465212,0.1766666666666666,0.2523809523809524,0.2007575757575757,0.3397435897435897,0.6787119145065938,0.0842428376534788,0.0982961992136304,53.0,247.0,2685.0,67.0,0.1764705882352941,0.45,0.1462882096069869,0.5583333333333333,0.1129296235679214,0.575,0.1760482270726407,0.7686022055479763
2year.arff,3,ExtraTrees_balanced,External ML baseline,run_external_baselines.py,0.6188269499603839,0.4666666666666667,0.820600272851296,0.0962199312714776,0.1595441595441595,0.1143790849673202,0.263653483992467,0.6436334697589814,0.1793997271487039,0.190694626474443,56.0,526.0,2406.0,64.0,0.0947712418300653,0.2416666666666666,0.1069868995633187,0.4083333333333333,0.0932896890343698,0.475,0.0927978561929095,0.711462596634834
2year.arff,3,HistGB,External ML baseline,run_external_baselines.py,0.720450158654329,0.55,0.943724420190996,0.2857142857142857,0.376068376068376,0.3160919540229885,0.4641350210970464,0.746862210095498,0.056275579809004,0.0756880733944954,66.0,165.0,2767.0,54.0,0.2320261437908496,0.5916666666666667,0.1724890829694323,0.6583333333333333,0.1374795417348608,0.7,0.4376142801340128,0.8426557526148248
2year.arff,3,LR_balanced,External ML baseline,run_external_baselines.py,0.6519071611771091,0.5916666666666667,0.718281036834925,0.0791527313266443,0.1396263520157325,0.0957389428263214,0.2578068264342774,0.6549738517507958,0.281718963165075,0.2939056356487549,71.0,826.0,2106.0,49.0,0.1241830065359477,0.3166666666666666,0.1157205240174672,0.4416666666666666,0.0932896890343698,0.475,0.1368208967538085,0.7150039790814007
2year.arff,3,RF_balanced,External ML baseline,run_external_baselines.py,0.7040554420529047,0.6416666666666667,0.7725102319236017,0.1034946236559139,0.1782407407407407,0.1243540051679586,0.3145424836601307,0.7070884492951341,0.2274897680763983,0.2437745740498034,77.0,667.0,2265.0,43.0,0.1437908496732026,0.3666666666666666,0.1222707423580786,0.4666666666666667,0.1129296235679214,0.575,0.1585305179819306,0.7765944747612551
2year.arff,4,BalancedRF,External ML baseline,run_external_baselines.py,0.6710682063077145,0.525,0.8577762619372442,0.13125,0.21,0.1544117647058823,0.328125,0.6913881309686221,0.1422237380627558,0.1572739187418086,63.0,417.0,2515.0,57.0,0.1732026143790849,0.4416666666666666,0.1353711790393013,0.5166666666666667,0.1096563011456628,0.5583333333333333,0.2090232847506043,0.7541325602546612
2year.arff,4,EasyEnsemble,External ML baseline,run_external_baselines.py,0.587481192794477,0.3583333333333333,0.9631650750341064,0.2847682119205298,0.3173431734317343,0.2969613259668508,0.340729001584786,0.6607492041837199,0.0368349249658935,0.0494757536041939,43.0,108.0,2824.0,77.0,0.1830065359477124,0.4666666666666667,0.1441048034934497,0.55,0.1227495908346972,0.625,0.2710163901233247,0.8055167121418826
2year.arff,4,ExtraTrees_balanced,External ML baseline,run_external_baselines.py,0.614388081647419,0.475,0.7946793997271487,0.08649468892261,0.1463414634146341,0.103410740203193,0.2502194907813871,0.6348396998635744,0.2053206002728513,0.2159239842726081,57.0,602.0,2330.0,63.0,0.1209150326797385,0.3083333333333333,0.1091703056768559,0.4166666666666667,0.0916530278232405,0.4666666666666667,0.0910582869603729,0.6941706457480673
2year.arff,4,HistGB,External ML baseline,run_external_baselines.py,0.6486882030069049,0.425,0.9901091405184176,0.6375,0.51,0.5795454545454546,0.4553571428571428,0.7075545702592088,0.0098908594815825,0.0262123197903014,51.0,29.0,2903.0,69.0,0.218954248366013,0.5583333333333333,0.1637554585152838,0.625,0.132569558101473,0.675,0.4881198861101427,0.8445259208731243
2year.arff,4,LR_balanced,External ML baseline,run_external_baselines.py,0.6796847435494748,0.5833333333333334,0.7919508867667121,0.1029411764705882,0.175,0.1232394366197183,0.3017241379310345,0.6876421100500227,0.2080491132332878,0.2228047182175622,70.0,610.0,2322.0,50.0,0.1143790849673202,0.2916666666666667,0.1244541484716157,0.475,0.1080196399345335,0.55,0.1116795784583692,0.7323783537971804
2year.arff,4,RF_balanced,External ML baseline,run_external_baselines.py,0.6360896556482722,0.4416666666666666,0.9160982264665756,0.177257525083612,0.2529832935560859,0.2013677811550152,0.3401797175866495,0.6788824465666212,0.0839017735334242,0.0979685452162516,53.0,246.0,2686.0,67.0,0.1764705882352941,0.45,0.1353711790393013,0.5166666666666667,0.1194762684124386,0.6083333333333333,0.2843929398676451,0.7772481809913596
2year.arff,5,BalancedRF,External ML baseline,run_external_baselines.py,0.4935233094140239,0.2666666666666666,0.9133697135061392,0.1118881118881118,0.1576354679802955,0.1265822784810126,0.2088772845953002,0.5900181900864029,0.0866302864938608,0.0937090432503276,32.0,254.0,2678.0,88.0,0.1045751633986928,0.2666666666666666,0.0982532751091703,0.375,0.0785597381342062,0.4,0.1195570222180405,0.70337511368804
2year.arff,5,EasyEnsemble,External ML baseline,run_external_baselines.py,0.5589407249163245,0.3333333333333333,0.937244201909959,0.1785714285714285,0.2325581395348837,0.1968503937007874,0.2840909090909091,0.6352887676216462,0.0627557980900409,0.073394495412844,40.0,184.0,2748.0,80.0,0.1699346405228758,0.4333333333333333,0.1288209606986899,0.4916666666666666,0.1112929623567921,0.5666666666666667,0.1526412570597414,0.7616388130968622
2year.arff,5,ExtraTrees_balanced,External ML baseline,run_external_baselines.py,0.5767198018771481,0.4,0.8315143246930423,0.088560885608856,0.1450151057401812,0.1048951048951049,0.2348336594911937,0.6157571623465212,0.1684856753069577,0.1775884665792922,48.0,494.0,2438.0,72.0,0.0980392156862745,0.25,0.0851528384279476,0.325,0.0867430441898527,0.4416666666666666,0.086740285174527,0.6802708617553432
2year.arff,5,HistGB,External ML baseline,run_external_baselines.py,0.5607125736670293,0.3166666666666666,0.992837653478854,0.6440677966101694,0.4245810055865922,0.5337078651685393,0.3525046382189239,0.6547521600727604,0.0071623465211459,0.0193315858453473,38.0,21.0,2911.0,82.0,0.2352941176470588,0.6,0.1790393013100436,0.6833333333333333,0.1407528641571195,0.7166666666666667,0.4256548888633645,0.8464742496589359
2year.arff,5,LR_balanced,External ML baseline,run_external_baselines.py,0.6694462291713243,0.6,0.7469304229195088,0.0884520884520884,0.1541755888650963,0.1066350710900474,0.2782071097372488,0.6734652114597544,0.2530695770804911,0.2667103538663172,72.0,742.0,2190.0,48.0,0.1339869281045751,0.3416666666666667,0.1157205240174672,0.4416666666666666,0.0932896890343698,0.475,0.1172676856213227,0.710644042746703
2year.arff,5,RF_balanced,External ML baseline,run_external_baselines.py,0.5606086514024602,0.3416666666666667,0.919849931787176,0.1485507246376811,0.207070707070707,0.1674836601307189,0.2711640211640211,0.6307582992269214,0.080150068212824,0.0904325032765399,41.0,235.0,2697.0,79.0,0.1503267973856209,0.3833333333333333,0.1331877729257642,0.5083333333333333,0.1112929623567921,0.5666666666666667,0.1448120937099092,0.7531036834924967
2year.arff,6,BalancedRF,External ML baseline,run_external_baselines.py,0.6176960669334457,0.45,0.8478854024556617,0.108,0.1741935483870967,0.1273584905660377,0.2755102040816326,0.6489427012278308,0.1521145975443383,0.163826998689384,54.0,446.0,2486.0,66.0,0.130718954248366,0.3333333333333333,0.1157205240174672,0.4416666666666666,0.1047463175122749,0.5333333333333333,0.187691751155204,0.7611869031377899
2year.arff,6,EasyEnsemble,External ML baseline,run_external_baselines.py,0.7181663085584857,0.6833333333333333,0.754774897680764,0.1023720349563046,0.1780673181324647,0.1233453670276775,0.3200624512099922,0.7190541155070487,0.245225102319236,0.2624508519003932,82.0,719.0,2213.0,38.0,0.1732026143790849,0.4416666666666666,0.1462882096069869,0.5583333333333333,0.1243862520458265,0.6333333333333333,0.2188116736147321,0.7829453728967712
2year.arff,6,ExtraTrees_balanced,External ML baseline,run_external_baselines.py,0.6465860779214874,0.5416666666666666,0.7718281036834925,0.0885558583106267,0.1522248243559719,0.106348167539267,0.2677100494233937,0.6567473851750796,0.2281718963165075,0.2404980340760157,65.0,669.0,2263.0,55.0,0.1045751633986928,0.2666666666666666,0.0895196506550218,0.3416666666666667,0.0867430441898527,0.4416666666666666,0.1060241983677175,0.7218849477035016
2year.arff,6,HistGB,External ML baseline,run_external_baselines.py,0.74854337859048,0.725,0.7728512960436562,0.1155378486055776,0.1993127147766323,0.1388888888888889,0.3527980535279805,0.748925648021828,0.2271487039563438,0.2467234600262123,87.0,666.0,2266.0,33.0,0.2156862745098039,0.55,0.1506550218340611,0.575,0.1292962356792144,0.6583333333333333,0.4028375987355808,0.8295375738972262
2year.arff,6,LR_balanced,External ML baseline,run_external_baselines.py,0.6128317516236329,0.45,0.8345839017735335,0.1001855287569573,0.1638846737481032,0.1186291739894551,0.2649656526005888,0.6422919508867667,0.1654160982264665,0.1766055045871559,54.0,485.0,2447.0,66.0,0.1045751633986928,0.2666666666666666,0.0982532751091703,0.375,0.099836333878887,0.5083333333333333,0.0913406239082326,0.6913568667576171
2year.arff,6,RF_balanced,External ML baseline,run_external_baselines.py,0.7057710524920231,0.6333333333333333,0.786493860845839,0.1082621082621082,0.1849148418491484,0.1297814207650273,0.3214890016920473,0.7099135970895862,0.2135061391541609,0.2300131061598951,76.0,626.0,2306.0,44.0,0.1601307189542483,0.4083333333333333,0.1397379912663755,0.5333333333333333,0.1194762684124386,0.6083333333333333,0.2465023167347502,0.799963051386994
2year.arff,7,BalancedRF,External ML baseline,run_external_baselines.py,0.645175716623464,0.55,0.7568212824010914,0.0847240051347881,0.1468298109010011,0.1019777503090234,0.2621127879269261,0.6534106412005457,0.2431787175989086,0.2552424639580603,66.0,713.0,2219.0,54.0,0.1503267973856209,0.3833333333333333,0.1135371179039301,0.4333333333333333,0.1014729950900163,0.5166666666666667,0.158081439925132,0.7046796839472489
2year.arff,7,EasyEnsemble,External ML baseline,run_external_baselines.py,0.683753849690664,0.5666666666666667,0.8250341064120055,0.1170395869191049,0.1940085592011412,0.1391162029459901,0.3204524033930254,0.6958503865393361,0.1749658935879945,0.1903669724770642,68.0,513.0,2419.0,52.0,0.1470588235294117,0.375,0.1266375545851528,0.4833333333333333,0.1129296235679214,0.575,0.1668555476525349,0.7477461346066394
2year.arff,7,ExtraTrees_balanced,External ML baseline,run_external_baselines.py,0.631213993070297,0.55,0.7244201909959073,0.0755148741418764,0.1327967806841046,0.0912610619469026,0.2437223042836041,0.6372100954979536,0.2755798090040928,0.2863695937090432,66.0,808.0,2124.0,54.0,0.0980392156862745,0.25,0.1004366812227074,0.3833333333333333,0.0867430441898527,0.4416666666666666,0.1028492296326473,0.6773362892223738
2year.arff,7,HistGB,External ML baseline,run_external_baselines.py,0.5474578481471917,0.3083333333333333,0.9720327421555252,0.3109243697478991,0.309623430962343,0.3104026845637584,0.3088480801335559,0.6401830377444293,0.0279672578444747,0.0389908256880734,37.0,82.0,2850.0,83.0,0.196078431372549,0.5,0.1528384279475982,0.5833333333333334,0.1243862520458265,0.6333333333333333,0.3141002813994774,0.7816848567530695
2year.arff,7,LR_balanced,External ML baseline,run_external_baselines.py,0.6649328009894998,0.5916666666666667,0.7472714870395635,0.0874384236453202,0.1523605150214592,0.1054038004750593,0.2747678018575851,0.6694690768531151,0.2527285129604366,0.2660550458715596,71.0,741.0,2191.0,49.0,0.1372549019607843,0.35,0.1179039301310043,0.45,0.1047463175122749,0.5333333333333333,0.1297361680162666,0.7033680081855389
2year.arff,7,RF_balanced,External ML baseline,run_external_baselines.py,0.64525500738593,0.475,0.8765347885402456,0.1360381861575179,0.2115027829313543,0.1586859688195991,0.3170189098998888,0.6757673942701228,0.1234652114597544,0.1372870249017038,57.0,362.0,2570.0,63.0,0.1503267973856209,0.3833333333333333,0.1266375545851528,0.4833333333333333,0.1096563011456628,0.5583333333333333,0.1997130068710417,0.7325943610732151
2year.arff,8,BalancedRF,External ML baseline,run_external_baselines.py,0.6969713764500828,0.575,0.8448158253751705,0.1316793893129771,0.2142857142857142,0.1556859205776173,0.3436254980079681,0.7099079126875852,0.1551841746248294,0.1716906946264744,69.0,455.0,2477.0,51.0,0.1797385620915032,0.4583333333333333,0.1462882096069869,0.5583333333333333,0.1194762684124386,0.6083333333333333,0.1767720193352631,0.7617411323328787
2year.arff,8,EasyEnsemble,External ML baseline,run_external_baselines.py,0.6646014510040369,0.4916666666666666,0.8983628922237381,0.165266106442577,0.2473794549266247,0.1905684754521963,0.3524492234169653,0.6950147794452024,0.1016371077762619,0.1169724770642201,59.0,298.0,2634.0,61.0,0.1797385620915032,0.4583333333333333,0.1462882096069869,0.5583333333333333,0.1178396072013093,0.6,0.2304400594475399,0.7749644724874943
2year.arff,8,ExtraTrees_balanced,External ML baseline,run_external_baselines.py,0.6157327958235296,0.4666666666666667,0.8124147339699863,0.0924092409240924,0.1542699724517906,0.110062893081761,0.2578268876611418,0.6395407003183264,0.1875852660300136,0.1985583224115334,56.0,550.0,2382.0,64.0,0.1176470588235294,0.3,0.1069868995633187,0.4083333333333333,0.0916530278232405,0.4666666666666667,0.1024686157616422,0.710862892223738
2year.arff,8,HistGB,External ML baseline,run_external_baselines.py,0.7467528615875686,0.625,0.8922237380627558,0.1918158567774936,0.2935420743639921,0.2226840855106888,0.4305396096440873,0.7586118690313779,0.1077762619372442,0.1281127129750983,75.0,316.0,2616.0,45.0,0.2320261437908496,0.5916666666666667,0.1768558951965065,0.675,0.1423895253682487,0.725,0.4425437032642065,0.8468323669849931
2year.arff,8,LR_balanced,External ML baseline,run_external_baselines.py,0.6737796979730367,0.5583333333333333,0.8130968622100955,0.1089430894308943,0.182312925170068,0.1298449612403101,0.3059360730593607,0.6857150977717144,0.1869031377899045,0.2015072083879423,67.0,548.0,2384.0,53.0,0.1209150326797385,0.3083333333333333,0.1200873362445414,0.4583333333333333,0.1096563011456628,0.5583333333333333,0.1321008230826326,0.7169906775807185
2year.arff,8,RF_balanced,External ML baseline,run_external_baselines.py,0.6506721609441577,0.4666666666666667,0.9072305593451568,0.1707317073170731,0.25,0.1955307262569832,0.3465346534653465,0.6869486130059117,0.0927694406548431,0.1074705111402359,56.0,272.0,2660.0,64.0,0.1830065359477124,0.4666666666666667,0.1441048034934497,0.55,0.1227495908346972,0.625,0.2417165389509724,0.7770605957253297
2year.arff,9,BalancedRF,External ML baseline,run_external_baselines.py,0.6400140687403199,0.5,0.8192360163710778,0.1016949152542373,0.1690140845070422,0.1209677419354838,0.2803738317757009,0.659618008185539,0.1807639836289222,0.1933158584534731,60.0,530.0,2402.0,60.0,0.1372549019607843,0.35,0.1200873362445414,0.4583333333333333,0.0981996726677577,0.5,0.1617558163369312,0.7588534561164165
2year.arff,9,EasyEnsemble,External ML baseline,run_external_baselines.py,0.6523778523295342,0.4916666666666666,0.8656207366984994,0.130242825607064,0.2059336823734729,0.1526915113871635,0.3161843515541265,0.678643701682583,0.1343792633015006,0.1484272608125819,59.0,394.0,2538.0,61.0,0.1666666666666666,0.425,0.1288209606986899,0.4916666666666666,0.1112929623567921,0.5666666666666667,0.1924661284132504,0.7648732378353797
2year.arff,9,ExtraTrees_balanced,External ML baseline,run_external_baselines.py,0.595644147865793,0.475,0.7469304229195088,0.0713391739674593,0.1240478781284004,0.085946924004825,0.2228303362001563,0.6109652114597544,0.2530695770804911,0.2617955439056356,57.0,742.0,2190.0,63.0,0.1176470588235294,0.3,0.1004366812227074,0.3833333333333333,0.0867430441898527,0.4416666666666666,0.0892904093962159,0.6465126193724421
2year.arff,9,HistGB,External ML baseline,run_external_baselines.py,0.661115473915058,0.4583333333333333,0.9536152796725784,0.2879581151832461,0.3536977491961415,0.3110859728506787,0.4098360655737705,0.7059743065029559,0.0463847203274215,0.0625819134993447,55.0,136.0,2796.0,65.0,0.2091503267973856,0.5333333333333333,0.1615720524017467,0.6166666666666667,0.132569558101473,0.675,0.374836239504079,0.830418656207367
2year.arff,9,LR_balanced,External ML baseline,run_external_baselines.py,0.6038144250813612,0.5166666666666667,0.7056616643929059,0.067027027027027,0.1186602870813397,0.0811518324607329,0.2206405693950178,0.6111641655297864,0.2943383356070941,0.3030799475753604,62.0,863.0,2069.0,58.0,0.0947712418300653,0.2416666666666666,0.0829694323144104,0.3166666666666666,0.0801963993453355,0.4083333333333333,0.0753833504254614,0.6182924056389268
2year.arff,9,RF_balanced,External ML baseline,run_external_baselines.py,0.7037445321494448,0.6083333333333333,0.8141200545702592,0.1181229773462783,0.1978319783197832,0.1408179012345679,0.3324225865209472,0.7112266939517962,0.1858799454297408,0.2024901703800786,73.0,545.0,2387.0,47.0,0.1568627450980392,0.4,0.1375545851528384,0.525,0.1194762684124386,0.6083333333333333,0.2344136341473315,0.7883043428831287
2year.arff,10,BalancedRF,External ML baseline,run_external_baselines.py,0.6653366109127227,0.5833333333333334,0.7588676671214188,0.09009009009009,0.1560758082497212,0.1084262701363073,0.2784407319013524,0.6711005002273761,0.2411323328785811,0.2545871559633027,70.0,707.0,2225.0,50.0,0.1274509803921568,0.325,0.1026200873362445,0.3916666666666666,0.099836333878887,0.5083333333333333,0.158348668873144,0.7287474420190996
2year.arff,10,EasyEnsemble,External ML baseline,run_external_baselines.py,0.6878422708300939,0.5416666666666666,0.8734652114597544,0.1490825688073394,0.2338129496402877,0.1743562231759656,0.3548034934497817,0.7075659390632105,0.1265347885402455,0.1428571428571428,65.0,371.0,2561.0,55.0,0.1764705882352941,0.45,0.1506550218340611,0.575,0.1309328968903437,0.6666666666666666,0.2063648636911144,0.7921967371532516
2year.arff,10,ExtraTrees_balanced,External ML baseline,run_external_baselines.py,0.6466673933320812,0.5583333333333333,0.7489768076398363,0.0834371108343711,0.1451787648970747,0.1005402160864345,0.2611067809820732,0.6536550704865849,0.2510231923601637,0.2631061598951507,67.0,736.0,2196.0,53.0,0.1078431372549019,0.275,0.0982532751091703,0.375,0.0949263502454991,0.4833333333333333,0.1141117018429604,0.7058833560709414
2year.arff,10,HistGB,External ML baseline,run_external_baselines.py,0.7132858590280647,0.5333333333333333,0.953956343792633,0.321608040201005,0.4012539184952978,0.3493449781659388,0.471281296023564,0.7436448385629832,0.0460436562073669,0.0652031454783748,64.0,135.0,2797.0,56.0,0.238562091503268,0.6083333333333333,0.1790393013100436,0.6833333333333333,0.1391162029459901,0.7083333333333334,0.4558656660480923,0.8494827194179172
2year.arff,10,LR_balanced,External ML baseline,run_external_baselines.py,0.6356113741970327,0.5333333333333333,0.7575034106412005,0.0825806451612903,0.1430167597765363,0.0993788819875776,0.2549800796812749,0.6454183719872669,0.2424965893587994,0.2539318479685452,64.0,711.0,2221.0,56.0,0.15359477124183,0.3916666666666666,0.1200873362445414,0.4583333333333333,0.0932896890343698,0.475,0.1173864892470429,0.6778052523874489
2year.arff,10,RF_balanced,External ML baseline,run_external_baselines.py,0.6677245472059096,0.525,0.8492496589358799,0.1247524752475247,0.2016,0.1471962616822429,0.3197969543147208,0.68712482946794,0.15075034106412,0.1654652686762778,63.0,442.0,2490.0,57.0,0.15359477124183,0.3916666666666666,0.1266375545851528,0.4833333333333333,0.1178396072013093,0.6,0.2169999466756168,0.7710578672123691
3year.arff,1,BalancedRF,External ML baseline,run_external_baselines.py,0.723841146023747,0.7046979865771812,0.7435043304463691,0.12,0.205078125,0.1438750342559605,0.3569000679809653,0.7241011585117751,0.2564956695536309,0.2776896223421136,105.0,770.0,2232.0,44.0,0.1455696202531645,0.3087248322147651,0.1310782241014799,0.4161073825503356,0.1315372424722662,0.5570469798657718,0.1852486788199595,0.7737302648346293
3year.arff,1,EasyEnsemble,External ML baseline,run_external_baselines.py,0.5859230368218112,0.3691275167785235,0.9300466355762824,0.2075471698113207,0.2657004830917874,0.227460711331679,0.3193960511033681,0.649587076177403,0.0699533644237175,0.0841002856236115,55.0,210.0,2792.0,94.0,0.1930379746835443,0.4093959731543624,0.1691331923890063,0.5369127516778524,0.1426307448494453,0.6040268456375839,0.2195736847162341,0.8118122593885955
3year.arff,1,ExtraTrees_balanced,External ML baseline,run_external_baselines.py,0.6663679546955755,0.5838926174496645,0.7604930046635576,0.107940446650124,0.1821989528795811,0.1289653127779425,0.3102710413694722,0.6721928110566111,0.2395069953364423,0.2557918121231355,87.0,719.0,2283.0,62.0,0.1139240506329113,0.2416107382550335,0.1247357293868921,0.3959731543624161,0.1204437400950871,0.5100671140939598,0.1176266094703953,0.7481052899856472
3year.arff,1,HistGB,External ML baseline,run_external_baselines.py,0.6393232530794657,0.4228187919463087,0.966688874083944,0.3865030674846625,0.4038461538461538,0.3932584269662921,0.4150197628458498,0.6947538330151264,0.0333111259160559,0.0517296096477308,63.0,100.0,2902.0,86.0,0.2468354430379747,0.5234899328859061,0.2029598308668076,0.6442953020134228,0.1743264659270998,0.738255033557047,0.4445918370028353,0.8583293464312381
3year.arff,1,LR_balanced,External ML baseline,run_external_baselines.py,0.6502451783337642,0.5302013422818792,0.7974683544303798,0.1149927219796215,0.1889952153110047,0.1363479461511909,0.3078721745908028,0.6638348483561295,0.2025316455696202,0.218026023484608,79.0,608.0,2394.0,70.0,0.1487341772151898,0.3154362416107382,0.1374207188160676,0.436241610738255,0.1220285261489698,0.5167785234899329,0.1105173937180846,0.6972532852818479
3year.arff,1,RF_balanced,External ML baseline,run_external_baselines.py,0.5246219092621223,0.2885906040268456,0.9536975349766822,0.2362637362637362,0.2598187311178248,0.2451539338654504,0.2763496143958869,0.6211440695017639,0.0463024650233177,0.0577594414471596,43.0,139.0,2863.0,106.0,0.1962025316455696,0.4161073825503356,0.1797040169133192,0.5704697986577181,0.1521394611727416,0.6442953020134228,0.2329872966064227,0.8162153642538084
3year.arff,2,BalancedRF,External ML baseline,run_external_baselines.py,0.5874282640849475,0.4228187919463087,0.8161225849433711,0.1024390243902439,0.1649214659685864,0.1207359141433499,0.2601156069364161,0.6194706884448399,0.1838774150566289,0.195176134560457,63.0,552.0,2450.0,86.0,0.1455696202531645,0.3087248322147651,0.1120507399577167,0.3557046979865771,0.1014263074484944,0.4295302013422818,0.130134446939931,0.7170555200336242
3year.arff,2,EasyEnsemble,External ML baseline,run_external_baselines.py,0.5613783106125813,0.3422818791946309,0.9207195203197868,0.1764705882352941,0.2328767123287671,0.1954022988505747,0.288135593220339,0.6315006997572088,0.0792804796802131,0.0917169152649952,51.0,238.0,2764.0,98.0,0.1677215189873417,0.3557046979865771,0.1416490486257928,0.4496644295302013,0.1283676703645007,0.5436241610738255,0.2082650587488481,0.7705142880138074
3year.arff,2,ExtraTrees_balanced,External ML baseline,run_external_baselines.py,0.5830792394048959,0.4093959731543624,0.8304463690872752,0.1070175438596491,0.1696801112656467,0.1255660765747221,0.2615780445969125,0.6199211711208188,0.1695536309127248,0.1808949539828626,61.0,509.0,2493.0,88.0,0.0981012658227848,0.2080536912751678,0.1035940803382663,0.3288590604026846,0.1045958795562599,0.4429530201342282,0.1047976910461526,0.6879977106984605
3year.arff,2,HistGB,External ML baseline,run_external_baselines.py,0.5801328762050096,0.348993288590604,0.9643570952698202,0.3270440251572327,0.3376623376623376,0.3312101910828025,0.3443708609271523,0.6566751919302121,0.0356429047301798,0.0504601713741669,52.0,107.0,2895.0,97.0,0.2151898734177215,0.4563758389261745,0.1839323467230444,0.5838926174496645,0.1458003169572107,0.6174496644295302,0.3148572625559274,0.7971933699681197
3year.arff,2,LR_balanced,External ML baseline,run_external_baselines.py,0.6060370229234476,0.4496644295302013,0.8167888074616922,0.1085899513776337,0.1749347258485639,0.1280091708062667,0.2761747732893652,0.6332266184959467,0.1832111925383077,0.1958108536972389,67.0,550.0,2452.0,82.0,0.1265822784810126,0.2684563758389262,0.1078224101479915,0.3422818791946309,0.1125198098256735,0.4765100671140939,0.1222536821706755,0.6829317367839783
3year.arff,2,RF_balanced,External ML baseline,run_external_baselines.py,0.6013598184701304,0.4161073825503356,0.8690872751499,0.1362637362637362,0.2052980132450331,0.1574403250380904,0.2949571836346337,0.6425973288501178,0.1309127248500999,0.144398603617899,62.0,393.0,2609.0,87.0,0.1677215189873417,0.3557046979865771,0.1331923890063425,0.4228187919463087,0.1156893819334389,0.4899328859060403,0.1653065385613041,0.7410507089233576
3year.arff,3,BalancedRF,External ML baseline,run_external_baselines.py,0.7088136097476121,0.6644295302013423,0.7561625582944703,0.1191335740072202,0.2020408163265306,0.1425280737114886,0.3468815697266993,0.7102960442479063,0.2438374417055296,0.2637258013329102,99.0,732.0,2270.0,50.0,0.1740506329113924,0.3691275167785235,0.1331923890063425,0.4228187919463087,0.1204437400950871,0.5100671140939598,0.1568314988794357,0.7576347312082772
3year.arff,3,EasyEnsemble,External ML baseline,run_external_baselines.py,0.6295445865352893,0.4429530201342282,0.8947368421052632,0.1727748691099476,0.2485875706214689,0.1967799642218247,0.3374233128834356,0.6688449311197457,0.1052631578947368,0.121231355125357,66.0,316.0,2686.0,83.0,0.1962025316455696,0.4161073825503356,0.1627906976744186,0.5167785234899329,0.1378763866877971,0.5838926174496645,0.2340205021223808,0.7934754906125223
3year.arff,3,ExtraTrees_balanced,External ML baseline,run_external_baselines.py,0.6473144197694002,0.5704697986577181,0.734510326449034,0.0963718820861678,0.1648884578079534,0.1155833559967364,0.2875507442489851,0.652490062553376,0.265489673550966,0.2799111393208505,85.0,797.0,2205.0,64.0,0.1582278481012658,0.3355704697986577,0.1268498942917547,0.4026845637583892,0.1141045958795562,0.4832214765100671,0.1160651495081488,0.7170387526883644
3year.arff,3,HistGB,External ML baseline,run_external_baselines.py,0.7426969169717667,0.6241610738255033,0.8837441705529647,0.2104072398190045,0.3147208121827411,0.2425665101721439,0.4479768786127168,0.7539526221892341,0.1162558294470353,0.1402729292288162,93.0,349.0,2653.0,56.0,0.2594936708860759,0.5503355704697986,0.200845665961945,0.6375838926174496,0.1648177496038035,0.697986577181208,0.3922587678352206,0.8276372798447569
3year.arff,3,LR_balanced,External ML baseline,run_external_baselines.py,0.6247034270802592,0.5369127516778524,0.7268487674883412,0.0888888888888888,0.1525262154432793,0.1066951186983195,0.267379679144385,0.6318807595830968,0.2731512325116589,0.2856236115518883,80.0,820.0,2182.0,69.0,0.1329113924050632,0.2818791946308724,0.1141649048625792,0.3624161073825503,0.1014263074484944,0.4295302013422818,0.1070682233797833,0.6609776927238664
3year.arff,3,RF_balanced,External ML baseline,run_external_baselines.py,0.7070040190888229,0.6442953020134228,0.7758161225849434,0.1248374512353706,0.2091503267973856,0.1488372093023255,0.3516483516483517,0.7100557122991831,0.2241838774150566,0.2440495080926689,96.0,673.0,2329.0,53.0,0.1930379746835443,0.4093959731543624,0.160676532769556,0.5100671140939598,0.1394611727416798,0.5906040268456376,0.2092484117555093,0.7832842981636403
3year.arff,4,BalancedRF,External ML baseline,run_external_baselines.py,0.6915897254122324,0.610738255033557,0.7831445702864757,0.1226415094339622,0.2042648709315375,0.1459736926531921,0.3400597907324365,0.6969414126600164,0.2168554297135243,0.2354807997461123,91.0,651.0,2351.0,58.0,0.1645569620253164,0.348993288590604,0.1416490486257928,0.4496644295302013,0.1315372424722662,0.5570469798657718,0.1547080527763762,0.7724022910900563
3year.arff,4,EasyEnsemble,External ML baseline,run_external_baselines.py,0.7297103740150178,0.6442953020134228,0.8264490339773485,0.1555915721231766,0.2506527415143603,0.1834161253343523,0.3957131079967024,0.7353721679953856,0.1735509660226515,0.1958108536972389,96.0,521.0,2481.0,53.0,0.2215189873417721,0.4697986577181208,0.1797040169133192,0.5704697986577181,0.1537242472266244,0.6510067114093959,0.256085746251106,0.8173398942092296
3year.arff,4,ExtraTrees_balanced,External ML baseline,run_external_baselines.py,0.5814031995412098,0.4026845637583892,0.8394403730846103,0.1107011070110701,0.1736613603473227,0.1294777729823047,0.2636203866432337,0.6210624684214998,0.1605596269153897,0.1720088860679149,60.0,482.0,2520.0,89.0,0.1297468354430379,0.2751677852348993,0.1141649048625792,0.3624161073825503,0.1030110935023771,0.436241610738255,0.1141438088797485,0.7307030212520512
3year.arff,4,HistGB,External ML baseline,run_external_baselines.py,0.5577886263648599,0.3154362416107382,0.986342438374417,0.5340909090909091,0.3966244725738396,0.469061876247505,0.3435672514619883,0.6508893399925777,0.0136575616255829,0.0279276420184068,47.0,41.0,2961.0,102.0,0.2563291139240506,0.5436241610738255,0.1966173361522198,0.6241610738255033,0.161648177496038,0.6845637583892618,0.405949629782416,0.8415374090650974
3year.arff,4,LR_balanced,External ML baseline,run_external_baselines.py,0.6007088772095066,0.4295302013422818,0.8401065956029313,0.1176470588235294,0.1847041847041847,0.1376344086021505,0.2807017543859649,0.6348183984726066,0.1598934043970686,0.1726436052046969,64.0,480.0,2522.0,85.0,0.1582278481012658,0.3355704697986577,0.1268498942917547,0.4026845637583892,0.1077654516640253,0.4563758389261745,0.1624361723559485,0.6927976427348211
3year.arff,4,RF_balanced,External ML baseline,run_external_baselines.py,0.703793481172978,0.6308724832214765,0.785143237841439,0.1271989174560216,0.2117117117117117,0.1513687600644122,0.352059925093633,0.7080078605314577,0.2148567621585609,0.2345287210409394,94.0,645.0,2357.0,55.0,0.1835443037974683,0.3892617449664429,0.1564482029598308,0.4966442953020134,0.1331220285261489,0.5637583892617449,0.2227562487292066,0.7786799851553103
3year.arff,5,BalancedRF,External ML baseline,run_external_baselines.py,0.6883560116761066,0.6375838926174496,0.7431712191872085,0.1096997690531177,0.1871921182266009,0.1314696927760863,0.3248974008207934,0.6903775559023291,0.2568287808127915,0.2748333862265947,95.0,771.0,2231.0,54.0,0.1392405063291139,0.2953020134228188,0.1395348837209302,0.4429530201342282,0.1283676703645007,0.5436241610738255,0.1228421947504579,0.7500994862485413
3year.arff,5,EasyEnsemble,External ML baseline,run_external_baselines.py,0.7249861060976759,0.6577181208053692,0.7991339107261826,0.1398002853067047,0.2305882352941176,0.1659329495428378,0.3777949113338473,0.7284260157657758,0.2008660892738174,0.2224690574420818,98.0,603.0,2399.0,51.0,0.1930379746835443,0.4093959731543624,0.175475687103594,0.5570469798657718,0.1473851030110935,0.6241610738255033,0.1823935916455607,0.802676291868061
3year.arff,5,ExtraTrees_balanced,External ML baseline,run_external_baselines.py,0.6251953090557745,0.4899328859060403,0.7978014656895404,0.1073529411764705,0.1761158021712907,0.1272220285813872,0.2860501567398119,0.6438671757977903,0.2021985343104597,0.2158045065058711,73.0,607.0,2395.0,76.0,0.120253164556962,0.2550335570469799,0.120507399577167,0.3825503355704698,0.1109350237717908,0.4697986577181208,0.115502181208339,0.7243280765842907
3year.arff,5,HistGB,External ML baseline,run_external_baselines.py,0.7025280705409641,0.5771812080536913,0.8550966022651566,0.165067178502879,0.2567164179104477,0.1925660546350201,0.3849597135183527,0.716138905159424,0.1449033977348434,0.1653443351317042,86.0,435.0,2567.0,63.0,0.2310126582278481,0.4899328859060403,0.1797040169133192,0.5704697986577181,0.1521394611727416,0.6442953020134228,0.3256808734440197,0.8163338534936442
3year.arff,5,LR_balanced,External ML baseline,run_external_baselines.py,0.624417062899693,0.5369127516778524,0.72618254497002,0.0886917960088691,0.1522359657469077,0.1064679265371306,0.2670226969292389,0.6315476483239362,0.27381745502998,0.2862583306886702,80.0,822.0,2180.0,69.0,0.1329113924050632,0.2818791946308724,0.1141649048625792,0.3624161073825503,0.1045958795562599,0.4429530201342282,0.1076701124235947,0.6828043049600043
3year.arff,5,RF_balanced,External ML baseline,run_external_baselines.py,0.6703167992322264,0.5503355704697986,0.8164556962025317,0.1295418641390205,0.2097186700767263,0.1529280119358448,0.3336045565500407,0.6833956333361652,0.1835443037974683,0.2008886067914947,82.0,551.0,2451.0,67.0,0.1487341772151898,0.3154362416107382,0.1395348837209302,0.4429530201342282,0.1299524564183835,0.5503355704697986,0.1457449646470162,0.7639984976458647
3year.arff,6,BalancedRF,External ML baseline,run_external_baselines.py,0.6879255429270367,0.5637583892617449,0.8394403730846103,0.1484098939929328,0.2349650349650349,0.1740571902196436,0.3614457831325301,0.7015993811731775,0.1605596269153897,0.1796255157092986,84.0,482.0,2520.0,65.0,0.1835443037974683,0.3892617449664429,0.1522198731501057,0.4832214765100671,0.144215530903328,0.610738255033557,0.1991492059689697,0.7905915072278435
3year.arff,6,EasyEnsemble,External ML baseline,run_external_baselines.py,0.6764356603673406,0.5100671140939598,0.8970686209193871,0.1974025974025974,0.2846441947565543,0.2249851983422143,0.3873598369011213,0.7035678675066734,0.1029313790806129,0.1221834338305299,76.0,309.0,2693.0,73.0,0.2120253164556962,0.4496644295302013,0.175475687103594,0.5570469798657718,0.1458003169572107,0.6174496644295302,0.1961010177169546,0.8137438575625198
3year.arff,6,ExtraTrees_balanced,External ML baseline,run_external_baselines.py,0.6441413034885358,0.4966442953020134,0.8354430379746836,0.130281690140845,0.206415620641562,0.1528294093349855,0.3178694158075601,0.6660436666383485,0.1645569620253164,0.1802602348460806,74.0,494.0,2508.0,75.0,0.170886075949367,0.3624161073825503,0.1437632135306553,0.4563758389261745,0.1220285261489698,0.5167785234899329,0.1319980135614923,0.7553566078989846
3year.arff,6,HistGB,External ML baseline,run_external_baselines.py,0.708501288247652,0.5436241610738255,0.9233844103930712,0.2604501607717042,0.3521739130434783,0.2907394113424264,0.4465270121278941,0.7335042857334484,0.0766155896069287,0.0986988257695969,81.0,230.0,2772.0,68.0,0.2626582278481013,0.5570469798657718,0.2029598308668076,0.6442953020134228,0.1632329635499207,0.6912751677852349,0.4257749323646109,0.859413634758036
3year.arff,6,LR_balanced,External ML baseline,run_external_baselines.py,0.6673083608577032,0.5973154362416108,0.7455029980013325,0.104337631887456,0.1776447105788423,0.124964897500702,0.3071083505866114,0.6714092171214716,0.2544970019986675,0.2707077118375119,89.0,764.0,2238.0,60.0,0.1392405063291139,0.2953020134228188,0.1289640591966173,0.4093959731543624,0.1188589540412044,0.5033557046979866,0.1151716360614084,0.6995448224673484
3year.arff,6,RF_balanced,External ML baseline,run_external_baselines.py,0.6847692097315242,0.5234899328859061,0.8957361758827448,0.1994884910485933,0.2888888888888888,0.2276707530647986,0.3951367781155015,0.7096130543843254,0.1042638241172551,0.1240875912408759,78.0,313.0,2689.0,71.0,0.2120253164556962,0.4496644295302013,0.1712473572938689,0.5436241610738255,0.1473851030110935,0.6241610738255033,0.2704222180641361,0.8086745301789859
3year.arff,7,BalancedRF,External ML baseline,run_external_baselines.py,0.6983420296310134,0.5973154362416108,0.8164556962025317,0.1390625,0.2256020278833967,0.1642672572905131,0.3600323624595469,0.7068855662220712,0.1835443037974683,0.2031101237702316,89.0,551.0,2451.0,60.0,0.1835443037974683,0.3892617449664429,0.1479915433403805,0.4697986577181208,0.1410459587955626,0.5973154362416108,0.1821640463029827,0.7870077666343243
3year.arff,7,EasyEnsemble,External ML baseline,run_external_baselines.py,0.7367339080201881,0.7181208053691275,0.7558294470353097,0.1273809523809523,0.2163801820020222,0.152465089769165,0.3725626740947075,0.7369751262022186,0.2441705529646902,0.266582037448429,107.0,733.0,2269.0,42.0,0.1962025316455696,0.4161073825503356,0.1775898520084566,0.5637583892617449,0.1584786053882725,0.6711409395973155,0.1993574265889131,0.8047856239017389
3year.arff,7,ExtraTrees_balanced,External ML baseline,run_external_baselines.py,0.6503723777597505,0.5369127516778524,0.7878081279147235,0.1115760111576011,0.184757505773672,0.1325820351342393,0.3046458492003046,0.6623604397962879,0.2121918720852764,0.2275468105363376,80.0,637.0,2365.0,69.0,0.1487341772151898,0.3154362416107382,0.1247357293868921,0.3959731543624161,0.1141045958795562,0.4832214765100671,0.1200822231553933,0.7412552705355268
3year.arff,7,HistGB,External ML baseline,run_external_baselines.py,0.6428384589723408,0.4228187919463087,0.977348434377082,0.4809160305343511,0.45,0.4680534918276374,0.4332874828060523,0.7000836131616953,0.022651565622918,0.0415741034592192,63.0,68.0,2934.0,86.0,0.2784810126582278,0.5906040268456376,0.2050739957716701,0.6510067114093959,0.1806656101426307,0.7651006711409396,0.472891542557585,0.8570438499613233
3year.arff,7,LR_balanced,External ML baseline,run_external_baselines.py,0.6117026048798532,0.4697986577181208,0.796469020652898,0.1027900146842878,0.1686746987951807,0.121823877479986,0.274079874706343,0.6331338391855095,0.2035309793471019,0.2161218660742621,70.0,611.0,2391.0,79.0,0.1297468354430379,0.2751677852348993,0.1099365750528541,0.348993288590604,0.1045958795562599,0.4429530201342282,0.130742616784696,0.7107185813484522
3year.arff,7,RF_balanced,External ML baseline,run_external_baselines.py,0.6059853752896562,0.3892617449664429,0.9433710859427048,0.2543859649122807,0.3076923076923077,0.2733270499528746,0.3519417475728155,0.666316415454574,0.0566289140572951,0.072357981593145,58.0,170.0,2832.0,91.0,0.2341772151898734,0.4966442953020134,0.1839323467230444,0.5838926174496645,0.1553090332805071,0.6577181208053692,0.2893683758584479,0.8024661411408055
3year.arff,8,BalancedRF,External ML baseline,run_external_baselines.py,0.6603741803704694,0.4966442953020134,0.8780812791472352,0.1681818181818181,0.2512733446519524,0.1938187532739654,0.3571428571428571,0.6873627872246243,0.1219187208527648,0.1396382100920342,74.0,366.0,2636.0,75.0,0.2088607594936709,0.4429530201342282,0.1670190274841437,0.5302013422818792,0.1426307448494453,0.6040268456375839,0.2324534325544516,0.801713846250151
3year.arff,8,EasyEnsemble,External ML baseline,run_external_baselines.py,0.6610779733513871,0.4832214765100671,0.9043970686209194,0.2005571030640668,0.2834645669291338,0.2271293375394321,0.3769633507853403,0.6938092725654933,0.0956029313790806,0.1139320850523643,72.0,287.0,2715.0,77.0,0.2151898734177215,0.4563758389261745,0.1797040169133192,0.5704697986577181,0.1458003169572107,0.6174496644295302,0.2968059108242897,0.8008888928633707
3year.arff,8,ExtraTrees_balanced,External ML baseline,run_external_baselines.py,0.6713599077623106,0.5906040268456376,0.7631578947368421,0.1101376720901126,0.1856540084388185,0.1315396113602391,0.3154121863799283,0.6768809607912398,0.2368421052631578,0.2535702951443986,88.0,711.0,2291.0,61.0,0.170886075949367,0.3624161073825503,0.1458773784355179,0.4630872483221476,0.1172741679873217,0.4966442953020134,0.1560232148966772,0.764330491082008
3year.arff,8,HistGB,External ML baseline,run_external_baselines.py,0.6624715049184763,0.4630872483221476,0.947701532311792,0.3053097345132743,0.368,0.3276353276353276,0.4197080291970803,0.7053943903169699,0.0522984676882078,0.071723262456363,69.0,157.0,2845.0,80.0,0.240506329113924,0.5100671140939598,0.1923890063424947,0.610738255033557,0.1664025356576862,0.7046979865771812,0.4206554868435246,0.841778858836838
3year.arff,8,LR_balanced,External ML baseline,run_external_baselines.py,0.6490131503948978,0.5570469798657718,0.7561625582944703,0.101840490797546,0.1721991701244813,0.1217365796421238,0.2941176470588235,0.6566047690801211,0.2438374417055296,0.2586480482386544,83.0,732.0,2270.0,66.0,0.1297468354430379,0.2751677852348993,0.1141649048625792,0.3624161073825503,0.109350237717908,0.4630872483221476,0.0977750702601066,0.692522658272561
3year.arff,8,RF_balanced,External ML baseline,run_external_baselines.py,0.7249891897999167,0.6442953020134228,0.8157894736842105,0.147919876733436,0.2406015037593984,0.174863387978142,0.3855421686746988,0.7300423878488167,0.1842105263157894,0.2059663598857505,96.0,553.0,2449.0,53.0,0.2278481012658227,0.4832214765100671,0.175475687103594,0.5570469798657718,0.1521394611727416,0.6442953020134228,0.3006894623730651,0.8194715827032539
3year.arff,9,BalancedRF,External ML baseline,run_external_baselines.py,0.6257403986525952,0.4697986577181208,0.8334443704197202,0.1228070175438596,0.1947148817802503,0.1440922190201729,0.3001715265866209,0.6516215140689205,0.1665556295802798,0.1808949539828626,70.0,500.0,2502.0,79.0,0.1455696202531645,0.3087248322147651,0.1310782241014799,0.4161073825503356,0.126782884310618,0.5369127516778524,0.1367035528545539,0.757577722234394
3year.arff,9,EasyEnsemble,External ML baseline,run_external_baselines.py,0.6820605843786762,0.5302013422818792,0.8774150566289141,0.1767337807606264,0.2651006711409396,0.2039235931853381,0.3787152444870565,0.7038081994553966,0.1225849433710859,0.1418597270707711,79.0,368.0,2634.0,70.0,0.2088607594936709,0.4429530201342282,0.1712473572938689,0.5436241610738255,0.1458003169572107,0.6174496644295302,0.1745480255703174,0.8058609696443981
3year.arff,9,ExtraTrees_balanced,External ML baseline,run_external_baselines.py,0.6554793374883657,0.5838926174496645,0.7358427714856762,0.0988636363636363,0.1690962099125364,0.1185609157808667,0.2947154471544715,0.6598676944676704,0.2641572285143237,0.2792764201840685,87.0,793.0,2209.0,62.0,0.1297468354430379,0.2751677852348993,0.1247357293868921,0.3959731543624161,0.1125198098256735,0.4765100671140939,0.1038951320852543,0.719249806616618
3year.arff,9,HistGB,External ML baseline,run_external_baselines.py,0.6357710303733104,0.4295302013422818,0.941039307128581,0.2655601659751037,0.3282051282051282,0.2875112309074573,0.3823178016726404,0.6852847542354314,0.058960692871419,0.0764836559822278,64.0,177.0,2825.0,85.0,0.2246835443037974,0.4765100671140939,0.1839323467230444,0.5838926174496645,0.161648177496038,0.6845637583892618,0.2912963603948392,0.8356788986313375
3year.arff,9,LR_balanced,External ML baseline,run_external_baselines.py,0.602941457930981,0.4697986577181208,0.77381745502998,0.0934579439252336,0.155902004454343,0.1112877583465818,0.2602230483271375,0.6218080563740505,0.22618254497002,0.2377023167248492,70.0,679.0,2323.0,79.0,0.1360759493670886,0.2885906040268456,0.1035940803382663,0.3288590604026846,0.0935023771790808,0.3959731543624161,0.1233070474108623,0.6765266108947503
3year.arff,9,RF_balanced,External ML baseline,run_external_baselines.py,0.6100007590196815,0.4026845637583892,0.9240506329113924,0.2083333333333333,0.2745995423340961,0.2305918524212144,0.3393665158371041,0.6633675983348908,0.0759493670886076,0.0913995556966042,60.0,228.0,2774.0,89.0,0.1962025316455696,0.4161073825503356,0.160676532769556,0.5100671140939598,0.1331220285261489,0.5637583892617449,0.1849806859863789,0.7893227781031884
3year.arff,10,BalancedRF,External ML baseline,run_external_baselines.py,0.6268166726123305,0.4630872483221476,0.8484343770819454,0.1316793893129771,0.2050520059435364,0.153674832962138,0.3080357142857143,0.6557608127020464,0.1515656229180546,0.1662964138368771,69.0,455.0,2547.0,80.0,0.170886075949367,0.3624161073825503,0.1416490486257928,0.4496644295302013,0.1204437400950871,0.5100671140939598,0.1504412053335306,0.7613649066170651
3year.arff,10,EasyEnsemble,External ML baseline,run_external_baselines.py,0.6471676198083857,0.4563758389261745,0.9177215189873418,0.2158730158730158,0.293103448275862,0.2413058907026259,0.3732162458836443,0.6870486789567581,0.0822784810126582,0.0999682640431609,68.0,247.0,2755.0,81.0,0.2151898734177215,0.4563758389261745,0.1712473572938689,0.5436241610738255,0.1426307448494453,0.6040268456375839,0.1772761395586009,0.8127903545287483
3year.arff,10,ExtraTrees_balanced,External ML baseline,run_external_baselines.py,0.6483083295449356,0.5436241610738255,0.7731512325116588,0.1062992125984252,0.1778265642151482,0.1266812636847044,0.2982326951399116,0.6583876967927422,0.2268487674883411,0.241827991113932,81.0,681.0,2321.0,68.0,0.1518987341772152,0.3221476510067114,0.1374207188160676,0.436241610738255,0.1172741679873217,0.4966442953020134,0.1330188411932106,0.7549575450818022
3year.arff,10,HistGB,External ML baseline,run_external_baselines.py,0.7132563838181313,0.5637583892617449,0.902398401065956,0.2228116710875331,0.3193916349809886,0.2534701267350633,0.4316546762589928,0.7330783951638504,0.0976015989340439,0.119644557283402,84.0,293.0,2709.0,65.0,0.25,0.5302013422818792,0.1966173361522198,0.6241610738255033,0.1679873217115689,0.7114093959731543,0.3102768206954885,0.8467710564321772
3year.arff,10,LR_balanced,External ML baseline,run_external_baselines.py,0.6464331199464733,0.5704697986577181,0.7325116588940707,0.0957207207207207,0.1639344262295081,0.1148338286949473,0.2863881401617251,0.6514907287758944,0.2674883411059294,0.2818152967311964,85.0,803.0,2199.0,64.0,0.1234177215189873,0.261744966442953,0.120507399577167,0.3825503355704698,0.1125198098256735,0.4765100671140939,0.1160980494543684,0.7094643839230222
3year.arff,10,RF_balanced,External ML baseline,run_external_baselines.py,0.6328173988662869,0.4630872483221476,0.8647568287808128,0.1452631578947368,0.2211538461538461,0.1683748169838946,0.3221288515406162,0.6639220385514802,0.1352431712191872,0.1507457949857188,69.0,406.0,2596.0,80.0,0.1867088607594936,0.3959731543624161,0.1458773784355179,0.4630872483221476,0.1251980982567353,0.5302013422818792,0.1809110891801644,0.7709267647071973
4year.arff,1,BalancedRF,External ML baseline,run_external_baselines.py,0.6452989200967982,0.4838709677419355,0.8605821056413941,0.161987041036717,0.2427184466019417,0.186846038863976,0.3462603878116344,0.6722265366916649,0.1394178943586058,0.1575901974132062,75.0,388.0,2395.0,80.0,0.1768707482993197,0.3354838709677419,0.1609977324263038,0.4580645161290322,0.1394557823129251,0.5290322580645161,0.2015783208803611,0.7734157847762336
4year.arff,1,EasyEnsemble,External ML baseline,run_external_baselines.py,0.5736800148194894,0.3483870967741935,0.9446640316205532,0.2596153846153846,0.2975206611570248,0.2735562310030395,0.3260869565217391,0.6465255641973735,0.0553359683794466,0.0707964601769911,54.0,154.0,2629.0,101.0,0.2040816326530612,0.3870967741935484,0.1859410430839002,0.5290322580645161,0.1632653061224489,0.6193548387096774,0.2308580403496301,0.7957391072525588
4year.arff,1,ExtraTrees_balanced,External ML baseline,run_external_baselines.py,0.5723388663725886,0.3677419354838709,0.8907653611210924,0.1578947368421052,0.2209302325581395,0.1782363977485928,0.290519877675841,0.6292536483024816,0.1092346388789076,0.1228727025187202,57.0,304.0,2479.0,98.0,0.1768707482993197,0.3354838709677419,0.1519274376417233,0.432258064516129,0.1292517006802721,0.4903225806451612,0.140852230625764,0.7372248559804342
4year.arff,1,HistGB,External ML baseline,run_external_baselines.py,0.683251076250118,0.4838709677419355,0.964786201940352,0.4335260115606936,0.4573170731707317,0.4427390791027155,0.4728877679697352,0.7243285848411438,0.0352137980596478,0.0588835942818243,75.0,98.0,2685.0,80.0,0.3095238095238095,0.5870967741935483,0.2335600907029478,0.6645161290322581,0.1887755102040816,0.7161290322580646,0.4062391266126806,0.8567361747012391
4year.arff,1,LR_balanced,External ML baseline,run_external_baselines.py,0.4906672493296793,0.2645161290322581,0.9101688825008984,0.140893470790378,0.1838565022421524,0.155420773313116,0.2250274423710208,0.5873425057665782,0.0898311174991016,0.0990469707283866,41.0,250.0,2533.0,114.0,0.1394557823129251,0.2645161290322581,0.1201814058956916,0.3419354838709677,0.1224489795918367,0.4645161290322581,0.1245534990818401,0.6959720886024597
4year.arff,1,RF_balanced,External ML baseline,run_external_baselines.py,0.5497092760314699,0.3225806451612903,0.9367588932806324,0.2212389380530973,0.2624671916010498,0.2360717658168083,0.2955082742316784,0.6296697692209614,0.0632411067193675,0.0769230769230769,50.0,176.0,2607.0,105.0,0.1972789115646258,0.3741935483870968,0.1836734693877551,0.5225806451612903,0.1615646258503401,0.6129032258064516,0.2154969371390184,0.7988014790258827
4year.arff,2,BalancedRF,External ML baseline,run_external_baselines.py,0.6848320485229091,0.5935483870967742,0.7901545095220984,0.136094674556213,0.2214199759326113,0.1608954179783141,0.3549382716049383,0.6918514483094362,0.2098454904779015,0.2300884955752212,92.0,584.0,2199.0,63.0,0.2006802721088435,0.3806451612903225,0.1746031746031746,0.4967741935483871,0.1530612244897959,0.5806451612903226,0.1939676986023822,0.785919117220915
4year.arff,2,EasyEnsemble,External ML baseline,run_external_baselines.py,0.7055108282149686,0.5483870967741935,0.9076536112109236,0.2485380116959064,0.3420523138832998,0.2790544977019041,0.4417879417879418,0.7280203539925585,0.0923463887890765,0.1164057181756296,85.0,257.0,2526.0,70.0,0.272108843537415,0.5161290322580645,0.2131519274376417,0.6064516129032258,0.1785714285714285,0.6774193548387096,0.3148589158599502,0.8383828080627774
4year.arff,2,ExtraTrees_balanced,External ML baseline,run_external_baselines.py,0.6175466057151601,0.4580645161290322,0.8325547969816744,0.1322160148975791,0.2052023121387283,0.1541467650890143,0.3068280034572169,0.6453096565553533,0.1674452030183255,0.1827773995915589,71.0,466.0,2317.0,84.0,0.1768707482993197,0.3354838709677419,0.1451247165532879,0.4129032258064516,0.1309523809523809,0.4967741935483871,0.1623648403668132,0.7599364807065943
4year.arff,2,HistGB,External ML baseline,run_external_baselines.py,0.6763917685289699,0.4645161290322581,0.9849083722601508,0.631578947368421,0.5353159851301115,0.5891980360065466,0.4904632152588556,0.7247122506462045,0.015091627739849,0.0388019060585432,72.0,42.0,2741.0,83.0,0.3299319727891156,0.6258064516129033,0.2494331065759637,0.7096774193548387,0.2006802721088435,0.7612903225806451,0.5513300033189015,0.8662872509359822
4year.arff,2,LR_balanced,External ML baseline,run_external_baselines.py,0.6017084158842989,0.4064516129032258,0.8907653611210924,0.1716621253405994,0.2413793103448276,0.1940850277264325,0.3191489361702128,0.6486084870121591,0.1092346388789076,0.1249149081007488,63.0,304.0,2479.0,92.0,0.1632653061224489,0.3096774193548387,0.1541950113378684,0.4387096774193548,0.1394557823129251,0.5290322580645161,0.1749809017653551,0.7333116965910539
4year.arff,2,RF_balanced,External ML baseline,run_external_baselines.py,0.7088577705315611,0.5935483870967742,0.8465684513115344,0.1772639691714836,0.2729970326409495,0.2061855670103092,0.4038630377524144,0.7200584192041543,0.1534315486884656,0.1766507828454731,92.0,427.0,2356.0,63.0,0.2142857142857142,0.4064516129032258,0.1927437641723356,0.5483870967741935,0.1632653061224489,0.6193548387096774,0.2368658599926786,0.8140692916671496
4year.arff,3,BalancedRF,External ML baseline,run_external_baselines.py,0.6329465092720994,0.4580645161290322,0.874595759971254,0.169047619047619,0.2469565217391304,0.1934604904632152,0.3413461538461538,0.6663301380501432,0.1254042400287459,0.1429543907420013,71.0,349.0,2434.0,84.0,0.1870748299319728,0.3548387096774194,0.1655328798185941,0.4709677419354838,0.1496598639455782,0.567741935483871,0.1647616301524978,0.7841456770948037
4year.arff,3,EasyEnsemble,External ML baseline,run_external_baselines.py,0.6857792204644622,0.5290322580645161,0.8889687387711103,0.2097186700767263,0.3003663003663003,0.2385107620709715,0.4055390702274975,0.7090004984178132,0.1110312612288896,0.1330837304288631,82.0,309.0,2474.0,73.0,0.2346938775510204,0.4451612903225806,0.2040816326530612,0.5806451612903226,0.1751700680272108,0.6645161290322581,0.2344346383455569,0.8320563791684537
4year.arff,3,ExtraTrees_balanced,External ML baseline,run_external_baselines.py,0.6073627051157096,0.4258064516129032,0.8663312971613367,0.1506849315068493,0.2225969645868465,0.1730466701625589,0.3119092627599243,0.6460688743871199,0.1336687028386633,0.1490810074880871,66.0,372.0,2411.0,89.0,0.1462585034013605,0.2774193548387096,0.1541950113378684,0.4387096774193548,0.141156462585034,0.535483870967742,0.1328550183034134,0.7682496261866402
4year.arff,3,HistGB,External ML baseline,run_external_baselines.py,0.6684069257846021,0.4709677419354838,0.9486166007905138,0.3379629629629629,0.3935309973045822,0.3581943081452404,0.4366028708133971,0.7097921713629989,0.0513833992094861,0.0735194009530292,73.0,143.0,2640.0,82.0,0.2993197278911564,0.567741935483871,0.2448979591836734,0.6967741935483871,0.1972789115646258,0.7483870967741936,0.3526526007931709,0.8657911513451485
4year.arff,3,LR_balanced,External ML baseline,run_external_baselines.py,0.663184100590177,0.5806451612903226,0.7574559827524254,0.1176470588235294,0.1956521739130435,0.1399688958009331,0.3249097472924188,0.669050572021374,0.2425440172475745,0.2603812117086453,90.0,675.0,2108.0,65.0,0.1700680272108843,0.3225806451612903,0.1383219954648526,0.3935483870967742,0.1275510204081632,0.4838709677419355,0.1821329990597733,0.7071296929514449
4year.arff,3,RF_balanced,External ML baseline,run_external_baselines.py,0.6761912396019782,0.5225806451612903,0.8749550844412505,0.1888111888111888,0.2773972602739726,0.2164617851416355,0.3860819828408007,0.6987678648012704,0.1250449155587495,0.1460176991150442,81.0,348.0,2435.0,74.0,0.1972789115646258,0.3741935483870968,0.1904761904761904,0.5419354838709678,0.1615646258503401,0.6129032258064516,0.1879472856654406,0.8010188587391188
4year.arff,4,BalancedRF,External ML baseline,run_external_baselines.py,0.6735479554276397,0.5225806451612903,0.8681279195113187,0.1808035714285714,0.2686567164179104,0.2080123266563944,0.3792134831460674,0.6953542823363046,0.1318720804886813,0.1524846834581348,81.0,367.0,2416.0,74.0,0.1938775510204081,0.3677419354838709,0.1836734693877551,0.5225806451612903,0.1615646258503401,0.6129032258064516,0.1729513536502027,0.8006085333766068
4year.arff,4,EasyEnsemble,External ML baseline,run_external_baselines.py,0.7310957151260173,0.6129032258064516,0.8720804886812792,0.2106430155210643,0.3135313531353135,0.2424706482899438,0.4435107376283846,0.7424918572438655,0.1279195113187208,0.153505786249149,95.0,356.0,2427.0,60.0,0.2414965986394557,0.4580645161290322,0.2131519274376417,0.6064516129032258,0.1785714285714285,0.6774193548387096,0.2315208409823627,0.834810427364297
4year.arff,4,ExtraTrees_balanced,External ML baseline,run_external_baselines.py,0.6331845327470147,0.4645161290322581,0.863097376931369,0.1589403973509933,0.2368421052631578,0.183019827147941,0.3355079217148182,0.6638067529818136,0.1369026230686309,0.1541865214431586,72.0,381.0,2402.0,83.0,0.1700680272108843,0.3225806451612903,0.1609977324263038,0.4580645161290322,0.1479591836734693,0.5612903225806452,0.1471469933232545,0.7771933281559701
4year.arff,4,HistGB,External ML baseline,run_external_baselines.py,0.6921320300018164,0.4903225806451612,0.97700323392023,0.5428571428571428,0.5152542372881356,0.5314685314685315,0.5,0.7336629072826956,0.02299676607977,0.0476514635806671,76.0,64.0,2719.0,79.0,0.3435374149659864,0.6516129032258065,0.2471655328798186,0.7032258064516129,0.2023809523809523,0.7677419354838709,0.4891016718927138,0.8848620078124094
4year.arff,4,LR_balanced,External ML baseline,run_external_baselines.py,0.5975678918691003,0.4064516129032258,0.8785483291412145,0.1571072319201995,0.2266187050359712,0.1790790221716884,0.3085210577864838,0.6424999710222201,0.1214516708587854,0.1364874063989108,63.0,338.0,2445.0,92.0,0.1564625850340136,0.2967741935483871,0.1451247165532879,0.4129032258064516,0.1360544217687075,0.5161290322580645,0.1411656910174046,0.7198080511863504
4year.arff,4,RF_balanced,External ML baseline,run_external_baselines.py,0.7224338577969792,0.5870967741935483,0.8889687387711103,0.2275,0.3279279279279279,0.2592592592592592,0.446078431372549,0.7380327564823292,0.1110312612288896,0.136147038801906,91.0,309.0,2474.0,64.0,0.2517006802721088,0.4774193548387097,0.2108843537414966,0.6,0.1870748299319728,0.7096774193548387,0.2137742613021584,0.8336061108342124
4year.arff,5,BalancedRF,External ML baseline,run_external_baselines.py,0.6132767728186186,0.4193548387096774,0.8968738771110313,0.1846590909090909,0.2564102564102564,0.2079334612923864,0.3343621399176955,0.6581143579103543,0.1031261228889687,0.1198093941456773,65.0,287.0,2496.0,90.0,0.2040816326530612,0.3870967741935484,0.1723356009070294,0.4903225806451612,0.1547619047619047,0.5870967741935483,0.2009674422050374,0.7770971219269065
4year.arff,5,EasyEnsemble,External ML baseline,run_external_baselines.py,0.7345122905926773,0.6903225806451613,0.7815307222421847,0.1496503496503496,0.2459770114942528,0.1774461028192371,0.4007490636704119,0.735926651443673,0.2184692777578153,0.243362831858407,107.0,608.0,2175.0,48.0,0.2108843537414966,0.4,0.1836734693877551,0.5225806451612903,0.1683673469387755,0.6387096774193548,0.2023115517643887,0.8099359011509975
4year.arff,5,ExtraTrees_balanced,External ML baseline,run_external_baselines.py,0.6853852882902122,0.6129032258064516,0.7664390945023356,0.1275167785234899,0.2111111111111111,0.1515151515151515,0.3479853479853479,0.6896711601543937,0.2335609054976644,0.25357385976855,95.0,650.0,2133.0,60.0,0.1598639455782313,0.3032258064516129,0.1541950113378684,0.4387096774193548,0.1326530612244898,0.5032258064516129,0.1376776402836269,0.7367426657239229
4year.arff,5,HistGB,External ML baseline,run_external_baselines.py,0.744018606867146,0.6387096774193548,0.8666906216313331,0.2106382978723404,0.3168,0.2432432432432432,0.4541284403669725,0.752700149525344,0.1333093783686669,0.1599727705922396,99.0,371.0,2412.0,56.0,0.272108843537415,0.5161290322580645,0.2199546485260771,0.6258064516129033,0.1785714285714285,0.6774193548387096,0.434900598971134,0.8503796089158833
4year.arff,5,LR_balanced,External ML baseline,run_external_baselines.py,0.6681224662929264,0.5870967741935483,0.7603305785123967,0.1200527704485488,0.1993428258488499,0.142767492940069,0.330188679245283,0.6737136763529725,0.2396694214876033,0.2579986385296119,91.0,667.0,2116.0,64.0,0.1802721088435374,0.3419354838709677,0.1609977324263038,0.4580645161290322,0.141156462585034,0.535483870967742,0.147482802178706,0.7315568022440393
4year.arff,5,RF_balanced,External ML baseline,run_external_baselines.py,0.7108107573875871,0.5935483870967742,0.8512396694214877,0.1818181818181818,0.2783661119515885,0.2111060119320789,0.408525754884547,0.7223940282591309,0.1487603305785124,0.1722260040844111,92.0,414.0,2369.0,63.0,0.2312925170068027,0.4387096774193548,0.1904761904761904,0.5419354838709678,0.1632653061224489,0.6193548387096774,0.2373689045868365,0.8007881956116051
4year.arff,6,BalancedRF,External ML baseline,run_external_baselines.py,0.4969229439523847,0.2645161290322581,0.9335249730506648,0.1814159292035398,0.2152230971128609,0.1935788479697828,0.2423167848699763,0.5990205510414615,0.0664750269493352,0.0769230769230769,41.0,185.0,2598.0,114.0,0.1666666666666666,0.3161290322580645,0.1587301587301587,0.4516129032258064,0.1496598639455782,0.567741935483871,0.1491262563547185,0.7809940537595771
4year.arff,6,EasyEnsemble,External ML baseline,run_external_baselines.py,0.7179741531955347,0.6,0.8591448077614086,0.1917525773195876,0.290625,0.2219570405727923,0.420814479638009,0.7295724038807043,0.1408551922385914,0.1650782845473111,93.0,392.0,2391.0,62.0,0.2244897959183673,0.4258064516129032,0.1972789115646258,0.5612903225806452,0.173469387755102,0.6580645161290323,0.207784295184775,0.8334473126006977
4year.arff,6,ExtraTrees_balanced,External ML baseline,run_external_baselines.py,0.5645515801628986,0.3483870967741935,0.9148401006108516,0.1855670103092783,0.242152466367713,0.2047005307050796,0.2963776070252469,0.6316135986925226,0.0851598993891484,0.0990469707283866,54.0,237.0,2546.0,101.0,0.1870748299319728,0.3548387096774194,0.1564625850340136,0.4451612903225806,0.1377551020408163,0.5225806451612903,0.1442849654515468,0.7645265610329998
4year.arff,6,HistGB,External ML baseline,run_external_baselines.py,0.6256266201445597,0.4064516129032258,0.96298957959037,0.3795180722891566,0.3925233644859813,0.3846153846153846,0.4007633587786259,0.6847205962467979,0.0370104204096298,0.056501021102791,63.0,103.0,2680.0,92.0,0.3163265306122449,0.6,0.2312925170068027,0.6580645161290323,0.1972789115646258,0.7483870967741936,0.3757148410907557,0.8571233178398805
4year.arff,6,LR_balanced,External ML baseline,run_external_baselines.py,0.5436623197418677,0.3161290322580645,0.9349622709306504,0.2130434782608695,0.2545454545454545,0.227906976744186,0.288235294117647,0.6255456515943575,0.0650377290693496,0.0782845473110959,49.0,181.0,2602.0,106.0,0.1972789115646258,0.3741935483870968,0.1859410430839002,0.5290322580645161,0.1649659863945578,0.6258064516129033,0.2105143358956748,0.7571731596212026
4year.arff,6,RF_balanced,External ML baseline,run_external_baselines.py,0.7302089141891165,0.632258064516129,0.8433345310815666,0.1835205992509363,0.2844702467343977,0.2138804015713662,0.4246100519930676,0.7377962977988478,0.1566654689184333,0.1817562968005446,98.0,436.0,2347.0,57.0,0.2142857142857142,0.4064516129032258,0.1814058956916099,0.5161290322580645,0.1751700680272108,0.6645161290322581,0.1892929677000124,0.8040916625131849
4year.arff,7,BalancedRF,External ML baseline,run_external_baselines.py,0.657539160870874,0.4903225806451612,0.8817822493711822,0.1876543209876543,0.2714285714285714,0.2140845070422535,0.3707317073170731,0.6860524150081717,0.1182177506288178,0.1378488767869299,76.0,329.0,2454.0,79.0,0.2210884353741496,0.4193548387096774,0.1814058956916099,0.5161290322580645,0.151360544217687,0.5741935483870968,0.247293209538475,0.7949404796402119
4year.arff,7,EasyEnsemble,External ML baseline,run_external_baselines.py,0.7149990725078017,0.5935483870967742,0.861300754581387,0.1924686192468619,0.2906793048973143,0.2225447508466376,0.418943533697632,0.7274245708390805,0.138699245418613,0.1626957113682777,92.0,386.0,2397.0,63.0,0.2448979591836734,0.4645161290322581,0.2040816326530612,0.5806451612903226,0.1700680272108843,0.6451612903225806,0.3099422211511674,0.8357620576541908
4year.arff,7,ExtraTrees_balanced,External ML baseline,run_external_baselines.py,0.5964748328210993,0.4129032258064516,0.8616600790513834,0.1425389755011135,0.2119205298013245,0.1640184520758585,0.2993451824134705,0.6372816524289175,0.1383399209486166,0.1528250510551395,64.0,385.0,2398.0,91.0,0.173469387755102,0.3290322580645161,0.1451247165532879,0.4129032258064516,0.1241496598639455,0.4709677419354838,0.149946094232884,0.733456585490246
4year.arff,7,HistGB,External ML baseline,run_external_baselines.py,0.74058954286603,0.6,0.9141214516708588,0.2801204819277108,0.3819301848049281,0.3135536075522589,0.4884453781512605,0.7570607258354294,0.0858785483291412,0.113002042205582,93.0,239.0,2544.0,62.0,0.2959183673469387,0.5612903225806452,0.2335600907029478,0.6645161290322581,0.1921768707482993,0.7290322580645161,0.4817931714491467,0.8753202044672147
4year.arff,7,LR_balanced,External ML baseline,run_external_baselines.py,0.6432101057094031,0.567741935483871,0.7287100251527129,0.1043890865954922,0.1763527054108216,0.1247519138077686,0.3007518796992481,0.6482259803182919,0.2712899748472871,0.286929884275017,88.0,755.0,2028.0,67.0,0.1802721088435374,0.3419354838709677,0.1405895691609977,0.4,0.1275510204081632,0.4838709677419355,0.2042867667955752,0.7143300916856954
4year.arff,7,RF_balanced,External ML baseline,run_external_baselines.py,0.6551922088413082,0.4838709677419355,0.8871721164211283,0.1928020565552699,0.2757352941176471,0.2191700759789596,0.3716551040634291,0.6855215420815319,0.1128278835788717,0.1324029952348536,75.0,314.0,2469.0,80.0,0.2176870748299319,0.4129032258064516,0.1768707482993197,0.5032258064516129,0.151360544217687,0.5741935483870968,0.2745220163897907,0.8003442560244803
4year.arff,8,BalancedRF,External ML baseline,run_external_baselines.py,0.6092491245202369,0.4258064516129032,0.8717211642112828,0.1560283687943262,0.2283737024221453,0.1786681104493773,0.3163950143815915,0.648763807912093,0.1282788357887172,0.1439754935330156,66.0,357.0,2426.0,89.0,0.1632653061224489,0.3096774193548387,0.1541950113378684,0.4387096774193548,0.1496598639455782,0.567741935483871,0.1526383194670923,0.7812131257751557
4year.arff,8,EasyEnsemble,External ML baseline,run_external_baselines.py,0.7406897037459667,0.7225806451612903,0.7592526051024074,0.1432225063938619,0.2390608324439701,0.1705756929637526,0.3994293865905848,0.7409166251318489,0.2407473948975925,0.2661674608577263,112.0,670.0,2113.0,43.0,0.2244897959183673,0.4258064516129032,0.1814058956916099,0.5161290322580645,0.1598639455782313,0.6064516129032258,0.1985255615502737,0.8249985511110081
4year.arff,8,ExtraTrees_balanced,External ML baseline,run_external_baselines.py,0.6451947298139095,0.5096774193548387,0.8167445203018325,0.1341256366723259,0.2123655913978494,0.1573078454798885,0.3267162944582299,0.6632109698283356,0.1832554796981674,0.2004765146358066,79.0,510.0,2273.0,76.0,0.1836734693877551,0.3483870967741935,0.1519274376417233,0.432258064516129,0.1343537414965986,0.5096774193548387,0.1318141441834235,0.7601532344997857
4year.arff,8,HistGB,External ML baseline,run_external_baselines.py,0.7022139613462905,0.5290322580645161,0.9320876751706793,0.3025830258302583,0.3849765258215962,0.3309120258272801,0.4601571268237935,0.7305599666175977,0.0679123248293208,0.0922396187882913,82.0,189.0,2594.0,73.0,0.3027210884353741,0.5741935483870968,0.2426303854875283,0.6903225806451613,0.195578231292517,0.7419354838709677,0.3416239099261299,0.8575394387583601
4year.arff,8,LR_balanced,External ML baseline,run_external_baselines.py,0.5954245427423517,0.4387096774193548,0.8081207330219188,0.1129568106312292,0.1796565389696169,0.1326570425282871,0.2782324058919803,0.6234152052206368,0.1918792669780812,0.2049012933968686,68.0,534.0,2249.0,87.0,0.1564625850340136,0.2967741935483871,0.1247165532879818,0.3548387096774194,0.1139455782312925,0.432258064516129,0.1314645360965599,0.6852294460607607
4year.arff,8,RF_balanced,External ML baseline,run_external_baselines.py,0.6906600811532289,0.6064516129032258,0.7865612648221344,0.1366279069767441,0.2230130486358244,0.1616787065703474,0.3593272171253822,0.69650643886268,0.2134387351778656,0.2341729067392784,94.0,594.0,2189.0,61.0,0.1768707482993197,0.3354838709677419,0.1564625850340136,0.4451612903225806,0.1479591836734693,0.5612903225806452,0.157982194864834,0.7856606354247564
4year.arff,9,BalancedRF,External ML baseline,run_external_baselines.py,0.7275770751684263,0.6645161290322581,0.7966223499820337,0.1539611360239162,0.25,0.1819145178382197,0.3995345228859581,0.7305692395071459,0.2033776500179662,0.2277059223961879,103.0,566.0,2217.0,52.0,0.1768707482993197,0.3354838709677419,0.1791383219954648,0.5096774193548387,0.1666666666666666,0.632258064516129,0.2014057778282352,0.7891553556732697
4year.arff,9,EasyEnsemble,External ML baseline,run_external_baselines.py,0.6750331787424861,0.5161290322580645,0.8828602227811714,0.1970443349753694,0.285204991087344,0.2248454187745924,0.3898635477582846,0.6994946275196179,0.1171397772188286,0.1381892443839346,80.0,326.0,2457.0,75.0,0.2244897959183673,0.4258064516129032,0.1904761904761904,0.5419354838709678,0.173469387755102,0.6580645161290323,0.2534728688894627,0.8073510831894103
4year.arff,9,ExtraTrees_balanced,External ML baseline,run_external_baselines.py,0.598666699830842,0.4064516129032258,0.8817822493711822,0.1607142857142857,0.2303473491773309,0.1828206616366802,0.3112648221343873,0.644116931137204,0.1182177506288178,0.1334240980258679,63.0,329.0,2454.0,92.0,0.1598639455782313,0.3032258064516129,0.1564625850340136,0.4451612903225806,0.141156462585034,0.535483870967742,0.1599753303462281,0.7639238232123609
4year.arff,9,HistGB,External ML baseline,run_external_baselines.py,0.6293506210101374,0.4064516129032258,0.9744879626302552,0.4701492537313433,0.4359861591695502,0.4558610709117221,0.4177718832891247,0.6904697877667405,0.0255120373697448,0.0456092579986385,63.0,71.0,2712.0,92.0,0.2891156462585034,0.5483870967741935,0.2244897959183673,0.6387096774193548,0.1938775510204081,0.7354838709677419,0.4536790611156946,0.86139348347687
4year.arff,9,LR_balanced,External ML baseline,run_external_baselines.py,0.4959937093514892,0.2580645161290322,0.9532878189004672,0.2352941176470588,0.2461538461538461,0.2395209580838323,0.2531645569620253,0.6056761675147497,0.0467121810995328,0.05786249149081,40.0,130.0,2653.0,115.0,0.1768707482993197,0.3354838709677419,0.1541950113378684,0.4387096774193548,0.1343537414965986,0.5096774193548387,0.1619718924647221,0.7092995491057457
4year.arff,9,RF_balanced,External ML baseline,run_external_baselines.py,0.6931127074821672,0.5483870967741935,0.8760330578512396,0.1976744186046511,0.2905982905982906,0.2266666666666666,0.4047619047619047,0.7122100773127166,0.1239669421487603,0.146358066712049,85.0,345.0,2438.0,70.0,0.2108843537414966,0.4,0.1950113378684807,0.5548387096774193,0.1717687074829932,0.6516129032258065,0.224594871346393,0.8133367333928344
4year.arff,10,BalancedRF,External ML baseline,run_external_baselines.py,0.7076270455599446,0.6193548387096774,0.8084800574919152,0.1526232114467408,0.2448979591836734,0.1797079745413702,0.3843074459567654,0.7139174481007964,0.1915199425080848,0.2140912185159972,96.0,533.0,2250.0,59.0,0.1972789115646258,0.3741935483870968,0.1746031746031746,0.4967741935483871,0.1547619047619047,0.5870967741935483,0.1829990302045853,0.7960856814994263
4year.arff,10,EasyEnsemble,External ML baseline,run_external_baselines.py,0.7445667879007086,0.7096774193548387,0.7811713977721882,0.1529902642559109,0.2517162471395881,0.1814582645991422,0.4107542942494399,0.7454244085635136,0.2188286022278117,0.2447243022464261,110.0,609.0,2174.0,45.0,0.2074829931972789,0.3935483870967742,0.1950113378684807,0.5548387096774193,0.1649659863945578,0.6258064516129033,0.2158755754297077,0.8254471271429068
4year.arff,10,ExtraTrees_balanced,External ML baseline,run_external_baselines.py,0.7156083602813459,0.6451612903225806,0.7937477542220626,0.1483679525222551,0.241254523522316,0.175377060680463,0.3863987635239567,0.7194545222723217,0.2062522457779374,0.2294077603812117,100.0,574.0,2209.0,55.0,0.2006802721088435,0.3806451612903225,0.1768707482993197,0.5032258064516129,0.1530612244897959,0.5806451612903226,0.1773257692520522,0.8
4year.arff,10,HistGB,External ML baseline,run_external_baselines.py,0.7142545831924006,0.5483870967741935,0.9302910528206972,0.3046594982078853,0.391705069124424,0.3343823760818253,0.4727474972191324,0.7393390747974453,0.0697089471793029,0.0949625595643294,85.0,194.0,2589.0,70.0,0.2959183673469387,0.5612903225806452,0.2358276643990929,0.6709677419354839,0.20578231292517,0.7806451612903226,0.3589664561046217,0.8770600303687133
4year.arff,10,LR_balanced,External ML baseline,run_external_baselines.py,0.6967322067001138,0.6451612903225806,0.7524254401724757,0.1267427122940431,0.211864406779661,0.1510117789187556,0.35486160397445,0.6987933652475282,0.2475745598275242,0.2685500340367597,100.0,689.0,2094.0,55.0,0.1836734693877551,0.3483870967741935,0.1700680272108843,0.4838709677419355,0.1462585034013605,0.5548387096774193,0.2020459871195905,0.7443093435953311
4year.arff,10,RF_balanced,External ML baseline,run_external_baselines.py,0.7350943674743616,0.6838709677419355,0.7901545095220984,0.1536231884057971,0.250887573964497,0.1818181818181818,0.4045801526717557,0.7370127386320169,0.2098454904779015,0.2348536419332879,106.0,584.0,2199.0,49.0,0.2176870748299319,0.4129032258064516,0.1836734693877551,0.5225806451612903,0.1581632653061224,0.6,0.1836894843503023,0.8098686727017722
5year.arff,1,BalancedRF,External ML baseline,run_external_baselines.py,0.6878167594318338,0.4959349593495935,0.953939393939394,0.4452554744525547,0.4692307692307692,0.4545454545454545,0.4848966613672496,0.7249371766444938,0.046060606060606,0.0772701635645798,61.0,76.0,1574.0,62.0,0.3932584269662921,0.5691056910569106,0.3082706766917293,0.6666666666666666,0.2619718309859155,0.7560975609756098,0.4006304524907655,0.8712269031781228
5year.arff,1,EasyEnsemble,External ML baseline,run_external_baselines.py,0.6611560869217743,0.4471544715447154,0.9775757575757577,0.5978260869565217,0.5116279069767442,0.560081466395112,0.4708904109589041,0.7123651145602365,0.0224242424242424,0.0518894529046813,55.0,37.0,1613.0,68.0,0.4213483146067415,0.6097560975609756,0.3421052631578947,0.7398373983739838,0.2788732394366197,0.8048780487804879,0.5014409162959916,0.9029366839122936
5year.arff,1,ExtraTrees_balanced,External ML baseline,run_external_baselines.py,0.6916351652235707,0.5121951219512195,0.933939393939394,0.3662790697674418,0.4271186440677966,0.3884093711467324,0.4743975903614458,0.7230672579453068,0.066060606060606,0.0970107163000564,63.0,109.0,1541.0,60.0,0.3595505617977528,0.5203252032520326,0.2894736842105263,0.6260162601626016,0.2507042253521127,0.7235772357723578,0.4040252071497169,0.8545750184774574
5year.arff,1,HistGB,External ML baseline,run_external_baselines.py,0.8365628478327158,0.7154471544715447,0.9781818181818182,0.7096774193548387,0.7125506072874493,0.7108239095315024,0.7142857142857143,0.8468144863266814,0.0218181818181818,0.0699379582628313,88.0,36.0,1614.0,35.0,0.5786516853932584,0.8373983739837398,0.4135338345864661,0.8943089430894309,0.3211267605633803,0.926829268292683,0.7578655003099501,0.958339492485834
5year.arff,1,LR_balanced,External ML baseline,run_external_baselines.py,0.7236782941793757,0.5772357723577236,0.9072727272727272,0.3169642857142857,0.4092219020172911,0.3483807654563297,0.4958100558659218,0.7422542498152254,0.0927272727272727,0.1263395375070502,71.0,153.0,1497.0,52.0,0.3370786516853932,0.4878048780487805,0.2819548872180451,0.6097560975609756,0.2253521126760563,0.6504065040650406,0.3044044828793489,0.8114215323971422
5year.arff,1,RF_balanced,External ML baseline,run_external_baselines.py,0.7034073968913593,0.5203252032520326,0.9509090909090908,0.4413793103448276,0.4776119402985074,0.4551920341394025,0.5023547880690737,0.7356171470805617,0.049090909090909,0.0817822899041173,64.0,81.0,1569.0,59.0,0.4101123595505618,0.5934959349593496,0.3233082706766917,0.6991869918699187,0.2647887323943662,0.7642276422764228,0.4450987905855447,0.8899679724069967
5year.arff,2,BalancedRF,External ML baseline,run_external_baselines.py,0.7187901471804312,0.5528455284552846,0.9345454545454546,0.3863636363636363,0.4548494983277591,0.4111245465538089,0.5089820359281437,0.7436954915003695,0.0654545454545454,0.0992667794698251,68.0,108.0,1542.0,55.0,0.3876404494382022,0.5609756097560976,0.3082706766917293,0.6666666666666666,0.2591549295774648,0.7479674796747967,0.3881758250684671,0.8553830992855382
5year.arff,2,EasyEnsemble,External ML baseline,run_external_baselines.py,0.6410757158223184,0.4227642276422764,0.9721212121212122,0.5306122448979592,0.4705882352941176,0.5048543689320388,0.4406779661016949,0.6974427198817443,0.0278787878787878,0.0552735476593344,52.0,46.0,1604.0,71.0,0.4213483146067415,0.6097560975609756,0.3270676691729323,0.7073170731707317,0.2591549295774648,0.7479674796747967,0.4939907161522409,0.8840453313624045
5year.arff,2,ExtraTrees_balanced,External ML baseline,run_external_baselines.py,0.7270543525314052,0.5772357723577236,0.9157575757575758,0.3380952380952381,0.4264264264264264,0.3686396677050882,0.5056980056980057,0.7464966740576497,0.0842424242424242,0.1184433164128595,71.0,139.0,1511.0,52.0,0.3820224719101123,0.5528455284552846,0.2969924812030075,0.6422764227642277,0.2563380281690141,0.7398373983739838,0.3783995153079691,0.8431929046563195
5year.arff,2,HistGB,External ML baseline,run_external_baselines.py,0.6883753022787686,0.4796747967479675,0.987878787878788,0.7468354430379747,0.5841584158415841,0.6719817767653758,0.5166374781085814,0.7337767923133777,0.0121212121212121,0.0445572476029328,59.0,20.0,1630.0,64.0,0.4662921348314606,0.6747967479674797,0.3609022556390977,0.7804878048780488,0.2816901408450704,0.8130081300813008,0.6318101102551162,0.9192362650899236
5year.arff,2,LR_balanced,External ML baseline,run_external_baselines.py,0.7044573532880652,0.5365853658536586,0.9248484848484848,0.3473684210526316,0.4217252396166134,0.3737259343148358,0.4838709677419355,0.7307169253510717,0.0751515151515151,0.1071630005640157,66.0,124.0,1526.0,57.0,0.3595505617977528,0.5203252032520326,0.2857142857142857,0.6178861788617886,0.2309859154929577,0.6666666666666666,0.363321564143284,0.8018428184281843
5year.arff,2,RF_balanced,External ML baseline,run_external_baselines.py,0.7171774078590557,0.5447154471544715,0.9442424242424242,0.4213836477987421,0.475177304964539,0.4413702239789196,0.5145929339477726,0.7444789356984478,0.0557575757575757,0.0896785109983079,67.0,92.0,1558.0,56.0,0.4044943820224719,0.5853658536585366,0.3308270676691729,0.7154471544715447,0.2647887323943662,0.7642276422764228,0.4189931849555052,0.869179600886918
5year.arff,3,BalancedRF,External ML baseline,run_external_baselines.py,0.7738011175359447,0.6504065040650406,0.9206060606060606,0.3791469194312796,0.4790419161676646,0.4136504653567735,0.5689900426742532,0.7855062823355506,0.0793939393939393,0.1190073322053017,80.0,131.0,1519.0,43.0,0.398876404494382,0.5772357723577236,0.3345864661654135,0.7235772357723578,0.2591549295774648,0.7479674796747967,0.3921618734233045,0.8839122936683913
5year.arff,3,EasyEnsemble,External ML baseline,run_external_baselines.py,0.7767564476464519,0.6422764227642277,0.9393939393939394,0.441340782122905,0.5231788079470199,0.4707985697258641,0.5886736214605067,0.7908351810790836,0.0606060606060606,0.1009588268471517,79.0,100.0,1550.0,44.0,0.4438202247191011,0.6422764227642277,0.3496240601503759,0.7560975609756098,0.2845070422535211,0.8211382113821138,0.4803495830133464,0.9170337521557032
5year.arff,3,ExtraTrees_balanced,External ML baseline,run_external_baselines.py,0.7753596309327164,0.6747967479674797,0.8909090909090909,0.3155893536121673,0.4300518134715025,0.3531914893617021,0.5496688741721855,0.7828529194382853,0.109090909090909,0.1483361534122955,83.0,180.0,1470.0,40.0,0.3707865168539326,0.5365853658536586,0.3120300751879699,0.6747967479674797,0.2535211267605634,0.7317073170731707,0.3744893946363286,0.868381374722838
5year.arff,3,HistGB,External ML baseline,run_external_baselines.py,0.7863769870143956,0.6341463414634146,0.9751515151515152,0.6554621848739496,0.6446280991735537,0.6510851419031719,0.6382978723404256,0.8046489283074649,0.0248484848484848,0.0671178793006204,78.0,41.0,1609.0,45.0,0.5617977528089888,0.8130081300813008,0.3984962406015037,0.8617886178861789,0.3154929577464789,0.9105691056910568,0.6876644597215673,0.9530918945553092
5year.arff,3,LR_balanced,External ML baseline,run_external_baselines.py,0.656507966461261,0.4552845528455284,0.9466666666666668,0.3888888888888889,0.4194756554307116,0.4005722460658083,0.440251572327044,0.7009756097560975,0.0533333333333333,0.0812182741116751,56.0,88.0,1562.0,67.0,0.3539325842696629,0.5121951219512195,0.2631578947368421,0.5691056910569106,0.2338028169014084,0.6747967479674797,0.3791005135467386,0.823389997536339
5year.arff,3,RF_balanced,External ML baseline,run_external_baselines.py,0.7999137672174333,0.6991869918699187,0.9151515151515152,0.3805309734513274,0.492836676217765,0.4186952288218111,0.5988857938718662,0.8071692535107169,0.0848484848484848,0.1274675690919345,86.0,140.0,1510.0,37.0,0.4325842696629213,0.6260162601626016,0.3383458646616541,0.7317073170731707,0.2732394366197183,0.7886178861788617,0.4208471630578292,0.8962847992116285
5year.arff,4,BalancedRF,External ML baseline,run_external_baselines.py,0.7277757560684237,0.5772357723577236,0.9175757575757576,0.3429951690821256,0.4303030303030303,0.3732912723449001,0.5078683834048641,0.7474057649667406,0.0824242424242424,0.116751269035533,71.0,136.0,1514.0,52.0,0.3707865168539326,0.5365853658536586,0.2894736842105263,0.6260162601626016,0.2422535211267605,0.6991869918699187,0.3746419763016276,0.8484035476718403
5year.arff,4,EasyEnsemble,External ML baseline,run_external_baselines.py,0.7483709827779308,0.6016260162601627,0.9309090909090908,0.3936170212765957,0.4758842443729904,0.4228571428571429,0.5441176470588235,0.7662675535846268,0.069090909090909,0.1060349689791314,74.0,114.0,1536.0,49.0,0.398876404494382,0.5772357723577236,0.3308270676691729,0.7154471544715447,0.2704225352112676,0.7804878048780488,0.5434610729975465,0.8966642030056664
5year.arff,4,ExtraTrees_balanced,External ML baseline,run_external_baselines.py,0.5671121243776768,0.3333333333333333,0.9648484848484848,0.4141414141414141,0.3693693693693693,0.394990366088632,0.3468697123519458,0.649090909090909,0.0351515151515151,0.0558375634517766,41.0,58.0,1592.0,82.0,0.3258426966292135,0.4715447154471545,0.2894736842105263,0.6260162601626016,0.228169014084507,0.6585365853658537,0.3851735128362217,0.8282039911308204
5year.arff,4,HistGB,External ML baseline,run_external_baselines.py,0.7567256131579421,0.5934959349593496,0.9648484848484848,0.5572519083969466,0.5748031496062992,0.5641421947449768,0.5858747993579454,0.7791722099039172,0.0351515151515151,0.0738860688099266,73.0,58.0,1592.0,50.0,0.4662921348314606,0.6747967479674797,0.3684210526315789,0.7967479674796748,0.2901408450704225,0.8373983739837398,0.6242953223854759,0.9141906873614192
5year.arff,4,LR_balanced,External ML baseline,run_external_baselines.py,0.7146411673204051,0.5447154471544715,0.9375757575757576,0.3941176470588235,0.4573378839590443,0.4171855541718555,0.5060422960725075,0.7411456023651146,0.0624242424242424,0.095882684715172,67.0,103.0,1547.0,56.0,0.3820224719101123,0.5528455284552846,0.3157894736842105,0.6829268292682927,0.2563380281690141,0.7398373983739838,0.4275945462733087,0.8506035969450605
5year.arff,4,RF_balanced,External ML baseline,run_external_baselines.py,0.6847510215887876,0.4959349593495935,0.9454545454545454,0.4039735099337748,0.4452554744525547,0.4195323246217332,0.4743390357698289,0.7206947524020695,0.0545454545454545,0.0851663846587704,61.0,90.0,1560.0,62.0,0.3651685393258427,0.5284552845528455,0.3007518796992481,0.6504065040650406,0.2394366197183098,0.6910569105691057,0.4080031111770925,0.8590194629219019
5year.arff,5,BalancedRF,External ML baseline,run_external_baselines.py,0.594132433145422,0.3658536585365853,0.9648484848484848,0.4368932038834951,0.3982300884955752,0.4205607476635514,0.3781512605042016,0.665351071692535,0.0351515151515151,0.0580936266215454,45.0,58.0,1592.0,78.0,0.3370786516853932,0.4878048780487805,0.2706766917293233,0.5853658536585366,0.2309859154929577,0.6666666666666666,0.3764330734967224,0.8504237496920424
5year.arff,5,EasyEnsemble,External ML baseline,run_external_baselines.py,0.6508394715583553,0.4390243902439024,0.9648484848484848,0.4821428571428571,0.4595744680851064,0.4728546409807355,0.4470198675496689,0.7019364375461936,0.0351515151515151,0.0631697687535251,54.0,58.0,1592.0,69.0,0.3820224719101123,0.5528455284552846,0.3045112781954887,0.6585365853658537,0.2478873239436619,0.7154471544715447,0.4470361778127415,0.8670362158167036
5year.arff,5,ExtraTrees_balanced,External ML baseline,run_external_baselines.py,0.6681284786301506,0.4715447154471545,0.9466666666666668,0.3972602739726027,0.4312267657992565,0.4101838755304102,0.4545454545454545,0.7091056910569106,0.0533333333333333,0.0823463056965595,58.0,88.0,1562.0,65.0,0.3426966292134831,0.4959349593495935,0.2669172932330827,0.5772357723577236,0.2225352112676056,0.6422764227642277,0.3761859072119751,0.8382852919438285
5year.arff,5,HistGB,External ML baseline,run_external_baselines.py,0.7305800629509231,0.5528455284552846,0.9654545454545456,0.544,0.5483870967741935,0.5457463884430177,0.5510534846029174,0.759150036954915,0.0345454545454545,0.0705019740552735,68.0,57.0,1593.0,55.0,0.449438202247191,0.6504065040650406,0.3533834586466165,0.7642276422764228,0.2788732394366197,0.8048780487804879,0.5712736755466645,0.9114954422271496
5year.arff,5,LR_balanced,External ML baseline,run_external_baselines.py,0.6255108776776999,0.4146341463414634,0.9436363636363636,0.3541666666666667,0.3820224719101123,0.3648068669527897,0.4009433962264151,0.6791352549889135,0.0563636363636363,0.0812182741116751,51.0,93.0,1557.0,72.0,0.3202247191011236,0.4634146341463415,0.2593984962406015,0.5609756097560976,0.2112676056338028,0.6097560975609756,0.3356281307889446,0.7659275683665927
5year.arff,5,RF_balanced,External ML baseline,run_external_baselines.py,0.5555338749157083,0.3170731707317073,0.9733333333333334,0.4698795180722891,0.3786407766990291,0.4285714285714285,0.3391304347826087,0.6452032520325204,0.0266666666666666,0.0468133107727016,39.0,44.0,1606.0,84.0,0.3595505617977528,0.5203252032520326,0.2819548872180451,0.6097560975609756,0.2366197183098591,0.6829268292682927,0.3978758433658294,0.8634589800443458
5year.arff,6,BalancedRF,External ML baseline,run_external_baselines.py,0.5858308902561555,0.3577235772357723,0.9593939393939394,0.3963963963963964,0.376068376068376,0.3880070546737213,0.3648424543946932,0.6585587583148559,0.0406060606060606,0.0626057529610829,44.0,67.0,1583.0,79.0,0.3258426966292135,0.4715447154471545,0.2819548872180451,0.6097560975609756,0.2422535211267605,0.6991869918699187,0.3184965814812605,0.8561024882976102
5year.arff,6,EasyEnsemble,External ML baseline,run_external_baselines.py,0.7181626387926177,0.5609756097560976,0.9193939393939394,0.3415841584158416,0.4246153846153846,0.3705692803437164,0.4971181556195965,0.7401847745750185,0.0806060606060606,0.113931190073322,69.0,133.0,1517.0,54.0,0.3539325842696629,0.5121951219512195,0.3045112781954887,0.6585365853658537,0.2563380281690141,0.7398373983739838,0.3855101863228901,0.8875757575757575
5year.arff,6,ExtraTrees_balanced,External ML baseline,run_external_baselines.py,0.5836062079536677,0.3577235772357723,0.952121212121212,0.3577235772357723,0.3577235772357723,0.3577235772357723,0.3577235772357723,0.6549223946784922,0.0478787878787878,0.0693739424703891,44.0,79.0,1571.0,79.0,0.3202247191011236,0.4634146341463415,0.2819548872180451,0.6097560975609756,0.2366197183098591,0.6829268292682927,0.2764181114295561,0.835230352303523
5year.arff,6,HistGB,External ML baseline,run_external_baselines.py,0.7959493410609456,0.6666666666666666,0.9503030303030304,0.5,0.5714285714285714,0.5263157894736842,0.625,0.8084848484848485,0.0496969696969697,0.0924985899605188,82.0,82.0,1568.0,41.0,0.4719101123595505,0.6829268292682927,0.3721804511278195,0.8048780487804879,0.2845070422535211,0.8211382113821138,0.5944098646466817,0.9165533382606552
5year.arff,6,LR_balanced,External ML baseline,run_external_baselines.py,0.5776702194880486,0.3495934959349593,0.9545454545454546,0.3644067796610169,0.3568464730290456,0.361344537815126,0.3524590163934426,0.652069475240207,0.0454545454545454,0.0665538635081782,43.0,75.0,1575.0,80.0,0.3258426966292135,0.4715447154471545,0.2744360902255639,0.5934959349593496,0.2309859154929577,0.6666666666666666,0.3073889833298073,0.8111209657551121
5year.arff,6,RF_balanced,External ML baseline,run_external_baselines.py,0.745719492152116,0.6178861788617886,0.9,0.3153526970954357,0.4175824175824176,0.3495860165593376,0.5184174624829468,0.7589430894308944,0.1,0.1359278059785674,76.0,165.0,1485.0,47.0,0.3370786516853932,0.4878048780487805,0.3007518796992481,0.6504065040650406,0.2676056338028169,0.7723577235772358,0.3389079839161613,0.875410199556541
5year.arff,7,BalancedRF,External ML baseline,run_external_baselines.py,0.6535290896377223,0.4471544715447154,0.9551515151515152,0.4263565891472868,0.4365079365079365,0.4303599374021909,0.4428341384863124,0.7011529933481153,0.0448484848484848,0.0727580372250423,55.0,74.0,1576.0,68.0,0.3764044943820224,0.5447154471544715,0.2932330827067669,0.6341463414634146,0.2563380281690141,0.7398373983739838,0.3988643909684992,0.8711431387041142
5year.arff,7,EasyEnsemble,External ML baseline,run_external_baselines.py,0.6862856023996852,0.4959349593495935,0.9496969696969696,0.4236111111111111,0.4569288389513108,0.4363376251788269,0.4795597484276729,0.7228159645232816,0.0503030303030303,0.0812182741116751,61.0,83.0,1567.0,62.0,0.4044943820224719,0.5853658536585366,0.3496240601503759,0.7560975609756098,0.2816901408450704,0.8130081300813008,0.4971733851183022,0.910421286031042
5year.arff,7,ExtraTrees_balanced,External ML baseline,run_external_baselines.py,0.6571381134306418,0.4552845528455284,0.9484848484848484,0.3971631205673759,0.4242424242424242,0.4075691411935953,0.4423380726698262,0.7018847006651885,0.0515151515151515,0.0795262267343485,56.0,85.0,1565.0,67.0,0.348314606741573,0.5040650406504065,0.2932330827067669,0.6341463414634146,0.2394366197183098,0.6910569105691057,0.3787969329073797,0.8521261394432127
5year.arff,7,HistGB,External ML baseline,run_external_baselines.py,0.7032742905619822,0.5040650406504065,0.9812121212121212,0.6666666666666666,0.5740740740740741,0.6262626262626263,0.5299145299145299,0.7426385809312639,0.0187878787878787,0.0524534686971235,62.0,31.0,1619.0,61.0,0.4775280898876404,0.6910569105691057,0.3759398496240601,0.8130081300813008,0.3070422535211267,0.8861788617886179,0.6591685234640531,0.9426903178122692
5year.arff,7,LR_balanced,External ML baseline,run_external_baselines.py,0.6682538386755862,0.4634146341463415,0.9636363636363636,0.4871794871794871,0.475,0.482233502538071,0.4679802955665024,0.7135254988913525,0.0363636363636363,0.065989847715736,57.0,60.0,1590.0,66.0,0.3595505617977528,0.5203252032520326,0.2781954887218045,0.6016260162601627,0.2309859154929577,0.6666666666666666,0.405635961017747,0.8177728504557772
5year.arff,7,RF_balanced,External ML baseline,run_external_baselines.py,0.7348167486537004,0.5853658536585366,0.9224242424242424,0.36,0.4458204334365325,0.390032502708559,0.5202312138728323,0.7538950480413895,0.0775757575757575,0.1128031584884376,72.0,128.0,1522.0,51.0,0.3876404494382022,0.5609756097560976,0.3082706766917293,0.6666666666666666,0.2619718309859155,0.7560975609756098,0.447203782609936,0.8793249568859326
5year.arff,8,BalancedRF,External ML baseline,run_external_baselines.py,0.6845639055799413,0.5040650406504065,0.9296969696969696,0.348314606741573,0.4119601328903654,0.3712574850299401,0.4626865671641791,0.716881005173688,0.0703030303030303,0.1003948110547095,62.0,116.0,1534.0,61.0,0.348314606741573,0.5040650406504065,0.2894736842105263,0.6260162601626016,0.2394366197183098,0.6910569105691057,0.3640285849654526,0.8330352303523034
5year.arff,8,EasyEnsemble,External ML baseline,run_external_baselines.py,0.6286264585900893,0.4065040650406504,0.9721212121212122,0.5208333333333334,0.45662100456621,0.4930966469428008,0.4251700680272108,0.6893126385809313,0.0278787878787878,0.05414551607445,50.0,46.0,1604.0,73.0,0.4101123595505618,0.5934959349593496,0.3157894736842105,0.6829268292682927,0.2535211267605634,0.7317073170731707,0.4334402899721473,0.8737817196353782
5year.arff,8,ExtraTrees_balanced,External ML baseline,run_external_baselines.py,0.6718937726197082,0.4878048780487805,0.9254545454545454,0.3278688524590163,0.392156862745098,0.3508771929824561,0.4444444444444444,0.7066297117516629,0.0745454545454545,0.1032148900169204,60.0,123.0,1527.0,63.0,0.3314606741573033,0.4796747967479675,0.2819548872180451,0.6097560975609756,0.2338028169014084,0.6747967479674797,0.3242315654513683,0.824390243902439
5year.arff,8,HistGB,External ML baseline,run_external_baselines.py,0.7375475231158991,0.5609756097560976,0.9696969696969696,0.5798319327731093,0.5702479338842975,0.5759599332220368,0.5646481178396072,0.7653362897265337,0.0303030303030303,0.0671178793006204,69.0,50.0,1600.0,54.0,0.4719101123595505,0.6829268292682927,0.3533834586466165,0.7642276422764228,0.276056338028169,0.7967479674796748,0.5975069482970786,0.8934712983493471
5year.arff,8,LR_balanced,External ML baseline,run_external_baselines.py,0.7239199633442954,0.5772357723577236,0.9078787878787878,0.3183856502242152,0.4104046242774566,0.3497536945812808,0.4965034965034965,0.7425572801182557,0.0921212121212121,0.125775521714608,71.0,152.0,1498.0,52.0,0.3764044943820224,0.5447154471544715,0.2932330827067669,0.6341463414634146,0.2450704225352112,0.7073170731707317,0.3547167010004228,0.8260359694506036
5year.arff,8,RF_balanced,External ML baseline,run_external_baselines.py,0.6771532953223026,0.4878048780487805,0.94,0.3773584905660377,0.425531914893617,0.3952569169960474,0.4608294930875576,0.7139024390243902,0.06,0.0896785109983079,60.0,99.0,1551.0,63.0,0.3595505617977528,0.5203252032520326,0.2894736842105263,0.6260162601626016,0.2394366197183098,0.6910569105691057,0.3710317112521101,0.8412884947031288
5year.arff,9,BalancedRF,External ML baseline,run_external_baselines.py,0.6669917906395009,0.4634146341463415,0.96,0.4634146341463415,0.4634146341463415,0.4634146341463415,0.4634146341463415,0.7117073170731707,0.04,0.0693739424703891,57.0,66.0,1584.0,66.0,0.3932584269662921,0.5691056910569106,0.3120300751879699,0.6747967479674797,0.2591549295774648,0.7479674796747967,0.4226461642481292,0.8625227888642524
5year.arff,9,EasyEnsemble,External ML baseline,run_external_baselines.py,0.6703519720601537,0.4634146341463415,0.9696969696969696,0.5327102803738317,0.4956521739130435,0.5172413793103449,0.4757929883138564,0.7165558019216556,0.0303030303030303,0.0603496897913141,57.0,50.0,1600.0,66.0,0.4157303370786517,0.6016260162601627,0.3308270676691729,0.7154471544715447,0.2704225352112676,0.7804878048780488,0.5261816208130837,0.8883025375708301
5year.arff,9,ExtraTrees_balanced,External ML baseline,run_external_baselines.py,0.6090958731637408,0.3821138211382114,0.9709090909090908,0.4947368421052631,0.4311926605504587,0.4671968190854871,0.4003407155025553,0.6765114560236511,0.029090909090909,0.0535815002820078,47.0,48.0,1602.0,76.0,0.3820224719101123,0.5528455284552846,0.3007518796992481,0.6504065040650406,0.2478873239436619,0.7154471544715447,0.4366584881282335,0.8576447400837645
5year.arff,9,HistGB,External ML baseline,run_external_baselines.py,0.759507367470313,0.5853658536585366,0.9854545454545456,0.75,0.6575342465753424,0.7100591715976331,0.6122448979591837,0.785410199556541,0.0145454545454545,0.05414551607445,72.0,24.0,1626.0,51.0,0.5,0.7235772357723578,0.3759398496240601,0.8130081300813008,0.2929577464788732,0.8455284552845529,0.7024034965677458,0.9303720128110372
5year.arff,9,LR_balanced,External ML baseline,run_external_baselines.py,0.569245469055665,0.3333333333333333,0.9721212121212122,0.4712643678160919,0.3904761904761905,0.435244161358811,0.3540587219343696,0.6527272727272727,0.0278787878787878,0.0490693739424703,41.0,46.0,1604.0,82.0,0.3370786516853932,0.4878048780487805,0.2669172932330827,0.5772357723577236,0.2253521126760563,0.6504065040650406,0.3721534253399884,0.8199113082039913
5year.arff,9,RF_balanced,External ML baseline,run_external_baselines.py,0.6629906040208682,0.4552845528455284,0.9654545454545456,0.495575221238938,0.4745762711864407,0.4869565217391304,0.4628099173553719,0.7103695491500369,0.0345454545454545,0.0637337845459672,56.0,57.0,1593.0,67.0,0.4213483146067415,0.6097560975609756,0.3233082706766917,0.6991869918699187,0.2619718309859155,0.7560975609756098,0.457961458405092,0.8664572554816456
5year.arff,10,BalancedRF,External ML baseline,run_external_baselines.py,0.7148169636005404,0.5528455284552846,0.9242424242424242,0.3523316062176165,0.430379746835443,0.3798882681564245,0.4963503649635036,0.7385439763488544,0.0757575757575757,0.1088550479413423,68.0,125.0,1525.0,55.0,0.3539325842696629,0.5121951219512195,0.3007518796992481,0.6504065040650406,0.2535211267605634,0.7317073170731707,0.4045334837334422,0.8567134762256714
5year.arff,10,EasyEnsemble,External ML baseline,run_external_baselines.py,0.6617408562479652,0.4552845528455284,0.9618181818181818,0.4705882352941176,0.4628099173553719,0.4674457429048414,0.4582651391162029,0.7085513673318551,0.0381818181818181,0.0671178793006204,56.0,63.0,1587.0,67.0,0.398876404494382,0.5772357723577236,0.3270676691729323,0.7073170731707317,0.2676056338028169,0.7723577235772358,0.4628588523562612,0.8849568859324957
5year.arff,10,ExtraTrees_balanced,External ML baseline,run_external_baselines.py,0.6751857755355837,0.4878048780487805,0.9345454545454546,0.3571428571428571,0.4123711340206185,0.3773584905660377,0.4545454545454545,0.7111751662971175,0.0654545454545454,0.0947546531302876,60.0,108.0,1542.0,63.0,0.3595505617977528,0.5203252032520326,0.2819548872180451,0.6097560975609756,0.2422535211267605,0.6991869918699187,0.3826848247135588,0.8427050997782706
5year.arff,10,HistGB,External ML baseline,run_external_baselines.py,0.7812283995535696,0.6341463414634146,0.9624242424242424,0.5571428571428572,0.5931558935361216,0.5710102489019033,0.6170886075949367,0.7982852919438286,0.0375757575757575,0.0789622109419063,78.0,62.0,1588.0,45.0,0.4662921348314606,0.6747967479674797,0.3684210526315789,0.7967479674796748,0.2901408450704225,0.8373983739837398,0.6427686885082445,0.9211382113821138
5year.arff,10,LR_balanced,External ML baseline,run_external_baselines.py,0.6618934816341753,0.4796747967479675,0.9133333333333332,0.292079207920792,0.3630769230769231,0.3168635875402792,0.4250720461095101,0.6965040650406504,0.0866666666666666,0.113931190073322,59.0,143.0,1507.0,64.0,0.3146067415730337,0.4552845528455284,0.2669172932330827,0.5772357723577236,0.2169014084507042,0.6260162601626016,0.3224961942981994,0.7754767184035477
5year.arff,10,RF_balanced,External ML baseline,run_external_baselines.py,0.6832129939284513,0.4959349593495935,0.9412121212121212,0.3860759493670886,0.4341637010676156,0.4039735099337748,0.4692307692307692,0.7185735402808573,0.0587878787878787,0.0891144952058657,61.0,97.0,1553.0,62.0,0.3764044943820224,0.5447154471544715,0.2969924812030075,0.6422764227642277,0.2478873239436619,0.7154471544715447,0.4152870553608284,0.8678984971667898
