dataset,seed,method,policy,test_n,test_positive,threshold,design,selection_note,calibration,gmean,sensitivity,specificity,precision,f1,f05,f2,mcc,triad_score,balanced_accuracy,fpr,predicted_positive_rate,tp,fp,tn,fn,ap,auc,brier,log_loss,ece_10,calibration_intercept,calibration_slope,relative_cost_ratio,cost_per_observation,normalized_cost,sensitivity_ci_low,sensitivity_ci_high,specificity_ci_low,specificity_ci_high,precision_ci_low,precision_ci_high,f2_ci_low,f2_ci_high,mcc_ci_low,mcc_ci_high,triad_score_ci_low,triad_score_ci_high,ap_ci_low,ap_ci_high,auc_ci_low,auc_ci_high,brier_ci_low,brier_ci_high,model_seed,horizon,target_region,source_n,target_n,feature_set
PONE2016_h1_target_Asia,20260730,HistGB,triad,96,48,0.912513662804852,"Same-horizon leave-one-region-out transfer; source regions=Europe,North America; target region=Asia; source-only fit/search/calibration; target labels untouched until final evaluation; V1-V10 financial ratios only.",No metaheuristic; threshold and Platt calibration use calibration partition.,Platt_logistic_on_separate_calibration_partition,0.7822909731466078,0.625,0.9791666666666666,0.967741935483871,0.759493670886076,0.872093023255814,0.672645739910314,0.6460415830634638,0.7339486965277799,0.8020833333333333,0.020833333333333332,0.3229166666666667,30.0,1.0,47.0,18.0,0.9494823313405836,0.9396701388888888,0.10313829883689467,0.3404948699175872,0.10136757739892482,0.011800200139581224,1.034502923305926,,,,0.42708333333333337,0.7270833333333333,0.9604166666666667,1.0,0.9285714285714286,1.0,0.4796128368383819,0.7687224669603524,0.48416651615621586,0.7531479603086607,0.5865002926240527,0.8175504818327078,0.9296877285772316,0.9870092743216209,0.9189670138888889,0.9850694444444444,0.05888353469867413,0.12036040175705937,20260730,1,Asia,342,96,V1-V10_financial_only
PONE2016_h1_target_Asia,20260730,HistGB,cost_1,96,48,0.6967375898246699,"Same-horizon leave-one-region-out transfer; source regions=Europe,North America; target region=Asia; source-only fit/search/calibration; target labels untouched until final evaluation; V1-V10 financial ratios only.",No metaheuristic; threshold and Platt calibration use calibration partition.,Platt_logistic_on_separate_calibration_partition,0.8640183897219884,0.8333333333333334,0.8958333333333334,0.8888888888888888,0.8602150537634409,0.8771929824561403,0.8438818565400844,0.7305950062660077,0.8170354314983949,0.8645833333333334,0.10416666666666667,0.46875,40.0,5.0,43.0,8.0,0.9494823313405836,0.9396701388888888,0.10313829883689467,0.3404948699175872,0.10136757739892482,0.011800200139581224,1.034502923305926,1.0,0.13541666666666666,0.13541666666666666,0.75625,0.89375,0.8375,0.9333333333333333,0.8454901960784313,0.9293617021276596,0.7775574509697397,0.8859457206855237,0.6564158666433789,0.8097824875042262,0.7626317022256083,0.8712181243733524,0.9318363572102728,0.9679567389551975,0.9108940972222223,0.9552517361111111,0.07782338464830219,0.13549918572752312,20260730,1,Asia,342,96,V1-V10_financial_only
PONE2016_h1_target_Asia,20260730,HistGB,cost_2,96,48,0.6967375898246699,"Same-horizon leave-one-region-out transfer; source regions=Europe,North America; target region=Asia; source-only fit/search/calibration; target labels untouched until final evaluation; V1-V10 financial ratios only.",No metaheuristic; threshold and Platt calibration use calibration partition.,Platt_logistic_on_separate_calibration_partition,0.8640183897219884,0.8333333333333334,0.8958333333333334,0.8888888888888888,0.8602150537634409,0.8771929824561403,0.8438818565400844,0.7305950062660077,0.8170354314983949,0.8645833333333334,0.10416666666666667,0.46875,40.0,5.0,43.0,8.0,0.9494823313405836,0.9396701388888888,0.10313829883689467,0.3404948699175872,0.10136757739892482,0.011800200139581224,1.034502923305926,2.0,0.21875,0.14583333333333334,0.7583333333333333,0.89375,0.8375,0.9354166666666667,0.8241187384044527,0.931304347826087,0.7708288636201102,0.8915121592520616,0.5998919669310679,0.8119178979113132,0.7253971399709692,0.8726479140530001,0.9155996804231553,0.979310231619143,0.8977430555555556,0.9758246527777777,0.07404353264610652,0.14247109008953093,20260730,1,Asia,342,96,V1-V10_financial_only
PONE2016_h1_target_Asia,20260730,HistGB,cost_5,96,48,0.09839109526294543,"Same-horizon leave-one-region-out transfer; source regions=Europe,North America; target region=Asia; source-only fit/search/calibration; target labels untouched until final evaluation; V1-V10 financial ratios only.",No metaheuristic; threshold and Platt calibration use calibration partition.,Platt_logistic_on_separate_calibration_partition,0.6846531968814576,0.9375,0.5,0.6521739130434783,0.7692307692307693,0.6944444444444444,0.8620689655172413,0.48653363279984113,0.6109674162707742,0.71875,0.5,0.71875,45.0,24.0,24.0,3.0,0.9494823313405836,0.9396701388888888,0.10313829883689467,0.3404948699175872,0.10136757739892482,0.011800200139581224,1.034502923305926,5.0,0.40625,0.13541666666666666,0.8979166666666667,0.9770833333333333,0.5208333333333334,0.6020833333333333,0.6581876332622602,0.7051770451770452,0.8437656143538497,0.896746071821071,0.47921396306007,0.5975951597278668,0.6134991160891429,0.6991565207649589,0.9547955920024785,0.9704812586136625,0.9419270833333333,0.9677083333333334,0.07232106408345139,0.10000519882177886,20260730,1,Asia,342,96,V1-V10_financial_only
PONE2016_h1_target_Asia,20260730,HistGB,cost_10,96,48,0.09839109526294543,"Same-horizon leave-one-region-out transfer; source regions=Europe,North America; target region=Asia; source-only fit/search/calibration; target labels untouched until final evaluation; V1-V10 financial ratios only.",No metaheuristic; threshold and Platt calibration use calibration partition.,Platt_logistic_on_separate_calibration_partition,0.6846531968814576,0.9375,0.5,0.6521739130434783,0.7692307692307693,0.6944444444444444,0.8620689655172413,0.48653363279984113,0.6109674162707742,0.71875,0.5,0.71875,45.0,24.0,24.0,3.0,0.9494823313405836,0.9396701388888888,0.10313829883689467,0.3404948699175872,0.10136757739892482,0.011800200139581224,1.034502923305926,10.0,0.5625,0.10227272727272728,0.8979166666666667,0.9791666666666666,0.3395833333333333,0.58125,0.5951652601969057,0.6874067164179104,0.8188920454545455,0.8929855983087922,0.34403997591533986,0.5650336226814662,0.4943288024915641,0.6720024251397224,0.9282756604509789,0.9840499525467359,0.90234375,0.9792534722222223,0.06651804658328632,0.15055525358915028,20260730,1,Asia,342,96,V1-V10_financial_only
PONE2016_h1_target_Asia,20260730,HistGB,cost_20,96,48,0.09839109526294543,"Same-horizon leave-one-region-out transfer; source regions=Europe,North America; target region=Asia; source-only fit/search/calibration; target labels untouched until final evaluation; V1-V10 financial ratios only.",No metaheuristic; threshold and Platt calibration use calibration partition.,Platt_logistic_on_separate_calibration_partition,0.6846531968814576,0.9375,0.5,0.6521739130434783,0.7692307692307693,0.6944444444444444,0.8620689655172413,0.48653363279984113,0.6109674162707742,0.71875,0.5,0.71875,45.0,24.0,24.0,3.0,0.9494823313405836,0.9396701388888888,0.10313829883689467,0.3404948699175872,0.10136757739892482,0.011800200139581224,1.034502923305926,20.0,0.875,0.08333333333333333,0.9375,0.9791666666666666,0.3770833333333333,0.5375,0.6013333333333333,0.6792406613594612,0.8439782970906139,0.8996984397535073,0.3830039993160169,0.5758779914196042,0.5138308126048569,0.6716867478617491,0.950665244333251,0.9847565133352986,0.9364583333333333,0.9784722222222222,0.05314735073249881,0.10643293452920961,20260730,1,Asia,342,96,V1-V10_financial_only
PONE2016_h1_target_Asia,20260730,KELM_PBMSBAINGO,triad,96,48,0.8857667493442802,"Same-horizon leave-one-region-out transfer; source regions=Europe,North America; target region=Asia; source-only fit/search/calibration; target labels untouched until final evaluation; V1-V10 financial ratios only.",Plain KELM; hyperparameters/features selected only on search partition.,Platt_logistic_on_separate_calibration_partition,0.67700320038633,0.4583333333333333,1.0,1.0,0.6285714285714286,0.8088235294117647,0.514018691588785,0.5452497568062706,0.6298816763894876,0.7291666666666666,0.0,0.22916666666666666,22.0,0.0,48.0,26.0,0.9296504947288327,0.9066840277777777,0.13458899828468776,0.41592804953981294,0.1172555843736454,-0.5825578865584018,1.3293394593972527,,,,0.39791666666666664,0.49583333333333335,1.0,1.0,1.0,1.0,0.4523830814629348,0.5514018691588786,0.4983672903059395,0.5741402179512902,0.583138367236701,0.657799136113977,0.9050415288839914,0.9496417573381806,0.8746961805555556,0.9257378472222222,0.1109764063030645,0.15674794050647564,20260831,1,Asia,342,96,V1-V10_financial_only
PONE2016_h1_target_Asia,20260730,KELM_PBMSBAINGO,cost_1,96,48,0.24829927875720195,"Same-horizon leave-one-region-out transfer; source regions=Europe,North America; target region=Asia; source-only fit/search/calibration; target labels untouched until final evaluation; V1-V10 financial ratios only.",Plain KELM; hyperparameters/features selected only on search partition.,Platt_logistic_on_separate_calibration_partition,0.5994789404140899,0.9583333333333334,0.375,0.6052631578947368,0.7419354838709677,0.6534090909090909,0.8582089552238806,0.41039134083406165,0.5283422608165946,0.6666666666666667,0.625,0.7916666666666666,46.0,30.0,18.0,2.0,0.9296504947288327,0.9066840277777777,0.13458899828468776,0.41592804953981294,0.1172555843736454,-0.5825578865584018,1.3293394593972527,1.0,0.3333333333333333,0.3333333333333333,0.91875,0.9583333333333334,0.3145833333333333,0.45416666666666666,0.5792804796802132,0.6325846973734298,0.8227611940298508,0.8637468195202836,0.3124877617083398,0.4504906708409927,0.45664624002720894,0.5770752328697455,0.9050970875710721,0.9337036418976713,0.8609375000000001,0.9128472222222221,0.12597925369682766,0.16913416276755602,20260831,1,Asia,342,96,V1-V10_financial_only
PONE2016_h1_target_Asia,20260730,KELM_PBMSBAINGO,cost_2,96,48,0.24829927875720195,"Same-horizon leave-one-region-out transfer; source regions=Europe,North America; target region=Asia; source-only fit/search/calibration; target labels untouched until final evaluation; V1-V10 financial ratios only.",Plain KELM; hyperparameters/features selected only on search partition.,Platt_logistic_on_separate_calibration_partition,0.5994789404140899,0.9583333333333334,0.375,0.6052631578947368,0.7419354838709677,0.6534090909090909,0.8582089552238806,0.41039134083406165,0.5283422608165946,0.6666666666666667,0.625,0.7916666666666666,46.0,30.0,18.0,2.0,0.9296504947288327,0.9066840277777777,0.13458899828468776,0.41592804953981294,0.1172555843736454,-0.5825578865584018,1.3293394593972527,2.0,0.3541666666666667,0.2361111111111111,0.91875,0.9583333333333334,0.28125,0.45416666666666666,0.5713850837138508,0.6325846973734298,0.831418895569839,0.8640163842441926,0.32062592806413076,0.4504906708409927,0.44187880691391834,0.5770752328697455,0.8985869032215444,0.9411126813520841,0.8657552083333333,0.9166232638888888,0.12141709075337159,0.16615159487850872,20260831,1,Asia,342,96,V1-V10_financial_only
PONE2016_h1_target_Asia,20260730,KELM_PBMSBAINGO,cost_5,96,48,0.24829927875720195,"Same-horizon leave-one-region-out transfer; source regions=Europe,North America; target region=Asia; source-only fit/search/calibration; target labels untouched until final evaluation; V1-V10 financial ratios only.",Plain KELM; hyperparameters/features selected only on search partition.,Platt_logistic_on_separate_calibration_partition,0.5994789404140899,0.9583333333333334,0.375,0.6052631578947368,0.7419354838709677,0.6534090909090909,0.8582089552238806,0.41039134083406165,0.5283422608165946,0.6666666666666667,0.625,0.7916666666666666,46.0,30.0,18.0,2.0,0.9296504947288327,0.9066840277777777,0.13458899828468776,0.41592804953981294,0.1172555843736454,-0.5825578865584018,1.3293394593972527,5.0,0.4166666666666667,0.1388888888888889,0.9208333333333333,0.9791666666666666,0.27291666666666664,0.4354166666666667,0.5592905141428348,0.6297899543378995,0.8167078923536488,0.8789272842908629,0.2583232519759474,0.4772485550640401,0.401629477901181,0.5801207788937702,0.8884203745867743,0.9504582537877657,0.8377604166666667,0.9371527777777778,0.1118095210864531,0.19009401780608529,20260831,1,Asia,342,96,V1-V10_financial_only
PONE2016_h1_target_Asia,20260730,KELM_PBMSBAINGO,cost_10,96,48,0.24829927875720195,"Same-horizon leave-one-region-out transfer; source regions=Europe,North America; target region=Asia; source-only fit/search/calibration; target labels untouched until final evaluation; V1-V10 financial ratios only.",Plain KELM; hyperparameters/features selected only on search partition.,Platt_logistic_on_separate_calibration_partition,0.5994789404140899,0.9583333333333334,0.375,0.6052631578947368,0.7419354838709677,0.6534090909090909,0.8582089552238806,0.41039134083406165,0.5283422608165946,0.6666666666666667,0.625,0.7916666666666666,46.0,30.0,18.0,2.0,0.9296504947288327,0.9066840277777777,0.13458899828468776,0.41592804953981294,0.1172555843736454,-0.5825578865584018,1.3293394593972527,10.0,0.5208333333333334,0.0946969696969697,0.9375,1.0,0.3541666666666667,0.4166666666666667,0.5936542305129913,0.6307587149692413,0.8405026753027317,0.89518948010875,0.36467128349471084,0.5113645220718396,0.4974871996965015,0.5962644279353166,0.9148610033353898,0.9547627742762005,0.8831597222222222,0.947265625,0.11065656923824886,0.14646752437363342,20260831,1,Asia,342,96,V1-V10_financial_only
PONE2016_h1_target_Asia,20260730,KELM_PBMSBAINGO,cost_20,96,48,0.054509101318046385,"Same-horizon leave-one-region-out transfer; source regions=Europe,North America; target region=Asia; source-only fit/search/calibration; target labels untouched until final evaluation; V1-V10 financial ratios only.",Plain KELM; hyperparameters/features selected only on search partition.,Platt_logistic_on_separate_calibration_partition,0.3227486121839514,1.0,0.10416666666666667,0.5274725274725275,0.6906474820143885,0.5825242718446602,0.8480565371024735,0.2344036154692477,0.29011110795301165,0.5520833333333334,0.8958333333333334,0.9479166666666666,48.0,43.0,5.0,0.0,0.9296504947288327,0.9066840277777777,0.13458899828468776,0.41592804953981294,0.1172555843736454,-0.5825578865584018,1.3293394593972527,20.0,0.4479166666666667,0.04265873015873016,1.0,1.0,0.010416666666666668,0.14583333333333334,0.5027472527472527,0.5393258426966292,0.8348056537102474,0.8540925266903915,0.023440361546924773,0.2804490780752514,0.029011110795301165,0.34453785038727813,0.8897157960697464,0.9488144581729976,0.8572916666666666,0.9365017361111111,0.12188587017270215,0.16170248600154785,20260831,1,Asia,342,96,V1-V10_financial_only
PONE2016_h1_target_Asia,20260730,KELM_score_fusion,triad,96,48,0.8852838777352077,"Same-horizon leave-one-region-out transfer; source regions=Europe,North America; target region=Asia; source-only fit/search/calibration; target labels untouched until final evaluation; V1-V10 financial ratios only.",Plain KELM plus HistGB score-level fusion; alpha=1.00 selected only on search partition.,Platt_logistic_on_separate_calibration_partition,0.67700320038633,0.4583333333333333,1.0,1.0,0.6285714285714286,0.8088235294117647,0.514018691588785,0.5452497568062706,0.6298816763894876,0.7291666666666666,0.0,0.22916666666666666,22.0,0.0,48.0,26.0,0.9296504947288327,0.9066840277777777,0.13659421938311195,0.42124284736786577,0.12326870598104006,-0.6116108611555979,1.312606574490303,,,,0.3770833333333333,0.47708333333333336,1.0,1.0,1.0,1.0,0.43073798239675015,0.5327972179960877,0.48202027890725546,0.5597036366037255,0.5664448523704285,0.6439383222680989,0.8986255884879255,0.9599223773898903,0.8735677083333334,0.9486545138888889,0.1039475859475405,0.1589509841131961,20260833,1,Asia,342,96,V1-V10_financial_only
PONE2016_h1_target_Asia,20260730,KELM_score_fusion,cost_1,96,48,0.2471126465629901,"Same-horizon leave-one-region-out transfer; source regions=Europe,North America; target region=Asia; source-only fit/search/calibration; target labels untouched until final evaluation; V1-V10 financial ratios only.",Plain KELM plus HistGB score-level fusion; alpha=1.00 selected only on search partition.,Platt_logistic_on_separate_calibration_partition,0.5994789404140899,0.9583333333333334,0.375,0.6052631578947368,0.7419354838709677,0.6534090909090909,0.8582089552238806,0.41039134083406165,0.5283422608165946,0.6666666666666667,0.625,0.7916666666666666,46.0,30.0,18.0,2.0,0.9296504947288327,0.9066840277777777,0.13659421938311195,0.42124284736786577,0.12326870598104006,-0.6116108611555979,1.312606574490303,1.0,0.3333333333333333,0.3333333333333333,0.9395833333333333,0.9979166666666667,0.2520833333333333,0.45625,0.5664286776736577,0.6462837837837838,0.8434690309690309,0.8975319339240293,0.3175062198270163,0.5340260513148655,0.4342964350910023,0.6231039062655878,0.9105961334190922,0.9626816506269077,0.8846788194444445,0.9542534722222223,0.10316805402616655,0.15025242206570383,20260833,1,Asia,342,96,V1-V10_financial_only
PONE2016_h1_target_Asia,20260730,KELM_score_fusion,cost_2,96,48,0.2471126465629901,"Same-horizon leave-one-region-out transfer; source regions=Europe,North America; target region=Asia; source-only fit/search/calibration; target labels untouched until final evaluation; V1-V10 financial ratios only.",Plain KELM plus HistGB score-level fusion; alpha=1.00 selected only on search partition.,Platt_logistic_on_separate_calibration_partition,0.5994789404140899,0.9583333333333334,0.375,0.6052631578947368,0.7419354838709677,0.6534090909090909,0.8582089552238806,0.41039134083406165,0.5283422608165946,0.6666666666666667,0.625,0.7916666666666666,46.0,30.0,18.0,2.0,0.9296504947288327,0.9066840277777777,0.13659421938311195,0.42124284736786577,0.12326870598104006,-0.6116108611555979,1.312606574490303,2.0,0.3541666666666667,0.2361111111111111,0.9416666666666667,1.0,0.29583333333333334,0.46875,0.5726582278481013,0.6533192834562698,0.8345930671202623,0.9039832285115305,0.3145905520765502,0.5532171070646246,0.4441460995166253,0.6374273870075381,0.9350725988101664,0.9707046991753854,0.9074218749999999,0.96171875,0.10983311644553892,0.1517361927520877,20260833,1,Asia,342,96,V1-V10_financial_only
PONE2016_h1_target_Asia,20260730,KELM_score_fusion,cost_5,96,48,0.2471126465629901,"Same-horizon leave-one-region-out transfer; source regions=Europe,North America; target region=Asia; source-only fit/search/calibration; target labels untouched until final evaluation; V1-V10 financial ratios only.",Plain KELM plus HistGB score-level fusion; alpha=1.00 selected only on search partition.,Platt_logistic_on_separate_calibration_partition,0.5994789404140899,0.9583333333333334,0.375,0.6052631578947368,0.7419354838709677,0.6534090909090909,0.8582089552238806,0.41039134083406165,0.5283422608165946,0.6666666666666667,0.625,0.7916666666666666,46.0,30.0,18.0,2.0,0.9296504947288327,0.9066840277777777,0.13659421938311195,0.42124284736786577,0.12326870598104006,-0.6116108611555979,1.312606574490303,5.0,0.4166666666666667,0.1388888888888889,0.91875,0.9791666666666666,0.29375,0.41250000000000003,0.5762499999999999,0.6102564102564103,0.8342696629213483,0.8697303921568628,0.3396656242633943,0.4234387587384555,0.45814299326126395,0.5289264411450416,0.9128386208988667,0.9495612263904745,0.8796440972222223,0.9312065972222222,0.13083499853261896,0.15244169016705805,20260833,1,Asia,342,96,V1-V10_financial_only
PONE2016_h1_target_Asia,20260730,KELM_score_fusion,cost_10,96,48,0.2471126465629901,"Same-horizon leave-one-region-out transfer; source regions=Europe,North America; target region=Asia; source-only fit/search/calibration; target labels untouched until final evaluation; V1-V10 financial ratios only.",Plain KELM plus HistGB score-level fusion; alpha=1.00 selected only on search partition.,Platt_logistic_on_separate_calibration_partition,0.5994789404140899,0.9583333333333334,0.375,0.6052631578947368,0.7419354838709677,0.6534090909090909,0.8582089552238806,0.41039134083406165,0.5283422608165946,0.6666666666666667,0.625,0.7916666666666666,46.0,30.0,18.0,2.0,0.9296504947288327,0.9066840277777777,0.13659421938311195,0.42124284736786577,0.12326870598104006,-0.6116108611555979,1.312606574490303,10.0,0.5208333333333334,0.0946969696969697,0.9395833333333333,0.9791666666666666,0.42291666666666666,0.5,0.6242481918538256,0.6610524256651017,0.862328234379051,0.893197661020855,0.450155456928238,0.544251381167971,0.5674956124112401,0.6425862126354144,0.925314524504753,0.9496753752695287,0.9047309027777778,0.9409288194444444,0.10987554272464838,0.1394895611342128,20260833,1,Asia,342,96,V1-V10_financial_only
PONE2016_h1_target_Asia,20260730,KELM_score_fusion,cost_20,96,48,0.04826665587587738,"Same-horizon leave-one-region-out transfer; source regions=Europe,North America; target region=Asia; source-only fit/search/calibration; target labels untouched until final evaluation; V1-V10 financial ratios only.",Plain KELM plus HistGB score-level fusion; alpha=1.00 selected only on search partition.,Platt_logistic_on_separate_calibration_partition,0.3227486121839514,1.0,0.10416666666666667,0.5274725274725275,0.6906474820143885,0.5825242718446602,0.8480565371024735,0.2344036154692477,0.29011110795301165,0.5520833333333334,0.8958333333333334,0.9479166666666666,48.0,43.0,5.0,0.0,0.9296504947288327,0.9066840277777777,0.13659421938311195,0.42124284736786577,0.12326870598104006,-0.6116108611555979,1.312606574490303,20.0,0.4479166666666667,0.04265873015873016,1.0,1.0,0.0625,0.17916666666666667,0.5161290322580645,0.5492989768851838,0.8421052631578947,0.8589992020973441,0.1796053020267749,0.3129107459531294,0.22390633956822156,0.3819478017979393,0.9016732636654319,0.9515894737864966,0.88359375,0.926953125,0.12059582124548517,0.15239284736048406,20260833,1,Asia,342,96,V1-V10_financial_only
PONE2016_h1_target_Asia,20260730,KELM_risk_feature,triad,96,48,0.8660605798664743,"Same-horizon leave-one-region-out transfer; source regions=Europe,North America; target region=Asia; source-only fit/search/calibration; target labels untouched until final evaluation; V1-V10 financial ratios only.",OOF HistGB risk is a forced KELM input; no score-level fusion.,Platt_logistic_on_separate_calibration_partition,0.7691422892489471,0.6041666666666666,0.9791666666666666,0.9666666666666667,0.7435897435897436,0.8630952380952381,0.6531531531531531,0.6292532049656927,0.7193599788226234,0.7916666666666666,0.020833333333333332,0.3125,29.0,1.0,47.0,19.0,0.9416586039323762,0.92578125,0.10747041070717607,0.35436779418935843,0.0758617416293431,-0.2851288632534787,1.2445289723615955,,,,0.54375,0.6791666666666667,0.9604166666666667,0.9979166666666667,0.9382317801672639,0.9970588235294118,0.5956102117061021,0.7221020675423628,0.5808714374495206,0.691442747083381,0.6762493560972658,0.7714122166895848,0.905838675516076,0.9511403512968837,0.8701822916666667,0.9441840277777778,0.0938725504555991,0.1428507368496957,20260941,1,Asia,342,96,V1-V10_financial_only
PONE2016_h1_target_Asia,20260730,KELM_risk_feature,cost_1,96,48,0.6312655067551516,"Same-horizon leave-one-region-out transfer; source regions=Europe,North America; target region=Asia; source-only fit/search/calibration; target labels untouched until final evaluation; V1-V10 financial ratios only.",OOF HistGB risk is a forced KELM input; no score-level fusion.,Platt_logistic_on_separate_calibration_partition,0.8500919067959652,0.7708333333333334,0.9375,0.925,0.8409090909090909,0.8894230769230769,0.7974137931034483,0.7183811165192391,0.8037029399616166,0.8541666666666667,0.0625,0.4166666666666667,37.0,3.0,45.0,11.0,0.9416586039323762,0.92578125,0.10747041070717607,0.35436779418935843,0.0758617416293431,-0.2851288632534787,1.2445289723615955,1.0,0.14583333333333334,0.14583333333333334,0.7333333333333333,0.9291666666666667,0.91875,0.9770833333333333,0.9094608879492599,0.9698717948717949,0.7708760537707906,0.930614406779661,0.7317226825331548,0.8669429909506736,0.8065401041906851,0.9105720731702632,0.9342527913937413,0.9836257530963316,0.9129774305555556,0.9806857638888888,0.08243219242764918,0.11017972067907485,20260941,1,Asia,342,96,V1-V10_financial_only
PONE2016_h1_target_Asia,20260730,KELM_risk_feature,cost_2,96,48,0.6312655067551516,"Same-horizon leave-one-region-out transfer; source regions=Europe,North America; target region=Asia; source-only fit/search/calibration; target labels untouched until final evaluation; V1-V10 financial ratios only.",OOF HistGB risk is a forced KELM input; no score-level fusion.,Platt_logistic_on_separate_calibration_partition,0.8500919067959652,0.7708333333333334,0.9375,0.925,0.8409090909090909,0.8894230769230769,0.7974137931034483,0.7183811165192391,0.8037029399616166,0.8541666666666667,0.0625,0.4166666666666667,37.0,3.0,45.0,11.0,0.9416586039323762,0.92578125,0.10747041070717607,0.35436779418935843,0.0758617416293431,-0.2851288632534787,1.2445289723615955,2.0,0.2604166666666667,0.1736111111111111,0.7333333333333333,0.8520833333333333,0.8791666666666667,0.95625,0.875804057397328,0.9438513513513513,0.767514305074537,0.8567122899085171,0.7075049878238762,0.7506715417836374,0.7916154700792518,0.8300957018619183,0.9262096663665901,0.9583248705105724,0.8959201388888889,0.9426215277777777,0.09947625002034434,0.1210807338222941,20260941,1,Asia,342,96,V1-V10_financial_only
PONE2016_h1_target_Asia,20260730,KELM_risk_feature,cost_5,96,48,0.2111556952878588,"Same-horizon leave-one-region-out transfer; source regions=Europe,North America; target region=Asia; source-only fit/search/calibration; target labels untouched until final evaluation; V1-V10 financial ratios only.",OOF HistGB risk is a forced KELM input; no score-level fusion.,Platt_logistic_on_separate_calibration_partition,0.6776439986371081,0.9583333333333334,0.4791666666666667,0.647887323943662,0.773109243697479,0.6927710843373494,0.8745247148288974,0.4984482964414184,0.6117036937762795,0.71875,0.5208333333333334,0.7395833333333334,46.0,25.0,23.0,2.0,0.9416586039323762,0.92578125,0.10747041070717607,0.35436779418935843,0.0758617416293431,-0.2851288632534787,1.2445289723615955,5.0,0.3645833333333333,0.12152777777777778,0.9395833333333333,0.9791666666666666,0.4020833333333333,0.5750000000000001,0.62046783625731,0.6892741061755147,0.8716395472232048,0.8928617547887223,0.46363375502695625,0.5558311155502944,0.5667289764230352,0.6699498693474519,0.9352793179832293,0.9686182213340394,0.917578125,0.957595486111111,0.08756012471874101,0.11997112645813647,20260941,1,Asia,342,96,V1-V10_financial_only
PONE2016_h1_target_Asia,20260730,KELM_risk_feature,cost_10,96,48,0.0822296860751755,"Same-horizon leave-one-region-out transfer; source regions=Europe,North America; target region=Asia; source-only fit/search/calibration; target labels untouched until final evaluation; V1-V10 financial ratios only.",OOF HistGB risk is a forced KELM input; no score-level fusion.,Platt_logistic_on_separate_calibration_partition,0.408248290463863,1.0,0.16666666666666666,0.5454545454545454,0.7058823529411765,0.6,0.8571428571428571,0.30151134457776363,0.36902076288542446,0.5833333333333334,0.8333333333333334,0.9166666666666666,48.0,40.0,8.0,0.0,0.9416586039323762,0.92578125,0.10747041070717607,0.35436779418935843,0.0758617416293431,-0.2851288632534787,1.2445289723615955,10.0,0.4166666666666667,0.07575757575757576,1.0,1.0,0.10416666666666667,0.22291666666666665,0.5274725274725275,0.5627807486631016,0.8480565371024735,0.8654976792160908,0.2344036154692477,0.35391575484080207,0.29011110795301165,0.42860362194006385,0.9010466859427853,0.9675040264648679,0.8727430555555554,0.9623263888888889,0.08185482939924425,0.15536352716139376,20260941,1,Asia,342,96,V1-V10_financial_only
PONE2016_h1_target_Asia,20260730,KELM_risk_feature,cost_20,96,48,0.0822296860751755,"Same-horizon leave-one-region-out transfer; source regions=Europe,North America; target region=Asia; source-only fit/search/calibration; target labels untouched until final evaluation; V1-V10 financial ratios only.",OOF HistGB risk is a forced KELM input; no score-level fusion.,Platt_logistic_on_separate_calibration_partition,0.408248290463863,1.0,0.16666666666666666,0.5454545454545454,0.7058823529411765,0.6,0.8571428571428571,0.30151134457776363,0.36902076288542446,0.5833333333333334,0.8333333333333334,0.9166666666666666,48.0,40.0,8.0,0.0,0.9416586039323762,0.92578125,0.10747041070717607,0.35436779418935843,0.0758617416293431,-0.2851288632534787,1.2445289723615955,20.0,0.4166666666666667,0.03968253968253968,1.0,1.0,0.14583333333333334,0.20833333333333334,0.5393258426966292,0.5581395348837209,0.8540925266903915,0.8633093525179856,0.2804490780752514,0.34099716973523675,0.34453785038727813,0.41416161517495115,0.9326163671722508,0.9608440578214179,0.9111545138888889,0.9491319444444444,0.08625722195897688,0.11515380452862028,20260941,1,Asia,342,96,V1-V10_financial_only
PONE2016_h1_target_Asia,20260730,Full_PBMSBAINGO,triad,96,48,0.9077403709288352,"Same-horizon leave-one-region-out transfer; source regions=Europe,North America; target region=Asia; source-only fit/search/calibration; target labels untouched until final evaluation; V1-V10 financial ratios only.",Risk feature plus score fusion; alpha=0.70 selected only on search partition.,Platt_logistic_on_separate_calibration_partition,0.7822909731466078,0.625,0.9791666666666666,0.967741935483871,0.759493670886076,0.872093023255814,0.672645739910314,0.6460415830634638,0.7339486965277799,0.8020833333333333,0.020833333333333332,0.3229166666666667,30.0,1.0,47.0,18.0,0.941923936916398,0.9422743055555556,0.09507438575495482,0.3162773720108922,0.08895264551400175,-0.029673254916989914,1.0526316558315918,,,,0.5479166666666666,0.7395833333333334,0.9249999999999999,1.0,0.8971428571428571,1.0,0.6023081074349288,0.7788082541154648,0.5868499812720175,0.7629272615428102,0.6922116913352059,0.8244938189678684,0.9189048278295953,0.9684033015976224,0.9251302083333333,0.9651475694444445,0.0767902142242177,0.10616722937645899,20261037,1,Asia,342,96,V1-V10_financial_only
PONE2016_h1_target_Asia,20260730,Full_PBMSBAINGO,cost_1,96,48,0.5,"Same-horizon leave-one-region-out transfer; source regions=Europe,North America; target region=Asia; source-only fit/search/calibration; target labels untouched until final evaluation; V1-V10 financial ratios only.",Risk feature plus score fusion; alpha=0.70 selected only on search partition.,Platt_logistic_on_separate_calibration_partition,0.8539125638299666,0.8333333333333334,0.875,0.8695652173913043,0.851063829787234,0.8620689655172413,0.8403361344537815,0.7089490077940542,0.8025657130415902,0.8541666666666667,0.125,0.4791666666666667,40.0,6.0,42.0,8.0,0.941923936916398,0.9422743055555556,0.09507438575495482,0.3162773720108922,0.08895264551400175,-0.029673254916989914,1.0526316558315918,1.0,0.14583333333333334,0.14583333333333334,0.775,0.8958333333333334,0.775,0.9520833333333334,0.7979166666666666,0.9462347729789591,0.7927884615384615,0.8804311608689858,0.6296936840905293,0.8063304365917671,0.7474327886953683,0.8673119476244683,0.9170256364662612,0.9763634424015504,0.9197048611111112,0.9737847222222222,0.06870631140772417,0.1083107298745479,20261037,1,Asia,342,96,V1-V10_financial_only
PONE2016_h1_target_Asia,20260730,Full_PBMSBAINGO,cost_2,96,48,0.29870558823374854,"Same-horizon leave-one-region-out transfer; source regions=Europe,North America; target region=Asia; source-only fit/search/calibration; target labels untouched until final evaluation; V1-V10 financial ratios only.",Risk feature plus score fusion; alpha=0.70 selected only on search partition.,Platt_logistic_on_separate_calibration_partition,0.8848650242331375,0.9166666666666666,0.8541666666666666,0.8627450980392157,0.8888888888888888,0.873015873015873,0.9053497942386831,0.772343292338351,0.845645117763738,0.8854166666666666,0.14583333333333334,0.53125,44.0,7.0,41.0,4.0,0.941923936916398,0.9422743055555556,0.09507438575495482,0.3162773720108922,0.08895264551400175,-0.029673254916989914,1.0526316558315918,2.0,0.15625,0.10416666666666667,0.9166666666666666,0.9375,0.8145833333333333,0.9354166666666667,0.8317851959361393,0.9343899261832392,0.898327199732352,0.9332241692671719,0.7351014040016831,0.8543520930590967,0.8187698079560431,0.9021384662514489,0.9380688614937462,0.9681769424034014,0.9322048611111111,0.9639756944444444,0.06782594984714285,0.09649274391439534,20261037,1,Asia,342,96,V1-V10_financial_only
PONE2016_h1_target_Asia,20260730,Full_PBMSBAINGO,cost_5,96,48,0.1319254563322869,"Same-horizon leave-one-region-out transfer; source regions=Europe,North America; target region=Asia; source-only fit/search/calibration; target labels untouched until final evaluation; V1-V10 financial ratios only.",Risk feature plus score fusion; alpha=0.70 selected only on search partition.,Platt_logistic_on_separate_calibration_partition,0.8116983224490899,0.9583333333333334,0.6875,0.7540983606557377,0.8440366972477065,0.7876712328767124,0.9090909090909091,0.6709076657921977,0.7617585725650113,0.8229166666666667,0.3125,0.6354166666666666,46.0,15.0,33.0,2.0,0.941923936916398,0.9422743055555556,0.09507438575495482,0.3162773720108922,0.08895264551400175,-0.029673254916989914,1.0526316558315918,5.0,0.2604166666666667,0.08680555555555555,0.9166666666666666,0.9979166666666667,0.65,0.8625,0.7355137711864407,0.8709473684210526,0.8792060672970767,0.9455518157114624,0.624907606463106,0.7888669357614115,0.7330464698707233,0.8558359231783101,0.9186499943444739,0.9787545011106706,0.9259982638888888,0.9790364583333333,0.05717580914663073,0.11504212627107384,20261037,1,Asia,342,96,V1-V10_financial_only
PONE2016_h1_target_Asia,20260730,Full_PBMSBAINGO,cost_10,96,48,0.07534561998333336,"Same-horizon leave-one-region-out transfer; source regions=Europe,North America; target region=Asia; source-only fit/search/calibration; target labels untouched until final evaluation; V1-V10 financial ratios only.",Risk feature plus score fusion; alpha=0.70 selected only on search partition.,Platt_logistic_on_separate_calibration_partition,0.3818813079129867,1.0,0.14583333333333334,0.5393258426966292,0.7007299270072993,0.594059405940594,0.8540925266903915,0.2804490780752514,0.34453785038727813,0.5729166666666666,0.8541666666666666,0.9270833333333334,48.0,41.0,7.0,0.0,0.941923936916398,0.9422743055555556,0.09507438575495482,0.3162773720108922,0.08895264551400175,-0.029673254916989914,1.0526316558315918,10.0,0.4270833333333333,0.07765151515151515,1.0,1.0,0.0875,0.18541666666666667,0.5228985507246376,0.5510971786833856,0.8456697632604135,0.8599078341013825,0.21348286162608338,0.319621518863981,0.26494859855668224,0.3898387672911806,0.9438322752389121,0.9704763172907083,0.9462239583333334,0.9656684027777778,0.07382258531841371,0.0930551887692337,20261037,1,Asia,342,96,V1-V10_financial_only
PONE2016_h1_target_Asia,20260730,Full_PBMSBAINGO,cost_20,96,48,0.07534561998333336,"Same-horizon leave-one-region-out transfer; source regions=Europe,North America; target region=Asia; source-only fit/search/calibration; target labels untouched until final evaluation; V1-V10 financial ratios only.",Risk feature plus score fusion; alpha=0.70 selected only on search partition.,Platt_logistic_on_separate_calibration_partition,0.3818813079129867,1.0,0.14583333333333334,0.5393258426966292,0.7007299270072993,0.594059405940594,0.8540925266903915,0.2804490780752514,0.34453785038727813,0.5729166666666666,0.8541666666666666,0.9270833333333334,48.0,41.0,7.0,0.0,0.941923936916398,0.9422743055555556,0.09507438575495482,0.3162773720108922,0.08895264551400175,-0.029673254916989914,1.0526316558315918,20.0,0.4270833333333333,0.040674603174603176,1.0,1.0,0.06458333333333333,0.20625000000000002,0.5166900420757363,0.5574979951884522,0.8424017790956263,0.8629999226425311,0.1824962132298049,0.3390608288068469,0.22741680978729092,0.41196064154663803,0.9284330065991658,0.9605150893000965,0.9350260416666666,0.9624999999999999,0.07262427071742315,0.10278828112548972,20261037,1,Asia,342,96,V1-V10_financial_only
PONE2016_h1_target_Asia,20260730,Uncertainty_gated_fusion,triad,96,48,0.8660605798664743,"Same-horizon leave-one-region-out transfer; source regions=Europe,North America; target region=Asia; source-only fit/search/calibration; target labels untouched until final evaluation; V1-V10 financial ratios only.","One-standard-error paired-bootstrap gate selected KELM_risk_feature; search utility difference=-0.0256, required margin=0.0386.",Platt_logistic_on_separate_calibration_partition,0.7691422892489471,0.6041666666666666,0.9791666666666666,0.9666666666666667,0.7435897435897436,0.8630952380952381,0.6531531531531531,0.6292532049656927,0.7193599788226234,0.7916666666666666,0.020833333333333332,0.3125,29.0,1.0,47.0,19.0,0.9416586039323762,0.92578125,0.10747041070717607,0.35436779418935843,0.0758617416293431,-0.2851288632534787,1.2445289723615955,,,,0.46875,0.64375,0.9416666666666667,0.9979166666666667,0.9162404092071611,0.9966666666666667,0.5218287526427061,0.6848242047357092,0.520835484019228,0.6697051967134872,0.6204024015214129,0.746669179914532,0.8933377289513874,0.96303561040894,0.8698350694444444,0.9515625,0.08938456481469222,0.14775266117290395,20261083,1,Asia,342,96,V1-V10_financial_only
PONE2016_h1_target_Asia,20260730,Uncertainty_gated_fusion,cost_1,96,48,0.6312655067551516,"Same-horizon leave-one-region-out transfer; source regions=Europe,North America; target region=Asia; source-only fit/search/calibration; target labels untouched until final evaluation; V1-V10 financial ratios only.","One-standard-error paired-bootstrap gate selected KELM_risk_feature; search utility difference=-0.0256, required margin=0.0386.",Platt_logistic_on_separate_calibration_partition,0.8500919067959652,0.7708333333333334,0.9375,0.925,0.8409090909090909,0.8894230769230769,0.7974137931034483,0.7183811165192391,0.8037029399616166,0.8541666666666667,0.0625,0.4166666666666667,37.0,3.0,45.0,11.0,0.9416586039323762,0.92578125,0.10747041070717607,0.35436779418935843,0.0758617416293431,-0.2851288632534787,1.2445289723615955,1.0,0.14583333333333334,0.14583333333333334,0.7083333333333334,0.85,0.8958333333333334,0.975,0.8732517482517482,0.9706818181818182,0.7362507058159231,0.8658313851548802,0.6174698922152724,0.8020498787435553,0.7323043403478384,0.8611012614372552,0.8984167063958272,0.9520197398633776,0.877126736111111,0.9496961805555554,0.08795117277448375,0.14032220477267923,20261083,1,Asia,342,96,V1-V10_financial_only
PONE2016_h1_target_Asia,20260730,Uncertainty_gated_fusion,cost_2,96,48,0.6312655067551516,"Same-horizon leave-one-region-out transfer; source regions=Europe,North America; target region=Asia; source-only fit/search/calibration; target labels untouched until final evaluation; V1-V10 financial ratios only.","One-standard-error paired-bootstrap gate selected KELM_risk_feature; search utility difference=-0.0256, required margin=0.0386.",Platt_logistic_on_separate_calibration_partition,0.8500919067959652,0.7708333333333334,0.9375,0.925,0.8409090909090909,0.8894230769230769,0.7974137931034483,0.7183811165192391,0.8037029399616166,0.8541666666666667,0.0625,0.4166666666666667,37.0,3.0,45.0,11.0,0.9416586039323762,0.92578125,0.10747041070717607,0.35436779418935843,0.0758617416293431,-0.2851288632534787,1.2445289723615955,2.0,0.2604166666666667,0.1736111111111111,0.6145833333333333,0.7708333333333334,0.8979166666666667,0.9583333333333334,0.879004329004329,0.9482905982905983,0.654561403508772,0.7998390498390499,0.560657455310356,0.7380903250519022,0.6823442317967081,0.8156121693300474,0.8820042777894382,0.941567941760522,0.8520399305555555,0.9346788194444445,0.10481590061446888,0.1560017151193935,20261083,1,Asia,342,96,V1-V10_financial_only
PONE2016_h1_target_Asia,20260730,Uncertainty_gated_fusion,cost_5,96,48,0.2111556952878588,"Same-horizon leave-one-region-out transfer; source regions=Europe,North America; target region=Asia; source-only fit/search/calibration; target labels untouched until final evaluation; V1-V10 financial ratios only.","One-standard-error paired-bootstrap gate selected KELM_risk_feature; search utility difference=-0.0256, required margin=0.0386.",Platt_logistic_on_separate_calibration_partition,0.6776439986371081,0.9583333333333334,0.4791666666666667,0.647887323943662,0.773109243697479,0.6927710843373494,0.8745247148288974,0.4984482964414184,0.6117036937762795,0.71875,0.5208333333333334,0.7395833333333334,46.0,25.0,23.0,2.0,0.9416586039323762,0.92578125,0.10747041070717607,0.35436779418935843,0.0758617416293431,-0.2851288632534787,1.2445289723615955,5.0,0.3645833333333333,0.12152777777777778,0.9375,1.0,0.46458333333333335,0.5604166666666667,0.6499602543720191,0.6946583850931677,0.8657187407187408,0.9191892603316663,0.5059442374836518,0.6239338579761062,0.6270528760597247,0.7044957996157191,0.9296147528496487,0.9924947266516885,0.912109375,0.9915798611111111,0.056866392767018534,0.12093293082531643,20261083,1,Asia,342,96,V1-V10_financial_only
PONE2016_h1_target_Asia,20260730,Uncertainty_gated_fusion,cost_10,96,48,0.0822296860751755,"Same-horizon leave-one-region-out transfer; source regions=Europe,North America; target region=Asia; source-only fit/search/calibration; target labels untouched until final evaluation; V1-V10 financial ratios only.","One-standard-error paired-bootstrap gate selected KELM_risk_feature; search utility difference=-0.0256, required margin=0.0386.",Platt_logistic_on_separate_calibration_partition,0.408248290463863,1.0,0.16666666666666666,0.5454545454545454,0.7058823529411765,0.6,0.8571428571428571,0.30151134457776363,0.36902076288542446,0.5833333333333334,0.8333333333333334,0.9166666666666666,48.0,40.0,8.0,0.0,0.9416586039323762,0.92578125,0.10747041070717607,0.35436779418935843,0.0758617416293431,-0.2851288632534787,1.2445289723615955,10.0,0.4166666666666667,0.07575757575757576,1.0,1.0,0.10625000000000001,0.18541666666666667,0.528058608058608,0.5510971786833856,0.8483572663709495,0.8599078341013825,0.23678314289703906,0.319621518863981,0.292938658131369,0.3898387672911806,0.9464102483906132,0.967198327217943,0.9260416666666667,0.9552083333333334,0.09375087760069213,0.1099780470672162,20261083,1,Asia,342,96,V1-V10_financial_only
PONE2016_h1_target_Asia,20260730,Uncertainty_gated_fusion,cost_20,96,48,0.0822296860751755,"Same-horizon leave-one-region-out transfer; source regions=Europe,North America; target region=Asia; source-only fit/search/calibration; target labels untouched until final evaluation; V1-V10 financial ratios only.","One-standard-error paired-bootstrap gate selected KELM_risk_feature; search utility difference=-0.0256, required margin=0.0386.",Platt_logistic_on_separate_calibration_partition,0.408248290463863,1.0,0.16666666666666666,0.5454545454545454,0.7058823529411765,0.6,0.8571428571428571,0.30151134457776363,0.36902076288542446,0.5833333333333334,0.8333333333333334,0.9166666666666666,48.0,40.0,8.0,0.0,0.9416586039323762,0.92578125,0.10747041070717607,0.35436779418935843,0.0758617416293431,-0.2851288632534787,1.2445289723615955,20.0,0.4166666666666667,0.03968253968253968,1.0,1.0,0.07083333333333333,0.1875,0.518448713301921,0.5517241379310345,0.8433039895111444,0.8602150537634409,0.18968967963162256,0.32163376045133846,0.23596949065012723,0.3921518788918202,0.8748650324657478,0.9489511662839416,0.8296006944444445,0.9346354166666667,0.10800680035992037,0.16182459157276535,20261083,1,Asia,342,96,V1-V10_financial_only
PONE2016_h1_target_Asia,20260730,Full_random_search,triad,96,48,0.8994242037509451,"Same-horizon leave-one-region-out transfer; source regions=Europe,North America; target region=Asia; source-only fit/search/calibration; target labels untouched until final evaluation; V1-V10 financial ratios only.",Same full architecture and 81 evaluations as PBMSBAINGO; alpha=0.70.,Platt_logistic_on_separate_calibration_partition,0.7952222784996797,0.6458333333333334,0.9791666666666666,0.96875,0.775,0.8806818181818182,0.6919642857142857,0.6629126073623883,0.7484183925822137,0.8125,0.020833333333333332,0.3333333333333333,31.0,1.0,47.0,17.0,0.947209019739595,0.9444444444444444,0.09619413979180054,0.3187077795252172,0.07008261464027232,-0.1716522269604469,1.0708047426387617,,,,0.5645833333333333,0.7479166666666667,0.9416666666666667,0.9979166666666667,0.9146103896103895,0.9972972972972973,0.61562114356232,0.784516091799242,0.5925262752242466,0.7566389951086645,0.6910647259709566,0.8203656048079147,0.9175669411538826,0.9769008330423289,0.9184461805555555,0.9742621527777778,0.07215066963855894,0.11901970262586986,20261131,1,Asia,342,96,V1-V10_financial_only
PONE2016_h1_target_Asia,20260730,Full_random_search,cost_1,96,48,0.617106845716225,"Same-horizon leave-one-region-out transfer; source regions=Europe,North America; target region=Asia; source-only fit/search/calibration; target labels untouched until final evaluation; V1-V10 financial ratios only.",Same full architecture and 81 evaluations as PBMSBAINGO; alpha=0.70.,Platt_logistic_on_separate_calibration_partition,0.8645205800519344,0.8541666666666666,0.875,0.8723404255319149,0.8631578947368421,0.8686440677966102,0.8577405857740585,0.7293249574894728,0.8168780928476105,0.8645833333333333,0.125,0.4895833333333333,41.0,6.0,42.0,7.0,0.947209019739595,0.9444444444444444,0.09619413979180054,0.3187077795252172,0.07008261464027232,-0.1716522269604469,1.0708047426387617,1.0,0.13541666666666666,0.13541666666666666,0.875,0.9166666666666666,0.8354166666666667,0.9354166666666667,0.8472527472527472,0.9338575393154487,0.8717323651452282,0.9186158172714177,0.7313924617405255,0.8481523610948754,0.8183077805772366,0.8979011121126099,0.9502255971890906,0.9728143831722974,0.941579861111111,0.9677083333333333,0.07221735023937975,0.10465893241468326,20261131,1,Asia,342,96,V1-V10_financial_only
PONE2016_h1_target_Asia,20260730,Full_random_search,cost_2,96,48,0.617106845716225,"Same-horizon leave-one-region-out transfer; source regions=Europe,North America; target region=Asia; source-only fit/search/calibration; target labels untouched until final evaluation; V1-V10 financial ratios only.",Same full architecture and 81 evaluations as PBMSBAINGO; alpha=0.70.,Platt_logistic_on_separate_calibration_partition,0.8645205800519344,0.8541666666666666,0.875,0.8723404255319149,0.8631578947368421,0.8686440677966102,0.8577405857740585,0.7293249574894728,0.8168780928476105,0.8645833333333333,0.125,0.4895833333333333,41.0,6.0,42.0,7.0,0.947209019739595,0.9444444444444444,0.09619413979180054,0.3187077795252172,0.07008261464027232,-0.1716522269604469,1.0708047426387617,2.0,0.20833333333333334,0.1388888888888889,0.7374999999999999,0.8541666666666666,0.8354166666666667,0.9145833333333333,0.8378438331854481,0.8968227424749164,0.7637509549274255,0.8602723246975139,0.6584694420657373,0.7464816023243276,0.7616230908778547,0.8283892917734974,0.9106074649884166,0.9511877242117623,0.905078125,0.948828125,0.0906094895477331,0.1244411939417635,20261131,1,Asia,342,96,V1-V10_financial_only
PONE2016_h1_target_Asia,20260730,Full_random_search,cost_5,96,48,0.08077911728857642,"Same-horizon leave-one-region-out transfer; source regions=Europe,North America; target region=Asia; source-only fit/search/calibration; target labels untouched until final evaluation; V1-V10 financial ratios only.",Same full architecture and 81 evaluations as PBMSBAINGO; alpha=0.70.,Platt_logistic_on_separate_calibration_partition,0.6545115863502087,0.9791666666666666,0.4375,0.6351351351351351,0.7704918032786885,0.6831395348837209,0.8834586466165414,0.4956815970966097,0.5965943797750479,0.7083333333333333,0.5625,0.7708333333333334,47.0,27.0,21.0,1.0,0.947209019739595,0.9444444444444444,0.09619413979180054,0.3187077795252172,0.07008261464027232,-0.1716522269604469,1.0708047426387617,5.0,0.3333333333333333,0.1111111111111111,0.9791666666666666,1.0,0.33749999999999997,0.5270833333333332,0.6015384615384616,0.6748855835240275,0.877414398595259,0.8992337164750959,0.44866126179379406,0.5693244812842131,0.5335589537363475,0.6637492645791198,0.901784768189338,0.961585226325942,0.9022569444444445,0.9631944444444445,0.0839486604340685,0.12981116798953696,20261131,1,Asia,342,96,V1-V10_financial_only
PONE2016_h1_target_Asia,20260730,Full_random_search,cost_10,96,48,0.08077911728857642,"Same-horizon leave-one-region-out transfer; source regions=Europe,North America; target region=Asia; source-only fit/search/calibration; target labels untouched until final evaluation; V1-V10 financial ratios only.",Same full architecture and 81 evaluations as PBMSBAINGO; alpha=0.70.,Platt_logistic_on_separate_calibration_partition,0.6545115863502087,0.9791666666666666,0.4375,0.6351351351351351,0.7704918032786885,0.6831395348837209,0.8834586466165414,0.4956815970966097,0.5965943797750479,0.7083333333333333,0.5625,0.7708333333333334,47.0,27.0,21.0,1.0,0.947209019739595,0.9444444444444444,0.09619413979180054,0.3187077795252172,0.07008261464027232,-0.1716522269604469,1.0708047426387617,10.0,0.3854166666666667,0.07007575757575757,0.9583333333333334,0.9979166666666667,0.42291666666666666,0.5583333333333333,0.6287887323943663,0.6896644573322287,0.8748585028879924,0.9116773910500147,0.4807243288746609,0.5956077036711963,0.5833606005278545,0.6884062676002152,0.93856477003587,0.9650909594526993,0.9319878472222222,0.9579427083333334,0.0772422415258662,0.11307962454846904,20261131,1,Asia,342,96,V1-V10_financial_only
PONE2016_h1_target_Asia,20260730,Full_random_search,cost_20,96,48,0.08077911728857642,"Same-horizon leave-one-region-out transfer; source regions=Europe,North America; target region=Asia; source-only fit/search/calibration; target labels untouched until final evaluation; V1-V10 financial ratios only.",Same full architecture and 81 evaluations as PBMSBAINGO; alpha=0.70.,Platt_logistic_on_separate_calibration_partition,0.6545115863502087,0.9791666666666666,0.4375,0.6351351351351351,0.7704918032786885,0.6831395348837209,0.8834586466165414,0.4956815970966097,0.5965943797750479,0.7083333333333333,0.5625,0.7708333333333334,47.0,27.0,21.0,1.0,0.947209019739595,0.9444444444444444,0.09619413979180054,0.3187077795252172,0.07008261464027232,-0.1716522269604469,1.0708047426387617,20.0,0.4895833333333333,0.04662698412698413,0.94375,1.0,0.375,0.4520833333333333,0.6015384615384616,0.6461214461214462,0.8473158551810237,0.9012494060429884,0.3882064718498306,0.5403990447591638,0.5157390611283759,0.6250432697154762,0.9293035763053952,0.9584735900328618,0.9245225694444443,0.9574652777777778,0.08574344710599942,0.1197469554794342,20261131,1,Asia,342,96,V1-V10_financial_only
PONE2016_h1_target_Asia,20260730,Balanced_logistic,triad,96,48,0.9029763223175306,"Same-horizon leave-one-region-out transfer; source regions=Europe,North America; target region=Asia; source-only fit/search/calibration; target labels untouched until final evaluation; V1-V10 financial ratios only.",Class-weighted logistic reference using the same source-only fit/search/calibration and untouched regional target.,Platt_logistic_on_separate_calibration_partition,0.8079466429027214,0.6666666666666666,0.9791666666666666,0.9696969696969697,0.7901234567901234,0.8888888888888888,0.7111111111111111,0.6798834181250946,0.7627811232264889,0.8229166666666666,0.020833333333333332,0.34375,32.0,1.0,47.0,16.0,0.9543744904577071,0.9440104166666666,0.10232066833679222,0.3235760106814021,0.08586438083412934,-0.6868715380360546,1.263824887137421,,,,0.5666666666666667,0.7791666666666666,0.9604166666666667,1.0,0.9514285714285714,1.0,0.6175880425880426,0.8084975369458128,0.5991939412580729,0.7552856244487531,0.692731912951068,0.8271258923921087,0.9550330704144281,0.9699406017805094,0.9381510416666666,0.9696180555555557,0.08720603815556519,0.11109596098079566,20262031,1,Asia,342,96,V1-V10_financial_only
PONE2016_h1_target_Asia,20260730,Balanced_logistic,cost_1,96,48,0.6593644179556826,"Same-horizon leave-one-region-out transfer; source regions=Europe,North America; target region=Asia; source-only fit/search/calibration; target labels untouched until final evaluation; V1-V10 financial ratios only.",Class-weighted logistic reference using the same source-only fit/search/calibration and untouched regional target.,Platt_logistic_on_separate_calibration_partition,0.853149801226803,0.8125,0.8958333333333334,0.8863636363636364,0.8478260869565217,0.8705357142857143,0.826271186440678,0.7108057085060271,0.8027873090508576,0.8541666666666667,0.10416666666666667,0.4583333333333333,39.0,5.0,43.0,9.0,0.9543744904577071,0.9440104166666666,0.10232066833679222,0.3235760106814021,0.08586438083412934,-0.6868715380360546,1.263824887137421,1.0,0.14583333333333334,0.14583333333333334,0.8333333333333334,0.9125,0.8208333333333333,0.9729166666666667,0.8300653594771241,0.9697154471544716,0.8453305807573206,0.9114978902953587,0.6930215488008987,0.832128016452819,0.7911078955144495,0.8867112515332838,0.9525689957206834,0.9713340690288526,0.93984375,0.9635416666666666,0.08649673708122001,0.12055106487506669,20262031,1,Asia,342,96,V1-V10_financial_only
PONE2016_h1_target_Asia,20260730,Balanced_logistic,cost_2,96,48,0.2439325672092018,"Same-horizon leave-one-region-out transfer; source regions=Europe,North America; target region=Asia; source-only fit/search/calibration; target labels untouched until final evaluation; V1-V10 financial ratios only.",Class-weighted logistic reference using the same source-only fit/search/calibration and untouched regional target.,Platt_logistic_on_separate_calibration_partition,0.699702317656111,0.9791666666666666,0.5,0.6619718309859155,0.7899159663865546,0.7078313253012049,0.8935361216730038,0.5459195627691725,0.6441471566101725,0.7395833333333333,0.5,0.7395833333333334,47.0,24.0,24.0,1.0,0.9543744904577071,0.9440104166666666,0.10232066833679222,0.3235760106814021,0.08586438083412934,-0.6868715380360546,1.263824887137421,2.0,0.2708333333333333,0.18055555555555555,0.9604166666666667,0.9791666666666666,0.38125,0.6,0.6128641628641629,0.7100267379679145,0.8745912178215055,0.9101520572450804,0.4495767037059026,0.6259132867759571,0.5514883537107077,0.716401304836895,0.9326502309244119,0.95740987141967,0.9145833333333332,0.9506076388888889,0.09660604744238223,0.1288509040645207,20262031,1,Asia,342,96,V1-V10_financial_only
PONE2016_h1_target_Asia,20260730,Balanced_logistic,cost_5,96,48,0.2439325672092018,"Same-horizon leave-one-region-out transfer; source regions=Europe,North America; target region=Asia; source-only fit/search/calibration; target labels untouched until final evaluation; V1-V10 financial ratios only.",Class-weighted logistic reference using the same source-only fit/search/calibration and untouched regional target.,Platt_logistic_on_separate_calibration_partition,0.699702317656111,0.9791666666666666,0.5,0.6619718309859155,0.7899159663865546,0.7078313253012049,0.8935361216730038,0.5459195627691725,0.6441471566101725,0.7395833333333333,0.5,0.7395833333333334,47.0,24.0,24.0,1.0,0.9543744904577071,0.9440104166666666,0.10232066833679222,0.3235760106814021,0.08586438083412934,-0.6868715380360546,1.263824887137421,5.0,0.3020833333333333,0.10069444444444445,0.9583333333333334,0.9979166666666667,0.46249999999999997,0.6416666666666667,0.6451663405088063,0.7353846153846154,0.8787555811608815,0.9305052402462841,0.5128188771156287,0.6816852566117929,0.6141766378659808,0.7579898602572475,0.9357898646861718,0.9714581462609811,0.9217447916666667,0.9665364583333335,0.08725640632466018,0.11696451790163608,20262031,1,Asia,342,96,V1-V10_financial_only
PONE2016_h1_target_Asia,20260730,Balanced_logistic,cost_10,96,48,0.2439325672092018,"Same-horizon leave-one-region-out transfer; source regions=Europe,North America; target region=Asia; source-only fit/search/calibration; target labels untouched until final evaluation; V1-V10 financial ratios only.",Class-weighted logistic reference using the same source-only fit/search/calibration and untouched regional target.,Platt_logistic_on_separate_calibration_partition,0.699702317656111,0.9791666666666666,0.5,0.6619718309859155,0.7899159663865546,0.7078313253012049,0.8935361216730038,0.5459195627691725,0.6441471566101725,0.7395833333333333,0.5,0.7395833333333334,47.0,24.0,24.0,1.0,0.9543744904577071,0.9440104166666666,0.10232066833679222,0.3235760106814021,0.08586438083412934,-0.6868715380360546,1.263824887137421,10.0,0.3541666666666667,0.06439393939393939,0.9395833333333333,1.0,0.4166666666666667,0.6166666666666667,0.6169566827101074,0.7231168831168832,0.8506171088097603,0.9288123557606959,0.4180042670296807,0.6677248162389223,0.5469525920568274,0.7438456796840981,0.9364991631369068,0.9607569679573873,0.9182725694444446,0.9581597222222222,0.09254777652786966,0.12109373645645322,20262031,1,Asia,342,96,V1-V10_financial_only
PONE2016_h1_target_Asia,20260730,Balanced_logistic,cost_20,96,48,0.07769473059692372,"Same-horizon leave-one-region-out transfer; source regions=Europe,North America; target region=Asia; source-only fit/search/calibration; target labels untouched until final evaluation; V1-V10 financial ratios only.",Class-weighted logistic reference using the same source-only fit/search/calibration and untouched regional target.,Platt_logistic_on_separate_calibration_partition,0.3535533905932738,1.0,0.125,0.5333333333333333,0.6956521739130435,0.5882352941176471,0.851063829787234,0.25819888974716115,0.31838660973658534,0.5625,0.875,0.9375,48.0,42.0,6.0,0.0,0.9543744904577071,0.9440104166666666,0.10232066833679222,0.3235760106814021,0.08586438083412934,-0.6868715380360546,1.263824887137421,20.0,0.4375,0.041666666666666664,1.0,1.0,0.035416666666666666,0.24166666666666667,0.5092822966507177,0.5688311688311688,0.8383275261324041,0.8683229813664596,0.12248918614544024,0.37031916016608085,0.1528353668621364,0.44682874412885787,0.9138975565809507,0.9623426154936087,0.8973958333333334,0.949782986111111,0.08716052513748064,0.14193394517926033,20262031,1,Asia,342,96,V1-V10_financial_only
PONE2016_h1_target_Europe,20260730,HistGB,triad,171,86,0.9289184500299371,"Same-horizon leave-one-region-out transfer; source regions=Asia,North America; target region=Europe; source-only fit/search/calibration; target labels untouched until final evaluation; V1-V10 financial ratios only.",No metaheuristic; threshold and Platt calibration use calibration partition.,Platt_logistic_on_separate_calibration_partition,0.7448868109646665,0.6046511627906976,0.9176470588235294,0.8813559322033898,0.7172413793103448,0.8074534161490683,0.6451612903225806,0.5493412588939887,0.6729884269341517,0.7611491108071136,0.08235294117647059,0.34502923976608185,52.0,7.0,78.0,34.0,0.8607584204467822,0.8808481532147743,0.14984046276283483,0.4779763713993825,0.09354868242583984,-0.12502369375106423,0.7323014741694593,,,,0.6069767441860465,0.6627906976744186,0.8635294117647059,0.94,0.8254726368159204,0.9174193548387096,0.6460396039603961,0.7016263401912489,0.512884514180858,0.625304210962218,0.6554597270332362,0.7300350059600333,0.7991401054098299,0.8863176209211879,0.854500683994528,0.8956224350205199,0.14952154551931193,0.1818397285665404,20260730,1,Europe,267,171,V1-V10_financial_only
PONE2016_h1_target_Europe,20260730,HistGB,cost_1,171,86,0.38111438505307244,"Same-horizon leave-one-region-out transfer; source regions=Asia,North America; target region=Europe; source-only fit/search/calibration; target labels untouched until final evaluation; V1-V10 financial ratios only.",No metaheuristic; threshold and Platt calibration use calibration partition.,Platt_logistic_on_separate_calibration_partition,0.8187274500607025,0.813953488372093,0.8235294117647058,0.8235294117647058,0.8187134502923976,0.8215962441314554,0.8158508158508159,0.6374829001367989,0.7532094281968701,0.8187414500683994,0.17647058823529413,0.49707602339181284,70.0,15.0,70.0,16.0,0.8607584204467822,0.8808481532147743,0.14984046276283483,0.4779763713993825,0.09354868242583984,-0.12502369375106423,0.7323014741694593,1.0,0.18128654970760233,0.18128654970760233,0.7872093023255814,0.8709302325581395,0.7588235294117647,0.8811764705882352,0.7676448551448551,0.8799159663865546,0.7837635344160866,0.8642844694246564,0.5475330053610564,0.7417330606656001,0.6891249574776616,0.8254301013555915,0.7740891523358303,0.9035541621666352,0.8147058823529412,0.9243228454172367,0.10667198421705548,0.18346673961771762,20260730,1,Europe,267,171,V1-V10_financial_only
PONE2016_h1_target_Europe,20260730,HistGB,cost_2,171,86,0.38111438505307244,"Same-horizon leave-one-region-out transfer; source regions=Asia,North America; target region=Europe; source-only fit/search/calibration; target labels untouched until final evaluation; V1-V10 financial ratios only.",No metaheuristic; threshold and Platt calibration use calibration partition.,Platt_logistic_on_separate_calibration_partition,0.8187274500607025,0.813953488372093,0.8235294117647058,0.8235294117647058,0.8187134502923976,0.8215962441314554,0.8158508158508159,0.6374829001367989,0.7532094281968701,0.8187414500683994,0.17647058823529413,0.49707602339181284,70.0,15.0,70.0,16.0,0.8607584204467822,0.8808481532147743,0.14984046276283483,0.4779763713993825,0.09354868242583984,-0.12502369375106423,0.7323014741694593,2.0,0.27485380116959063,0.1828793774319066,0.7058139534883721,0.8348837209302326,0.7905882352941176,0.8905882352941177,0.7730305838739574,0.8831826401446654,0.7182647590929776,0.8397516625792625,0.49811122986808204,0.7087154729320625,0.652471514083659,0.8016408378734142,0.8317461688072971,0.9079273359751542,0.8405061559507523,0.9054582763337893,0.1244433108421201,0.20587209334690046,20260730,1,Europe,267,171,V1-V10_financial_only
PONE2016_h1_target_Europe,20260730,HistGB,cost_5,171,86,0.14144495664992965,"Same-horizon leave-one-region-out transfer; source regions=Asia,North America; target region=Europe; source-only fit/search/calibration; target labels untouched until final evaluation; V1-V10 financial ratios only.",No metaheuristic; threshold and Platt calibration use calibration partition.,Platt_logistic_on_separate_calibration_partition,0.8251352332889285,0.9186046511627907,0.7411764705882353,0.7821782178217822,0.8449197860962567,0.8061224489795918,0.8876404494382022,0.6708862122510577,0.7701341412605366,0.8298905608755129,0.25882352941176473,0.5906432748538012,79.0,22.0,63.0,7.0,0.8607584204467822,0.8808481532147743,0.14984046276283483,0.4779763713993825,0.09354868242583984,-0.12502369375106423,0.7323014741694593,5.0,0.3333333333333333,0.11067961165048544,0.8627906976744186,0.9406976744186046,0.6729411764705882,0.7623529411764706,0.7274509803921568,0.7930737663897507,0.8318385650224215,0.9043251304996272,0.5459860459437188,0.6946279397352959,0.6818277537819323,0.7851179232528902,0.7802842053795329,0.8461103754421055,0.8198221614227086,0.8834746922024623,0.14318379267548573,0.18396280491876799,20260730,1,Europe,267,171,V1-V10_financial_only
PONE2016_h1_target_Europe,20260730,HistGB,cost_10,171,86,0.14144495664992965,"Same-horizon leave-one-region-out transfer; source regions=Asia,North America; target region=Europe; source-only fit/search/calibration; target labels untouched until final evaluation; V1-V10 financial ratios only.",No metaheuristic; threshold and Platt calibration use calibration partition.,Platt_logistic_on_separate_calibration_partition,0.8251352332889285,0.9186046511627907,0.7411764705882353,0.7821782178217822,0.8449197860962567,0.8061224489795918,0.8876404494382022,0.6708862122510577,0.7701341412605366,0.8298905608755129,0.25882352941176473,0.5906432748538012,79.0,22.0,63.0,7.0,0.8607584204467822,0.8808481532147743,0.14984046276283483,0.4779763713993825,0.09354868242583984,-0.12502369375106423,0.7323014741694593,10.0,0.5380116959064327,0.09735449735449736,0.8848837209302326,0.9627906976744186,0.6952941176470588,0.8388235294117646,0.7470033296337403,0.8575064432989691,0.8541177307993452,0.9392654220779221,0.5966184346435605,0.8052749744965787,0.71723628449677,0.8650232632213951,0.8361559079689366,0.9318312895771305,0.8486046511627906,0.9297537619699042,0.12450043263052508,0.18592672367693505,20260730,1,Europe,267,171,V1-V10_financial_only
PONE2016_h1_target_Europe,20260730,HistGB,cost_20,171,86,0.11403605001720103,"Same-horizon leave-one-region-out transfer; source regions=Asia,North America; target region=Europe; source-only fit/search/calibration; target labels untouched until final evaluation; V1-V10 financial ratios only.",No metaheuristic; threshold and Platt calibration use calibration partition.,Platt_logistic_on_separate_calibration_partition,0.43133109281375365,0.9883720930232558,0.18823529411764706,0.551948051948052,0.7083333333333334,0.6054131054131054,0.8534136546184738,0.29510918904744216,0.38007393568656334,0.5883036935704514,0.8117647058823529,0.9005847953216374,85.0,69.0,16.0,1.0,0.8607584204467822,0.8808481532147743,0.14984046276283483,0.4779763713993825,0.09354868242583984,-0.12502369375106423,0.7323014741694593,20.0,0.52046783625731,0.049307479224376734,0.977906976744186,0.9988372093023256,0.15411764705882353,0.26705882352941174,0.5421723152307064,0.5770748299319728,0.8428563955219676,0.8650547919226234,0.24741640735993575,0.36955519683509075,0.3407249288234388,0.4602641292662361,0.7982391609575421,0.889032548782845,0.840328317373461,0.8986593707250342,0.13770644300931484,0.17841328615755292,20260730,1,Europe,267,171,V1-V10_financial_only
PONE2016_h1_target_Europe,20260730,KELM_PBMSBAINGO,triad,171,86,0.7100081194186826,"Same-horizon leave-one-region-out transfer; source regions=Asia,North America; target region=Europe; source-only fit/search/calibration; target labels untouched until final evaluation; V1-V10 financial ratios only.",Plain KELM; hyperparameters/features selected only on search partition.,Platt_logistic_on_separate_calibration_partition,0.7637476896958392,0.6046511627906976,0.9647058823529412,0.9454545454545454,0.7375886524822695,0.8496732026143791,0.6516290726817042,0.6094429366937203,0.7083984827822604,0.7846785225718194,0.03529411764705882,0.3216374269005848,52.0,3.0,82.0,34.0,0.8725028946094125,0.8683994528043776,0.14494330512943848,0.526680663585334,0.08125358607355747,0.09088790582746278,0.5600761120708964,,,,0.5325581395348837,0.6511627906976745,0.9541176470588235,0.9976470588235294,0.9305921052631579,0.996551724137931,0.5826664206829865,0.6963445798303767,0.5490417292556796,0.682389942021962,0.6553919401529847,0.7583648335365369,0.859646810225353,0.9453659141730489,0.8490424076607388,0.9243775649794802,0.10637917907651406,0.16293704113600593,20260831,1,Europe,267,171,V1-V10_financial_only
PONE2016_h1_target_Europe,20260730,KELM_PBMSBAINGO,cost_1,171,86,0.6893174817943059,"Same-horizon leave-one-region-out transfer; source regions=Asia,North America; target region=Europe; source-only fit/search/calibration; target labels untouched until final evaluation; V1-V10 financial ratios only.",Plain KELM; hyperparameters/features selected only on search partition.,Platt_logistic_on_separate_calibration_partition,0.7637476896958392,0.6046511627906976,0.9647058823529412,0.9454545454545454,0.7375886524822695,0.8496732026143791,0.6516290726817042,0.6094429366937203,0.7083984827822604,0.7846785225718194,0.03529411764705882,0.3216374269005848,52.0,3.0,82.0,34.0,0.8725028946094125,0.8683994528043776,0.14494330512943848,0.526680663585334,0.08125358607355747,0.09088790582746278,0.5600761120708964,1.0,0.21637426900584794,0.21637426900584794,0.5186046511627908,0.6790697674418604,0.9541176470588235,0.9752941176470588,0.9193396226415094,0.9651346604215456,0.5680743330077622,0.7218055555555556,0.5242822637319268,0.684251920847596,0.6376807484811869,0.7680390537055009,0.8191609876247636,0.9100763882780956,0.8089466484268127,0.9124897400820794,0.11523701744473071,0.18365059073175585,20260831,1,Europe,267,171,V1-V10_financial_only
PONE2016_h1_target_Europe,20260730,KELM_PBMSBAINGO,cost_2,171,86,0.6893174817943059,"Same-horizon leave-one-region-out transfer; source regions=Asia,North America; target region=Europe; source-only fit/search/calibration; target labels untouched until final evaluation; V1-V10 financial ratios only.",Plain KELM; hyperparameters/features selected only on search partition.,Platt_logistic_on_separate_calibration_partition,0.7637476896958392,0.6046511627906976,0.9647058823529412,0.9454545454545454,0.7375886524822695,0.8496732026143791,0.6516290726817042,0.6094429366937203,0.7083984827822604,0.7846785225718194,0.03529411764705882,0.3216374269005848,52.0,3.0,82.0,34.0,0.8725028946094125,0.8683994528043776,0.14494330512943848,0.526680663585334,0.08125358607355747,0.09088790582746278,0.5600761120708964,2.0,0.4152046783625731,0.27626459143968873,0.5627906976744186,0.6825581395348838,0.9541176470588235,0.9764705882352941,0.9351612903225807,0.9641534391534392,0.6135499834196363,0.7232478173925766,0.5913923748517316,0.6735178795214336,0.6874961238010535,0.7619813488732192,0.8573616838148813,0.9093897566135628,0.821080711354309,0.9018741450068398,0.12119399503185234,0.17078284929612364,20260831,1,Europe,267,171,V1-V10_financial_only
PONE2016_h1_target_Europe,20260730,KELM_PBMSBAINGO,cost_5,171,86,0.08825863630662033,"Same-horizon leave-one-region-out transfer; source regions=Asia,North America; target region=Europe; source-only fit/search/calibration; target labels untouched until final evaluation; V1-V10 financial ratios only.",Plain KELM; hyperparameters/features selected only on search partition.,Platt_logistic_on_separate_calibration_partition,0.617572140593477,0.9534883720930233,0.4,0.6165413533834586,0.7488584474885844,0.6634304207119741,0.859538784067086,0.42512456646254493,0.5452937645016988,0.6767441860465117,0.6,0.7777777777777778,82.0,51.0,34.0,4.0,0.8725028946094125,0.8683994528043776,0.14494330512943848,0.526680663585334,0.08125358607355747,0.09088790582746278,0.5600761120708964,5.0,0.4152046783625731,0.1378640776699029,0.9220930232558139,0.9883720930232558,0.3811764705882353,0.468235294117647,0.6175057208237986,0.6388976473441669,0.8462961457147504,0.8900610663117513,0.4385132021716769,0.5067109722321951,0.5578427593015407,0.6010616978927674,0.8802060109091925,0.9152461098527831,0.876484268125855,0.9108618331053352,0.11767488814950185,0.1432867831021093,20260831,1,Europe,267,171,V1-V10_financial_only
PONE2016_h1_target_Europe,20260730,KELM_PBMSBAINGO,cost_10,171,86,0.08825863630662033,"Same-horizon leave-one-region-out transfer; source regions=Asia,North America; target region=Europe; source-only fit/search/calibration; target labels untouched until final evaluation; V1-V10 financial ratios only.",Plain KELM; hyperparameters/features selected only on search partition.,Platt_logistic_on_separate_calibration_partition,0.617572140593477,0.9534883720930233,0.4,0.6165413533834586,0.7488584474885844,0.6634304207119741,0.859538784067086,0.42512456646254493,0.5452937645016988,0.6767441860465117,0.6,0.7777777777777778,82.0,51.0,34.0,4.0,0.8725028946094125,0.8683994528043776,0.14494330512943848,0.526680663585334,0.08125358607355747,0.09088790582746278,0.5600761120708964,10.0,0.5321637426900585,0.0962962962962963,0.9209302325581395,0.9837209302325581,0.37176470588235294,0.4823529411764706,0.6026984126984127,0.648,0.840934126948874,0.8882407370157299,0.37990140329882494,0.5064028332854109,0.5103774598745974,0.6027852821330848,0.8597849603389748,0.922515834060346,0.8559781121751027,0.9210807113543091,0.11072106047873925,0.15557006421104622,20260831,1,Europe,267,171,V1-V10_financial_only
PONE2016_h1_target_Europe,20260730,KELM_PBMSBAINGO,cost_20,171,86,0.08825863630662033,"Same-horizon leave-one-region-out transfer; source regions=Asia,North America; target region=Europe; source-only fit/search/calibration; target labels untouched until final evaluation; V1-V10 financial ratios only.",Plain KELM; hyperparameters/features selected only on search partition.,Platt_logistic_on_separate_calibration_partition,0.617572140593477,0.9534883720930233,0.4,0.6165413533834586,0.7488584474885844,0.6634304207119741,0.859538784067086,0.42512456646254493,0.5452937645016988,0.6767441860465117,0.6,0.7777777777777778,82.0,51.0,34.0,4.0,0.8725028946094125,0.8683994528043776,0.14494330512943848,0.526680663585334,0.08125358607355747,0.09088790582746278,0.5600761120708964,20.0,0.7660818713450293,0.07257617728531857,0.9302325581395349,0.9651162790697675,0.36705882352941177,0.5094117647058823,0.5979194934418814,0.6657781334646639,0.8371716887591857,0.8854453441295547,0.3602635177578851,0.5338972033709101,0.4973165445400684,0.6401307112621757,0.8046413109659163,0.9177415743428726,0.8262243502051984,0.9057181942544459,0.11527407210730718,0.17879162286084407,20260831,1,Europe,267,171,V1-V10_financial_only
PONE2016_h1_target_Europe,20260730,KELM_score_fusion,triad,171,86,0.9289184500299371,"Same-horizon leave-one-region-out transfer; source regions=Asia,North America; target region=Europe; source-only fit/search/calibration; target labels untouched until final evaluation; V1-V10 financial ratios only.",Plain KELM plus HistGB score-level fusion; alpha=0.00 selected only on search partition.,Platt_logistic_on_separate_calibration_partition,0.7448868109646665,0.6046511627906976,0.9176470588235294,0.8813559322033898,0.7172413793103448,0.8074534161490683,0.6451612903225806,0.5493412588939887,0.6729884269341517,0.7611491108071136,0.08235294117647059,0.34502923976608185,52.0,7.0,78.0,34.0,0.8607584204467822,0.8808481532147743,0.14984046276283483,0.4779763713993825,0.09354868242583984,-0.12502369375106423,0.7323014741694593,,,,0.572093023255814,0.6267441860465116,0.8964705882352941,0.9529411764705882,0.85935960591133,0.9298245614035088,0.616064414768264,0.6631363850815223,0.534823715394224,0.6037389203907001,0.6573084553296059,0.7077788189747871,0.8528485943893415,0.8964704229495233,0.8787414500683993,0.9159370725034198,0.12574587174040766,0.16585207064958568,20260833,1,Europe,267,171,V1-V10_financial_only
PONE2016_h1_target_Europe,20260730,KELM_score_fusion,cost_1,171,86,0.38111438505307244,"Same-horizon leave-one-region-out transfer; source regions=Asia,North America; target region=Europe; source-only fit/search/calibration; target labels untouched until final evaluation; V1-V10 financial ratios only.",Plain KELM plus HistGB score-level fusion; alpha=0.00 selected only on search partition.,Platt_logistic_on_separate_calibration_partition,0.8187274500607025,0.813953488372093,0.8235294117647058,0.8235294117647058,0.8187134502923976,0.8215962441314554,0.8158508158508159,0.6374829001367989,0.7532094281968701,0.8187414500683994,0.17647058823529413,0.49707602339181284,70.0,15.0,70.0,16.0,0.8607584204467822,0.8808481532147743,0.14984046276283483,0.4779763713993825,0.09354868242583984,-0.12502369375106423,0.7323014741694593,1.0,0.18128654970760233,0.18128654970760233,0.791860465116279,0.8686046511627907,0.768235294117647,0.8811764705882352,0.7845803842264915,0.8720632081097197,0.8026617436349609,0.8689958704629428,0.6024582072474162,0.7380259394759111,0.7284116775107206,0.8229336746841743,0.8265287539476303,0.936410677120143,0.8597537619699043,0.9298768809849521,0.11812133004453917,0.16220339941798997,20260833,1,Europe,267,171,V1-V10_financial_only
PONE2016_h1_target_Europe,20260730,KELM_score_fusion,cost_2,171,86,0.38111438505307244,"Same-horizon leave-one-region-out transfer; source regions=Asia,North America; target region=Europe; source-only fit/search/calibration; target labels untouched until final evaluation; V1-V10 financial ratios only.",Plain KELM plus HistGB score-level fusion; alpha=0.00 selected only on search partition.,Platt_logistic_on_separate_calibration_partition,0.8187274500607025,0.813953488372093,0.8235294117647058,0.8235294117647058,0.8187134502923976,0.8215962441314554,0.8158508158508159,0.6374829001367989,0.7532094281968701,0.8187414500683994,0.17647058823529413,0.49707602339181284,70.0,15.0,70.0,16.0,0.8607584204467822,0.8808481532147743,0.14984046276283483,0.4779763713993825,0.09354868242583984,-0.12502369375106423,0.7323014741694593,2.0,0.27485380116959063,0.1828793774319066,0.7813953488372094,0.8372093023255814,0.7435294117647059,0.8517647058823529,0.7594290766704559,0.8514285714285714,0.7788463077046164,0.8399586545501528,0.5439271230575983,0.689145456778637,0.6867440953334497,0.7890699853858408,0.7775249366545876,0.8807945046656401,0.8121751025991792,0.8894117647058823,0.13585936836321275,0.19160731383961674,20260833,1,Europe,267,171,V1-V10_financial_only
PONE2016_h1_target_Europe,20260730,KELM_score_fusion,cost_5,171,86,0.14144495664992965,"Same-horizon leave-one-region-out transfer; source regions=Asia,North America; target region=Europe; source-only fit/search/calibration; target labels untouched until final evaluation; V1-V10 financial ratios only.",Plain KELM plus HistGB score-level fusion; alpha=0.00 selected only on search partition.,Platt_logistic_on_separate_calibration_partition,0.8251352332889285,0.9186046511627907,0.7411764705882353,0.7821782178217822,0.8449197860962567,0.8061224489795918,0.8876404494382022,0.6708862122510577,0.7701341412605366,0.8298905608755129,0.25882352941176473,0.5906432748538012,79.0,22.0,63.0,7.0,0.8607584204467822,0.8808481532147743,0.14984046276283483,0.4779763713993825,0.09354868242583984,-0.12502369375106423,0.7323014741694593,5.0,0.3333333333333333,0.11067961165048544,0.8848837209302326,0.9837209302325581,0.6588235294117647,0.7717647058823529,0.7306361698639121,0.7978846153846154,0.8616422863435468,0.9255546241422333,0.5863377224832121,0.6874378806157655,0.7059018224133744,0.7778721191404535,0.835471419854614,0.8770022852195101,0.8565253077975377,0.8996443228454173,0.13057314021716213,0.18645402438815087,20260833,1,Europe,267,171,V1-V10_financial_only
PONE2016_h1_target_Europe,20260730,KELM_score_fusion,cost_10,171,86,0.14144495664992965,"Same-horizon leave-one-region-out transfer; source regions=Asia,North America; target region=Europe; source-only fit/search/calibration; target labels untouched until final evaluation; V1-V10 financial ratios only.",Plain KELM plus HistGB score-level fusion; alpha=0.00 selected only on search partition.,Platt_logistic_on_separate_calibration_partition,0.8251352332889285,0.9186046511627907,0.7411764705882353,0.7821782178217822,0.8449197860962567,0.8061224489795918,0.8876404494382022,0.6708862122510577,0.7701341412605366,0.8298905608755129,0.25882352941176473,0.5906432748538012,79.0,22.0,63.0,7.0,0.8607584204467822,0.8808481532147743,0.14984046276283483,0.4779763713993825,0.09354868242583984,-0.12502369375106423,0.7323014741694593,10.0,0.5380116959064327,0.09735449735449736,0.877906976744186,0.9523255813953488,0.7305882352941176,0.7635294117647058,0.7796023151605675,0.7918186555497655,0.8586803511555886,0.9142647411313518,0.6454348671157237,0.7101372346910697,0.7557688247308431,0.7943560390815337,0.8436387280280168,0.8822091734990057,0.8759644322845418,0.899890560875513,0.12316216981252513,0.16503632796038073,20260833,1,Europe,267,171,V1-V10_financial_only
PONE2016_h1_target_Europe,20260730,KELM_score_fusion,cost_20,171,86,0.11403605001720103,"Same-horizon leave-one-region-out transfer; source regions=Asia,North America; target region=Europe; source-only fit/search/calibration; target labels untouched until final evaluation; V1-V10 financial ratios only.",Plain KELM plus HistGB score-level fusion; alpha=0.00 selected only on search partition.,Platt_logistic_on_separate_calibration_partition,0.43133109281375365,0.9883720930232558,0.18823529411764706,0.551948051948052,0.7083333333333334,0.6054131054131054,0.8534136546184738,0.29510918904744216,0.38007393568656334,0.5883036935704514,0.8117647058823529,0.9005847953216374,85.0,69.0,16.0,1.0,0.8607584204467822,0.8808481532147743,0.14984046276283483,0.4779763713993825,0.09354868242583984,-0.12502369375106423,0.7323014741694593,20.0,0.52046783625731,0.049307479224376734,0.9883720930232558,1.0,0.11058823529411765,0.17647058823529413,0.529585659249941,0.5509925558312655,0.8425960832556201,0.8598283433133732,0.2090559586770272,0.31075180903911476,0.28371164620597905,0.37906342143050525,0.8198225384889677,0.8938354622073196,0.8472913816689466,0.9115321477428181,0.14215328499977395,0.1989100632811963,20260833,1,Europe,267,171,V1-V10_financial_only
PONE2016_h1_target_Europe,20260730,KELM_risk_feature,triad,171,86,0.8490836993237718,"Same-horizon leave-one-region-out transfer; source regions=Asia,North America; target region=Europe; source-only fit/search/calibration; target labels untouched until final evaluation; V1-V10 financial ratios only.",OOF HistGB risk is a forced KELM input; no score-level fusion.,Platt_logistic_on_separate_calibration_partition,0.7025456934864724,0.5116279069767442,0.9647058823529412,0.9361702127659575,0.6616541353383458,0.8029197080291971,0.5626598465473146,0.5334703747881316,0.6409436062157974,0.7381668946648428,0.03529411764705882,0.27485380116959063,44.0,3.0,82.0,42.0,0.8800037630248623,0.8612859097127223,0.1442701467778898,0.45730756411592677,0.06172384427833113,0.07827084173969037,0.8346294330345368,,,,0.4313953488372093,0.522093023255814,0.8847058823529411,0.9847058823529412,0.8148040638606677,0.9709109730848862,0.4805699481865285,0.5747863247863247,0.4151786233934194,0.5649037403762971,0.5598208233423421,0.6607651552730595,0.808768916180956,0.889847807183909,0.7678932968536252,0.8480711354309165,0.14787522474091236,0.20732780176371898,20260941,1,Europe,267,171,V1-V10_financial_only
PONE2016_h1_target_Europe,20260730,KELM_risk_feature,cost_1,171,86,0.7296164845849591,"Same-horizon leave-one-region-out transfer; source regions=Asia,North America; target region=Europe; source-only fit/search/calibration; target labels untouched until final evaluation; V1-V10 financial ratios only.",OOF HistGB risk is a forced KELM input; no score-level fusion.,Platt_logistic_on_separate_calibration_partition,0.7758319306902253,0.6395348837209303,0.9411764705882353,0.9166666666666666,0.7534246575342466,0.843558282208589,0.6806930693069307,0.6083897541455727,0.7154386479631186,0.7903556771545828,0.058823529411764705,0.3508771929824561,55.0,5.0,80.0,31.0,0.8800037630248623,0.8612859097127223,0.1442701467778898,0.45730756411592677,0.06172384427833113,0.07827084173969037,0.8346294330345368,1.0,0.21052631578947367,0.21052631578947367,0.6209302325581395,0.7058139534883722,0.9411764705882353,0.9870588235294118,0.9198435972629521,0.9811093990755008,0.667941405237231,0.7414724928887005,0.6287826812437424,0.6940752185492701,0.7260981804590799,0.7734185857538194,0.8758540203455869,0.924418423195229,0.8456908344733243,0.9122298221614226,0.11322291791508309,0.1517033512023687,20260941,1,Europe,267,171,V1-V10_financial_only
PONE2016_h1_target_Europe,20260730,KELM_risk_feature,cost_2,171,86,0.7296164845849591,"Same-horizon leave-one-region-out transfer; source regions=Asia,North America; target region=Europe; source-only fit/search/calibration; target labels untouched until final evaluation; V1-V10 financial ratios only.",OOF HistGB risk is a forced KELM input; no score-level fusion.,Platt_logistic_on_separate_calibration_partition,0.7758319306902253,0.6395348837209303,0.9411764705882353,0.9166666666666666,0.7534246575342466,0.843558282208589,0.6806930693069307,0.6083897541455727,0.7154386479631186,0.7903556771545828,0.058823529411764705,0.3508771929824561,55.0,5.0,80.0,31.0,0.8800037630248623,0.8612859097127223,0.1442701467778898,0.45730756411592677,0.06172384427833113,0.07827084173969037,0.8346294330345368,2.0,0.391812865497076,0.2607003891050584,0.5837209302325581,0.6953488372093023,0.9070588235294118,0.9517647058823528,0.8833484162895927,0.9266233766233767,0.6289097744360902,0.7262444513020153,0.5628337013230971,0.6159247167386499,0.6764857143889865,0.7296504624215862,0.8554434001761178,0.896141864639082,0.8356224350205198,0.8721477428180574,0.14189384672795174,0.15959879425342166,20260941,1,Europe,267,171,V1-V10_financial_only
PONE2016_h1_target_Europe,20260730,KELM_risk_feature,cost_5,171,86,0.15864891978826356,"Same-horizon leave-one-region-out transfer; source regions=Asia,North America; target region=Europe; source-only fit/search/calibration; target labels untouched until final evaluation; V1-V10 financial ratios only.",OOF HistGB risk is a forced KELM input; no score-level fusion.,Platt_logistic_on_separate_calibration_partition,0.6929387842275322,0.9069767441860465,0.5294117647058824,0.6610169491525424,0.7647058823529411,0.6989247311827957,0.8441558441558441,0.4717946981332463,0.6096037059613381,0.7181942544459644,0.47058823529411764,0.6900584795321637,78.0,40.0,45.0,8.0,0.8800037630248623,0.8612859097127223,0.1442701467778898,0.45730756411592677,0.06172384427833113,0.07827084173969037,0.8346294330345368,5.0,0.4678362573099415,0.1553398058252427,0.8616279069767442,0.9500000000000001,0.5129411764705882,0.62,0.6630511985794614,0.6995367736692402,0.8182478965066592,0.8745181833417127,0.4712061198981411,0.5261584492346782,0.6191796511997648,0.653611118944316,0.8886651545042956,0.9179089912799155,0.8554582763337893,0.9093980848153215,0.11023359767935019,0.1449531382158158,20260941,1,Europe,267,171,V1-V10_financial_only
PONE2016_h1_target_Europe,20260730,KELM_risk_feature,cost_10,171,86,0.06772127745872006,"Same-horizon leave-one-region-out transfer; source regions=Asia,North America; target region=Europe; source-only fit/search/calibration; target labels untouched until final evaluation; V1-V10 financial ratios only.",OOF HistGB risk is a forced KELM input; no score-level fusion.,Platt_logistic_on_separate_calibration_partition,0.34099716973523675,0.9883720930232558,0.11764705882352941,0.53125,0.6910569105691057,0.5853994490358126,0.8432539682539683,0.21606612345590076,0.2928842893777573,0.5530095759233926,0.8823529411764706,0.935672514619883,85.0,75.0,10.0,1.0,0.8800037630248623,0.8612859097127223,0.1442701467778898,0.45730756411592677,0.06172384427833113,0.07827084173969037,0.8346294330345368,10.0,0.49707602339181284,0.08994708994708994,0.977906976744186,1.0,0.06235294117647059,0.12823529411764706,0.5184389732844421,0.534548224540021,0.8328285769753445,0.8514851485148515,0.15335115739018107,0.25068412058938655,0.21965417905084605,0.3089602678989114,0.8311358018903477,0.8930080182308937,0.8266347469220247,0.8680711354309165,0.14457905549475958,0.16372080696800742,20260941,1,Europe,267,171,V1-V10_financial_only
PONE2016_h1_target_Europe,20260730,KELM_risk_feature,cost_20,171,86,0.06772127745872006,"Same-horizon leave-one-region-out transfer; source regions=Asia,North America; target region=Europe; source-only fit/search/calibration; target labels untouched until final evaluation; V1-V10 financial ratios only.",OOF HistGB risk is a forced KELM input; no score-level fusion.,Platt_logistic_on_separate_calibration_partition,0.34099716973523675,0.9883720930232558,0.11764705882352941,0.53125,0.6910569105691057,0.5853994490358126,0.8432539682539683,0.21606612345590076,0.2928842893777573,0.5530095759233926,0.8823529411764706,0.935672514619883,85.0,75.0,10.0,1.0,0.8800037630248623,0.8612859097127223,0.1442701467778898,0.45730756411592677,0.06172384427833113,0.07827084173969037,0.8346294330345368,20.0,0.5555555555555556,0.05263157894736842,0.9790697674418605,1.0,0.08235294117647059,0.12941176470588237,0.524390243902439,0.5375,0.8346456692913387,0.8531746031746031,0.17233398084128637,0.26374006811520273,0.257700537479747,0.3243769289728056,0.8504840940314109,0.9178975510706998,0.8384541723666211,0.8867578659370725,0.12449102924251174,0.15927459022494195,20260941,1,Europe,267,171,V1-V10_financial_only
PONE2016_h1_target_Europe,20260730,Full_PBMSBAINGO,triad,171,86,0.8330036709716192,"Same-horizon leave-one-region-out transfer; source regions=Asia,North America; target region=Europe; source-only fit/search/calibration; target labels untouched until final evaluation; V1-V10 financial ratios only.",Risk feature plus score fusion; alpha=0.70 selected only on search partition.,Platt_logistic_on_separate_calibration_partition,0.7985965802255958,0.7325581395348837,0.8705882352941177,0.8513513513513513,0.7875,0.824607329842932,0.7535885167464115,0.6086668977333656,0.7294768686614549,0.8015731874145007,0.12941176470588237,0.4327485380116959,63.0,11.0,74.0,23.0,0.8387841558297795,0.8675786593707251,0.13633131791548217,0.4515403259678097,0.06115887240042338,-0.1896760312025615,0.8691973826111541,,,,0.6127906976744186,0.7872093023255814,0.8247058823529412,0.9505882352941176,0.7807859436992254,0.9407692307692307,0.6414702050577339,0.8124090743771595,0.4530281610977319,0.7411593781972877,0.61323992737806,0.8190368186454144,0.7773803416972642,0.908701066519535,0.7925034199726402,0.9169767441860466,0.1024811551769291,0.18696390323674036,20261037,1,Europe,267,171,V1-V10_financial_only
PONE2016_h1_target_Europe,20260730,Full_PBMSBAINGO,cost_1,171,86,0.4991650069768757,"Same-horizon leave-one-region-out transfer; source regions=Asia,North America; target region=Europe; source-only fit/search/calibration; target labels untouched until final evaluation; V1-V10 financial ratios only.",Risk feature plus score fusion; alpha=0.70 selected only on search partition.,Platt_logistic_on_separate_calibration_partition,0.8360875598050355,0.8488372093023255,0.8235294117647058,0.8295454545454546,0.8390804597701149,0.8333333333333334,0.8449074074074074,0.6726427281025829,0.7776114704709098,0.8361833105335157,0.17647058823529413,0.5146198830409356,73.0,15.0,70.0,13.0,0.8387841558297795,0.8675786593707251,0.13633131791548217,0.4515403259678097,0.06115887240042338,-0.1896760312025615,0.8691973826111541,1.0,0.16374269005847952,0.16374269005847952,0.827906976744186,0.8941860465116279,0.8011764705882354,0.8764705882352941,0.8125581395348838,0.8786821705426356,0.8271246383024328,0.8834495237081582,0.6491723901033467,0.76045025537049,0.7612934891397095,0.838173366154885,0.8128861981010743,0.8899505024834548,0.850328317373461,0.9044596443228454,0.11132047318357559,0.14967137595732663,20261037,1,Europe,267,171,V1-V10_financial_only
PONE2016_h1_target_Europe,20260730,Full_PBMSBAINGO,cost_2,171,86,0.4991650069768757,"Same-horizon leave-one-region-out transfer; source regions=Asia,North America; target region=Europe; source-only fit/search/calibration; target labels untouched until final evaluation; V1-V10 financial ratios only.",Risk feature plus score fusion; alpha=0.70 selected only on search partition.,Platt_logistic_on_separate_calibration_partition,0.8360875598050355,0.8488372093023255,0.8235294117647058,0.8295454545454546,0.8390804597701149,0.8333333333333334,0.8449074074074074,0.6726427281025829,0.7776114704709098,0.8361833105335157,0.17647058823529413,0.5146198830409356,73.0,15.0,70.0,13.0,0.8387841558297795,0.8675786593707251,0.13633131791548217,0.4515403259678097,0.06115887240042338,-0.1896760312025615,0.8691973826111541,2.0,0.23976608187134502,0.15953307392996108,0.8034883720930233,0.9034883720930232,0.78,0.8447058823529412,0.7880994005994005,0.8429071123202487,0.8007172131147542,0.8894105578789553,0.586041547515388,0.7285149327198414,0.7168072312303293,0.8149496195273424,0.7793287882835759,0.9215003855491392,0.8253214774281805,0.9163885088919289,0.11866612279776083,0.16600171277128475,20261037,1,Europe,267,171,V1-V10_financial_only
PONE2016_h1_target_Europe,20260730,Full_PBMSBAINGO,cost_5,171,86,0.291682673173785,"Same-horizon leave-one-region-out transfer; source regions=Asia,North America; target region=Europe; source-only fit/search/calibration; target labels untouched until final evaluation; V1-V10 financial ratios only.",Risk feature plus score fusion; alpha=0.70 selected only on search partition.,Platt_logistic_on_separate_calibration_partition,0.8198962264588261,0.9069767441860465,0.7411764705882353,0.78,0.8387096774193549,0.8024691358024691,0.8783783783783784,0.6576687307302658,0.7618012066876652,0.8240766073871408,0.25882352941176473,0.5847953216374269,78.0,22.0,63.0,8.0,0.8387841558297795,0.8675786593707251,0.13633131791548217,0.4515403259678097,0.06115887240042338,-0.1896760312025615,0.8691973826111541,5.0,0.36257309941520466,0.1203883495145631,0.8732558139534884,0.9627906976744186,0.6729411764705882,0.7858823529411765,0.735,0.8082420987399297,0.8458812375850238,0.9253709132576378,0.581767747939678,0.7385640145776465,0.7048491212492821,0.8152817965971084,0.7894573845335286,0.8879629675516928,0.8100410396716826,0.8993023255813954,0.12005587444303577,0.1785341385223895,20261037,1,Europe,267,171,V1-V10_financial_only
PONE2016_h1_target_Europe,20260730,Full_PBMSBAINGO,cost_10,171,86,0.07170023224091973,"Same-horizon leave-one-region-out transfer; source regions=Asia,North America; target region=Europe; source-only fit/search/calibration; target labels untouched until final evaluation; V1-V10 financial ratios only.",Risk feature plus score fusion; alpha=0.70 selected only on search partition.,Platt_logistic_on_separate_calibration_partition,0.3713398670404582,0.9767441860465116,0.1411764705882353,0.535031847133758,0.691358024691358,0.5882352941176471,0.8383233532934131,0.2150476659809079,0.30952278862961036,0.5589603283173734,0.8588235294117647,0.9181286549707602,84.0,73.0,12.0,2.0,0.8387841558297795,0.8675786593707251,0.13633131791548217,0.4515403259678097,0.06115887240042338,-0.1896760312025615,0.8691973826111541,10.0,0.543859649122807,0.09841269841269841,0.9662790697674419,0.9872093023255814,0.10705882352941176,0.17529411764705882,0.5253301886792453,0.5446329813976872,0.8334990059642148,0.8491683366733467,0.17002867433118202,0.26778881489443535,0.26097369949355403,0.3518339325988419,0.7985839929332696,0.8719417804594646,0.845403556771546,0.881203830369357,0.13058932243858976,0.1490405739492421,20261037,1,Europe,267,171,V1-V10_financial_only
PONE2016_h1_target_Europe,20260730,Full_PBMSBAINGO,cost_20,171,86,0.07170023224091973,"Same-horizon leave-one-region-out transfer; source regions=Asia,North America; target region=Europe; source-only fit/search/calibration; target labels untouched until final evaluation; V1-V10 financial ratios only.",Risk feature plus score fusion; alpha=0.70 selected only on search partition.,Platt_logistic_on_separate_calibration_partition,0.3713398670404582,0.9767441860465116,0.1411764705882353,0.535031847133758,0.691358024691358,0.5882352941176471,0.8383233532934131,0.2150476659809079,0.30952278862961036,0.5589603283173734,0.8588235294117647,0.9181286549707602,84.0,73.0,12.0,2.0,0.8387841558297795,0.8675786593707251,0.13633131791548217,0.4515403259678097,0.06115887240042338,-0.1896760312025615,0.8691973826111541,20.0,0.6608187134502924,0.06260387811634349,0.9558139534883721,0.9988372093023256,0.09529411764705882,0.17176470588235296,0.5250641025641026,0.5466733870967742,0.8213333333333332,0.8513456894064262,0.1487099800939219,0.2769933193855353,0.2595299382267646,0.35943562871344925,0.8015095161898835,0.9076395411013208,0.8409712722298223,0.9219288645690834,0.09496826301168773,0.14964764687376778,20261037,1,Europe,267,171,V1-V10_financial_only
PONE2016_h1_target_Europe,20260730,Uncertainty_gated_fusion,triad,171,86,0.8490836993237718,"Same-horizon leave-one-region-out transfer; source regions=Asia,North America; target region=Europe; source-only fit/search/calibration; target labels untouched until final evaluation; V1-V10 financial ratios only.","One-standard-error paired-bootstrap gate selected KELM_risk_feature; search utility difference=-0.0049, required margin=0.0317.",Platt_logistic_on_separate_calibration_partition,0.7025456934864724,0.5116279069767442,0.9647058823529412,0.9361702127659575,0.6616541353383458,0.8029197080291971,0.5626598465473146,0.5334703747881316,0.6409436062157974,0.7381668946648428,0.03529411764705882,0.27485380116959063,44.0,3.0,82.0,42.0,0.8800037630248623,0.8612859097127223,0.1442701467778898,0.45730756411592677,0.06172384427833113,0.07827084173969037,0.8346294330345368,,,,0.4441860465116279,0.5348837209302325,0.9317647058823529,0.9764705882352941,0.8730848861283643,0.9579545454545455,0.4942872326292015,0.5865853975177858,0.4462132256255471,0.56733944800021,0.577276734714588,0.6664125348087043,0.8441717716931672,0.91358527796265,0.8032558139534883,0.8822708618331054,0.12621935491888744,0.18439611767682604,20261083,1,Europe,267,171,V1-V10_financial_only
PONE2016_h1_target_Europe,20260730,Uncertainty_gated_fusion,cost_1,171,86,0.7296164845849591,"Same-horizon leave-one-region-out transfer; source regions=Asia,North America; target region=Europe; source-only fit/search/calibration; target labels untouched until final evaluation; V1-V10 financial ratios only.","One-standard-error paired-bootstrap gate selected KELM_risk_feature; search utility difference=-0.0049, required margin=0.0317.",Platt_logistic_on_separate_calibration_partition,0.7758319306902253,0.6395348837209303,0.9411764705882353,0.9166666666666666,0.7534246575342466,0.843558282208589,0.6806930693069307,0.6083897541455727,0.7154386479631186,0.7903556771545828,0.058823529411764705,0.3508771929824561,55.0,5.0,80.0,31.0,0.8800037630248623,0.8612859097127223,0.1442701467778898,0.45730756411592677,0.06172384427833113,0.07827084173969037,0.8346294330345368,1.0,0.21052631578947367,0.21052631578947367,0.594186046511628,0.7325581395348837,0.9094117647058824,0.9752941176470588,0.8726470588235294,0.9654121863799283,0.6409896014727101,0.7662373325774218,0.5413721753923035,0.7020221401939468,0.6677602328614147,0.7877732361223474,0.8239260883879151,0.9248519205752401,0.8175376196990424,0.9141313269493844,0.10385852788044779,0.18261529075746227,20261083,1,Europe,267,171,V1-V10_financial_only
PONE2016_h1_target_Europe,20260730,Uncertainty_gated_fusion,cost_2,171,86,0.7296164845849591,"Same-horizon leave-one-region-out transfer; source regions=Asia,North America; target region=Europe; source-only fit/search/calibration; target labels untouched until final evaluation; V1-V10 financial ratios only.","One-standard-error paired-bootstrap gate selected KELM_risk_feature; search utility difference=-0.0049, required margin=0.0317.",Platt_logistic_on_separate_calibration_partition,0.7758319306902253,0.6395348837209303,0.9411764705882353,0.9166666666666666,0.7534246575342466,0.843558282208589,0.6806930693069307,0.6083897541455727,0.7154386479631186,0.7903556771545828,0.058823529411764705,0.3508771929824561,55.0,5.0,80.0,31.0,0.8800037630248623,0.8612859097127223,0.1442701467778898,0.45730756411592677,0.06172384427833113,0.07827084173969037,0.8346294330345368,2.0,0.391812865497076,0.2607003891050584,0.6058139534883721,0.6930232558139535,0.9070588235294118,0.9635294117647059,0.8758333333333334,0.9501253132832079,0.6491352065381102,0.7320181143710556,0.5609900461710271,0.6782856419058387,0.682302601595872,0.7665810461549404,0.825119665197742,0.917801266777876,0.8196443228454173,0.8931326949384405,0.12779658496142324,0.1655120539520093,20261083,1,Europe,267,171,V1-V10_financial_only
PONE2016_h1_target_Europe,20260730,Uncertainty_gated_fusion,cost_5,171,86,0.15864891978826356,"Same-horizon leave-one-region-out transfer; source regions=Asia,North America; target region=Europe; source-only fit/search/calibration; target labels untouched until final evaluation; V1-V10 financial ratios only.","One-standard-error paired-bootstrap gate selected KELM_risk_feature; search utility difference=-0.0049, required margin=0.0317.",Platt_logistic_on_separate_calibration_partition,0.6929387842275322,0.9069767441860465,0.5294117647058824,0.6610169491525424,0.7647058823529411,0.6989247311827957,0.8441558441558441,0.4717946981332463,0.6096037059613381,0.7181942544459644,0.47058823529411764,0.6900584795321637,78.0,40.0,45.0,8.0,0.8800037630248623,0.8612859097127223,0.1442701467778898,0.45730756411592677,0.06172384427833113,0.07827084173969037,0.8346294330345368,5.0,0.4678362573099415,0.1553398058252427,0.8732558139534884,0.9395348837209302,0.49764705882352944,0.628235294117647,0.638135593220339,0.7150077041602465,0.8136704652021939,0.8759654442473825,0.40351018022474483,0.5750864204986154,0.5601250145144228,0.6928350024083746,0.8473628886730844,0.8978052063486538,0.8187688098495212,0.8793023255813953,0.13659958000706068,0.17923969651618613,20261083,1,Europe,267,171,V1-V10_financial_only
PONE2016_h1_target_Europe,20260730,Uncertainty_gated_fusion,cost_10,171,86,0.06772127745872006,"Same-horizon leave-one-region-out transfer; source regions=Asia,North America; target region=Europe; source-only fit/search/calibration; target labels untouched until final evaluation; V1-V10 financial ratios only.","One-standard-error paired-bootstrap gate selected KELM_risk_feature; search utility difference=-0.0049, required margin=0.0317.",Platt_logistic_on_separate_calibration_partition,0.34099716973523675,0.9883720930232558,0.11764705882352941,0.53125,0.6910569105691057,0.5853994490358126,0.8432539682539683,0.21606612345590076,0.2928842893777573,0.5530095759233926,0.8823529411764706,0.935672514619883,85.0,75.0,10.0,1.0,0.8800037630248623,0.8612859097127223,0.1442701467778898,0.45730756411592677,0.06172384427833113,0.07827084173969037,0.8346294330345368,10.0,0.49707602339181284,0.08994708994708994,0.9674418604651163,1.0,0.06117647058823529,0.14823529411764708,0.5157823841951658,0.5403475662499017,0.8235960552576996,0.849652473708709,0.10849035953121992,0.2556456094635864,0.20202975797997302,0.3343741286904455,0.88050986949755,0.9106370783809735,0.8559781121751026,0.8924213406292748,0.1191832551021984,0.14084096831974038,20261083,1,Europe,267,171,V1-V10_financial_only
PONE2016_h1_target_Europe,20260730,Uncertainty_gated_fusion,cost_20,171,86,0.06772127745872006,"Same-horizon leave-one-region-out transfer; source regions=Asia,North America; target region=Europe; source-only fit/search/calibration; target labels untouched until final evaluation; V1-V10 financial ratios only.","One-standard-error paired-bootstrap gate selected KELM_risk_feature; search utility difference=-0.0049, required margin=0.0317.",Platt_logistic_on_separate_calibration_partition,0.34099716973523675,0.9883720930232558,0.11764705882352941,0.53125,0.6910569105691057,0.5853994490358126,0.8432539682539683,0.21606612345590076,0.2928842893777573,0.5530095759233926,0.8823529411764706,0.935672514619883,85.0,75.0,10.0,1.0,0.8800037630248623,0.8612859097127223,0.1442701467778898,0.45730756411592677,0.06172384427833113,0.07827084173969037,0.8346294330345368,20.0,0.5555555555555556,0.05263157894736842,0.9883720930232558,1.0,0.03882352941176471,0.19529411764705884,0.5125435540069686,0.5544303797468355,0.8369371309055118,0.8564294131321796,0.1358510521129329,0.30506017066327046,0.1730394683622659,0.38897400465095494,0.8656337290426233,0.9045840153302681,0.8339808481532147,0.8930369357045144,0.12700471153415036,0.1660531530442841,20261083,1,Europe,267,171,V1-V10_financial_only
PONE2016_h1_target_Europe,20260730,Full_random_search,triad,171,86,0.9052743467926058,"Same-horizon leave-one-region-out transfer; source regions=Asia,North America; target region=Europe; source-only fit/search/calibration; target labels untouched until final evaluation; V1-V10 financial ratios only.",Same full architecture and 81 evaluations as PBMSBAINGO; alpha=0.70.,Platt_logistic_on_separate_calibration_partition,0.7698135222877858,0.6627906976744186,0.8941176470588236,0.8636363636363636,0.75,0.8142857142857143,0.6951219512195121,0.5719733532235918,0.6972399919405021,0.7784541723666211,0.10588235294117647,0.38596491228070173,57.0,9.0,76.0,29.0,0.8531522711087045,0.8763337893296853,0.13678620400040087,0.45327553685703487,0.06420600696504293,-0.2776323488550777,0.7794252005192216,,,,0.5825581395348838,0.6848837209302325,0.8494117647058823,0.9023529411764706,0.814824355971897,0.8765952844473286,0.6183634373289545,0.7162033191353988,0.4728003980260545,0.6011969768714887,0.6212618997033056,0.7188757615473146,0.8032181200763692,0.8877510632771578,0.8414637482900136,0.8751709986320111,0.1257255888104178,0.15431101328322022,20261131,1,Europe,267,171,V1-V10_financial_only
PONE2016_h1_target_Europe,20260730,Full_random_search,cost_1,171,86,0.3875794267618077,"Same-horizon leave-one-region-out transfer; source regions=Asia,North America; target region=Europe; source-only fit/search/calibration; target labels untouched until final evaluation; V1-V10 financial ratios only.",Same full architecture and 81 evaluations as PBMSBAINGO; alpha=0.70.,Platt_logistic_on_separate_calibration_partition,0.829681922801296,0.8604651162790697,0.8,0.8131868131868132,0.8361581920903954,0.8222222222222222,0.8505747126436781,0.6618245656412085,0.7694647212847505,0.8302325581395349,0.2,0.5321637426900585,74.0,17.0,68.0,12.0,0.8531522711087045,0.8763337893296853,0.13678620400040087,0.45327553685703487,0.06420600696504293,-0.2776323488550777,0.7794252005192216,1.0,0.1695906432748538,0.1695906432748538,0.8313953488372093,0.9162790697674418,0.7211764705882353,0.8,0.7651386138613862,0.8189544726607184,0.824392142616187,0.8885752190546711,0.6152203667969289,0.6975543907046711,0.7367107937499238,0.7931662046144169,0.8418529421520693,0.8932287145963752,0.8544596443228454,0.9122161422708618,0.11722384612045327,0.1537405154436492,20261131,1,Europe,267,171,V1-V10_financial_only
PONE2016_h1_target_Europe,20260730,Full_random_search,cost_2,171,86,0.33991280882016084,"Same-horizon leave-one-region-out transfer; source regions=Asia,North America; target region=Europe; source-only fit/search/calibration; target labels untouched until final evaluation; V1-V10 financial ratios only.",Same full architecture and 81 evaluations as PBMSBAINGO; alpha=0.70.,Platt_logistic_on_separate_calibration_partition,0.8228940288781648,0.872093023255814,0.7764705882352941,0.7978723404255319,0.8333333333333334,0.8116883116883117,0.8561643835616438,0.6517814220400242,0.7613714714826737,0.8242818057455541,0.2235294117647059,0.5497076023391813,75.0,19.0,66.0,11.0,0.8531522711087045,0.8763337893296853,0.13678620400040087,0.45327553685703487,0.06420600696504293,-0.2776323488550777,0.7794252005192216,2.0,0.23976608187134502,0.15953307392996108,0.8511627906976744,0.9151162790697674,0.7458823529411764,0.8105882352941176,0.7846055573299265,0.8234786718657686,0.8427247993757183,0.8858329262335124,0.6510411977466981,0.6862460127250499,0.7621095467483711,0.7858045986264858,0.871140013348602,0.9138571908349933,0.8929138166894666,0.9132147742818056,0.11890544124658109,0.1292981525968391,20261131,1,Europe,267,171,V1-V10_financial_only
PONE2016_h1_target_Europe,20260730,Full_random_search,cost_5,171,86,0.20855200207816638,"Same-horizon leave-one-region-out transfer; source regions=Asia,North America; target region=Europe; source-only fit/search/calibration; target labels untouched until final evaluation; V1-V10 financial ratios only.",Same full architecture and 81 evaluations as PBMSBAINGO; alpha=0.70.,Platt_logistic_on_separate_calibration_partition,0.766072649989255,0.9069767441860465,0.6470588235294118,0.7222222222222222,0.8041237113402062,0.752895752895753,0.8628318584070797,0.5742674255267367,0.6959072577049115,0.7770177838577291,0.35294117647058826,0.631578947368421,78.0,30.0,55.0,8.0,0.8531522711087045,0.8763337893296853,0.13678620400040087,0.45327553685703487,0.06420600696504293,-0.2776323488550777,0.7794252005192216,5.0,0.4093567251461988,0.13592233009708737,0.8837209302325582,0.927906976744186,0.5835294117647059,0.7258823529411764,0.692387768379961,0.7695593088720637,0.8452017937219731,0.8757205666829507,0.5428118773089642,0.6412797496704272,0.6641711276561015,0.7495202647339847,0.8125719189335749,0.8876879526000475,0.8548563611491108,0.877482900136799,0.12607930838016018,0.1553069740299767,20261131,1,Europe,267,171,V1-V10_financial_only
PONE2016_h1_target_Europe,20260730,Full_random_search,cost_10,171,86,0.10494250159385037,"Same-horizon leave-one-region-out transfer; source regions=Asia,North America; target region=Europe; source-only fit/search/calibration; target labels untouched until final evaluation; V1-V10 financial ratios only.",Same full architecture and 81 evaluations as PBMSBAINGO; alpha=0.70.,Platt_logistic_on_separate_calibration_partition,0.5836345388732578,0.9651162790697675,0.35294117647058826,0.6014492753623188,0.7410714285714286,0.6504702194357367,0.8609958506224067,0.4029653980409454,0.5158418522754791,0.6590287277701778,0.6470588235294118,0.8070175438596491,83.0,55.0,30.0,3.0,0.8531522711087045,0.8763337893296853,0.13678620400040087,0.45327553685703487,0.06420600696504293,-0.2776323488550777,0.7794252005192216,10.0,0.49707602339181284,0.08994708994708994,0.9313953488372093,0.9744186046511627,0.2776470588235294,0.39647058823529413,0.5716240875912408,0.6153188727213718,0.8371544687564304,0.8685625740588825,0.31198212644297624,0.4248766321295957,0.4350965715978026,0.5433846545029934,0.8613330443397565,0.9064121601678019,0.8562790697674418,0.8936935704514365,0.11654347862475402,0.15145520559483622,20261131,1,Europe,267,171,V1-V10_financial_only
PONE2016_h1_target_Europe,20260730,Full_random_search,cost_20,171,86,0.0,"Same-horizon leave-one-region-out transfer; source regions=Asia,North America; target region=Europe; source-only fit/search/calibration; target labels untouched until final evaluation; V1-V10 financial ratios only.",Same full architecture and 81 evaluations as PBMSBAINGO; alpha=0.70.,Platt_logistic_on_separate_calibration_partition,0.0,1.0,0.0,0.5029239766081871,0.669260700389105,0.5584415584415584,0.8349514563106796,0.0,0.0,0.5,1.0,1.0,86.0,85.0,0.0,0.0,0.8531522711087045,0.8763337893296853,0.13678620400040087,0.45327553685703487,0.06420600696504293,-0.2776323488550777,0.7794252005192216,20.0,0.49707602339181284,0.04709141274238227,1.0,1.0,0.0,0.0,0.5029239766081871,0.5029239766081871,0.8349514563106796,0.8349514563106796,0.0,0.0,0.0,0.0,0.7693654831497532,0.8808326634525324,0.8177154582763339,0.9051709986320109,0.12386008226136169,0.17531203208848384,20261131,1,Europe,267,171,V1-V10_financial_only
PONE2016_h1_target_Europe,20260730,Balanced_logistic,triad,171,86,0.8538780267520292,"Same-horizon leave-one-region-out transfer; source regions=Asia,North America; target region=Europe; source-only fit/search/calibration; target labels untouched until final evaluation; V1-V10 financial ratios only.",Class-weighted logistic reference using the same source-only fit/search/calibration and untouched regional target.,Platt_logistic_on_separate_calibration_partition,0.6654457584623561,0.45348837209302323,0.9764705882352941,0.9512195121951219,0.6141732283464567,0.78,0.5064935064935064,0.5035262172575005,0.6063859593728079,0.7149794801641587,0.023529411764705882,0.23976608187134502,39.0,2.0,83.0,47.0,0.8789238152502963,0.8859097127222983,0.13352675077783485,0.48494763020417864,0.06897534524538726,0.1763850505203446,0.708503481494626,,,,0.3988372093023256,0.49534883720930234,0.9529411764705882,0.9882352941176471,0.9028927963698242,0.9769813519813519,0.45174587945036493,0.5490989371054104,0.45070100138678215,0.5538277553885116,0.5689273388927252,0.6466343961851885,0.8189001389691896,0.9064105279568118,0.8450205198358414,0.9020109439124487,0.1280451766908723,0.15254426331171714,20262031,1,Europe,267,171,V1-V10_financial_only
PONE2016_h1_target_Europe,20260730,Balanced_logistic,cost_1,171,86,0.4790664672290006,"Same-horizon leave-one-region-out transfer; source regions=Asia,North America; target region=Europe; source-only fit/search/calibration; target labels untouched until final evaluation; V1-V10 financial ratios only.",Class-weighted logistic reference using the same source-only fit/search/calibration and untouched regional target.,Platt_logistic_on_separate_calibration_partition,0.7963665779037872,0.7093023255813954,0.8941176470588236,0.8714285714285714,0.782051282051282,0.8333333333333334,0.7367149758454107,0.6135764217788545,0.7300706748481421,0.8017099863201095,0.10588235294117647,0.4093567251461988,61.0,9.0,76.0,25.0,0.8789238152502963,0.8859097127222983,0.13352675077783485,0.48494763020417864,0.06897534524538726,0.1763850505203446,0.708503481494626,1.0,0.19883040935672514,0.19883040935672514,0.5697674418604651,0.7953488372093023,0.8835294117647059,0.9494117647058823,0.8561085972850678,0.9206243032329989,0.6158428949691086,0.8116856049791583,0.5568176962869293,0.6942936574319204,0.6691184820727271,0.790570732032176,0.8512969780119813,0.9510103170024129,0.8450205198358413,0.9415868673050616,0.09678568505386569,0.1624725147032807,20262031,1,Europe,267,171,V1-V10_financial_only
PONE2016_h1_target_Europe,20260730,Balanced_logistic,cost_2,171,86,0.39680890077479075,"Same-horizon leave-one-region-out transfer; source regions=Asia,North America; target region=Europe; source-only fit/search/calibration; target labels untouched until final evaluation; V1-V10 financial ratios only.",Class-weighted logistic reference using the same source-only fit/search/calibration and untouched regional target.,Platt_logistic_on_separate_calibration_partition,0.8179752119303013,0.7790697674418605,0.8588235294117647,0.8481012658227848,0.8121212121212121,0.8333333333333334,0.7919621749408984,0.6397337567110021,0.7536329030534981,0.8189466484268126,0.1411764705882353,0.4619883040935672,67.0,12.0,73.0,19.0,0.8789238152502963,0.8859097127222983,0.13352675077783485,0.48494763020417864,0.06897534524538726,0.1763850505203446,0.708503481494626,2.0,0.29239766081871343,0.19455252918287938,0.7151162790697675,0.8441860465116279,0.8247058823529412,0.8929411764705882,0.8164658634538152,0.8871350051528685,0.7390928419560596,0.8519230134907808,0.5926373732681771,0.7342946912977016,0.7206010306518736,0.8199142096367753,0.8299020084764831,0.9367489575168773,0.8577564979480164,0.9266621067031464,0.103932208607879,0.15380233498035345,20262031,1,Europe,267,171,V1-V10_financial_only
PONE2016_h1_target_Europe,20260730,Balanced_logistic,cost_5,171,86,0.12298160169267286,"Same-horizon leave-one-region-out transfer; source regions=Asia,North America; target region=Europe; source-only fit/search/calibration; target labels untouched until final evaluation; V1-V10 financial ratios only.",Class-weighted logistic reference using the same source-only fit/search/calibration and untouched regional target.,Platt_logistic_on_separate_calibration_partition,0.6488967802846215,0.9418604651162791,0.4470588235294118,0.6328125,0.7570093457943925,0.677257525083612,0.8580508474576272,0.44820733399595897,0.5736012191341155,0.6944596443228455,0.5529411764705883,0.7485380116959064,81.0,47.0,38.0,5.0,0.8789238152502963,0.8859097127222983,0.13352675077783485,0.48494763020417864,0.06897534524538726,0.1763850505203446,0.708503481494626,5.0,0.42105263157894735,0.13980582524271845,0.8965116279069768,0.9755813953488371,0.3588235294117647,0.468235294117647,0.6048223920863309,0.6471596414728682,0.8214330887933216,0.8782700810611643,0.3678789324402509,0.49843787482121704,0.5167416857107265,0.6081778670781542,0.8689544807911442,0.9245739406117387,0.8596580027359781,0.9159917920656635,0.11866711617449904,0.14633118855424476,20262031,1,Europe,267,171,V1-V10_financial_only
PONE2016_h1_target_Europe,20260730,Balanced_logistic,cost_10,171,86,0.12298160169267286,"Same-horizon leave-one-region-out transfer; source regions=Asia,North America; target region=Europe; source-only fit/search/calibration; target labels untouched until final evaluation; V1-V10 financial ratios only.",Class-weighted logistic reference using the same source-only fit/search/calibration and untouched regional target.,Platt_logistic_on_separate_calibration_partition,0.6488967802846215,0.9418604651162791,0.4470588235294118,0.6328125,0.7570093457943925,0.677257525083612,0.8580508474576272,0.44820733399595897,0.5736012191341155,0.6944596443228455,0.5529411764705883,0.7485380116959064,81.0,47.0,38.0,5.0,0.8789238152502963,0.8859097127222983,0.13352675077783485,0.48494763020417864,0.06897534524538726,0.1763850505203446,0.708503481494626,10.0,0.5672514619883041,0.10264550264550265,0.8883720930232558,0.9755813953488371,0.32235294117647056,0.4329411764705882,0.5920958587344965,0.6231356168198273,0.8144512391374316,0.8696576988222318,0.357365700736451,0.45126790516354637,0.4953135491332185,0.5628328590915226,0.8526085914122766,0.9103849314049889,0.8568673050615595,0.9095075239398085,0.12113615518766446,0.14593420605790566,20262031,1,Europe,267,171,V1-V10_financial_only
PONE2016_h1_target_Europe,20260730,Balanced_logistic,cost_20,171,86,0.12298160169267286,"Same-horizon leave-one-region-out transfer; source regions=Asia,North America; target region=Europe; source-only fit/search/calibration; target labels untouched until final evaluation; V1-V10 financial ratios only.",Class-weighted logistic reference using the same source-only fit/search/calibration and untouched regional target.,Platt_logistic_on_separate_calibration_partition,0.6488967802846215,0.9418604651162791,0.4470588235294118,0.6328125,0.7570093457943925,0.677257525083612,0.8580508474576272,0.44820733399595897,0.5736012191341155,0.6944596443228455,0.5529411764705883,0.7485380116959064,81.0,47.0,38.0,5.0,0.8789238152502963,0.8859097127222983,0.13352675077783485,0.48494763020417864,0.06897534524538726,0.1763850505203446,0.708503481494626,20.0,0.8596491228070176,0.0814404432132964,0.9069767441860465,0.9744186046511627,0.36470588235294116,0.4447058823529412,0.5921122994652407,0.630821052631579,0.8205506083030227,0.8785872839701919,0.33080118926356505,0.47677639907686836,0.47895485882453626,0.5810615793081344,0.8310226028806772,0.9506224820504383,0.8310807113543093,0.9354309165526675,0.0966411206907056,0.16624309974004994,20262031,1,Europe,267,171,V1-V10_financial_only
PONE2016_h1_target_North_America,20260730,HistGB,triad,171,86,0.6906479030893146,"Same-horizon leave-one-region-out transfer; source regions=Asia,Europe; target region=North America; source-only fit/search/calibration; target labels untouched until final evaluation; V1-V10 financial ratios only.",No metaheuristic; threshold and Platt calibration use calibration partition.,Platt_logistic_on_separate_calibration_partition,0.8179752119303013,0.7790697674418605,0.8588235294117647,0.8481012658227848,0.8121212121212121,0.8333333333333334,0.7919621749408984,0.6397337567110021,0.7536329030534981,0.8189466484268126,0.1411764705882353,0.4619883040935672,67.0,12.0,73.0,19.0,0.9192924561283295,0.9073871409028728,0.13800578931405347,0.4358467176219614,0.08524867383820418,-0.30199415503347077,1.0520519148822234,,,,0.7267441860465116,0.7999999999999999,0.8235294117647058,0.9152941176470588,0.8170731707317073,0.9021888085268367,0.7509276542790881,0.8124548614245733,0.6030943984485126,0.7002142979156958,0.7286968969868882,0.7933946190800083,0.8929123801650033,0.9428587648980773,0.892517099863201,0.9331190150478796,0.12051153046554872,0.14376396376710876,20260730,1,North America,267,171,V1-V10_financial_only
PONE2016_h1_target_North_America,20260730,HistGB,cost_1,171,86,0.6834646257429122,"Same-horizon leave-one-region-out transfer; source regions=Asia,Europe; target region=North America; source-only fit/search/calibration; target labels untouched until final evaluation; V1-V10 financial ratios only.",No metaheuristic; threshold and Platt calibration use calibration partition.,Platt_logistic_on_separate_calibration_partition,0.8240568957552994,0.7906976744186046,0.8588235294117647,0.85,0.8192771084337349,0.8374384236453202,0.8018867924528302,0.6508581271053144,0.7617285661018269,0.8247606019151846,0.1411764705882353,0.4678362573099415,68.0,12.0,73.0,18.0,0.9192924561283295,0.9073871409028728,0.13800578931405347,0.4358467176219614,0.08524867383820418,-0.30199415503347077,1.0520519148822234,1.0,0.17543859649122806,0.17543859649122806,0.7011627906976744,0.8209302325581396,0.8376470588235294,0.8905882352941177,0.8196969696969697,0.8730421686746987,0.723860314270053,0.8274397772130594,0.5642689182864394,0.6801907534589944,0.697139789145331,0.7827022794703937,0.8691931126425593,0.9228938566070929,0.8503419972640219,0.9040424076607386,0.13400797744116902,0.1745413653716228,20260730,1,North America,267,171,V1-V10_financial_only
PONE2016_h1_target_North_America,20260730,HistGB,cost_2,171,86,0.17872842155100468,"Same-horizon leave-one-region-out transfer; source regions=Asia,Europe; target region=North America; source-only fit/search/calibration; target labels untouched until final evaluation; V1-V10 financial ratios only.",No metaheuristic; threshold and Platt calibration use calibration partition.,Platt_logistic_on_separate_calibration_partition,0.6734154528172214,0.9883720930232558,0.4588235294117647,0.648854961832061,0.783410138248848,0.6967213114754098,0.8947368421052632,0.5281905034792509,0.6210390585506578,0.7235978112175102,0.5411764705882353,0.7660818713450293,85.0,46.0,39.0,1.0,0.9192924561283295,0.9073871409028728,0.13800578931405347,0.4358467176219614,0.08524867383820418,-0.30199415503347077,1.0520519148822234,2.0,0.2807017543859649,0.1867704280155642,0.977906976744186,1.0,0.33647058823529413,0.5623529411764706,0.6015061169939344,0.693593388429752,0.8761355695317959,0.9154824953573149,0.43116629539230233,0.6086859903641096,0.5234428818233866,0.6910597534064397,0.9000347622956613,0.9448979269373231,0.8687414500683994,0.9344322845417238,0.11680858893960691,0.15933528949203707,20260730,1,North America,267,171,V1-V10_financial_only
PONE2016_h1_target_North_America,20260730,HistGB,cost_5,171,86,0.17872842155100468,"Same-horizon leave-one-region-out transfer; source regions=Asia,Europe; target region=North America; source-only fit/search/calibration; target labels untouched until final evaluation; V1-V10 financial ratios only.",No metaheuristic; threshold and Platt calibration use calibration partition.,Platt_logistic_on_separate_calibration_partition,0.6734154528172214,0.9883720930232558,0.4588235294117647,0.648854961832061,0.783410138248848,0.6967213114754098,0.8947368421052632,0.5281905034792509,0.6210390585506578,0.7235978112175102,0.5411764705882353,0.7660818713450293,85.0,46.0,39.0,1.0,0.9192924561283295,0.9073871409028728,0.13800578931405347,0.4358467176219614,0.08524867383820418,-0.30199415503347077,1.0520519148822234,5.0,0.2982456140350877,0.09902912621359224,0.9883720930232558,1.0,0.44823529411764707,0.5376470588235294,0.6471064023695602,0.6841229838709677,0.9005281064563124,0.910727220049254,0.5385663212675732,0.5920615305917138,0.6226530656035962,0.6803691823485769,0.9066673835175796,0.9413241099891219,0.8946511627906977,0.9322708618331053,0.11993910823696187,0.14639351066244727,20260730,1,North America,267,171,V1-V10_financial_only
PONE2016_h1_target_North_America,20260730,HistGB,cost_10,171,86,0.17130180353029828,"Same-horizon leave-one-region-out transfer; source regions=Asia,Europe; target region=North America; source-only fit/search/calibration; target labels untouched until final evaluation; V1-V10 financial ratios only.",No metaheuristic; threshold and Platt calibration use calibration partition.,Platt_logistic_on_separate_calibration_partition,0.4338609156373123,1.0,0.18823529411764706,0.5548387096774193,0.7136929460580913,0.6090651558073654,0.8617234468937875,0.32317213324169025,0.39328886805333707,0.5941176470588235,0.8117647058823529,0.9064327485380117,86.0,69.0,16.0,0.0,0.9192924561283295,0.9073871409028728,0.13800578931405347,0.4358467176219614,0.08524867383820418,-0.30199415503347077,1.0520519148822234,10.0,0.40350877192982454,0.07301587301587302,1.0,1.0,0.18941176470588236,0.24588235294117647,0.5551989945538333,0.572953642384106,0.8618964837305132,0.8702694965852861,0.3242747211868752,0.3753314311935182,0.3945430253090928,0.4518973360498775,0.9250596351331623,0.9485812706945634,0.9193502051983583,0.9414158686730506,0.11339961797876714,0.12802426657483248,20260730,1,North America,267,171,V1-V10_financial_only
PONE2016_h1_target_North_America,20260730,HistGB,cost_20,171,86,0.17130180353029828,"Same-horizon leave-one-region-out transfer; source regions=Asia,Europe; target region=North America; source-only fit/search/calibration; target labels untouched until final evaluation; V1-V10 financial ratios only.",No metaheuristic; threshold and Platt calibration use calibration partition.,Platt_logistic_on_separate_calibration_partition,0.4338609156373123,1.0,0.18823529411764706,0.5548387096774193,0.7136929460580913,0.6090651558073654,0.8617234468937875,0.32317213324169025,0.39328886805333707,0.5941176470588235,0.8117647058823529,0.9064327485380117,86.0,69.0,16.0,0.0,0.9192924561283295,0.9073871409028728,0.13800578931405347,0.4358467176219614,0.08524867383820418,-0.30199415503347077,1.0520519148822234,20.0,0.40350877192982454,0.03822714681440443,1.0,1.0,0.15529411764705883,0.23294117647058823,0.5450016228497241,0.5687919317837511,0.8569163346613546,0.8683372965063106,0.29086272291866294,0.36396551940802035,0.3560767032454598,0.43927247897851246,0.8942884293556392,0.9425056768144175,0.893720930232558,0.9313406292749659,0.11871251061716506,0.14917645421004333,20260730,1,North America,267,171,V1-V10_financial_only
PONE2016_h1_target_North_America,20260730,KELM_PBMSBAINGO,triad,171,86,0.7862667069978404,"Same-horizon leave-one-region-out transfer; source regions=Asia,Europe; target region=North America; source-only fit/search/calibration; target labels untouched until final evaluation; V1-V10 financial ratios only.",Plain KELM; hyperparameters/features selected only on search partition.,Platt_logistic_on_separate_calibration_partition,0.8198962264588261,0.7325581395348837,0.9176470588235294,0.9,0.8076923076923077,0.860655737704918,0.7608695652173914,0.6611491119281105,0.763142659803481,0.8251025991792065,0.08235294117647059,0.4093567251461988,63.0,7.0,78.0,23.0,0.9058100076452856,0.8923392612859097,0.13566233541031011,0.4203402977353663,0.06010572698851513,-0.30313859461602294,0.8164832463729471,,,,0.7220930232558139,0.7895348837209302,0.9058823529411765,0.94,0.8858752515090543,0.925604351329573,0.7498166579360922,0.8089071599862967,0.6384078317957863,0.7146388130525972,0.7474576301924576,0.8025391504250505,0.9095498869122919,0.9230749408372694,0.8995964432284541,0.915218878248974,0.11663913548687453,0.12964082880441677,20260831,1,North America,267,171,V1-V10_financial_only
PONE2016_h1_target_North_America,20260730,KELM_PBMSBAINGO,cost_1,171,86,0.35568992385160364,"Same-horizon leave-one-region-out transfer; source regions=Asia,Europe; target region=North America; source-only fit/search/calibration; target labels untouched until final evaluation; V1-V10 financial ratios only.",Plain KELM; hyperparameters/features selected only on search partition.,Platt_logistic_on_separate_calibration_partition,0.774066668037287,0.8488372093023255,0.7058823529411765,0.7448979591836735,0.7934782608695652,0.7635983263598326,0.8257918552036199,0.5607350482771917,0.6951920738353896,0.777359781121751,0.29411764705882354,0.5730994152046783,73.0,25.0,60.0,13.0,0.9058100076452856,0.8923392612859097,0.13566233541031011,0.4203402977353663,0.06010572698851513,-0.30313859461602294,0.8164832463729471,1.0,0.2222222222222222,0.2222222222222222,0.7953488372093023,0.913953488372093,0.6741176470588235,0.7517647058823529,0.7318962918299668,0.7802083333333333,0.782420613773863,0.8734756097560976,0.5067693399654969,0.627685947355312,0.6587303994725994,0.7433761871411529,0.8960701663313235,0.9483962691249738,0.8754993160054719,0.9329753761969904,0.1089823487847167,0.1496160852351065,20260831,1,North America,267,171,V1-V10_financial_only
PONE2016_h1_target_North_America,20260730,KELM_PBMSBAINGO,cost_2,171,86,0.35568992385160364,"Same-horizon leave-one-region-out transfer; source regions=Asia,Europe; target region=North America; source-only fit/search/calibration; target labels untouched until final evaluation; V1-V10 financial ratios only.",Plain KELM; hyperparameters/features selected only on search partition.,Platt_logistic_on_separate_calibration_partition,0.774066668037287,0.8488372093023255,0.7058823529411765,0.7448979591836735,0.7934782608695652,0.7635983263598326,0.8257918552036199,0.5607350482771917,0.6951920738353896,0.777359781121751,0.29411764705882354,0.5730994152046783,73.0,25.0,60.0,13.0,0.9058100076452856,0.8923392612859097,0.13566233541031011,0.4203402977353663,0.06010572698851513,-0.30313859461602294,0.8164832463729471,2.0,0.2982456140350877,0.19844357976653695,0.7604651162790698,0.9069767441860465,0.6835294117647059,0.7858823529411765,0.7085011441647597,0.8108418367346939,0.7494592589496563,0.8859625668449198,0.44544077274722826,0.6983489482813632,0.6139959047214416,0.7925098456574402,0.8590898501778136,0.9544084481627036,0.8508891928864569,0.9457045143638851,0.08953356099263939,0.1631399781617474,20260831,1,North America,267,171,V1-V10_financial_only
PONE2016_h1_target_North_America,20260730,KELM_PBMSBAINGO,cost_5,171,86,0.35568992385160364,"Same-horizon leave-one-region-out transfer; source regions=Asia,Europe; target region=North America; source-only fit/search/calibration; target labels untouched until final evaluation; V1-V10 financial ratios only.",Plain KELM; hyperparameters/features selected only on search partition.,Platt_logistic_on_separate_calibration_partition,0.774066668037287,0.8488372093023255,0.7058823529411765,0.7448979591836735,0.7934782608695652,0.7635983263598326,0.8257918552036199,0.5607350482771917,0.6951920738353896,0.777359781121751,0.29411764705882354,0.5730994152046783,73.0,25.0,60.0,13.0,0.9058100076452856,0.8923392612859097,0.13566233541031011,0.4203402977353663,0.06010572698851513,-0.30313859461602294,0.8164832463729471,5.0,0.5263157894736842,0.17475728155339806,0.813953488372093,0.8825581395348837,0.588235294117647,0.7270588235294118,0.667256289308176,0.7618454628968051,0.7795454545454545,0.8528089887640449,0.41312674909205666,0.5991020543125777,0.5823469840405308,0.7204508917677394,0.8650127857980897,0.9254597096217477,0.8463679890560876,0.90703146374829,0.12482408365319825,0.1687911852686092,20260831,1,North America,267,171,V1-V10_financial_only
PONE2016_h1_target_North_America,20260730,KELM_PBMSBAINGO,cost_10,171,86,0.35568992385160364,"Same-horizon leave-one-region-out transfer; source regions=Asia,Europe; target region=North America; source-only fit/search/calibration; target labels untouched until final evaluation; V1-V10 financial ratios only.",Plain KELM; hyperparameters/features selected only on search partition.,Platt_logistic_on_separate_calibration_partition,0.774066668037287,0.8488372093023255,0.7058823529411765,0.7448979591836735,0.7934782608695652,0.7635983263598326,0.8257918552036199,0.5607350482771917,0.6951920738353896,0.777359781121751,0.29411764705882354,0.5730994152046783,73.0,25.0,60.0,13.0,0.9058100076452856,0.8923392612859097,0.13566233541031011,0.4203402977353663,0.06010572698851513,-0.30313859461602294,0.8164832463729471,10.0,0.9064327485380117,0.164021164021164,0.7965116279069767,0.8930232558139535,0.6388235294117647,0.7811764705882352,0.7090696805529609,0.8020440753752794,0.7838573342954335,0.8644640423726635,0.5110925776190547,0.6589163721366662,0.661388774647809,0.7662737659086067,0.8487797016893982,0.9368224473897043,0.8335294117647059,0.9274829001367988,0.11020349007487437,0.1705456719390279,20260831,1,North America,267,171,V1-V10_financial_only
PONE2016_h1_target_North_America,20260730,KELM_PBMSBAINGO,cost_20,171,86,0.024979127099992816,"Same-horizon leave-one-region-out transfer; source regions=Asia,Europe; target region=North America; source-only fit/search/calibration; target labels untouched until final evaluation; V1-V10 financial ratios only.",Plain KELM; hyperparameters/features selected only on search partition.,Platt_logistic_on_separate_calibration_partition,0.0,1.0,0.0,0.5029239766081871,0.669260700389105,0.5584415584415584,0.8349514563106796,0.0,0.0,0.5,1.0,1.0,86.0,85.0,0.0,0.0,0.9058100076452856,0.8923392612859097,0.13566233541031011,0.4203402977353663,0.06010572698851513,-0.30313859461602294,0.8164832463729471,20.0,0.49707602339181284,0.04709141274238227,1.0,1.0,0.0,0.0,0.5029239766081871,0.5029239766081871,0.8349514563106796,0.8349514563106796,0.0,0.0,0.0,0.0,0.8818588023446883,0.9147156252858147,0.8605540355677155,0.9006019151846786,0.13117199443476574,0.16419292940387079,20260831,1,North America,267,171,V1-V10_financial_only
PONE2016_h1_target_North_America,20260730,KELM_score_fusion,triad,171,86,0.796997134460113,"Same-horizon leave-one-region-out transfer; source regions=Asia,Europe; target region=North America; source-only fit/search/calibration; target labels untouched until final evaluation; V1-V10 financial ratios only.",Plain KELM plus HistGB score-level fusion; alpha=1.00 selected only on search partition.,Platt_logistic_on_separate_calibration_partition,0.8198962264588261,0.7325581395348837,0.9176470588235294,0.9,0.8076923076923077,0.860655737704918,0.7608695652173914,0.6611491119281105,0.763142659803481,0.8251025991792065,0.08235294117647059,0.4093567251461988,63.0,7.0,78.0,23.0,0.9058100076452856,0.8923392612859097,0.13613766464607424,0.4246241537559133,0.06120182511501582,-0.3192248142163238,0.7764350363785627,,,,0.6988372093023256,0.7744186046511629,0.8847058823529411,0.9635294117647059,0.8715226802183323,0.9515625,0.7356145848169777,0.7922389755241144,0.6303785656915631,0.6939562357794244,0.7410108187601512,0.7799843227105191,0.9028827971565555,0.9212290623787273,0.8792681258549931,0.9157455540355677,0.11342360929068734,0.14628159454135914,20260833,1,North America,267,171,V1-V10_financial_only
PONE2016_h1_target_North_America,20260730,KELM_score_fusion,cost_1,171,86,0.33681752637178847,"Same-horizon leave-one-region-out transfer; source regions=Asia,Europe; target region=North America; source-only fit/search/calibration; target labels untouched until final evaluation; V1-V10 financial ratios only.",Plain KELM plus HistGB score-level fusion; alpha=1.00 selected only on search partition.,Platt_logistic_on_separate_calibration_partition,0.774066668037287,0.8488372093023255,0.7058823529411765,0.7448979591836735,0.7934782608695652,0.7635983263598326,0.8257918552036199,0.5607350482771917,0.6951920738353896,0.777359781121751,0.29411764705882354,0.5730994152046783,73.0,25.0,60.0,13.0,0.9058100076452856,0.8923392612859097,0.13613766464607424,0.4246241537559133,0.06120182511501582,-0.3192248142163238,0.7764350363785627,1.0,0.2222222222222222,0.2222222222222222,0.8069767441860465,0.9232558139534883,0.7082352941176471,0.8270588235294117,0.7511904761904762,0.834477756286267,0.7954892966360856,0.8874298853419121,0.5404207782284195,0.6917727072041223,0.683316418546671,0.7898815872930178,0.8785692123333324,0.9487377277933213,0.873030095759234,0.9445827633378933,0.09620462186721165,0.1429296411001964,20260833,1,North America,267,171,V1-V10_financial_only
PONE2016_h1_target_North_America,20260730,KELM_score_fusion,cost_2,171,86,0.33681752637178847,"Same-horizon leave-one-region-out transfer; source regions=Asia,Europe; target region=North America; source-only fit/search/calibration; target labels untouched until final evaluation; V1-V10 financial ratios only.",Plain KELM plus HistGB score-level fusion; alpha=1.00 selected only on search partition.,Platt_logistic_on_separate_calibration_partition,0.774066668037287,0.8488372093023255,0.7058823529411765,0.7448979591836735,0.7934782608695652,0.7635983263598326,0.8257918552036199,0.5607350482771917,0.6951920738353896,0.777359781121751,0.29411764705882354,0.5730994152046783,73.0,25.0,60.0,13.0,0.9058100076452856,0.8923392612859097,0.13613766464607424,0.4246241537559133,0.06120182511501582,-0.3192248142163238,0.7764350363785627,2.0,0.2982456140350877,0.19844357976653695,0.7825581395348837,0.9162790697674418,0.64,0.7647058823529411,0.6962113558294605,0.7975632614807873,0.7733521462227515,0.8897846572790139,0.4620460519149722,0.6893907745034064,0.6224800751897231,0.7846169901360638,0.8600599903353984,0.945801892052644,0.8490697674418604,0.9353146374829001,0.10589542223301489,0.16703968714870027,20260833,1,North America,267,171,V1-V10_financial_only
PONE2016_h1_target_North_America,20260730,KELM_score_fusion,cost_5,171,86,0.33681752637178847,"Same-horizon leave-one-region-out transfer; source regions=Asia,Europe; target region=North America; source-only fit/search/calibration; target labels untouched until final evaluation; V1-V10 financial ratios only.",Plain KELM plus HistGB score-level fusion; alpha=1.00 selected only on search partition.,Platt_logistic_on_separate_calibration_partition,0.774066668037287,0.8488372093023255,0.7058823529411765,0.7448979591836735,0.7934782608695652,0.7635983263598326,0.8257918552036199,0.5607350482771917,0.6951920738353896,0.777359781121751,0.29411764705882354,0.5730994152046783,73.0,25.0,60.0,13.0,0.9058100076452856,0.8923392612859097,0.13613766464607424,0.4246241537559133,0.06120182511501582,-0.3192248142163238,0.7764350363785627,5.0,0.5263157894736842,0.17475728155339806,0.8372093023255814,0.8709302325581395,0.6411764705882352,0.7729411764705882,0.7025956013473351,0.7914500224114747,0.8062801785660056,0.8492063492063492,0.488152157714966,0.6262890181998282,0.6398495628893144,0.7440927760647181,0.8742250212501619,0.9382070185013605,0.8606839945280438,0.9167715458276332,0.11637495957216365,0.15647982015579806,20260833,1,North America,267,171,V1-V10_financial_only
PONE2016_h1_target_North_America,20260730,KELM_score_fusion,cost_10,171,86,0.33681752637178847,"Same-horizon leave-one-region-out transfer; source regions=Asia,Europe; target region=North America; source-only fit/search/calibration; target labels untouched until final evaluation; V1-V10 financial ratios only.",Plain KELM plus HistGB score-level fusion; alpha=1.00 selected only on search partition.,Platt_logistic_on_separate_calibration_partition,0.774066668037287,0.8488372093023255,0.7058823529411765,0.7448979591836735,0.7934782608695652,0.7635983263598326,0.8257918552036199,0.5607350482771917,0.6951920738353896,0.777359781121751,0.29411764705882354,0.5730994152046783,73.0,25.0,60.0,13.0,0.9058100076452856,0.8923392612859097,0.13613766464607424,0.4246241537559133,0.06120182511501582,-0.3192248142163238,0.7764350363785627,10.0,0.9064327485380117,0.164021164021164,0.8046511627906977,0.9162790697674418,0.6705882352941176,0.7388235294117648,0.7119233572841821,0.7766990291262136,0.7842170728336482,0.8822094626327511,0.47976451175993723,0.6494616832758869,0.6373163262245161,0.7538640960328803,0.8684167807264075,0.9209700626582876,0.8535978112175103,0.9236525307797537,0.10964371896337666,0.16715123244266247,20260833,1,North America,267,171,V1-V10_financial_only
PONE2016_h1_target_North_America,20260730,KELM_score_fusion,cost_20,171,86,0.03162439023378721,"Same-horizon leave-one-region-out transfer; source regions=Asia,Europe; target region=North America; source-only fit/search/calibration; target labels untouched until final evaluation; V1-V10 financial ratios only.",Plain KELM plus HistGB score-level fusion; alpha=1.00 selected only on search partition.,Platt_logistic_on_separate_calibration_partition,0.0,1.0,0.0,0.5029239766081871,0.669260700389105,0.5584415584415584,0.8349514563106796,0.0,0.0,0.5,1.0,1.0,86.0,85.0,0.0,0.0,0.9058100076452856,0.8923392612859097,0.13613766464607424,0.4246241537559133,0.06120182511501582,-0.3192248142163238,0.7764350363785627,20.0,0.49707602339181284,0.04709141274238227,1.0,1.0,0.0,0.0,0.5029239766081871,0.5029239766081871,0.8349514563106796,0.8349514563106796,0.0,0.0,0.0,0.0,0.8899607096262061,0.9195852092673712,0.87703146374829,0.9017373461012312,0.12235225809003619,0.1451479373010006,20260833,1,North America,267,171,V1-V10_financial_only
PONE2016_h1_target_North_America,20260730,KELM_risk_feature,triad,171,86,0.56263327387245,"Same-horizon leave-one-region-out transfer; source regions=Asia,Europe; target region=North America; source-only fit/search/calibration; target labels untouched until final evaluation; V1-V10 financial ratios only.",OOF HistGB risk is a forced KELM input; no score-level fusion.,Platt_logistic_on_separate_calibration_partition,0.8352690695845567,0.7906976744186046,0.8823529411764706,0.8717948717948718,0.8292682926829268,0.8542713567839196,0.8056872037914692,0.6756435554722996,0.7782577950281003,0.8365253077975376,0.11764705882352941,0.45614035087719296,68.0,10.0,75.0,18.0,0.9048960885211156,0.89562243502052,0.12570617461451353,0.4092160837925266,0.05322038771651815,-0.342214942941623,0.9800978234178559,,,,0.7709302325581395,0.836046511627907,0.8094117647058824,0.9258823529411765,0.8100930232558139,0.9195192307692308,0.7890631070655493,0.8514989269426809,0.608752416383883,0.7647350813363261,0.7326906081338431,0.8396356856863617,0.8746178340551295,0.9304402092497406,0.8721067031463747,0.9176470588235294,0.10969516080545452,0.15277576378222762,20260941,1,North America,267,171,V1-V10_financial_only
PONE2016_h1_target_North_America,20260730,KELM_risk_feature,cost_1,171,86,0.5751889092486506,"Same-horizon leave-one-region-out transfer; source regions=Asia,Europe; target region=North America; source-only fit/search/calibration; target labels untouched until final evaluation; V1-V10 financial ratios only.",OOF HistGB risk is a forced KELM input; no score-level fusion.,Platt_logistic_on_separate_calibration_partition,0.8352690695845567,0.7906976744186046,0.8823529411764706,0.8717948717948718,0.8292682926829268,0.8542713567839196,0.8056872037914692,0.6756435554722996,0.7782577950281003,0.8365253077975376,0.11764705882352941,0.45614035087719296,68.0,10.0,75.0,18.0,0.9048960885211156,0.89562243502052,0.12570617461451353,0.4092160837925266,0.05322038771651815,-0.342214942941623,0.9800978234178559,1.0,0.16374269005847952,0.16374269005847952,0.6372093023255814,0.7779069767441861,0.8635294117647059,0.9176470588235294,0.824935064935065,0.9050057099352874,0.6675621538824084,0.8002392344497608,0.513643688056654,0.7007331154921276,0.6560571433563956,0.793471250107486,0.8676937491088963,0.9284893928695651,0.859514363885089,0.9022161422708618,0.11990427896784639,0.16191474175180112,20260941,1,North America,267,171,V1-V10_financial_only
PONE2016_h1_target_North_America,20260730,KELM_risk_feature,cost_2,171,86,0.18889666501643151,"Same-horizon leave-one-region-out transfer; source regions=Asia,Europe; target region=North America; source-only fit/search/calibration; target labels untouched until final evaluation; V1-V10 financial ratios only.",OOF HistGB risk is a forced KELM input; no score-level fusion.,Platt_logistic_on_separate_calibration_partition,0.5110275049418705,0.9651162790697675,0.27058823529411763,0.5724137931034483,0.7186147186147186,0.6231231231231231,0.8486707566462167,0.3282131020912225,0.44090817888426653,0.6178522571819426,0.7294117647058823,0.847953216374269,83.0,62.0,23.0,3.0,0.9048960885211156,0.89562243502052,0.12570617461451353,0.4092160837925266,0.05322038771651815,-0.342214942941623,0.9800978234178559,2.0,0.39766081871345027,0.26459143968871596,0.9651162790697675,0.9872093023255814,0.1811764705882353,0.3341176470588235,0.5439399921042242,0.5972413793103448,0.8356875533117569,0.8671986320889142,0.23577802511754525,0.40650033918331974,0.3452727582618333,0.5086367205781708,0.8320061007707387,0.9473454482598647,0.831155950752394,0.9378043775649796,0.09914385787106349,0.16145184537446797,20260941,1,North America,267,171,V1-V10_financial_only
PONE2016_h1_target_North_America,20260730,KELM_risk_feature,cost_5,171,86,0.18889666501643151,"Same-horizon leave-one-region-out transfer; source regions=Asia,Europe; target region=North America; source-only fit/search/calibration; target labels untouched until final evaluation; V1-V10 financial ratios only.",OOF HistGB risk is a forced KELM input; no score-level fusion.,Platt_logistic_on_separate_calibration_partition,0.5110275049418705,0.9651162790697675,0.27058823529411763,0.5724137931034483,0.7186147186147186,0.6231231231231231,0.8486707566462167,0.3282131020912225,0.44090817888426653,0.6178522571819426,0.7294117647058823,0.847953216374269,83.0,62.0,23.0,3.0,0.9048960885211156,0.89562243502052,0.12570617461451353,0.4092160837925266,0.05322038771651815,-0.342214942941623,0.9800978234178559,5.0,0.4502923976608187,0.14951456310679612,0.9651162790697675,0.9988372093023256,0.21411764705882352,0.3376470588235294,0.5625490196078431,0.5958607761677981,0.8536836294288869,0.8647044208571265,0.32924257151441605,0.3894973020438419,0.4191789979348887,0.5025064646532325,0.8856779753472697,0.9484759232606532,0.8785020519835842,0.931108071135431,0.10840743696547302,0.14829623308729956,20260941,1,North America,267,171,V1-V10_financial_only
PONE2016_h1_target_North_America,20260730,KELM_risk_feature,cost_10,171,86,0.16821789024178765,"Same-horizon leave-one-region-out transfer; source regions=Asia,Europe; target region=North America; source-only fit/search/calibration; target labels untouched until final evaluation; V1-V10 financial ratios only.",OOF HistGB risk is a forced KELM input; no score-level fusion.,Platt_logistic_on_separate_calibration_partition,0.38650278773219815,0.9767441860465116,0.15294117647058825,0.5384615384615384,0.6942148760330579,0.5915492957746479,0.84,0.2292143061590033,0.3247249514357163,0.5648426812585499,0.8470588235294118,0.9122807017543859,84.0,72.0,13.0,2.0,0.9048960885211156,0.89562243502052,0.12570617461451353,0.4092160837925266,0.05322038771651815,-0.342214942941623,0.9800978234178559,10.0,0.5380116959064327,0.09735449735449736,0.9767441860465116,1.0,0.12117647058823529,0.23058823529411765,0.5345914954610607,0.5628664213033123,0.8411485148514851,0.8615511022044088,0.2313612876020416,0.32251912101677394,0.31053673625259187,0.41507629133578366,0.8898936459321168,0.9493068334695568,0.8843638850889194,0.9559439124487004,0.08774441027879323,0.13338828944204328,20260941,1,North America,267,171,V1-V10_financial_only
PONE2016_h1_target_North_America,20260730,KELM_risk_feature,cost_20,171,86,0.16821789024178765,"Same-horizon leave-one-region-out transfer; source regions=Asia,Europe; target region=North America; source-only fit/search/calibration; target labels untouched until final evaluation; V1-V10 financial ratios only.",OOF HistGB risk is a forced KELM input; no score-level fusion.,Platt_logistic_on_separate_calibration_partition,0.38650278773219815,0.9767441860465116,0.15294117647058825,0.5384615384615384,0.6942148760330579,0.5915492957746479,0.84,0.2292143061590033,0.3247249514357163,0.5648426812585499,0.8470588235294118,0.9122807017543859,84.0,72.0,13.0,2.0,0.9048960885211156,0.89562243502052,0.12570617461451353,0.4092160837925266,0.05322038771651815,-0.342214942941623,0.9800978234178559,20.0,0.6549707602339181,0.06204986149584488,0.9767441860465116,0.9883720930232558,0.11058823529411765,0.26235294117647057,0.5290014333492594,0.5753101240496198,0.8401584158415841,0.8640224032586558,0.20367634128738704,0.3625387056669923,0.2808466452134087,0.45400952987441295,0.8761625909160226,0.9285191276078798,0.8893638850889193,0.9245280437756497,0.11198950809675887,0.13389420805429617,20260941,1,North America,267,171,V1-V10_financial_only
PONE2016_h1_target_North_America,20260730,Full_PBMSBAINGO,triad,171,86,0.7418590664986244,"Same-horizon leave-one-region-out transfer; source regions=Asia,Europe; target region=North America; source-only fit/search/calibration; target labels untouched until final evaluation; V1-V10 financial ratios only.",Risk feature plus score fusion; alpha=0.70 selected only on search partition.,Platt_logistic_on_separate_calibration_partition,0.7985965802255958,0.7325581395348837,0.8705882352941177,0.8513513513513513,0.7875,0.824607329842932,0.7535885167464115,0.6086668977333656,0.7294768686614549,0.8015731874145007,0.12941176470588237,0.4327485380116959,63.0,11.0,74.0,23.0,0.8976302558163163,0.8919288645690834,0.1400766577961465,0.4360709802707823,0.08673823451451518,-0.21929627096028287,0.9259716015695545,,,,0.6534883720930234,0.7313953488372092,0.8705882352941177,0.9047058823529411,0.8414532459797498,0.875,0.6878649764990742,0.7558309121933222,0.5574475843230801,0.6309565654218462,0.6892519047223622,0.7438079152693572,0.8847773134015282,0.9069533832912386,0.8729206566347468,0.894172366621067,0.14270727387196858,0.15879555882608967,20261037,1,North America,267,171,V1-V10_financial_only
PONE2016_h1_target_North_America,20260730,Full_PBMSBAINGO,cost_1,171,86,0.7303754649889695,"Same-horizon leave-one-region-out transfer; source regions=Asia,Europe; target region=North America; source-only fit/search/calibration; target labels untouched until final evaluation; V1-V10 financial ratios only.",Risk feature plus score fusion; alpha=0.70 selected only on search partition.,Platt_logistic_on_separate_calibration_partition,0.7994526171100473,0.7441860465116279,0.8588235294117647,0.8421052631578947,0.7901234567901234,0.8205128205128205,0.7619047619047619,0.6067563059204921,0.7292334561753235,0.8015047879616963,0.1411764705882353,0.4444444444444444,64.0,12.0,73.0,22.0,0.8976302558163163,0.8919288645690834,0.1400766577961465,0.4360709802707823,0.08673823451451518,-0.21929627096028287,0.9259716015695545,1.0,0.19883040935672514,0.19883040935672514,0.6476744186046511,0.8313953488372093,0.8470588235294118,0.9035294117647059,0.8273333333333334,0.8897142857142857,0.6791201545185592,0.8369616130974952,0.541034359012901,0.6955317170651979,0.6751577523311105,0.7932616102103868,0.8546502052293663,0.9332989747627211,0.8499316005471956,0.9312380300957591,0.11059828750647513,0.17145917969981775,20261037,1,North America,267,171,V1-V10_financial_only
PONE2016_h1_target_North_America,20260730,Full_PBMSBAINGO,cost_2,171,86,0.13366538285213125,"Same-horizon leave-one-region-out transfer; source regions=Asia,Europe; target region=North America; source-only fit/search/calibration; target labels untouched until final evaluation; V1-V10 financial ratios only.",Risk feature plus score fusion; alpha=0.70 selected only on search partition.,Platt_logistic_on_separate_calibration_partition,0.6003874717872365,0.9883720930232558,0.36470588235294116,0.6115107913669064,0.7555555555555555,0.661993769470405,0.8799171842650103,0.45263374311469223,0.5464327532521526,0.6765389876880985,0.6352941176470588,0.8128654970760234,85.0,54.0,31.0,1.0,0.8976302558163163,0.8919288645690834,0.1400766577961465,0.4360709802707823,0.08673823451451518,-0.21929627096028287,0.9259716015695545,2.0,0.32748538011695905,0.2178988326848249,0.9767441860465116,1.0,0.2647058823529412,0.38823529411764707,0.5740079365079365,0.6226342710997442,0.857357433808554,0.8910788381742739,0.34873285742426374,0.4889140177779367,0.4485530641845314,0.5738871717331896,0.8867774877701791,0.9219738735546166,0.8809097127222982,0.9154514363885089,0.12422897186470934,0.1550861083296459,20261037,1,North America,267,171,V1-V10_financial_only
PONE2016_h1_target_North_America,20260730,Full_PBMSBAINGO,cost_5,171,86,0.13366538285213125,"Same-horizon leave-one-region-out transfer; source regions=Asia,Europe; target region=North America; source-only fit/search/calibration; target labels untouched until final evaluation; V1-V10 financial ratios only.",Risk feature plus score fusion; alpha=0.70 selected only on search partition.,Platt_logistic_on_separate_calibration_partition,0.6003874717872365,0.9883720930232558,0.36470588235294116,0.6115107913669064,0.7555555555555555,0.661993769470405,0.8799171842650103,0.45263374311469223,0.5464327532521526,0.6765389876880985,0.6352941176470588,0.8128654970760234,85.0,54.0,31.0,1.0,0.8976302558163163,0.8919288645690834,0.1400766577961465,0.4360709802707823,0.08673823451451518,-0.21929627096028287,0.9259716015695545,5.0,0.34502923976608185,0.1145631067961165,0.977906976744186,1.0,0.2741176470588235,0.38823529411764707,0.5771185640056684,0.6229133608378292,0.8592384887839433,0.8912621526729411,0.3576117351931329,0.4898688836923823,0.4577348418459879,0.5748447882545519,0.8734027750197585,0.9143184296033765,0.8528864569083447,0.9100273597811218,0.1329181980880106,0.17394850436794346,20261037,1,North America,267,171,V1-V10_financial_only
PONE2016_h1_target_North_America,20260730,Full_PBMSBAINGO,cost_10,171,86,0.13366538285213125,"Same-horizon leave-one-region-out transfer; source regions=Asia,Europe; target region=North America; source-only fit/search/calibration; target labels untouched until final evaluation; V1-V10 financial ratios only.",Risk feature plus score fusion; alpha=0.70 selected only on search partition.,Platt_logistic_on_separate_calibration_partition,0.6003874717872365,0.9883720930232558,0.36470588235294116,0.6115107913669064,0.7555555555555555,0.661993769470405,0.8799171842650103,0.45263374311469223,0.5464327532521526,0.6765389876880985,0.6352941176470588,0.8128654970760234,85.0,54.0,31.0,1.0,0.8976302558163163,0.8919288645690834,0.1400766577961465,0.4360709802707823,0.08673823451451518,-0.21929627096028287,0.9259716015695545,10.0,0.3742690058479532,0.06772486772486773,0.9534883720930233,0.9965116279069768,0.34352941176470586,0.4564705882352941,0.5962111801242236,0.6424285460678146,0.8518759554487879,0.8873246204113012,0.3805253728171353,0.49051805045216795,0.501374802569029,0.6000599168024577,0.8768000802625825,0.9219004624687768,0.8634746922024624,0.9275444596443227,0.11897750747653975,0.1553056686278288,20261037,1,North America,267,171,V1-V10_financial_only
PONE2016_h1_target_North_America,20260730,Full_PBMSBAINGO,cost_20,171,86,0.13366538285213125,"Same-horizon leave-one-region-out transfer; source regions=Asia,Europe; target region=North America; source-only fit/search/calibration; target labels untouched until final evaluation; V1-V10 financial ratios only.",Risk feature plus score fusion; alpha=0.70 selected only on search partition.,Platt_logistic_on_separate_calibration_partition,0.6003874717872365,0.9883720930232558,0.36470588235294116,0.6115107913669064,0.7555555555555555,0.661993769470405,0.8799171842650103,0.45263374311469223,0.5464327532521526,0.6765389876880985,0.6352941176470588,0.8128654970760234,85.0,54.0,31.0,1.0,0.8976302558163163,0.8919288645690834,0.1400766577961465,0.4360709802707823,0.08673823451451518,-0.21929627096028287,0.9259716015695545,20.0,0.4327485380116959,0.040997229916897505,0.9883720930232558,1.0,0.2717647058823529,0.4223529411764706,0.5789115646258504,0.6338584853510227,0.8665987780040733,0.8890521802275321,0.37612580294790476,0.49920720669463603,0.46590777775671155,0.5928656501134232,0.8787323001530624,0.9282710545306626,0.8749931600547194,0.9171956224350204,0.1234713777347145,0.15181778077144029,20261037,1,North America,267,171,V1-V10_financial_only
PONE2016_h1_target_North_America,20260730,Uncertainty_gated_fusion,triad,171,86,0.56263327387245,"Same-horizon leave-one-region-out transfer; source regions=Asia,Europe; target region=North America; source-only fit/search/calibration; target labels untouched until final evaluation; V1-V10 financial ratios only.","One-standard-error paired-bootstrap gate selected KELM_risk_feature; search utility difference=0.0041, required margin=0.0045.",Platt_logistic_on_separate_calibration_partition,0.8352690695845567,0.7906976744186046,0.8823529411764706,0.8717948717948718,0.8292682926829268,0.8542713567839196,0.8056872037914692,0.6756435554722996,0.7782577950281003,0.8365253077975376,0.11764705882352941,0.45614035087719296,68.0,10.0,75.0,18.0,0.9048960885211156,0.89562243502052,0.12570617461451353,0.4092160837925266,0.05322038771651815,-0.342214942941623,0.9800978234178559,,,,0.7453488372093023,0.8325581395348838,0.8588235294117647,0.9141176470588235,0.8423103212576897,0.9074326517364492,0.7629114353579911,0.8465261671876576,0.6078493724224279,0.7488952117724451,0.7300488586717273,0.8290754011317839,0.8892932193030663,0.9299420013133967,0.8628180574555403,0.9250820793433653,0.1020977934307449,0.14448268523943683,20261083,1,North America,267,171,V1-V10_financial_only
PONE2016_h1_target_North_America,20260730,Uncertainty_gated_fusion,cost_1,171,86,0.5751889092486506,"Same-horizon leave-one-region-out transfer; source regions=Asia,Europe; target region=North America; source-only fit/search/calibration; target labels untouched until final evaluation; V1-V10 financial ratios only.","One-standard-error paired-bootstrap gate selected KELM_risk_feature; search utility difference=0.0041, required margin=0.0045.",Platt_logistic_on_separate_calibration_partition,0.8352690695845567,0.7906976744186046,0.8823529411764706,0.8717948717948718,0.8292682926829268,0.8542713567839196,0.8056872037914692,0.6756435554722996,0.7782577950281003,0.8365253077975376,0.11764705882352941,0.45614035087719296,68.0,10.0,75.0,18.0,0.9048960885211156,0.89562243502052,0.12570617461451353,0.4092160837925266,0.05322038771651815,-0.342214942941623,0.9800978234178559,1.0,0.16374269005847952,0.16374269005847952,0.7360465116279069,0.7790697674418605,0.871764705882353,0.9270588235294118,0.8599190283400809,0.9153607305936073,0.7617039586919105,0.8029738500369156,0.6482481568630537,0.7135644544396048,0.7554441829688833,0.8017414612366923,0.8989123308818872,0.9389912183499889,0.8752735978112176,0.9302735978112175,0.1136661028187848,0.1359784823739396,20261083,1,North America,267,171,V1-V10_financial_only
PONE2016_h1_target_North_America,20260730,Uncertainty_gated_fusion,cost_2,171,86,0.18889666501643151,"Same-horizon leave-one-region-out transfer; source regions=Asia,Europe; target region=North America; source-only fit/search/calibration; target labels untouched until final evaluation; V1-V10 financial ratios only.","One-standard-error paired-bootstrap gate selected KELM_risk_feature; search utility difference=0.0041, required margin=0.0045.",Platt_logistic_on_separate_calibration_partition,0.5110275049418705,0.9651162790697675,0.27058823529411763,0.5724137931034483,0.7186147186147186,0.6231231231231231,0.8486707566462167,0.3282131020912225,0.44090817888426653,0.6178522571819426,0.7294117647058823,0.847953216374269,83.0,62.0,23.0,3.0,0.9048960885211156,0.89562243502052,0.12570617461451353,0.4092160837925266,0.05322038771651815,-0.342214942941623,0.9800978234178559,2.0,0.39766081871345027,0.26459143968871596,0.9430232558139535,0.9534883720930233,0.1623529411764706,0.35058823529411764,0.532634971796938,0.5976789371422571,0.817073871802242,0.8520378955161564,0.16738756884816614,0.3817541260450078,0.29371654153837967,0.5034406990029259,0.8756096625042823,0.9282814768797806,0.8479001367989056,0.9141997264021888,0.10983879576737522,0.15818779449406992,20261083,1,North America,267,171,V1-V10_financial_only
PONE2016_h1_target_North_America,20260730,Uncertainty_gated_fusion,cost_5,171,86,0.18889666501643151,"Same-horizon leave-one-region-out transfer; source regions=Asia,Europe; target region=North America; source-only fit/search/calibration; target labels untouched until final evaluation; V1-V10 financial ratios only.","One-standard-error paired-bootstrap gate selected KELM_risk_feature; search utility difference=0.0041, required margin=0.0045.",Platt_logistic_on_separate_calibration_partition,0.5110275049418705,0.9651162790697675,0.27058823529411763,0.5724137931034483,0.7186147186147186,0.6231231231231231,0.8486707566462167,0.3282131020912225,0.44090817888426653,0.6178522571819426,0.7294117647058823,0.847953216374269,83.0,62.0,23.0,3.0,0.9048960885211156,0.89562243502052,0.12570617461451353,0.4092160837925266,0.05322038771651815,-0.342214942941623,0.9800978234178559,5.0,0.4502923976608187,0.14951456310679612,0.9534883720930233,0.9976744186046511,0.19647058823529412,0.39647058823529413,0.5495554765291607,0.615756783262504,0.8379103219127764,0.8737222953142395,0.2558458366234579,0.4318550244566544,0.36602517032609394,0.5443774972507086,0.8893250513837718,0.9329049645934838,0.8736046511627907,0.9148495212038303,0.11580562584699634,0.14676748411648965,20261083,1,North America,267,171,V1-V10_financial_only
PONE2016_h1_target_North_America,20260730,Uncertainty_gated_fusion,cost_10,171,86,0.16821789024178765,"Same-horizon leave-one-region-out transfer; source regions=Asia,Europe; target region=North America; source-only fit/search/calibration; target labels untouched until final evaluation; V1-V10 financial ratios only.","One-standard-error paired-bootstrap gate selected KELM_risk_feature; search utility difference=0.0041, required margin=0.0045.",Platt_logistic_on_separate_calibration_partition,0.38650278773219815,0.9767441860465116,0.15294117647058825,0.5384615384615384,0.6942148760330579,0.5915492957746479,0.84,0.2292143061590033,0.3247249514357163,0.5648426812585499,0.8470588235294118,0.9122807017543859,84.0,72.0,13.0,2.0,0.9048960885211156,0.89562243502052,0.12570617461451353,0.4092160837925266,0.05322038771651815,-0.342214942941623,0.9800978234178559,10.0,0.5380116959064327,0.09735449735449736,0.9558139534883721,0.9988372093023256,0.07411764705882352,0.1623529411764706,0.5165987120374957,0.5403872240720188,0.8252949650566118,0.8535421136547054,0.12011681245233313,0.27020393499155454,0.20552327203598164,0.3363947189348605,0.8684604977456787,0.9222570918435853,0.874562243502052,0.9153967168262653,0.12284891435480863,0.13856302078293137,20261083,1,North America,267,171,V1-V10_financial_only
PONE2016_h1_target_North_America,20260730,Uncertainty_gated_fusion,cost_20,171,86,0.16821789024178765,"Same-horizon leave-one-region-out transfer; source regions=Asia,Europe; target region=North America; source-only fit/search/calibration; target labels untouched until final evaluation; V1-V10 financial ratios only.","One-standard-error paired-bootstrap gate selected KELM_risk_feature; search utility difference=0.0041, required margin=0.0045.",Platt_logistic_on_separate_calibration_partition,0.38650278773219815,0.9767441860465116,0.15294117647058825,0.5384615384615384,0.6942148760330579,0.5915492957746479,0.84,0.2292143061590033,0.3247249514357163,0.5648426812585499,0.8470588235294118,0.9122807017543859,84.0,72.0,13.0,2.0,0.9048960885211156,0.89562243502052,0.12570617461451353,0.4092160837925266,0.05322038771651815,-0.342214942941623,0.9800978234178559,20.0,0.6549707602339181,0.06204986149584488,0.9534883720930233,0.9976744186046511,0.13058823529411767,0.2164705882352941,0.5296322169714404,0.5523986486486486,0.8226452905811623,0.8516894781864841,0.16654168581517628,0.2633067087986014,0.2826671872877099,0.3752997861512967,0.9059340945963447,0.9256697363395181,0.8835567715458277,0.9091792065663475,0.1131673461773105,0.1301897547250203,20261083,1,North America,267,171,V1-V10_financial_only
PONE2016_h1_target_North_America,20260730,Full_random_search,triad,171,86,0.6800720950862247,"Same-horizon leave-one-region-out transfer; source regions=Asia,Europe; target region=North America; source-only fit/search/calibration; target labels untouched until final evaluation; V1-V10 financial ratios only.",Same full architecture and 81 evaluations as PBMSBAINGO; alpha=0.30.,Platt_logistic_on_separate_calibration_partition,0.8183932073645682,0.7906976744186046,0.8470588235294118,0.8395061728395061,0.8143712574850299,0.8292682926829268,0.8,0.6386307361897502,0.7534560935577185,0.8188782489740082,0.15294117647058825,0.47368421052631576,68.0,13.0,72.0,18.0,0.9154412997645358,0.9025991792065664,0.13691173980849175,0.43260331776520117,0.07985263218244686,-0.309859223703367,1.0688226499620725,,,,0.7290697674418605,0.8697674418604651,0.768235294117647,0.8705882352941177,0.7866841710427607,0.8698152277795476,0.7492973063409738,0.8684077483901868,0.5983722656304151,0.7356863581159374,0.7220244279225675,0.8213105108943419,0.8921555832851397,0.9541189002409056,0.8706224350205198,0.9451162790697675,0.11163206767761112,0.15548641111284875,20261131,1,North America,267,171,V1-V10_financial_only
PONE2016_h1_target_North_America,20260730,Full_random_search,cost_1,171,86,0.6777806515171705,"Same-horizon leave-one-region-out transfer; source regions=Asia,Europe; target region=North America; source-only fit/search/calibration; target labels untouched until final evaluation; V1-V10 financial ratios only.",Same full architecture and 81 evaluations as PBMSBAINGO; alpha=0.30.,Platt_logistic_on_separate_calibration_partition,0.8183932073645682,0.7906976744186046,0.8470588235294118,0.8395061728395061,0.8143712574850299,0.8292682926829268,0.8,0.6386307361897502,0.7534560935577185,0.8188782489740082,0.15294117647058825,0.47368421052631576,68.0,13.0,72.0,18.0,0.9154412997645358,0.9025991792065664,0.13691173980849175,0.43260331776520117,0.07985263218244686,-0.309859223703367,1.0688226499620725,1.0,0.18128654970760233,0.18128654970760233,0.791860465116279,0.813953488372093,0.7458823529411764,0.8894117647058823,0.7643280632411068,0.8801044634377967,0.8002752293577982,0.8168005090398455,0.5613020729531949,0.6930767335414404,0.6984452858245622,0.7904061656607984,0.9083597146408424,0.9331106932826218,0.8879001367989056,0.9221819425444596,0.12224634891620942,0.15588948127464583,20261131,1,North America,267,171,V1-V10_financial_only
PONE2016_h1_target_North_America,20260730,Full_random_search,cost_2,171,86,0.6777806515171705,"Same-horizon leave-one-region-out transfer; source regions=Asia,Europe; target region=North America; source-only fit/search/calibration; target labels untouched until final evaluation; V1-V10 financial ratios only.",Same full architecture and 81 evaluations as PBMSBAINGO; alpha=0.30.,Platt_logistic_on_separate_calibration_partition,0.8183932073645682,0.7906976744186046,0.8470588235294118,0.8395061728395061,0.8143712574850299,0.8292682926829268,0.8,0.6386307361897502,0.7534560935577185,0.8188782489740082,0.15294117647058825,0.47368421052631576,68.0,13.0,72.0,18.0,0.9154412997645358,0.9025991792065664,0.13691173980849175,0.43260331776520117,0.07985263218244686,-0.309859223703367,1.0688226499620725,2.0,0.28654970760233917,0.19066147859922178,0.7674418604651163,0.8337209302325582,0.8141176470588235,0.8811764705882352,0.8143091655266758,0.867476383265857,0.7823628977657413,0.8339079525126037,0.6155490674310736,0.6706363005961189,0.7376537611226098,0.7761102099278626,0.907136991540595,0.9283849713750082,0.9043160054719563,0.9131668946648428,0.13089059250383367,0.13762765979465819,20261131,1,North America,267,171,V1-V10_financial_only
PONE2016_h1_target_North_America,20260730,Full_random_search,cost_5,171,86,0.17355668278553757,"Same-horizon leave-one-region-out transfer; source regions=Asia,Europe; target region=North America; source-only fit/search/calibration; target labels untouched until final evaluation; V1-V10 financial ratios only.",Same full architecture and 81 evaluations as PBMSBAINGO; alpha=0.30.,Platt_logistic_on_separate_calibration_partition,0.5638445323267283,0.9651162790697675,0.32941176470588235,0.5928571428571429,0.7345132743362832,0.6424148606811145,0.8574380165289256,0.3822438235084547,0.4953206199063983,0.647264021887825,0.6705882352941176,0.8187134502923976,83.0,57.0,28.0,3.0,0.9154412997645358,0.9025991792065664,0.13691173980849175,0.43260331776520117,0.07985263218244686,-0.309859223703367,1.0688226499620725,5.0,0.42105263157894735,0.13980582524271845,0.9313953488372093,0.9976744186046511,0.24823529411764708,0.36,0.5617294520547945,0.6108281573498965,0.8298797700836679,0.8854763474116514,0.2760381889586643,0.4620683804171247,0.4059102618971147,0.5474590696839529,0.8757742790864644,0.9643670837944105,0.855,0.959500683994528,0.09636879332507561,0.16441642878316784,20261131,1,North America,267,171,V1-V10_financial_only
PONE2016_h1_target_North_America,20260730,Full_random_search,cost_10,171,86,0.17355668278553757,"Same-horizon leave-one-region-out transfer; source regions=Asia,Europe; target region=North America; source-only fit/search/calibration; target labels untouched until final evaluation; V1-V10 financial ratios only.",Same full architecture and 81 evaluations as PBMSBAINGO; alpha=0.30.,Platt_logistic_on_separate_calibration_partition,0.5638445323267283,0.9651162790697675,0.32941176470588235,0.5928571428571429,0.7345132743362832,0.6424148606811145,0.8574380165289256,0.3822438235084547,0.4953206199063983,0.647264021887825,0.6705882352941176,0.8187134502923976,83.0,57.0,28.0,3.0,0.9154412997645358,0.9025991792065664,0.13691173980849175,0.43260331776520117,0.07985263218244686,-0.309859223703367,1.0688226499620725,10.0,0.5087719298245614,0.09206349206349207,0.9104651162790697,0.9860465116279069,0.3305882352941176,0.3847058823529412,0.5904940753279729,0.6026981190255936,0.8248813291139241,0.8747593788766737,0.34741814480680144,0.43019402790426714,0.4857997393872662,0.5255841771448156,0.9000725511742502,0.9437243335307908,0.8820041039671683,0.9329890560875512,0.11297053736895529,0.1487784681166936,20261131,1,North America,267,171,V1-V10_financial_only
PONE2016_h1_target_North_America,20260730,Full_random_search,cost_20,171,86,0.0,"Same-horizon leave-one-region-out transfer; source regions=Asia,Europe; target region=North America; source-only fit/search/calibration; target labels untouched until final evaluation; V1-V10 financial ratios only.",Same full architecture and 81 evaluations as PBMSBAINGO; alpha=0.30.,Platt_logistic_on_separate_calibration_partition,0.0,1.0,0.0,0.5029239766081871,0.669260700389105,0.5584415584415584,0.8349514563106796,0.0,0.0,0.5,1.0,1.0,86.0,85.0,0.0,0.0,0.9154412997645358,0.9025991792065664,0.13691173980849175,0.43260331776520117,0.07985263218244686,-0.309859223703367,1.0688226499620725,20.0,0.49707602339181284,0.04709141274238227,1.0,1.0,0.0,0.0,0.5029239766081871,0.5029239766081871,0.8349514563106796,0.8349514563106796,0.0,0.0,0.0,0.0,0.9066022351160121,0.9368300386384308,0.898577291381669,0.9304514363885088,0.12268056456142495,0.13940290517834814,20261131,1,North America,267,171,V1-V10_financial_only
PONE2016_h1_target_North_America,20260730,Balanced_logistic,triad,171,86,0.8650349181795917,"Same-horizon leave-one-region-out transfer; source regions=Asia,Europe; target region=North America; source-only fit/search/calibration; target labels untouched until final evaluation; V1-V10 financial ratios only.",Class-weighted logistic reference using the same source-only fit/search/calibration and untouched regional target.,Platt_logistic_on_separate_calibration_partition,0.7973965846863742,0.6511627906976745,0.9764705882352941,0.9655172413793104,0.7777777777777778,0.8805031446540881,0.6965174129353234,0.6628442637111425,0.7497562272231731,0.8138166894664842,0.023529411764705882,0.3391812865497076,56.0,2.0,83.0,30.0,0.9134370704739887,0.8811217510259918,0.13617659942514532,0.4761766750967566,0.09170516797810371,-0.38120384322773115,0.6158875907588395,,,,0.5651162790697675,0.7244186046511628,0.9435294117647058,1.0,0.9210570944036178,1.0,0.6186895810955961,0.7656959990293324,0.6185351457763266,0.7493304465370406,0.7045788791368254,0.8144105452850253,0.877439557263883,0.9392878168463515,0.8239124487004105,0.9122229822161425,0.11472790463894844,0.1702456773061641,20262031,1,North America,267,171,V1-V10_financial_only
PONE2016_h1_target_North_America,20260730,Balanced_logistic,cost_1,171,86,0.5804939897470687,"Same-horizon leave-one-region-out transfer; source regions=Asia,Europe; target region=North America; source-only fit/search/calibration; target labels untouched until final evaluation; V1-V10 financial ratios only.",Class-weighted logistic reference using the same source-only fit/search/calibration and untouched regional target.,Platt_logistic_on_separate_calibration_partition,0.7994526171100473,0.7441860465116279,0.8588235294117647,0.8421052631578947,0.7901234567901234,0.8205128205128205,0.7619047619047619,0.6067563059204921,0.7292334561753235,0.8015047879616963,0.1411764705882353,0.4444444444444444,64.0,12.0,73.0,22.0,0.9134370704739887,0.8811217510259918,0.13617659942514532,0.4761766750967566,0.09170516797810371,-0.38120384322773115,0.6158875907588395,1.0,0.19883040935672514,0.19883040935672514,0.6534883720930234,0.7883720930232557,0.7764705882352941,0.8694117647058823,0.7691104734576758,0.8575406871609403,0.6758175399479748,0.8003273322422259,0.47286491620151705,0.6512657209470055,0.6314733930800174,0.7616865192538339,0.8627202799851045,0.9206136199155746,0.8116142270861834,0.8863611491108071,0.13399643896200158,0.17575033056824435,20262031,1,North America,267,171,V1-V10_financial_only
PONE2016_h1_target_North_America,20260730,Balanced_logistic,cost_2,171,86,0.36221656568404953,"Same-horizon leave-one-region-out transfer; source regions=Asia,Europe; target region=North America; source-only fit/search/calibration; target labels untouched until final evaluation; V1-V10 financial ratios only.",Class-weighted logistic reference using the same source-only fit/search/calibration and untouched regional target.,Platt_logistic_on_separate_calibration_partition,0.7698135222877858,0.8837209302325582,0.6705882352941176,0.7307692307692307,0.8,0.7569721115537849,0.8482142857142857,0.5677493912173089,0.6955194019301474,0.7771545827633379,0.32941176470588235,0.6081871345029239,76.0,28.0,57.0,10.0,0.9134370704739887,0.8811217510259918,0.13617659942514532,0.4761766750967566,0.09170516797810371,-0.38120384322773115,0.6158875907588395,2.0,0.2807017543859649,0.1867704280155642,0.8488372093023255,0.8930232558139535,0.5682352941176471,0.6588235294117647,0.6654970263381479,0.7208831217326362,0.8044995457964191,0.8452438186813187,0.4348459330211371,0.5424617305396264,0.5941225050794048,0.6777016583579453,0.8746762401482763,0.9213371909285587,0.8218809849521204,0.8863816689466485,0.13311528412555584,0.17411422620343509,20262031,1,North America,267,171,V1-V10_financial_only
PONE2016_h1_target_North_America,20260730,Balanced_logistic,cost_5,171,86,0.30753990680477866,"Same-horizon leave-one-region-out transfer; source regions=Asia,Europe; target region=North America; source-only fit/search/calibration; target labels untouched until final evaluation; V1-V10 financial ratios only.",Class-weighted logistic reference using the same source-only fit/search/calibration and untouched regional target.,Platt_logistic_on_separate_calibration_partition,0.7541948352522734,0.8953488372093024,0.6352941176470588,0.7129629629629629,0.7938144329896907,0.7432432432432432,0.8517699115044248,0.5500205786711634,0.6788628070315224,0.7653214774281806,0.36470588235294116,0.631578947368421,77.0,31.0,54.0,9.0,0.9134370704739887,0.8811217510259918,0.13617659942514532,0.4761766750967566,0.09170516797810371,-0.38120384322773115,0.6158875907588395,5.0,0.4444444444444444,0.14757281553398058,0.8616279069767442,0.9174418604651162,0.5552941176470588,0.6811764705882353,0.6733542319749216,0.7322214745746419,0.8265381379003118,0.8592924126172208,0.4816517181110621,0.5541637457360828,0.6270235243498039,0.6869781797139081,0.90977470135328,0.9203448452595917,0.8696511627906978,0.8884131326949384,0.13247522561516878,0.14597568200350677,20262031,1,North America,267,171,V1-V10_financial_only
PONE2016_h1_target_North_America,20260730,Balanced_logistic,cost_10,171,86,0.046055449760079685,"Same-horizon leave-one-region-out transfer; source regions=Asia,Europe; target region=North America; source-only fit/search/calibration; target labels untouched until final evaluation; V1-V10 financial ratios only.",Class-weighted logistic reference using the same source-only fit/search/calibration and untouched regional target.,Platt_logistic_on_separate_calibration_partition,0.3177382450056355,0.9534883720930233,0.10588235294117647,0.5189873417721519,0.6721311475409836,0.5710306406685237,0.8167330677290837,0.11200330070781972,0.22445189104436636,0.5296853625170999,0.8941176470588236,0.9239766081871345,82.0,76.0,9.0,4.0,0.9134370704739887,0.8811217510259918,0.13617659942514532,0.4761766750967566,0.09170516797810371,-0.38120384322773115,0.6158875907588395,10.0,0.6783625730994152,0.12275132275132275,0.9093023255813953,0.9872093023255814,0.06235294117647059,0.12941176470588237,0.49558584875040573,0.5316455696202531,0.779203187250996,0.839594192400359,-0.05168304411599134,0.20026396624255324,0.018456562161186393,0.29362011367768515,0.8767842461053706,0.940180666869392,0.8215253077975376,0.9219493844049248,0.11441771585874543,0.1733979028445242,20262031,1,North America,267,171,V1-V10_financial_only
PONE2016_h1_target_North_America,20260730,Balanced_logistic,cost_20,171,86,0.046055449760079685,"Same-horizon leave-one-region-out transfer; source regions=Asia,Europe; target region=North America; source-only fit/search/calibration; target labels untouched until final evaluation; V1-V10 financial ratios only.",Class-weighted logistic reference using the same source-only fit/search/calibration and untouched regional target.,Platt_logistic_on_separate_calibration_partition,0.3177382450056355,0.9534883720930233,0.10588235294117647,0.5189873417721519,0.6721311475409836,0.5710306406685237,0.8167330677290837,0.11200330070781972,0.22445189104436636,0.5296853625170999,0.8941176470588236,0.9239766081871345,82.0,76.0,9.0,4.0,0.9134370704739887,0.8811217510259918,0.13617659942514532,0.4761766750967566,0.09170516797810371,-0.38120384322773115,0.6158875907588395,20.0,0.9122807017543859,0.08642659279778393,0.9430232558139535,0.9767441860465116,0.07176470588235294,0.12705882352941178,0.515356476012651,0.5224964936886396,0.8121342286165958,0.831355088171539,0.1022336450243464,0.14813049954355179,0.19795881568028328,0.24557012373966564,0.8980040477826916,0.9295679734123818,0.8635499316005472,0.9134883720930232,0.12478454257525001,0.15185604479286058,20262031,1,North America,267,171,V1-V10_financial_only
PONE2016_h2_target_Asia,20260730,HistGB,triad,96,48,0.710220443253912,"Same-horizon leave-one-region-out transfer; source regions=Europe,North America; target region=Asia; source-only fit/search/calibration; target labels untouched until final evaluation; V1-V10 financial ratios only.",No metaheuristic; threshold and Platt calibration use calibration partition.,Platt_logistic_on_separate_calibration_partition,0.7694243880258078,0.6458333333333334,0.9166666666666666,0.8857142857142857,0.7469879518072289,0.824468085106383,0.6828193832599119,0.5843389347222367,0.7019921246874938,0.78125,0.08333333333333333,0.3645833333333333,31.0,4.0,44.0,17.0,0.8322420966926936,0.8546006944444444,0.16570085082619865,0.5129137304205235,0.11547635034095505,-0.007898574333384345,1.6167949976510647,,,,0.56875,0.70625,0.8375,0.9583333333333334,0.8093902439024391,0.9401622718052738,0.6158530508102936,0.7302982092644664,0.5279209364542196,0.6472300343541896,0.6707321270786446,0.7442099848662062,0.7602013424579214,0.9033993544722272,0.7884114583333333,0.8875,0.15491427924902262,0.18390244410337073,20260730,2,Asia,338,96,V1-V10_financial_only
PONE2016_h2_target_Asia,20260730,HistGB,cost_1,96,48,0.5728332499733618,"Same-horizon leave-one-region-out transfer; source regions=Europe,North America; target region=Asia; source-only fit/search/calibration; target labels untouched until final evaluation; V1-V10 financial ratios only.",No metaheuristic; threshold and Platt calibration use calibration partition.,Platt_logistic_on_separate_calibration_partition,0.7778397792747695,0.7083333333333334,0.8541666666666666,0.8292682926829268,0.7640449438202247,0.8018867924528302,0.7296137339055794,0.5685785754425927,0.70068625248438,0.78125,0.14583333333333334,0.4270833333333333,34.0,7.0,41.0,14.0,0.8322420966926936,0.8546006944444444,0.16570085082619865,0.5129137304205235,0.11547635034095505,-0.007898574333384345,1.6167949976510647,1.0,0.21875,0.21875,0.6875,0.8041666666666667,0.7916666666666666,0.875,0.7702895111532986,0.8529080675422138,0.7030355832721937,0.8033230637721939,0.4885439217380403,0.6100557384531579,0.6446416364161252,0.7303288327462685,0.7708434850583241,0.8814197564359254,0.8144965277777778,0.8884114583333332,0.1543045831189578,0.18115955373887369,20260730,2,Asia,338,96,V1-V10_financial_only
PONE2016_h2_target_Asia,20260730,HistGB,cost_2,96,48,0.29987481699537333,"Same-horizon leave-one-region-out transfer; source regions=Europe,North America; target region=Asia; source-only fit/search/calibration; target labels untouched until final evaluation; V1-V10 financial ratios only.",No metaheuristic; threshold and Platt calibration use calibration partition.,Platt_logistic_on_separate_calibration_partition,0.7312470322826768,0.9166666666666666,0.5833333333333334,0.6875,0.7857142857142857,0.7236842105263158,0.859375,0.5303300858899107,0.6569891028778054,0.75,0.4166666666666667,0.6666666666666666,44.0,20.0,28.0,4.0,0.8322420966926936,0.8546006944444444,0.16570085082619865,0.5129137304205235,0.11547635034095505,-0.007898574333384345,1.6167949976510647,2.0,0.2916666666666667,0.19444444444444445,0.8333333333333334,0.9333333333333333,0.5499999999999999,0.6833333333333333,0.6655600539811066,0.7262121212121212,0.8038632261840886,0.8794351073762838,0.4698227256177797,0.5888839656959645,0.613054040933884,0.7010783890651668,0.8115350831784726,0.8856670404047602,0.8319444444444444,0.86171875,0.16555384310797183,0.17233385141768942,20260730,2,Asia,338,96,V1-V10_financial_only
PONE2016_h2_target_Asia,20260730,HistGB,cost_5,96,48,0.29240135737395034,"Same-horizon leave-one-region-out transfer; source regions=Europe,North America; target region=Asia; source-only fit/search/calibration; target labels untouched until final evaluation; V1-V10 financial ratios only.",No metaheuristic; threshold and Platt calibration use calibration partition.,Platt_logistic_on_separate_calibration_partition,0.6702378309227255,0.9375,0.4791666666666667,0.6428571428571429,0.7627118644067796,0.6859756097560976,0.8587786259541985,0.4688072309384954,0.5949549181041361,0.7083333333333334,0.5208333333333334,0.7291666666666666,45.0,25.0,23.0,3.0,0.8322420966926936,0.8546006944444444,0.16570085082619865,0.5129137304205235,0.11547635034095505,-0.007898574333384345,1.6167949976510647,5.0,0.4166666666666667,0.1388888888888889,0.9166666666666666,0.95625,0.4583333333333333,0.5750000000000001,0.6290945674044266,0.6924901185770751,0.8403405754550792,0.888532477947073,0.4248315600715477,0.574529256001313,0.5634428071804725,0.6809190785756963,0.7757978706714304,0.818527520106364,0.8276041666666666,0.8581597222222223,0.16152229597600365,0.17564782014219782,20260730,2,Asia,338,96,V1-V10_financial_only
PONE2016_h2_target_Asia,20260730,HistGB,cost_10,96,48,0.29240135737395034,"Same-horizon leave-one-region-out transfer; source regions=Europe,North America; target region=Asia; source-only fit/search/calibration; target labels untouched until final evaluation; V1-V10 financial ratios only.",No metaheuristic; threshold and Platt calibration use calibration partition.,Platt_logistic_on_separate_calibration_partition,0.6702378309227255,0.9375,0.4791666666666667,0.6428571428571429,0.7627118644067796,0.6859756097560976,0.8587786259541985,0.4688072309384954,0.5949549181041361,0.7083333333333334,0.5208333333333334,0.7291666666666666,45.0,25.0,23.0,3.0,0.8322420966926936,0.8546006944444444,0.16570085082619865,0.5129137304205235,0.11547635034095505,-0.007898574333384345,1.6167949976510647,10.0,0.5729166666666666,0.10416666666666667,0.9166666666666666,0.9770833333333333,0.41875,0.5604166666666667,0.6183080340614587,0.6758974358974359,0.8494222612256838,0.882565253437777,0.4228342465382902,0.5109848561756488,0.550345488836092,0.640113082763495,0.8171961595522304,0.8929993366879078,0.8450520833333333,0.8799479166666667,0.1586369277258033,0.16883104216586697,20260730,2,Asia,338,96,V1-V10_financial_only
PONE2016_h2_target_Asia,20260730,HistGB,cost_20,96,48,0.29240135737395034,"Same-horizon leave-one-region-out transfer; source regions=Europe,North America; target region=Asia; source-only fit/search/calibration; target labels untouched until final evaluation; V1-V10 financial ratios only.",No metaheuristic; threshold and Platt calibration use calibration partition.,Platt_logistic_on_separate_calibration_partition,0.6702378309227255,0.9375,0.4791666666666667,0.6428571428571429,0.7627118644067796,0.6859756097560976,0.8587786259541985,0.4688072309384954,0.5949549181041361,0.7083333333333334,0.5208333333333334,0.7291666666666666,45.0,25.0,23.0,3.0,0.8322420966926936,0.8546006944444444,0.16570085082619865,0.5129137304205235,0.11547635034095505,-0.007898574333384345,1.6167949976510647,20.0,0.8854166666666666,0.08432539682539683,0.9166666666666666,0.9770833333333333,0.33749999999999997,0.5166666666666667,0.5815789473684211,0.6563225538971807,0.8237480550913387,0.8885888351192534,0.3180532891463978,0.526158801725583,0.46211912546701955,0.6268543145539596,0.8241547148304342,0.9025934306886683,0.8355902777777777,0.8930989583333333,0.1512132282983301,0.16971735494205326,20260730,2,Asia,338,96,V1-V10_financial_only
PONE2016_h2_target_Asia,20260730,KELM_PBMSBAINGO,triad,96,48,0.5431861204599763,"Same-horizon leave-one-region-out transfer; source regions=Europe,North America; target region=Asia; source-only fit/search/calibration; target labels untouched until final evaluation; V1-V10 financial ratios only.",Plain KELM; hyperparameters/features selected only on search partition.,Platt_logistic_on_separate_calibration_partition,0.7421463804398698,0.5625,0.9791666666666666,0.9642857142857143,0.7105263157894737,0.84375,0.6136363636363636,0.5958540230683373,0.6897732389653396,0.7708333333333333,0.020833333333333332,0.2916666666666667,27.0,1.0,47.0,21.0,0.9000702421147058,0.8975694444444444,0.19007347936244057,0.5683926972785264,0.20411169342426594,0.3105080002444731,5.90823980872633,,,,0.5229166666666667,0.5791666666666667,0.9791666666666666,1.0,0.9616809116809117,1.0,0.575415776465167,0.6323603002502085,0.5642324799849847,0.6384649931497776,0.6610640962428154,0.7177314392363807,0.8853987926817415,0.9302275886165539,0.8825520833333333,0.9209635416666667,0.1855657873760196,0.19621486179493233,20260831,2,Asia,338,96,V1-V10_financial_only
PONE2016_h2_target_Asia,20260730,KELM_PBMSBAINGO,cost_1,96,48,0.38681471237199266,"Same-horizon leave-one-region-out transfer; source regions=Europe,North America; target region=Asia; source-only fit/search/calibration; target labels untouched until final evaluation; V1-V10 financial ratios only.",Plain KELM; hyperparameters/features selected only on search partition.,Platt_logistic_on_separate_calibration_partition,0.6123724356957945,1.0,0.375,0.6153846153846154,0.7619047619047619,0.6666666666666666,0.8888888888888888,0.4803844614152614,0.564772323783879,0.6875,0.625,0.8125,48.0,30.0,18.0,0.0,0.9000702421147058,0.8975694444444444,0.19007347936244057,0.5683926972785264,0.20411169342426594,0.3105080002444731,5.90823980872633,1.0,0.3125,0.3125,1.0,1.0,0.23541666666666666,0.46458333333333335,0.5667718794835007,0.6517808219178082,0.8673746343777174,0.9033296337402886,0.36508431391009255,0.5499000204730942,0.44109635308314854,0.6339731894128411,0.8234038158658443,0.9244926497112183,0.8225260416666667,0.9174045138888889,0.18879080924988467,0.20423479159286223,20260831,2,Asia,338,96,V1-V10_financial_only
PONE2016_h2_target_Asia,20260730,KELM_PBMSBAINGO,cost_2,96,48,0.38681471237199266,"Same-horizon leave-one-region-out transfer; source regions=Europe,North America; target region=Asia; source-only fit/search/calibration; target labels untouched until final evaluation; V1-V10 financial ratios only.",Plain KELM; hyperparameters/features selected only on search partition.,Platt_logistic_on_separate_calibration_partition,0.6123724356957945,1.0,0.375,0.6153846153846154,0.7619047619047619,0.6666666666666666,0.8888888888888888,0.4803844614152614,0.564772323783879,0.6875,0.625,0.8125,48.0,30.0,18.0,0.0,0.9000702421147058,0.8975694444444444,0.19007347936244057,0.5683926972785264,0.20411169342426594,0.3105080002444731,5.90823980872633,2.0,0.3125,0.20833333333333334,1.0,1.0,0.3125,0.45625,0.5925925925925926,0.6477837837837838,0.8791208791208791,0.9019177156374081,0.4303314829119352,0.5436398073469354,0.5123314865020809,0.6282959574603076,0.8528911390222506,0.9413555243336659,0.876779513888889,0.9303385416666666,0.18618054983113017,0.19439821838824423,20260831,2,Asia,338,96,V1-V10_financial_only
PONE2016_h2_target_Asia,20260730,KELM_PBMSBAINGO,cost_5,96,48,0.38681471237199266,"Same-horizon leave-one-region-out transfer; source regions=Europe,North America; target region=Asia; source-only fit/search/calibration; target labels untouched until final evaluation; V1-V10 financial ratios only.",Plain KELM; hyperparameters/features selected only on search partition.,Platt_logistic_on_separate_calibration_partition,0.6123724356957945,1.0,0.375,0.6153846153846154,0.7619047619047619,0.6666666666666666,0.8888888888888888,0.4803844614152614,0.564772323783879,0.6875,0.625,0.8125,48.0,30.0,18.0,0.0,0.9000702421147058,0.8975694444444444,0.19007347936244057,0.5683926972785264,0.20411169342426594,0.3105080002444731,5.90823980872633,5.0,0.3125,0.10416666666666667,1.0,1.0,0.4166666666666667,0.45625,0.631578947368421,0.6477837837837838,0.8955223880597015,0.9019177156374081,0.5129891760425771,0.5436398073469354,0.5979051855226436,0.6282959574603076,0.8836317716405507,0.9165366399267547,0.8811631944444446,0.9119791666666667,0.18638850461096917,0.19422027355925822,20260831,2,Asia,338,96,V1-V10_financial_only
PONE2016_h2_target_Asia,20260730,KELM_PBMSBAINGO,cost_10,96,48,0.3686662181447808,"Same-horizon leave-one-region-out transfer; source regions=Europe,North America; target region=Asia; source-only fit/search/calibration; target labels untouched until final evaluation; V1-V10 financial ratios only.",Plain KELM; hyperparameters/features selected only on search partition.,Platt_logistic_on_separate_calibration_partition,0.408248290463863,1.0,0.16666666666666666,0.5454545454545454,0.7058823529411765,0.6,0.8571428571428571,0.30151134457776363,0.36902076288542446,0.5833333333333334,0.8333333333333334,0.9166666666666666,48.0,40.0,8.0,0.0,0.9000702421147058,0.8975694444444444,0.19007347936244057,0.5683926972785264,0.20411169342426594,0.3105080002444731,5.90823980872633,10.0,0.4166666666666667,0.07575757575757576,1.0,1.0,0.125,0.20833333333333334,0.5333333333333333,0.5581395348837209,0.851063829787234,0.8633093525179856,0.25819888974716115,0.34099716973523675,0.31838660973658534,0.41416161517495115,0.9162219429499093,0.9594312088902053,0.8995225694444445,0.9568142361111112,0.17431356069415824,0.19373598391028113,20260831,2,Asia,338,96,V1-V10_financial_only
PONE2016_h2_target_Asia,20260730,KELM_PBMSBAINGO,cost_20,96,48,0.3686662181447808,"Same-horizon leave-one-region-out transfer; source regions=Europe,North America; target region=Asia; source-only fit/search/calibration; target labels untouched until final evaluation; V1-V10 financial ratios only.",Plain KELM; hyperparameters/features selected only on search partition.,Platt_logistic_on_separate_calibration_partition,0.408248290463863,1.0,0.16666666666666666,0.5454545454545454,0.7058823529411765,0.6,0.8571428571428571,0.30151134457776363,0.36902076288542446,0.5833333333333334,0.8333333333333334,0.9166666666666666,48.0,40.0,8.0,0.0,0.9000702421147058,0.8975694444444444,0.19007347936244057,0.5683926972785264,0.20411169342426594,0.3105080002444731,5.90823980872633,20.0,0.4166666666666667,0.03968253968253968,1.0,1.0,0.12916666666666665,0.26458333333333334,0.5345454545454545,0.5762958811992155,0.8516717325227964,0.871785480706344,0.2625301352302214,0.3902843178190938,0.32345002505146925,0.4689338527211178,0.8969696047315099,0.9218130582235029,0.8925347222222222,0.9093749999999999,0.18216299943186234,0.19362213476833895,20260831,2,Asia,338,96,V1-V10_financial_only
PONE2016_h2_target_Asia,20260730,KELM_score_fusion,triad,96,48,0.5389996424637642,"Same-horizon leave-one-region-out transfer; source regions=Europe,North America; target region=Asia; source-only fit/search/calibration; target labels untouched until final evaluation; V1-V10 financial ratios only.",Plain KELM plus HistGB score-level fusion; alpha=1.00 selected only on search partition.,Platt_logistic_on_separate_calibration_partition,0.7421463804398698,0.5625,0.9791666666666666,0.9642857142857143,0.7105263157894737,0.84375,0.6136363636363636,0.5958540230683373,0.6897732389653396,0.7708333333333333,0.020833333333333332,0.2916666666666667,27.0,1.0,47.0,21.0,0.9000702421147058,0.8975694444444444,0.19047219758989306,0.5691830801165342,0.20388905927436646,0.3986056523061162,5.951052871445827,,,,0.5020833333333333,0.6416666666666667,0.9395833333333333,0.9979166666666667,0.9079326923076924,0.996875,0.5527522935779817,0.6875,0.5203760263417299,0.6591756708432719,0.6307184228363937,0.7441746979866468,0.8511787517475193,0.9407647454091522,0.8443142361111111,0.9408420138888889,0.1841434225642727,0.1978159988047238,20260833,2,Asia,338,96,V1-V10_financial_only
PONE2016_h2_target_Asia,20260730,KELM_score_fusion,cost_1,96,48,0.3867510799165749,"Same-horizon leave-one-region-out transfer; source regions=Europe,North America; target region=Asia; source-only fit/search/calibration; target labels untouched until final evaluation; V1-V10 financial ratios only.",Plain KELM plus HistGB score-level fusion; alpha=1.00 selected only on search partition.,Platt_logistic_on_separate_calibration_partition,0.6123724356957945,1.0,0.375,0.6153846153846154,0.7619047619047619,0.6666666666666666,0.8888888888888888,0.4803844614152614,0.564772323783879,0.6875,0.625,0.8125,48.0,30.0,18.0,0.0,0.9000702421147058,0.8975694444444444,0.19047219758989306,0.5691830801165342,0.20388905927436646,0.3986056523061162,5.951052871445827,1.0,0.3125,0.3125,1.0,1.0,0.23541666666666666,0.47708333333333336,0.5667718794835007,0.6566456867826731,0.8673746343777174,0.905319903532416,0.36508431391009255,0.5597036366037255,0.44109635308314854,0.6439383222680989,0.8452563386677512,0.9265736969829731,0.8234809027777777,0.9259114583333333,0.18099216795484674,0.20605355157851035,20260833,2,Asia,338,96,V1-V10_financial_only
PONE2016_h2_target_Asia,20260730,KELM_score_fusion,cost_2,96,48,0.3867510799165749,"Same-horizon leave-one-region-out transfer; source regions=Europe,North America; target region=Asia; source-only fit/search/calibration; target labels untouched until final evaluation; V1-V10 financial ratios only.",Plain KELM plus HistGB score-level fusion; alpha=1.00 selected only on search partition.,Platt_logistic_on_separate_calibration_partition,0.6123724356957945,1.0,0.375,0.6153846153846154,0.7619047619047619,0.6666666666666666,0.8888888888888888,0.4803844614152614,0.564772323783879,0.6875,0.625,0.8125,48.0,30.0,18.0,0.0,0.9000702421147058,0.8975694444444444,0.19047219758989306,0.5691830801165342,0.20388905927436646,0.3986056523061162,5.951052871445827,2.0,0.3125,0.20833333333333334,1.0,1.0,0.375,0.4791666666666667,0.6153846153846154,0.6575342465753424,0.8888888888888888,0.9056603773584906,0.4803844614152614,0.5613096232478871,0.564772323783879,0.6455001718101668,0.8442711616036651,0.9178894991072445,0.8463107638888889,0.9233940972222222,0.18705907267910646,0.20166542710136506,20260833,2,Asia,338,96,V1-V10_financial_only
PONE2016_h2_target_Asia,20260730,KELM_score_fusion,cost_5,96,48,0.3867510799165749,"Same-horizon leave-one-region-out transfer; source regions=Europe,North America; target region=Asia; source-only fit/search/calibration; target labels untouched until final evaluation; V1-V10 financial ratios only.",Plain KELM plus HistGB score-level fusion; alpha=1.00 selected only on search partition.,Platt_logistic_on_separate_calibration_partition,0.6123724356957945,1.0,0.375,0.6153846153846154,0.7619047619047619,0.6666666666666666,0.8888888888888888,0.4803844614152614,0.564772323783879,0.6875,0.625,0.8125,48.0,30.0,18.0,0.0,0.9000702421147058,0.8975694444444444,0.19047219758989306,0.5691830801165342,0.20388905927436646,0.3986056523061162,5.951052871445827,5.0,0.3125,0.10416666666666667,1.0,1.0,0.29583333333333334,0.41041666666666665,0.5868292682926829,0.629180546302465,0.8765564620008588,0.8945310348625874,0.4165986012935976,0.5080788209745439,0.4975763016683347,0.5928842624136391,0.8786418687422985,0.9260800912527899,0.8815104166666666,0.9167534722222223,0.18918615900546568,0.19664506192140205,20260833,2,Asia,338,96,V1-V10_financial_only
PONE2016_h2_target_Asia,20260730,KELM_score_fusion,cost_10,96,48,0.3704693648384677,"Same-horizon leave-one-region-out transfer; source regions=Europe,North America; target region=Asia; source-only fit/search/calibration; target labels untouched until final evaluation; V1-V10 financial ratios only.",Plain KELM plus HistGB score-level fusion; alpha=1.00 selected only on search partition.,Platt_logistic_on_separate_calibration_partition,0.408248290463863,1.0,0.16666666666666666,0.5454545454545454,0.7058823529411765,0.6,0.8571428571428571,0.30151134457776363,0.36902076288542446,0.5833333333333334,0.8333333333333334,0.9166666666666666,48.0,40.0,8.0,0.0,0.9000702421147058,0.8975694444444444,0.19047219758989306,0.5691830801165342,0.20388905927436646,0.3986056523061162,5.951052871445827,10.0,0.4166666666666667,0.07575757575757576,1.0,1.0,0.1875,0.26666666666666666,0.5517241379310345,0.5769525159461375,0.8602150537634409,0.8720971447325238,0.32163376045133846,0.3921584475547952,0.3921518788918202,0.47104008516490287,0.8939845457410004,0.9304083524790568,0.8877170138888889,0.9246961805555556,0.1838448556819211,0.19049645666369874,20260833,2,Asia,338,96,V1-V10_financial_only
PONE2016_h2_target_Asia,20260730,KELM_score_fusion,cost_20,96,48,0.3704693648384677,"Same-horizon leave-one-region-out transfer; source regions=Europe,North America; target region=Asia; source-only fit/search/calibration; target labels untouched until final evaluation; V1-V10 financial ratios only.",Plain KELM plus HistGB score-level fusion; alpha=1.00 selected only on search partition.,Platt_logistic_on_separate_calibration_partition,0.408248290463863,1.0,0.16666666666666666,0.5454545454545454,0.7058823529411765,0.6,0.8571428571428571,0.30151134457776363,0.36902076288542446,0.5833333333333334,0.8333333333333334,0.9166666666666666,48.0,40.0,8.0,0.0,0.9000702421147058,0.8975694444444444,0.19047219758989306,0.5691830801165342,0.20388905927436646,0.3986056523061162,5.951052871445827,20.0,0.4166666666666667,0.03968253968253968,1.0,1.0,0.08541666666666667,0.16458333333333333,0.5223124701385571,0.5448416751787538,0.8453690339919375,0.8568378240976106,0.21110333419829203,0.2994051179275124,0.26212104837832484,0.3665724716356098,0.8702298283572428,0.9241811322546097,0.8739149305555555,0.9260416666666667,0.18623435818271727,0.1962517448355116,20260833,2,Asia,338,96,V1-V10_financial_only
PONE2016_h2_target_Asia,20260730,KELM_risk_feature,triad,96,48,0.6234953795767478,"Same-horizon leave-one-region-out transfer; source regions=Europe,North America; target region=Asia; source-only fit/search/calibration; target labels untouched until final evaluation; V1-V10 financial ratios only.",OOF HistGB risk is a forced KELM input; no score-level fusion.,Platt_logistic_on_separate_calibration_partition,0.6627489050244527,0.4791666666666667,0.9166666666666666,0.8518518518518519,0.6133333333333333,0.7371794871794872,0.5251141552511416,0.44019709634271337,0.5782492396998674,0.6979166666666666,0.08333333333333333,0.28125,23.0,4.0,44.0,25.0,0.8768202424319855,0.8723958333333333,0.17574312100041364,0.535781593956908,0.16829108572361598,0.12084451534164814,2.9616633436752666,,,,0.36250000000000004,0.4791666666666667,0.88125,0.95625,0.7946428571428571,0.8937246963562753,0.41117035281727227,0.5275229357798165,0.3692279828513562,0.4688072309384954,0.5123054460584163,0.5949549181041361,0.8520152405593467,0.9170959618249589,0.8417100694444444,0.9069444444444444,0.16418265210127417,0.18996378403574465,20260941,2,Asia,338,96,V1-V10_financial_only
PONE2016_h2_target_Asia,20260730,KELM_risk_feature,cost_1,96,48,0.5630068475517386,"Same-horizon leave-one-region-out transfer; source regions=Europe,North America; target region=Asia; source-only fit/search/calibration; target labels untouched until final evaluation; V1-V10 financial ratios only.",OOF HistGB risk is a forced KELM input; no score-level fusion.,Platt_logistic_on_separate_calibration_partition,0.7441904624788229,0.6041666666666666,0.9166666666666666,0.8787878787878788,0.7160493827160493,0.8055555555555556,0.6444444444444445,0.5482930791331408,0.6721408969714814,0.7604166666666666,0.08333333333333333,0.34375,29.0,4.0,44.0,19.0,0.8768202424319855,0.8723958333333333,0.17574312100041364,0.535781593956908,0.16829108572361598,0.12084451534164814,2.9616633436752666,1.0,0.23958333333333334,0.23958333333333334,0.5666666666666667,0.7020833333333334,0.8604166666666666,0.9770833333333333,0.8224458204334365,0.9673891625615764,0.6145058985132515,0.7414001149205134,0.5167243581126636,0.7002252541658673,0.6575663483822198,0.7808902155679783,0.8567992260431547,0.9181576020594254,0.8491319444444446,0.9027343750000001,0.16066668877532525,0.17895702090747206,20260941,2,Asia,338,96,V1-V10_financial_only
PONE2016_h2_target_Asia,20260730,KELM_risk_feature,cost_2,96,48,0.272758473868501,"Same-horizon leave-one-region-out transfer; source regions=Europe,North America; target region=Asia; source-only fit/search/calibration; target labels untouched until final evaluation; V1-V10 financial ratios only.",OOF HistGB risk is a forced KELM input; no score-level fusion.,Platt_logistic_on_separate_calibration_partition,0.28867513459481287,1.0,0.08333333333333333,0.5217391304347826,0.6857142857142857,0.5769230769230769,0.8450704225352113,0.20851441405707474,0.2590110417589152,0.5416666666666666,0.9166666666666666,0.9583333333333334,48.0,44.0,4.0,0.0,0.8768202424319855,0.8723958333333333,0.17574312100041364,0.535781593956908,0.16829108572361598,0.12084451534164814,2.9616633436752666,2.0,0.4583333333333333,0.3055555555555556,1.0,1.0,0.025,0.16458333333333333,0.5063497453310696,0.5448416751787538,0.8368237667339079,0.8568378240976106,0.11029858189034136,0.2994051179275124,0.1383239245304161,0.3665724716356098,0.8416199941538118,0.92702715714605,0.8380642361111111,0.9162326388888888,0.1643579132393191,0.18645267696650297,20260941,2,Asia,338,96,V1-V10_financial_only
PONE2016_h2_target_Asia,20260730,KELM_risk_feature,cost_5,96,48,0.272758473868501,"Same-horizon leave-one-region-out transfer; source regions=Europe,North America; target region=Asia; source-only fit/search/calibration; target labels untouched until final evaluation; V1-V10 financial ratios only.",OOF HistGB risk is a forced KELM input; no score-level fusion.,Platt_logistic_on_separate_calibration_partition,0.28867513459481287,1.0,0.08333333333333333,0.5217391304347826,0.6857142857142857,0.5769230769230769,0.8450704225352113,0.20851441405707474,0.2590110417589152,0.5416666666666666,0.9166666666666666,0.9583333333333334,48.0,44.0,4.0,0.0,0.8768202424319855,0.8723958333333333,0.17574312100041364,0.535781593956908,0.16829108572361598,0.12084451534164814,2.9616633436752666,5.0,0.4583333333333333,0.1527777777777778,1.0,1.0,0.041666666666666664,0.12291666666666666,0.5106382978723404,0.5327472527472528,0.8391608391608392,0.850763100518758,0.14586499149789456,0.2558193623193698,0.18249316773400426,0.31555905955822794,0.8357190863776622,0.9389637083004769,0.8275607638888889,0.930642361111111,0.1630761249861064,0.18948269924951527,20260941,2,Asia,338,96,V1-V10_financial_only
PONE2016_h2_target_Asia,20260730,KELM_risk_feature,cost_10,96,48,0.272758473868501,"Same-horizon leave-one-region-out transfer; source regions=Europe,North America; target region=Asia; source-only fit/search/calibration; target labels untouched until final evaluation; V1-V10 financial ratios only.",OOF HistGB risk is a forced KELM input; no score-level fusion.,Platt_logistic_on_separate_calibration_partition,0.28867513459481287,1.0,0.08333333333333333,0.5217391304347826,0.6857142857142857,0.5769230769230769,0.8450704225352113,0.20851441405707474,0.2590110417589152,0.5416666666666666,0.9166666666666666,0.9583333333333334,48.0,44.0,4.0,0.0,0.8768202424319855,0.8723958333333333,0.17574312100041364,0.535781593956908,0.16829108572361598,0.12084451534164814,2.9616633436752666,10.0,0.4583333333333333,0.08333333333333333,1.0,1.0,0.022916666666666665,0.17916666666666667,0.5058006718924972,0.5492989768851838,0.8365293243342024,0.8589992020973441,0.10692455083745332,0.3129107459531294,0.13418260734699436,0.3819478017979393,0.8292699693246784,0.908971064853556,0.8069444444444445,0.8866319444444445,0.16611226387388064,0.19109209866897112,20260941,2,Asia,338,96,V1-V10_financial_only
PONE2016_h2_target_Asia,20260730,KELM_risk_feature,cost_20,96,48,0.272758473868501,"Same-horizon leave-one-region-out transfer; source regions=Europe,North America; target region=Asia; source-only fit/search/calibration; target labels untouched until final evaluation; V1-V10 financial ratios only.",OOF HistGB risk is a forced KELM input; no score-level fusion.,Platt_logistic_on_separate_calibration_partition,0.28867513459481287,1.0,0.08333333333333333,0.5217391304347826,0.6857142857142857,0.5769230769230769,0.8450704225352113,0.20851441405707474,0.2590110417589152,0.5416666666666666,0.9166666666666666,0.9583333333333334,48.0,44.0,4.0,0.0,0.8768202424319855,0.8723958333333333,0.17574312100041364,0.535781593956908,0.16829108572361598,0.12084451534164814,2.9616633436752666,20.0,0.4583333333333333,0.04365079365079365,1.0,1.0,0.004166666666666667,0.13958333333333334,0.5010638297872341,0.5375671714704445,0.833916083916084,0.8531903162748734,0.014586499149789456,0.2732556116734337,0.018249316773400425,0.33598516952444185,0.837455984796798,0.8919724395892273,0.8211371527777778,0.8888020833333334,0.171167498363881,0.18913913503348076,20260941,2,Asia,338,96,V1-V10_financial_only
PONE2016_h2_target_Asia,20260730,Full_PBMSBAINGO,triad,96,48,0.6731918183902663,"Same-horizon leave-one-region-out transfer; source regions=Europe,North America; target region=Asia; source-only fit/search/calibration; target labels untouched until final evaluation; V1-V10 financial ratios only.",Risk feature plus score fusion; alpha=0.70 selected only on search partition.,Platt_logistic_on_separate_calibration_partition,0.7637626158259733,0.6666666666666666,0.875,0.8421052631578947,0.7441860465116279,0.8,0.6956521739130435,0.5538186196949965,0.6861642951582865,0.7708333333333333,0.125,0.3958333333333333,32.0,6.0,42.0,16.0,0.7624238522146494,0.83984375,0.16585321115367913,0.5086040739743245,0.13016252657885027,-0.10329301343931048,1.0835228198966234,,,,0.5354166666666667,0.7479166666666667,0.7916666666666666,0.9125,0.7684754521963825,0.8818181818181817,0.5746597435292267,0.760280340413359,0.42912052717895405,0.6007546091695348,0.5840225495721351,0.7165708797268256,0.7416765855889085,0.8369292609756769,0.801953125,0.8639756944444444,0.15289505477779605,0.18350098492198558,20261037,2,Asia,338,96,V1-V10_financial_only
PONE2016_h2_target_Asia,20260730,Full_PBMSBAINGO,cost_1,96,48,0.5348771806147226,"Same-horizon leave-one-region-out transfer; source regions=Europe,North America; target region=Asia; source-only fit/search/calibration; target labels untouched until final evaluation; V1-V10 financial ratios only.",Risk feature plus score fusion; alpha=0.70 selected only on search partition.,Platt_logistic_on_separate_calibration_partition,0.7497105923102743,0.7291666666666666,0.7708333333333334,0.7608695652173914,0.7446808510638298,0.7543103448275862,0.7352941176470589,0.5004345937369794,0.6552065129468542,0.75,0.22916666666666666,0.4791666666666667,35.0,11.0,37.0,13.0,0.7624238522146494,0.83984375,0.16585321115367913,0.5086040739743245,0.13016252657885027,-0.10329301343931048,1.0835228198966234,1.0,0.25,0.25,0.5562499999999999,0.75,0.6666666666666666,0.7854166666666667,0.6257703081232493,0.7641670621737067,0.5702127659574469,0.7468879668049793,0.22864310827333975,0.4815359638157092,0.4387028987431256,0.6400543481535697,0.661845346413646,0.8401892128539079,0.7355902777777777,0.8532118055555554,0.1629785515895242,0.21717949394212696,20261037,2,Asia,338,96,V1-V10_financial_only
PONE2016_h2_target_Asia,20260730,Full_PBMSBAINGO,cost_2,96,48,0.27782436267189575,"Same-horizon leave-one-region-out transfer; source regions=Europe,North America; target region=Asia; source-only fit/search/calibration; target labels untouched until final evaluation; V1-V10 financial ratios only.",Risk feature plus score fusion; alpha=0.70 selected only on search partition.,Platt_logistic_on_separate_calibration_partition,0.7421463804398698,0.9791666666666666,0.5625,0.6911764705882353,0.8103448275862069,0.734375,0.9038461538461539,0.5958540230683373,0.6897732389653396,0.7708333333333333,0.4375,0.7083333333333334,47.0,21.0,27.0,1.0,0.7624238522146494,0.83984375,0.16585321115367913,0.5086040739743245,0.13016252657885027,-0.10329301343931048,1.0835228198966234,2.0,0.23958333333333334,0.1597222222222222,0.9604166666666667,1.0,0.5666666666666667,0.6645833333333333,0.6972990777338604,0.748015873015873,0.9028499772001825,0.9357040229885057,0.6259142384506711,0.6999981002473371,0.7073192998461528,0.7737330617508047,0.7610140815416846,0.9001427932269308,0.8496527777777778,0.8995659722222222,0.1368724806469599,0.15204184940687765,20261037,2,Asia,338,96,V1-V10_financial_only
PONE2016_h2_target_Asia,20260730,Full_PBMSBAINGO,cost_5,96,48,0.2064522957207627,"Same-horizon leave-one-region-out transfer; source regions=Europe,North America; target region=Asia; source-only fit/search/calibration; target labels untouched until final evaluation; V1-V10 financial ratios only.",Risk feature plus score fusion; alpha=0.70 selected only on search partition.,Platt_logistic_on_separate_calibration_partition,0.6123724356957945,1.0,0.375,0.6153846153846154,0.7619047619047619,0.6666666666666666,0.8888888888888888,0.4803844614152614,0.564772323783879,0.6875,0.625,0.8125,48.0,30.0,18.0,0.0,0.7624238522146494,0.83984375,0.16585321115367913,0.5086040739743245,0.13016252657885027,-0.10329301343931048,1.0835228198966234,5.0,0.3125,0.10416666666666667,1.0,1.0,0.31666666666666665,0.4791666666666667,0.5940928270042194,0.6575342465753424,0.8797696768176473,0.9056603773584906,0.4336868971569662,0.5613096232478871,0.5158679332951327,0.6455001718101668,0.7026965970639155,0.8648470821787809,0.7955295138888888,0.9065104166666667,0.12861929711208606,0.18045040623521288,20261037,2,Asia,338,96,V1-V10_financial_only
PONE2016_h2_target_Asia,20260730,Full_PBMSBAINGO,cost_10,96,48,0.2064522957207627,"Same-horizon leave-one-region-out transfer; source regions=Europe,North America; target region=Asia; source-only fit/search/calibration; target labels untouched until final evaluation; V1-V10 financial ratios only.",Risk feature plus score fusion; alpha=0.70 selected only on search partition.,Platt_logistic_on_separate_calibration_partition,0.6123724356957945,1.0,0.375,0.6153846153846154,0.7619047619047619,0.6666666666666666,0.8888888888888888,0.4803844614152614,0.564772323783879,0.6875,0.625,0.8125,48.0,30.0,18.0,0.0,0.7624238522146494,0.83984375,0.16585321115367913,0.5086040739743245,0.13016252657885027,-0.10329301343931048,1.0835228198966234,10.0,0.3125,0.056818181818181816,1.0,1.0,0.3145833333333333,0.43333333333333335,0.5933333333333333,0.6383376623376623,0.8794440853264383,0.8982080948999623,0.43201969417073743,0.5259094996251464,0.5141213726355638,0.6107717993528572,0.7052885090767269,0.8055692134954711,0.8029947916666668,0.8684027777777777,0.15574650953337837,0.1813661923997708,20261037,2,Asia,338,96,V1-V10_financial_only
PONE2016_h2_target_Asia,20260730,Full_PBMSBAINGO,cost_20,96,48,0.2064522957207627,"Same-horizon leave-one-region-out transfer; source regions=Europe,North America; target region=Asia; source-only fit/search/calibration; target labels untouched until final evaluation; V1-V10 financial ratios only.",Risk feature plus score fusion; alpha=0.70 selected only on search partition.,Platt_logistic_on_separate_calibration_partition,0.6123724356957945,1.0,0.375,0.6153846153846154,0.7619047619047619,0.6666666666666666,0.8888888888888888,0.4803844614152614,0.564772323783879,0.6875,0.625,0.8125,48.0,30.0,18.0,0.0,0.7624238522146494,0.83984375,0.16585321115367913,0.5086040739743245,0.13016252657885027,-0.10329301343931048,1.0835228198966234,20.0,0.3125,0.02976190476190476,1.0,1.0,0.3125,0.39166666666666666,0.5925925925925926,0.6217984547098471,0.8791208791208791,0.8915348633040233,0.4303314829119352,0.49345693523790635,0.5123314865020809,0.5781174441276965,0.701835319284902,0.8224452126623321,0.8023003472222221,0.8723524305555556,0.14839042387700419,0.17653229617894808,20261037,2,Asia,338,96,V1-V10_financial_only
PONE2016_h2_target_Asia,20260730,Uncertainty_gated_fusion,triad,96,48,0.6234953795767478,"Same-horizon leave-one-region-out transfer; source regions=Europe,North America; target region=Asia; source-only fit/search/calibration; target labels untouched until final evaluation; V1-V10 financial ratios only.","One-standard-error paired-bootstrap gate selected KELM_risk_feature; search utility difference=-0.0035, required margin=0.0033.",Platt_logistic_on_separate_calibration_partition,0.6627489050244527,0.4791666666666667,0.9166666666666666,0.8518518518518519,0.6133333333333333,0.7371794871794872,0.5251141552511416,0.44019709634271337,0.5782492396998674,0.6979166666666666,0.08333333333333333,0.28125,23.0,4.0,44.0,25.0,0.8768202424319855,0.8723958333333333,0.17574312100041364,0.535781593956908,0.16829108572361598,0.12084451534164814,2.9616633436752666,,,,0.44166666666666665,0.55625,0.91875,0.9583333333333334,0.8541666666666666,0.9302387267904509,0.4900114155251142,0.6048196272157417,0.4337311413372687,0.5620104618077834,0.5637185016054276,0.6690550750930437,0.8484466264792202,0.9251355439557003,0.8215711805555556,0.9146267361111111,0.16031201227146563,0.18673989473379565,20261083,2,Asia,338,96,V1-V10_financial_only
PONE2016_h2_target_Asia,20260730,Uncertainty_gated_fusion,cost_1,96,48,0.5630068475517386,"Same-horizon leave-one-region-out transfer; source regions=Europe,North America; target region=Asia; source-only fit/search/calibration; target labels untouched until final evaluation; V1-V10 financial ratios only.","One-standard-error paired-bootstrap gate selected KELM_risk_feature; search utility difference=-0.0035, required margin=0.0033.",Platt_logistic_on_separate_calibration_partition,0.7441904624788229,0.6041666666666666,0.9166666666666666,0.8787878787878788,0.7160493827160493,0.8055555555555556,0.6444444444444445,0.5482930791331408,0.6721408969714814,0.7604166666666666,0.08333333333333333,0.34375,29.0,4.0,44.0,19.0,0.8768202424319855,0.8723958333333333,0.17574312100041364,0.535781593956908,0.16829108572361598,0.12084451534164814,2.9616633436752666,1.0,0.23958333333333334,0.23958333333333334,0.48333333333333334,0.6458333333333334,0.9166666666666666,0.95625,0.8528735632183908,0.933111954459203,0.5291638256988781,0.6855385754941328,0.44381860890619995,0.6090133198677857,0.5814666362511172,0.7160308308194282,0.8368529505727906,0.9143922254833016,0.8328125,0.924782986111111,0.16117897659600267,0.19056431166195947,20261083,2,Asia,338,96,V1-V10_financial_only
PONE2016_h2_target_Asia,20260730,Uncertainty_gated_fusion,cost_2,96,48,0.272758473868501,"Same-horizon leave-one-region-out transfer; source regions=Europe,North America; target region=Asia; source-only fit/search/calibration; target labels untouched until final evaluation; V1-V10 financial ratios only.","One-standard-error paired-bootstrap gate selected KELM_risk_feature; search utility difference=-0.0035, required margin=0.0033.",Platt_logistic_on_separate_calibration_partition,0.28867513459481287,1.0,0.08333333333333333,0.5217391304347826,0.6857142857142857,0.5769230769230769,0.8450704225352113,0.20851441405707474,0.2590110417589152,0.5416666666666666,0.9166666666666666,0.9583333333333334,48.0,44.0,4.0,0.0,0.8768202424319855,0.8723958333333333,0.17574312100041364,0.535781593956908,0.16829108572361598,0.12084451534164814,2.9616633436752666,2.0,0.4583333333333333,0.3055555555555556,1.0,1.0,0.04583333333333333,0.125,0.5117483811285846,0.5333333333333333,0.8397517974982763,0.851063829787234,0.15212993375381256,0.25819888974716115,0.19014495513649535,0.31838660973658534,0.8328209694479564,0.9136269450171076,0.8264756944444445,0.9037760416666667,0.1695008633166685,0.18646829558155262,20261083,2,Asia,338,96,V1-V10_financial_only
PONE2016_h2_target_Asia,20260730,Uncertainty_gated_fusion,cost_5,96,48,0.272758473868501,"Same-horizon leave-one-region-out transfer; source regions=Europe,North America; target region=Asia; source-only fit/search/calibration; target labels untouched until final evaluation; V1-V10 financial ratios only.","One-standard-error paired-bootstrap gate selected KELM_risk_feature; search utility difference=-0.0035, required margin=0.0033.",Platt_logistic_on_separate_calibration_partition,0.28867513459481287,1.0,0.08333333333333333,0.5217391304347826,0.6857142857142857,0.5769230769230769,0.8450704225352113,0.20851441405707474,0.2590110417589152,0.5416666666666666,0.9166666666666666,0.9583333333333334,48.0,44.0,4.0,0.0,0.8768202424319855,0.8723958333333333,0.17574312100041364,0.535781593956908,0.16829108572361598,0.12084451534164814,2.9616633436752666,5.0,0.4583333333333333,0.1527777777777778,1.0,1.0,0.04375,0.10416666666666667,0.5111873713109127,0.5274725274725275,0.8394552815605447,0.8480565371024735,0.14923902255078259,0.2344036154692477,0.18663448491742599,0.29011110795301165,0.8974646277100373,0.9331938581286213,0.8861545138888888,0.9385416666666667,0.15922578115516547,0.17163653178730398,20261083,2,Asia,338,96,V1-V10_financial_only
PONE2016_h2_target_Asia,20260730,Uncertainty_gated_fusion,cost_10,96,48,0.272758473868501,"Same-horizon leave-one-region-out transfer; source regions=Europe,North America; target region=Asia; source-only fit/search/calibration; target labels untouched until final evaluation; V1-V10 financial ratios only.","One-standard-error paired-bootstrap gate selected KELM_risk_feature; search utility difference=-0.0035, required margin=0.0033.",Platt_logistic_on_separate_calibration_partition,0.28867513459481287,1.0,0.08333333333333333,0.5217391304347826,0.6857142857142857,0.5769230769230769,0.8450704225352113,0.20851441405707474,0.2590110417589152,0.5416666666666666,0.9166666666666666,0.9583333333333334,48.0,44.0,4.0,0.0,0.8768202424319855,0.8723958333333333,0.17574312100041364,0.535781593956908,0.16829108572361598,0.12084451534164814,2.9616633436752666,10.0,0.4583333333333333,0.08333333333333333,1.0,1.0,0.08541666666666667,0.18541666666666667,0.5223124701385571,0.5510971786833856,0.8453690339919375,0.8599078341013825,0.21110333419829203,0.319621518863981,0.26212104837832484,0.3898387672911806,0.8618368542145042,0.9133451363177223,0.84453125,0.9256076388888889,0.16682133901513746,0.18058157966277288,20261083,2,Asia,338,96,V1-V10_financial_only
PONE2016_h2_target_Asia,20260730,Uncertainty_gated_fusion,cost_20,96,48,0.272758473868501,"Same-horizon leave-one-region-out transfer; source regions=Europe,North America; target region=Asia; source-only fit/search/calibration; target labels untouched until final evaluation; V1-V10 financial ratios only.","One-standard-error paired-bootstrap gate selected KELM_risk_feature; search utility difference=-0.0035, required margin=0.0033.",Platt_logistic_on_separate_calibration_partition,0.28867513459481287,1.0,0.08333333333333333,0.5217391304347826,0.6857142857142857,0.5769230769230769,0.8450704225352113,0.20851441405707474,0.2590110417589152,0.5416666666666666,0.9166666666666666,0.9583333333333334,48.0,44.0,4.0,0.0,0.8768202424319855,0.8723958333333333,0.17574312100041364,0.535781593956908,0.16829108572361598,0.12084451534164814,2.9616633436752666,20.0,0.4583333333333333,0.04365079365079365,1.0,1.0,0.041666666666666664,0.14375000000000002,0.5106382978723404,0.5387265917602996,0.8391608391608392,0.8537896570000757,0.14586499149789456,0.27822405924244237,0.18249316773400426,0.3419227263222088,0.8532606433461142,0.9092867949198988,0.8365451388888889,0.9128472222222221,0.1590636884130301,0.18698709365941085,20261083,2,Asia,338,96,V1-V10_financial_only
PONE2016_h2_target_Asia,20260730,Full_random_search,triad,96,48,0.676368230986606,"Same-horizon leave-one-region-out transfer; source regions=Europe,North America; target region=Asia; source-only fit/search/calibration; target labels untouched until final evaluation; V1-V10 financial ratios only.",Same full architecture and 81 evaluations as PBMSBAINGO; alpha=0.70.,Platt_logistic_on_separate_calibration_partition,0.7606306776470285,0.6458333333333334,0.8958333333333334,0.8611111111111112,0.7380952380952381,0.8072916666666666,0.6798245614035088,0.5594309277855158,0.6865909094580854,0.7708333333333334,0.10416666666666667,0.375,31.0,5.0,43.0,17.0,0.8612535032347215,0.8780381944444444,0.14764975995733912,0.4643389738631017,0.09714877570003329,-0.007276027483871328,1.3656698232029734,,,,0.5666666666666667,0.7041666666666667,0.8770833333333333,0.9583333333333334,0.8343750000000001,0.9406072106261859,0.6074331358103779,0.7389187309193492,0.48916209880860856,0.6624826372297644,0.6287419860937129,0.7595793255430384,0.8476982979033294,0.8977960584966345,0.8706597222222222,0.9030815972222223,0.13133247826931468,0.15349956126088168,20261131,2,Asia,338,96,V1-V10_financial_only
PONE2016_h2_target_Asia,20260730,Full_random_search,cost_1,96,48,0.6470083875062349,"Same-horizon leave-one-region-out transfer; source regions=Europe,North America; target region=Asia; source-only fit/search/calibration; target labels untouched until final evaluation; V1-V10 financial ratios only.",Same full architecture and 81 evaluations as PBMSBAINGO; alpha=0.70.,Platt_logistic_on_separate_calibration_partition,0.7728015412913086,0.6666666666666666,0.8958333333333334,0.8648648648648649,0.7529411764705882,0.8163265306122449,0.6986899563318777,0.5778789783381384,0.7014406843052422,0.78125,0.10416666666666667,0.3854166666666667,32.0,5.0,43.0,16.0,0.8612535032347215,0.8780381944444444,0.14764975995733912,0.4643389738631017,0.09714877570003329,-0.007276027483871328,1.3656698232029734,1.0,0.21875,0.21875,0.6270833333333333,0.7270833333333333,0.8979166666666667,0.95625,0.8757352941176471,0.9368831168831169,0.6662340216322518,0.7527923538230884,0.5724223350124893,0.6387213330165561,0.6916256366688969,0.7458035143216561,0.8469726873786907,0.9007563839903223,0.8702256944444444,0.9110677083333334,0.1258334040320026,0.15568158871345866,20261131,2,Asia,338,96,V1-V10_financial_only
PONE2016_h2_target_Asia,20260730,Full_random_search,cost_2,96,48,0.29119449720690377,"Same-horizon leave-one-region-out transfer; source regions=Europe,North America; target region=Asia; source-only fit/search/calibration; target labels untouched until final evaluation; V1-V10 financial ratios only.",Same full architecture and 81 evaluations as PBMSBAINGO; alpha=0.70.,Platt_logistic_on_separate_calibration_partition,0.7180703308172536,0.9166666666666666,0.5625,0.676923076923077,0.7787610619469026,0.7142857142857143,0.8560311284046692,0.5123778072572299,0.6416646175353838,0.7395833333333333,0.4375,0.6770833333333334,44.0,21.0,27.0,4.0,0.8612535032347215,0.8780381944444444,0.14764975995733912,0.4643389738631017,0.09714877570003329,-0.007276027483871328,1.3656698232029734,2.0,0.3020833333333333,0.2013888888888889,0.8583333333333333,0.9375,0.44583333333333336,0.6020833333333333,0.6265625,0.693424317617866,0.8053487942913385,0.8735408560311284,0.4012740781649117,0.553511980297661,0.5614826889117327,0.6711829228300983,0.8418790075457944,0.8833789149252336,0.8440538194444444,0.8934895833333333,0.14046577045209038,0.1735500211840346,20261131,2,Asia,338,96,V1-V10_financial_only
PONE2016_h2_target_Asia,20260730,Full_random_search,cost_5,96,48,0.24543799881043152,"Same-horizon leave-one-region-out transfer; source regions=Europe,North America; target region=Asia; source-only fit/search/calibration; target labels untouched until final evaluation; V1-V10 financial ratios only.",Same full architecture and 81 evaluations as PBMSBAINGO; alpha=0.70.,Platt_logistic_on_separate_calibration_partition,0.6849700926155665,0.9791666666666666,0.4791666666666667,0.6527777777777778,0.7833333333333333,0.6994047619047619,0.8901515151515151,0.529237746757157,0.6285377168625907,0.7291666666666666,0.5208333333333334,0.75,47.0,25.0,23.0,1.0,0.8612535032347215,0.8780381944444444,0.14764975995733912,0.4643389738631017,0.09714877570003329,-0.007276027483871328,1.3656698232029734,5.0,0.3125,0.10416666666666667,0.9791666666666666,1.0,0.42083333333333334,0.58125,0.6332859174964438,0.7004609306409131,0.8961957131635058,0.9089154089154089,0.5162152341189464,0.6108624020237466,0.601102834609328,0.703152788239731,0.8071855885897795,0.9160221158714978,0.8239583333333332,0.910329861111111,0.135934959944048,0.17913335318194257,20261131,2,Asia,338,96,V1-V10_financial_only
PONE2016_h2_target_Asia,20260730,Full_random_search,cost_10,96,48,0.24543799881043152,"Same-horizon leave-one-region-out transfer; source regions=Europe,North America; target region=Asia; source-only fit/search/calibration; target labels untouched until final evaluation; V1-V10 financial ratios only.",Same full architecture and 81 evaluations as PBMSBAINGO; alpha=0.70.,Platt_logistic_on_separate_calibration_partition,0.6849700926155665,0.9791666666666666,0.4791666666666667,0.6527777777777778,0.7833333333333333,0.6994047619047619,0.8901515151515151,0.529237746757157,0.6285377168625907,0.7291666666666666,0.5208333333333334,0.75,47.0,25.0,23.0,1.0,0.8612535032347215,0.8780381944444444,0.14764975995733912,0.4643389738631017,0.09714877570003329,-0.007276027483871328,1.3656698232029734,10.0,0.3645833333333333,0.06628787878787878,0.9395833333333333,0.9791666666666666,0.36041666666666666,0.6395833333333334,0.6003290043290043,0.7310867537313432,0.8557236251762594,0.9169054657335908,0.40082421520530354,0.6578743465946953,0.5175438341901776,0.7440404938065698,0.791124515236749,0.9049659261510901,0.8113715277777778,0.9171006944444444,0.12330610152701368,0.18034628009422382,20261131,2,Asia,338,96,V1-V10_financial_only
PONE2016_h2_target_Asia,20260730,Full_random_search,cost_20,96,48,0.24543799881043152,"Same-horizon leave-one-region-out transfer; source regions=Europe,North America; target region=Asia; source-only fit/search/calibration; target labels untouched until final evaluation; V1-V10 financial ratios only.",Same full architecture and 81 evaluations as PBMSBAINGO; alpha=0.70.,Platt_logistic_on_separate_calibration_partition,0.6849700926155665,0.9791666666666666,0.4791666666666667,0.6527777777777778,0.7833333333333333,0.6994047619047619,0.8901515151515151,0.529237746757157,0.6285377168625907,0.7291666666666666,0.5208333333333334,0.75,47.0,25.0,23.0,1.0,0.8612535032347215,0.8780381944444444,0.14764975995733912,0.4643389738631017,0.09714877570003329,-0.007276027483871328,1.3656698232029734,20.0,0.46875,0.044642857142857144,0.9604166666666667,1.0,0.41875,0.4791666666666667,0.628,0.6565695543121743,0.8750872246194159,0.9049819800720798,0.4807243288746609,0.5580936871443902,0.5833606005278545,0.642352603338919,0.809859637587849,0.8920086922633867,0.8345920138888889,0.9131944444444444,0.1296771712134327,0.17103056278261936,20261131,2,Asia,338,96,V1-V10_financial_only
PONE2016_h2_target_Asia,20260730,Balanced_logistic,triad,96,48,0.5018955893315805,"Same-horizon leave-one-region-out transfer; source regions=Europe,North America; target region=Asia; source-only fit/search/calibration; target labels untouched until final evaluation; V1-V10 financial ratios only.",Class-weighted logistic reference using the same source-only fit/search/calibration and untouched regional target.,Platt_logistic_on_separate_calibration_partition,0.8212668060177927,0.7708333333333334,0.875,0.8604651162790697,0.8131868131868132,0.8409090909090909,0.7872340425531915,0.6493659782899173,0.7594269826011288,0.8229166666666667,0.125,0.4479166666666667,37.0,6.0,42.0,11.0,0.9124399524683342,0.9144965277777777,0.21907467623175195,0.6304146150301188,0.28332597523044223,0.19947533420876737,15.215925082689253,,,,0.7333333333333333,0.8270833333333334,0.8375,0.9166666666666666,0.826046511627907,0.9084257206208426,0.7598772535481396,0.8421110060376809,0.6097517310730718,0.7468489651042826,0.7328505819743488,0.8272531239674017,0.9115819617586429,0.963163585987361,0.9051215277777777,0.9583333333333334,0.21675182051536834,0.21793170395960537,20262031,2,Asia,338,96,V1-V10_financial_only
PONE2016_h2_target_Asia,20260730,Balanced_logistic,cost_1,96,48,0.46054175687637255,"Same-horizon leave-one-region-out transfer; source regions=Europe,North America; target region=Asia; source-only fit/search/calibration; target labels untouched until final evaluation; V1-V10 financial ratios only.",Class-weighted logistic reference using the same source-only fit/search/calibration and untouched regional target.,Platt_logistic_on_separate_calibration_partition,0.6614378277661477,1.0,0.4375,0.64,0.7804878048780488,0.6896551724137931,0.898876404494382,0.529150262212918,0.6140244870976886,0.71875,0.5625,0.78125,48.0,27.0,21.0,0.0,0.9124399524683342,0.9144965277777777,0.21907467623175195,0.6304146150301188,0.28332597523044223,0.19947533420876737,15.215925082689253,1.0,0.28125,0.28125,1.0,1.0,0.39791666666666664,0.5333333333333333,0.6241968557758031,0.682007722007722,0.8925262165011374,0.9146530448258049,0.4983672903059395,0.6030294358786666,0.583138367236701,0.6850006465054053,0.8698458262110618,0.9357856107467417,0.8805121527777777,0.9291666666666666,0.21331550557054949,0.22000255768797544,20262031,2,Asia,338,96,V1-V10_financial_only
PONE2016_h2_target_Asia,20260730,Balanced_logistic,cost_2,96,48,0.46054175687637255,"Same-horizon leave-one-region-out transfer; source regions=Europe,North America; target region=Asia; source-only fit/search/calibration; target labels untouched until final evaluation; V1-V10 financial ratios only.",Class-weighted logistic reference using the same source-only fit/search/calibration and untouched regional target.,Platt_logistic_on_separate_calibration_partition,0.6614378277661477,1.0,0.4375,0.64,0.7804878048780488,0.6896551724137931,0.898876404494382,0.529150262212918,0.6140244870976886,0.71875,0.5625,0.78125,48.0,27.0,21.0,0.0,0.9124399524683342,0.9144965277777777,0.21907467623175195,0.6304146150301188,0.28332597523044223,0.19947533420876737,15.215925082689253,2.0,0.28125,0.1875,1.0,1.0,0.3208333333333333,0.51875,0.5956709956709957,0.6751173708920187,0.8804281220638098,0.9122018665744902,0.4369725982542619,0.5917867731061965,0.5192480988168102,0.6745832803910222,0.8689575414526013,0.9214780181858777,0.8759982638888889,0.9320312499999999,0.21479616025981332,0.22402281599924195,20262031,2,Asia,338,96,V1-V10_financial_only
PONE2016_h2_target_Asia,20260730,Balanced_logistic,cost_5,96,48,0.42475317511518035,"Same-horizon leave-one-region-out transfer; source regions=Europe,North America; target region=Asia; source-only fit/search/calibration; target labels untouched until final evaluation; V1-V10 financial ratios only.",Class-weighted logistic reference using the same source-only fit/search/calibration and untouched regional target.,Platt_logistic_on_separate_calibration_partition,0.3227486121839514,1.0,0.10416666666666667,0.5274725274725275,0.6906474820143885,0.5825242718446602,0.8480565371024735,0.2344036154692477,0.29011110795301165,0.5520833333333334,0.8958333333333334,0.9479166666666666,48.0,43.0,5.0,0.0,0.9124399524683342,0.9144965277777777,0.21907467623175195,0.6304146150301188,0.28332597523044223,0.19947533420876737,15.215925082689253,5.0,0.4479166666666667,0.14930555555555555,1.0,1.0,0.04375,0.25625,0.5111873713109127,0.5738152610441767,0.8394552815605447,0.8705609284332688,0.14923902255078259,0.3820044898202862,0.18663448491742599,0.45935635217728127,0.8850000020537614,0.9584039401048207,0.8863281249999999,0.9526041666666667,0.20717972244064642,0.22280868607000626,20262031,2,Asia,338,96,V1-V10_financial_only
PONE2016_h2_target_Asia,20260730,Balanced_logistic,cost_10,96,48,0.42475317511518035,"Same-horizon leave-one-region-out transfer; source regions=Europe,North America; target region=Asia; source-only fit/search/calibration; target labels untouched until final evaluation; V1-V10 financial ratios only.",Class-weighted logistic reference using the same source-only fit/search/calibration and untouched regional target.,Platt_logistic_on_separate_calibration_partition,0.3227486121839514,1.0,0.10416666666666667,0.5274725274725275,0.6906474820143885,0.5825242718446602,0.8480565371024735,0.2344036154692477,0.29011110795301165,0.5520833333333334,0.8958333333333334,0.9479166666666666,48.0,43.0,5.0,0.0,0.9124399524683342,0.9144965277777777,0.21907467623175195,0.6304146150301188,0.28332597523044223,0.19947533420876737,15.215925082689253,10.0,0.4479166666666667,0.08143939393939394,1.0,1.0,0.025,0.16458333333333333,0.5063497453310696,0.5448416751787538,0.8368237667339079,0.8568378240976106,0.11029858189034136,0.2994051179275124,0.1383239245304161,0.3665724716356098,0.8777730431715712,0.9674931064608583,0.8761284722222222,0.9643663194444445,0.21188763055092996,0.22503326376388336,20262031,2,Asia,338,96,V1-V10_financial_only
PONE2016_h2_target_Asia,20260730,Balanced_logistic,cost_20,96,48,0.42475317511518035,"Same-horizon leave-one-region-out transfer; source regions=Europe,North America; target region=Asia; source-only fit/search/calibration; target labels untouched until final evaluation; V1-V10 financial ratios only.",Class-weighted logistic reference using the same source-only fit/search/calibration and untouched regional target.,Platt_logistic_on_separate_calibration_partition,0.3227486121839514,1.0,0.10416666666666667,0.5274725274725275,0.6906474820143885,0.5825242718446602,0.8480565371024735,0.2344036154692477,0.29011110795301165,0.5520833333333334,0.8958333333333334,0.9479166666666666,48.0,43.0,5.0,0.0,0.9124399524683342,0.9144965277777777,0.21907467623175195,0.6304146150301188,0.28332597523044223,0.19947533420876737,15.215925082689253,20.0,0.4479166666666667,0.04265873015873016,1.0,1.0,0.04583333333333333,0.16249999999999998,0.5117483811285846,0.5442424242424242,0.8397517974982763,0.8565349544072948,0.15212993375381256,0.2971800990947034,0.19014495513649535,0.36395734757054055,0.8969392853870768,0.9561897543928901,0.8990017361111112,0.9487413194444445,0.214638286721874,0.22061523545374287,20262031,2,Asia,338,96,V1-V10_financial_only
PONE2016_h2_target_Europe,20260730,HistGB,triad,171,86,0.7628023532066212,"Same-horizon leave-one-region-out transfer; source regions=Asia,North America; target region=Europe; source-only fit/search/calibration; target labels untouched until final evaluation; V1-V10 financial ratios only.",No metaheuristic; threshold and Platt calibration use calibration partition.,Platt_logistic_on_separate_calibration_partition,0.6651373247222817,0.4883720930232558,0.9058823529411765,0.84,0.6176470588235294,0.7342657342657343,0.5329949238578681,0.4333687592941463,0.5766249276106553,0.6971272229822161,0.09411764705882353,0.29239766081871343,42.0,8.0,77.0,44.0,0.7659263943051273,0.7586867305061559,0.20314842789294527,0.5928567766779367,0.06660238577295453,0.08463701987751243,0.903969980012157,,,,0.4790697674418605,0.555813953488372,0.8835294117647059,0.9529411764705882,0.8201428571428571,0.9164893617021276,0.5232613239513417,0.5974999999999999,0.4113425186035116,0.5159685524496972,0.5616473111455104,0.6314892319139571,0.7381314787262692,0.8174699540559345,0.7262380300957592,0.8177154582763339,0.17581696240186848,0.21703668230350734,20260730,2,Europe,263,171,V1-V10_financial_only
PONE2016_h2_target_Europe,20260730,HistGB,cost_1,171,86,0.76272191611171,"Same-horizon leave-one-region-out transfer; source regions=Asia,North America; target region=Europe; source-only fit/search/calibration; target labels untouched until final evaluation; V1-V10 financial ratios only.",No metaheuristic; threshold and Platt calibration use calibration partition.,Platt_logistic_on_separate_calibration_partition,0.6651373247222817,0.4883720930232558,0.9058823529411765,0.84,0.6176470588235294,0.7342657342657343,0.5329949238578681,0.4333687592941463,0.5766249276106553,0.6971272229822161,0.09411764705882353,0.29239766081871343,42.0,8.0,77.0,44.0,0.7659263943051273,0.7586867305061559,0.20314842789294527,0.5928567766779367,0.06660238577295453,0.08463701987751243,0.903969980012157,1.0,0.30409356725146197,0.30409356725146197,0.4476744186046512,0.555813953488372,0.8952941176470589,0.9494117647058823,0.8125652348454435,0.9175616835994195,0.49190868137146715,0.6033890542706664,0.3845592558916118,0.5488619614508273,0.5362658416727206,0.6615839007232257,0.7607794289278272,0.8627375449793009,0.7324760601915185,0.8480984952120382,0.15814748073971616,0.21299540683841098,20260730,2,Europe,263,171,V1-V10_financial_only
PONE2016_h2_target_Europe,20260730,HistGB,cost_2,171,86,0.29399766988036163,"Same-horizon leave-one-region-out transfer; source regions=Asia,North America; target region=Europe; source-only fit/search/calibration; target labels untouched until final evaluation; V1-V10 financial ratios only.",No metaheuristic; threshold and Platt calibration use calibration partition.,Platt_logistic_on_separate_calibration_partition,0.6632837103666549,0.7790697674418605,0.5647058823529412,0.6442307692307693,0.7052631578947368,0.6673306772908366,0.7477678571428571,0.35211111059454525,0.5370641096121351,0.6718878248974008,0.43529411764705883,0.6081871345029239,67.0,37.0,48.0,19.0,0.7659263943051273,0.7586867305061559,0.20314842789294527,0.5928567766779367,0.06660238577295453,0.08463701987751243,0.903969980012157,2.0,0.43859649122807015,0.2918287937743191,0.7697674418604652,0.8697674418604651,0.5094117647058823,0.5870588235294117,0.6198251748251749,0.6690984474241355,0.7378362964128383,0.8174735147536558,0.31141559631292187,0.44193609874460177,0.5004146394255273,0.5995161803711857,0.7599852613121234,0.8388277081512928,0.7387277701778386,0.8196306429548563,0.17698193589713498,0.21311435492294808,20260730,2,Europe,263,171,V1-V10_financial_only
PONE2016_h2_target_Europe,20260730,HistGB,cost_5,171,86,0.2262426109452136,"Same-horizon leave-one-region-out transfer; source regions=Asia,North America; target region=Europe; source-only fit/search/calibration; target labels untouched until final evaluation; V1-V10 financial ratios only.",No metaheuristic; threshold and Platt calibration use calibration partition.,Platt_logistic_on_separate_calibration_partition,0.3031977318006905,0.9767441860465116,0.09411764705882353,0.5217391304347826,0.680161943319838,0.5753424657534246,0.8316831683168316,0.15099345868058398,0.24032743048057134,0.5354309165526676,0.9058823529411765,0.9415204678362573,84.0,77.0,8.0,2.0,0.7659263943051273,0.7586867305061559,0.20314842789294527,0.5928567766779367,0.06660238577295453,0.08463701987751243,0.903969980012157,5.0,0.5087719298245614,0.16893203883495145,0.9767441860465116,0.9883720930232558,0.041176470588235294,0.12941176470588237,0.5102577453788076,0.5342966324337234,0.8316851058882796,0.8441027143909452,0.08555919239005261,0.2275166911850812,0.14983347608453085,0.3074137916042356,0.7171564229615194,0.7925089374194837,0.7212038303693571,0.7795348837209302,0.19700745129983535,0.22273902087255165,20260730,2,Europe,263,171,V1-V10_financial_only
PONE2016_h2_target_Europe,20260730,HistGB,cost_10,171,86,0.2262426109452136,"Same-horizon leave-one-region-out transfer; source regions=Asia,North America; target region=Europe; source-only fit/search/calibration; target labels untouched until final evaluation; V1-V10 financial ratios only.",No metaheuristic; threshold and Platt calibration use calibration partition.,Platt_logistic_on_separate_calibration_partition,0.3031977318006905,0.9767441860465116,0.09411764705882353,0.5217391304347826,0.680161943319838,0.5753424657534246,0.8316831683168316,0.15099345868058398,0.24032743048057134,0.5354309165526676,0.9058823529411765,0.9415204678362573,84.0,77.0,8.0,2.0,0.7659263943051273,0.7586867305061559,0.20314842789294527,0.5928567766779367,0.06660238577295453,0.08463701987751243,0.903969980012157,10.0,0.5672514619883041,0.10264550264550265,0.944186046511628,0.9883720930232558,0.04823529411764706,0.12823529411764706,0.500920245398773,0.5316060126582278,0.8022097746178014,0.8429206662902315,-0.016661929710986095,0.214485907734566,0.01476353738349014,0.29354653124769237,0.6977997832892331,0.8556102258437212,0.6763611491108071,0.8449931600547195,0.16694123886679366,0.23090545823749725,20260730,2,Europe,263,171,V1-V10_financial_only
PONE2016_h2_target_Europe,20260730,HistGB,cost_20,171,86,0.2262426109452136,"Same-horizon leave-one-region-out transfer; source regions=Asia,North America; target region=Europe; source-only fit/search/calibration; target labels untouched until final evaluation; V1-V10 financial ratios only.",No metaheuristic; threshold and Platt calibration use calibration partition.,Platt_logistic_on_separate_calibration_partition,0.3031977318006905,0.9767441860465116,0.09411764705882353,0.5217391304347826,0.680161943319838,0.5753424657534246,0.8316831683168316,0.15099345868058398,0.24032743048057134,0.5354309165526676,0.9058823529411765,0.9415204678362573,84.0,77.0,8.0,2.0,0.7659263943051273,0.7586867305061559,0.20314842789294527,0.5928567766779367,0.06660238577295453,0.08463701987751243,0.903969980012157,20.0,0.6842105263157895,0.06481994459833795,0.9546511627906977,0.9976744186046511,0.04823529411764706,0.11529411764705882,0.5097792145769809,0.5273466981132076,0.8154524529352485,0.8408375578233145,0.060331445421579796,0.18184865721088933,0.15229340026609564,0.2714253448116202,0.7285590857283848,0.7943034827203503,0.7300683994528043,0.7872913816689466,0.18479126285038733,0.21664691796998517,20260730,2,Europe,263,171,V1-V10_financial_only
PONE2016_h2_target_Europe,20260730,KELM_PBMSBAINGO,triad,171,86,0.6944809069725472,"Same-horizon leave-one-region-out transfer; source regions=Asia,North America; target region=Europe; source-only fit/search/calibration; target labels untouched until final evaluation; V1-V10 financial ratios only.",Plain KELM; hyperparameters/features selected only on search partition.,Platt_logistic_on_separate_calibration_partition,0.697366553140545,0.5232558139534884,0.9294117647058824,0.8823529411764706,0.656934306569343,0.7758620689655172,0.569620253164557,0.49472330316724394,0.6219586781845626,0.7263337893296854,0.07058823529411765,0.2982456140350877,45.0,6.0,79.0,41.0,0.782295630459814,0.8027359781121751,0.1914113960371697,0.6798284233055275,0.13042396551653157,-0.023665158459951617,0.391464357425703,,,,0.4279069767441861,0.6186046511627907,0.9305882352941177,0.9635294117647059,0.8787054409005628,0.9356566397652237,0.4769016697588126,0.6625584200211067,0.4296702406091428,0.6054379418697808,0.557696890022189,0.708489621252988,0.7552799576551243,0.8734716848663627,0.7697537619699042,0.8790424076607388,0.1433541837496495,0.21269904571955647,20260831,2,Europe,263,171,V1-V10_financial_only
PONE2016_h2_target_Europe,20260730,KELM_PBMSBAINGO,cost_1,171,86,0.6895838200049387,"Same-horizon leave-one-region-out transfer; source regions=Asia,North America; target region=Europe; source-only fit/search/calibration; target labels untouched until final evaluation; V1-V10 financial ratios only.",Plain KELM; hyperparameters/features selected only on search partition.,Platt_logistic_on_separate_calibration_partition,0.6929387842275323,0.5232558139534884,0.9176470588235294,0.8653846153846154,0.6521739130434783,0.7653061224489796,0.5681818181818182,0.4792106535864148,0.6127811556644123,0.7204514363885088,0.08235294117647059,0.30409356725146197,45.0,7.0,78.0,41.0,0.782295630459814,0.8027359781121751,0.1914113960371697,0.6798284233055275,0.13042396551653157,-0.023665158459951617,0.391464357425703,1.0,0.2807017543859649,0.2807017543859649,0.43023255813953487,0.5627906976744186,0.8976470588235295,0.9411764705882353,0.824046511627907,0.9047619047619048,0.47816001927943125,0.6087274796373725,0.40833677146449593,0.542119547726571,0.5501636623175391,0.6593634971046197,0.732637895672935,0.8157421643624013,0.7539398084815323,0.805718194254446,0.1791660395953664,0.22184216342453528,20260831,2,Europe,263,171,V1-V10_financial_only
PONE2016_h2_target_Europe,20260730,KELM_PBMSBAINGO,cost_2,171,86,0.4314972986933916,"Same-horizon leave-one-region-out transfer; source regions=Asia,North America; target region=Europe; source-only fit/search/calibration; target labels untouched until final evaluation; V1-V10 financial ratios only.",Plain KELM; hyperparameters/features selected only on search partition.,Platt_logistic_on_separate_calibration_partition,0.7470873676376284,0.6976744186046512,0.8,0.7792207792207793,0.7361963190184049,0.7614213197969543,0.7125890736342043,0.5001436012194912,0.6535505247029204,0.7488372093023257,0.2,0.4502923976608187,60.0,17.0,68.0,26.0,0.782295630459814,0.8027359781121751,0.1914113960371697,0.6798284233055275,0.13042396551653157,-0.023665158459951617,0.391464357425703,2.0,0.40350877192982454,0.26848249027237353,0.6755813953488372,0.7674418604651163,0.7329411764705882,0.8105882352941176,0.7436062065275548,0.8020218228498075,0.6931497897488351,0.773395569723189,0.47913265926996235,0.5726104611742594,0.6373910481977489,0.7070748969950935,0.739468817682975,0.8399134881916166,0.7641723666210671,0.8414500683994528,0.16391281950935296,0.20973902711986195,20260831,2,Europe,263,171,V1-V10_financial_only
PONE2016_h2_target_Europe,20260730,KELM_PBMSBAINGO,cost_5,171,86,0.27623567513505776,"Same-horizon leave-one-region-out transfer; source regions=Asia,North America; target region=Europe; source-only fit/search/calibration; target labels untouched until final evaluation; V1-V10 financial ratios only.",Plain KELM; hyperparameters/features selected only on search partition.,Platt_logistic_on_separate_calibration_partition,0.6734154528172214,0.7558139534883721,0.6,0.6565656565656566,0.7027027027027027,0.6742738589211619,0.7336343115124153,0.36032783991786305,0.5467070294447446,0.6779069767441861,0.4,0.5789473684210527,65.0,34.0,51.0,21.0,0.782295630459814,0.8027359781121751,0.1914113960371697,0.6798284233055275,0.13042396551653157,-0.023665158459951617,0.391464357425703,5.0,0.8128654970760234,0.26990291262135924,0.780232558139535,0.8441860465116279,0.5882352941176471,0.6752941176470588,0.6637820512820513,0.7090819542947202,0.7625031490905426,0.8037788400758533,0.3983613110650888,0.4626441465635922,0.57368444595184,0.6252440561277287,0.77559567656807,0.8213517104743068,0.8045827633378934,0.8483173734610123,0.16220192552341944,0.18529555274741277,20260831,2,Europe,263,171,V1-V10_financial_only
PONE2016_h2_target_Europe,20260730,KELM_PBMSBAINGO,cost_10,171,86,0.03180938819497283,"Same-horizon leave-one-region-out transfer; source regions=Asia,North America; target region=Europe; source-only fit/search/calibration; target labels untouched until final evaluation; V1-V10 financial ratios only.",Plain KELM; hyperparameters/features selected only on search partition.,Platt_logistic_on_separate_calibration_partition,0.2869720215917757,1.0,0.08235294117647059,0.524390243902439,0.688,0.5795148247978437,0.8464566929133859,0.20781019924347463,0.257700537479747,0.5411764705882353,0.9176470588235294,0.9590643274853801,86.0,78.0,7.0,0.0,0.782295630459814,0.8027359781121751,0.1914113960371697,0.6798284233055275,0.13042396551653157,-0.023665158459951617,0.391464357425703,10.0,0.45614035087719296,0.08253968253968254,1.0,1.0,0.04941176470588235,0.16,0.5155942660134276,0.5464097796415713,0.8418179231754063,0.8576036046718445,0.15928622420723604,0.29539979356347673,0.19862834755273098,0.3612885400297116,0.7750595744130631,0.8035332545340467,0.7663474692202462,0.8337482900136798,0.17270902624187062,0.21520432901749412,20260831,2,Europe,263,171,V1-V10_financial_only
PONE2016_h2_target_Europe,20260730,KELM_PBMSBAINGO,cost_20,171,86,0.03180938819497283,"Same-horizon leave-one-region-out transfer; source regions=Asia,North America; target region=Europe; source-only fit/search/calibration; target labels untouched until final evaluation; V1-V10 financial ratios only.",Plain KELM; hyperparameters/features selected only on search partition.,Platt_logistic_on_separate_calibration_partition,0.2869720215917757,1.0,0.08235294117647059,0.524390243902439,0.688,0.5795148247978437,0.8464566929133859,0.20781019924347463,0.257700537479747,0.5411764705882353,0.9176470588235294,0.9590643274853801,86.0,78.0,7.0,0.0,0.782295630459814,0.8027359781121751,0.1914113960371697,0.6798284233055275,0.13042396551653157,-0.023665158459951617,0.391464357425703,20.0,0.45614035087719296,0.043213296398891966,1.0,1.0,0.058823529411764705,0.1388235294117647,0.5180722891566265,0.5402086018985116,0.8431372549019608,0.8545322126646064,0.1745704457765549,0.2737675804524024,0.21735715111420992,0.3361354030500684,0.7618037524644075,0.8347355292329713,0.7749658002735977,0.8533242134062927,0.16708541264634427,0.2156771626476728,20260831,2,Europe,263,171,V1-V10_financial_only
PONE2016_h2_target_Europe,20260730,KELM_score_fusion,triad,171,86,0.6959919961550096,"Same-horizon leave-one-region-out transfer; source regions=Asia,North America; target region=Europe; source-only fit/search/calibration; target labels untouched until final evaluation; V1-V10 financial ratios only.",Plain KELM plus HistGB score-level fusion; alpha=1.00 selected only on search partition.,Platt_logistic_on_separate_calibration_partition,0.697366553140545,0.5232558139534884,0.9294117647058824,0.8823529411764706,0.656934306569343,0.7758620689655172,0.569620253164557,0.49472330316724394,0.6219586781845626,0.7263337893296854,0.07058823529411765,0.2982456140350877,45.0,6.0,79.0,41.0,0.782295630459814,0.8027359781121751,0.19173450547824847,0.691254373479672,0.13155748162569,-0.053756666101151505,0.3703589411655332,,,,0.3941860465116279,0.5790697674418605,0.8952941176470589,0.9294117647058824,0.8425101214574898,0.8772959183673469,0.44129988810145465,0.6195518666021513,0.3823105332393611,0.5111213362773133,0.5190208093100278,0.644530967530169,0.7306966199163039,0.786969074589537,0.7318057455540355,0.8146238030095759,0.19266458057021854,0.2360640150368931,20260833,2,Europe,263,171,V1-V10_financial_only
PONE2016_h2_target_Europe,20260730,KELM_score_fusion,cost_1,171,86,0.6907693797700325,"Same-horizon leave-one-region-out transfer; source regions=Asia,North America; target region=Europe; source-only fit/search/calibration; target labels untouched until final evaluation; V1-V10 financial ratios only.",Plain KELM plus HistGB score-level fusion; alpha=1.00 selected only on search partition.,Platt_logistic_on_separate_calibration_partition,0.6929387842275323,0.5232558139534884,0.9176470588235294,0.8653846153846154,0.6521739130434783,0.7653061224489796,0.5681818181818182,0.4792106535864148,0.6127811556644123,0.7204514363885088,0.08235294117647059,0.30409356725146197,45.0,7.0,78.0,41.0,0.782295630459814,0.8027359781121751,0.19173450547824847,0.691254373479672,0.13155748162569,-0.053756666101151505,0.3703589411655332,1.0,0.2807017543859649,0.2807017543859649,0.45581395348837206,0.613953488372093,0.9305882352941177,0.9647058823529412,0.8710714285714286,0.9402406417112299,0.5039918638857234,0.6585130922693267,0.441777573218081,0.6005071397056708,0.5726583484158975,0.7052328269946383,0.770616112371146,0.8803912321931298,0.7579753761969905,0.8828043775649794,0.1488929174937481,0.22158224964404272,20260833,2,Europe,263,171,V1-V10_financial_only
PONE2016_h2_target_Europe,20260730,KELM_score_fusion,cost_2,171,86,0.4212852826361312,"Same-horizon leave-one-region-out transfer; source regions=Asia,North America; target region=Europe; source-only fit/search/calibration; target labels untouched until final evaluation; V1-V10 financial ratios only.",Plain KELM plus HistGB score-level fusion; alpha=1.00 selected only on search partition.,Platt_logistic_on_separate_calibration_partition,0.7470873676376284,0.6976744186046512,0.8,0.7792207792207793,0.7361963190184049,0.7614213197969543,0.7125890736342043,0.5001436012194912,0.6535505247029204,0.7488372093023257,0.2,0.4502923976608187,60.0,17.0,68.0,26.0,0.782295630459814,0.8027359781121751,0.19173450547824847,0.691254373479672,0.13155748162569,-0.053756666101151505,0.3703589411655332,2.0,0.40350877192982454,0.26848249027237353,0.6406976744186047,0.719767441860465,0.7552941176470588,0.8329411764705883,0.7485391566265059,0.7963386727688787,0.6665813000558762,0.7253297468074765,0.46932681158017453,0.5100212978631603,0.6289051335681975,0.660413637653075,0.7566041045573819,0.8117262529680422,0.7881121751025991,0.804281805745554,0.18510571785559798,0.2053904232458564,20260833,2,Europe,263,171,V1-V10_financial_only
PONE2016_h2_target_Europe,20260730,KELM_score_fusion,cost_5,171,86,0.2680203077608854,"Same-horizon leave-one-region-out transfer; source regions=Asia,North America; target region=Europe; source-only fit/search/calibration; target labels untouched until final evaluation; V1-V10 financial ratios only.",Plain KELM plus HistGB score-level fusion; alpha=1.00 selected only on search partition.,Platt_logistic_on_separate_calibration_partition,0.6734154528172214,0.7558139534883721,0.6,0.6565656565656566,0.7027027027027027,0.6742738589211619,0.7336343115124153,0.36032783991786305,0.5467070294447446,0.6779069767441861,0.4,0.5789473684210527,65.0,34.0,51.0,21.0,0.782295630459814,0.8027359781121751,0.19173450547824847,0.691254373479672,0.13155748162569,-0.053756666101151505,0.3703589411655332,5.0,0.8128654970760234,0.26990291262135924,0.663953488372093,0.7767441860465116,0.5776470588235294,0.6329411764705882,0.613978494623656,0.6763750000000001,0.6533180778032037,0.7529176904176904,0.24253131774789194,0.396323508944808,0.4530688596884928,0.5740853467398235,0.7104262968259271,0.7986025256080169,0.7455403556771546,0.8117099863201094,0.18534705306028115,0.22560609555719352,20260833,2,Europe,263,171,V1-V10_financial_only
PONE2016_h2_target_Europe,20260730,KELM_score_fusion,cost_10,171,86,0.03811280433276528,"Same-horizon leave-one-region-out transfer; source regions=Asia,North America; target region=Europe; source-only fit/search/calibration; target labels untouched until final evaluation; V1-V10 financial ratios only.",Plain KELM plus HistGB score-level fusion; alpha=1.00 selected only on search partition.,Platt_logistic_on_separate_calibration_partition,0.2869720215917757,1.0,0.08235294117647059,0.524390243902439,0.688,0.5795148247978437,0.8464566929133859,0.20781019924347463,0.257700537479747,0.5411764705882353,0.9176470588235294,0.9590643274853801,86.0,78.0,7.0,0.0,0.782295630459814,0.8027359781121751,0.19173450547824847,0.691254373479672,0.13155748162569,-0.053756666101151505,0.3703589411655332,10.0,0.45614035087719296,0.08253968253968254,1.0,1.0,0.09529411764705882,0.1388235294117647,0.5279330455199576,0.5402086018985116,0.8482938466216058,0.8545322126646064,0.22426345504094908,0.2737675804524024,0.2774773042850558,0.3361354030500684,0.7659545297324535,0.8550245958992524,0.7676060191518468,0.852735978112175,0.15553296646073045,0.21806327149335378,20260833,2,Europe,263,171,V1-V10_financial_only
PONE2016_h2_target_Europe,20260730,KELM_score_fusion,cost_20,171,86,0.03811280433276528,"Same-horizon leave-one-region-out transfer; source regions=Asia,North America; target region=Europe; source-only fit/search/calibration; target labels untouched until final evaluation; V1-V10 financial ratios only.",Plain KELM plus HistGB score-level fusion; alpha=1.00 selected only on search partition.,Platt_logistic_on_separate_calibration_partition,0.2869720215917757,1.0,0.08235294117647059,0.524390243902439,0.688,0.5795148247978437,0.8464566929133859,0.20781019924347463,0.257700537479747,0.5411764705882353,0.9176470588235294,0.9590643274853801,86.0,78.0,7.0,0.0,0.782295630459814,0.8027359781121751,0.19173450547824847,0.691254373479672,0.13155748162569,-0.053756666101151505,0.3703589411655332,20.0,0.45614035087719296,0.043213296398891966,1.0,1.0,0.07058823529411765,0.1376470588235294,0.5212121212121212,0.539878872583275,0.8447937131630648,0.8543639349672715,0.19181095862923833,0.27240763741337254,0.2383427322057134,0.3345196881178901,0.7216911656571313,0.8239898042021407,0.778563611491108,0.840437756497948,0.16738928280372098,0.2074292133185545,20260833,2,Europe,263,171,V1-V10_financial_only
PONE2016_h2_target_Europe,20260730,KELM_risk_feature,triad,171,86,0.7268884495033551,"Same-horizon leave-one-region-out transfer; source regions=Asia,North America; target region=Europe; source-only fit/search/calibration; target labels untouched until final evaluation; V1-V10 financial ratios only.",OOF HistGB risk is a forced KELM input; no score-level fusion.,Platt_logistic_on_separate_calibration_partition,0.649107563717267,0.46511627906976744,0.9058823529411765,0.8333333333333334,0.5970149253731343,0.7194244604316546,0.5102040816326531,0.4128172365608963,0.5582092822755248,0.685499316005472,0.09411764705882353,0.2807017543859649,40.0,8.0,77.0,46.0,0.7884163892105376,0.7875512995896033,0.20096404762956274,0.626438536365597,0.1270109350654532,0.07159051273317972,0.5065516266250344,,,,0.39651162790697675,0.4744186046511628,0.8482352941176471,0.9152941176470588,0.7505555555555555,0.8395454545454545,0.4384192881562558,0.5139779406152202,0.3044279080939257,0.40366119787382615,0.47318648504638355,0.5471053220436002,0.7205751096182488,0.7864906559603797,0.7300136798905609,0.7818057455540356,0.21439532865357921,0.24480379565666133,20260941,2,Europe,263,171,V1-V10_financial_only
PONE2016_h2_target_Europe,20260730,KELM_risk_feature,cost_1,171,86,0.593907220542328,"Same-horizon leave-one-region-out transfer; source regions=Asia,North America; target region=Europe; source-only fit/search/calibration; target labels untouched until final evaluation; V1-V10 financial ratios only.",OOF HistGB risk is a forced KELM input; no score-level fusion.,Platt_logistic_on_separate_calibration_partition,0.6673958620354989,0.5116279069767442,0.8705882352941177,0.8,0.624113475177305,0.7189542483660131,0.5513784461152882,0.40912627705964794,0.5669456982542896,0.6911080711354309,0.12941176470588237,0.3216374269005848,44.0,11.0,74.0,42.0,0.7884163892105376,0.7875512995896033,0.20096404762956274,0.626438536365597,0.1270109350654532,0.07159051273317972,0.5065516266250344,1.0,0.30994152046783624,0.30994152046783624,0.43372093023255814,0.5348837209302325,0.8494117647058823,0.9047058823529411,0.7801262878032569,0.8436813186813187,0.47755598831548196,0.5745719602977667,0.36582995896684445,0.45285972675096475,0.5210443613163299,0.5946430651537415,0.7490558408105042,0.8462419301243962,0.7501367989056087,0.8422708618331054,0.1713273853306548,0.21606894314576722,20260941,2,Europe,263,171,V1-V10_financial_only
PONE2016_h2_target_Europe,20260730,KELM_risk_feature,cost_2,171,86,0.27056529890905745,"Same-horizon leave-one-region-out transfer; source regions=Asia,North America; target region=Europe; source-only fit/search/calibration; target labels untouched until final evaluation; V1-V10 financial ratios only.",OOF HistGB risk is a forced KELM input; no score-level fusion.,Platt_logistic_on_separate_calibration_partition,0.6734154528172214,0.7558139534883721,0.6,0.6565656565656566,0.7027027027027027,0.6742738589211619,0.7336343115124153,0.36032783991786305,0.5467070294447446,0.6779069767441861,0.4,0.5789473684210527,65.0,34.0,51.0,21.0,0.7884163892105376,0.7875512995896033,0.20096404762956274,0.626438536365597,0.1270109350654532,0.07159051273317972,0.5065516266250344,2.0,0.4444444444444444,0.29571984435797666,0.6988372093023256,0.8209302325581396,0.46,0.6870588235294117,0.5924890350877193,0.7092122830440587,0.6885842368640533,0.7831383642990034,0.24583752614539123,0.44731121933941204,0.4434388885730723,0.6148486081068897,0.7593885264697866,0.8661375079453325,0.742859097127223,0.8464979480164159,0.16284598006018033,0.22210100103795236,20260941,2,Europe,263,171,V1-V10_financial_only
PONE2016_h2_target_Europe,20260730,KELM_risk_feature,cost_5,171,86,0.1296383190570545,"Same-horizon leave-one-region-out transfer; source regions=Asia,North America; target region=Europe; source-only fit/search/calibration; target labels untouched until final evaluation; V1-V10 financial ratios only.",OOF HistGB risk is a forced KELM input; no score-level fusion.,Platt_logistic_on_separate_calibration_partition,0.5860904810552583,0.9418604651162791,0.36470588235294116,0.6,0.7330316742081447,0.646964856230032,0.8455114822546973,0.3759802509584873,0.5054731867939679,0.6532831737346101,0.6352941176470588,0.7894736842105263,81.0,54.0,31.0,5.0,0.7884163892105376,0.7875512995896033,0.20096404762956274,0.626438536365597,0.1270109350654532,0.07159051273317972,0.5065516266250344,5.0,0.4619883040935672,0.1533980582524272,0.8848837209302326,0.9732558139534884,0.3058823529411765,0.40588235294117647,0.5639130434782609,0.6237379280070238,0.7945314069583599,0.8751699790794979,0.23657196079213635,0.46110258593968095,0.4009183229328918,0.5666768901689182,0.7527529785053096,0.8123327387189738,0.7357592339261286,0.82406292749658,0.18256355667846902,0.2267559441811791,20260941,2,Europe,263,171,V1-V10_financial_only
PONE2016_h2_target_Europe,20260730,KELM_risk_feature,cost_10,171,86,0.0731184504697551,"Same-horizon leave-one-region-out transfer; source regions=Asia,North America; target region=Europe; source-only fit/search/calibration; target labels untouched until final evaluation; V1-V10 financial ratios only.",OOF HistGB risk is a forced KELM input; no score-level fusion.,Platt_logistic_on_separate_calibration_partition,0.3597384670922507,1.0,0.12941176470588237,0.5375,0.6991869918699187,0.5922865013774105,0.8531746031746031,0.26374006811520273,0.3243769289728056,0.5647058823529412,0.8705882352941177,0.935672514619883,86.0,74.0,11.0,0.0,0.7884163892105376,0.7875512995896033,0.20096404762956274,0.626438536365597,0.1270109350654532,0.07159051273317972,0.5065516266250344,10.0,0.4327485380116959,0.07830687830687831,1.0,1.0,0.13058823529411767,0.24,0.5378380503144654,0.5711282051282052,0.8533442203919341,0.8694008097165992,0.26499930223628954,0.3699148044799973,0.32585472232665585,0.4457735179837921,0.7290496122474952,0.8313332102990605,0.7392476060191518,0.8387140902872776,0.17682675874572293,0.23439710889879342,20260941,2,Europe,263,171,V1-V10_financial_only
PONE2016_h2_target_Europe,20260730,KELM_risk_feature,cost_20,171,86,0.0731184504697551,"Same-horizon leave-one-region-out transfer; source regions=Asia,North America; target region=Europe; source-only fit/search/calibration; target labels untouched until final evaluation; V1-V10 financial ratios only.",OOF HistGB risk is a forced KELM input; no score-level fusion.,Platt_logistic_on_separate_calibration_partition,0.3597384670922507,1.0,0.12941176470588237,0.5375,0.6991869918699187,0.5922865013774105,0.8531746031746031,0.26374006811520273,0.3243769289728056,0.5647058823529412,0.8705882352941177,0.935672514619883,86.0,74.0,11.0,0.0,0.7884163892105376,0.7875512995896033,0.20096404762956274,0.626438536365597,0.1270109350654532,0.07159051273317972,0.5065516266250344,20.0,0.4327485380116959,0.040997229916897505,1.0,1.0,0.08470588235294117,0.19529411764705884,0.5250376392652816,0.557027782344238,0.8467912607761975,0.862765804252868,0.21073764833903594,0.32963067460191486,0.26121079558948523,0.40058489268594716,0.7583144702484683,0.8115101252223019,0.755280437756498,0.8065526675786594,0.20125238754099853,0.21504034897649477,20260941,2,Europe,263,171,V1-V10_financial_only
PONE2016_h2_target_Europe,20260730,Full_PBMSBAINGO,triad,171,86,0.8019005794910051,"Same-horizon leave-one-region-out transfer; source regions=Asia,North America; target region=Europe; source-only fit/search/calibration; target labels untouched until final evaluation; V1-V10 financial ratios only.",Risk feature plus score fusion; alpha=0.70 selected only on search partition.,Platt_logistic_on_separate_calibration_partition,0.685196208431751,0.5116279069767442,0.9176470588235294,0.8627450980392157,0.6423357664233577,0.7586206896551724,0.5569620253164557,0.46915736637618966,0.6039247302187464,0.7146374829001367,0.08235294117647059,0.2982456140350877,44.0,7.0,78.0,42.0,0.8029102929613552,0.7889192886456908,0.19517086754190308,0.57986159822703,0.10363123948178976,0.04723393664481527,0.6539401665503717,,,,0.43372093023255814,0.4883720930232558,0.8847058823529411,0.9517647058823528,0.7925106382978724,0.9106280193236714,0.4772450837941078,0.5379148770011714,0.35840919808673594,0.49396353116993763,0.516945412127072,0.6113474399145717,0.7686113712732127,0.8518702116075619,0.7492749658002736,0.8179069767441861,0.18390655245298115,0.2207072586862086,20261037,2,Europe,263,171,V1-V10_financial_only
PONE2016_h2_target_Europe,20260730,Full_PBMSBAINGO,cost_1,171,86,0.2767620734659539,"Same-horizon leave-one-region-out transfer; source regions=Asia,North America; target region=Europe; source-only fit/search/calibration; target labels untouched until final evaluation; V1-V10 financial ratios only.",Risk feature plus score fusion; alpha=0.70 selected only on search partition.,Platt_logistic_on_separate_calibration_partition,0.6969741127306591,0.7790697674418605,0.6235294117647059,0.6767676767676768,0.7243243243243244,0.6950207468879668,0.7562076749435666,0.4077065870350907,0.5828994888508231,0.7012995896032832,0.3764705882352941,0.5789473684210527,67.0,32.0,53.0,19.0,0.8029102929613552,0.7889192886456908,0.19517086754190308,0.57986159822703,0.10363123948178976,0.04723393664481527,0.6539401665503717,1.0,0.2982456140350877,0.2982456140350877,0.7023255813953488,0.813953488372093,0.5811764705882353,0.6694117647058823,0.6430103092783506,0.7049910873440285,0.697072072072072,0.789536284404134,0.3296691538758783,0.4754828907605839,0.5225106516242449,0.6329546638092531,0.7835018387300922,0.824524696960968,0.7445417236662107,0.8106703146374828,0.17680121978726285,0.21284835403195954,20261037,2,Europe,263,171,V1-V10_financial_only
PONE2016_h2_target_Europe,20260730,Full_PBMSBAINGO,cost_2,171,86,0.2767620734659539,"Same-horizon leave-one-region-out transfer; source regions=Asia,North America; target region=Europe; source-only fit/search/calibration; target labels untouched until final evaluation; V1-V10 financial ratios only.",Risk feature plus score fusion; alpha=0.70 selected only on search partition.,Platt_logistic_on_separate_calibration_partition,0.6969741127306591,0.7790697674418605,0.6235294117647059,0.6767676767676768,0.7243243243243244,0.6950207468879668,0.7562076749435666,0.4077065870350907,0.5828994888508231,0.7012995896032832,0.3764705882352941,0.5789473684210527,67.0,32.0,53.0,19.0,0.8029102929613552,0.7889192886456908,0.19517086754190308,0.57986159822703,0.10363123948178976,0.04723393664481527,0.6539401665503717,2.0,0.4093567251461988,0.2723735408560311,0.7465116279069768,0.8488372093023255,0.5576470588235294,0.6929411764705882,0.6329301814183618,0.7172208013640239,0.7212547844557777,0.8174783490598869,0.3176857103075239,0.5120129042087257,0.5113391009873968,0.6579713706670293,0.7634233242646878,0.8692678450095295,0.7438577291381668,0.8557045143638851,0.15659105033963114,0.22658304522332842,20261037,2,Europe,263,171,V1-V10_financial_only
PONE2016_h2_target_Europe,20260730,Full_PBMSBAINGO,cost_5,171,86,0.172566037278576,"Same-horizon leave-one-region-out transfer; source regions=Asia,North America; target region=Europe; source-only fit/search/calibration; target labels untouched until final evaluation; V1-V10 financial ratios only.",Risk feature plus score fusion; alpha=0.70 selected only on search partition.,Platt_logistic_on_separate_calibration_partition,0.6157975043368309,0.8953488372093024,0.4235294117647059,0.6111111111111112,0.7264150943396226,0.652542372881356,0.8191489361702128,0.3620695944771806,0.5158886441451053,0.6594391244870041,0.5764705882352941,0.7368421052631579,77.0,49.0,36.0,9.0,0.8029102929613552,0.7889192886456908,0.19517086754190308,0.57986159822703,0.10363123948178976,0.04723393664481527,0.6539401665503717,5.0,0.5497076023391813,0.1825242718446602,0.8534883720930232,0.9523255813953488,0.23411764705882354,0.5129411764705882,0.5569020134228188,0.6400953170327394,0.7993384605357492,0.8573971276203985,0.2593795334606049,0.4544658742278428,0.3837538501031882,0.5809933336334444,0.7848836506250043,0.8258270025750235,0.7718467852257183,0.8178796169630643,0.18283953226993793,0.20800667762368327,20261037,2,Europe,263,171,V1-V10_financial_only
PONE2016_h2_target_Europe,20260730,Full_PBMSBAINGO,cost_10,171,86,0.172566037278576,"Same-horizon leave-one-region-out transfer; source regions=Asia,North America; target region=Europe; source-only fit/search/calibration; target labels untouched until final evaluation; V1-V10 financial ratios only.",Risk feature plus score fusion; alpha=0.70 selected only on search partition.,Platt_logistic_on_separate_calibration_partition,0.6157975043368309,0.8953488372093024,0.4235294117647059,0.6111111111111112,0.7264150943396226,0.652542372881356,0.8191489361702128,0.3620695944771806,0.5158886441451053,0.6594391244870041,0.5764705882352941,0.7368421052631579,77.0,49.0,36.0,9.0,0.8029102929613552,0.7889192886456908,0.19517086754190308,0.57986159822703,0.10363123948178976,0.04723393664481527,0.6539401665503717,10.0,0.8128654970760234,0.14708994708994708,0.8302325581395349,0.9151162790697674,0.3352941176470588,0.4564705882352941,0.5720092915214866,0.6188268494255191,0.7638187458194731,0.8290662139219015,0.23975861927915584,0.36361375252576744,0.4213057430306852,0.5240559435585023,0.7717018456075931,0.8253498422780853,0.7371956224350206,0.8128454172366621,0.18380687896332673,0.21698008818863856,20261037,2,Europe,263,171,V1-V10_financial_only
PONE2016_h2_target_Europe,20260730,Full_PBMSBAINGO,cost_20,171,86,0.172566037278576,"Same-horizon leave-one-region-out transfer; source regions=Asia,North America; target region=Europe; source-only fit/search/calibration; target labels untouched until final evaluation; V1-V10 financial ratios only.",Risk feature plus score fusion; alpha=0.70 selected only on search partition.,Platt_logistic_on_separate_calibration_partition,0.6157975043368309,0.8953488372093024,0.4235294117647059,0.6111111111111112,0.7264150943396226,0.652542372881356,0.8191489361702128,0.3620695944771806,0.5158886441451053,0.6594391244870041,0.5764705882352941,0.7368421052631579,77.0,49.0,36.0,9.0,0.8029102929613552,0.7889192886456908,0.19517086754190308,0.57986159822703,0.10363123948178976,0.04723393664481527,0.6539401665503717,20.0,1.3391812865497077,0.12686980609418283,0.85,0.9174418604651162,0.33294117647058824,0.49058823529411766,0.5818850267379679,0.6289809363610878,0.790886287625418,0.8242616880799429,0.30513076049092264,0.39139497573061016,0.4552529199365466,0.5441160770576808,0.7756360714831987,0.8491541243899952,0.7599452804377567,0.8271545827633379,0.1677317044596662,0.21254365283954982,20261037,2,Europe,263,171,V1-V10_financial_only
PONE2016_h2_target_Europe,20260730,Uncertainty_gated_fusion,triad,171,86,0.7268884495033551,"Same-horizon leave-one-region-out transfer; source regions=Asia,North America; target region=Europe; source-only fit/search/calibration; target labels untouched until final evaluation; V1-V10 financial ratios only.","One-standard-error paired-bootstrap gate selected KELM_risk_feature; search utility difference=-0.0125, required margin=0.0166.",Platt_logistic_on_separate_calibration_partition,0.649107563717267,0.46511627906976744,0.9058823529411765,0.8333333333333334,0.5970149253731343,0.7194244604316546,0.5102040816326531,0.4128172365608963,0.5582092822755248,0.685499316005472,0.09411764705882353,0.2807017543859649,40.0,8.0,77.0,46.0,0.7884163892105376,0.7875512995896033,0.20096404762956274,0.626438536365597,0.1270109350654532,0.07159051273317972,0.5065516266250344,,,,0.4418604651162791,0.48720930232558135,0.8847058823529411,0.916470588235294,0.7951086956521739,0.8551020408163265,0.4849424385138671,0.5330788804071247,0.36389132762406295,0.44639348603227336,0.5219884044950526,0.5841304976939055,0.765952225028938,0.7926378906523843,0.7696853625170998,0.8154582763337893,0.19327725909048177,0.2140282540523037,20261083,2,Europe,263,171,V1-V10_financial_only
PONE2016_h2_target_Europe,20260730,Uncertainty_gated_fusion,cost_1,171,86,0.593907220542328,"Same-horizon leave-one-region-out transfer; source regions=Asia,North America; target region=Europe; source-only fit/search/calibration; target labels untouched until final evaluation; V1-V10 financial ratios only.","One-standard-error paired-bootstrap gate selected KELM_risk_feature; search utility difference=-0.0125, required margin=0.0166.",Platt_logistic_on_separate_calibration_partition,0.6673958620354989,0.5116279069767442,0.8705882352941177,0.8,0.624113475177305,0.7189542483660131,0.5513784461152882,0.40912627705964794,0.5669456982542896,0.6911080711354309,0.12941176470588237,0.3216374269005848,44.0,11.0,74.0,42.0,0.7884163892105376,0.7875512995896033,0.20096404762956274,0.626438536365597,0.1270109350654532,0.07159051273317972,0.5065516266250344,1.0,0.30994152046783624,0.30994152046783624,0.43488372093023253,0.5313953488372093,0.8352941176470589,0.8811764705882352,0.7283797729618163,0.8108904336312479,0.47315626693874946,0.5703656475938617,0.2967389314847917,0.4283920385894709,0.47658878708384705,0.5832632714397538,0.7456993892616699,0.802596364178045,0.7589466484268126,0.8291244870041039,0.17848053357931418,0.22321269935427968,20261083,2,Europe,263,171,V1-V10_financial_only
PONE2016_h2_target_Europe,20260730,Uncertainty_gated_fusion,cost_2,171,86,0.27056529890905745,"Same-horizon leave-one-region-out transfer; source regions=Asia,North America; target region=Europe; source-only fit/search/calibration; target labels untouched until final evaluation; V1-V10 financial ratios only.","One-standard-error paired-bootstrap gate selected KELM_risk_feature; search utility difference=-0.0125, required margin=0.0166.",Platt_logistic_on_separate_calibration_partition,0.6734154528172214,0.7558139534883721,0.6,0.6565656565656566,0.7027027027027027,0.6742738589211619,0.7336343115124153,0.36032783991786305,0.5467070294447446,0.6779069767441861,0.4,0.5789473684210527,65.0,34.0,51.0,21.0,0.7884163892105376,0.7875512995896033,0.20096404762956274,0.626438536365597,0.1270109350654532,0.07159051273317972,0.5065516266250344,2.0,0.4444444444444444,0.29571984435797666,0.6930232558139535,0.8430232558139534,0.48117647058823526,0.6458823529411765,0.5961746174617462,0.70111852433281,0.6833370551574331,0.8101820054945056,0.24485512874725962,0.49053332930177024,0.4461890696486275,0.6407743324492071,0.7693035066421456,0.8642229399509557,0.7588372093023256,0.8635567715458277,0.1485541269901645,0.21367548252354293,20261083,2,Europe,263,171,V1-V10_financial_only
PONE2016_h2_target_Europe,20260730,Uncertainty_gated_fusion,cost_5,171,86,0.1296383190570545,"Same-horizon leave-one-region-out transfer; source regions=Asia,North America; target region=Europe; source-only fit/search/calibration; target labels untouched until final evaluation; V1-V10 financial ratios only.","One-standard-error paired-bootstrap gate selected KELM_risk_feature; search utility difference=-0.0125, required margin=0.0166.",Platt_logistic_on_separate_calibration_partition,0.5860904810552583,0.9418604651162791,0.36470588235294116,0.6,0.7330316742081447,0.646964856230032,0.8455114822546973,0.3759802509584873,0.5054731867939679,0.6532831737346101,0.6352941176470588,0.7894736842105263,81.0,54.0,31.0,5.0,0.7884163892105376,0.7875512995896033,0.20096404762956274,0.626438536365597,0.1270109350654532,0.07159051273317972,0.5065516266250344,5.0,0.4619883040935672,0.1533980582524272,0.9197674418604651,0.9627906976744186,0.2752941176470588,0.4458823529411765,0.5622263336416898,0.6374060822898032,0.8159772425888694,0.8735983621912382,0.2552443344304868,0.47823805929433333,0.4011394471493923,0.5898988889745248,0.7690294732007639,0.8410798099623702,0.7686320109439124,0.8202051983584131,0.1709728385344598,0.2197026326714088,20261083,2,Europe,263,171,V1-V10_financial_only
PONE2016_h2_target_Europe,20260730,Uncertainty_gated_fusion,cost_10,171,86,0.0731184504697551,"Same-horizon leave-one-region-out transfer; source regions=Asia,North America; target region=Europe; source-only fit/search/calibration; target labels untouched until final evaluation; V1-V10 financial ratios only.","One-standard-error paired-bootstrap gate selected KELM_risk_feature; search utility difference=-0.0125, required margin=0.0166.",Platt_logistic_on_separate_calibration_partition,0.3597384670922507,1.0,0.12941176470588237,0.5375,0.6991869918699187,0.5922865013774105,0.8531746031746031,0.26374006811520273,0.3243769289728056,0.5647058823529412,0.8705882352941177,0.935672514619883,86.0,74.0,11.0,0.0,0.7884163892105376,0.7875512995896033,0.20096404762956274,0.626438536365597,0.1270109350654532,0.07159051273317972,0.5065516266250344,10.0,0.4327485380116959,0.07830687830687831,1.0,1.0,0.06235294117647059,0.15176470588235294,0.5190257964372829,0.5439614680359844,0.8436361526859264,0.8564034121961458,0.17939728853457054,0.28730540953216516,0.22319887960582702,0.3519529514764088,0.7752118196834491,0.8293909631521506,0.7721340629274966,0.8234883720930233,0.17484935627315226,0.21422366874085846,20261083,2,Europe,263,171,V1-V10_financial_only
PONE2016_h2_target_Europe,20260730,Uncertainty_gated_fusion,cost_20,171,86,0.0731184504697551,"Same-horizon leave-one-region-out transfer; source regions=Asia,North America; target region=Europe; source-only fit/search/calibration; target labels untouched until final evaluation; V1-V10 financial ratios only.","One-standard-error paired-bootstrap gate selected KELM_risk_feature; search utility difference=-0.0125, required margin=0.0166.",Platt_logistic_on_separate_calibration_partition,0.3597384670922507,1.0,0.12941176470588237,0.5375,0.6991869918699187,0.5922865013774105,0.8531746031746031,0.26374006811520273,0.3243769289728056,0.5647058823529412,0.8705882352941177,0.935672514619883,86.0,74.0,11.0,0.0,0.7884163892105376,0.7875512995896033,0.20096404762956274,0.626438536365597,0.1270109350654532,0.07159051273317972,0.5065516266250344,20.0,0.4327485380116959,0.040997229916897505,1.0,1.0,0.10705882352941176,0.15176470588235294,0.5311939268461008,0.5439614680359844,0.8499706492388369,0.8564034121961458,0.23844463323811757,0.28730540953216516,0.29441883350930725,0.3519529514764088,0.7638865385253663,0.8246228148297733,0.7568262653898769,0.8204651162790697,0.17873463735152806,0.2164246102360968,20261083,2,Europe,263,171,V1-V10_financial_only
PONE2016_h2_target_Europe,20260730,Full_random_search,triad,171,86,0.7402276790796737,"Same-horizon leave-one-region-out transfer; source regions=Asia,North America; target region=Europe; source-only fit/search/calibration; target labels untouched until final evaluation; V1-V10 financial ratios only.",Same full architecture and 81 evaluations as PBMSBAINGO; alpha=0.70.,Platt_logistic_on_separate_calibration_partition,0.7156640990011859,0.5581395348837209,0.9176470588235294,0.8727272727272727,0.6808510638297872,0.7843137254901961,0.6015037593984962,0.5092846068766841,0.6389394020391069,0.7378932968536251,0.08235294117647059,0.3216374269005848,48.0,7.0,78.0,38.0,0.7823369605648686,0.7827633378932969,0.19460140889293306,0.5825101283572246,0.11765392806217381,0.05565527968434867,0.6487334437789171,,,,0.5255813953488373,0.6151162790697674,0.871764705882353,0.9623529411764706,0.8160743575724441,0.9421703296703297,0.5694190010940641,0.660289408866995,0.4522290190934596,0.610093240048503,0.6029394697486071,0.7097945151816919,0.7464953511903625,0.834749135881063,0.7779480164158686,0.8131326949384404,0.16854391555079054,0.2049471969056324,20261131,2,Europe,263,171,V1-V10_financial_only
PONE2016_h2_target_Europe,20260730,Full_random_search,cost_1,171,86,0.7219827224931639,"Same-horizon leave-one-region-out transfer; source regions=Asia,North America; target region=Europe; source-only fit/search/calibration; target labels untouched until final evaluation; V1-V10 financial ratios only.",Same full architecture and 81 evaluations as PBMSBAINGO; alpha=0.70.,Platt_logistic_on_separate_calibration_partition,0.7137500434234691,0.5697674418604651,0.8941176470588236,0.8448275862068966,0.6805555555555556,0.7704402515723271,0.6094527363184079,0.48990952446479596,0.6296067750391358,0.7319425444596444,0.10588235294117647,0.3391812865497076,49.0,9.0,76.0,37.0,0.7823369605648686,0.7827633378932969,0.19460140889293306,0.5825101283572246,0.11765392806217381,0.05565527968434867,0.6487334437789171,1.0,0.26900584795321636,0.26900584795321636,0.6162790697674418,0.7000000000000001,0.8070588235294118,0.9141176470588235,0.7655555555555555,0.8797222222222222,0.6411975216323043,0.7254498286367098,0.4326411633610538,0.58445985297154,0.5993406566680335,0.7099341302999301,0.7783085839027535,0.838516031678086,0.7705335157318741,0.8356361149110807,0.16660305574912576,0.207377600515684,20261131,2,Europe,263,171,V1-V10_financial_only
PONE2016_h2_target_Europe,20260730,Full_random_search,cost_2,171,86,0.1962739426035143,"Same-horizon leave-one-region-out transfer; source regions=Asia,North America; target region=Europe; source-only fit/search/calibration; target labels untouched until final evaluation; V1-V10 financial ratios only.",Same full architecture and 81 evaluations as PBMSBAINGO; alpha=0.70.,Platt_logistic_on_separate_calibration_partition,0.6363369866681609,0.8604651162790697,0.47058823529411764,0.6218487394957983,0.7219512195121951,0.6583629893238434,0.7991360691144709,0.3598168730000384,0.5262013440278003,0.6655266757865936,0.5294117647058824,0.695906432748538,74.0,45.0,40.0,12.0,0.7823369605648686,0.7827633378932969,0.19460140889293306,0.5825101283572246,0.11765392806217381,0.05565527968434867,0.6487334437789171,2.0,0.40350877192982454,0.26848249027237353,0.8313953488372093,0.9186046511627907,0.3847058823529412,0.5152941176470589,0.6015395894428153,0.6419143267062923,0.7827313288621122,0.8445753033547465,0.35255697244699297,0.4426045301657421,0.49951503704756284,0.5806773670809589,0.7521479870013329,0.8335386051542358,0.7625307797537619,0.8245964432284542,0.1688739589138917,0.21778897643832812,20261131,2,Europe,263,171,V1-V10_financial_only
PONE2016_h2_target_Europe,20260730,Full_random_search,cost_5,171,86,0.1962739426035143,"Same-horizon leave-one-region-out transfer; source regions=Asia,North America; target region=Europe; source-only fit/search/calibration; target labels untouched until final evaluation; V1-V10 financial ratios only.",Same full architecture and 81 evaluations as PBMSBAINGO; alpha=0.70.,Platt_logistic_on_separate_calibration_partition,0.6363369866681609,0.8604651162790697,0.47058823529411764,0.6218487394957983,0.7219512195121951,0.6583629893238434,0.7991360691144709,0.3598168730000384,0.5262013440278003,0.6655266757865936,0.5294117647058824,0.695906432748538,74.0,45.0,40.0,12.0,0.7823369605648686,0.7827633378932969,0.19460140889293306,0.5825101283572246,0.11765392806217381,0.05565527968434867,0.6487334437789171,5.0,0.6140350877192983,0.20388349514563106,0.7837209302325582,0.8825581395348837,0.36705882352941177,0.5423529411764706,0.5852089642640824,0.634455205811138,0.748332031739604,0.8013062213843253,0.2913161174796006,0.33778773960375763,0.45541838906561144,0.5226091808712595,0.7188551013087047,0.8224702356678842,0.7290697674418605,0.798248974008208,0.18245981587531143,0.22552571302757743,20261131,2,Europe,263,171,V1-V10_financial_only
PONE2016_h2_target_Europe,20260730,Full_random_search,cost_10,171,86,0.13577811791185496,"Same-horizon leave-one-region-out transfer; source regions=Asia,North America; target region=Europe; source-only fit/search/calibration; target labels untouched until final evaluation; V1-V10 financial ratios only.",Same full architecture and 81 evaluations as PBMSBAINGO; alpha=0.70.,Platt_logistic_on_separate_calibration_partition,0.49979475951793145,0.9651162790697675,0.25882352941176473,0.5684931506849316,0.7155172413793104,0.6194029850746269,0.8469387755102041,0.31691555700164437,0.42938050092132624,0.6119699042407661,0.7411764705882353,0.8538011695906432,83.0,63.0,22.0,3.0,0.7823369605648686,0.7827633378932969,0.19460140889293306,0.5825101283572246,0.11765392806217381,0.05565527968434867,0.6487334437789171,10.0,0.543859649122807,0.09841269841269841,0.9453488372093023,0.9872093023255814,0.19294117647058823,0.3152941176470588,0.5423758389261746,0.5910150558523555,0.8230469487809084,0.8686283420434749,0.2100289640577293,0.3932473690683237,0.33652691988219563,0.4945337472156462,0.7559954823480702,0.8557768898721704,0.7307934336525308,0.820533515731874,0.1745020152920913,0.2204220665396707,20261131,2,Europe,263,171,V1-V10_financial_only
PONE2016_h2_target_Europe,20260730,Full_random_search,cost_20,171,86,0.13577811791185496,"Same-horizon leave-one-region-out transfer; source regions=Asia,North America; target region=Europe; source-only fit/search/calibration; target labels untouched until final evaluation; V1-V10 financial ratios only.",Same full architecture and 81 evaluations as PBMSBAINGO; alpha=0.70.,Platt_logistic_on_separate_calibration_partition,0.49979475951793145,0.9651162790697675,0.25882352941176473,0.5684931506849316,0.7155172413793104,0.6194029850746269,0.8469387755102041,0.31691555700164437,0.42938050092132624,0.6119699042407661,0.7411764705882353,0.8538011695906432,83.0,63.0,22.0,3.0,0.7823369605648686,0.7827633378932969,0.19460140889293306,0.5825101283572246,0.11765392806217381,0.05565527968434867,0.6487334437789171,20.0,0.7192982456140351,0.06814404432132964,0.9662790697674419,0.9872093023255814,0.2376470588235294,0.27058823529411763,0.5645254074784276,0.5776495425756509,0.8489963787503577,0.8645621181262729,0.3177991201023968,0.36939133749540576,0.4198382224188766,0.46140513834031943,0.7578820824103472,0.834957419680115,0.7878385772913816,0.8262927496580027,0.16730450401997096,0.2028938992128276,20261131,2,Europe,263,171,V1-V10_financial_only
PONE2016_h2_target_Europe,20260730,Balanced_logistic,triad,171,86,0.6598385431725452,"Same-horizon leave-one-region-out transfer; source regions=Asia,North America; target region=Europe; source-only fit/search/calibration; target labels untouched until final evaluation; V1-V10 financial ratios only.",Class-weighted logistic reference using the same source-only fit/search/calibration and untouched regional target.,Platt_logistic_on_separate_calibration_partition,0.6533089510325999,0.45348837209302323,0.9411764705882353,0.8863636363636364,0.6,0.7442748091603053,0.5025773195876289,0.45139727218926845,0.5775621385313132,0.6973324213406292,0.058823529411764705,0.2573099415204678,39.0,5.0,80.0,47.0,0.7869736092025974,0.8034199726402189,0.18427615164326513,0.6119615702880244,0.1017070533224419,0.15765545425553973,0.5700643957449046,,,,0.32906976744186045,0.49883720930232556,0.9294117647058824,0.9411764705882353,0.8463315217391304,0.8956117021276596,0.3744203491543917,0.54733088887729,0.3388448772000484,0.48992223020397163,0.47073603402764774,0.6127033506942373,0.7489529750836054,0.8284244163960535,0.7422298221614226,0.8470041039671682,0.16430138191865018,0.21178655777833408,20262031,2,Europe,263,171,V1-V10_financial_only
PONE2016_h2_target_Europe,20260730,Balanced_logistic,cost_1,171,86,0.5550880261998463,"Same-horizon leave-one-region-out transfer; source regions=Asia,North America; target region=Europe; source-only fit/search/calibration; target labels untouched until final evaluation; V1-V10 financial ratios only.",Class-weighted logistic reference using the same source-only fit/search/calibration and untouched regional target.,Platt_logistic_on_separate_calibration_partition,0.7064293366365377,0.5581395348837209,0.8941176470588236,0.8421052631578947,0.6713286713286714,0.7643312101910829,0.5985037406483791,0.4796829778446658,0.6209127625607045,0.7261285909712722,0.10588235294117647,0.3333333333333333,48.0,9.0,76.0,38.0,0.7869736092025974,0.8034199726402189,0.18427615164326513,0.6119615702880244,0.1017070533224419,0.15765545425553973,0.5700643957449046,1.0,0.27485380116959063,0.27485380116959063,0.4430232558139535,0.5802325581395349,0.86,0.928235294117647,0.7782870525259283,0.8745785270629991,0.4851145038167939,0.6188064822473425,0.35280447670596415,0.49760507732752435,0.515141135408904,0.634844942361258,0.7359604844817609,0.8107279345529177,0.7554445964432285,0.8311217510259918,0.1762572074071296,0.20978770431557175,20262031,2,Europe,263,171,V1-V10_financial_only
PONE2016_h2_target_Europe,20260730,Balanced_logistic,cost_2,171,86,0.5550880261998463,"Same-horizon leave-one-region-out transfer; source regions=Asia,North America; target region=Europe; source-only fit/search/calibration; target labels untouched until final evaluation; V1-V10 financial ratios only.",Class-weighted logistic reference using the same source-only fit/search/calibration and untouched regional target.,Platt_logistic_on_separate_calibration_partition,0.7064293366365377,0.5581395348837209,0.8941176470588236,0.8421052631578947,0.6713286713286714,0.7643312101910829,0.5985037406483791,0.4796829778446658,0.6209127625607045,0.7261285909712722,0.10588235294117647,0.3333333333333333,48.0,9.0,76.0,38.0,0.7869736092025974,0.8034199726402189,0.18427615164326513,0.6119615702880244,0.1017070533224419,0.15765545425553973,0.5700643957449046,2.0,0.49707602339181284,0.33073929961089493,0.536046511627907,0.5779069767441861,0.86,0.8929411764705882,0.7976509069283377,0.8386904761904762,0.5745221313960756,0.615680693069307,0.42669603784391374,0.4842116736004632,0.5849145821619518,0.6276048358476767,0.7551854774170094,0.8419464008447501,0.752530779753762,0.821860465116279,0.17217230187820928,0.20527178236499677,20262031,2,Europe,263,171,V1-V10_financial_only
PONE2016_h2_target_Europe,20260730,Balanced_logistic,cost_5,171,86,0.2198669487403108,"Same-horizon leave-one-region-out transfer; source regions=Asia,North America; target region=Europe; source-only fit/search/calibration; target labels untouched until final evaluation; V1-V10 financial ratios only.",Class-weighted logistic reference using the same source-only fit/search/calibration and untouched regional target.,Platt_logistic_on_separate_calibration_partition,0.6283324292019848,0.9069767441860465,0.43529411764705883,0.6190476190476191,0.7358490566037735,0.6610169491525424,0.8297872340425532,0.38863068441952203,0.5353510749870221,0.6711354309165527,0.5647058823529412,0.7368421052631579,78.0,48.0,37.0,8.0,0.7869736092025974,0.8034199726402189,0.18427615164326513,0.6119615702880244,0.1017070533224419,0.15765545425553973,0.5700643957449046,5.0,0.5146198830409356,0.170873786407767,0.8406976744186047,0.969767441860465,0.3129411764705883,0.468235294117647,0.5700087591240875,0.6247222222222222,0.7716505220204397,0.870514499783185,0.24350135864633551,0.45329507209803055,0.42015911695573394,0.5622157373673458,0.7532961547858413,0.8490262477542474,0.768030095759234,0.8248153214774282,0.1738038836189878,0.1947166245405496,20262031,2,Europe,263,171,V1-V10_financial_only
PONE2016_h2_target_Europe,20260730,Balanced_logistic,cost_10,171,86,0.0,"Same-horizon leave-one-region-out transfer; source regions=Asia,North America; target region=Europe; source-only fit/search/calibration; target labels untouched until final evaluation; V1-V10 financial ratios only.",Class-weighted logistic reference using the same source-only fit/search/calibration and untouched regional target.,Platt_logistic_on_separate_calibration_partition,0.0,1.0,0.0,0.5029239766081871,0.669260700389105,0.5584415584415584,0.8349514563106796,0.0,0.0,0.5,1.0,1.0,86.0,85.0,0.0,0.0,0.7869736092025974,0.8034199726402189,0.18427615164326513,0.6119615702880244,0.1017070533224419,0.15765545425553973,0.5700643957449046,10.0,0.49707602339181284,0.08994708994708994,1.0,1.0,0.0,0.0,0.5029239766081871,0.5029239766081871,0.8349514563106796,0.8349514563106796,0.0,0.0,0.0,0.0,0.7165316858238708,0.8181345620729159,0.7586593707250342,0.8357181942544459,0.16868792373248015,0.21028937228204916,20262031,2,Europe,263,171,V1-V10_financial_only
PONE2016_h2_target_Europe,20260730,Balanced_logistic,cost_20,171,86,0.0,"Same-horizon leave-one-region-out transfer; source regions=Asia,North America; target region=Europe; source-only fit/search/calibration; target labels untouched until final evaluation; V1-V10 financial ratios only.",Class-weighted logistic reference using the same source-only fit/search/calibration and untouched regional target.,Platt_logistic_on_separate_calibration_partition,0.0,1.0,0.0,0.5029239766081871,0.669260700389105,0.5584415584415584,0.8349514563106796,0.0,0.0,0.5,1.0,1.0,86.0,85.0,0.0,0.0,0.7869736092025974,0.8034199726402189,0.18427615164326513,0.6119615702880244,0.1017070533224419,0.15765545425553973,0.5700643957449046,20.0,0.49707602339181284,0.04709141274238227,1.0,1.0,0.0,0.0,0.5029239766081871,0.5029239766081871,0.8349514563106796,0.8349514563106796,0.0,0.0,0.0,0.0,0.7243208932792524,0.8994188839019326,0.7441450068399452,0.8761149110807114,0.14446527601623324,0.21162129336518734,20262031,2,Europe,263,171,V1-V10_financial_only
PONE2016_h2_target_North_America,20260730,HistGB,triad,167,84,0.6022894502386648,"Same-horizon leave-one-region-out transfer; source regions=Asia,Europe; target region=North America; source-only fit/search/calibration; target labels untouched until final evaluation; V1-V10 financial ratios only.",No metaheuristic; threshold and Platt calibration use calibration partition.,Platt_logistic_on_separate_calibration_partition,0.7416585281290365,0.7023809523809523,0.7831325301204819,0.7662337662337663,0.7329192546583851,0.7525510204081632,0.7142857142857143,0.48698251303711854,0.6446249619518555,0.7427567412507171,0.21686746987951808,0.46107784431137727,59.0,18.0,65.0,25.0,0.8572195571594456,0.8588640275387264,0.1666717408440504,0.5075168862349643,0.09783626790377388,-0.05270882288582465,0.7080735692920371,,,,0.6785714285714286,0.7714285714285715,0.7843373493975904,0.8180722891566264,0.7702702702702703,0.8058704453441295,0.6951219512195121,0.7741776486458442,0.4768398583902032,0.5691494738956944,0.6360305666908236,0.7042141519219948,0.8362666364302846,0.9091994169170295,0.8508032128514056,0.9042598967297762,0.1303469460837631,0.17337483804422066,20260730,2,North America,267,167,V1-V10_financial_only
PONE2016_h2_target_North_America,20260730,HistGB,cost_1,167,84,0.5931814404002551,"Same-horizon leave-one-region-out transfer; source regions=Asia,Europe; target region=North America; source-only fit/search/calibration; target labels untouched until final evaluation; V1-V10 financial ratios only.",No metaheuristic; threshold and Platt calibration use calibration partition.,Platt_logistic_on_separate_calibration_partition,0.7416585281290365,0.7023809523809523,0.7831325301204819,0.7662337662337663,0.7329192546583851,0.7525510204081632,0.7142857142857143,0.48698251303711854,0.6446249619518555,0.7427567412507171,0.21686746987951808,0.46107784431137727,59.0,18.0,65.0,25.0,0.8572195571594456,0.8588640275387264,0.1666717408440504,0.5075168862349643,0.09783626790377388,-0.05270882288582465,0.7080735692920371,1.0,0.25748502994011974,0.25748502994011974,0.6797619047619048,0.7738095238095238,0.727710843373494,0.8301204819277108,0.741881161007667,0.8196729957805907,0.6992360812938314,0.7814702205046601,0.4891072846595374,0.5987030922020515,0.6455700806706781,0.7253660901949911,0.8633176064590904,0.907525681839513,0.8670539300057373,0.8922403901319564,0.14621086429474933,0.16847051836713206,20260730,2,North America,267,167,V1-V10_financial_only
PONE2016_h2_target_North_America,20260730,HistGB,cost_2,167,84,0.12813105690407156,"Same-horizon leave-one-region-out transfer; source regions=Asia,Europe; target region=North America; source-only fit/search/calibration; target labels untouched until final evaluation; V1-V10 financial ratios only.",No metaheuristic; threshold and Platt calibration use calibration partition.,Platt_logistic_on_separate_calibration_partition,0.7251327850387389,0.9285714285714286,0.5662650602409639,0.6842105263157895,0.7878787878787878,0.7222222222222222,0.8666666666666667,0.5315572493175232,0.6538252810971488,0.7474182444061963,0.43373493975903615,0.6826347305389222,78.0,36.0,47.0,6.0,0.8572195571594456,0.8588640275387264,0.1666717408440504,0.5075168862349643,0.09783626790377388,-0.05270882288582465,0.7080735692920371,2.0,0.2874251497005988,0.19123505976095617,0.9047619047619048,0.9714285714285714,0.4843373493975904,0.6373493975903614,0.6403361344537815,0.729956608811749,0.8373626373626374,0.9099439001264222,0.4325082526478026,0.6439709398780122,0.5748774246181335,0.735296827120586,0.8125163728793667,0.8838086325185234,0.8001147446930579,0.8950086058519793,0.1408157227877377,0.21288598247763624,20260730,2,North America,267,167,V1-V10_financial_only
PONE2016_h2_target_North_America,20260730,HistGB,cost_5,167,84,0.12813105690407156,"Same-horizon leave-one-region-out transfer; source regions=Asia,Europe; target region=North America; source-only fit/search/calibration; target labels untouched until final evaluation; V1-V10 financial ratios only.",No metaheuristic; threshold and Platt calibration use calibration partition.,Platt_logistic_on_separate_calibration_partition,0.7251327850387389,0.9285714285714286,0.5662650602409639,0.6842105263157895,0.7878787878787878,0.7222222222222222,0.8666666666666667,0.5315572493175232,0.6538252810971488,0.7474182444061963,0.43373493975903615,0.6826347305389222,78.0,36.0,47.0,6.0,0.8572195571594456,0.8588640275387264,0.1666717408440504,0.5075168862349643,0.09783626790377388,-0.05270882288582465,0.7080735692920371,5.0,0.39520958083832336,0.1312127236580517,0.8940476190476191,0.9630952380952381,0.5024096385542168,0.6578313253012048,0.6484683563986938,0.7402359108781127,0.8375736276790575,0.9083868378812199,0.4448117632448801,0.652843847184376,0.5869458637673042,0.7450360052613867,0.8168705061768855,0.904827921521108,0.8205106138841078,0.8910212277682157,0.14520540879178825,0.20089267073915418,20260730,2,North America,267,167,V1-V10_financial_only
PONE2016_h2_target_North_America,20260730,HistGB,cost_10,167,84,0.12813105690407156,"Same-horizon leave-one-region-out transfer; source regions=Asia,Europe; target region=North America; source-only fit/search/calibration; target labels untouched until final evaluation; V1-V10 financial ratios only.",No metaheuristic; threshold and Platt calibration use calibration partition.,Platt_logistic_on_separate_calibration_partition,0.7251327850387389,0.9285714285714286,0.5662650602409639,0.6842105263157895,0.7878787878787878,0.7222222222222222,0.8666666666666667,0.5315572493175232,0.6538252810971488,0.7474182444061963,0.43373493975903615,0.6826347305389222,78.0,36.0,47.0,6.0,0.8572195571594456,0.8588640275387264,0.1666717408440504,0.5075168862349643,0.09783626790377388,-0.05270882288582465,0.7080735692920371,10.0,0.5748502994011976,0.10400866738894908,0.8952380952380953,0.9630952380952381,0.555421686746988,0.6108433734939759,0.6820574162679426,0.7116071428571429,0.8426639573991032,0.8927784770295784,0.4998219504962277,0.5996746866517864,0.6372272941512924,0.7032636285145497,0.826269306542181,0.8880571159494929,0.8365318416523234,0.894879518072289,0.1435056731110668,0.18263083172868774,20260730,2,North America,267,167,V1-V10_financial_only
PONE2016_h2_target_North_America,20260730,HistGB,cost_20,167,84,0.12813105690407156,"Same-horizon leave-one-region-out transfer; source regions=Asia,Europe; target region=North America; source-only fit/search/calibration; target labels untouched until final evaluation; V1-V10 financial ratios only.",No metaheuristic; threshold and Platt calibration use calibration partition.,Platt_logistic_on_separate_calibration_partition,0.7251327850387389,0.9285714285714286,0.5662650602409639,0.6842105263157895,0.7878787878787878,0.7222222222222222,0.8666666666666667,0.5315572493175232,0.6538252810971488,0.7474182444061963,0.43373493975903615,0.6826347305389222,78.0,36.0,47.0,6.0,0.8572195571594456,0.8588640275387264,0.1666717408440504,0.5075168862349643,0.09783626790377388,-0.05270882288582465,0.7080735692920371,20.0,0.9341317365269461,0.08848553601815087,0.9071428571428571,0.9630952380952381,0.4939759036144578,0.6240963855421687,0.6455146754857378,0.7145724115334208,0.8409444141959115,0.8822872899159664,0.4460797154358068,0.5823792213925713,0.5853213784498776,0.6965211766360985,0.8226760765777182,0.91006583547367,0.8330464716006885,0.8960269650028685,0.1389006452972758,0.18800412796201996,20260730,2,North America,267,167,V1-V10_financial_only
PONE2016_h2_target_North_America,20260730,KELM_PBMSBAINGO,triad,167,84,0.6429200425572298,"Same-horizon leave-one-region-out transfer; source regions=Asia,Europe; target region=North America; source-only fit/search/calibration; target labels untouched until final evaluation; V1-V10 financial ratios only.",Plain KELM; hyperparameters/features selected only on search partition.,Platt_logistic_on_separate_calibration_partition,0.7113537069458078,0.5833333333333334,0.8674698795180723,0.8166666666666667,0.6805555555555556,0.7561728395061729,0.6186868686868687,0.4697839527953726,0.6194740598811938,0.7254016064257028,0.13253012048192772,0.3592814371257485,49.0,11.0,72.0,35.0,0.8634424718538656,0.8628800917957544,0.1587289410165613,0.47704260820929223,0.10804261449440365,0.016343303736296413,1.0317512010803624,,,,0.5178571428571428,0.6535714285714286,0.8,0.8903614457831325,0.7240322580645161,0.8435855263157894,0.54970506592644,0.6816439205955335,0.3321724385411237,0.5355421880525674,0.5163457961952899,0.6712922244976189,0.8084322703213567,0.9024533675853512,0.8102696500286863,0.8943488238668962,0.13946537190337008,0.18828811542214108,20260831,2,North America,267,167,V1-V10_financial_only
PONE2016_h2_target_North_America,20260730,KELM_PBMSBAINGO,cost_1,167,84,0.4460228053926891,"Same-horizon leave-one-region-out transfer; source regions=Asia,Europe; target region=North America; source-only fit/search/calibration; target labels untouched until final evaluation; V1-V10 financial ratios only.",Plain KELM; hyperparameters/features selected only on search partition.,Platt_logistic_on_separate_calibration_partition,0.7783649396947137,0.7619047619047619,0.7951807228915663,0.7901234567901234,0.7757575757575758,0.7843137254901961,0.7673860911270983,0.5573253493864726,0.6963460386672843,0.7785427423981641,0.20481927710843373,0.48502994011976047,64.0,17.0,66.0,20.0,0.8634424718538656,0.8628800917957544,0.1587289410165613,0.47704260820929223,0.10804261449440365,0.016343303736296413,1.0317512010803624,1.0,0.2215568862275449,0.2215568862275449,0.775,0.8523809523809524,0.7228915662650602,0.8180722891566264,0.7472527472527473,0.8253153910849453,0.7770380605451577,0.8455827395485574,0.5345665577861543,0.6686053782006905,0.6788411964475163,0.7746109390112835,0.830206085494443,0.8819369134364975,0.8321572002294894,0.8877079747561675,0.14105485898845163,0.17373325994173058,20260831,2,North America,267,167,V1-V10_financial_only
PONE2016_h2_target_North_America,20260730,KELM_PBMSBAINGO,cost_2,167,84,0.4460228053926891,"Same-horizon leave-one-region-out transfer; source regions=Asia,Europe; target region=North America; source-only fit/search/calibration; target labels untouched until final evaluation; V1-V10 financial ratios only.",Plain KELM; hyperparameters/features selected only on search partition.,Platt_logistic_on_separate_calibration_partition,0.7783649396947137,0.7619047619047619,0.7951807228915663,0.7901234567901234,0.7757575757575758,0.7843137254901961,0.7673860911270983,0.5573253493864726,0.6963460386672843,0.7785427423981641,0.20481927710843373,0.48502994011976047,64.0,17.0,66.0,20.0,0.8634424718538656,0.8628800917957544,0.1587289410165613,0.47704260820929223,0.10804261449440365,0.016343303736296413,1.0317512010803624,2.0,0.3413173652694611,0.22709163346613545,0.6892857142857143,0.8095238095238095,0.7506024096385542,0.8301204819277108,0.7667102168800627,0.8249322493224932,0.7076238390092879,0.8054542148271904,0.5081377404363686,0.6255964649541732,0.657999427646173,0.7446932109442115,0.8589555863077579,0.9169435194960044,0.8605278255880665,0.9064687320711418,0.1348268452113591,0.1635107206554481,20260831,2,North America,267,167,V1-V10_financial_only
PONE2016_h2_target_North_America,20260730,KELM_PBMSBAINGO,cost_5,167,84,0.1901714848856479,"Same-horizon leave-one-region-out transfer; source regions=Asia,Europe; target region=North America; source-only fit/search/calibration; target labels untouched until final evaluation; V1-V10 financial ratios only.",Plain KELM; hyperparameters/features selected only on search partition.,Platt_logistic_on_separate_calibration_partition,0.6038222107471897,0.9761904761904762,0.37349397590361444,0.6119402985074627,0.7522935779816514,0.6612903225806451,0.8723404255319149,0.439082009311774,0.5429851307398552,0.6748422260470452,0.6265060240963856,0.8023952095808383,82.0,52.0,31.0,2.0,0.8634424718538656,0.8628800917957544,0.1587289410165613,0.47704260820929223,0.10804261449440365,0.016343303736296413,1.0317512010803624,5.0,0.3712574850299401,0.12326043737574553,0.9535714285714285,0.986904761904762,0.3180722891566265,0.4433734939759036,0.591383012992591,0.6345054945054944,0.8618477043673012,0.884358099142546,0.38955768557405146,0.47900979154587353,0.4942545445504301,0.581969946234443,0.787560265154958,0.8694302948124445,0.7851549053356282,0.8708978772231784,0.15423334203790234,0.20520896940811456,20260831,2,North America,267,167,V1-V10_financial_only
PONE2016_h2_target_North_America,20260730,KELM_PBMSBAINGO,cost_10,167,84,0.1901714848856479,"Same-horizon leave-one-region-out transfer; source regions=Asia,Europe; target region=North America; source-only fit/search/calibration; target labels untouched until final evaluation; V1-V10 financial ratios only.",Plain KELM; hyperparameters/features selected only on search partition.,Platt_logistic_on_separate_calibration_partition,0.6038222107471897,0.9761904761904762,0.37349397590361444,0.6119402985074627,0.7522935779816514,0.6612903225806451,0.8723404255319149,0.439082009311774,0.5429851307398552,0.6748422260470452,0.6265060240963856,0.8023952095808383,82.0,52.0,31.0,2.0,0.8634424718538656,0.8628800917957544,0.1587289410165613,0.47704260820929223,0.10804261449440365,0.016343303736296413,1.0317512010803624,10.0,0.4311377245508982,0.0780065005417118,0.9761904761904762,0.9880952380952381,0.3614457831325301,0.4530120481927711,0.6102941176470589,0.6436977820520526,0.8780736217471782,0.8854623826255946,0.44949673226604625,0.5055058905296312,0.543487428134593,0.6065152721339411,0.8444986306149801,0.8928482092080229,0.8502868617326449,0.891035570854848,0.14336018602066541,0.1651968874019131,20260831,2,North America,267,167,V1-V10_financial_only
PONE2016_h2_target_North_America,20260730,KELM_PBMSBAINGO,cost_20,167,84,0.1432103676553332,"Same-horizon leave-one-region-out transfer; source regions=Asia,Europe; target region=North America; source-only fit/search/calibration; target labels untouched until final evaluation; V1-V10 financial ratios only.",Plain KELM; hyperparameters/features selected only on search partition.,Platt_logistic_on_separate_calibration_partition,0.4879500364742666,0.9880952380952381,0.24096385542168675,0.5684931506849316,0.7217391304347827,0.6212574850299402,0.8609958506224067,0.345414171516909,0.43487417756806923,0.6145295467584624,0.7590361445783133,0.874251497005988,83.0,63.0,20.0,1.0,0.8634424718538656,0.8628800917957544,0.1587289410165613,0.47704260820929223,0.10804261449440365,0.016343303736296413,1.0317512010803624,20.0,0.49700598802395207,0.047078842881452074,0.9654761904761905,0.9988095238095238,0.19518072289156627,0.27228915662650605,0.5483498804927376,0.5791343791343792,0.8379853019181083,0.8676305664348937,0.2523017225031361,0.3762394716114459,0.3621821923847992,0.46609375737581205,0.806897628933937,0.8962867278164366,0.8020797475616753,0.8921256454388985,0.14576849672754488,0.1881118539256666,20260831,2,North America,267,167,V1-V10_financial_only
PONE2016_h2_target_North_America,20260730,KELM_score_fusion,triad,167,84,0.63192546288066,"Same-horizon leave-one-region-out transfer; source regions=Asia,Europe; target region=North America; source-only fit/search/calibration; target labels untouched until final evaluation; V1-V10 financial ratios only.",Plain KELM plus HistGB score-level fusion; alpha=1.00 selected only on search partition.,Platt_logistic_on_separate_calibration_partition,0.7113537069458078,0.5833333333333334,0.8674698795180723,0.8166666666666667,0.6805555555555556,0.7561728395061729,0.6186868686868687,0.4697839527953726,0.6194740598811938,0.7254016064257028,0.13253012048192772,0.3592814371257485,49.0,11.0,72.0,35.0,0.8634424718538656,0.8628800917957544,0.1600790473148047,0.4810387417575259,0.12225619005019867,0.012954812708310217,1.0307991716903462,,,,0.46071428571428574,0.6416666666666667,0.7843373493975904,0.8891566265060241,0.7428297055057619,0.808016717325228,0.5038731550061277,0.6651105651105651,0.3828807793849054,0.4650297249648612,0.5390733785300403,0.6239478216143537,0.8433722722126904,0.8687161582822818,0.8430722891566266,0.8598393574297188,0.1636961154792631,0.17139123352787577,20260833,2,North America,267,167,V1-V10_financial_only
PONE2016_h2_target_North_America,20260730,KELM_score_fusion,cost_1,167,84,0.4334988324748294,"Same-horizon leave-one-region-out transfer; source regions=Asia,Europe; target region=North America; source-only fit/search/calibration; target labels untouched until final evaluation; V1-V10 financial ratios only.",Plain KELM plus HistGB score-level fusion; alpha=1.00 selected only on search partition.,Platt_logistic_on_separate_calibration_partition,0.7783649396947137,0.7619047619047619,0.7951807228915663,0.7901234567901234,0.7757575757575758,0.7843137254901961,0.7673860911270983,0.5573253493864726,0.6963460386672843,0.7785427423981641,0.20481927710843373,0.48502994011976047,64.0,17.0,66.0,20.0,0.8634424718538656,0.8628800917957544,0.1600790473148047,0.4810387417575259,0.12225619005019867,0.012954812708310217,1.0307991716903462,1.0,0.2215568862275449,0.2215568862275449,0.7142857142857143,0.805952380952381,0.7108433734939759,0.7951807228915663,0.7151462994836489,0.7982051282051282,0.7144561882032049,0.8033114433421825,0.4263339070567986,0.5965618102308217,0.6007693964337413,0.7242384129388437,0.8185471356026426,0.8613262260535237,0.8132099827882959,0.87122776821572,0.15951385538056323,0.19071070786590122,20260833,2,North America,267,167,V1-V10_financial_only
PONE2016_h2_target_North_America,20260730,KELM_score_fusion,cost_2,167,84,0.4334988324748294,"Same-horizon leave-one-region-out transfer; source regions=Asia,Europe; target region=North America; source-only fit/search/calibration; target labels untouched until final evaluation; V1-V10 financial ratios only.",Plain KELM plus HistGB score-level fusion; alpha=1.00 selected only on search partition.,Platt_logistic_on_separate_calibration_partition,0.7783649396947137,0.7619047619047619,0.7951807228915663,0.7901234567901234,0.7757575757575758,0.7843137254901961,0.7673860911270983,0.5573253493864726,0.6963460386672843,0.7785427423981641,0.20481927710843373,0.48502994011976047,64.0,17.0,66.0,20.0,0.8634424718538656,0.8628800917957544,0.1600790473148047,0.4810387417575259,0.12225619005019867,0.012954812708310217,1.0307991716903462,2.0,0.3413173652694611,0.22709163346613545,0.6869047619047619,0.8083333333333333,0.7156626506024096,0.8626506024096385,0.7388278388278389,0.8523809523809524,0.7048669467787114,0.8084745762711865,0.5034181273798919,0.6513197416276368,0.6545421734200465,0.761775908845385,0.8056808642575107,0.8894272444585182,0.8145438898450947,0.8879518072289156,0.14537673222730027,0.18673681887114352,20260833,2,North America,267,167,V1-V10_financial_only
PONE2016_h2_target_North_America,20260730,KELM_score_fusion,cost_5,167,84,0.19831625504169811,"Same-horizon leave-one-region-out transfer; source regions=Asia,Europe; target region=North America; source-only fit/search/calibration; target labels untouched until final evaluation; V1-V10 financial ratios only.",Plain KELM plus HistGB score-level fusion; alpha=1.00 selected only on search partition.,Platt_logistic_on_separate_calibration_partition,0.6038222107471897,0.9761904761904762,0.37349397590361444,0.6119402985074627,0.7522935779816514,0.6612903225806451,0.8723404255319149,0.439082009311774,0.5429851307398552,0.6748422260470452,0.6265060240963856,0.8023952095808383,82.0,52.0,31.0,2.0,0.8634424718538656,0.8628800917957544,0.1600790473148047,0.4810387417575259,0.12225619005019867,0.012954812708310217,1.0307991716903462,5.0,0.3712574850299401,0.12326043737574553,0.9535714285714285,0.9988095238095238,0.3530120481927711,0.41927710843373495,0.6069096097909006,0.6247222222222222,0.8625858377021339,0.890285614252434,0.43960768884174944,0.4857257738672116,0.5353074574669698,0.5725439128744167,0.8315248807592636,0.8817489589374684,0.8167240390131957,0.8827022375215147,0.15377912813697925,0.1832900447152571,20260833,2,North America,267,167,V1-V10_financial_only
PONE2016_h2_target_North_America,20260730,KELM_score_fusion,cost_10,167,84,0.19831625504169811,"Same-horizon leave-one-region-out transfer; source regions=Asia,Europe; target region=North America; source-only fit/search/calibration; target labels untouched until final evaluation; V1-V10 financial ratios only.",Plain KELM plus HistGB score-level fusion; alpha=1.00 selected only on search partition.,Platt_logistic_on_separate_calibration_partition,0.6038222107471897,0.9761904761904762,0.37349397590361444,0.6119402985074627,0.7522935779816514,0.6612903225806451,0.8723404255319149,0.439082009311774,0.5429851307398552,0.6748422260470452,0.6265060240963856,0.8023952095808383,82.0,52.0,31.0,2.0,0.8634424718538656,0.8628800917957544,0.1600790473148047,0.4810387417575259,0.12225619005019867,0.012954812708310217,1.0307991716903462,10.0,0.4311377245508982,0.0780065005417118,0.9416666666666667,0.9976190476190476,0.39759036144578314,0.4554216867469879,0.6129948517663767,0.6491234347048301,0.8509092175851738,0.9008860584244773,0.40685793642218765,0.5393077158685643,0.5342536764048506,0.6251533365718346,0.8229484145777337,0.8937595221682216,0.8236087205966725,0.9033706253585772,0.1456825131560793,0.18217736819630698,20260833,2,North America,267,167,V1-V10_financial_only
PONE2016_h2_target_North_America,20260730,KELM_score_fusion,cost_20,167,84,0.1569557931695119,"Same-horizon leave-one-region-out transfer; source regions=Asia,Europe; target region=North America; source-only fit/search/calibration; target labels untouched until final evaluation; V1-V10 financial ratios only.",Plain KELM plus HistGB score-level fusion; alpha=1.00 selected only on search partition.,Platt_logistic_on_separate_calibration_partition,0.4879500364742666,0.9880952380952381,0.24096385542168675,0.5684931506849316,0.7217391304347827,0.6212574850299402,0.8609958506224067,0.345414171516909,0.43487417756806923,0.6145295467584624,0.7590361445783133,0.874251497005988,83.0,63.0,20.0,1.0,0.8634424718538656,0.8628800917957544,0.1600790473148047,0.4810387417575259,0.12225619005019867,0.012954812708310217,1.0307991716903462,20.0,0.49700598802395207,0.047078842881452074,0.9773809523809524,0.9880952380952381,0.14819277108433734,0.3204819277108434,0.5373198285936891,0.595452029984404,0.8398168327433516,0.8729546203713878,0.2247728752840528,0.4153097068432332,0.3191010293016963,0.5084450079396752,0.8138119820355898,0.8780397206893823,0.8216437177280551,0.8771371199082042,0.15083852178053112,0.18826684628250284,20260833,2,North America,267,167,V1-V10_financial_only
PONE2016_h2_target_North_America,20260730,KELM_risk_feature,triad,167,84,0.6806904039343213,"Same-horizon leave-one-region-out transfer; source regions=Asia,Europe; target region=North America; source-only fit/search/calibration; target labels untouched until final evaluation; V1-V10 financial ratios only.",OOF HistGB risk is a forced KELM input; no score-level fusion.,Platt_logistic_on_separate_calibration_partition,0.5983338886782126,0.38095238095238093,0.9397590361445783,0.8648648648648649,0.5289256198347108,0.6896551724137931,0.4289544235924933,0.3861184657192625,0.5170540268541639,0.6603557085484797,0.060240963855421686,0.2215568862275449,32.0,5.0,78.0,52.0,0.8256723672035803,0.8577165806081468,0.15638956980916358,0.4787618963249813,0.08741012253083136,0.3662525535850924,1.2294883019295488,,,,0.3476190476190476,0.46071428571428574,0.9156626506024096,0.927710843373494,0.8087209302325582,0.8642105263157895,0.392361411398426,0.5081233249537739,0.3212303523154032,0.436936299063388,0.4677751133881715,0.5713023039222058,0.7826993625473566,0.8675487233698869,0.811675272518646,0.8918387837062535,0.14151898856564912,0.175252316023807,20260941,2,North America,267,167,V1-V10_financial_only
PONE2016_h2_target_North_America,20260730,KELM_risk_feature,cost_1,167,84,0.6093344670819819,"Same-horizon leave-one-region-out transfer; source regions=Asia,Europe; target region=North America; source-only fit/search/calibration; target labels untouched until final evaluation; V1-V10 financial ratios only.",OOF HistGB risk is a forced KELM input; no score-level fusion.,Platt_logistic_on_separate_calibration_partition,0.6879839088699877,0.5238095238095238,0.9036144578313253,0.8461538461538461,0.6470588235294118,0.7534246575342466,0.5670103092783505,0.46151623481550746,0.602256063881672,0.7137119908204246,0.0963855421686747,0.31137724550898205,44.0,8.0,75.0,40.0,0.8256723672035803,0.8577165806081468,0.15638956980916358,0.4787618963249813,0.08741012253083136,0.3662525535850924,1.2294883019295488,1.0,0.2874251497005988,0.2874251497005988,0.5357142857142857,0.6380952380952382,0.8819277108433734,0.9493975903614458,0.8354545454545454,0.916530612244898,0.5816973723950468,0.6767676767676767,0.492921326438216,0.5886666616800292,0.6292935108708481,0.7018960501901522,0.8380830574616503,0.8947383025123827,0.8508892713711991,0.9061962134251291,0.13101161678293985,0.16032058156342302,20260941,2,North America,267,167,V1-V10_financial_only
PONE2016_h2_target_North_America,20260730,KELM_risk_feature,cost_2,167,84,0.2845268244321003,"Same-horizon leave-one-region-out transfer; source regions=Asia,Europe; target region=North America; source-only fit/search/calibration; target labels untouched until final evaluation; V1-V10 financial ratios only.",OOF HistGB risk is a forced KELM input; no score-level fusion.,Platt_logistic_on_separate_calibration_partition,0.7526964341443427,0.9404761904761905,0.6024096385542169,0.7053571428571429,0.8061224489795918,0.7424812030075187,0.8816964285714286,0.5775596420093226,0.6890946083648706,0.7714429145152037,0.39759036144578314,0.6706586826347305,79.0,33.0,50.0,5.0,0.8256723672035803,0.8577165806081468,0.15638956980916358,0.4787618963249813,0.08741012253083136,0.3662525535850924,1.2294883019295488,2.0,0.25748502994011974,0.17131474103585656,0.919047619047619,0.9642857142857143,0.5662650602409639,0.6626506024096386,0.682505105513955,0.7426391151504759,0.8600818124293109,0.9085050971054394,0.5225109328961409,0.655391701928458,0.6483559858461858,0.7475363291404988,0.7851050885667822,0.8819834411455533,0.8327882960413081,0.8839070567986231,0.14279832437968365,0.1698092559703823,20260941,2,North America,267,167,V1-V10_financial_only
PONE2016_h2_target_North_America,20260730,KELM_risk_feature,cost_5,167,84,0.14667426663991404,"Same-horizon leave-one-region-out transfer; source regions=Asia,Europe; target region=North America; source-only fit/search/calibration; target labels untouched until final evaluation; V1-V10 financial ratios only.",OOF HistGB risk is a forced KELM input; no score-level fusion.,Platt_logistic_on_separate_calibration_partition,0.6229959263658973,0.9761904761904762,0.39759036144578314,0.6212121212121212,0.7592592592592593,0.6699346405228758,0.8760683760683761,0.4591712991996319,0.5627494113644926,0.6868904188181296,0.6024096385542169,0.7904191616766467,82.0,50.0,33.0,2.0,0.8256723672035803,0.8577165806081468,0.15638956980916358,0.4787618963249813,0.08741012253083136,0.3662525535850924,1.2294883019295488,5.0,0.3592814371257485,0.11928429423459244,0.9428571428571428,1.0,0.37349397590361444,0.5289156626506024,0.6150520833333333,0.674827264239029,0.8542741965004759,0.891558759711626,0.4183227340747259,0.5525576630625619,0.5433331788918916,0.654815604923336,0.7946940673972178,0.8895039608964602,0.8384251290877797,0.894807802639128,0.1406297239860169,0.1632687436358459,20260941,2,North America,267,167,V1-V10_financial_only
PONE2016_h2_target_North_America,20260730,KELM_risk_feature,cost_10,167,84,0.14667426663991404,"Same-horizon leave-one-region-out transfer; source regions=Asia,Europe; target region=North America; source-only fit/search/calibration; target labels untouched until final evaluation; V1-V10 financial ratios only.",OOF HistGB risk is a forced KELM input; no score-level fusion.,Platt_logistic_on_separate_calibration_partition,0.6229959263658973,0.9761904761904762,0.39759036144578314,0.6212121212121212,0.7592592592592593,0.6699346405228758,0.8760683760683761,0.4591712991996319,0.5627494113644926,0.6868904188181296,0.6024096385542169,0.7904191616766467,82.0,50.0,33.0,2.0,0.8256723672035803,0.8577165806081468,0.15638956980916358,0.4787618963249813,0.08741012253083136,0.3662525535850924,1.2294883019295488,10.0,0.41916167664670656,0.07583965330444203,0.9547619047619047,0.9880952380952381,0.29036144578313255,0.4771084337349398,0.5817338137351239,0.656423034330011,0.8579880325729967,0.8973066548013015,0.36265171934179485,0.5412562747264861,0.46735841145570933,0.6336498833422368,0.7711455412806099,0.8897958744842165,0.8070998278829604,0.8906196213425129,0.1440520387982513,0.17962811168478535,20260941,2,North America,267,167,V1-V10_financial_only
PONE2016_h2_target_North_America,20260730,KELM_risk_feature,cost_20,167,84,0.14667426663991404,"Same-horizon leave-one-region-out transfer; source regions=Asia,Europe; target region=North America; source-only fit/search/calibration; target labels untouched until final evaluation; V1-V10 financial ratios only.",OOF HistGB risk is a forced KELM input; no score-level fusion.,Platt_logistic_on_separate_calibration_partition,0.6229959263658973,0.9761904761904762,0.39759036144578314,0.6212121212121212,0.7592592592592593,0.6699346405228758,0.8760683760683761,0.4591712991996319,0.5627494113644926,0.6868904188181296,0.6024096385542169,0.7904191616766467,82.0,50.0,33.0,2.0,0.8256723672035803,0.8577165806081468,0.15638956980916358,0.4787618963249813,0.08741012253083136,0.3662525535850924,1.2294883019295488,20.0,0.5389221556886228,0.05104934770277935,0.9547619047619047,0.986904761904762,0.38674698795180723,0.4566265060240964,0.6170084301663249,0.6430697674418605,0.8683311055506477,0.8910202389997928,0.4501611679446718,0.512968445235858,0.5539108352989395,0.60882707115452,0.8124580157885946,0.8731959436687659,0.836732644865175,0.8736230636833047,0.14620852549347652,0.16781525574121126,20260941,2,North America,267,167,V1-V10_financial_only
PONE2016_h2_target_North_America,20260730,Full_PBMSBAINGO,triad,167,84,0.7392397195774494,"Same-horizon leave-one-region-out transfer; source regions=Asia,Europe; target region=North America; source-only fit/search/calibration; target labels untouched until final evaluation; V1-V10 financial ratios only.",Risk feature plus score fusion; alpha=0.70 selected only on search partition.,Platt_logistic_on_separate_calibration_partition,0.7519338235795948,0.6428571428571429,0.8795180722891566,0.84375,0.7297297297297297,0.7941176470588235,0.675,0.5372205942285648,0.6722084458694234,0.7611876075731497,0.12048192771084337,0.38323353293413176,54.0,10.0,73.0,30.0,0.8703038521018427,0.8657487091222031,0.1550279803130602,0.47341054919037406,0.06631146645044987,0.011594940308970072,0.774064798410364,,,,0.5869047619047619,0.6654761904761904,0.8349397590361446,0.9024096385542169,0.7999309868875086,0.8734375,0.6248075773189319,0.69875,0.49409128474864505,0.584024574060724,0.6384890525546867,0.7052112772335346,0.8501416060217646,0.8930477708422958,0.8278399311531842,0.8825588066551922,0.13665568675793913,0.1875775052603352,20261037,2,North America,267,167,V1-V10_financial_only
PONE2016_h2_target_North_America,20260730,Full_PBMSBAINGO,cost_1,167,84,0.27272044030913545,"Same-horizon leave-one-region-out transfer; source regions=Asia,Europe; target region=North America; source-only fit/search/calibration; target labels untouched until final evaluation; V1-V10 financial ratios only.",Risk feature plus score fusion; alpha=0.70 selected only on search partition.,Platt_logistic_on_separate_calibration_partition,0.7429145129883523,0.8809523809523809,0.6265060240963856,0.7047619047619048,0.783068783068783,0.7341269841269841,0.8390022675736961,0.5251563788844534,0.6617929098278036,0.7537292025243832,0.37349397590361444,0.6287425149700598,74.0,31.0,52.0,10.0,0.8703038521018427,0.8657487091222031,0.1550279803130602,0.47341054919037406,0.06631146645044987,0.011594940308970072,0.774064798410364,1.0,0.24550898203592814,0.24550898203592814,0.8130952380952381,0.8904761904761905,0.5674698795180724,0.6506024096385542,0.6605298974684694,0.7151176470588235,0.7771741645541632,0.8434684684684685,0.4018560216949484,0.5314018142207639,0.5734021819021076,0.6686711748494201,0.8322382112587278,0.8698155759866004,0.8107142857142858,0.8659495123350546,0.15212015413179122,0.19214895709846203,20261037,2,North America,267,167,V1-V10_financial_only
PONE2016_h2_target_North_America,20260730,Full_PBMSBAINGO,cost_2,167,84,0.27272044030913545,"Same-horizon leave-one-region-out transfer; source regions=Asia,Europe; target region=North America; source-only fit/search/calibration; target labels untouched until final evaluation; V1-V10 financial ratios only.",Risk feature plus score fusion; alpha=0.70 selected only on search partition.,Platt_logistic_on_separate_calibration_partition,0.7429145129883523,0.8809523809523809,0.6265060240963856,0.7047619047619048,0.783068783068783,0.7341269841269841,0.8390022675736961,0.5251563788844534,0.6617929098278036,0.7537292025243832,0.37349397590361444,0.6287425149700598,74.0,31.0,52.0,10.0,0.8703038521018427,0.8657487091222031,0.1550279803130602,0.47341054919037406,0.06631146645044987,0.011594940308970072,0.774064798410364,2.0,0.30538922155688625,0.20318725099601595,0.8380952380952381,0.9369047619047619,0.5674698795180724,0.6734939759036144,0.6733444537114261,0.7366509297620194,0.8104423202394391,0.8880686555630122,0.4726598775206443,0.6199804303409919,0.6182240755885733,0.7255934305153499,0.8550282688724538,0.8821110307022412,0.848881239242685,0.8773809523809524,0.14226413728568393,0.16405496892098223,20261037,2,North America,267,167,V1-V10_financial_only
PONE2016_h2_target_North_America,20260730,Full_PBMSBAINGO,cost_5,167,84,0.20343895670214407,"Same-horizon leave-one-region-out transfer; source regions=Asia,Europe; target region=North America; source-only fit/search/calibration; target labels untouched until final evaluation; V1-V10 financial ratios only.",Risk feature plus score fusion; alpha=0.70 selected only on search partition.,Platt_logistic_on_separate_calibration_partition,0.7233503994221847,0.9047619047619048,0.5783132530120482,0.6846846846846847,0.7794871794871795,0.7196969696969697,0.8501118568232662,0.5116086641707829,0.6444834667206956,0.7415375788869765,0.42168674698795183,0.6646706586826348,76.0,35.0,48.0,8.0,0.8703038521018427,0.8657487091222031,0.1550279803130602,0.47341054919037406,0.06631146645044987,0.011594940308970072,0.774064798410364,5.0,0.4491017964071856,0.14910536779324055,0.8714285714285714,0.9154761904761904,0.5072289156626506,0.6108433734939759,0.6528053769725307,0.6990229396771452,0.8189701253192374,0.8478659718976542,0.4378571482226551,0.5254923182288772,0.5907653233858133,0.6592905071669475,0.8589140925846348,0.8786911387512446,0.841394148020654,0.868516924842226,0.15293429502205708,0.17985019763126414,20261037,2,North America,267,167,V1-V10_financial_only
PONE2016_h2_target_North_America,20260730,Full_PBMSBAINGO,cost_10,167,84,0.20343895670214407,"Same-horizon leave-one-region-out transfer; source regions=Asia,Europe; target region=North America; source-only fit/search/calibration; target labels untouched until final evaluation; V1-V10 financial ratios only.",Risk feature plus score fusion; alpha=0.70 selected only on search partition.,Platt_logistic_on_separate_calibration_partition,0.7233503994221847,0.9047619047619048,0.5783132530120482,0.6846846846846847,0.7794871794871795,0.7196969696969697,0.8501118568232662,0.5116086641707829,0.6444834667206956,0.7415375788869765,0.42168674698795183,0.6646706586826348,76.0,35.0,48.0,8.0,0.8703038521018427,0.8657487091222031,0.1550279803130602,0.47341054919037406,0.06631146645044987,0.011594940308970072,0.774064798410364,10.0,0.688622754491018,0.12459371614301191,0.8821428571428571,0.9273809523809524,0.5313253012048194,0.6108433734939759,0.6557522123893805,0.7066502866502866,0.8251670378619154,0.8723613693536039,0.4419617222022486,0.5665208094065416,0.5916811543650315,0.6843189290359869,0.8422379286174384,0.9115462150722488,0.8302639127940333,0.89705966724039,0.12678334274288378,0.1716110072598542,20261037,2,North America,267,167,V1-V10_financial_only
PONE2016_h2_target_North_America,20260730,Full_PBMSBAINGO,cost_20,167,84,0.20343895670214407,"Same-horizon leave-one-region-out transfer; source regions=Asia,Europe; target region=North America; source-only fit/search/calibration; target labels untouched until final evaluation; V1-V10 financial ratios only.",Risk feature plus score fusion; alpha=0.70 selected only on search partition.,Platt_logistic_on_separate_calibration_partition,0.7233503994221847,0.9047619047619048,0.5783132530120482,0.6846846846846847,0.7794871794871795,0.7196969696969697,0.8501118568232662,0.5116086641707829,0.6444834667206956,0.7415375788869765,0.42168674698795183,0.6646706586826348,76.0,35.0,48.0,8.0,0.8703038521018427,0.8657487091222031,0.1550279803130602,0.47341054919037406,0.06631146645044987,0.011594940308970072,0.774064798410364,20.0,1.1676646706586826,0.1106069200226886,0.8714285714285714,0.9154761904761904,0.508433734939759,0.7168674698795181,0.6530776092774309,0.7631863186318631,0.8335240274599542,0.8710283251231528,0.45534473566701394,0.6292457505933302,0.5991517828858592,0.7407086465991258,0.8618157822541502,0.8921912124174346,0.8438181296615032,0.8905622489959839,0.13679803537146784,0.1684746392895855,20261037,2,North America,267,167,V1-V10_financial_only
PONE2016_h2_target_North_America,20260730,Uncertainty_gated_fusion,triad,167,84,0.6806904039343213,"Same-horizon leave-one-region-out transfer; source regions=Asia,Europe; target region=North America; source-only fit/search/calibration; target labels untouched until final evaluation; V1-V10 financial ratios only.","One-standard-error paired-bootstrap gate selected KELM_risk_feature; search utility difference=-0.0251, required margin=0.0241.",Platt_logistic_on_separate_calibration_partition,0.5983338886782126,0.38095238095238093,0.9397590361445783,0.8648648648648649,0.5289256198347108,0.6896551724137931,0.4289544235924933,0.3861184657192625,0.5170540268541639,0.6603557085484797,0.060240963855421686,0.2215568862275449,32.0,5.0,78.0,52.0,0.8256723672035803,0.8577165806081468,0.15638956980916358,0.4787618963249813,0.08741012253083136,0.3662525535850924,1.2294883019295488,,,,0.35833333333333334,0.47023809523809523,0.8710843373493976,0.9626506024096385,0.7487148102815178,0.9103318250377074,0.4028544587368117,0.5166405570060923,0.2867599872492164,0.4356533178149131,0.4555048087932785,0.5730590206876647,0.7603842255916714,0.8703171823170722,0.8221313826735513,0.8812966150315548,0.14539158350873768,0.17160054112278306,20261083,2,North America,267,167,V1-V10_financial_only
PONE2016_h2_target_North_America,20260730,Uncertainty_gated_fusion,cost_1,167,84,0.6093344670819819,"Same-horizon leave-one-region-out transfer; source regions=Asia,Europe; target region=North America; source-only fit/search/calibration; target labels untouched until final evaluation; V1-V10 financial ratios only.","One-standard-error paired-bootstrap gate selected KELM_risk_feature; search utility difference=-0.0251, required margin=0.0241.",Platt_logistic_on_separate_calibration_partition,0.6879839088699877,0.5238095238095238,0.9036144578313253,0.8461538461538461,0.6470588235294118,0.7534246575342466,0.5670103092783505,0.46151623481550746,0.602256063881672,0.7137119908204246,0.0963855421686747,0.31137724550898205,44.0,8.0,75.0,40.0,0.8256723672035803,0.8577165806081468,0.15638956980916358,0.4787618963249813,0.08741012253083136,0.3662525535850924,1.2294883019295488,1.0,0.2874251497005988,0.2874251497005988,0.5011904761904762,0.5654761904761905,0.8819277108433734,0.9614457831325302,0.814188679245283,0.9308876811594203,0.5449072285786593,0.6073031306763543,0.4224848703704069,0.529533251701436,0.5751618484972678,0.6402297601500606,0.7808737310736663,0.9091809570274376,0.821701090074584,0.9042598967297762,0.14082056753454258,0.17268307789333162,20261083,2,North America,267,167,V1-V10_financial_only
PONE2016_h2_target_North_America,20260730,Uncertainty_gated_fusion,cost_2,167,84,0.2845268244321003,"Same-horizon leave-one-region-out transfer; source regions=Asia,Europe; target region=North America; source-only fit/search/calibration; target labels untouched until final evaluation; V1-V10 financial ratios only.","One-standard-error paired-bootstrap gate selected KELM_risk_feature; search utility difference=-0.0251, required margin=0.0241.",Platt_logistic_on_separate_calibration_partition,0.7526964341443427,0.9404761904761905,0.6024096385542169,0.7053571428571429,0.8061224489795918,0.7424812030075187,0.8816964285714286,0.5775596420093226,0.6890946083648706,0.7714429145152037,0.39759036144578314,0.6706586826347305,79.0,33.0,50.0,5.0,0.8256723672035803,0.8577165806081468,0.15638956980916358,0.4787618963249813,0.08741012253083136,0.3662525535850924,1.2294883019295488,2.0,0.25748502994011974,0.17131474103585656,0.8869047619047619,0.9630952380952381,0.5421686746987951,0.672289156626506,0.6754889178617992,0.7468446601941747,0.8457386092212383,0.9093128363262591,0.5285164841949841,0.6603238481848449,0.6461901713848006,0.7516239871017112,0.7449403997988633,0.8743792757557179,0.800415949512335,0.8988668961560528,0.13541369692289304,0.1787712885599414,20261083,2,North America,267,167,V1-V10_financial_only
PONE2016_h2_target_North_America,20260730,Uncertainty_gated_fusion,cost_5,167,84,0.14667426663991404,"Same-horizon leave-one-region-out transfer; source regions=Asia,Europe; target region=North America; source-only fit/search/calibration; target labels untouched until final evaluation; V1-V10 financial ratios only.","One-standard-error paired-bootstrap gate selected KELM_risk_feature; search utility difference=-0.0251, required margin=0.0241.",Platt_logistic_on_separate_calibration_partition,0.6229959263658973,0.9761904761904762,0.39759036144578314,0.6212121212121212,0.7592592592592593,0.6699346405228758,0.8760683760683761,0.4591712991996319,0.5627494113644926,0.6868904188181296,0.6024096385542169,0.7904191616766467,82.0,50.0,33.0,2.0,0.8256723672035803,0.8577165806081468,0.15638956980916358,0.4787618963249813,0.08741012253083136,0.3662525535850924,1.2294883019295488,5.0,0.3592814371257485,0.11928429423459244,0.9642857142857143,0.9761904761904762,0.3409638554216867,0.4746987951807229,0.5998801612376077,0.6502109181141439,0.8670367211389269,0.8796253469010176,0.41143843138046515,0.5042362239114518,0.5154010698507389,0.613287770387861,0.8067707410714289,0.8761878786088962,0.8448795180722891,0.8764916810097534,0.14395116648012618,0.16498559494881412,20261083,2,North America,267,167,V1-V10_financial_only
PONE2016_h2_target_North_America,20260730,Uncertainty_gated_fusion,cost_10,167,84,0.14667426663991404,"Same-horizon leave-one-region-out transfer; source regions=Asia,Europe; target region=North America; source-only fit/search/calibration; target labels untouched until final evaluation; V1-V10 financial ratios only.","One-standard-error paired-bootstrap gate selected KELM_risk_feature; search utility difference=-0.0251, required margin=0.0241.",Platt_logistic_on_separate_calibration_partition,0.6229959263658973,0.9761904761904762,0.39759036144578314,0.6212121212121212,0.7592592592592593,0.6699346405228758,0.8760683760683761,0.4591712991996319,0.5627494113644926,0.6868904188181296,0.6024096385542169,0.7904191616766467,82.0,50.0,33.0,2.0,0.8256723672035803,0.8577165806081468,0.15638956980916358,0.4787618963249813,0.08741012253083136,0.3662525535850924,1.2294883019295488,10.0,0.41916167664670656,0.07583965330444203,0.9428571428571428,0.9880952380952381,0.30722891566265065,0.46506024096385545,0.590234995236583,0.6509796740523713,0.8506863417982156,0.8937922385563993,0.3993829021471643,0.5289015143207625,0.4945959113076111,0.623485739064148,0.8052567184760306,0.8514262952894379,0.8137550200803214,0.8585628227194493,0.15395449476263448,0.17640394199941892,20261083,2,North America,267,167,V1-V10_financial_only
PONE2016_h2_target_North_America,20260730,Uncertainty_gated_fusion,cost_20,167,84,0.14667426663991404,"Same-horizon leave-one-region-out transfer; source regions=Asia,Europe; target region=North America; source-only fit/search/calibration; target labels untouched until final evaluation; V1-V10 financial ratios only.","One-standard-error paired-bootstrap gate selected KELM_risk_feature; search utility difference=-0.0251, required margin=0.0241.",Platt_logistic_on_separate_calibration_partition,0.6229959263658973,0.9761904761904762,0.39759036144578314,0.6212121212121212,0.7592592592592593,0.6699346405228758,0.8760683760683761,0.4591712991996319,0.5627494113644926,0.6868904188181296,0.6024096385542169,0.7904191616766467,82.0,50.0,33.0,2.0,0.8256723672035803,0.8577165806081468,0.15638956980916358,0.4787618963249813,0.08741012253083136,0.3662525535850924,1.2294883019295488,20.0,0.5389221556886228,0.05104934770277935,0.9654761904761905,1.0,0.36626506024096384,0.46867469879518076,0.6149827122550903,0.6500553709856035,0.8777056277056278,0.8952174610816883,0.4727235357980829,0.5181316186635188,0.5580046052720892,0.6185919163937855,0.8109034818727048,0.8840635266546876,0.850057372346529,0.9045611015490533,0.13274878740601706,0.1609492562692104,20261083,2,North America,267,167,V1-V10_financial_only
PONE2016_h2_target_North_America,20260730,Full_random_search,triad,167,84,0.7077745867478296,"Same-horizon leave-one-region-out transfer; source regions=Asia,Europe; target region=North America; source-only fit/search/calibration; target labels untouched until final evaluation; V1-V10 financial ratios only.",Same full architecture and 81 evaluations as PBMSBAINGO; alpha=0.70.,Platt_logistic_on_separate_calibration_partition,0.5524679932214503,0.3333333333333333,0.9156626506024096,0.8,0.47058823529411764,0.625,0.37735849056603776,0.3058792691521723,0.45365053739162353,0.6244979919678715,0.08433734939759036,0.20958083832335328,28.0,7.0,76.0,56.0,0.7809842756205421,0.8188468158347677,0.17073552003285955,0.5149442793318193,0.10359666514783368,0.07007003100713427,1.1028514377281322,,,,0.20119047619047617,0.45476190476190476,0.9036144578313253,0.9397590361445783,0.758008658008658,0.8825757575757576,0.23555601102229512,0.5031754385964913,0.20201962448610022,0.44702635115151157,0.33563521619348746,0.573946414067263,0.7242253159161365,0.8503884710247187,0.7714142283419392,0.8825014343086632,0.14335001203811715,0.19585384195200842,20261131,2,North America,267,167,V1-V10_financial_only
PONE2016_h2_target_North_America,20260730,Full_random_search,cost_1,167,84,0.6737374117807174,"Same-horizon leave-one-region-out transfer; source regions=Asia,Europe; target region=North America; source-only fit/search/calibration; target labels untouched until final evaluation; V1-V10 financial ratios only.",Same full architecture and 81 evaluations as PBMSBAINGO; alpha=0.70.,Platt_logistic_on_separate_calibration_partition,0.6506980231903436,0.4880952380952381,0.8674698795180723,0.7884615384615384,0.6029411764705882,0.702054794520548,0.5283505154639175,0.383925753727397,0.5457604666720717,0.6777825588066552,0.13253012048192772,0.31137724550898205,41.0,11.0,72.0,43.0,0.7809842756205421,0.8188468158347677,0.17073552003285955,0.5149442793318193,0.10359666514783368,0.07007003100713427,1.1028514377281322,1.0,0.32335329341317365,0.32335329341317365,0.4654761904761905,0.4988095238095238,0.8204819277108434,0.9325301204819277,0.7295454545454546,0.8765734265734265,0.5116738457396689,0.5349779086892489,0.3179945890859185,0.4511280263712727,0.49978112054028845,0.5809804835413055,0.7227464088826807,0.8281399917855176,0.7795180722891567,0.8593947217441193,0.1587141218164748,0.1847663891192723,20261131,2,North America,267,167,V1-V10_financial_only
PONE2016_h2_target_North_America,20260730,Full_random_search,cost_2,167,84,0.289265977025327,"Same-horizon leave-one-region-out transfer; source regions=Asia,Europe; target region=North America; source-only fit/search/calibration; target labels untouched until final evaluation; V1-V10 financial ratios only.",Same full architecture and 81 evaluations as PBMSBAINGO; alpha=0.70.,Platt_logistic_on_separate_calibration_partition,0.7095367085582946,0.9285714285714286,0.5421686746987951,0.6724137931034483,0.78,0.7116788321167883,0.8628318584070797,0.5110293042339292,0.6360118112997591,0.7353700516351118,0.4578313253012048,0.6946107784431138,78.0,38.0,45.0,6.0,0.7809842756205421,0.8188468158347677,0.17073552003285955,0.5149442793318193,0.10359666514783368,0.07007003100713427,1.1028514377281322,2.0,0.2994011976047904,0.199203187250996,0.9297619047619048,0.9630952380952381,0.5301204819277109,0.5650602409638554,0.6725420168067228,0.6841655420602789,0.8673893805309735,0.8876423260137098,0.5317083962956122,0.5527142875608039,0.6464572780125443,0.6625260245280543,0.7932088894963069,0.8362454373620172,0.8326735513482502,0.8652897303499714,0.1515840743559138,0.16299361656615954,20261131,2,North America,267,167,V1-V10_financial_only
PONE2016_h2_target_North_America,20260730,Full_random_search,cost_5,167,84,0.289265977025327,"Same-horizon leave-one-region-out transfer; source regions=Asia,Europe; target region=North America; source-only fit/search/calibration; target labels untouched until final evaluation; V1-V10 financial ratios only.",Same full architecture and 81 evaluations as PBMSBAINGO; alpha=0.70.,Platt_logistic_on_separate_calibration_partition,0.7095367085582946,0.9285714285714286,0.5421686746987951,0.6724137931034483,0.78,0.7116788321167883,0.8628318584070797,0.5110293042339292,0.6360118112997591,0.7353700516351118,0.4578313253012048,0.6946107784431138,78.0,38.0,45.0,6.0,0.7809842756205421,0.8188468158347677,0.17073552003285955,0.5149442793318193,0.10359666514783368,0.07007003100713427,1.1028514377281322,5.0,0.40718562874251496,0.13518886679920478,0.8702380952380953,0.9511904761904761,0.4843373493975904,0.5506024096385542,0.6406636155606407,0.6793175891046074,0.812039911308204,0.8736503942776717,0.4043987438585371,0.5339896307656866,0.562602800306688,0.6514623015620191,0.7284591706059357,0.8206715551895931,0.7524526678141136,0.8483505450372921,0.15458620490830574,0.202587850285872,20261131,2,North America,267,167,V1-V10_financial_only
PONE2016_h2_target_North_America,20260730,Full_random_search,cost_10,167,84,0.060813072687151935,"Same-horizon leave-one-region-out transfer; source regions=Asia,Europe; target region=North America; source-only fit/search/calibration; target labels untouched until final evaluation; V1-V10 financial ratios only.",Same full architecture and 81 evaluations as PBMSBAINGO; alpha=0.70.,Platt_logistic_on_separate_calibration_partition,0.3104602102825332,1.0,0.0963855421686747,0.5283018867924528,0.691358024691358,0.5833333333333334,0.8484848484848485,0.22565607411994115,0.2791384360612427,0.5481927710843374,0.9036144578313253,0.9520958083832335,84.0,75.0,8.0,0.0,0.7809842756205421,0.8188468158347677,0.17073552003285955,0.5149442793318193,0.10359666514783368,0.07007003100713427,1.1028514377281322,10.0,0.4491017964071856,0.08125677139761647,1.0,1.0,0.05060240963855422,0.10722891566265061,0.5159775940250734,0.5313112013374731,0.8420220723136413,0.8500306710833027,0.16125428531585403,0.23865617863216743,0.20103230265136846,0.2946581046878728,0.7198496113868457,0.8055264701185149,0.7771084337349398,0.8389271371199081,0.16402136800329076,0.1877573297666106,20261131,2,North America,267,167,V1-V10_financial_only
PONE2016_h2_target_North_America,20260730,Full_random_search,cost_20,167,84,0.060813072687151935,"Same-horizon leave-one-region-out transfer; source regions=Asia,Europe; target region=North America; source-only fit/search/calibration; target labels untouched until final evaluation; V1-V10 financial ratios only.",Same full architecture and 81 evaluations as PBMSBAINGO; alpha=0.70.,Platt_logistic_on_separate_calibration_partition,0.3104602102825332,1.0,0.0963855421686747,0.5283018867924528,0.691358024691358,0.5833333333333334,0.8484848484848485,0.22565607411994115,0.2791384360612427,0.5481927710843374,0.9036144578313253,0.9520958083832335,84.0,75.0,8.0,0.0,0.7809842756205421,0.8188468158347677,0.17073552003285955,0.5149442793318193,0.10359666514783368,0.07007003100713427,1.1028514377281322,20.0,0.4491017964071856,0.04254112308564946,1.0,1.0,0.04819277108433735,0.0963855421686747,0.5153374233128835,0.5283018867924528,0.8416833667334669,0.8484848484848485,0.1575929518503605,0.22565607411994115,0.19656501767153026,0.2791384360612427,0.7293671413895638,0.8749754984995723,0.7645725760183593,0.8902610441767068,0.13913748014046035,0.19362676306240476,20261131,2,North America,267,167,V1-V10_financial_only
PONE2016_h2_target_North_America,20260730,Balanced_logistic,triad,167,84,0.5526900982000511,"Same-horizon leave-one-region-out transfer; source regions=Asia,Europe; target region=North America; source-only fit/search/calibration; target labels untouched until final evaluation; V1-V10 financial ratios only.",Class-weighted logistic reference using the same source-only fit/search/calibration and untouched regional target.,Platt_logistic_on_separate_calibration_partition,0.7162766287094263,0.5833333333333334,0.8795180722891566,0.8305084745762712,0.6853146853146853,0.765625,0.620253164556962,0.4841527384287163,0.6286100471391216,0.731425702811245,0.12048192771084337,0.3532934131736527,49.0,10.0,73.0,35.0,0.8534941456966716,0.8073723465289729,0.17868133891589966,0.5959567668017041,0.09898043245424734,0.13840026463894178,0.5605383650644322,,,,0.46785714285714286,0.6154761904761905,0.8566265060240964,0.9024096385542169,0.78125,0.855911330049261,0.5108774038461539,0.6486489065302851,0.3812381656445748,0.5029787775765652,0.5457169802915599,0.6451493080873121,0.8123637836285638,0.8659397868099702,0.7579030407343661,0.8296328169822146,0.1692774515545191,0.20278266795675493,20262031,2,North America,267,167,V1-V10_financial_only
PONE2016_h2_target_North_America,20260730,Balanced_logistic,cost_1,167,84,0.548031587102932,"Same-horizon leave-one-region-out transfer; source regions=Asia,Europe; target region=North America; source-only fit/search/calibration; target labels untouched until final evaluation; V1-V10 financial ratios only.",Class-weighted logistic reference using the same source-only fit/search/calibration and untouched regional target.,Platt_logistic_on_separate_calibration_partition,0.7185757571479554,0.5952380952380952,0.8674698795180723,0.819672131147541,0.6896551724137931,0.7621951219512195,0.6297229219143576,0.4804717122573639,0.6283539005554196,0.7313539873780838,0.13253012048192772,0.3652694610778443,50.0,11.0,72.0,34.0,0.8534941456966716,0.8073723465289729,0.17868133891589966,0.5959567668017041,0.09898043245424734,0.13840026463894178,0.5605383650644322,1.0,0.2694610778443114,0.2694610778443114,0.5119047619047619,0.6773809523809524,0.8096385542168675,0.9012048192771085,0.7325988700564972,0.8543850267379679,0.5448606299977339,0.7061419057506774,0.33951749212034404,0.5713309155517032,0.5205426301443636,0.6985443354467288,0.8044571716837841,0.8711892678162027,0.7472030981067126,0.8378944348823866,0.16673335613073298,0.2109573400259925,20262031,2,North America,267,167,V1-V10_financial_only
PONE2016_h2_target_North_America,20260730,Balanced_logistic,cost_2,167,84,0.5280682451838186,"Same-horizon leave-one-region-out transfer; source regions=Asia,Europe; target region=North America; source-only fit/search/calibration; target labels untouched until final evaluation; V1-V10 financial ratios only.",Class-weighted logistic reference using the same source-only fit/search/calibration and untouched regional target.,Platt_logistic_on_separate_calibration_partition,0.7225568167373793,0.6190476190476191,0.8433734939759037,0.8,0.697986577181208,0.7558139534883721,0.6483790523690773,0.47419784906565876,0.6279154874059706,0.7312105565117614,0.1566265060240964,0.38922155688622756,52.0,13.0,70.0,32.0,0.8534941456966716,0.8073723465289729,0.17868133891589966,0.5959567668017041,0.09898043245424734,0.13840026463894178,0.5605383650644322,2.0,0.46107784431137727,0.30677290836653387,0.5071428571428571,0.7333333333333334,0.7518072289156627,0.8951807228915662,0.6761904761904761,0.8697823303457106,0.5338345864661653,0.744428460109093,0.2696065311761345,0.6002203077689047,0.46824650557754915,0.7192858465928935,0.7672186770342163,0.8950432834649946,0.6966293746414229,0.8597963281698221,0.15319574263808053,0.2375187678007632,20262031,2,North America,267,167,V1-V10_financial_only
PONE2016_h2_target_North_America,20260730,Balanced_logistic,cost_5,167,84,0.5280682451838186,"Same-horizon leave-one-region-out transfer; source regions=Asia,Europe; target region=North America; source-only fit/search/calibration; target labels untouched until final evaluation; V1-V10 financial ratios only.",Class-weighted logistic reference using the same source-only fit/search/calibration and untouched regional target.,Platt_logistic_on_separate_calibration_partition,0.7225568167373793,0.6190476190476191,0.8433734939759037,0.8,0.697986577181208,0.7558139534883721,0.6483790523690773,0.47419784906565876,0.6279154874059706,0.7312105565117614,0.1566265060240964,0.38922155688622756,52.0,13.0,70.0,32.0,0.8534941456966716,0.8073723465289729,0.17868133891589966,0.5959567668017041,0.09898043245424734,0.13840026463894178,0.5605383650644322,5.0,1.035928143712575,0.34393638170974156,0.6202380952380953,0.6988095238095238,0.7951807228915663,0.8734939759036144,0.7549731983323407,0.8350840336134454,0.6433718371837184,0.7128771334298668,0.4243686218137943,0.5238770145892333,0.5943057220385041,0.6625779085640052,0.8370519386418277,0.8825078361307086,0.7895725760183592,0.851649454962708,0.15995427208881424,0.1920974812879945,20262031,2,North America,267,167,V1-V10_financial_only
PONE2016_h2_target_North_America,20260730,Balanced_logistic,cost_10,167,84,0.12835317694666543,"Same-horizon leave-one-region-out transfer; source regions=Asia,Europe; target region=North America; source-only fit/search/calibration; target labels untouched until final evaluation; V1-V10 financial ratios only.",Class-weighted logistic reference using the same source-only fit/search/calibration and untouched regional target.,Platt_logistic_on_separate_calibration_partition,0.4897105354095492,0.9047619047619048,0.26506024096385544,0.5547445255474452,0.6877828054298643,0.6012658227848101,0.8033826638477801,0.2211831822974264,0.37573097455962756,0.5849110728628801,0.7349397590361446,0.8203592814371258,76.0,61.0,22.0,8.0,0.8534941456966716,0.8073723465289729,0.17868133891589966,0.5959567668017041,0.09898043245424734,0.13840026463894178,0.5605383650644322,10.0,0.844311377245509,0.15276273022751896,0.8702380952380953,0.9380952380952381,0.19518072289156627,0.263855421686747,0.5255778356038573,0.5534222621902478,0.7757727820152549,0.8216776315789474,0.10459442586562574,0.22816918481678589,0.26185969923447294,0.37334055512251063,0.8232204899124033,0.8775852678751127,0.7613310384394723,0.8466580608146873,0.16075288013323183,0.2060450549762471,20262031,2,North America,267,167,V1-V10_financial_only
PONE2016_h2_target_North_America,20260730,Balanced_logistic,cost_20,167,84,0.12835317694666543,"Same-horizon leave-one-region-out transfer; source regions=Asia,Europe; target region=North America; source-only fit/search/calibration; target labels untouched until final evaluation; V1-V10 financial ratios only.",Class-weighted logistic reference using the same source-only fit/search/calibration and untouched regional target.,Platt_logistic_on_separate_calibration_partition,0.4897105354095492,0.9047619047619048,0.26506024096385544,0.5547445255474452,0.6877828054298643,0.6012658227848101,0.8033826638477801,0.2211831822974264,0.37573097455962756,0.5849110728628801,0.7349397590361446,0.8203592814371258,76.0,61.0,22.0,8.0,0.8534941456966716,0.8073723465289729,0.17868133891589966,0.5959567668017041,0.09898043245424734,0.13840026463894178,0.5605383650644322,20.0,1.3233532934131738,0.12535450935904707,0.8619047619047618,0.9166666666666666,0.19759036144578315,0.35542168674698793,0.53625,0.5751164179104478,0.7830282899493854,0.8087922403003754,0.1643114605446566,0.25795020133900953,0.30964243404080016,0.42591343214220256,0.8472054767173081,0.8739191416004981,0.7933591508892713,0.8288152610441767,0.164851016501149,0.18553996104392914,20262031,2,North America,267,167,V1-V10_financial_only
PONE2016_h3_target_Asia,20260730,HistGB,triad,92,46,0.706293898492192,"Same-horizon leave-one-region-out transfer; source regions=Europe,North America; target region=Asia; source-only fit/search/calibration; target labels untouched until final evaluation; V1-V10 financial ratios only.",No metaheuristic; threshold and Platt calibration use calibration partition.,Platt_logistic_on_separate_calibration_partition,0.6874516652539955,0.5434782608695652,0.8695652173913043,0.8064516129032258,0.6493506493506493,0.7352941176470589,0.5813953488372093,0.43692594732736023,0.5910588498969954,0.7065217391304348,0.13043478260869565,0.33695652173913043,25.0,6.0,40.0,21.0,0.8355040774194233,0.833648393194707,0.17638899877835587,0.5364223499824375,0.10922445446777926,-0.24563289080124787,1.5675160386211098,,,,0.4608695652173913,0.5847826086956522,0.8065217391304348,0.9108695652173913,0.7420276497695852,0.8646401985111662,0.5034883720930232,0.6244770096633747,0.346962220794346,0.5146436855287349,0.5240287210839176,0.6469261146627817,0.7498118234794399,0.8755374754474249,0.7609168241965973,0.8531663516068053,0.16700716268251445,0.20049682021316337,20260730,3,Asia,324,92,V1-V10_financial_only
PONE2016_h3_target_Asia,20260730,HistGB,cost_1,92,46,0.2940099216897724,"Same-horizon leave-one-region-out transfer; source regions=Europe,North America; target region=Asia; source-only fit/search/calibration; target labels untouched until final evaluation; V1-V10 financial ratios only.",No metaheuristic; threshold and Platt calibration use calibration partition.,Platt_logistic_on_separate_calibration_partition,0.5051717408096631,0.9782608695652174,0.2608695652173913,0.569620253164557,0.72,0.6215469613259669,0.8555133079847909,0.34324756367786313,0.44411473910443255,0.6195652173913043,0.7391304347826086,0.8586956521739131,45.0,34.0,12.0,1.0,0.8355040774194233,0.833648393194707,0.17638899877835587,0.5364223499824375,0.10922445446777926,-0.24563289080124787,1.5675160386211098,1.0,0.3804347826086957,0.3804347826086957,0.9391304347826087,0.9978260869565218,0.20217391304347826,0.3695652173913043,0.550864464340846,0.6070195195195195,0.8404458411654135,0.874281545671589,0.2857596628448345,0.4351231906947867,0.38347675052105007,0.5373825636874613,0.8094955081099743,0.9007280826151324,0.8069470699432892,0.8965028355387524,0.15209558362550607,0.1836539460731815,20260730,3,Asia,324,92,V1-V10_financial_only
PONE2016_h3_target_Asia,20260730,HistGB,cost_2,92,46,0.2940099216897724,"Same-horizon leave-one-region-out transfer; source regions=Europe,North America; target region=Asia; source-only fit/search/calibration; target labels untouched until final evaluation; V1-V10 financial ratios only.",No metaheuristic; threshold and Platt calibration use calibration partition.,Platt_logistic_on_separate_calibration_partition,0.5051717408096631,0.9782608695652174,0.2608695652173913,0.569620253164557,0.72,0.6215469613259669,0.8555133079847909,0.34324756367786313,0.44411473910443255,0.6195652173913043,0.7391304347826086,0.8586956521739131,45.0,34.0,12.0,1.0,0.8355040774194233,0.833648393194707,0.17638899877835587,0.5364223499824375,0.10922445446777926,-0.24563289080124787,1.5675160386211098,2.0,0.391304347826087,0.2608695652173913,0.9782608695652174,1.0,0.2391304347826087,0.3673913043478261,0.5679012345679012,0.612,0.8567544300165004,0.8861003861003861,0.34577419386958125,0.47049410823341126,0.44420356076129985,0.5566034975424988,0.826907529901802,0.9480168807509276,0.818289224952741,0.94617202268431,0.12845899490584645,0.18663165597182205,20260730,3,Asia,324,92,V1-V10_financial_only
PONE2016_h3_target_Asia,20260730,HistGB,cost_5,92,46,0.2940099216897724,"Same-horizon leave-one-region-out transfer; source regions=Europe,North America; target region=Asia; source-only fit/search/calibration; target labels untouched until final evaluation; V1-V10 financial ratios only.",No metaheuristic; threshold and Platt calibration use calibration partition.,Platt_logistic_on_separate_calibration_partition,0.5051717408096631,0.9782608695652174,0.2608695652173913,0.569620253164557,0.72,0.6215469613259669,0.8555133079847909,0.34324756367786313,0.44411473910443255,0.6195652173913043,0.7391304347826086,0.8586956521739131,45.0,34.0,12.0,1.0,0.8355040774194233,0.833648393194707,0.17638899877835587,0.5364223499824375,0.10922445446777926,-0.24563289080124787,1.5675160386211098,5.0,0.42391304347826086,0.14130434782608695,0.9565217391304348,0.9782608695652174,0.21739130434782608,0.2391304347826087,0.5555555555555556,0.5619462025316455,0.8365019011406845,0.8519511149228131,0.2808389157364335,0.3206248854233327,0.4002519925432422,0.420437666391175,0.7785068296891383,0.8456580334115793,0.7743383742911153,0.840406427221172,0.17802552998957505,0.20839935260896816,20260730,3,Asia,324,92,V1-V10_financial_only
PONE2016_h3_target_Asia,20260730,HistGB,cost_10,92,46,0.0,"Same-horizon leave-one-region-out transfer; source regions=Europe,North America; target region=Asia; source-only fit/search/calibration; target labels untouched until final evaluation; V1-V10 financial ratios only.",No metaheuristic; threshold and Platt calibration use calibration partition.,Platt_logistic_on_separate_calibration_partition,0.0,1.0,0.0,0.5,0.6666666666666666,0.5555555555555556,0.8333333333333334,0.0,0.0,0.5,1.0,1.0,46.0,46.0,0.0,0.0,0.8355040774194233,0.833648393194707,0.17638899877835587,0.5364223499824375,0.10922445446777926,-0.24563289080124787,1.5675160386211098,10.0,0.5,0.09090909090909091,1.0,1.0,0.0,0.0,0.5,0.5,0.8333333333333334,0.8333333333333334,0.0,0.0,0.0,0.0,0.8082813998929763,0.9108546085412389,0.8046313799621929,0.9098771266540644,0.1369618633111536,0.18317829981598963,20260730,3,Asia,324,92,V1-V10_financial_only
PONE2016_h3_target_Asia,20260730,HistGB,cost_20,92,46,0.0,"Same-horizon leave-one-region-out transfer; source regions=Europe,North America; target region=Asia; source-only fit/search/calibration; target labels untouched until final evaluation; V1-V10 financial ratios only.",No metaheuristic; threshold and Platt calibration use calibration partition.,Platt_logistic_on_separate_calibration_partition,0.0,1.0,0.0,0.5,0.6666666666666666,0.5555555555555556,0.8333333333333334,0.0,0.0,0.5,1.0,1.0,46.0,46.0,0.0,0.0,0.8355040774194233,0.833648393194707,0.17638899877835587,0.5364223499824375,0.10922445446777926,-0.24563289080124787,1.5675160386211098,20.0,0.5,0.047619047619047616,1.0,1.0,0.0,0.0,0.5,0.5,0.8333333333333334,0.8333333333333334,0.0,0.0,0.0,0.0,0.7942851625433893,0.8714480777114167,0.7700378071833648,0.874149338374291,0.1610082502170916,0.19829400797284075,20260730,3,Asia,324,92,V1-V10_financial_only
PONE2016_h3_target_Asia,20260730,KELM_PBMSBAINGO,triad,92,46,0.5941948454616556,"Same-horizon leave-one-region-out transfer; source regions=Europe,North America; target region=Asia; source-only fit/search/calibration; target labels untouched until final evaluation; V1-V10 financial ratios only.",Plain KELM; hyperparameters/features selected only on search partition.,Platt_logistic_on_separate_calibration_partition,0.7928079360352378,0.8260869565217391,0.7608695652173914,0.7755102040816326,0.8,0.7851239669421488,0.8154506437768241,0.5882087712829036,0.7177212827468998,0.7934782608695652,0.2391304347826087,0.532608695652174,38.0,11.0,35.0,8.0,0.8479008547692395,0.8653119092627599,0.1980714607120044,0.58440244089886,0.18023843353410662,-1.4616531469782266,3.807527568501203,,,,0.7869565217391304,0.8869565217391304,0.7217391304347825,0.8434782608695652,0.7400706436420722,0.8438945420906567,0.7775300522081637,0.8665622697126013,0.5140184383787255,0.6918663079697663,0.6645429524173729,0.7907585901020945,0.8141764623926628,0.9251977968294817,0.8517485822306239,0.9040642722117203,0.18594036660680563,0.2011230415385605,20260831,3,Asia,324,92,V1-V10_financial_only
PONE2016_h3_target_Asia,20260730,KELM_PBMSBAINGO,cost_1,92,46,0.4568980198731497,"Same-horizon leave-one-region-out transfer; source regions=Europe,North America; target region=Asia; source-only fit/search/calibration; target labels untouched until final evaluation; V1-V10 financial ratios only.",Plain KELM; hyperparameters/features selected only on search partition.,Platt_logistic_on_separate_calibration_partition,0.5257994183672967,0.9782608695652174,0.2826086956521739,0.5769230769230769,0.7258064516129032,0.6284916201117319,0.8587786259541985,0.36313651960128146,0.46476852577377686,0.6304347826086957,0.717391304347826,0.8478260869565217,45.0,33.0,13.0,1.0,0.8479008547692395,0.8653119092627599,0.1980714607120044,0.58440244089886,0.18023843353410662,-1.4616531469782266,3.807527568501203,1.0,0.3695652173913043,0.3695652173913043,0.9565217391304348,0.9782608695652174,0.24130434782608695,0.3630434782608695,0.5582278481012658,0.6051920341394026,0.8371428987660796,0.8704350517287116,0.2851219679112976,0.4289699296134417,0.4048386221050351,0.5335013406666687,0.7838983251174438,0.9182014526862003,0.8244328922495273,0.9029773156899811,0.18896889618577645,0.2063674330458538,20260831,3,Asia,324,92,V1-V10_financial_only
PONE2016_h3_target_Asia,20260730,KELM_PBMSBAINGO,cost_2,92,46,0.4568980198731497,"Same-horizon leave-one-region-out transfer; source regions=Europe,North America; target region=Asia; source-only fit/search/calibration; target labels untouched until final evaluation; V1-V10 financial ratios only.",Plain KELM; hyperparameters/features selected only on search partition.,Platt_logistic_on_separate_calibration_partition,0.5257994183672967,0.9782608695652174,0.2826086956521739,0.5769230769230769,0.7258064516129032,0.6284916201117319,0.8587786259541985,0.36313651960128146,0.46476852577377686,0.6304347826086957,0.717391304347826,0.8478260869565217,45.0,33.0,13.0,1.0,0.8479008547692395,0.8653119092627599,0.1980714607120044,0.58440244089886,0.18023843353410662,-1.4616531469782266,3.807527568501203,2.0,0.3804347826086957,0.2536231884057971,0.9782608695652174,1.0,0.21956521739130436,0.34130434782608693,0.55625,0.602964690206529,0.8493782161234992,0.8836063176367358,0.3036350713383824,0.4535139421289405,0.40249215982914405,0.5367600192609879,0.8196845568535605,0.8961149736954592,0.8523156899810964,0.8870982986767486,0.19553111460178355,0.20385442379746566,20260831,3,Asia,324,92,V1-V10_financial_only
PONE2016_h3_target_Asia,20260730,KELM_PBMSBAINGO,cost_5,92,46,0.0,"Same-horizon leave-one-region-out transfer; source regions=Europe,North America; target region=Asia; source-only fit/search/calibration; target labels untouched until final evaluation; V1-V10 financial ratios only.",Plain KELM; hyperparameters/features selected only on search partition.,Platt_logistic_on_separate_calibration_partition,0.0,1.0,0.0,0.5,0.6666666666666666,0.5555555555555556,0.8333333333333334,0.0,0.0,0.5,1.0,1.0,46.0,46.0,0.0,0.0,0.8479008547692395,0.8653119092627599,0.1980714607120044,0.58440244089886,0.18023843353410662,-1.4616531469782266,3.807527568501203,5.0,0.5,0.16666666666666666,1.0,1.0,0.0,0.0,0.5,0.5,0.8333333333333334,0.8333333333333334,0.0,0.0,0.0,0.0,0.7899602978162854,0.8930035253383273,0.8106332703213611,0.8879962192816635,0.19222226829376937,0.20907884954437597,20260831,3,Asia,324,92,V1-V10_financial_only
PONE2016_h3_target_Asia,20260730,KELM_PBMSBAINGO,cost_10,92,46,0.0,"Same-horizon leave-one-region-out transfer; source regions=Europe,North America; target region=Asia; source-only fit/search/calibration; target labels untouched until final evaluation; V1-V10 financial ratios only.",Plain KELM; hyperparameters/features selected only on search partition.,Platt_logistic_on_separate_calibration_partition,0.0,1.0,0.0,0.5,0.6666666666666666,0.5555555555555556,0.8333333333333334,0.0,0.0,0.5,1.0,1.0,46.0,46.0,0.0,0.0,0.8479008547692395,0.8653119092627599,0.1980714607120044,0.58440244089886,0.18023843353410662,-1.4616531469782266,3.807527568501203,10.0,0.5,0.09090909090909091,1.0,1.0,0.0,0.0,0.5,0.5,0.8333333333333334,0.8333333333333334,0.0,0.0,0.0,0.0,0.8430366907987068,0.9341182367632871,0.8752362948960302,0.9358223062381853,0.1837956303531885,0.19823696912799266,20260831,3,Asia,324,92,V1-V10_financial_only
PONE2016_h3_target_Asia,20260730,KELM_PBMSBAINGO,cost_20,92,46,0.0,"Same-horizon leave-one-region-out transfer; source regions=Europe,North America; target region=Asia; source-only fit/search/calibration; target labels untouched until final evaluation; V1-V10 financial ratios only.",Plain KELM; hyperparameters/features selected only on search partition.,Platt_logistic_on_separate_calibration_partition,0.0,1.0,0.0,0.5,0.6666666666666666,0.5555555555555556,0.8333333333333334,0.0,0.0,0.5,1.0,1.0,46.0,46.0,0.0,0.0,0.8479008547692395,0.8653119092627599,0.1980714607120044,0.58440244089886,0.18023843353410662,-1.4616531469782266,3.807527568501203,20.0,0.5,0.047619047619047616,1.0,1.0,0.0,0.0,0.5,0.5,0.8333333333333334,0.8333333333333334,0.0,0.0,0.0,0.0,0.779342986847847,0.904949132168556,0.7988657844990549,0.8889413988657844,0.18571342694758416,0.21211101927486967,20260831,3,Asia,324,92,V1-V10_financial_only
PONE2016_h3_target_Asia,20260730,KELM_score_fusion,triad,92,46,0.6039611936102617,"Same-horizon leave-one-region-out transfer; source regions=Europe,North America; target region=Asia; source-only fit/search/calibration; target labels untouched until final evaluation; V1-V10 financial ratios only.",Plain KELM plus HistGB score-level fusion; alpha=1.00 selected only on search partition.,Platt_logistic_on_separate_calibration_partition,0.7928079360352378,0.8260869565217391,0.7608695652173914,0.7755102040816326,0.8,0.7851239669421488,0.8154506437768241,0.5882087712829036,0.7177212827468998,0.7934782608695652,0.2391304347826087,0.532608695652174,38.0,11.0,35.0,8.0,0.8479008547692395,0.8653119092627599,0.19796382882489627,0.5838851613473165,0.17264090963576365,-1.5407708485666776,3.7650441608290524,,,,0.682608695652174,0.9043478260869565,0.6760869565217391,0.7804347826086957,0.703076923076923,0.800923076923077,0.6920429619544664,0.8813559322033898,0.4364357804719847,0.6841052550594828,0.6071250343315614,0.7821023024456717,0.7293302628602234,0.9300678096525065,0.7828922495274102,0.9255198487712665,0.18852010158714028,0.21601027484843865,20260833,3,Asia,324,92,V1-V10_financial_only
PONE2016_h3_target_Asia,20260730,KELM_score_fusion,cost_1,92,46,0.4572789315376026,"Same-horizon leave-one-region-out transfer; source regions=Europe,North America; target region=Asia; source-only fit/search/calibration; target labels untouched until final evaluation; V1-V10 financial ratios only.",Plain KELM plus HistGB score-level fusion; alpha=1.00 selected only on search partition.,Platt_logistic_on_separate_calibration_partition,0.5257994183672967,0.9782608695652174,0.2826086956521739,0.5769230769230769,0.7258064516129032,0.6284916201117319,0.8587786259541985,0.36313651960128146,0.46476852577377686,0.6304347826086957,0.717391304347826,0.8478260869565217,45.0,33.0,13.0,1.0,0.8479008547692395,0.8653119092627599,0.19796382882489627,0.5838851613473165,0.17264090963576365,-1.5407708485666776,3.7650441608290524,1.0,0.3695652173913043,0.3695652173913043,0.9782608695652174,0.9978260869565218,0.18695652173913044,0.3456521739130435,0.5512987012987014,0.5992105263157894,0.8585949562532167,0.8683917433917434,0.3159978725436379,0.41822337611491095,0.38795801529817153,0.5209789266323249,0.7735867617618792,0.8662728031632365,0.8353969754253309,0.8748582230623818,0.192696820559372,0.20273318201030932,20260833,3,Asia,324,92,V1-V10_financial_only
PONE2016_h3_target_Asia,20260730,KELM_score_fusion,cost_2,92,46,0.4572789315376026,"Same-horizon leave-one-region-out transfer; source regions=Europe,North America; target region=Asia; source-only fit/search/calibration; target labels untouched until final evaluation; V1-V10 financial ratios only.",Plain KELM plus HistGB score-level fusion; alpha=1.00 selected only on search partition.,Platt_logistic_on_separate_calibration_partition,0.5257994183672967,0.9782608695652174,0.2826086956521739,0.5769230769230769,0.7258064516129032,0.6284916201117319,0.8587786259541985,0.36313651960128146,0.46476852577377686,0.6304347826086957,0.717391304347826,0.8478260869565217,45.0,33.0,13.0,1.0,0.8479008547692395,0.8653119092627599,0.19796382882489627,0.5838851613473165,0.17264090963576365,-1.5407708485666776,3.7650441608290524,2.0,0.3804347826086957,0.2536231884057971,0.9782608695652174,1.0,0.19782608695652174,0.3217391304347826,0.5543507362784471,0.591122584943371,0.8502932654936047,0.8736107048844691,0.3042894881168944,0.4052383438847118,0.40031552303892365,0.5022338467133014,0.810712111906984,0.9471106199002008,0.8274574669187145,0.9381379962192816,0.1853729211718298,0.21092258135975397,20260833,3,Asia,324,92,V1-V10_financial_only
PONE2016_h3_target_Asia,20260730,KELM_score_fusion,cost_5,92,46,0.0,"Same-horizon leave-one-region-out transfer; source regions=Europe,North America; target region=Asia; source-only fit/search/calibration; target labels untouched until final evaluation; V1-V10 financial ratios only.",Plain KELM plus HistGB score-level fusion; alpha=1.00 selected only on search partition.,Platt_logistic_on_separate_calibration_partition,0.0,1.0,0.0,0.5,0.6666666666666666,0.5555555555555556,0.8333333333333334,0.0,0.0,0.5,1.0,1.0,46.0,46.0,0.0,0.0,0.8479008547692395,0.8653119092627599,0.19796382882489627,0.5838851613473165,0.17264090963576365,-1.5407708485666776,3.7650441608290524,5.0,0.5,0.16666666666666666,1.0,1.0,0.0,0.0,0.5,0.5,0.8333333333333334,0.8333333333333334,0.0,0.0,0.0,0.0,0.8484061989958461,0.9164744197435333,0.8288279773156899,0.9100189035916824,0.18730615944851509,0.20987163769444106,20260833,3,Asia,324,92,V1-V10_financial_only
PONE2016_h3_target_Asia,20260730,KELM_score_fusion,cost_10,92,46,0.0,"Same-horizon leave-one-region-out transfer; source regions=Europe,North America; target region=Asia; source-only fit/search/calibration; target labels untouched until final evaluation; V1-V10 financial ratios only.",Plain KELM plus HistGB score-level fusion; alpha=1.00 selected only on search partition.,Platt_logistic_on_separate_calibration_partition,0.0,1.0,0.0,0.5,0.6666666666666666,0.5555555555555556,0.8333333333333334,0.0,0.0,0.5,1.0,1.0,46.0,46.0,0.0,0.0,0.8479008547692395,0.8653119092627599,0.19796382882489627,0.5838851613473165,0.17264090963576365,-1.5407708485666776,3.7650441608290524,10.0,0.5,0.09090909090909091,1.0,1.0,0.0,0.0,0.5,0.5,0.8333333333333334,0.8333333333333334,0.0,0.0,0.0,0.0,0.8232883543271823,0.9127474452511888,0.854678638941399,0.9104914933837429,0.18461622614229467,0.1971504431201102,20260833,3,Asia,324,92,V1-V10_financial_only
PONE2016_h3_target_Asia,20260730,KELM_score_fusion,cost_20,92,46,0.0,"Same-horizon leave-one-region-out transfer; source regions=Europe,North America; target region=Asia; source-only fit/search/calibration; target labels untouched until final evaluation; V1-V10 financial ratios only.",Plain KELM plus HistGB score-level fusion; alpha=1.00 selected only on search partition.,Platt_logistic_on_separate_calibration_partition,0.0,1.0,0.0,0.5,0.6666666666666666,0.5555555555555556,0.8333333333333334,0.0,0.0,0.5,1.0,1.0,46.0,46.0,0.0,0.0,0.8479008547692395,0.8653119092627599,0.19796382882489627,0.5838851613473165,0.17264090963576365,-1.5407708485666776,3.7650441608290524,20.0,0.5,0.047619047619047616,1.0,1.0,0.0,0.0,0.5,0.5,0.8333333333333334,0.8333333333333334,0.0,0.0,0.0,0.0,0.7548786413500036,0.8806140477021787,0.8052457466918714,0.8966918714555766,0.18911111853589502,0.20748132953728649,20260833,3,Asia,324,92,V1-V10_financial_only
PONE2016_h3_target_Asia,20260730,KELM_risk_feature,triad,92,46,0.6573889872881228,"Same-horizon leave-one-region-out transfer; source regions=Europe,North America; target region=Asia; source-only fit/search/calibration; target labels untouched until final evaluation; V1-V10 financial ratios only.",OOF HistGB risk is a forced KELM input; no score-level fusion.,Platt_logistic_on_separate_calibration_partition,0.7275304578557179,0.6086956521739131,0.8695652173913043,0.8235294117647058,0.7,0.7692307692307693,0.6422018348623854,0.4954150840221495,0.6400646784622757,0.7391304347826086,0.13043478260869565,0.3695652173913043,28.0,6.0,40.0,18.0,0.8867889879857402,0.8936672967863895,0.1406936700107016,0.437583699076865,0.09356379758384178,-0.2278482409254415,1.51634108781044,,,,0.5891304347826087,0.7347826086956522,0.7869565217391304,0.9543478260869566,0.7628571428571428,0.9406249999999999,0.6187214611872146,0.7662510056315366,0.4298627163260592,0.7007635909862115,0.5941290266493252,0.7866215403704953,0.8342229095546926,0.9499032482624967,0.8339792060491493,0.9463137996219281,0.1109466065510405,0.17047319256427715,20260941,3,Asia,324,92,V1-V10_financial_only
PONE2016_h3_target_Asia,20260730,KELM_risk_feature,cost_1,92,46,0.45177874626764475,"Same-horizon leave-one-region-out transfer; source regions=Europe,North America; target region=Asia; source-only fit/search/calibration; target labels untouched until final evaluation; V1-V10 financial ratios only.",OOF HistGB risk is a forced KELM input; no score-level fusion.,Platt_logistic_on_separate_calibration_partition,0.8235085619511222,0.8913043478260869,0.7608695652173914,0.7884615384615384,0.8367346938775511,0.8070866141732284,0.8686440677966102,0.6577935144802719,0.7640854709080224,0.8260869565217391,0.2391304347826087,0.5652173913043478,41.0,11.0,35.0,5.0,0.8867889879857402,0.8936672967863895,0.1406936700107016,0.437583699076865,0.09356379758384178,-0.2278482409254415,1.51634108781044,1.0,0.17391304347826086,0.17391304347826086,0.85,0.9739130434782609,0.7,0.8021739130434783,0.7558704453441296,0.8238226059654631,0.8379646468320361,0.9313506575708559,0.6157245313012217,0.7448320391384188,0.7349651982607986,0.8232077895930725,0.8775976158452434,0.9154887496631242,0.8801512287334593,0.9172022684310018,0.1285813649476735,0.1465221425003147,20260941,3,Asia,324,92,V1-V10_financial_only
PONE2016_h3_target_Asia,20260730,KELM_risk_feature,cost_2,92,46,0.3922959454527984,"Same-horizon leave-one-region-out transfer; source regions=Europe,North America; target region=Asia; source-only fit/search/calibration; target labels untouched until final evaluation; V1-V10 financial ratios only.",OOF HistGB risk is a forced KELM input; no score-level fusion.,Platt_logistic_on_separate_calibration_partition,0.8028776222877995,0.9565217391304348,0.6739130434782609,0.7457627118644068,0.8380952380952381,0.7801418439716312,0.9053497942386831,0.6572264331940381,0.7510541376309193,0.8152173913043479,0.32608695652173914,0.6413043478260869,44.0,15.0,31.0,2.0,0.8867889879857402,0.8936672967863895,0.1406936700107016,0.437583699076865,0.09356379758384178,-0.2278482409254415,1.51634108781044,2.0,0.20652173913043478,0.13768115942028986,0.917391304347826,0.9782608695652174,0.6347826086956522,0.7543478260869566,0.7228645383951683,0.7994854721549637,0.8740282835125752,0.9363425925925926,0.6061344770756357,0.7517714062870794,0.7193244441349858,0.8216276415540157,0.8609857886458994,0.9376986611847216,0.8629017013232514,0.939413988657845,0.1139008004108588,0.15674157487766635,20260941,3,Asia,324,92,V1-V10_financial_only
PONE2016_h3_target_Asia,20260730,KELM_risk_feature,cost_5,92,46,0.2464968663515565,"Same-horizon leave-one-region-out transfer; source regions=Europe,North America; target region=Asia; source-only fit/search/calibration; target labels untouched until final evaluation; V1-V10 financial ratios only.",OOF HistGB risk is a forced KELM input; no score-level fusion.,Platt_logistic_on_separate_calibration_partition,0.6426845869171515,1.0,0.41304347826086957,0.6301369863013698,0.773109243697479,0.6804733727810651,0.8949416342412452,0.5101705328640019,0.5950731839462308,0.7065217391304348,0.5869565217391305,0.7934782608695652,46.0,27.0,19.0,0.0,0.8867889879857402,0.8936672967863895,0.1406936700107016,0.437583699076865,0.09356379758384178,-0.2278482409254415,1.51634108781044,5.0,0.29347826086956524,0.09782608695652174,1.0,1.0,0.37173913043478257,0.5369565217391304,0.6141621621621621,0.6836247334754797,0.8883750860495047,0.9152523763214857,0.47780540190417814,0.6058236906615123,0.5621066072737632,0.6876634327130516,0.8724507565255754,0.9401138188479987,0.8650756143667298,0.9446124763705104,0.10829944804003075,0.1531601177574296,20260941,3,Asia,324,92,V1-V10_financial_only
PONE2016_h3_target_Asia,20260730,KELM_risk_feature,cost_10,92,46,0.0,"Same-horizon leave-one-region-out transfer; source regions=Europe,North America; target region=Asia; source-only fit/search/calibration; target labels untouched until final evaluation; V1-V10 financial ratios only.",OOF HistGB risk is a forced KELM input; no score-level fusion.,Platt_logistic_on_separate_calibration_partition,0.0,1.0,0.0,0.5,0.6666666666666666,0.5555555555555556,0.8333333333333334,0.0,0.0,0.5,1.0,1.0,46.0,46.0,0.0,0.0,0.8867889879857402,0.8936672967863895,0.1406936700107016,0.437583699076865,0.09356379758384178,-0.2278482409254415,1.51634108781044,10.0,0.5,0.09090909090909091,1.0,1.0,0.0,0.0,0.5,0.5,0.8333333333333334,0.8333333333333334,0.0,0.0,0.0,0.0,0.8360369706983871,0.9466333622578051,0.851937618147448,0.9470226843100189,0.113825012966392,0.1648616853639431,20260941,3,Asia,324,92,V1-V10_financial_only
PONE2016_h3_target_Asia,20260730,KELM_risk_feature,cost_20,92,46,0.0,"Same-horizon leave-one-region-out transfer; source regions=Europe,North America; target region=Asia; source-only fit/search/calibration; target labels untouched until final evaluation; V1-V10 financial ratios only.",OOF HistGB risk is a forced KELM input; no score-level fusion.,Platt_logistic_on_separate_calibration_partition,0.0,1.0,0.0,0.5,0.6666666666666666,0.5555555555555556,0.8333333333333334,0.0,0.0,0.5,1.0,1.0,46.0,46.0,0.0,0.0,0.8867889879857402,0.8936672967863895,0.1406936700107016,0.437583699076865,0.09356379758384178,-0.2278482409254415,1.51634108781044,20.0,0.5,0.047619047619047616,1.0,1.0,0.0,0.0,0.5,0.5,0.8333333333333334,0.8333333333333334,0.0,0.0,0.0,0.0,0.8065405588378474,0.906097301739256,0.829773156899811,0.9112476370510397,0.13287390731763804,0.1737649635245119,20260941,3,Asia,324,92,V1-V10_financial_only
PONE2016_h3_target_Asia,20260730,Full_PBMSBAINGO,triad,92,46,0.6928675495930697,"Same-horizon leave-one-region-out transfer; source regions=Europe,North America; target region=Asia; source-only fit/search/calibration; target labels untouched until final evaluation; V1-V10 financial ratios only.",Risk feature plus score fusion; alpha=0.50 selected only on search partition.,Platt_logistic_on_separate_calibration_partition,0.7121017110504,0.6304347826086957,0.8043478260869565,0.7631578947368421,0.6904761904761905,0.7323232323232324,0.6531531531531531,0.4415107856883479,0.607214022183602,0.7173913043478262,0.1956521739130435,0.41304347826086957,29.0,9.0,37.0,17.0,0.8522482282238792,0.8530245746691871,0.17054348650348045,0.5227769924909977,0.12049746110717242,-0.424095917474623,1.6420609036175748,,,,0.4847826086956522,0.7391304347826086,0.7217391304347825,0.8652173913043478,0.6723404255319149,0.8427777777777777,0.5135606476979665,0.7566287878787878,0.2603936944330552,0.5982095172771693,0.45839805197022454,0.7224518927901482,0.8067385860162264,0.9391039552547199,0.8108223062381853,0.9314272211720227,0.1378879207963346,0.19010607408433186,20261037,3,Asia,324,92,V1-V10_financial_only
PONE2016_h3_target_Asia,20260730,Full_PBMSBAINGO,cost_1,92,46,0.3129661278298872,"Same-horizon leave-one-region-out transfer; source regions=Europe,North America; target region=Asia; source-only fit/search/calibration; target labels untouched until final evaluation; V1-V10 financial ratios only.",Risk feature plus score fusion; alpha=0.50 selected only on search partition.,Platt_logistic_on_separate_calibration_partition,0.5456478433917884,0.9782608695652174,0.30434782608695654,0.5844155844155844,0.7317073170731707,0.635593220338983,0.8620689655172413,0.38251842611872483,0.48472164731195483,0.6413043478260869,0.6956521739130435,0.8369565217391305,45.0,32.0,14.0,1.0,0.8522482282238792,0.8530245746691871,0.17054348650348045,0.5227769924909977,0.12049746110717242,-0.424095917474623,1.6420609036175748,1.0,0.358695652173913,0.358695652173913,0.9369565217391305,0.9782608695652174,0.2,0.3673913043478261,0.5451388888888888,0.6024657534246575,0.8301231150287754,0.8674563946937488,0.24186410305305076,0.4183522437031417,0.3597251723750665,0.5227899527624875,0.8357060306256823,0.9121183280712172,0.8310018903591683,0.8916351606805293,0.15158227986945508,0.17737729973921873,20261037,3,Asia,324,92,V1-V10_financial_only
PONE2016_h3_target_Asia,20260730,Full_PBMSBAINGO,cost_2,92,46,0.3129661278298872,"Same-horizon leave-one-region-out transfer; source regions=Europe,North America; target region=Asia; source-only fit/search/calibration; target labels untouched until final evaluation; V1-V10 financial ratios only.",Risk feature plus score fusion; alpha=0.50 selected only on search partition.,Platt_logistic_on_separate_calibration_partition,0.5456478433917884,0.9782608695652174,0.30434782608695654,0.5844155844155844,0.7317073170731707,0.635593220338983,0.8620689655172413,0.38251842611872483,0.48472164731195483,0.6413043478260869,0.6956521739130435,0.8369565217391305,45.0,32.0,14.0,1.0,0.8522482282238792,0.8530245746691871,0.17054348650348045,0.5227769924909977,0.12049746110717242,-0.424095917474623,1.6420609036175748,2.0,0.3695652173913043,0.2463768115942029,0.9565217391304348,0.9978260869565218,0.24347826086956523,0.3652173913043478,0.5633928571428571,0.6011324200913242,0.8435627745972574,0.8726753561864745,0.3228406947140638,0.4053672114729426,0.4247826132048074,0.5185330818847644,0.8116108160942098,0.8828077468242571,0.8084120982986768,0.8742438563327032,0.15924059856369716,0.18685456981665313,20261037,3,Asia,324,92,V1-V10_financial_only
PONE2016_h3_target_Asia,20260730,Full_PBMSBAINGO,cost_5,92,46,0.3129661278298872,"Same-horizon leave-one-region-out transfer; source regions=Europe,North America; target region=Asia; source-only fit/search/calibration; target labels untouched until final evaluation; V1-V10 financial ratios only.",Risk feature plus score fusion; alpha=0.50 selected only on search partition.,Platt_logistic_on_separate_calibration_partition,0.5456478433917884,0.9782608695652174,0.30434782608695654,0.5844155844155844,0.7317073170731707,0.635593220338983,0.8620689655172413,0.38251842611872483,0.48472164731195483,0.6413043478260869,0.6956521739130435,0.8369565217391305,45.0,32.0,14.0,1.0,0.8522482282238792,0.8530245746691871,0.17054348650348045,0.5227769924909977,0.12049746110717242,-0.424095917474623,1.6420609036175748,5.0,0.40217391304347827,0.13405797101449277,0.9782608695652174,1.0,0.17173913043478262,0.4717391304347826,0.5421428571428571,0.6544422700587084,0.84246960179796,0.9044547933453843,0.2503179249696644,0.5555677728096495,0.3451478605366126,0.6398505173230259,0.8415095218879173,0.9411660744103136,0.8543005671077505,0.943194706994329,0.1309973495014725,0.1647285383139428,20261037,3,Asia,324,92,V1-V10_financial_only
PONE2016_h3_target_Asia,20260730,Full_PBMSBAINGO,cost_10,92,46,0.19718018646949312,"Same-horizon leave-one-region-out transfer; source regions=Europe,North America; target region=Asia; source-only fit/search/calibration; target labels untouched until final evaluation; V1-V10 financial ratios only.",Risk feature plus score fusion; alpha=0.50 selected only on search partition.,Platt_logistic_on_separate_calibration_partition,0.0,1.0,0.0,0.5,0.6666666666666666,0.5555555555555556,0.8333333333333334,0.0,0.0,0.5,1.0,1.0,46.0,46.0,0.0,0.0,0.8522482282238792,0.8530245746691871,0.17054348650348045,0.5227769924909977,0.12049746110717242,-0.424095917474623,1.6420609036175748,10.0,0.5,0.09090909090909091,1.0,1.0,0.0,0.0,0.5,0.5,0.8333333333333334,0.8333333333333334,0.0,0.0,0.0,0.0,0.8355688076809208,0.8921025977781907,0.8414933837429112,0.8823724007561436,0.15577827790681226,0.18128342866831165,20261037,3,Asia,324,92,V1-V10_financial_only
PONE2016_h3_target_Asia,20260730,Full_PBMSBAINGO,cost_20,92,46,0.19718018646949312,"Same-horizon leave-one-region-out transfer; source regions=Europe,North America; target region=Asia; source-only fit/search/calibration; target labels untouched until final evaluation; V1-V10 financial ratios only.",Risk feature plus score fusion; alpha=0.50 selected only on search partition.,Platt_logistic_on_separate_calibration_partition,0.0,1.0,0.0,0.5,0.6666666666666666,0.5555555555555556,0.8333333333333334,0.0,0.0,0.5,1.0,1.0,46.0,46.0,0.0,0.0,0.8522482282238792,0.8530245746691871,0.17054348650348045,0.5227769924909977,0.12049746110717242,-0.424095917474623,1.6420609036175748,20.0,0.5,0.047619047619047616,1.0,1.0,0.0,0.0,0.5,0.5,0.8333333333333334,0.8333333333333334,0.0,0.0,0.0,0.0,0.8142705429966168,0.8832241263275171,0.8088374291115312,0.8750472589792061,0.16204655669751433,0.19443183714651496,20261037,3,Asia,324,92,V1-V10_financial_only
PONE2016_h3_target_Asia,20260730,Uncertainty_gated_fusion,triad,92,46,0.6573889872881228,"Same-horizon leave-one-region-out transfer; source regions=Europe,North America; target region=Asia; source-only fit/search/calibration; target labels untouched until final evaluation; V1-V10 financial ratios only.","One-standard-error paired-bootstrap gate selected KELM_risk_feature; search utility difference=-0.0857, required margin=0.0612.",Platt_logistic_on_separate_calibration_partition,0.7275304578557179,0.6086956521739131,0.8695652173913043,0.8235294117647058,0.7,0.7692307692307693,0.6422018348623854,0.4954150840221495,0.6400646784622757,0.7391304347826086,0.13043478260869565,0.3695652173913043,28.0,6.0,40.0,18.0,0.8867889879857402,0.8936672967863895,0.1406936700107016,0.437583699076865,0.09356379758384178,-0.2278482409254415,1.51634108781044,,,,0.5043478260869565,0.7152173913043478,0.8326086956521739,0.932608695652174,0.767003367003367,0.9096992481203007,0.5481250136501626,0.7419782796495125,0.39209754298348987,0.6461561400021054,0.5606167608006679,0.7485657022976918,0.8368766999420441,0.9341556585552258,0.8562854442344046,0.9369565217391304,0.11910172475955635,0.15949267685899704,20261083,3,Asia,324,92,V1-V10_financial_only
PONE2016_h3_target_Asia,20260730,Uncertainty_gated_fusion,cost_1,92,46,0.45177874626764475,"Same-horizon leave-one-region-out transfer; source regions=Europe,North America; target region=Asia; source-only fit/search/calibration; target labels untouched until final evaluation; V1-V10 financial ratios only.","One-standard-error paired-bootstrap gate selected KELM_risk_feature; search utility difference=-0.0857, required margin=0.0612.",Platt_logistic_on_separate_calibration_partition,0.8235085619511222,0.8913043478260869,0.7608695652173914,0.7884615384615384,0.8367346938775511,0.8070866141732284,0.8686440677966102,0.6577935144802719,0.7640854709080224,0.8260869565217391,0.2391304347826087,0.5652173913043478,41.0,11.0,35.0,5.0,0.8867889879857402,0.8936672967863895,0.1406936700107016,0.437583699076865,0.09356379758384178,-0.2278482409254415,1.51634108781044,1.0,0.17391304347826086,0.17391304347826086,0.8304347826086956,0.9130434782608695,0.7413043478260869,0.8021739130434783,0.771474358974359,0.8154631083202512,0.8218147282291058,0.8894550525638275,0.6097386776119402,0.6996671837843216,0.7330823774195757,0.79293283562668,0.8576326369543428,0.9119957431995632,0.8713137996219282,0.9198487712665407,0.1330405690309382,0.1492106370877317,20261083,3,Asia,324,92,V1-V10_financial_only
PONE2016_h3_target_Asia,20260730,Uncertainty_gated_fusion,cost_2,92,46,0.3922959454527984,"Same-horizon leave-one-region-out transfer; source regions=Europe,North America; target region=Asia; source-only fit/search/calibration; target labels untouched until final evaluation; V1-V10 financial ratios only.","One-standard-error paired-bootstrap gate selected KELM_risk_feature; search utility difference=-0.0857, required margin=0.0612.",Platt_logistic_on_separate_calibration_partition,0.8028776222877995,0.9565217391304348,0.6739130434782609,0.7457627118644068,0.8380952380952381,0.7801418439716312,0.9053497942386831,0.6572264331940381,0.7510541376309193,0.8152173913043479,0.32608695652173914,0.6413043478260869,44.0,15.0,31.0,2.0,0.8867889879857402,0.8936672967863895,0.1406936700107016,0.437583699076865,0.09356379758384178,-0.2278482409254415,1.51634108781044,2.0,0.20652173913043478,0.13768115942028986,0.8934782608695652,0.9347826086956522,0.6521739130434783,0.7586956521739131,0.7288135593220338,0.7905660377358491,0.8669583789133719,0.8915121592520616,0.6119004722841044,0.6785958700610927,0.719865916953303,0.7765939991909719,0.8786826442196652,0.9325081769441609,0.8824669187145557,0.9223062381852551,0.12010766372505176,0.1476790659300257,20261083,3,Asia,324,92,V1-V10_financial_only
PONE2016_h3_target_Asia,20260730,Uncertainty_gated_fusion,cost_5,92,46,0.2464968663515565,"Same-horizon leave-one-region-out transfer; source regions=Europe,North America; target region=Asia; source-only fit/search/calibration; target labels untouched until final evaluation; V1-V10 financial ratios only.","One-standard-error paired-bootstrap gate selected KELM_risk_feature; search utility difference=-0.0857, required margin=0.0612.",Platt_logistic_on_separate_calibration_partition,0.6426845869171515,1.0,0.41304347826086957,0.6301369863013698,0.773109243697479,0.6804733727810651,0.8949416342412452,0.5101705328640019,0.5950731839462308,0.7065217391304348,0.5869565217391305,0.7934782608695652,46.0,27.0,19.0,0.0,0.8867889879857402,0.8936672967863895,0.1406936700107016,0.437583699076865,0.09356379758384178,-0.2278482409254415,1.51634108781044,5.0,0.29347826086956524,0.09782608695652174,1.0,1.0,0.35434782608695653,0.5369565217391304,0.6077505407354001,0.6836247334754797,0.8856480095779706,0.9152523763214857,0.4639653742534114,0.6058236906615123,0.5476884144888149,0.6876634327130516,0.8656765631641093,0.9452980220976149,0.8758506616257089,0.9436672967863894,0.10977405548573141,0.1482500746944829,20261083,3,Asia,324,92,V1-V10_financial_only
PONE2016_h3_target_Asia,20260730,Uncertainty_gated_fusion,cost_10,92,46,0.0,"Same-horizon leave-one-region-out transfer; source regions=Europe,North America; target region=Asia; source-only fit/search/calibration; target labels untouched until final evaluation; V1-V10 financial ratios only.","One-standard-error paired-bootstrap gate selected KELM_risk_feature; search utility difference=-0.0857, required margin=0.0612.",Platt_logistic_on_separate_calibration_partition,0.0,1.0,0.0,0.5,0.6666666666666666,0.5555555555555556,0.8333333333333334,0.0,0.0,0.5,1.0,1.0,46.0,46.0,0.0,0.0,0.8867889879857402,0.8936672967863895,0.1406936700107016,0.437583699076865,0.09356379758384178,-0.2278482409254415,1.51634108781044,10.0,0.5,0.09090909090909091,1.0,1.0,0.0,0.0,0.5,0.5,0.8333333333333334,0.8333333333333334,0.0,0.0,0.0,0.0,0.8653653468995296,0.9056867300650401,0.8519376181474481,0.9177221172022685,0.12319741353489472,0.1511443889315128,20261083,3,Asia,324,92,V1-V10_financial_only
PONE2016_h3_target_Asia,20260730,Uncertainty_gated_fusion,cost_20,92,46,0.0,"Same-horizon leave-one-region-out transfer; source regions=Europe,North America; target region=Asia; source-only fit/search/calibration; target labels untouched until final evaluation; V1-V10 financial ratios only.","One-standard-error paired-bootstrap gate selected KELM_risk_feature; search utility difference=-0.0857, required margin=0.0612.",Platt_logistic_on_separate_calibration_partition,0.0,1.0,0.0,0.5,0.6666666666666666,0.5555555555555556,0.8333333333333334,0.0,0.0,0.5,1.0,1.0,46.0,46.0,0.0,0.0,0.8867889879857402,0.8936672967863895,0.1406936700107016,0.437583699076865,0.09356379758384178,-0.2278482409254415,1.51634108781044,20.0,0.5,0.047619047619047616,1.0,1.0,0.0,0.0,0.5,0.5,0.8333333333333334,0.8333333333333334,0.0,0.0,0.0,0.0,0.8295919392367495,0.8855795047812036,0.828686200378072,0.8830340264650283,0.14851606296060807,0.17432708943706246,20261083,3,Asia,324,92,V1-V10_financial_only
PONE2016_h3_target_Asia,20260730,Full_random_search,triad,92,46,0.6383177448931585,"Same-horizon leave-one-region-out transfer; source regions=Europe,North America; target region=Asia; source-only fit/search/calibration; target labels untouched until final evaluation; V1-V10 financial ratios only.",Same full architecture and 81 evaluations as PBMSBAINGO; alpha=0.70.,Platt_logistic_on_separate_calibration_partition,0.7144207271806514,0.6521739130434783,0.782608695652174,0.75,0.6976744186046512,0.7281553398058253,0.6696428571428571,0.4385290096535146,0.60715858491748,0.7173913043478262,0.21739130434782608,0.43478260869565216,30.0,10.0,36.0,16.0,0.8275995307527628,0.8341209829867675,0.17657028669786426,0.536869265429101,0.11154099250538259,-0.2982332913234659,1.5693244854646837,,,,0.567391304347826,0.6934782608695652,0.7608695652173914,0.8391304347826087,0.7034850640113799,0.7944186046511629,0.5902225755166932,0.7029453042766364,0.33458285435706187,0.4688956824832459,0.5246702485037463,0.6236717904514177,0.776293947117805,0.8516418414662125,0.7911625708884689,0.8625708884688091,0.16581423638949394,0.19435351066529577,20261131,3,Asia,324,92,V1-V10_financial_only
PONE2016_h3_target_Asia,20260730,Full_random_search,cost_1,92,46,0.32362042041543715,"Same-horizon leave-one-region-out transfer; source regions=Europe,North America; target region=Asia; source-only fit/search/calibration; target labels untouched until final evaluation; V1-V10 financial ratios only.",Same full architecture and 81 evaluations as PBMSBAINGO; alpha=0.70.,Platt_logistic_on_separate_calibration_partition,0.6608123545030723,0.9565217391304348,0.45652173913043476,0.6376811594202898,0.7652173913043478,0.6832298136645962,0.8695652173913043,0.4769415267218648,0.5927530743407402,0.7065217391304348,0.5434782608695652,0.75,44.0,25.0,21.0,2.0,0.8275995307527628,0.8341209829867675,0.17657028669786426,0.536869265429101,0.11154099250538259,-0.2982332913234659,1.5693244854646837,1.0,0.29347826086956524,0.29347826086956524,0.9565217391304348,0.9978260869565218,0.31521739130434784,0.49782608695652175,0.5932692307692308,0.6562621674237508,0.873363688104724,0.888285881916996,0.4287275104838712,0.525742474789819,0.5123352784955016,0.6270146976207569,0.7906324938954351,0.8525645574295072,0.7786862003780718,0.8662570888468809,0.156633433340406,0.19905681951753565,20261131,3,Asia,324,92,V1-V10_financial_only
PONE2016_h3_target_Asia,20260730,Full_random_search,cost_2,92,46,0.32362042041543715,"Same-horizon leave-one-region-out transfer; source regions=Europe,North America; target region=Asia; source-only fit/search/calibration; target labels untouched until final evaluation; V1-V10 financial ratios only.",Same full architecture and 81 evaluations as PBMSBAINGO; alpha=0.70.,Platt_logistic_on_separate_calibration_partition,0.6608123545030723,0.9565217391304348,0.45652173913043476,0.6376811594202898,0.7652173913043478,0.6832298136645962,0.8695652173913043,0.4769415267218648,0.5927530743407402,0.7065217391304348,0.5434782608695652,0.75,44.0,25.0,21.0,2.0,0.8275995307527628,0.8341209829867675,0.17657028669786426,0.536869265429101,0.11154099250538259,-0.2982332913234659,1.5693244854646837,2.0,0.31521739130434784,0.21014492753623187,0.9347826086956522,0.9782608695652174,0.26956521739130435,0.45217391304347826,0.562056862056862,0.64,0.8260249796361662,0.8844533968137703,0.27669816767086575,0.5025222022419583,0.41142823974785403,0.6036218290071411,0.7404301749117267,0.826359728522133,0.7196597353497165,0.8294423440453685,0.17922699967117672,0.22012614321974258,20261131,3,Asia,324,92,V1-V10_financial_only
PONE2016_h3_target_Asia,20260730,Full_random_search,cost_5,92,46,0.29741405872234616,"Same-horizon leave-one-region-out transfer; source regions=Europe,North America; target region=Asia; source-only fit/search/calibration; target labels untouched until final evaluation; V1-V10 financial ratios only.",Same full architecture and 81 evaluations as PBMSBAINGO; alpha=0.70.,Platt_logistic_on_separate_calibration_partition,0.5516772843673705,1.0,0.30434782608695654,0.5897435897435898,0.7419354838709677,0.6424581005586593,0.8778625954198473,0.4236592728681617,0.5051987959593526,0.6521739130434783,0.6956521739130435,0.8478260869565217,46.0,32.0,14.0,0.0,0.8275995307527628,0.8341209829867675,0.17657028669786426,0.536869265429101,0.11154099250538259,-0.2982332913234659,1.5693244854646837,5.0,0.34782608695652173,0.11594202898550725,1.0,1.0,0.24347826086956523,0.3673913043478261,0.5693389592123769,0.6125263157894736,0.8685845469545879,0.8876893376893377,0.37222810019746927,0.4743688524866833,0.4490815832725912,0.5585599722178483,0.7707983945044742,0.8556299545060239,0.7615784499054821,0.8833175803402646,0.15338074306156535,0.2085590246984863,20261131,3,Asia,324,92,V1-V10_financial_only
PONE2016_h3_target_Asia,20260730,Full_random_search,cost_10,92,46,0.24615789453130807,"Same-horizon leave-one-region-out transfer; source regions=Europe,North America; target region=Asia; source-only fit/search/calibration; target labels untouched until final evaluation; V1-V10 financial ratios only.",Same full architecture and 81 evaluations as PBMSBAINGO; alpha=0.70.,Platt_logistic_on_separate_calibration_partition,0.0,1.0,0.0,0.5,0.6666666666666666,0.5555555555555556,0.8333333333333334,0.0,0.0,0.5,1.0,1.0,46.0,46.0,0.0,0.0,0.8275995307527628,0.8341209829867675,0.17657028669786426,0.536869265429101,0.11154099250538259,-0.2982332913234659,1.5693244854646837,10.0,0.5,0.09090909090909091,1.0,1.0,0.0,0.0,0.5,0.5,0.8333333333333334,0.8333333333333334,0.0,0.0,0.0,0.0,0.7615013405123316,0.8839748535693916,0.7707939508506616,0.888421550094518,0.15852733289896084,0.1999686638498813,20261131,3,Asia,324,92,V1-V10_financial_only
PONE2016_h3_target_Asia,20260730,Full_random_search,cost_20,92,46,0.24615789453130807,"Same-horizon leave-one-region-out transfer; source regions=Europe,North America; target region=Asia; source-only fit/search/calibration; target labels untouched until final evaluation; V1-V10 financial ratios only.",Same full architecture and 81 evaluations as PBMSBAINGO; alpha=0.70.,Platt_logistic_on_separate_calibration_partition,0.0,1.0,0.0,0.5,0.6666666666666666,0.5555555555555556,0.8333333333333334,0.0,0.0,0.5,1.0,1.0,46.0,46.0,0.0,0.0,0.8275995307527628,0.8341209829867675,0.17657028669786426,0.536869265429101,0.11154099250538259,-0.2982332913234659,1.5693244854646837,20.0,0.5,0.047619047619047616,1.0,1.0,0.0,0.0,0.5,0.5,0.8333333333333334,0.8333333333333334,0.0,0.0,0.0,0.0,0.796297764595332,0.9295370650524132,0.8137996219281664,0.9175330812854442,0.14931003628520573,0.18384537134819495,20261131,3,Asia,324,92,V1-V10_financial_only
PONE2016_h3_target_Asia,20260730,Balanced_logistic,triad,92,46,0.5396887244560646,"Same-horizon leave-one-region-out transfer; source regions=Europe,North America; target region=Asia; source-only fit/search/calibration; target labels untouched until final evaluation; V1-V10 financial ratios only.",Class-weighted logistic reference using the same source-only fit/search/calibration and untouched regional target.,Platt_logistic_on_separate_calibration_partition,0.7624207789891383,0.8913043478260869,0.6521739130434783,0.7192982456140351,0.7961165048543689,0.7481751824817519,0.8506224066390041,0.5597170785495562,0.6877849507673821,0.7717391304347826,0.34782608695652173,0.6195652173913043,41.0,16.0,30.0,5.0,0.8712030268600253,0.8563327032136107,0.19557827651003587,0.5775951833113209,0.18245462299692733,-1.0466272369390177,3.1750868289988445,,,,0.85,0.9108695652173913,0.5130434782608696,0.691304347826087,0.6416040100250626,0.742095531587057,0.8103348974302509,0.8635518363551836,0.4089352035652035,0.5953290358410064,0.5669801549614037,0.7155918321465824,0.8438687550594741,0.9192067159120043,0.8119565217391305,0.8909262759924386,0.18289346067923068,0.20802683878921,20262031,3,Asia,324,92,V1-V10_financial_only
PONE2016_h3_target_Asia,20260730,Balanced_logistic,cost_1,92,46,0.45733072386988805,"Same-horizon leave-one-region-out transfer; source regions=Europe,North America; target region=Asia; source-only fit/search/calibration; target labels untouched until final evaluation; V1-V10 financial ratios only.",Class-weighted logistic reference using the same source-only fit/search/calibration and untouched regional target.,Platt_logistic_on_separate_calibration_partition,0.611793359976969,0.9565217391304348,0.391304347826087,0.6111111111111112,0.7457627118644068,0.6586826347305389,0.859375,0.4216370213557839,0.5404009265128608,0.6739130434782609,0.6086956521739131,0.782608695652174,44.0,28.0,18.0,2.0,0.8712030268600253,0.8563327032136107,0.19557827651003587,0.5775951833113209,0.18245462299692733,-1.0466272369390177,3.1750868289988445,1.0,0.32608695652173914,0.32608695652173914,0.9152173913043478,0.9760869565217392,0.35434782608695653,0.4326086956521739,0.5864285714285715,0.6248188405797102,0.8229269192913385,0.8772901348039216,0.3253767647301642,0.4709335723584432,0.47233296304127126,0.5747285966597985,0.8246756911729267,0.9163666197693886,0.8054347826086956,0.8859168241965973,0.18718430900724453,0.20403695128648972,20262031,3,Asia,324,92,V1-V10_financial_only
PONE2016_h3_target_Asia,20260730,Balanced_logistic,cost_2,92,46,0.45733072386988805,"Same-horizon leave-one-region-out transfer; source regions=Europe,North America; target region=Asia; source-only fit/search/calibration; target labels untouched until final evaluation; V1-V10 financial ratios only.",Class-weighted logistic reference using the same source-only fit/search/calibration and untouched regional target.,Platt_logistic_on_separate_calibration_partition,0.611793359976969,0.9565217391304348,0.391304347826087,0.6111111111111112,0.7457627118644068,0.6586826347305389,0.859375,0.4216370213557839,0.5404009265128608,0.6739130434782609,0.6086956521739131,0.782608695652174,44.0,28.0,18.0,2.0,0.8712030268600253,0.8563327032136107,0.19557827651003587,0.5775951833113209,0.18245462299692733,-1.0466272369390177,3.1750868289988445,2.0,0.34782608695652173,0.2318840579710145,0.9152173913043478,0.9760869565217392,0.30869565217391304,0.47391304347826085,0.5743333333333334,0.6457332228666115,0.821292833011583,0.8814192343604108,0.30887823323922975,0.4947720223676521,0.44625668059123796,0.6079675206134106,0.8189882523920429,0.9008200698927239,0.8091209829867675,0.8751417769376183,0.19187065936339603,0.20797950456820802,20262031,3,Asia,324,92,V1-V10_financial_only
PONE2016_h3_target_Asia,20260730,Balanced_logistic,cost_5,92,46,0.2986686210049496,"Same-horizon leave-one-region-out transfer; source regions=Europe,North America; target region=Asia; source-only fit/search/calibration; target labels untouched until final evaluation; V1-V10 financial ratios only.",Class-weighted logistic reference using the same source-only fit/search/calibration and untouched regional target.,Platt_logistic_on_separate_calibration_partition,0.14744195615489714,1.0,0.021739130434782608,0.5054945054945055,0.6715328467153284,0.5609756097560976,0.8363636363636363,0.10482848367219183,0.13159533400842757,0.5108695652173914,0.9782608695652174,0.9891304347826086,46.0,45.0,1.0,0.0,0.8712030268600253,0.8563327032136107,0.19557827651003587,0.5775951833113209,0.18245462299692733,-1.0466272369390177,3.1750868289988445,5.0,0.4891304347826087,0.16304347826086957,1.0,1.0,0.0,0.043478260869565216,0.5,0.5111111111111111,0.8333333333333334,0.8394160583941606,0.0,0.14907119849998599,0.0,0.18644695817122375,0.8801099368733196,0.9286973216922899,0.866209829867675,0.910586011342155,0.17855558788696788,0.1934868174980856,20262031,3,Asia,324,92,V1-V10_financial_only
PONE2016_h3_target_Asia,20260730,Balanced_logistic,cost_10,92,46,0.2986686210049496,"Same-horizon leave-one-region-out transfer; source regions=Europe,North America; target region=Asia; source-only fit/search/calibration; target labels untouched until final evaluation; V1-V10 financial ratios only.",Class-weighted logistic reference using the same source-only fit/search/calibration and untouched regional target.,Platt_logistic_on_separate_calibration_partition,0.14744195615489714,1.0,0.021739130434782608,0.5054945054945055,0.6715328467153284,0.5609756097560976,0.8363636363636363,0.10482848367219183,0.13159533400842757,0.5108695652173914,0.9782608695652174,0.9891304347826086,46.0,45.0,1.0,0.0,0.8712030268600253,0.8563327032136107,0.19557827651003587,0.5775951833113209,0.18245462299692733,-1.0466272369390177,3.1750868289988445,10.0,0.4891304347826087,0.08893280632411067,1.0,1.0,0.002173913043478261,0.08043478260869565,0.5005494505494505,0.5210039960039959,0.8336363636363636,0.8446657754010695,0.010482848367219183,0.20236349308726856,0.013159533400842758,0.2513582675427874,0.8692463357874938,0.8947235249472987,0.8330340264650283,0.8831285444234404,0.18878841132523497,0.2021609655687037,20262031,3,Asia,324,92,V1-V10_financial_only
PONE2016_h3_target_Asia,20260730,Balanced_logistic,cost_20,92,46,0.2986686210049496,"Same-horizon leave-one-region-out transfer; source regions=Europe,North America; target region=Asia; source-only fit/search/calibration; target labels untouched until final evaluation; V1-V10 financial ratios only.",Class-weighted logistic reference using the same source-only fit/search/calibration and untouched regional target.,Platt_logistic_on_separate_calibration_partition,0.14744195615489714,1.0,0.021739130434782608,0.5054945054945055,0.6715328467153284,0.5609756097560976,0.8363636363636363,0.10482848367219183,0.13159533400842757,0.5108695652173914,0.9782608695652174,0.9891304347826086,46.0,45.0,1.0,0.0,0.8712030268600253,0.8563327032136107,0.19557827651003587,0.5775951833113209,0.18245462299692733,-1.0466272369390177,3.1750868289988445,20.0,0.4891304347826087,0.046583850931677016,1.0,1.0,0.002173913043478261,0.043478260869565216,0.5005494505494505,0.5111111111111111,0.8336363636363636,0.8394160583941606,0.010482848367219183,0.14907119849998599,0.013159533400842758,0.18644695817122375,0.848865273550944,0.9022689365471115,0.8245746691871455,0.8850189035916824,0.18610471188245342,0.20138913831512026,20262031,3,Asia,324,92,V1-V10_financial_only
PONE2016_h3_target_Europe,20260730,HistGB,triad,165,84,0.7638956524400771,"Same-horizon leave-one-region-out transfer; source regions=Asia,North America; target region=Europe; source-only fit/search/calibration; target labels untouched until final evaluation; V1-V10 financial ratios only.",No metaheuristic; threshold and Platt calibration use calibration partition.,Platt_logistic_on_separate_calibration_partition,0.4967560848924943,0.27380952380952384,0.9012345679012346,0.7419354838709677,0.4,0.5528846153846154,0.3133514986376022,0.22402493650936356,0.3809438073437102,0.5875220458553791,0.09876543209876543,0.18787878787878787,23.0,8.0,73.0,61.0,0.6782673122876944,0.7042915931804822,0.225475287988643,0.6429027879985254,0.061470745101988605,-0.03781222423616698,0.8352038306828387,,,,0.19285714285714284,0.2833333333333333,0.8901234567901234,0.9135802469135802,0.6692307692307692,0.7708482676224612,0.22486187845303868,0.3242506811989101,0.132889397892165,0.250051353799427,0.284696146692321,0.4003181880185075,0.6479004517600487,0.7215722554291134,0.6396825396825396,0.7218841857730747,0.222391390330787,0.2440823960478115,20260730,3,Europe,251,165,V1-V10_financial_only
PONE2016_h3_target_Europe,20260730,HistGB,cost_1,165,84,0.7635574272289302,"Same-horizon leave-one-region-out transfer; source regions=Asia,North America; target region=Europe; source-only fit/search/calibration; target labels untouched until final evaluation; V1-V10 financial ratios only.",No metaheuristic; threshold and Platt calibration use calibration partition.,Platt_logistic_on_separate_calibration_partition,0.5074402337506597,0.2857142857142857,0.9012345679012346,0.75,0.41379310344827586,0.5660377358490566,0.32608695652173914,0.23637641911347512,0.39336101450918665,0.5934744268077601,0.09876543209876543,0.19393939393939394,24.0,8.0,73.0,60.0,0.6782673122876944,0.7042915931804822,0.225475287988643,0.6429027879985254,0.061470745101988605,-0.03781222423616698,0.8352038306828387,1.0,0.4121212121212121,0.4121212121212121,0.25357142857142856,0.39880952380952384,0.8790123456790123,0.9246913580246914,0.6854349951124145,0.8091269841269841,0.29028007325680083,0.44374039938556065,0.17060987542334136,0.3473837714961424,0.3363091558600054,0.499923928583639,0.6507457737030399,0.7367194440563916,0.6776601998824221,0.7601557907113463,0.2034336534388539,0.2342090255804391,20260730,3,Europe,251,165,V1-V10_financial_only
PONE2016_h3_target_Europe,20260730,HistGB,cost_2,165,84,0.30874686904176524,"Same-horizon leave-one-region-out transfer; source regions=Asia,North America; target region=Europe; source-only fit/search/calibration; target labels untouched until final evaluation; V1-V10 financial ratios only.",No metaheuristic; threshold and Platt calibration use calibration partition.,Platt_logistic_on_separate_calibration_partition,0.4553877610713407,0.9880952380952381,0.20987654320987653,0.564625850340136,0.7186147186147186,0.6175595238095238,0.8592132505175983,0.3174611048113189,0.40378583292045295,0.5989858906525574,0.7901234567901234,0.8909090909090909,83.0,64.0,17.0,1.0,0.6782673122876944,0.7042915931804822,0.225475287988643,0.6429027879985254,0.061470745101988605,-0.03781222423616698,0.8352038306828387,2.0,0.4,0.26506024096385544,0.9773809523809524,0.9880952380952381,0.18518518518518517,0.27901234567901234,0.5570469798657718,0.587028613352898,0.8495421655887815,0.8692974542031146,0.27999025965491914,0.38128357608505253,0.3769593540100871,0.47182068136927674,0.6370451854597609,0.6951849408316827,0.6411081716637272,0.7392269253380365,0.2164046003925334,0.24686144805485538,20260730,3,Europe,251,165,V1-V10_financial_only
PONE2016_h3_target_Europe,20260730,HistGB,cost_5,165,84,0.30191007430789435,"Same-horizon leave-one-region-out transfer; source regions=Asia,North America; target region=Europe; source-only fit/search/calibration; target labels untouched until final evaluation; V1-V10 financial ratios only.",No metaheuristic; threshold and Platt calibration use calibration partition.,Platt_logistic_on_separate_calibration_partition,0.22089551053066775,0.9880952380952381,0.04938271604938271,0.51875,0.680327868852459,0.5732044198895028,0.8366935483870968,0.10929820622314844,0.17471449519789728,0.5187389770723104,0.9506172839506173,0.9696969696969697,83.0,77.0,4.0,1.0,0.6782673122876944,0.7042915931804822,0.225475287988643,0.6429027879985254,0.061470745101988605,-0.03781222423616698,0.8352038306828387,5.0,0.49696969696969695,0.16367265469061876,0.9761904761904762,0.9988095238095238,0.0049382716049382715,0.08641975308641975,0.5073628048780487,0.5256410256410257,0.8303333333333333,0.8442327351203998,-0.05808199475752361,0.1582460280376001,0.01747144951978973,0.22654987491644804,0.5757791251833823,0.7330223518792703,0.6049382716049383,0.7418724279835391,0.20930415094098367,0.2573082548118552,20260730,3,Europe,251,165,V1-V10_financial_only
PONE2016_h3_target_Europe,20260730,HistGB,cost_10,165,84,0.30191007430789435,"Same-horizon leave-one-region-out transfer; source regions=Asia,North America; target region=Europe; source-only fit/search/calibration; target labels untouched until final evaluation; V1-V10 financial ratios only.",No metaheuristic; threshold and Platt calibration use calibration partition.,Platt_logistic_on_separate_calibration_partition,0.22089551053066775,0.9880952380952381,0.04938271604938271,0.51875,0.680327868852459,0.5732044198895028,0.8366935483870968,0.10929820622314844,0.17471449519789728,0.5187389770723104,0.9506172839506173,0.9696969696969697,83.0,77.0,4.0,1.0,0.6782673122876944,0.7042915931804822,0.225475287988643,0.6429027879985254,0.061470745101988605,-0.03781222423616698,0.8352038306828387,10.0,0.5272727272727272,0.09446254071661238,0.9773809523809524,0.9988095238095238,0.013580246913580247,0.0691358024691358,0.5096046053628238,0.5240193780278168,0.8257880617035547,0.8400728744939271,0.007364003034220817,0.14673078926251393,0.04686857816917091,0.21240797748208393,0.6591575548563743,0.6755853130246107,0.6774250440917108,0.733641975308642,0.2122659868782028,0.2353049306273436,20260730,3,Europe,251,165,V1-V10_financial_only
PONE2016_h3_target_Europe,20260730,HistGB,cost_20,165,84,0.30191007430789435,"Same-horizon leave-one-region-out transfer; source regions=Asia,North America; target region=Europe; source-only fit/search/calibration; target labels untouched until final evaluation; V1-V10 financial ratios only.",No metaheuristic; threshold and Platt calibration use calibration partition.,Platt_logistic_on_separate_calibration_partition,0.22089551053066775,0.9880952380952381,0.04938271604938271,0.51875,0.680327868852459,0.5732044198895028,0.8366935483870968,0.10929820622314844,0.17471449519789728,0.5187389770723104,0.9506172839506173,0.9696969696969697,83.0,77.0,4.0,1.0,0.6782673122876944,0.7042915931804822,0.225475287988643,0.6429027879985254,0.061470745101988605,-0.03781222423616698,0.8352038306828387,20.0,0.5878787878787879,0.055082339579784215,0.9773809523809524,1.0,0.025925925925925925,0.04814814814814814,0.5127837423312883,0.5187268518518519,0.8276209677419355,0.8433734939759037,0.045648074363785526,0.1385799032138497,0.11462500203147118,0.17449263777983431,0.6606043712377742,0.745961025524747,0.6784097589653145,0.7373015873015873,0.21379441758090126,0.23761065356905847,20260730,3,Europe,251,165,V1-V10_financial_only
PONE2016_h3_target_Europe,20260730,KELM_PBMSBAINGO,triad,165,84,0.6979744756187017,"Same-horizon leave-one-region-out transfer; source regions=Asia,North America; target region=Europe; source-only fit/search/calibration; target labels untouched until final evaluation; V1-V10 financial ratios only.",Plain KELM; hyperparameters/features selected only on search partition.,Platt_logistic_on_separate_calibration_partition,0.5518394231759755,0.3333333333333333,0.9135802469135802,0.8,0.47058823529411764,0.625,0.37735849056603776,0.3019405424385589,0.4513522644654112,0.6234567901234568,0.08641975308641975,0.21212121212121213,28.0,7.0,74.0,56.0,0.736902528525552,0.6847442680776014,0.23106981848661853,0.6523245010356761,0.14369350885198606,0.14214938357162216,0.6160861626584183,,,,0.2785714285714286,0.4035714285714286,0.8320987654320988,0.9123456790123456,0.662379896526238,0.8234523809523809,0.316296823445688,0.448644883485309,0.17349754933950357,0.3568398052158788,0.35610917323751956,0.5043337641662725,0.7084062281391533,0.7639874870920018,0.6570546737213404,0.7122134038800705,0.22127949236358316,0.24898480510305085,20260831,3,Europe,251,165,V1-V10_financial_only
PONE2016_h3_target_Europe,20260730,KELM_PBMSBAINGO,cost_1,165,84,0.4845180774565058,"Same-horizon leave-one-region-out transfer; source regions=Asia,North America; target region=Europe; source-only fit/search/calibration; target labels untouched until final evaluation; V1-V10 financial ratios only.",Plain KELM; hyperparameters/features selected only on search partition.,Platt_logistic_on_separate_calibration_partition,0.6001910336684009,0.5119047619047619,0.7037037037037037,0.6417910447761194,0.5695364238410596,0.6107954545454546,0.533498759305211,0.2194812991379429,0.4291991397472157,0.6078042328042328,0.2962962962962963,0.40606060606060607,43.0,24.0,57.0,41.0,0.736902528525552,0.6847442680776014,0.23106981848661853,0.6523245010356761,0.14369350885198606,0.14214938357162216,0.6160861626584183,1.0,0.3939393939393939,0.3939393939393939,0.45476190476190476,0.5702380952380952,0.6333333333333333,0.7938271604938272,0.6070319240724763,0.7090543259557344,0.48175088675268596,0.5832870029950321,0.174764090446318,0.2913616900689287,0.38478297627663866,0.48149609047378356,0.7284237855094841,0.7779246912296185,0.6680482069370959,0.7229423868312758,0.21323282571709992,0.2436554816971199,20260831,3,Europe,251,165,V1-V10_financial_only
PONE2016_h3_target_Europe,20260730,KELM_PBMSBAINGO,cost_2,165,84,0.3178374345972403,"Same-horizon leave-one-region-out transfer; source regions=Asia,North America; target region=Europe; source-only fit/search/calibration; target labels untouched until final evaluation; V1-V10 financial ratios only.",Plain KELM; hyperparameters/features selected only on search partition.,Platt_logistic_on_separate_calibration_partition,0.6136311676215145,0.7261904761904762,0.5185185185185185,0.61,0.6630434782608695,0.6301652892561983,0.6995412844036697,0.2503660324068546,0.45512435434729076,0.6223544973544973,0.48148148148148145,0.6060606060606061,61.0,39.0,42.0,23.0,0.736902528525552,0.6847442680776014,0.23106981848661853,0.6523245010356761,0.14369350885198606,0.14214938357162216,0.6160861626584183,2.0,0.5151515151515151,0.3413654618473896,0.6857142857142857,0.7964285714285715,0.38641975308641974,0.5753086419753086,0.5601769911504425,0.6305985276859064,0.6708584781168665,0.7546187981098021,0.15064056583944987,0.3177312964500631,0.35209819904136663,0.5054222567528707,0.6975085545022266,0.7814191376762205,0.6607436801881247,0.7335390946502057,0.2125846496574805,0.2431065861621717,20260831,3,Europe,251,165,V1-V10_financial_only
PONE2016_h3_target_Europe,20260730,KELM_PBMSBAINGO,cost_5,165,84,0.21982477956867885,"Same-horizon leave-one-region-out transfer; source regions=Asia,North America; target region=Europe; source-only fit/search/calibration; target labels untouched until final evaluation; V1-V10 financial ratios only.",Plain KELM; hyperparameters/features selected only on search partition.,Platt_logistic_on_separate_calibration_partition,0.4829546044006792,0.8214285714285714,0.2839506172839506,0.5433070866141733,0.6540284360189573,0.5827702702702703,0.7451403887688985,0.12512478504744762,0.3078827252332249,0.552689594356261,0.7160493827160493,0.7696969696969697,69.0,58.0,23.0,15.0,0.736902528525552,0.6847442680776014,0.23106981848661853,0.6523245010356761,0.14369350885198606,0.14214938357162216,0.6160861626584183,5.0,0.806060606060606,0.2654690618762475,0.7976190476190477,0.8535714285714285,0.3098765432098765,0.39382716049382716,0.5505122950819673,0.5774547048509643,0.7324119874792286,0.7739337568058076,0.14143919643801606,0.21505734178729918,0.3306825125588676,0.4049030336149624,0.7107243193545735,0.7842547728495168,0.653071722516167,0.7416225749559083,0.20895756051401532,0.24479943634096418,20260831,3,Europe,251,165,V1-V10_financial_only
PONE2016_h3_target_Europe,20260730,KELM_PBMSBAINGO,cost_10,165,84,0.21982477956867885,"Same-horizon leave-one-region-out transfer; source regions=Asia,North America; target region=Europe; source-only fit/search/calibration; target labels untouched until final evaluation; V1-V10 financial ratios only.",Plain KELM; hyperparameters/features selected only on search partition.,Platt_logistic_on_separate_calibration_partition,0.4829546044006792,0.8214285714285714,0.2839506172839506,0.5433070866141733,0.6540284360189573,0.5827702702702703,0.7451403887688985,0.12512478504744762,0.3078827252332249,0.552689594356261,0.7160493827160493,0.7696969696969697,69.0,58.0,23.0,15.0,0.736902528525552,0.6847442680776014,0.23106981848661853,0.6523245010356761,0.14369350885198606,0.14214938357162216,0.6160861626584183,10.0,1.2606060606060605,0.2258414766558089,0.8107142857142857,0.8809523809523809,0.2222222222222222,0.3617283950617284,0.5201606471459497,0.5884390977443609,0.7297602915535494,0.8012339911844557,0.04394706336346802,0.28314793622132395,0.19795393085032847,0.4474763050380826,0.6919396111836797,0.8036505361513253,0.6300117577895356,0.7709876543209877,0.19532604178743826,0.2562293547520006,20260831,3,Europe,251,165,V1-V10_financial_only
PONE2016_h3_target_Europe,20260730,KELM_PBMSBAINGO,cost_20,165,84,0.21982477956867885,"Same-horizon leave-one-region-out transfer; source regions=Asia,North America; target region=Europe; source-only fit/search/calibration; target labels untouched until final evaluation; V1-V10 financial ratios only.",Plain KELM; hyperparameters/features selected only on search partition.,Platt_logistic_on_separate_calibration_partition,0.4829546044006792,0.8214285714285714,0.2839506172839506,0.5433070866141733,0.6540284360189573,0.5827702702702703,0.7451403887688985,0.12512478504744762,0.3078827252332249,0.552689594356261,0.7160493827160493,0.7696969696969697,69.0,58.0,23.0,15.0,0.736902528525552,0.6847442680776014,0.23106981848661853,0.6523245010356761,0.14369350885198606,0.14214938357162216,0.6160861626584183,20.0,2.16969696969697,0.20329358319136853,0.8107142857142857,0.8321428571428572,0.2148148148148148,0.38271604938271603,0.5232742537313433,0.5798319327731093,0.7339508437270726,0.7582417582417582,0.05801515654867262,0.2275976097405355,0.2176199866200225,0.41514969715996203,0.6829599617715744,0.7608186240089375,0.626660787771899,0.725676072898295,0.2204894182583702,0.2513854166648434,20260831,3,Europe,251,165,V1-V10_financial_only
PONE2016_h3_target_Europe,20260730,KELM_score_fusion,triad,165,84,0.6978464304996552,"Same-horizon leave-one-region-out transfer; source regions=Asia,North America; target region=Europe; source-only fit/search/calibration; target labels untouched until final evaluation; V1-V10 financial ratios only.",Plain KELM plus HistGB score-level fusion; alpha=1.00 selected only on search partition.,Platt_logistic_on_separate_calibration_partition,0.5518394231759755,0.3333333333333333,0.9135802469135802,0.8,0.47058823529411764,0.625,0.37735849056603776,0.3019405424385589,0.4513522644654112,0.6234567901234568,0.08641975308641975,0.21212121212121213,28.0,7.0,74.0,56.0,0.736902528525552,0.6847442680776014,0.23045118348315474,0.6503730425452642,0.1429674924824878,0.14139347821776133,0.6286583815607258,,,,0.24166666666666667,0.3535714285714286,0.865432098765432,0.9481481481481482,0.6885714285714286,0.85,0.2789331880240971,0.3990962552970682,0.18354504700854216,0.3386962930192364,0.3429656662175491,0.4784003994589295,0.6771296405927135,0.7590437835398578,0.6147413286302176,0.7130217519106408,0.2207437999441394,0.26665565157047916,20260833,3,Europe,251,165,V1-V10_financial_only
PONE2016_h3_target_Europe,20260730,KELM_score_fusion,cost_1,165,84,0.4771053799809364,"Same-horizon leave-one-region-out transfer; source regions=Asia,North America; target region=Europe; source-only fit/search/calibration; target labels untouched until final evaluation; V1-V10 financial ratios only.",Plain KELM plus HistGB score-level fusion; alpha=1.00 selected only on search partition.,Platt_logistic_on_separate_calibration_partition,0.6001910336684009,0.5119047619047619,0.7037037037037037,0.6417910447761194,0.5695364238410596,0.6107954545454546,0.533498759305211,0.2194812991379429,0.4291991397472157,0.6078042328042328,0.2962962962962963,0.40606060606060607,43.0,24.0,57.0,41.0,0.736902528525552,0.6847442680776014,0.23045118348315474,0.6503730425452642,0.1429674924824878,0.14139347821776133,0.6286583815607258,1.0,0.3939393939393939,0.3939393939393939,0.45476190476190476,0.5583333333333333,0.6432098765432098,0.7160493827160493,0.6069125277983691,0.6625,0.48073047858942064,0.5701396380198969,0.1684961637279191,0.26071358657945526,0.3831444503061287,0.46601871915400633,0.6868296198972728,0.7552644350802721,0.6344650205761317,0.6974132863021753,0.22769101219330792,0.25188203646964874,20260833,3,Europe,251,165,V1-V10_financial_only
PONE2016_h3_target_Europe,20260730,KELM_score_fusion,cost_2,165,84,0.3140007926487433,"Same-horizon leave-one-region-out transfer; source regions=Asia,North America; target region=Europe; source-only fit/search/calibration; target labels untouched until final evaluation; V1-V10 financial ratios only.",Plain KELM plus HistGB score-level fusion; alpha=1.00 selected only on search partition.,Platt_logistic_on_separate_calibration_partition,0.6136311676215145,0.7261904761904762,0.5185185185185185,0.61,0.6630434782608695,0.6301652892561983,0.6995412844036697,0.2503660324068546,0.45512435434729076,0.6223544973544973,0.48148148148148145,0.6060606060606061,61.0,39.0,42.0,23.0,0.736902528525552,0.6847442680776014,0.23045118348315474,0.6503730425452642,0.1429674924824878,0.14139347821776133,0.6286583815607258,2.0,0.5151515151515151,0.3413654618473896,0.6595238095238095,0.7464285714285714,0.4962962962962963,0.5432098765432098,0.5860016852749105,0.6284583333333333,0.6438684323858743,0.7191948750395445,0.17881552086242802,0.29487984552882807,0.3933900893951821,0.49225957997180414,0.7344642111387315,0.7796189044312226,0.6614638447971781,0.7132422104644327,0.21115325790255876,0.23656875042543254,20260833,3,Europe,251,165,V1-V10_financial_only
PONE2016_h3_target_Europe,20260730,KELM_score_fusion,cost_5,165,84,0.22433244828868898,"Same-horizon leave-one-region-out transfer; source regions=Asia,North America; target region=Europe; source-only fit/search/calibration; target labels untouched until final evaluation; V1-V10 financial ratios only.",Plain KELM plus HistGB score-level fusion; alpha=1.00 selected only on search partition.,Platt_logistic_on_separate_calibration_partition,0.4829546044006792,0.8214285714285714,0.2839506172839506,0.5433070866141733,0.6540284360189573,0.5827702702702703,0.7451403887688985,0.12512478504744762,0.3078827252332249,0.552689594356261,0.7160493827160493,0.7696969696969697,69.0,58.0,23.0,15.0,0.736902528525552,0.6847442680776014,0.23045118348315474,0.6503730425452642,0.1429674924824878,0.14139347821776133,0.6286583815607258,5.0,0.806060606060606,0.2654690618762475,0.7988095238095239,0.8523809523809524,0.19999999999999998,0.34074074074074073,0.5120587728864144,0.5615990774553142,0.7208817662837884,0.7711724430013411,0.011923850652801611,0.18469859966648866,0.12049196085074987,0.36568865091126673,0.7096794790284017,0.7879033021338606,0.6601851851851852,0.7357142857142858,0.2060479757137593,0.24345156924041658,20260833,3,Europe,251,165,V1-V10_financial_only
PONE2016_h3_target_Europe,20260730,KELM_score_fusion,cost_10,165,84,0.22433244828868898,"Same-horizon leave-one-region-out transfer; source regions=Asia,North America; target region=Europe; source-only fit/search/calibration; target labels untouched until final evaluation; V1-V10 financial ratios only.",Plain KELM plus HistGB score-level fusion; alpha=1.00 selected only on search partition.,Platt_logistic_on_separate_calibration_partition,0.4829546044006792,0.8214285714285714,0.2839506172839506,0.5433070866141733,0.6540284360189573,0.5827702702702703,0.7451403887688985,0.12512478504744762,0.3078827252332249,0.552689594356261,0.7160493827160493,0.7696969696969697,69.0,58.0,23.0,15.0,0.736902528525552,0.6847442680776014,0.23045118348315474,0.6503730425452642,0.1429674924824878,0.14139347821776133,0.6286583815607258,10.0,1.2606060606060605,0.2258414766558089,0.7857142857142857,0.9023809523809524,0.19382716049382714,0.33086419753086416,0.5040983606557377,0.5826423957721668,0.7066677863621096,0.8131347014548161,-0.02198688404958822,0.2839486166747216,0.02964736662105363,0.438553152514205,0.6995836116516235,0.7851205828991055,0.6342298647854203,0.7593768371546149,0.20348697511737415,0.24717606139664414,20260833,3,Europe,251,165,V1-V10_financial_only
PONE2016_h3_target_Europe,20260730,KELM_score_fusion,cost_20,165,84,0.22433244828868898,"Same-horizon leave-one-region-out transfer; source regions=Asia,North America; target region=Europe; source-only fit/search/calibration; target labels untouched until final evaluation; V1-V10 financial ratios only.",Plain KELM plus HistGB score-level fusion; alpha=1.00 selected only on search partition.,Platt_logistic_on_separate_calibration_partition,0.4829546044006792,0.8214285714285714,0.2839506172839506,0.5433070866141733,0.6540284360189573,0.5827702702702703,0.7451403887688985,0.12512478504744762,0.3078827252332249,0.552689594356261,0.7160493827160493,0.7696969696969697,69.0,58.0,23.0,15.0,0.736902528525552,0.6847442680776014,0.23045118348315474,0.6503730425452642,0.1429674924824878,0.14139347821776133,0.6286583815607258,20.0,2.16969696969697,0.20329358319136853,0.7452380952380953,0.8797619047619047,0.28518518518518515,0.4049382716049382,0.5211538461538462,0.6007877066115702,0.6867319731045676,0.7985597600543274,0.042491002911950765,0.30695875549778817,0.1931274897785555,0.47432905850569873,0.7284112988052747,0.792343115471063,0.6677983539094652,0.7473104056437391,0.20867620029638823,0.23784497143724107,20260833,3,Europe,251,165,V1-V10_financial_only
PONE2016_h3_target_Europe,20260730,KELM_risk_feature,triad,165,84,0.6337730736346339,"Same-horizon leave-one-region-out transfer; source regions=Asia,North America; target region=Europe; source-only fit/search/calibration; target labels untouched until final evaluation; V1-V10 financial ratios only.",OOF HistGB risk is a forced KELM input; no score-level fusion.,Platt_logistic_on_separate_calibration_partition,0.6039746851822317,0.40476190476190477,0.9012345679012346,0.8095238095238095,0.5396825396825397,0.6746031746031746,0.4497354497354497,0.351173205449172,0.5041033861382149,0.6529982363315696,0.09876543209876543,0.2545454545454545,34.0,8.0,73.0,50.0,0.7095792126804821,0.7225161669606115,0.21181572959498532,0.6470502953629343,0.08449657331847882,-0.007714175576424686,0.6076004558373559,,,,0.3952380952380952,0.4869047619047619,0.8802469135802469,0.9493827160493827,0.775804057397328,0.8968227424749164,0.4382396786181701,0.5352036143425424,0.31575991233378853,0.4710328716366293,0.4789420863098593,0.5986756191543634,0.6483716945448565,0.7689026263133296,0.6813051146384479,0.7613168724279836,0.1958134488822902,0.22730557430275397,20260941,3,Europe,251,165,V1-V10_financial_only
PONE2016_h3_target_Europe,20260730,KELM_risk_feature,cost_1,165,84,0.5610958103799,"Same-horizon leave-one-region-out transfer; source regions=Asia,North America; target region=Europe; source-only fit/search/calibration; target labels untouched until final evaluation; V1-V10 financial ratios only.",OOF HistGB risk is a forced KELM input; no score-level fusion.,Platt_logistic_on_separate_calibration_partition,0.5978601858973771,0.4523809523809524,0.7901234567901234,0.6909090909090909,0.5467625899280576,0.625,0.4859335038363171,0.2571722499368198,0.45130948050484593,0.6212522045855379,0.20987654320987653,0.3333333333333333,38.0,17.0,64.0,46.0,0.7095792126804821,0.7225161669606115,0.21181572959498532,0.6470502953629343,0.08449657331847882,-0.007714175576424686,0.6076004558373559,1.0,0.38181818181818183,0.38181818181818183,0.32857142857142857,0.5035714285714286,0.7111111111111111,0.8123456790123457,0.6,0.71375,0.3618663877952756,0.5347902097902097,0.11396940069786453,0.30534767209868174,0.3073804721429644,0.4941790887560662,0.6718359316172837,0.7377308306263572,0.6964873603762494,0.7478395061728395,0.20338219089084314,0.2234565168905707,20260941,3,Europe,251,165,V1-V10_financial_only
PONE2016_h3_target_Europe,20260730,KELM_risk_feature,cost_2,165,84,0.3735763541669432,"Same-horizon leave-one-region-out transfer; source regions=Asia,North America; target region=Europe; source-only fit/search/calibration; target labels untouched until final evaluation; V1-V10 financial ratios only.",OOF HistGB risk is a forced KELM input; no score-level fusion.,Platt_logistic_on_separate_calibration_partition,0.6334307917217433,0.8333333333333334,0.48148148148148145,0.625,0.7142857142857143,0.6578947368421053,0.78125,0.33704692393021124,0.5132901181696397,0.6574074074074074,0.5185185185185185,0.6787878787878788,70.0,42.0,39.0,14.0,0.7095792126804821,0.7225161669606115,0.21181572959498532,0.6470502953629343,0.08449657331847882,-0.007714175576424686,0.6076004558373559,2.0,0.42424242424242425,0.28112449799196787,0.8011904761904762,0.9107142857142857,0.40987654320987654,0.5,0.6088430361090642,0.6251514018691589,0.7581922289569705,0.8309220522327444,0.30375866122469025,0.3722759728107227,0.4828531123249384,0.519089308353869,0.6562791948476013,0.752711857452311,0.6960023515579071,0.7466637272192829,0.2027926304094541,0.22535083890436108,20260941,3,Europe,251,165,V1-V10_financial_only
PONE2016_h3_target_Europe,20260730,KELM_risk_feature,cost_5,165,84,0.093757765344415,"Same-horizon leave-one-region-out transfer; source regions=Asia,North America; target region=Europe; source-only fit/search/calibration; target labels untouched until final evaluation; V1-V10 financial ratios only.",OOF HistGB risk is a forced KELM input; no score-level fusion.,Platt_logistic_on_separate_calibration_partition,0.15713484026367722,1.0,0.024691358024691357,0.5153374233128835,0.680161943319838,0.5706521739130435,0.8416833667334669,0.1128023972375602,0.14069794966113694,0.5123456790123457,0.9753086419753086,0.9878787878787879,84.0,79.0,2.0,0.0,0.7095792126804821,0.7225161669606115,0.21181572959498532,0.6470502953629343,0.08449657331847882,-0.007714175576424686,0.6076004558373559,5.0,0.47878787878787876,0.15768463073852296,1.0,1.0,0.0024691358024691358,0.03580246913580246,0.5097155605131065,0.5182004089979549,0.8386593546374185,0.84320448125166,0.011280239723756021,0.13600215261622073,0.014069794966113694,0.16931612388165457,0.7035115464788267,0.7489048992882898,0.7068342151675486,0.7405643738977072,0.20437514459477235,0.21885407367597806,20260941,3,Europe,251,165,V1-V10_financial_only
PONE2016_h3_target_Europe,20260730,KELM_risk_feature,cost_10,165,84,0.093757765344415,"Same-horizon leave-one-region-out transfer; source regions=Asia,North America; target region=Europe; source-only fit/search/calibration; target labels untouched until final evaluation; V1-V10 financial ratios only.",OOF HistGB risk is a forced KELM input; no score-level fusion.,Platt_logistic_on_separate_calibration_partition,0.15713484026367722,1.0,0.024691358024691357,0.5153374233128835,0.680161943319838,0.5706521739130435,0.8416833667334669,0.1128023972375602,0.14069794966113694,0.5123456790123457,0.9753086419753086,0.9878787878787879,84.0,79.0,2.0,0.0,0.7095792126804821,0.7225161669606115,0.21181572959498532,0.6470502953629343,0.08449657331847882,-0.007714175576424686,0.6076004558373559,10.0,0.47878787878787876,0.08577633007600434,1.0,1.0,0.0012345679012345679,0.024691358024691357,0.5094013303769401,0.5153374233128835,0.8384910179640718,0.8416833667334669,0.007951978726894965,0.1128023972375602,0.009938711029457481,0.14069794966113694,0.6809513148162127,0.8213641338563481,0.6934009406231628,0.8036890064667843,0.18030385726589293,0.22480183017960736,20260941,3,Europe,251,165,V1-V10_financial_only
PONE2016_h3_target_Europe,20260730,KELM_risk_feature,cost_20,165,84,0.093757765344415,"Same-horizon leave-one-region-out transfer; source regions=Asia,North America; target region=Europe; source-only fit/search/calibration; target labels untouched until final evaluation; V1-V10 financial ratios only.",OOF HistGB risk is a forced KELM input; no score-level fusion.,Platt_logistic_on_separate_calibration_partition,0.15713484026367722,1.0,0.024691358024691357,0.5153374233128835,0.680161943319838,0.5706521739130435,0.8416833667334669,0.1128023972375602,0.14069794966113694,0.5123456790123457,0.9753086419753086,0.9878787878787879,84.0,79.0,2.0,0.0,0.7095792126804821,0.7225161669606115,0.21181572959498532,0.6470502953629343,0.08449657331847882,-0.007714175576424686,0.6076004558373559,20.0,0.47878787878787876,0.044860874503123226,1.0,1.0,0.012345679012345678,0.03580246913580246,0.5121951219512195,0.5182004089979549,0.84,0.84320448125166,0.07951978726894965,0.13600215261622073,0.0993871102945748,0.16931612388165457,0.6924072395040332,0.7992708498885406,0.707907113462669,0.7659171075837742,0.1975048890701194,0.21712901994846048,20260941,3,Europe,251,165,V1-V10_financial_only
PONE2016_h3_target_Europe,20260730,Full_PBMSBAINGO,triad,165,84,0.7266166634841276,"Same-horizon leave-one-region-out transfer; source regions=Asia,North America; target region=Europe; source-only fit/search/calibration; target labels untouched until final evaluation; V1-V10 financial ratios only.",Risk feature plus score fusion; alpha=0.50 selected only on search partition.,Platt_logistic_on_separate_calibration_partition,0.46811943184313104,0.25,0.8765432098765432,0.6774193548387096,0.3652173913043478,0.5048076923076923,0.28610354223433243,0.16195253596520742,0.32862482193975,0.5632716049382716,0.12345679012345678,0.18787878787878787,21.0,10.0,71.0,63.0,0.687093959493696,0.6697530864197532,0.23107737513600904,0.6552198119538618,0.058650143575729355,-0.050613187478378466,0.7808272330239021,,,,0.17142857142857143,0.27380952380952384,0.8925925925925926,0.937037037037037,0.6238260869565218,0.7931034482758621,0.20055710306406685,0.3150684931506849,0.09337709427846067,0.26234261977367507,0.2407325663693716,0.40516434063364826,0.6474488515042816,0.7338005810606804,0.6267783656672545,0.7260582010582011,0.21364013391165293,0.2436834746344928,20261037,3,Europe,251,165,V1-V10_financial_only
PONE2016_h3_target_Europe,20260730,Full_PBMSBAINGO,cost_1,165,84,0.7274796754332219,"Same-horizon leave-one-region-out transfer; source regions=Asia,North America; target region=Europe; source-only fit/search/calibration; target labels untouched until final evaluation; V1-V10 financial ratios only.",Risk feature plus score fusion; alpha=0.50 selected only on search partition.,Platt_logistic_on_separate_calibration_partition,0.45683778768433747,0.23809523809523808,0.8765432098765432,0.6666666666666666,0.3508771929824561,0.49019607843137253,0.273224043715847,0.14858841107460702,0.31417357892662445,0.5573192239858906,0.12345679012345678,0.18181818181818182,20.0,10.0,71.0,64.0,0.687093959493696,0.6697530864197532,0.23107737513600904,0.6552198119538618,0.058650143575729355,-0.050613187478378466,0.7808272330239021,1.0,0.4484848484848485,0.4484848484848485,0.13452380952380952,0.2369047619047619,0.7975308641975308,0.9123456790123456,0.4797697368421053,0.7222084367245657,0.1588810641627543,0.27147470155207976,-0.030582802766779656,0.1856940214872256,0.01811979687093757,0.33682082349788034,0.6191414687818243,0.701246555643695,0.5957965902410348,0.6718106995884774,0.22758903838045264,0.2528693946836983,20261037,3,Europe,251,165,V1-V10_financial_only
PONE2016_h3_target_Europe,20260730,Full_PBMSBAINGO,cost_2,165,84,0.3284605115682619,"Same-horizon leave-one-region-out transfer; source regions=Asia,North America; target region=Europe; source-only fit/search/calibration; target labels untouched until final evaluation; V1-V10 financial ratios only.",Risk feature plus score fusion; alpha=0.50 selected only on search partition.,Platt_logistic_on_separate_calibration_partition,0.44543540318737396,0.8928571428571429,0.2222222222222222,0.5434782608695652,0.6756756756756757,0.589622641509434,0.7911392405063291,0.15550995092121517,0.3136480192946939,0.5575396825396826,0.7777777777777778,0.8363636363636363,75.0,63.0,18.0,9.0,0.687093959493696,0.6697530864197532,0.23107737513600904,0.6552198119538618,0.058650143575729355,-0.050613187478378466,0.7808272330239021,2.0,0.4909090909090909,0.3253012048192771,0.8714285714285714,0.9369047619047619,0.17777777777777776,0.3024691358024691,0.5326695044086348,0.5657308970099668,0.7855655369538587,0.8268487394957984,0.1182615132947406,0.2566533191459747,0.2665585396893283,0.3922877530532117,0.6438307012945272,0.7500924387480371,0.6424897119341564,0.7283362727807172,0.21220337764663583,0.23922906709987918,20261037,3,Europe,251,165,V1-V10_financial_only
PONE2016_h3_target_Europe,20260730,Full_PBMSBAINGO,cost_5,165,84,0.2690884295108307,"Same-horizon leave-one-region-out transfer; source regions=Asia,North America; target region=Europe; source-only fit/search/calibration; target labels untouched until final evaluation; V1-V10 financial ratios only.",Risk feature plus score fusion; alpha=0.50 selected only on search partition.,Platt_logistic_on_separate_calibration_partition,0.0,0.9880952380952381,0.0,0.5060975609756098,0.6693548387096774,0.5608108108108109,0.83,-0.07667979486648717,0.0,0.49404761904761907,1.0,0.9939393939393939,83.0,81.0,0.0,1.0,0.687093959493696,0.6697530864197532,0.23107737513600904,0.6552198119538618,0.058650143575729355,-0.050613187478378466,0.7808272330239021,5.0,0.5212121212121212,0.17165668662674652,0.9880952380952381,1.0,0.0,0.0,0.5060975609756098,0.509090909090909,0.83,0.8383233532934131,-0.07667979486648717,0.0,0.0,0.0,0.6964059097563472,0.7587934631198733,0.6866255144032922,0.7259847148736038,0.21696115956963338,0.22366665405728653,20261037,3,Europe,251,165,V1-V10_financial_only
PONE2016_h3_target_Europe,20260730,Full_PBMSBAINGO,cost_10,165,84,0.2690884295108307,"Same-horizon leave-one-region-out transfer; source regions=Asia,North America; target region=Europe; source-only fit/search/calibration; target labels untouched until final evaluation; V1-V10 financial ratios only.",Risk feature plus score fusion; alpha=0.50 selected only on search partition.,Platt_logistic_on_separate_calibration_partition,0.0,0.9880952380952381,0.0,0.5060975609756098,0.6693548387096774,0.5608108108108109,0.83,-0.07667979486648717,0.0,0.49404761904761907,1.0,0.9939393939393939,83.0,81.0,0.0,1.0,0.687093959493696,0.6697530864197532,0.23107737513600904,0.6552198119538618,0.058650143575729355,-0.050613187478378466,0.7808272330239021,10.0,0.5515151515151515,0.0988056460369164,0.9880952380952381,1.0,0.0,0.0,0.5060975609756098,0.509090909090909,0.83,0.8383233532934131,-0.07667979486648717,0.0,0.0,0.0,0.6985705586493147,0.7783263533261543,0.6691651969429748,0.7503968253968254,0.20290241868712033,0.23320815040085968,20261037,3,Europe,251,165,V1-V10_financial_only
PONE2016_h3_target_Europe,20260730,Full_PBMSBAINGO,cost_20,165,84,0.2690884295108307,"Same-horizon leave-one-region-out transfer; source regions=Asia,North America; target region=Europe; source-only fit/search/calibration; target labels untouched until final evaluation; V1-V10 financial ratios only.",Risk feature plus score fusion; alpha=0.50 selected only on search partition.,Platt_logistic_on_separate_calibration_partition,0.0,0.9880952380952381,0.0,0.5060975609756098,0.6693548387096774,0.5608108108108109,0.83,-0.07667979486648717,0.0,0.49404761904761907,1.0,0.9939393939393939,83.0,81.0,0.0,1.0,0.687093959493696,0.6697530864197532,0.23107737513600904,0.6552198119538618,0.058650143575729355,-0.050613187478378466,0.7808272330239021,20.0,0.6121212121212121,0.05735377626348666,0.9761904761904762,0.9988095238095238,0.0,0.0,0.5030674846625767,0.5087915742793792,0.8216432865731463,0.8374910179640718,-0.10877374019336163,-0.007667979486648724,0.0,0.0,0.6171696323175083,0.759526455954114,0.6077895355673134,0.7384185773074662,0.2104791905158278,0.2487980037652668,20261037,3,Europe,251,165,V1-V10_financial_only
PONE2016_h3_target_Europe,20260730,Uncertainty_gated_fusion,triad,165,84,0.6337730736346339,"Same-horizon leave-one-region-out transfer; source regions=Asia,North America; target region=Europe; source-only fit/search/calibration; target labels untouched until final evaluation; V1-V10 financial ratios only.","One-standard-error paired-bootstrap gate selected KELM_risk_feature; search utility difference=0.0801, required margin=0.1177.",Platt_logistic_on_separate_calibration_partition,0.6039746851822317,0.40476190476190477,0.9012345679012346,0.8095238095238095,0.5396825396825397,0.6746031746031746,0.4497354497354497,0.351173205449172,0.5041033861382149,0.6529982363315696,0.09876543209876543,0.2545454545454545,34.0,8.0,73.0,50.0,0.7095792126804821,0.7225161669606115,0.21181572959498532,0.6470502953629343,0.08449657331847882,-0.007714175576424686,0.6076004558373559,,,,0.3833333333333333,0.4738095238095238,0.8901234567901234,0.9481481481481482,0.808611955420466,0.8903695408734602,0.4300002829414594,0.5195822454308094,0.3524938976210011,0.43074423757980457,0.5041592400241492,0.5699634007856078,0.7246260813845125,0.771470676346729,0.7345532039976485,0.7592592592592593,0.19818833353368037,0.20598677322842054,20261083,3,Europe,251,165,V1-V10_financial_only
PONE2016_h3_target_Europe,20260730,Uncertainty_gated_fusion,cost_1,165,84,0.5610958103799,"Same-horizon leave-one-region-out transfer; source regions=Asia,North America; target region=Europe; source-only fit/search/calibration; target labels untouched until final evaluation; V1-V10 financial ratios only.","One-standard-error paired-bootstrap gate selected KELM_risk_feature; search utility difference=0.0801, required margin=0.1177.",Platt_logistic_on_separate_calibration_partition,0.5978601858973771,0.4523809523809524,0.7901234567901234,0.6909090909090909,0.5467625899280576,0.625,0.4859335038363171,0.2571722499368198,0.45130948050484593,0.6212522045855379,0.20987654320987653,0.3333333333333333,38.0,17.0,64.0,46.0,0.7095792126804821,0.7225161669606115,0.21181572959498532,0.6470502953629343,0.08449657331847882,-0.007714175576424686,0.6076004558373559,1.0,0.38181818181818183,0.38181818181818183,0.41904761904761906,0.5214285714285715,0.754320987654321,0.8222222222222222,0.6514519056261343,0.7138248847926267,0.4561647004395096,0.5503841626267356,0.20719883563031266,0.30765973672039654,0.4105022359485723,0.4993885082157219,0.6843110725360917,0.7516949690276703,0.6802028218694885,0.7511904761904762,0.20164004837327842,0.22636505062963813,20261083,3,Europe,251,165,V1-V10_financial_only
PONE2016_h3_target_Europe,20260730,Uncertainty_gated_fusion,cost_2,165,84,0.3735763541669432,"Same-horizon leave-one-region-out transfer; source regions=Asia,North America; target region=Europe; source-only fit/search/calibration; target labels untouched until final evaluation; V1-V10 financial ratios only.","One-standard-error paired-bootstrap gate selected KELM_risk_feature; search utility difference=0.0801, required margin=0.1177.",Platt_logistic_on_separate_calibration_partition,0.6334307917217433,0.8333333333333334,0.48148148148148145,0.625,0.7142857142857143,0.6578947368421053,0.78125,0.33704692393021124,0.5132901181696397,0.6574074074074074,0.5185185185185185,0.6787878787878788,70.0,42.0,39.0,14.0,0.7095792126804821,0.7225161669606115,0.21181572959498532,0.6470502953629343,0.08449657331847882,-0.007714175576424686,0.6076004558373559,2.0,0.42424242424242425,0.28112449799196787,0.775,0.8321428571428572,0.3790123456790123,0.5283950617283951,0.5643103448275861,0.6440101954120645,0.7211149251954442,0.7841561307433014,0.16768910381548888,0.36799220622535794,0.36580923250522845,0.5428161581703612,0.6618020906763384,0.7398282900312894,0.6428424456202234,0.7610229276895943,0.20005675405565504,0.2345442944530719,20261083,3,Europe,251,165,V1-V10_financial_only
PONE2016_h3_target_Europe,20260730,Uncertainty_gated_fusion,cost_5,165,84,0.093757765344415,"Same-horizon leave-one-region-out transfer; source regions=Asia,North America; target region=Europe; source-only fit/search/calibration; target labels untouched until final evaluation; V1-V10 financial ratios only.","One-standard-error paired-bootstrap gate selected KELM_risk_feature; search utility difference=0.0801, required margin=0.1177.",Platt_logistic_on_separate_calibration_partition,0.15713484026367722,1.0,0.024691358024691357,0.5153374233128835,0.680161943319838,0.5706521739130435,0.8416833667334669,0.1128023972375602,0.14069794966113694,0.5123456790123457,0.9753086419753086,0.9878787878787879,84.0,79.0,2.0,0.0,0.7095792126804821,0.7225161669606115,0.21181572959498532,0.6470502953629343,0.08449657331847882,-0.007714175576424686,0.6076004558373559,5.0,0.47878787878787876,0.15768463073852296,1.0,1.0,0.014814814814814814,0.04938271604938271,0.5128274616079495,0.5217391304347826,0.8403373493975903,0.8450704225352113,0.08542579886343965,0.1605144707810256,0.10669799136684407,0.1993867929101268,0.6674948334330263,0.7911791429884897,0.6626396237507349,0.7834068195179307,0.19175343786881355,0.23054624524456704,20261083,3,Europe,251,165,V1-V10_financial_only
PONE2016_h3_target_Europe,20260730,Uncertainty_gated_fusion,cost_10,165,84,0.093757765344415,"Same-horizon leave-one-region-out transfer; source regions=Asia,North America; target region=Europe; source-only fit/search/calibration; target labels untouched until final evaluation; V1-V10 financial ratios only.","One-standard-error paired-bootstrap gate selected KELM_risk_feature; search utility difference=0.0801, required margin=0.1177.",Platt_logistic_on_separate_calibration_partition,0.15713484026367722,1.0,0.024691358024691357,0.5153374233128835,0.680161943319838,0.5706521739130435,0.8416833667334669,0.1128023972375602,0.14069794966113694,0.5123456790123457,0.9753086419753086,0.9878787878787879,84.0,79.0,2.0,0.0,0.7095792126804821,0.7225161669606115,0.21181572959498532,0.6470502953629343,0.08449657331847882,-0.007714175576424686,0.6076004558373559,10.0,0.47878787878787876,0.08577633007600434,1.0,1.0,0.012345679012345678,0.023456790123456788,0.5121951219512195,0.5150231931767171,0.84,0.8415150300601202,0.07951978726894965,0.10947413624069915,0.0993871102945748,0.13656686572448073,0.7184427043162096,0.7983847159081092,0.7307760141093474,0.7902704291593181,0.187887818841368,0.20785822927705686,20261083,3,Europe,251,165,V1-V10_financial_only
PONE2016_h3_target_Europe,20260730,Uncertainty_gated_fusion,cost_20,165,84,0.093757765344415,"Same-horizon leave-one-region-out transfer; source regions=Asia,North America; target region=Europe; source-only fit/search/calibration; target labels untouched until final evaluation; V1-V10 financial ratios only.","One-standard-error paired-bootstrap gate selected KELM_risk_feature; search utility difference=0.0801, required margin=0.1177.",Platt_logistic_on_separate_calibration_partition,0.15713484026367722,1.0,0.024691358024691357,0.5153374233128835,0.680161943319838,0.5706521739130435,0.8416833667334669,0.1128023972375602,0.14069794966113694,0.5123456790123457,0.9753086419753086,0.9878787878787879,84.0,79.0,2.0,0.0,0.7095792126804821,0.7225161669606115,0.21181572959498532,0.6470502953629343,0.08449657331847882,-0.007714175576424686,0.6076004558373559,20.0,0.47878787878787876,0.044860874503123226,1.0,1.0,0.0024691358024691358,0.06049382716049382,0.5097155605131065,0.5246739130434783,0.8386593546374185,0.8466038164470695,0.011280239723756021,0.17806996453829907,0.014069794966113694,0.22077621599820693,0.6755792767199394,0.7872281634678451,0.6799088771310994,0.7635949441504998,0.19095843122337033,0.22721646543260185,20261083,3,Europe,251,165,V1-V10_financial_only
PONE2016_h3_target_Europe,20260730,Full_random_search,triad,165,84,0.7605707394951761,"Same-horizon leave-one-region-out transfer; source regions=Asia,North America; target region=Europe; source-only fit/search/calibration; target labels untouched until final evaluation; V1-V10 financial ratios only.",Same full architecture and 81 evaluations as PBMSBAINGO; alpha=0.10.,Platt_logistic_on_separate_calibration_partition,0.5074402337506597,0.2857142857142857,0.9012345679012346,0.75,0.41379310344827586,0.5660377358490566,0.32608695652173914,0.23637641911347512,0.39336101450918665,0.5934744268077601,0.09876543209876543,0.19393939393939394,24.0,8.0,73.0,60.0,0.6968166062015267,0.7081128747795415,0.2247434595872373,0.6412670253361329,0.0935740600926117,-0.03943891647551047,0.8464746097180352,,,,0.23928571428571427,0.33809523809523806,0.8888888888888888,0.9358024691358025,0.7009677419354838,0.8198412698412698,0.2766224088876846,0.3823998582063098,0.18131739108392506,0.31019619396791953,0.34326623637215165,0.4577879754149552,0.6597647808168471,0.7110468912430961,0.6629923574368018,0.7096266901822458,0.22040369776534913,0.23960350916562098,20261131,3,Europe,251,165,V1-V10_financial_only
PONE2016_h3_target_Europe,20260730,Full_random_search,cost_1,165,84,0.7595629883965989,"Same-horizon leave-one-region-out transfer; source regions=Asia,North America; target region=Europe; source-only fit/search/calibration; target labels untouched until final evaluation; V1-V10 financial ratios only.",Same full architecture and 81 evaluations as PBMSBAINGO; alpha=0.10.,Platt_logistic_on_separate_calibration_partition,0.5074402337506597,0.2857142857142857,0.9012345679012346,0.75,0.41379310344827586,0.5660377358490566,0.32608695652173914,0.23637641911347512,0.39336101450918665,0.5934744268077601,0.09876543209876543,0.19393939393939394,24.0,8.0,73.0,60.0,0.6968166062015267,0.7081128747795415,0.2247434595872373,0.6412670253361329,0.0935740600926117,-0.03943891647551047,0.8464746097180352,1.0,0.4121212121212121,0.4121212121212121,0.2976190476190476,0.3416666666666667,0.8888888888888888,0.9135802469135802,0.7360504201680673,0.803125,0.3380214453584019,0.38594158674803836,0.23172905016426554,0.3086548247881568,0.39481888697297096,0.4578072454492049,0.7039309797534606,0.7642738977095672,0.7111111111111111,0.7735449735449735,0.20441694828741885,0.223053041154915,20261131,3,Europe,251,165,V1-V10_financial_only
PONE2016_h3_target_Europe,20260730,Full_random_search,cost_2,165,84,0.30037729935853097,"Same-horizon leave-one-region-out transfer; source regions=Asia,North America; target region=Europe; source-only fit/search/calibration; target labels untouched until final evaluation; V1-V10 financial ratios only.",Same full architecture and 81 evaluations as PBMSBAINGO; alpha=0.10.,Platt_logistic_on_separate_calibration_partition,0.3849001794597505,1.0,0.14814814814814814,0.5490196078431373,0.7088607594936709,0.603448275862069,0.8588957055214724,0.2851950879643324,0.348294077351581,0.5740740740740741,0.8518518518518519,0.9272727272727272,84.0,69.0,12.0,0.0,0.6968166062015267,0.7081128747795415,0.2247434595872373,0.6412670253361329,0.0935740600926117,-0.03943891647551047,0.8464746097180352,2.0,0.41818181818181815,0.27710843373493976,1.0,1.0,0.10123456790123456,0.22716049382716047,0.535722210807479,0.573071377072819,0.8522739947864812,0.87029793891572,0.23275388591016638,0.36040982425130563,0.2865703121998253,0.4338163227271354,0.6246511230387098,0.7551726516844266,0.6503674309229864,0.741137566137566,0.2181133876485779,0.24300229230670028,20261131,3,Europe,251,165,V1-V10_financial_only
PONE2016_h3_target_Europe,20260730,Full_random_search,cost_5,165,84,0.30037729935853097,"Same-horizon leave-one-region-out transfer; source regions=Asia,North America; target region=Europe; source-only fit/search/calibration; target labels untouched until final evaluation; V1-V10 financial ratios only.",Same full architecture and 81 evaluations as PBMSBAINGO; alpha=0.10.,Platt_logistic_on_separate_calibration_partition,0.3849001794597505,1.0,0.14814814814814814,0.5490196078431373,0.7088607594936709,0.603448275862069,0.8588957055214724,0.2851950879643324,0.348294077351581,0.5740740740740741,0.8518518518518519,0.9272727272727272,84.0,69.0,12.0,0.0,0.6968166062015267,0.7081128747795415,0.2247434595872373,0.6412670253361329,0.0935740600926117,-0.03943891647551047,0.8464746097180352,5.0,0.41818181818181815,0.1377245508982036,1.0,1.0,0.08765432098765431,0.28148148148148144,0.5319841973716036,0.5910721735502712,0.8503748840035805,0.8783424007408265,0.21589991868238645,0.40664478354576195,0.2664489259951394,0.4842113839306713,0.6263121610224902,0.7146094520701347,0.6506172839506172,0.7310552616108171,0.22089860094314584,0.2448565162426521,20261131,3,Europe,251,165,V1-V10_financial_only
PONE2016_h3_target_Europe,20260730,Full_random_search,cost_10,165,84,0.30037729935853097,"Same-horizon leave-one-region-out transfer; source regions=Asia,North America; target region=Europe; source-only fit/search/calibration; target labels untouched until final evaluation; V1-V10 financial ratios only.",Same full architecture and 81 evaluations as PBMSBAINGO; alpha=0.10.,Platt_logistic_on_separate_calibration_partition,0.3849001794597505,1.0,0.14814814814814814,0.5490196078431373,0.7088607594936709,0.603448275862069,0.8588957055214724,0.2851950879643324,0.348294077351581,0.5740740740740741,0.8518518518518519,0.9272727272727272,84.0,69.0,12.0,0.0,0.6968166062015267,0.7081128747795415,0.2247434595872373,0.6412670253361329,0.0935740600926117,-0.03943891647551047,0.8464746097180352,10.0,0.41818181818181815,0.0749185667752443,1.0,1.0,0.0765432098765432,0.2074074074074074,0.5289748828265833,0.5668108108108108,0.8488290614051264,0.8674114886236098,0.2010271689967487,0.34282579924503565,0.2485525451120446,0.41423857762863486,0.6147496692841548,0.7079663400922336,0.6173868312757202,0.7157995296884185,0.22245578378932201,0.2526218839047286,20261131,3,Europe,251,165,V1-V10_financial_only
PONE2016_h3_target_Europe,20260730,Full_random_search,cost_20,165,84,0.30037729935853097,"Same-horizon leave-one-region-out transfer; source regions=Asia,North America; target region=Europe; source-only fit/search/calibration; target labels untouched until final evaluation; V1-V10 financial ratios only.",Same full architecture and 81 evaluations as PBMSBAINGO; alpha=0.10.,Platt_logistic_on_separate_calibration_partition,0.3849001794597505,1.0,0.14814814814814814,0.5490196078431373,0.7088607594936709,0.603448275862069,0.8588957055214724,0.2851950879643324,0.348294077351581,0.5740740740740741,0.8518518518518519,0.9272727272727272,84.0,69.0,12.0,0.0,0.6968166062015267,0.7081128747795415,0.2247434595872373,0.6412670253361329,0.0935740600926117,-0.03943891647551047,0.8464746097180352,20.0,0.41818181818181815,0.039182282793867124,1.0,1.0,0.12345679012345678,0.2641975308641975,0.5419354838709678,0.5850471675975032,0.8553971486761711,0.875741988248714,0.2586611978877235,0.3928574118203006,0.31726007449793675,0.469637175618296,0.6653389875463382,0.759755072033209,0.6565255731922398,0.7460170487948266,0.20880304475589628,0.24262962985853373,20261131,3,Europe,251,165,V1-V10_financial_only
PONE2016_h3_target_Europe,20260730,Balanced_logistic,triad,165,84,0.5851531214556651,"Same-horizon leave-one-region-out transfer; source regions=Asia,North America; target region=Europe; source-only fit/search/calibration; target labels untouched until final evaluation; V1-V10 financial ratios only.",Class-weighted logistic reference using the same source-only fit/search/calibration and untouched regional target.,Platt_logistic_on_separate_calibration_partition,0.6169752314428771,0.44047619047619047,0.8641975308641975,0.7708333333333334,0.5606060606060606,0.6702898550724637,0.4817708333333333,0.33535408434020625,0.5035157034823443,0.652336860670194,0.13580246913580246,0.2909090909090909,37.0,11.0,70.0,47.0,0.7118554167414453,0.7091416813639035,0.21576791254240654,0.6611578058351401,0.09449866878647806,0.08037447190316642,0.5485781441129249,,,,0.36904761904761907,0.5107142857142857,0.8530864197530864,0.9358024691358025,0.7519230769230769,0.8878881987577639,0.41058894494406667,0.5506993006993007,0.2806420369860413,0.4730643031320373,0.44855584163277157,0.6005337596368749,0.7004257235502092,0.7872408203777657,0.7046884185773075,0.7561728395061728,0.2002172124280371,0.2141907758428911,20262031,3,Europe,251,165,V1-V10_financial_only
PONE2016_h3_target_Europe,20260730,Balanced_logistic,cost_1,165,84,0.5343576017629494,"Same-horizon leave-one-region-out transfer; source regions=Asia,North America; target region=Europe; source-only fit/search/calibration; target labels untouched until final evaluation; V1-V10 financial ratios only.",Class-weighted logistic reference using the same source-only fit/search/calibration and untouched regional target.,Platt_logistic_on_separate_calibration_partition,0.6258445205509001,0.4880952380952381,0.8024691358024691,0.7192982456140351,0.5815602836879432,0.657051282051282,0.5216284987277354,0.30547467488707325,0.49276067322274575,0.6452821869488536,0.19753086419753085,0.34545454545454546,41.0,16.0,65.0,43.0,0.7118554167414453,0.7091416813639035,0.21576791254240654,0.6611578058351401,0.09449866878647806,0.08037447190316642,0.5485781441129249,1.0,0.3575757575757576,0.3575757575757576,0.45357142857142857,0.5416666666666667,0.8024691358024691,0.8641975308641975,0.7101116427432217,0.8038668098818474,0.4940279669179925,0.579281659816011,0.28514799492615894,0.4245575846663484,0.474403691333522,0.5828769822303771,0.6847921279140325,0.7265222721129765,0.690623162845385,0.728615520282187,0.21059805866121803,0.22593008441775642,20262031,3,Europe,251,165,V1-V10_financial_only
PONE2016_h3_target_Europe,20260730,Balanced_logistic,cost_2,165,84,0.35121809802522974,"Same-horizon leave-one-region-out transfer; source regions=Asia,North America; target region=Europe; source-only fit/search/calibration; target labels untouched until final evaluation; V1-V10 financial ratios only.",Class-weighted logistic reference using the same source-only fit/search/calibration and untouched regional target.,Platt_logistic_on_separate_calibration_partition,0.5953968042384461,0.7976190476190477,0.4444444444444444,0.5982142857142857,0.6836734693877551,0.6296992481203008,0.7477678571428571,0.2591579289043221,0.4512243205944816,0.621031746031746,0.5555555555555556,0.6787878787878788,67.0,45.0,36.0,17.0,0.7118554167414453,0.7091416813639035,0.21576791254240654,0.6611578058351401,0.09449866878647806,0.08037447190316642,0.5485781441129249,2.0,0.47878787878787876,0.3172690763052209,0.7869047619047619,0.8571428571428571,0.3592592592592592,0.5493827160493827,0.5652592744414839,0.6616822429906541,0.7371294619601618,0.8081611022787494,0.1822825535856722,0.41975839926154135,0.37417319845258395,0.5804837305698807,0.6957259232445637,0.7930878216097526,0.6842151675485009,0.7738830099941211,0.19613262287375302,0.2234035680143055,20262031,3,Europe,251,165,V1-V10_financial_only
PONE2016_h3_target_Europe,20260730,Balanced_logistic,cost_5,165,84,0.1050160200326777,"Same-horizon leave-one-region-out transfer; source regions=Asia,North America; target region=Europe; source-only fit/search/calibration; target labels untouched until final evaluation; V1-V10 financial ratios only.",Class-weighted logistic reference using the same source-only fit/search/calibration and untouched regional target.,Platt_logistic_on_separate_calibration_partition,0.2721655269759087,1.0,0.07407407407407407,0.5283018867924528,0.691358024691358,0.5833333333333334,0.8484848484848485,0.1978218215863388,0.24470723472325553,0.537037037037037,0.9259259259259259,0.9636363636363636,84.0,75.0,6.0,0.0,0.7118554167414453,0.7091416813639035,0.21576791254240654,0.6611578058351401,0.09449866878647806,0.08037447190316642,0.5485781441129249,5.0,0.45454545454545453,0.1497005988023952,1.0,1.0,0.024691358024691357,0.09753086419753086,0.5153374233128835,0.5346932193824074,0.8416833667334669,0.8517545228338439,0.1128023972375602,0.22832247602287653,0.14069794966113694,0.2813035149871455,0.6785625889248549,0.7621575723425703,0.6522927689594357,0.7645208700764257,0.19570219552531787,0.2342011707249442,20262031,3,Europe,251,165,V1-V10_financial_only
PONE2016_h3_target_Europe,20260730,Balanced_logistic,cost_10,165,84,0.1050160200326777,"Same-horizon leave-one-region-out transfer; source regions=Asia,North America; target region=Europe; source-only fit/search/calibration; target labels untouched until final evaluation; V1-V10 financial ratios only.",Class-weighted logistic reference using the same source-only fit/search/calibration and untouched regional target.,Platt_logistic_on_separate_calibration_partition,0.2721655269759087,1.0,0.07407407407407407,0.5283018867924528,0.691358024691358,0.5833333333333334,0.8484848484848485,0.1978218215863388,0.24470723472325553,0.537037037037037,0.9259259259259259,0.9636363636363636,84.0,75.0,6.0,0.0,0.7118554167414453,0.7091416813639035,0.21576791254240654,0.6611578058351401,0.09449866878647806,0.08037447190316642,0.5485781441129249,10.0,0.45454545454545453,0.08143322475570032,1.0,1.0,0.0382716049382716,0.08641975308641975,0.5188405797101449,0.5316455696202531,0.8435431868318344,0.8502024291497976,0.14077335997056728,0.21434709901482518,0.17518500820655358,0.26459210237113867,0.668110918892739,0.7489540395269302,0.7065990593768371,0.7532333921222811,0.1995737790088259,0.21739642014480756,20262031,3,Europe,251,165,V1-V10_financial_only
PONE2016_h3_target_Europe,20260730,Balanced_logistic,cost_20,165,84,0.1050160200326777,"Same-horizon leave-one-region-out transfer; source regions=Asia,North America; target region=Europe; source-only fit/search/calibration; target labels untouched until final evaluation; V1-V10 financial ratios only.",Class-weighted logistic reference using the same source-only fit/search/calibration and untouched regional target.,Platt_logistic_on_separate_calibration_partition,0.2721655269759087,1.0,0.07407407407407407,0.5283018867924528,0.691358024691358,0.5833333333333334,0.8484848484848485,0.1978218215863388,0.24470723472325553,0.537037037037037,0.9259259259259259,0.9636363636363636,84.0,75.0,6.0,0.0,0.7118554167414453,0.7091416813639035,0.21576791254240654,0.6611578058351401,0.09449866878647806,0.08037447190316642,0.5485781441129249,20.0,0.45454545454545453,0.04258943781942078,1.0,1.0,0.025925925925925925,0.10864197530864196,0.515655532833447,0.5377799415774099,0.8418523794577105,0.853312925841809,0.11538014783518916,0.24157452561308534,0.14387774679675,0.2970504314440172,0.6394214812720556,0.7480842665808315,0.6128747795414462,0.7250000000000001,0.2106070063426268,0.24826423290780894,20262031,3,Europe,251,165,V1-V10_financial_only
PONE2016_h3_target_North_America,20260730,HistGB,triad,159,81,0.7045357492619897,"Same-horizon leave-one-region-out transfer; source regions=Asia,Europe; target region=North America; source-only fit/search/calibration; target labels untouched until final evaluation; V1-V10 financial ratios only.",No metaheuristic; threshold and Platt calibration use calibration partition.,Platt_logistic_on_separate_calibration_partition,0.5229763603684908,0.2962962962962963,0.9230769230769231,0.8,0.43243243243243246,0.5970149253731343,0.3389830508474576,0.28029666917797874,0.424809301978894,0.6096866096866097,0.07692307692307693,0.18867924528301888,24.0,6.0,72.0,57.0,0.7425057484630788,0.7581513137068693,0.20819863601416055,0.6053359530164972,0.08778267966484377,0.41949899899776066,0.9980262905262238,,,,0.2740740740740741,0.30864197530864196,0.9102564102564102,0.9474358974358974,0.7608836206896551,0.8586206896551724,0.31444759206798867,0.353809243403253,0.23917916420774074,0.3299076332143663,0.39127297394951377,0.4579936502843269,0.6912261356907261,0.771346061376901,0.7062519784742007,0.7820512820512819,0.19651242663644453,0.2291400885107725,20260730,3,North America,257,159,V1-V10_financial_only
PONE2016_h3_target_North_America,20260730,HistGB,cost_1,159,81,0.24813772203518492,"Same-horizon leave-one-region-out transfer; source regions=Asia,Europe; target region=North America; source-only fit/search/calibration; target labels untouched until final evaluation; V1-V10 financial ratios only.",No metaheuristic; threshold and Platt calibration use calibration partition.,Platt_logistic_on_separate_calibration_partition,0.659385691644159,0.8271604938271605,0.5256410256410257,0.6442307692307693,0.7243243243243244,0.6740442655935613,0.7827102803738317,0.3707850740461613,0.5442524930069866,0.6764007597340931,0.47435897435897434,0.6540880503144654,67.0,37.0,41.0,14.0,0.7425057484630788,0.7581513137068693,0.20819863601416055,0.6053359530164972,0.08778267966484377,0.41949899899776066,0.9980262905262238,1.0,0.32075471698113206,0.32075471698113206,0.7703703703703704,0.8518518518518519,0.514102564102564,0.6461538461538462,0.6382032400589102,0.7063567362428843,0.740796416568388,0.8091057975761546,0.32804650095234533,0.4726321982543518,0.5173346056799457,0.6298008588104459,0.7395358624778862,0.8371638877900316,0.7601139601139602,0.8286957898069008,0.18074098341853623,0.20901655333798258,20260730,3,North America,257,159,V1-V10_financial_only
PONE2016_h3_target_North_America,20260730,HistGB,cost_2,159,81,0.24813772203518492,"Same-horizon leave-one-region-out transfer; source regions=Asia,Europe; target region=North America; source-only fit/search/calibration; target labels untouched until final evaluation; V1-V10 financial ratios only.",No metaheuristic; threshold and Platt calibration use calibration partition.,Platt_logistic_on_separate_calibration_partition,0.659385691644159,0.8271604938271605,0.5256410256410257,0.6442307692307693,0.7243243243243244,0.6740442655935613,0.7827102803738317,0.3707850740461613,0.5442524930069866,0.6764007597340931,0.47435897435897434,0.6540880503144654,67.0,37.0,41.0,14.0,0.7425057484630788,0.7581513137068693,0.20819863601416055,0.6053359530164972,0.08778267966484377,0.41949899899776066,0.9980262905262238,2.0,0.4088050314465409,0.2708333333333333,0.7901234567901234,0.8728395061728395,0.41666666666666663,0.5628205128205128,0.5977944862155389,0.6745908460471568,0.746978789531981,0.8243805374952915,0.27737875040155546,0.45952961222409544,0.45845109391019634,0.6088364712878626,0.6959761445280059,0.8046937222882931,0.717505539727762,0.7904874960430516,0.19944585684264463,0.22592745478623408,20260730,3,North America,257,159,V1-V10_financial_only
PONE2016_h3_target_North_America,20260730,HistGB,cost_5,159,81,0.24813772203518492,"Same-horizon leave-one-region-out transfer; source regions=Asia,Europe; target region=North America; source-only fit/search/calibration; target labels untouched until final evaluation; V1-V10 financial ratios only.",No metaheuristic; threshold and Platt calibration use calibration partition.,Platt_logistic_on_separate_calibration_partition,0.659385691644159,0.8271604938271605,0.5256410256410257,0.6442307692307693,0.7243243243243244,0.6740442655935613,0.7827102803738317,0.3707850740461613,0.5442524930069866,0.6764007597340931,0.47435897435897434,0.6540880503144654,67.0,37.0,41.0,14.0,0.7425057484630788,0.7581513137068693,0.20819863601416055,0.6053359530164972,0.08778267966484377,0.41949899899776066,0.9980262905262238,5.0,0.6729559748427673,0.22153209109730848,0.7839506172839507,0.8975308641975308,0.4115384615384615,0.5743589743589743,0.602097902097902,0.6756600660066007,0.7495778453225261,0.841812015503876,0.2996126098888723,0.47943119463951595,0.4718629287575544,0.6193032203341267,0.6568465176301667,0.8004068155232511,0.6843304843304844,0.8168882557771447,0.18152811259461804,0.22982128602243018,20260730,3,North America,257,159,V1-V10_financial_only
PONE2016_h3_target_North_America,20260730,HistGB,cost_10,159,81,0.24813772203518492,"Same-horizon leave-one-region-out transfer; source regions=Asia,Europe; target region=North America; source-only fit/search/calibration; target labels untouched until final evaluation; V1-V10 financial ratios only.",No metaheuristic; threshold and Platt calibration use calibration partition.,Platt_logistic_on_separate_calibration_partition,0.659385691644159,0.8271604938271605,0.5256410256410257,0.6442307692307693,0.7243243243243244,0.6740442655935613,0.7827102803738317,0.3707850740461613,0.5442524930069866,0.6764007597340931,0.47435897435897434,0.6540880503144654,67.0,37.0,41.0,14.0,0.7425057484630788,0.7581513137068693,0.20819863601416055,0.6053359530164972,0.08778267966484377,0.41949899899776066,0.9980262905262238,10.0,1.1132075471698113,0.19932432432432431,0.8074074074074075,0.8753086419753087,0.45,0.6205128205128205,0.6090096737170028,0.7027097902097902,0.7592617689789015,0.825731079374332,0.2892913881296599,0.4994138605108192,0.47567316580623054,0.6441393488638586,0.6657570416275769,0.7750058643338735,0.6789015511237734,0.8027065527065527,0.19171892936890064,0.23691462461298907,20260730,3,North America,257,159,V1-V10_financial_only
PONE2016_h3_target_North_America,20260730,HistGB,cost_20,159,81,0.24813772203518492,"Same-horizon leave-one-region-out transfer; source regions=Asia,Europe; target region=North America; source-only fit/search/calibration; target labels untouched until final evaluation; V1-V10 financial ratios only.",No metaheuristic; threshold and Platt calibration use calibration partition.,Platt_logistic_on_separate_calibration_partition,0.659385691644159,0.8271604938271605,0.5256410256410257,0.6442307692307693,0.7243243243243244,0.6740442655935613,0.7827102803738317,0.3707850740461613,0.5442524930069866,0.6764007597340931,0.47435897435897434,0.6540880503144654,67.0,37.0,41.0,14.0,0.7425057484630788,0.7581513137068693,0.20819863601416055,0.6053359530164972,0.08778267966484377,0.41949899899776066,0.9980262905262238,20.0,1.9937106918238994,0.18669022379269729,0.8024691358024691,0.8382716049382716,0.42948717948717946,0.6871794871794872,0.5940823327615781,0.7325298357556422,0.7507073196870646,0.8057601033504649,0.2517980457073499,0.5174018453753353,0.44271811276933,0.6642771012482697,0.6528054267952875,0.8225583052741215,0.6995884773662552,0.8165400443178221,0.19130492807718646,0.22402994142409238,20260730,3,North America,257,159,V1-V10_financial_only
PONE2016_h3_target_North_America,20260730,KELM_PBMSBAINGO,triad,159,81,0.5578337106433487,"Same-horizon leave-one-region-out transfer; source regions=Asia,Europe; target region=North America; source-only fit/search/calibration; target labels untouched until final evaluation; V1-V10 financial ratios only.",Plain KELM; hyperparameters/features selected only on search partition.,Platt_logistic_on_separate_calibration_partition,0.6038810848771177,0.4444444444444444,0.8205128205128205,0.72,0.549618320610687,0.6405693950177936,0.48128342245989303,0.2852774157763129,0.47031635529404064,0.6324786324786325,0.1794871794871795,0.31446540880503143,36.0,14.0,64.0,45.0,0.6989940976267199,0.6731560620449509,0.23394132606163714,0.6721633566943656,0.12287084415907508,0.11233276366442138,0.6683657618220218,,,,0.47160493827160493,0.5851851851851851,0.7846153846153846,0.8576923076923076,0.737004048582996,0.7818823529411765,0.5105525846702318,0.6103880331153978,0.33952852743792983,0.38065601843864155,0.5136375766532651,0.5592163653804963,0.7072023057932941,0.7694452066264003,0.6797087685976575,0.7451250395694841,0.2155916010823115,0.231950564729797,20260831,3,North America,257,159,V1-V10_financial_only
PONE2016_h3_target_North_America,20260730,KELM_PBMSBAINGO,cost_1,159,81,0.42000553916870903,"Same-horizon leave-one-region-out transfer; source regions=Asia,Europe; target region=North America; source-only fit/search/calibration; target labels untouched until final evaluation; V1-V10 financial ratios only.",Plain KELM; hyperparameters/features selected only on search partition.,Platt_logistic_on_separate_calibration_partition,0.5943705521611524,0.7654320987654321,0.46153846153846156,0.5961538461538461,0.6702702702702703,0.6237424547283702,0.7242990654205608,0.23854006109564616,0.4384216224907373,0.6134852801519468,0.5384615384615384,0.6540880503144654,62.0,42.0,36.0,19.0,0.6989940976267199,0.6731560620449509,0.23394132606163714,0.6721633566943656,0.12287084415907508,0.11233276366442138,0.6683657618220218,1.0,0.3836477987421384,0.3836477987421384,0.6814814814814815,0.7864197530864198,0.3987179487179487,0.5102564102564102,0.564937106918239,0.6129859387923904,0.6607421609881906,0.7434990481135341,0.1579685625662471,0.2817567928744102,0.36415937422634254,0.4748334520613584,0.673822870493172,0.7289775682244508,0.6456631845520735,0.7058879392212725,0.22141335294435976,0.24085383525328657,20260831,3,North America,257,159,V1-V10_financial_only
PONE2016_h3_target_North_America,20260730,KELM_PBMSBAINGO,cost_2,159,81,0.42000553916870903,"Same-horizon leave-one-region-out transfer; source regions=Asia,Europe; target region=North America; source-only fit/search/calibration; target labels untouched until final evaluation; V1-V10 financial ratios only.",Plain KELM; hyperparameters/features selected only on search partition.,Platt_logistic_on_separate_calibration_partition,0.5943705521611524,0.7654320987654321,0.46153846153846156,0.5961538461538461,0.6702702702702703,0.6237424547283702,0.7242990654205608,0.23854006109564616,0.4384216224907373,0.6134852801519468,0.5384615384615384,0.6540880503144654,62.0,42.0,36.0,19.0,0.6989940976267199,0.6731560620449509,0.23394132606163714,0.6721633566943656,0.12287084415907508,0.11233276366442138,0.6683657618220218,2.0,0.5031446540880503,0.3333333333333333,0.7222222222222222,0.8691358024691358,0.47435897435897434,0.5230769230769231,0.5885934819897084,0.6386756756756757,0.6913137294259334,0.8100641539695269,0.20609286155137096,0.38786636539798564,0.4131616969508706,0.5481697163451871,0.7038390753248275,0.788060472565099,0.6708452041785374,0.7689300411522634,0.21177998144962712,0.23406488314650767,20260831,3,North America,257,159,V1-V10_financial_only
PONE2016_h3_target_North_America,20260730,KELM_PBMSBAINGO,cost_5,159,81,0.3776074001508651,"Same-horizon leave-one-region-out transfer; source regions=Asia,Europe; target region=North America; source-only fit/search/calibration; target labels untouched until final evaluation; V1-V10 financial ratios only.",Plain KELM; hyperparameters/features selected only on search partition.,Platt_logistic_on_separate_calibration_partition,0.47207555959448383,0.7901234567901234,0.28205128205128205,0.5333333333333333,0.6368159203980099,0.5704099821746881,0.7207207207207207,0.08385946846488994,0.2653740054302908,0.5360873694207027,0.717948717948718,0.7547169811320755,64.0,56.0,22.0,17.0,0.6989940976267199,0.6731560620449509,0.23394132606163714,0.6721633566943656,0.12287084415907508,0.11233276366442138,0.6683657618220218,5.0,0.8867924528301887,0.2919254658385093,0.754320987654321,0.8358024691358025,0.22435897435897437,0.33205128205128204,0.5067020148462353,0.5650847457627118,0.6936371558300591,0.762718600953895,-0.011074939805876555,0.1947931686775486,0.02505970014624442,0.3777948971676554,0.6191213635494185,0.7624283229424698,0.5931782209559987,0.7203545425767648,0.2196975857403627,0.25400881900118455,20260831,3,North America,257,159,V1-V10_financial_only
PONE2016_h3_target_North_America,20260730,KELM_PBMSBAINGO,cost_10,159,81,0.0,"Same-horizon leave-one-region-out transfer; source regions=Asia,Europe; target region=North America; source-only fit/search/calibration; target labels untouched until final evaluation; V1-V10 financial ratios only.",Plain KELM; hyperparameters/features selected only on search partition.,Platt_logistic_on_separate_calibration_partition,0.0,1.0,0.0,0.5094339622641509,0.675,0.5648535564853556,0.8385093167701864,0.0,0.0,0.5,1.0,1.0,81.0,78.0,0.0,0.0,0.6989940976267199,0.6731560620449509,0.23394132606163714,0.6721633566943656,0.12287084415907508,0.11233276366442138,0.6683657618220218,10.0,0.49056603773584906,0.08783783783783784,1.0,1.0,0.0,0.0,0.5094339622641509,0.5094339622641509,0.8385093167701864,0.8385093167701864,0.0,0.0,0.0,0.0,0.6643885597283479,0.7753686772035481,0.6308800253244699,0.7438904716682494,0.21848303178648365,0.24133125770859667,20260831,3,North America,257,159,V1-V10_financial_only
PONE2016_h3_target_North_America,20260730,KELM_PBMSBAINGO,cost_20,159,81,0.0,"Same-horizon leave-one-region-out transfer; source regions=Asia,Europe; target region=North America; source-only fit/search/calibration; target labels untouched until final evaluation; V1-V10 financial ratios only.",Plain KELM; hyperparameters/features selected only on search partition.,Platt_logistic_on_separate_calibration_partition,0.0,1.0,0.0,0.5094339622641509,0.675,0.5648535564853556,0.8385093167701864,0.0,0.0,0.5,1.0,1.0,81.0,78.0,0.0,0.0,0.6989940976267199,0.6731560620449509,0.23394132606163714,0.6721633566943656,0.12287084415907508,0.11233276366442138,0.6683657618220218,20.0,0.49056603773584906,0.045936395759717315,1.0,1.0,0.0,0.0,0.5094339622641509,0.5094339622641509,0.8385093167701864,0.8385093167701864,0.0,0.0,0.0,0.0,0.6461671217582543,0.7309126151293016,0.620971826527382,0.6855492244381133,0.23093700297405184,0.2553850954485554,20260831,3,North America,257,159,V1-V10_financial_only
PONE2016_h3_target_North_America,20260730,KELM_score_fusion,triad,159,81,0.7045357492619897,"Same-horizon leave-one-region-out transfer; source regions=Asia,Europe; target region=North America; source-only fit/search/calibration; target labels untouched until final evaluation; V1-V10 financial ratios only.",Plain KELM plus HistGB score-level fusion; alpha=0.00 selected only on search partition.,Platt_logistic_on_separate_calibration_partition,0.5229763603684908,0.2962962962962963,0.9230769230769231,0.8,0.43243243243243246,0.5970149253731343,0.3389830508474576,0.28029666917797874,0.424809301978894,0.6096866096866097,0.07692307692307693,0.18867924528301888,24.0,6.0,72.0,57.0,0.7425057484630788,0.7581513137068693,0.20819863601416055,0.6053359530164972,0.08778267966484377,0.41949899899776066,0.9980262905262238,,,,0.2382716049382716,0.36666666666666664,0.9012820512820513,0.9602564102564103,0.7160919540229885,0.898235294117647,0.27501831501831503,0.41523056528737806,0.18796023098427467,0.38782191164040464,0.34238977232362083,0.5130551133257181,0.6957596311869868,0.8052233655390483,0.7140392529281417,0.8232193732193732,0.18681657841599505,0.22149380477137137,20260833,3,North America,257,159,V1-V10_financial_only
PONE2016_h3_target_North_America,20260730,KELM_score_fusion,cost_1,159,81,0.24813772203518492,"Same-horizon leave-one-region-out transfer; source regions=Asia,Europe; target region=North America; source-only fit/search/calibration; target labels untouched until final evaluation; V1-V10 financial ratios only.",Plain KELM plus HistGB score-level fusion; alpha=0.00 selected only on search partition.,Platt_logistic_on_separate_calibration_partition,0.659385691644159,0.8271604938271605,0.5256410256410257,0.6442307692307693,0.7243243243243244,0.6740442655935613,0.7827102803738317,0.3707850740461613,0.5442524930069866,0.6764007597340931,0.47435897435897434,0.6540880503144654,67.0,37.0,41.0,14.0,0.7425057484630788,0.7581513137068693,0.20819863601416055,0.6053359530164972,0.08778267966484377,0.41949899899776066,0.9980262905262238,1.0,0.32075471698113206,0.32075471698113206,0.8148148148148148,0.8753086419753087,0.4282051282051282,0.5512820512820513,0.5985279922779922,0.6653465346534653,0.7604056795131846,0.8156877526143581,0.27116677491055075,0.4339340856860756,0.45655311019307193,0.5895382804050916,0.6612058265150199,0.7961333891209832,0.7094175371953149,0.7890155112377334,0.1919367357019076,0.23093718473369654,20260833,3,North America,257,159,V1-V10_financial_only
PONE2016_h3_target_North_America,20260730,KELM_score_fusion,cost_2,159,81,0.24813772203518492,"Same-horizon leave-one-region-out transfer; source regions=Asia,Europe; target region=North America; source-only fit/search/calibration; target labels untouched until final evaluation; V1-V10 financial ratios only.",Plain KELM plus HistGB score-level fusion; alpha=0.00 selected only on search partition.,Platt_logistic_on_separate_calibration_partition,0.659385691644159,0.8271604938271605,0.5256410256410257,0.6442307692307693,0.7243243243243244,0.6740442655935613,0.7827102803738317,0.3707850740461613,0.5442524930069866,0.6764007597340931,0.47435897435897434,0.6540880503144654,67.0,37.0,41.0,14.0,0.7425057484630788,0.7581513137068693,0.20819863601416055,0.6053359530164972,0.08778267966484377,0.41949899899776066,0.9980262905262238,2.0,0.4088050314465409,0.2708333333333333,0.7802469135802469,0.8864197530864197,0.46153846153846156,0.6012820512820513,0.6025,0.6825958420751478,0.7380363104828663,0.832015368568935,0.2630454033324019,0.46632111455589165,0.45655890909326075,0.6116864232242345,0.6872350003245525,0.7846086304650641,0.7361031972143083,0.7991452991452991,0.1990761285365385,0.21537020573725982,20260833,3,North America,257,159,V1-V10_financial_only
PONE2016_h3_target_North_America,20260730,KELM_score_fusion,cost_5,159,81,0.24813772203518492,"Same-horizon leave-one-region-out transfer; source regions=Asia,Europe; target region=North America; source-only fit/search/calibration; target labels untouched until final evaluation; V1-V10 financial ratios only.",Plain KELM plus HistGB score-level fusion; alpha=0.00 selected only on search partition.,Platt_logistic_on_separate_calibration_partition,0.659385691644159,0.8271604938271605,0.5256410256410257,0.6442307692307693,0.7243243243243244,0.6740442655935613,0.7827102803738317,0.3707850740461613,0.5442524930069866,0.6764007597340931,0.47435897435897434,0.6540880503144654,67.0,37.0,41.0,14.0,0.7425057484630788,0.7581513137068693,0.20819863601416055,0.6053359530164972,0.08778267966484377,0.41949899899776066,0.9980262905262238,5.0,0.6729559748427673,0.22153209109730848,0.7679012345679012,0.8271604938271605,0.4769230769230769,0.5871794871794872,0.6140227147829272,0.6741394527802295,0.7392271662763467,0.7912202899995018,0.29457552688011135,0.42523386228583604,0.48281992774923754,0.5901775410456785,0.6966780246640353,0.8074086455655288,0.7107470718581829,0.8100981323203544,0.18850718119752818,0.22573791862216416,20260833,3,North America,257,159,V1-V10_financial_only
PONE2016_h3_target_North_America,20260730,KELM_score_fusion,cost_10,159,81,0.24813772203518492,"Same-horizon leave-one-region-out transfer; source regions=Asia,Europe; target region=North America; source-only fit/search/calibration; target labels untouched until final evaluation; V1-V10 financial ratios only.",Plain KELM plus HistGB score-level fusion; alpha=0.00 selected only on search partition.,Platt_logistic_on_separate_calibration_partition,0.659385691644159,0.8271604938271605,0.5256410256410257,0.6442307692307693,0.7243243243243244,0.6740442655935613,0.7827102803738317,0.3707850740461613,0.5442524930069866,0.6764007597340931,0.47435897435897434,0.6540880503144654,67.0,37.0,41.0,14.0,0.7425057484630788,0.7581513137068693,0.20819863601416055,0.6053359530164972,0.08778267966484377,0.41949899899776066,0.9980262905262238,10.0,1.1132075471698113,0.19932432432432431,0.8061728395061728,0.9185185185185185,0.4769230769230769,0.5871794871794872,0.6271551724137931,0.6786666666666668,0.763223421526041,0.847465034965035,0.32729973908415144,0.4498704551229876,0.5104227614189321,0.6016525502586727,0.7197773209323031,0.7824586484831175,0.7454890788224121,0.7721905666350111,0.20270378162816755,0.22093503372653447,20260833,3,North America,257,159,V1-V10_financial_only
PONE2016_h3_target_North_America,20260730,KELM_score_fusion,cost_20,159,81,0.24813772203518492,"Same-horizon leave-one-region-out transfer; source regions=Asia,Europe; target region=North America; source-only fit/search/calibration; target labels untouched until final evaluation; V1-V10 financial ratios only.",Plain KELM plus HistGB score-level fusion; alpha=0.00 selected only on search partition.,Platt_logistic_on_separate_calibration_partition,0.659385691644159,0.8271604938271605,0.5256410256410257,0.6442307692307693,0.7243243243243244,0.6740442655935613,0.7827102803738317,0.3707850740461613,0.5442524930069866,0.6764007597340931,0.47435897435897434,0.6540880503144654,67.0,37.0,41.0,14.0,0.7425057484630788,0.7581513137068693,0.20819863601416055,0.6053359530164972,0.08778267966484377,0.41949899899776066,0.9980262905262238,20.0,1.9937106918238994,0.18669022379269729,0.7296296296296296,0.837037037037037,0.47435897435897434,0.6141025641025641,0.5904059405940594,0.6852147852147852,0.6967674805771366,0.8006876276844885,0.21117064895052456,0.44755944055722513,0.41808731323940695,0.6075979655503378,0.6560957680852938,0.8242562758782597,0.6980531813865146,0.7930990819879709,0.19871613615242245,0.23137740576475574,20260833,3,North America,257,159,V1-V10_financial_only
PONE2016_h3_target_North_America,20260730,KELM_risk_feature,triad,159,81,0.6985313369173956,"Same-horizon leave-one-region-out transfer; source regions=Asia,Europe; target region=North America; source-only fit/search/calibration; target labels untouched until final evaluation; V1-V10 financial ratios only.",OOF HistGB risk is a forced KELM input; no score-level fusion.,Platt_logistic_on_separate_calibration_partition,0.5178057779499754,0.2716049382716049,0.9871794871794872,0.9565217391304348,0.4230769230769231,0.6358381502890174,0.3170028818443804,0.3677854753607876,0.46200086230361553,0.629392212725546,0.01282051282051282,0.14465408805031446,22.0,1.0,77.0,59.0,0.7772046949845317,0.7622665400443178,0.20829523846591397,0.6034991295895848,0.06615759479075745,-0.03846424499855646,1.0792487961774968,,,,0.20617283950617282,0.3753086419753086,0.9756410256410256,1.0,0.926923076923077,1.0,0.2449059162569927,0.4275682182985554,0.332003798781604,0.4554378084686281,0.4088343840126915,0.5522606307008103,0.7769770474882178,0.8177096811098079,0.7314181703070592,0.8069642291864514,0.19599485984677542,0.21760222984415978,20260941,3,North America,257,159,V1-V10_financial_only
PONE2016_h3_target_North_America,20260730,KELM_risk_feature,cost_1,159,81,0.3165434854018436,"Same-horizon leave-one-region-out transfer; source regions=Asia,Europe; target region=North America; source-only fit/search/calibration; target labels untouched until final evaluation; V1-V10 financial ratios only.",OOF HistGB risk is a forced KELM input; no score-level fusion.,Platt_logistic_on_separate_calibration_partition,0.5374544011371363,0.9012345679012346,0.32051282051282054,0.5793650793650794,0.7053140096618358,0.6239316239316239,0.8111111111111111,0.2733418201477348,0.42900574667423214,0.6108736942070275,0.6794871794871795,0.7924528301886793,73.0,53.0,25.0,8.0,0.7772046949845317,0.7622665400443178,0.20829523846591397,0.6034991295895848,0.06615759479075745,-0.03846424499855646,1.0792487961774968,1.0,0.3836477987421384,0.3836477987421384,0.8555555555555555,0.9234567901234568,0.25897435897435894,0.37051282051282053,0.5525251908396946,0.6037044322056124,0.7715367483296214,0.8350036952700542,0.16762586176405656,0.35437518990828104,0.34209308992941456,0.494889580554943,0.7163936640891119,0.8292794868859609,0.7010129787907566,0.806315289648623,0.193676408290147,0.22697132934749048,20260941,3,North America,257,159,V1-V10_financial_only
PONE2016_h3_target_North_America,20260730,KELM_risk_feature,cost_2,159,81,0.3165434854018436,"Same-horizon leave-one-region-out transfer; source regions=Asia,Europe; target region=North America; source-only fit/search/calibration; target labels untouched until final evaluation; V1-V10 financial ratios only.",OOF HistGB risk is a forced KELM input; no score-level fusion.,Platt_logistic_on_separate_calibration_partition,0.5374544011371363,0.9012345679012346,0.32051282051282054,0.5793650793650794,0.7053140096618358,0.6239316239316239,0.8111111111111111,0.2733418201477348,0.42900574667423214,0.6108736942070275,0.6794871794871795,0.7924528301886793,73.0,53.0,25.0,8.0,0.7772046949845317,0.7622665400443178,0.20829523846591397,0.6034991295895848,0.06615759479075745,-0.03846424499855646,1.0792487961774968,2.0,0.4339622641509434,0.2875,0.854320987654321,0.9259259259259259,0.32051282051282054,0.36923076923076925,0.5737971569163478,0.5947694038245219,0.7817297592113769,0.8331485587583148,0.2395395336620021,0.3341722787560724,0.4084263726811889,0.4743098816504931,0.799586411814655,0.855053175750145,0.7510288065843621,0.8174105729661286,0.189439775077879,0.2175681476839725,20260941,3,North America,257,159,V1-V10_financial_only
PONE2016_h3_target_North_America,20260730,KELM_risk_feature,cost_5,159,81,0.2789759192803398,"Same-horizon leave-one-region-out transfer; source regions=Asia,Europe; target region=North America; source-only fit/search/calibration; target labels untouched until final evaluation; V1-V10 financial ratios only.",OOF HistGB risk is a forced KELM input; no score-level fusion.,Platt_logistic_on_separate_calibration_partition,0.5408304963950897,0.9506172839506173,0.3076923076923077,0.5877862595419847,0.7264150943396226,0.6363636363636364,0.8461538461538461,0.3390124753470126,0.462856117899349,0.6291547958214625,0.6923076923076923,0.8238993710691824,77.0,54.0,24.0,4.0,0.7772046949845317,0.7622665400443178,0.20829523846591397,0.6034991295895848,0.06615759479075745,-0.03846424499855646,1.0792487961774968,5.0,0.46540880503144655,0.15320910973084886,0.9148148148148147,0.9728395061728395,0.2,0.35256410256410253,0.5575224071702946,0.5954301075268817,0.8227208646616541,0.8473053610420902,0.2609718865947311,0.32865077615240146,0.3736137181950202,0.4734773661543747,0.7022361738673597,0.8272142344353809,0.7211934156378601,0.7789332067109843,0.20088193290320755,0.2237088753318772,20260941,3,North America,257,159,V1-V10_financial_only
PONE2016_h3_target_North_America,20260730,KELM_risk_feature,cost_10,159,81,0.1928671977042925,"Same-horizon leave-one-region-out transfer; source regions=Asia,Europe; target region=North America; source-only fit/search/calibration; target labels untouched until final evaluation; V1-V10 financial ratios only.",OOF HistGB risk is a forced KELM input; no score-level fusion.,Platt_logistic_on_separate_calibration_partition,0.3536093458663302,0.9753086419753086,0.1282051282051282,0.5374149659863946,0.6929824561403509,0.5904334828101644,0.8386411889596603,0.1959018995583507,0.29042146083858694,0.5517568850902184,0.8717948717948718,0.9245283018867925,79.0,68.0,10.0,2.0,0.7772046949845317,0.7622665400443178,0.20829523846591397,0.6034991295895848,0.06615759479075745,-0.03846424499855646,1.0792487961774968,10.0,0.5534591194968553,0.0990990990990991,0.9518518518518518,0.9864197530864197,0.06666666666666667,0.17692307692307693,0.5169276892786826,0.5513694638694638,0.8162154326494202,0.8458085662159164,0.0636587405147739,0.25272437605260933,0.159630046059372,0.35112247299137034,0.6994421081838684,0.7746048193330246,0.7056346945235834,0.7590060145615701,0.20838448030816478,0.2269092656045122,20260941,3,North America,257,159,V1-V10_financial_only
PONE2016_h3_target_North_America,20260730,KELM_risk_feature,cost_20,159,81,0.1928671977042925,"Same-horizon leave-one-region-out transfer; source regions=Asia,Europe; target region=North America; source-only fit/search/calibration; target labels untouched until final evaluation; V1-V10 financial ratios only.",OOF HistGB risk is a forced KELM input; no score-level fusion.,Platt_logistic_on_separate_calibration_partition,0.3536093458663302,0.9753086419753086,0.1282051282051282,0.5374149659863946,0.6929824561403509,0.5904334828101644,0.8386411889596603,0.1959018995583507,0.29042146083858694,0.5517568850902184,0.8717948717948718,0.9245283018867925,79.0,68.0,10.0,2.0,0.7772046949845317,0.7622665400443178,0.20829523846591397,0.6034991295895848,0.06615759479075745,-0.03846424499855646,1.0792487961774968,20.0,0.6792452830188679,0.0636042402826855,0.9308641975308642,0.9975308641975309,0.1282051282051282,0.1782051282051282,0.5374149659863946,0.5484797297297298,0.8128058035611928,0.8566474721135738,0.1626127442044442,0.27431789357205666,0.29042146083858694,0.3403941213729652,0.732832166616759,0.8762286000918506,0.7100348211459322,0.8389522000633112,0.18501113121515658,0.22227481215095704,20260941,3,North America,257,159,V1-V10_financial_only
PONE2016_h3_target_North_America,20260730,Full_PBMSBAINGO,triad,159,81,0.7006091511076957,"Same-horizon leave-one-region-out transfer; source regions=Asia,Europe; target region=North America; source-only fit/search/calibration; target labels untouched until final evaluation; V1-V10 financial ratios only.",Risk feature plus score fusion; alpha=0.50 selected only on search partition.,Platt_logistic_on_separate_calibration_partition,0.5156616454358413,0.2962962962962963,0.8974358974358975,0.75,0.4247787610619469,0.5741626794258373,0.33707865168539325,0.2415542913535388,0.40048059040051814,0.5968660968660968,0.10256410256410256,0.20125786163522014,24.0,8.0,70.0,57.0,0.7316896687293313,0.7511870845204178,0.21207759085391903,0.6140369650201799,0.09766384298665008,0.4053055420199013,0.9428610943162072,,,,0.2617283950617284,0.34320987654320984,0.8243589743589743,0.9833333333333334,0.6076470588235294,0.9491666666666667,0.29535410279952073,0.38383060185833684,0.10405025849052024,0.37521204360122923,0.28111357438342865,0.4732770680018044,0.6456930053334846,0.8369966368040503,0.6390946502057613,0.8160018993352327,0.18179428326697758,0.2525140519472461,20261037,3,North America,257,159,V1-V10_financial_only
PONE2016_h3_target_North_America,20260730,Full_PBMSBAINGO,cost_1,159,81,0.2802328388676359,"Same-horizon leave-one-region-out transfer; source regions=Asia,Europe; target region=North America; source-only fit/search/calibration; target labels untouched until final evaluation; V1-V10 financial ratios only.",Risk feature plus score fusion; alpha=0.50 selected only on search partition.,Platt_logistic_on_separate_calibration_partition,0.6751595780557778,0.7901234567901234,0.5769230769230769,0.6597938144329897,0.7191011235955056,0.6823027718550106,0.7600950118764845,0.37620903903419556,0.5555809730396847,0.6835232668566001,0.4230769230769231,0.610062893081761,64.0,33.0,45.0,17.0,0.7316896687293313,0.7511870845204178,0.21207759085391903,0.6140369650201799,0.09766384298665008,0.4053055420199013,0.9428610943162072,1.0,0.31446540880503143,0.31446540880503143,0.7555555555555555,0.8024691358024691,0.47820512820512817,0.6269230769230769,0.6149935885693351,0.6870967741935484,0.7306708332617915,0.7667598941923744,0.29654520680746954,0.421864860052813,0.4849012569662043,0.5930977827247681,0.6602986274693109,0.7546915398957706,0.6869420702754037,0.7759100981323204,0.20463790664884474,0.23165311056569793,20261037,3,North America,257,159,V1-V10_financial_only
PONE2016_h3_target_North_America,20260730,Full_PBMSBAINGO,cost_2,159,81,0.2802328388676359,"Same-horizon leave-one-region-out transfer; source regions=Asia,Europe; target region=North America; source-only fit/search/calibration; target labels untouched until final evaluation; V1-V10 financial ratios only.",Risk feature plus score fusion; alpha=0.50 selected only on search partition.,Platt_logistic_on_separate_calibration_partition,0.6751595780557778,0.7901234567901234,0.5769230769230769,0.6597938144329897,0.7191011235955056,0.6823027718550106,0.7600950118764845,0.37620903903419556,0.5555809730396847,0.6835232668566001,0.4230769230769231,0.610062893081761,64.0,33.0,45.0,17.0,0.7316896687293313,0.7511870845204178,0.21207759085391903,0.6140369650201799,0.09766384298665008,0.4053055420199013,0.9428610943162072,2.0,0.42138364779874216,0.2791666666666667,0.754320987654321,0.8592592592592592,0.4897435897435897,0.65,0.6238388969521045,0.6993181818181817,0.7404248153481674,0.8200273320402045,0.32266428399476266,0.4875726170515019,0.5049412902545298,0.6359297421746912,0.7513012476420611,0.8129229445163314,0.7450459006014561,0.8024058246280468,0.19560676577922118,0.2128672126265776,20261037,3,North America,257,159,V1-V10_financial_only
PONE2016_h3_target_North_America,20260730,Full_PBMSBAINGO,cost_5,159,81,0.19511127081572366,"Same-horizon leave-one-region-out transfer; source regions=Asia,Europe; target region=North America; source-only fit/search/calibration; target labels untouched until final evaluation; V1-V10 financial ratios only.",Risk feature plus score fusion; alpha=0.50 selected only on search partition.,Platt_logistic_on_separate_calibration_partition,0.6258896801656757,0.9259259259259259,0.4230769230769231,0.625,0.746268656716418,0.6684491978609626,0.8445945945945946,0.4055046665900928,0.5415814899695359,0.6745014245014245,0.5769230769230769,0.7547169811320755,75.0,45.0,33.0,6.0,0.7316896687293313,0.7511870845204178,0.21207759085391903,0.6140369650201799,0.09766384298665008,0.4053055420199013,0.9428610943162072,5.0,0.4716981132075472,0.15527950310559005,0.8913580246913579,0.9617283950617284,0.33589743589743587,0.5589743589743589,0.5827432467873066,0.6945292066259808,0.805988334931288,0.892834051724138,0.27539783619601765,0.5711120446932795,0.435636865305708,0.673941010531107,0.6738204775543696,0.767459598548255,0.6966919911364355,0.8098923710034821,0.1896065228277213,0.2356253063377947,20261037,3,North America,257,159,V1-V10_financial_only
PONE2016_h3_target_North_America,20260730,Full_PBMSBAINGO,cost_10,159,81,0.19511127081572366,"Same-horizon leave-one-region-out transfer; source regions=Asia,Europe; target region=North America; source-only fit/search/calibration; target labels untouched until final evaluation; V1-V10 financial ratios only.",Risk feature plus score fusion; alpha=0.50 selected only on search partition.,Platt_logistic_on_separate_calibration_partition,0.6258896801656757,0.9259259259259259,0.4230769230769231,0.625,0.746268656716418,0.6684491978609626,0.8445945945945946,0.4055046665900928,0.5415814899695359,0.6745014245014245,0.5769230769230769,0.7547169811320755,75.0,45.0,33.0,6.0,0.7316896687293313,0.7511870845204178,0.21207759085391903,0.6140369650201799,0.09766384298665008,0.4053055420199013,0.9428610943162072,10.0,0.660377358490566,0.11824324324324324,0.8790123456790123,0.9814814814814814,0.39999999999999997,0.5,0.608706896551724,0.6578947368421053,0.8083435708435708,0.8909855658729429,0.33818937047190656,0.5163896270428009,0.49916291964277293,0.6124864929790637,0.6956028414073965,0.7863793242707382,0.7090376701487813,0.8085153529597973,0.18778263339050988,0.2235767673949363,20261037,3,North America,257,159,V1-V10_financial_only
PONE2016_h3_target_North_America,20260730,Full_PBMSBAINGO,cost_20,159,81,0.19511127081572366,"Same-horizon leave-one-region-out transfer; source regions=Asia,Europe; target region=North America; source-only fit/search/calibration; target labels untouched until final evaluation; V1-V10 financial ratios only.",Risk feature plus score fusion; alpha=0.50 selected only on search partition.,Platt_logistic_on_separate_calibration_partition,0.6258896801656757,0.9259259259259259,0.4230769230769231,0.625,0.746268656716418,0.6684491978609626,0.8445945945945946,0.4055046665900928,0.5415814899695359,0.6745014245014245,0.5769230769230769,0.7547169811320755,75.0,45.0,33.0,6.0,0.7316896687293313,0.7511870845204178,0.21207759085391903,0.6140369650201799,0.09766384298665008,0.4053055420199013,0.9428610943162072,20.0,1.0377358490566038,0.09717314487632508,0.8913580246913579,0.9382716049382716,0.35,0.5089743589743589,0.5992384148702724,0.6610619469026549,0.8243784055576648,0.8578967984002309,0.3529701310070078,0.47881372610920114,0.4877549250747307,0.6074009098696574,0.6931543617639315,0.8020989089709365,0.7033713200379865,0.7903292181069959,0.1956286150120832,0.22522674997521616,20261037,3,North America,257,159,V1-V10_financial_only
PONE2016_h3_target_North_America,20260730,Uncertainty_gated_fusion,triad,159,81,0.6985313369173956,"Same-horizon leave-one-region-out transfer; source regions=Asia,Europe; target region=North America; source-only fit/search/calibration; target labels untouched until final evaluation; V1-V10 financial ratios only.","One-standard-error paired-bootstrap gate selected KELM_risk_feature; search utility difference=-0.2515, required margin=0.1291.",Platt_logistic_on_separate_calibration_partition,0.5178057779499754,0.2716049382716049,0.9871794871794872,0.9565217391304348,0.4230769230769231,0.6358381502890174,0.3170028818443804,0.3677854753607876,0.46200086230361553,0.629392212725546,0.01282051282051282,0.14465408805031446,22.0,1.0,77.0,59.0,0.7772046949845317,0.7622665400443178,0.20829523846591397,0.6034991295895848,0.06615759479075745,-0.03846424499855646,1.0792487961774968,,,,0.19999999999999998,0.3074074074074074,0.9397435897435897,1.0,0.8123076923076924,1.0,0.23808049535603715,0.3557142857142857,0.25877436309923463,0.39645742035711595,0.3885835439293475,0.4934340605213251,0.6939614194992513,0.8396919794785398,0.7229028173472618,0.7907565685343463,0.19560824285695766,0.21936218431225457,20261083,3,North America,257,159,V1-V10_financial_only
PONE2016_h3_target_North_America,20260730,Uncertainty_gated_fusion,cost_1,159,81,0.3165434854018436,"Same-horizon leave-one-region-out transfer; source regions=Asia,Europe; target region=North America; source-only fit/search/calibration; target labels untouched until final evaluation; V1-V10 financial ratios only.","One-standard-error paired-bootstrap gate selected KELM_risk_feature; search utility difference=-0.2515, required margin=0.1291.",Platt_logistic_on_separate_calibration_partition,0.5374544011371363,0.9012345679012346,0.32051282051282054,0.5793650793650794,0.7053140096618358,0.6239316239316239,0.8111111111111111,0.2733418201477348,0.42900574667423214,0.6108736942070275,0.6794871794871795,0.7924528301886793,73.0,53.0,25.0,8.0,0.7772046949845317,0.7622665400443178,0.20829523846591397,0.6034991295895848,0.06615759479075745,-0.03846424499855646,1.0792487961774968,1.0,0.3836477987421384,0.3836477987421384,0.8765432098765432,0.9123456790123456,0.24358974358974358,0.28205128205128205,0.5461538461538461,0.568896839594514,0.7819383259911894,0.8140541276463323,0.15551822471256693,0.25134820320721263,0.3214187487061207,0.40138917102334754,0.7399763181579009,0.8153374000679087,0.6981639759417536,0.7574865463754352,0.21534409254907688,0.2356552351978685,20261083,3,North America,257,159,V1-V10_financial_only
PONE2016_h3_target_North_America,20260730,Uncertainty_gated_fusion,cost_2,159,81,0.3165434854018436,"Same-horizon leave-one-region-out transfer; source regions=Asia,Europe; target region=North America; source-only fit/search/calibration; target labels untouched until final evaluation; V1-V10 financial ratios only.","One-standard-error paired-bootstrap gate selected KELM_risk_feature; search utility difference=-0.2515, required margin=0.1291.",Platt_logistic_on_separate_calibration_partition,0.5374544011371363,0.9012345679012346,0.32051282051282054,0.5793650793650794,0.7053140096618358,0.6239316239316239,0.8111111111111111,0.2733418201477348,0.42900574667423214,0.6108736942070275,0.6794871794871795,0.7924528301886793,73.0,53.0,25.0,8.0,0.7772046949845317,0.7622665400443178,0.20829523846591397,0.6034991295895848,0.06615759479075745,-0.03846424499855646,1.0792487961774968,2.0,0.4339622641509434,0.2875,0.8777777777777778,0.9604938271604938,0.2282051282051282,0.3564102564102564,0.557334589121733,0.5986776859504132,0.7983346709470305,0.8555572543885634,0.23037491048069025,0.3744013872746959,0.3660526679527814,0.49202258487128364,0.7705213059847271,0.8903090630576543,0.738809749920861,0.862408990186768,0.17525773835375086,0.21749337427140142,20261083,3,North America,257,159,V1-V10_financial_only
PONE2016_h3_target_North_America,20260730,Uncertainty_gated_fusion,cost_5,159,81,0.2789759192803398,"Same-horizon leave-one-region-out transfer; source regions=Asia,Europe; target region=North America; source-only fit/search/calibration; target labels untouched until final evaluation; V1-V10 financial ratios only.","One-standard-error paired-bootstrap gate selected KELM_risk_feature; search utility difference=-0.2515, required margin=0.1291.",Platt_logistic_on_separate_calibration_partition,0.5408304963950897,0.9506172839506173,0.3076923076923077,0.5877862595419847,0.7264150943396226,0.6363636363636364,0.8461538461538461,0.3390124753470126,0.462856117899349,0.6291547958214625,0.6923076923076923,0.8238993710691824,77.0,54.0,24.0,4.0,0.7772046949845317,0.7622665400443178,0.20829523846591397,0.6034991295895848,0.06615759479075745,-0.03846424499855646,1.0792487961774968,5.0,0.46540880503144655,0.15320910973084886,0.9271604938271605,0.9851851851851852,0.24743589743589745,0.3423076923076923,0.5621928817451205,0.6032769556025369,0.8206000038474116,0.8687014108839619,0.24135852153171683,0.39379780927411145,0.3821443937424318,0.505289393299212,0.7375957196175004,0.7856909985748284,0.7075182019626464,0.7880974992086103,0.19760312623169846,0.22065867595449049,20261083,3,North America,257,159,V1-V10_financial_only
PONE2016_h3_target_North_America,20260730,Uncertainty_gated_fusion,cost_10,159,81,0.1928671977042925,"Same-horizon leave-one-region-out transfer; source regions=Asia,Europe; target region=North America; source-only fit/search/calibration; target labels untouched until final evaluation; V1-V10 financial ratios only.","One-standard-error paired-bootstrap gate selected KELM_risk_feature; search utility difference=-0.2515, required margin=0.1291.",Platt_logistic_on_separate_calibration_partition,0.3536093458663302,0.9753086419753086,0.1282051282051282,0.5374149659863946,0.6929824561403509,0.5904334828101644,0.8386411889596603,0.1959018995583507,0.29042146083858694,0.5517568850902184,0.8717948717948718,0.9245283018867925,79.0,68.0,10.0,2.0,0.7772046949845317,0.7622665400443178,0.20829523846591397,0.6034991295895848,0.06615759479075745,-0.03846424499855646,1.0792487961774968,10.0,0.5534591194968553,0.0990990990990991,0.9530864197530864,0.9876543209876543,0.08076923076923077,0.1628205128205128,0.518479049519318,0.5506057781919851,0.8162445802128498,0.8523363810487513,0.06890620518578634,0.2678484994683666,0.17178668220418997,0.35036836940764143,0.7281904553036533,0.8206121779555375,0.7158911047799935,0.7828901551123774,0.19801470979970304,0.22946928221130916,20261083,3,North America,257,159,V1-V10_financial_only
PONE2016_h3_target_North_America,20260730,Uncertainty_gated_fusion,cost_20,159,81,0.1928671977042925,"Same-horizon leave-one-region-out transfer; source regions=Asia,Europe; target region=North America; source-only fit/search/calibration; target labels untouched until final evaluation; V1-V10 financial ratios only.","One-standard-error paired-bootstrap gate selected KELM_risk_feature; search utility difference=-0.2515, required margin=0.1291.",Platt_logistic_on_separate_calibration_partition,0.3536093458663302,0.9753086419753086,0.1282051282051282,0.5374149659863946,0.6929824561403509,0.5904334828101644,0.8386411889596603,0.1959018995583507,0.29042146083858694,0.5517568850902184,0.8717948717948718,0.9245283018867925,79.0,68.0,10.0,2.0,0.7772046949845317,0.7622665400443178,0.20829523846591397,0.6034991295895848,0.06615759479075745,-0.03846424499855646,1.0792487961774968,20.0,0.6792452830188679,0.0636042402826855,0.9641975308641975,0.9864197530864197,0.10384615384615384,0.20256410256410257,0.5305595864320697,0.5566733266733267,0.835272064356613,0.850539887922001,0.16218580719366682,0.25896715783347907,0.2541693629783108,0.369709244090018,0.6764737252984357,0.8119526118616861,0.6866413421968978,0.7546217157328269,0.21104846827248486,0.23036105221151867,20261083,3,North America,257,159,V1-V10_financial_only
PONE2016_h3_target_North_America,20260730,Full_random_search,triad,159,81,0.7108508795930671,"Same-horizon leave-one-region-out transfer; source regions=Asia,Europe; target region=North America; source-only fit/search/calibration; target labels untouched until final evaluation; V1-V10 financial ratios only.",Same full architecture and 81 evaluations as PBMSBAINGO; alpha=0.50.,Platt_logistic_on_separate_calibration_partition,0.3491045842765455,0.13580246913580246,0.8974358974358975,0.5789473684210527,0.22,0.3503184713375796,0.16034985422740525,0.05122579010078803,0.1841336899986939,0.51661918328585,0.10256410256410256,0.11949685534591195,11.0,8.0,70.0,70.0,0.6665504147673726,0.7253877809433363,0.22231602155586314,0.6436318115168037,0.14795717731961644,0.4570822738628803,0.7718347978784199,,,,0.10123456790123456,0.1580246913580247,0.8858974358974359,0.9333333333333333,0.5578947368421053,0.612937062937063,0.12144480885695941,0.18511012993141104,0.03479007012571242,0.06510371518475111,0.15661354584254797,0.20749148154270783,0.6455227782601969,0.6917060071251485,0.687369420702754,0.7374960430515987,0.2195978435090305,0.23764904022063688,20261131,3,North America,257,159,V1-V10_financial_only
PONE2016_h3_target_North_America,20260730,Full_random_search,cost_1,159,81,0.3218913677716985,"Same-horizon leave-one-region-out transfer; source regions=Asia,Europe; target region=North America; source-only fit/search/calibration; target labels untouched until final evaluation; V1-V10 financial ratios only.",Same full architecture and 81 evaluations as PBMSBAINGO; alpha=0.50.,Platt_logistic_on_separate_calibration_partition,0.7094531955366541,0.7407407407407407,0.6794871794871795,0.7058823529411765,0.7228915662650602,0.7125890736342043,0.7334963325183375,0.4211622061013928,0.5962553608877226,0.7101139601139601,0.32051282051282054,0.5345911949685535,60.0,25.0,53.0,21.0,0.6665504147673726,0.7253877809433363,0.22231602155586314,0.6436318115168037,0.14795717731961644,0.4570822738628803,0.7718347978784199,1.0,0.2893081761006289,0.2893081761006289,0.7530864197530864,0.8209876543209876,0.5615384615384615,0.7256410256410256,0.6415379213483146,0.742338282078473,0.7286319612590799,0.8001854061388733,0.32220231484175393,0.510044742777099,0.514491651244957,0.6588908170595994,0.5801004293015207,0.7185878110045532,0.635153529597974,0.7661760050648938,0.20453284039822034,0.25407026777531,20261131,3,North America,257,159,V1-V10_financial_only
PONE2016_h3_target_North_America,20260730,Full_random_search,cost_2,159,81,0.3218913677716985,"Same-horizon leave-one-region-out transfer; source regions=Asia,Europe; target region=North America; source-only fit/search/calibration; target labels untouched until final evaluation; V1-V10 financial ratios only.",Same full architecture and 81 evaluations as PBMSBAINGO; alpha=0.50.,Platt_logistic_on_separate_calibration_partition,0.7094531955366541,0.7407407407407407,0.6794871794871795,0.7058823529411765,0.7228915662650602,0.7125890736342043,0.7334963325183375,0.4211622061013928,0.5962553608877226,0.7101139601139601,0.32051282051282054,0.5345911949685535,60.0,25.0,53.0,21.0,0.6665504147673726,0.7253877809433363,0.22231602155586314,0.6436318115168037,0.14795717731961644,0.4570822738628803,0.7718347978784199,2.0,0.42138364779874216,0.2791666666666667,0.6925925925925925,0.7876543209876543,0.6423076923076924,0.7256410256410256,0.6802264808362369,0.7258098223615466,0.6982818688572686,0.7677334830619502,0.36058547507506455,0.4457998003671182,0.5501851245343267,0.6138004364811481,0.6758487808250299,0.719710551075554,0.7107154162709719,0.7757043368154478,0.20109268506016664,0.2332617485079847,20261131,3,North America,257,159,V1-V10_financial_only
PONE2016_h3_target_North_America,20260730,Full_random_search,cost_5,159,81,0.3218913677716985,"Same-horizon leave-one-region-out transfer; source regions=Asia,Europe; target region=North America; source-only fit/search/calibration; target labels untouched until final evaluation; V1-V10 financial ratios only.",Same full architecture and 81 evaluations as PBMSBAINGO; alpha=0.50.,Platt_logistic_on_separate_calibration_partition,0.7094531955366541,0.7407407407407407,0.6794871794871795,0.7058823529411765,0.7228915662650602,0.7125890736342043,0.7334963325183375,0.4211622061013928,0.5962553608877226,0.7101139601139601,0.32051282051282054,0.5345911949685535,60.0,25.0,53.0,21.0,0.6665504147673726,0.7253877809433363,0.22231602155586314,0.6436318115168037,0.14795717731961644,0.4570822738628803,0.7718347978784199,5.0,0.8176100628930818,0.2691511387163561,0.6962962962962963,0.8320987654320987,0.6692307692307692,0.7538461538461538,0.6867271695972774,0.7635898165268098,0.695131342517327,0.8170871730193764,0.3682438430295956,0.5665672496807505,0.5561312833514326,0.7009590750043335,0.6569462261074582,0.7158827217483283,0.6783159227603672,0.7892054447610003,0.19894774959934697,0.24287879572619628,20261131,3,North America,257,159,V1-V10_financial_only
PONE2016_h3_target_North_America,20260730,Full_random_search,cost_10,159,81,0.3218913677716985,"Same-horizon leave-one-region-out transfer; source regions=Asia,Europe; target region=North America; source-only fit/search/calibration; target labels untouched until final evaluation; V1-V10 financial ratios only.",Same full architecture and 81 evaluations as PBMSBAINGO; alpha=0.50.,Platt_logistic_on_separate_calibration_partition,0.7094531955366541,0.7407407407407407,0.6794871794871795,0.7058823529411765,0.7228915662650602,0.7125890736342043,0.7334963325183375,0.4211622061013928,0.5962553608877226,0.7101139601139601,0.32051282051282054,0.5345911949685535,60.0,25.0,53.0,21.0,0.6665504147673726,0.7253877809433363,0.22231602155586314,0.6436318115168037,0.14795717731961644,0.4570822738628803,0.7718347978784199,10.0,1.4779874213836477,0.26463963963963966,0.6148148148148148,0.7530864197530864,0.5794871794871794,0.7000000000000001,0.6451567749160134,0.707554347826087,0.6217945544554456,0.7328222764078026,0.26647298789624324,0.4038970797199143,0.4737454572796435,0.5834640703358492,0.5726959289966596,0.6592568426166124,0.6297562519784742,0.7147040202595758,0.23253618102544996,0.25750561339159983,20261131,3,North America,257,159,V1-V10_financial_only
PONE2016_h3_target_North_America,20260730,Full_random_search,cost_20,159,81,0.3218913677716985,"Same-horizon leave-one-region-out transfer; source regions=Asia,Europe; target region=North America; source-only fit/search/calibration; target labels untouched until final evaluation; V1-V10 financial ratios only.",Same full architecture and 81 evaluations as PBMSBAINGO; alpha=0.50.,Platt_logistic_on_separate_calibration_partition,0.7094531955366541,0.7407407407407407,0.6794871794871795,0.7058823529411765,0.7228915662650602,0.7125890736342043,0.7334963325183375,0.4211622061013928,0.5962553608877226,0.7101139601139601,0.32051282051282054,0.5345911949685535,60.0,25.0,53.0,21.0,0.6665504147673726,0.7253877809433363,0.22231602155586314,0.6436318115168037,0.14795717731961644,0.4570822738628803,0.7718347978784199,20.0,2.79874213836478,0.2620730270906949,0.6790123456790124,0.7617283950617284,0.5846153846153845,0.691025641025641,0.6304012345679012,0.7190753045404208,0.6686293899077072,0.7527917264466762,0.26619651504245045,0.4541225905558575,0.47276857110934034,0.6205706594396817,0.5927447084987881,0.7063945867882088,0.6449351060462172,0.7328584995251662,0.2200956356647486,0.25008084110079576,20261131,3,North America,257,159,V1-V10_financial_only
PONE2016_h3_target_North_America,20260730,Balanced_logistic,triad,159,81,0.5092608819976476,"Same-horizon leave-one-region-out transfer; source regions=Asia,Europe; target region=North America; source-only fit/search/calibration; target labels untouched until final evaluation; V1-V10 financial ratios only.",Class-weighted logistic reference using the same source-only fit/search/calibration and untouched regional target.,Platt_logistic_on_separate_calibration_partition,0.6405126152203485,0.4444444444444444,0.9230769230769231,0.8571428571428571,0.5853658536585366,0.7228915662650602,0.4918032786885246,0.4167300599845326,0.555013314027592,0.6837606837606838,0.07692307692307693,0.2641509433962264,36.0,6.0,72.0,45.0,0.8210429428354262,0.7757201646090535,0.20203155821467056,0.5888620021054498,0.1047219503344946,0.589182782317282,1.6184727602513447,,,,0.34814814814814815,0.4666666666666666,0.8987179487179487,0.9461538461538461,0.7833333333333333,0.8980066445182724,0.39166666666666666,0.5162594362799839,0.2964128609918894,0.46634129961411797,0.4527619110008148,0.5901552443623104,0.8078884034016619,0.8317823539905049,0.7568059512503956,0.8021367521367521,0.19827217791679047,0.2053195150867013,20262031,3,North America,257,159,V1-V10_financial_only
PONE2016_h3_target_North_America,20260730,Balanced_logistic,cost_1,159,81,0.4373537394499871,"Same-horizon leave-one-region-out transfer; source regions=Asia,Europe; target region=North America; source-only fit/search/calibration; target labels untouched until final evaluation; V1-V10 financial ratios only.",Class-weighted logistic reference using the same source-only fit/search/calibration and untouched regional target.,Platt_logistic_on_separate_calibration_partition,0.7172191381865587,0.6172839506172839,0.8333333333333334,0.7936507936507936,0.6944444444444444,0.7507507507507507,0.6459948320413437,0.4605658842819909,0.6187736835069007,0.7253086419753086,0.16666666666666666,0.39622641509433965,50.0,13.0,65.0,31.0,0.8210429428354262,0.7757201646090535,0.20203155821467056,0.5888620021054498,0.1047219503344946,0.589182782317282,1.6184727602513447,1.0,0.27672955974842767,0.27672955974842767,0.5740740740740741,0.6654320987654321,0.8487179487179487,0.9576923076923077,0.8121779859484778,0.9417857142857142,0.6120656153484282,0.7025493421052631,0.47665347676802206,0.6409197905897265,0.6222114924561664,0.7382310226382164,0.8200548397566901,0.9046585098777674,0.7839189616967394,0.85900601456157,0.17906250418593278,0.2034599316399341,20262031,3,North America,257,159,V1-V10_financial_only
PONE2016_h3_target_North_America,20260730,Balanced_logistic,cost_2,159,81,0.4373537394499871,"Same-horizon leave-one-region-out transfer; source regions=Asia,Europe; target region=North America; source-only fit/search/calibration; target labels untouched until final evaluation; V1-V10 financial ratios only.",Class-weighted logistic reference using the same source-only fit/search/calibration and untouched regional target.,Platt_logistic_on_separate_calibration_partition,0.7172191381865587,0.6172839506172839,0.8333333333333334,0.7936507936507936,0.6944444444444444,0.7507507507507507,0.6459948320413437,0.4605658842819909,0.6187736835069007,0.7253086419753086,0.16666666666666666,0.39622641509433965,50.0,13.0,65.0,31.0,0.8210429428354262,0.7757201646090535,0.20203155821467056,0.5888620021054498,0.1047219503344946,0.589182782317282,1.6184727602513447,2.0,0.4716981132075472,0.3125,0.5851851851851853,0.725925925925926,0.7730769230769231,0.882051282051282,0.7295571095571095,0.8488235294117646,0.6101080494858612,0.7397895087683315,0.36676085914900997,0.5654299677079251,0.5499431918378829,0.6985308451003431,0.760090308558515,0.8623590807645732,0.72673314339981,0.8332700221589111,0.1858722384219251,0.21633934298470348,20262031,3,North America,257,159,V1-V10_financial_only
PONE2016_h3_target_North_America,20260730,Balanced_logistic,cost_5,159,81,0.36803207641298624,"Same-horizon leave-one-region-out transfer; source regions=Asia,Europe; target region=North America; source-only fit/search/calibration; target labels untouched until final evaluation; V1-V10 financial ratios only.",Class-weighted logistic reference using the same source-only fit/search/calibration and untouched regional target.,Platt_logistic_on_separate_calibration_partition,0.6934323108546778,0.7654320987654321,0.6282051282051282,0.6813186813186813,0.7209302325581395,0.6966292134831461,0.7469879518072289,0.39775058033364374,0.576155426520437,0.6968186134852801,0.3717948717948718,0.5723270440251572,62.0,29.0,49.0,19.0,0.8210429428354262,0.7757201646090535,0.20203155821467056,0.5888620021054498,0.1047219503344946,0.589182782317282,1.6184727602513447,5.0,0.779874213836478,0.2567287784679089,0.7074074074074074,0.7901234567901234,0.5679487179487179,0.6641025641025641,0.6536891679748822,0.7088888888888889,0.6978989127240669,0.7714815577992994,0.33435729613536525,0.4556682730985506,0.5288930220384922,0.6199822975205639,0.8013542051877326,0.8608713409877035,0.7485280151946818,0.8137860082304526,0.19259756286058494,0.20670055575793872,20262031,3,North America,257,159,V1-V10_financial_only
PONE2016_h3_target_North_America,20260730,Balanced_logistic,cost_10,159,81,0.36803207641298624,"Same-horizon leave-one-region-out transfer; source regions=Asia,Europe; target region=North America; source-only fit/search/calibration; target labels untouched until final evaluation; V1-V10 financial ratios only.",Class-weighted logistic reference using the same source-only fit/search/calibration and untouched regional target.,Platt_logistic_on_separate_calibration_partition,0.6934323108546778,0.7654320987654321,0.6282051282051282,0.6813186813186813,0.7209302325581395,0.6966292134831461,0.7469879518072289,0.39775058033364374,0.576155426520437,0.6968186134852801,0.3717948717948718,0.5723270440251572,62.0,29.0,49.0,19.0,0.8210429428354262,0.7757201646090535,0.20203155821467056,0.5888620021054498,0.1047219503344946,0.589182782317282,1.6184727602513447,10.0,1.3773584905660377,0.24662162162162163,0.7185185185185184,0.8629629629629629,0.6025641025641025,0.7025641025641026,0.6623721106479727,0.7150326797385621,0.7167336010709504,0.8233496332518337,0.3518314238810022,0.49161559543330224,0.5409614117227979,0.6368932355508511,0.8011716003452334,0.8636236846918894,0.7531180753402975,0.8364514086736309,0.18481357376355964,0.21271494589804052,20262031,3,North America,257,159,V1-V10_financial_only
PONE2016_h3_target_North_America,20260730,Balanced_logistic,cost_20,159,81,0.36803207641298624,"Same-horizon leave-one-region-out transfer; source regions=Asia,Europe; target region=North America; source-only fit/search/calibration; target labels untouched until final evaluation; V1-V10 financial ratios only.",Class-weighted logistic reference using the same source-only fit/search/calibration and untouched regional target.,Platt_logistic_on_separate_calibration_partition,0.6934323108546778,0.7654320987654321,0.6282051282051282,0.6813186813186813,0.7209302325581395,0.6966292134831461,0.7469879518072289,0.39775058033364374,0.576155426520437,0.6968186134852801,0.3717948717948718,0.5723270440251572,62.0,29.0,49.0,19.0,0.8210429428354262,0.7757201646090535,0.20203155821467056,0.5888620021054498,0.1047219503344946,0.589182782317282,1.6184727602513447,20.0,2.5723270440251573,0.2408716136631331,0.6641975308641975,0.8234567901234567,0.5846153846153845,0.6923076923076923,0.658573717948718,0.7353646353646354,0.6673127083031445,0.804175927009007,0.33668053436398343,0.5209193910436263,0.5310920604470217,0.6671401326092502,0.7807845544793658,0.8531569176586877,0.7169673947451725,0.8200221589110478,0.18614605070446735,0.22135515210969858,20262031,3,North America,257,159,V1-V10_financial_only
