dataset,seed,method,policy,test_n,test_positive,threshold,design,selection_note,calibration,gmean,sensitivity,specificity,precision,f1,f05,f2,mcc,triad_score,balanced_accuracy,fpr,predicted_positive_rate,tp,fp,tn,fn,ap,auc,brier,log_loss,ece_10,calibration_intercept,calibration_slope,relative_cost_ratio,cost_per_observation,normalized_cost,sensitivity_ci_low,sensitivity_ci_high,specificity_ci_low,specificity_ci_high,precision_ci_low,precision_ci_high,f2_ci_low,f2_ci_high,mcc_ci_low,mcc_ci_high,triad_score_ci_low,triad_score_ci_high,ap_ci_low,ap_ci_high,auc_ci_low,auc_ci_high,brier_ci_low,brier_ci_high,model_seed,horizon,target_region,source_n,target_n,feature_set
PONE2016_h1_target_Asia,20260729,HistGB,triad,96,48,0.912513662804852,"Same-horizon leave-one-region-out transfer; source regions=Europe,North America; target region=Asia; source-only fit/search/calibration; target labels untouched until final evaluation; V1-V10 financial ratios only.",No metaheuristic; threshold and Platt calibration use calibration partition.,Platt_logistic_on_separate_calibration_partition,0.7822909731466078,0.625,0.9791666666666666,0.967741935483871,0.759493670886076,0.872093023255814,0.672645739910314,0.6460415830634638,0.7339486965277799,0.8020833333333333,0.020833333333333332,0.3229166666666667,30.0,1.0,47.0,18.0,0.9494823313405836,0.9396701388888888,0.10313829883689467,0.3404948699175872,0.10136757739892482,0.011800200139581224,1.034502923305926,,,,0.5875,0.7041666666666667,0.91875,0.9791666666666666,0.8911764705882352,0.9710599078341013,0.6374003205973662,0.7441842491691785,0.603202626330703,0.7073769865008068,0.7058476164508551,0.7855024512210846,0.9209885796408981,0.9803611466154699,0.9109809027777779,0.9829861111111111,0.056001347902101276,0.12069692574285175,20260729,1,Asia,342,96,V1-V10_financial_only
PONE2016_h1_target_Asia,20260729,HistGB,cost_1,96,48,0.6967375898246699,"Same-horizon leave-one-region-out transfer; source regions=Europe,North America; target region=Asia; source-only fit/search/calibration; target labels untouched until final evaluation; V1-V10 financial ratios only.",No metaheuristic; threshold and Platt calibration use calibration partition.,Platt_logistic_on_separate_calibration_partition,0.8640183897219884,0.8333333333333334,0.8958333333333334,0.8888888888888888,0.8602150537634409,0.8771929824561403,0.8438818565400844,0.7305950062660077,0.8170354314983949,0.8645833333333334,0.10416666666666667,0.46875,40.0,5.0,43.0,8.0,0.9494823313405836,0.9396701388888888,0.10313829883689467,0.3404948699175872,0.10136757739892482,0.011800200139581224,1.034502923305926,1.0,0.13541666666666666,0.13541666666666666,0.7729166666666667,0.89375,0.85625,0.9541666666666667,0.8577922077922078,0.944957264957265,0.8012876953554919,0.8900414937759337,0.6750267429540526,0.7722090300391172,0.7781538889488818,0.8456273087940225,0.9338045405133056,0.9573911138462775,0.9013020833333333,0.9565538194444445,0.08688353305497719,0.12399059695913278,20260729,1,Asia,342,96,V1-V10_financial_only
PONE2016_h1_target_Asia,20260729,HistGB,cost_2,96,48,0.6967375898246699,"Same-horizon leave-one-region-out transfer; source regions=Europe,North America; target region=Asia; source-only fit/search/calibration; target labels untouched until final evaluation; V1-V10 financial ratios only.",No metaheuristic; threshold and Platt calibration use calibration partition.,Platt_logistic_on_separate_calibration_partition,0.8640183897219884,0.8333333333333334,0.8958333333333334,0.8888888888888888,0.8602150537634409,0.8771929824561403,0.8438818565400844,0.7305950062660077,0.8170354314983949,0.8645833333333334,0.10416666666666667,0.46875,40.0,5.0,43.0,8.0,0.9494823313405836,0.9396701388888888,0.10313829883689467,0.3404948699175872,0.10136757739892482,0.011800200139581224,1.034502923305926,2.0,0.21875,0.14583333333333334,0.75625,0.89375,0.8375,0.9333333333333333,0.8454901960784313,0.9293617021276596,0.7775574509697397,0.8859457206855237,0.6564158666433789,0.8097824875042262,0.7626317022256083,0.8712181243733524,0.9318363572102728,0.9679567389551975,0.9108940972222223,0.9552517361111111,0.07782338464830219,0.13549918572752312,20260729,1,Asia,342,96,V1-V10_financial_only
PONE2016_h1_target_Asia,20260729,HistGB,cost_5,96,48,0.09839109526294543,"Same-horizon leave-one-region-out transfer; source regions=Europe,North America; target region=Asia; source-only fit/search/calibration; target labels untouched until final evaluation; V1-V10 financial ratios only.",No metaheuristic; threshold and Platt calibration use calibration partition.,Platt_logistic_on_separate_calibration_partition,0.6846531968814576,0.9375,0.5,0.6521739130434783,0.7692307692307693,0.6944444444444444,0.8620689655172413,0.48653363279984113,0.6109674162707742,0.71875,0.5,0.71875,45.0,24.0,24.0,3.0,0.9494823313405836,0.9396701388888888,0.10313829883689467,0.3404948699175872,0.10136757739892482,0.011800200139581224,1.034502923305926,5.0,0.40625,0.13541666666666666,0.9208333333333333,0.9791666666666666,0.41875,0.5395833333333333,0.613013698630137,0.6797101449275362,0.8367924528301887,0.8996984397535073,0.3927792173472966,0.5758779914196042,0.532928728668543,0.6716867478617491,0.9477562603326941,0.9828854551977838,0.9312065972222222,0.9788628472222222,0.06440190952555229,0.1062412758351429,20260729,1,Asia,342,96,V1-V10_financial_only
PONE2016_h1_target_Asia,20260729,HistGB,cost_10,96,48,0.09839109526294543,"Same-horizon leave-one-region-out transfer; source regions=Europe,North America; target region=Asia; source-only fit/search/calibration; target labels untouched until final evaluation; V1-V10 financial ratios only.",No metaheuristic; threshold and Platt calibration use calibration partition.,Platt_logistic_on_separate_calibration_partition,0.6846531968814576,0.9375,0.5,0.6521739130434783,0.7692307692307693,0.6944444444444444,0.8620689655172413,0.48653363279984113,0.6109674162707742,0.71875,0.5,0.71875,45.0,24.0,24.0,3.0,0.9494823313405836,0.9396701388888888,0.10313829883689467,0.3404948699175872,0.10136757739892482,0.011800200139581224,1.034502923305926,10.0,0.5625,0.10227272727272728,0.91875,0.9958333333333333,0.39791666666666664,0.5,0.6089411329137356,0.6647887323943662,0.8458935801041064,0.9056342896647079,0.3983788524974463,0.569460071914805,0.5296749574107725,0.6559813378526561,0.9126333494027964,0.9862020850617668,0.9030381944444443,0.9838107638888889,0.06412459123260715,0.1355619581503382,20260729,1,Asia,342,96,V1-V10_financial_only
PONE2016_h1_target_Asia,20260729,HistGB,cost_20,96,48,0.09839109526294543,"Same-horizon leave-one-region-out transfer; source regions=Europe,North America; target region=Asia; source-only fit/search/calibration; target labels untouched until final evaluation; V1-V10 financial ratios only.",No metaheuristic; threshold and Platt calibration use calibration partition.,Platt_logistic_on_separate_calibration_partition,0.6846531968814576,0.9375,0.5,0.6521739130434783,0.7692307692307693,0.6944444444444444,0.8620689655172413,0.48653363279984113,0.6109674162707742,0.71875,0.5,0.71875,45.0,24.0,24.0,3.0,0.9494823313405836,0.9396701388888888,0.10313829883689467,0.3404948699175872,0.10136757739892482,0.011800200139581224,1.034502923305926,20.0,0.875,0.08333333333333333,0.8979166666666667,0.9791666666666666,0.3395833333333333,0.58125,0.5951652601969057,0.6874067164179104,0.8188920454545455,0.8929855983087922,0.34403997591533986,0.5650336226814662,0.4943288024915641,0.6720024251397224,0.9282756604509789,0.9840499525467359,0.90234375,0.9792534722222223,0.06651804658328632,0.15055525358915028,20260729,1,Asia,342,96,V1-V10_financial_only
PONE2016_h1_target_Asia,20260729,KELM_PBMSBAINGO,triad,96,48,0.8254899886031464,"Same-horizon leave-one-region-out transfer; source regions=Europe,North America; target region=Asia; source-only fit/search/calibration; target labels untouched until final evaluation; V1-V10 financial ratios only.",Plain KELM; hyperparameters/features selected only on search partition.,Platt_logistic_on_separate_calibration_partition,0.8116983224490899,0.6875,0.9583333333333334,0.9428571428571428,0.7951807228915663,0.8776595744680851,0.7268722466960352,0.6709076657921977,0.7617585725650113,0.8229166666666667,0.041666666666666664,0.3645833333333333,33.0,2.0,46.0,15.0,0.9391000653136915,0.9270833333333335,0.1198689304456509,0.41524763538594317,0.12847480340199913,-0.7549703650142967,0.9598340337258663,,,,0.6104166666666666,0.7270833333333333,0.8770833333333333,0.9791666666666666,0.8514864864864865,0.9693939393939394,0.6577068334710257,0.7610487878331577,0.5792518783353207,0.7036552179844616,0.7028713788150399,0.787523288405739,0.9030892309820201,0.9568923213038426,0.8854166666666667,0.9419270833333334,0.11680406591249702,0.15116511395782042,20260830,1,Asia,342,96,V1-V10_financial_only
PONE2016_h1_target_Asia,20260729,KELM_PBMSBAINGO,cost_1,96,48,0.5067739801672204,"Same-horizon leave-one-region-out transfer; source regions=Europe,North America; target region=Asia; source-only fit/search/calibration; target labels untouched until final evaluation; V1-V10 financial ratios only.",Plain KELM; hyperparameters/features selected only on search partition.,Platt_logistic_on_separate_calibration_partition,0.8267972847076845,0.9375,0.7291666666666666,0.7758620689655172,0.8490566037735849,0.8035714285714286,0.9,0.681622916547688,0.7752600809286553,0.8333333333333333,0.2708333333333333,0.6041666666666666,45.0,13.0,35.0,3.0,0.9391000653136915,0.9270833333333335,0.1198689304456509,0.41524763538594317,0.12847480340199913,-0.7549703650142967,0.9598340337258663,1.0,0.16666666666666666,0.16666666666666666,0.91875,0.9583333333333334,0.6479166666666667,0.80625,0.7309133489461358,0.8316746411483253,0.8873199030983042,0.9284181259450759,0.6284629674109399,0.7712382336398665,0.7321116925956406,0.8408524155874968,0.9061571552316657,0.9616044553078243,0.897265625,0.9516493055555554,0.09775754944891882,0.14228993421714764,20260830,1,Asia,342,96,V1-V10_financial_only
PONE2016_h1_target_Asia,20260729,KELM_PBMSBAINGO,cost_2,96,48,0.4460789130412394,"Same-horizon leave-one-region-out transfer; source regions=Europe,North America; target region=Asia; source-only fit/search/calibration; target labels untouched until final evaluation; V1-V10 financial ratios only.",Plain KELM; hyperparameters/features selected only on search partition.,Platt_logistic_on_separate_calibration_partition,0.7905694150420949,0.9375,0.6666666666666666,0.7377049180327869,0.8256880733944955,0.7705479452054794,0.8893280632411067,0.6276233002572172,0.7320257504980504,0.8020833333333333,0.3333333333333333,0.6354166666666666,45.0,16.0,32.0,3.0,0.9391000653136915,0.9270833333333335,0.1198689304456509,0.41524763538594317,0.12847480340199913,-0.7549703650142967,0.9598340337258663,2.0,0.22916666666666666,0.1527777777777778,0.9166666666666666,0.9375,0.56875,0.6833333333333333,0.685064935064935,0.7437670858392564,0.8698179979777553,0.885479388605836,0.543857794445758,0.6196013035885316,0.6620787503156995,0.7299463014430744,0.9124308516960349,0.9533077706725969,0.8968315972222222,0.93984375,0.11253877787602569,0.1449503530637412,20260830,1,Asia,342,96,V1-V10_financial_only
PONE2016_h1_target_Asia,20260729,KELM_PBMSBAINGO,cost_5,96,48,0.11453193573016528,"Same-horizon leave-one-region-out transfer; source regions=Europe,North America; target region=Asia; source-only fit/search/calibration; target labels untouched until final evaluation; V1-V10 financial ratios only.",Plain KELM; hyperparameters/features selected only on search partition.,Platt_logistic_on_separate_calibration_partition,0.42847841252506524,0.9791666666666666,0.1875,0.5465116279069767,0.7014925373134329,0.5994897959183674,0.8453237410071942,0.2727977357881894,0.36860924036809034,0.5833333333333333,0.8125,0.8958333333333334,47.0,39.0,9.0,1.0,0.9391000653136915,0.9270833333333335,0.1198689304456509,0.41524763538594317,0.12847480340199913,-0.7549703650142967,0.9598340337258663,5.0,0.4583333333333333,0.1527777777777778,0.9416666666666667,1.0,0.14791666666666667,0.24791666666666667,0.5249532210638868,0.5707563025210084,0.8126466568680539,0.8692512949301522,0.14777494025090043,0.37614187241752955,0.27309797649459466,0.4534490618015956,0.9330080516037746,0.9693228131007864,0.9123263888888887,0.9657552083333334,0.10748554838668059,0.1346476969290028,20260830,1,Asia,342,96,V1-V10_financial_only
PONE2016_h1_target_Asia,20260729,KELM_PBMSBAINGO,cost_10,96,48,0.06586026434451951,"Same-horizon leave-one-region-out transfer; source regions=Europe,North America; target region=Asia; source-only fit/search/calibration; target labels untouched until final evaluation; V1-V10 financial ratios only.",Plain KELM; hyperparameters/features selected only on search partition.,Platt_logistic_on_separate_calibration_partition,0.3193689524324144,0.9791666666666666,0.10416666666666667,0.5222222222222223,0.6811594202898551,0.5759803921568627,0.8333333333333334,0.1721325931647741,0.25990591674916813,0.5416666666666666,0.8958333333333334,0.9375,47.0,43.0,5.0,1.0,0.9391000653136915,0.9270833333333335,0.1198689304456509,0.41524763538594317,0.12847480340199913,-0.7549703650142967,0.9598340337258663,10.0,0.5520833333333334,0.10037878787878787,0.9625,1.0,0.04791666666666666,0.16458333333333333,0.512321720832359,0.5388816305199895,0.8285204004628465,0.8537896570000757,0.1517383225322193,0.27822405924244237,0.193254961755905,0.3420550336248182,0.9204512049424454,0.9528752125966904,0.9167100694444444,0.9482204861111111,0.10308382893724016,0.12549180737192156,20260830,1,Asia,342,96,V1-V10_financial_only
PONE2016_h1_target_Asia,20260729,KELM_PBMSBAINGO,cost_20,96,48,0.06586026434451951,"Same-horizon leave-one-region-out transfer; source regions=Europe,North America; target region=Asia; source-only fit/search/calibration; target labels untouched until final evaluation; V1-V10 financial ratios only.",Plain KELM; hyperparameters/features selected only on search partition.,Platt_logistic_on_separate_calibration_partition,0.3193689524324144,0.9791666666666666,0.10416666666666667,0.5222222222222223,0.6811594202898551,0.5759803921568627,0.8333333333333334,0.1721325931647741,0.25990591674916813,0.5416666666666666,0.8958333333333334,0.9375,47.0,43.0,5.0,1.0,0.9391000653136915,0.9270833333333335,0.1198689304456509,0.41524763538594317,0.12847480340199913,-0.7549703650142967,0.9598340337258663,20.0,0.65625,0.0625,0.9604166666666667,0.9791666666666666,0.06458333333333333,0.14375000000000002,0.5108937198067633,0.533490806945863,0.8167890320647287,0.838987036095577,0.08788538762700208,0.22355223459536555,0.18593902232378412,0.3156462183579063,0.9233121197038912,0.9476071783039811,0.9207465277777777,0.9418836805555555,0.1016486819422431,0.12592402718059903,20260830,1,Asia,342,96,V1-V10_financial_only
PONE2016_h1_target_Asia,20260729,KELM_score_fusion,triad,96,48,0.9085017535799381,"Same-horizon leave-one-region-out transfer; source regions=Europe,North America; target region=Asia; source-only fit/search/calibration; target labels untouched until final evaluation; V1-V10 financial ratios only.",Plain KELM plus HistGB score-level fusion; alpha=0.05 selected only on search partition.,Platt_logistic_on_separate_calibration_partition,0.8204736944798007,0.6875,0.9791666666666666,0.9705882352941176,0.8048780487804879,0.8967391304347826,0.7300884955752213,0.6969709469904514,0.7770482726693471,0.8333333333333333,0.020833333333333332,0.3541666666666667,33.0,1.0,47.0,15.0,0.9454487937517979,0.94140625,0.10235679177481098,0.337541010787145,0.10045716544850232,0.005517450561648883,1.0384366123141067,,,,0.66875,0.8,0.9583333333333334,1.0,0.9436933797909407,1.0,0.7126872246696035,0.826552217453505,0.6718052410254874,0.7736215961581056,0.7618608276311591,0.8411427638603969,0.9341461278924581,0.985929162480179,0.9318142361111111,0.9814670138888889,0.0527020861893772,0.10543946982960647,20260832,1,Asia,342,96,V1-V10_financial_only
PONE2016_h1_target_Asia,20260729,KELM_score_fusion,cost_1,96,48,0.6878795618935226,"Same-horizon leave-one-region-out transfer; source regions=Europe,North America; target region=Asia; source-only fit/search/calibration; target labels untouched until final evaluation; V1-V10 financial ratios only.",Plain KELM plus HistGB score-level fusion; alpha=0.05 selected only on search partition.,Platt_logistic_on_separate_calibration_partition,0.8640183897219884,0.8333333333333334,0.8958333333333334,0.8888888888888888,0.8602150537634409,0.8771929824561403,0.8438818565400844,0.7305950062660077,0.8170354314983949,0.8645833333333334,0.10416666666666667,0.46875,40.0,5.0,43.0,8.0,0.9454487937517979,0.94140625,0.10235679177481098,0.337541010787145,0.10045716544850232,0.005517450561648883,1.0384366123141067,1.0,0.13541666666666666,0.13541666666666666,0.75625,0.9104166666666667,0.7770833333333333,0.9333333333333333,0.7866153846153846,0.9264412416851441,0.7758574823537757,0.8983398166157266,0.590737567270941,0.7902486994567007,0.7195577300275239,0.8571951824463058,0.8964762107255906,0.967794421930651,0.8915364583333333,0.959765625,0.09598251897823666,0.14402366371793934,20260832,1,Asia,342,96,V1-V10_financial_only
PONE2016_h1_target_Asia,20260729,KELM_score_fusion,cost_2,96,48,0.6878795618935226,"Same-horizon leave-one-region-out transfer; source regions=Europe,North America; target region=Asia; source-only fit/search/calibration; target labels untouched until final evaluation; V1-V10 financial ratios only.",Plain KELM plus HistGB score-level fusion; alpha=0.05 selected only on search partition.,Platt_logistic_on_separate_calibration_partition,0.8640183897219884,0.8333333333333334,0.8958333333333334,0.8888888888888888,0.8602150537634409,0.8771929824561403,0.8438818565400844,0.7305950062660077,0.8170354314983949,0.8645833333333334,0.10416666666666667,0.46875,40.0,5.0,43.0,8.0,0.9454487937517979,0.94140625,0.10235679177481098,0.337541010787145,0.10045716544850232,0.005517450561648883,1.0384366123141067,2.0,0.21875,0.14583333333333334,0.7583333333333333,0.8958333333333334,0.8395833333333333,0.9583333333333334,0.8395833333333333,0.9538277511961722,0.7876811594202899,0.8958333333333334,0.6724224348831919,0.8317844756730484,0.7766804732438631,0.8855461093056308,0.9207987389395202,0.975356569957292,0.9115885416666667,0.9692274305555556,0.06693658753005204,0.13180150731774218,20260832,1,Asia,342,96,V1-V10_financial_only
PONE2016_h1_target_Asia,20260729,KELM_score_fusion,cost_5,96,48,0.09266556409821441,"Same-horizon leave-one-region-out transfer; source regions=Europe,North America; target region=Asia; source-only fit/search/calibration; target labels untouched until final evaluation; V1-V10 financial ratios only.",Plain KELM plus HistGB score-level fusion; alpha=0.05 selected only on search partition.,Platt_logistic_on_separate_calibration_partition,0.67700320038633,1.0,0.4583333333333333,0.6486486486486487,0.7868852459016393,0.6976744186046512,0.9022556390977443,0.5452497568062706,0.6298816763894876,0.7291666666666666,0.5416666666666666,0.7708333333333334,48.0,26.0,22.0,0.0,0.9454487937517979,0.94140625,0.10235679177481098,0.337541010787145,0.10045716544850232,0.005517450561648883,1.0384366123141067,5.0,0.2708333333333333,0.09027777777777778,1.0,1.0,0.3541666666666667,0.55625,0.6075949367088608,0.6927536231884057,0.8856088560885609,0.9184952978056427,0.4638856253622454,0.6207239448730644,0.5476959544325987,0.701473409572227,0.9328778275668261,0.9798381329795256,0.9159288194444445,0.9746961805555555,0.06007478960475018,0.11376679072076422,20260832,1,Asia,342,96,V1-V10_financial_only
PONE2016_h1_target_Asia,20260729,KELM_score_fusion,cost_10,96,48,0.09266556409821441,"Same-horizon leave-one-region-out transfer; source regions=Europe,North America; target region=Asia; source-only fit/search/calibration; target labels untouched until final evaluation; V1-V10 financial ratios only.",Plain KELM plus HistGB score-level fusion; alpha=0.05 selected only on search partition.,Platt_logistic_on_separate_calibration_partition,0.67700320038633,1.0,0.4583333333333333,0.6486486486486487,0.7868852459016393,0.6976744186046512,0.9022556390977443,0.5452497568062706,0.6298816763894876,0.7291666666666666,0.5416666666666666,0.7708333333333334,48.0,26.0,22.0,0.0,0.9454487937517979,0.94140625,0.10235679177481098,0.337541010787145,0.10045716544850232,0.005517450561648883,1.0384366123141067,10.0,0.2708333333333333,0.04924242424242424,1.0,1.0,0.36041666666666666,0.5145833333333334,0.6099933377748168,0.673315569090217,0.886600209285675,0.9115183395751737,0.4687959804302786,0.588576721867861,0.5527168775416031,0.6714813404216345,0.9221171295010361,0.9762353423150864,0.9168402777777778,0.9705295138888889,0.0715619806319359,0.13413857316139327,20260832,1,Asia,342,96,V1-V10_financial_only
PONE2016_h1_target_Asia,20260729,KELM_score_fusion,cost_20,96,48,0.09266556409821441,"Same-horizon leave-one-region-out transfer; source regions=Europe,North America; target region=Asia; source-only fit/search/calibration; target labels untouched until final evaluation; V1-V10 financial ratios only.",Plain KELM plus HistGB score-level fusion; alpha=0.05 selected only on search partition.,Platt_logistic_on_separate_calibration_partition,0.67700320038633,1.0,0.4583333333333333,0.6486486486486487,0.7868852459016393,0.6976744186046512,0.9022556390977443,0.5452497568062706,0.6298816763894876,0.7291666666666666,0.5416666666666666,0.7708333333333334,48.0,26.0,22.0,0.0,0.9454487937517979,0.94140625,0.10235679177481098,0.337541010787145,0.10045716544850232,0.005517450561648883,1.0384366123141067,20.0,0.2708333333333333,0.025793650793650792,1.0,1.0,0.42291666666666666,0.5625,0.6341744772891131,0.6956521739130435,0.8965361869895805,0.9195402298850575,0.5178212207631081,0.6255432421712243,0.602664684151396,0.705981446626545,0.9377363215511136,0.9719454786456944,0.9330295138888889,0.9681857638888889,0.07571952242092637,0.1160986653720558,20260832,1,Asia,342,96,V1-V10_financial_only
PONE2016_h1_target_Asia,20260729,KELM_risk_feature,triad,96,48,0.8669340642733305,"Same-horizon leave-one-region-out transfer; source regions=Europe,North America; target region=Asia; source-only fit/search/calibration; target labels untouched until final evaluation; V1-V10 financial ratios only.",OOF HistGB risk is a forced KELM input; no score-level fusion.,Platt_logistic_on_separate_calibration_partition,0.699702317656111,0.5,0.9791666666666666,0.96,0.6575342465753424,0.8108108108108109,0.5529953917050692,0.5459195627691725,0.6441471566101725,0.7395833333333333,0.020833333333333332,0.2604166666666667,24.0,1.0,47.0,24.0,0.9415307228348772,0.9305555555555555,0.10302027589014068,0.3503530925508092,0.11145214327426638,0.03527464220512372,1.4273884610014564,,,,0.4020833333333333,0.5375,0.9583333333333334,0.9791666666666666,0.9173076923076923,0.959,0.45422781271837875,0.5871177209886888,0.46363375502695625,0.5496091446721513,0.5667289764230352,0.6570461282287319,0.9201053730391704,0.9503683052589826,0.9036458333333334,0.9467447916666666,0.09139304805898743,0.11502089210308593,20260940,1,Asia,342,96,V1-V10_financial_only
PONE2016_h1_target_Asia,20260729,KELM_risk_feature,cost_1,96,48,0.30725391468905877,"Same-horizon leave-one-region-out transfer; source regions=Europe,North America; target region=Asia; source-only fit/search/calibration; target labels untouched until final evaluation; V1-V10 financial ratios only.",OOF HistGB risk is a forced KELM input; no score-level fusion.,Platt_logistic_on_separate_calibration_partition,0.8615030470056388,0.9375,0.7916666666666666,0.8181818181818182,0.8737864077669902,0.8395522388059702,0.9109311740890689,0.7370463014996572,0.8178421113390373,0.8645833333333333,0.20833333333333334,0.5729166666666666,45.0,10.0,38.0,3.0,0.9415307228348772,0.9305555555555555,0.10302027589014068,0.3503530925508092,0.11145214327426638,0.03527464220512372,1.4273884610014564,1.0,0.13541666666666666,0.13541666666666666,0.9166666666666666,0.9583333333333334,0.7541666666666667,0.8291666666666667,0.7892857142857143,0.8436813186813187,0.888551031200423,0.9274193548387096,0.68377284430517,0.7606388292556648,0.7803265633381522,0.8325541341883418,0.9313778555193022,0.976333920012672,0.9111111111111111,0.9698350694444443,0.07660095321652623,0.11567565466319914,20260940,1,Asia,342,96,V1-V10_financial_only
PONE2016_h1_target_Asia,20260729,KELM_risk_feature,cost_2,96,48,0.30725391468905877,"Same-horizon leave-one-region-out transfer; source regions=Europe,North America; target region=Asia; source-only fit/search/calibration; target labels untouched until final evaluation; V1-V10 financial ratios only.",OOF HistGB risk is a forced KELM input; no score-level fusion.,Platt_logistic_on_separate_calibration_partition,0.8615030470056388,0.9375,0.7916666666666666,0.8181818181818182,0.8737864077669902,0.8395522388059702,0.9109311740890689,0.7370463014996572,0.8178421113390373,0.8645833333333333,0.20833333333333334,0.5729166666666666,45.0,10.0,38.0,3.0,0.9415307228348772,0.9305555555555555,0.10302027589014068,0.3503530925508092,0.11145214327426638,0.03527464220512372,1.4273884610014564,2.0,0.16666666666666666,0.1111111111111111,0.8979166666666667,0.9958333333333333,0.7145833333333333,0.8729166666666667,0.7767741935483871,0.8801176470588234,0.8886556027704353,0.9431356362712725,0.6994895961045875,0.8087463034951913,0.7906834932669637,0.8699268349855283,0.9316037139547995,0.9748794556964062,0.9172743055555554,0.973046875,0.07985239211980101,0.11033008708811795,20260940,1,Asia,342,96,V1-V10_financial_only
PONE2016_h1_target_Asia,20260729,KELM_risk_feature,cost_5,96,48,0.30725391468905877,"Same-horizon leave-one-region-out transfer; source regions=Europe,North America; target region=Asia; source-only fit/search/calibration; target labels untouched until final evaluation; V1-V10 financial ratios only.",OOF HistGB risk is a forced KELM input; no score-level fusion.,Platt_logistic_on_separate_calibration_partition,0.8615030470056388,0.9375,0.7916666666666666,0.8181818181818182,0.8737864077669902,0.8395522388059702,0.9109311740890689,0.7370463014996572,0.8178421113390373,0.8645833333333333,0.20833333333333334,0.5729166666666666,45.0,10.0,38.0,3.0,0.9415307228348772,0.9305555555555555,0.10302027589014068,0.3503530925508092,0.11145214327426638,0.03527464220512372,1.4273884610014564,5.0,0.2604166666666667,0.08680555555555555,0.8979166666666667,0.9770833333333333,0.7520833333333333,0.8104166666666667,0.7969491525423729,0.8311320754716981,0.8788647442782781,0.9349989599833597,0.6916274387795244,0.7552462893493307,0.7885462398571069,0.8306839601135321,0.9087591085704174,0.9704480052648079,0.890234375,0.9583767361111112,0.08166221030216461,0.13260795229431688,20260940,1,Asia,342,96,V1-V10_financial_only
PONE2016_h1_target_Asia,20260729,KELM_risk_feature,cost_10,96,48,0.12599149040503516,"Same-horizon leave-one-region-out transfer; source regions=Europe,North America; target region=Asia; source-only fit/search/calibration; target labels untouched until final evaluation; V1-V10 financial ratios only.",OOF HistGB risk is a forced KELM input; no score-level fusion.,Platt_logistic_on_separate_calibration_partition,0.3498511588280555,0.9791666666666666,0.125,0.5280898876404494,0.6861313868613139,0.5816831683168316,0.8362989323843416,0.20032077005375098,0.29051208604232526,0.5520833333333333,0.875,0.9270833333333334,47.0,42.0,6.0,1.0,0.9415307228348772,0.9305555555555555,0.10302027589014068,0.3503530925508092,0.11145214327426638,0.03527464220512372,1.4273884610014564,10.0,0.5416666666666666,0.09848484848484848,0.9583333333333334,1.0,0.08541666666666667,0.16666666666666666,0.5127472527472527,0.5401394808213871,0.8167763661411296,0.8534889277315997,0.09791949710826256,0.27742012941394145,0.20013028042179973,0.3445170109443701,0.9262011269825794,0.9613798696353075,0.8976128472222222,0.9625868055555555,0.08996207084429764,0.12136152114864074,20260940,1,Asia,342,96,V1-V10_financial_only
PONE2016_h1_target_Asia,20260729,KELM_risk_feature,cost_20,96,48,0.12599149040503516,"Same-horizon leave-one-region-out transfer; source regions=Europe,North America; target region=Asia; source-only fit/search/calibration; target labels untouched until final evaluation; V1-V10 financial ratios only.",OOF HistGB risk is a forced KELM input; no score-level fusion.,Platt_logistic_on_separate_calibration_partition,0.3498511588280555,0.9791666666666666,0.125,0.5280898876404494,0.6861313868613139,0.5816831683168316,0.8362989323843416,0.20032077005375098,0.29051208604232526,0.5520833333333333,0.875,0.9270833333333334,47.0,42.0,6.0,1.0,0.9415307228348772,0.9305555555555555,0.10302027589014068,0.3503530925508092,0.11145214327426638,0.03527464220512372,1.4273884610014564,20.0,0.6458333333333334,0.061507936507936505,0.9604166666666667,1.0,0.022916666666666665,0.16249999999999998,0.5058006718924972,0.5431818181818181,0.8226190476190476,0.8553446553446553,0.10692455083745332,0.28857346943646467,0.13418260734699436,0.3583548356581193,0.8754087775700363,0.9750194845365369,0.853125,0.9731770833333333,0.07700902824502169,0.15044067282114568,20260940,1,Asia,342,96,V1-V10_financial_only
PONE2016_h1_target_Asia,20260729,Full_PBMSBAINGO,triad,96,48,0.9129845582939383,"Same-horizon leave-one-region-out transfer; source regions=Europe,North America; target region=Asia; source-only fit/search/calibration; target labels untouched until final evaluation; V1-V10 financial ratios only.",Risk feature plus score fusion; alpha=0.05 selected only on search partition.,Platt_logistic_on_separate_calibration_partition,0.6922186552431729,0.4791666666666667,1.0,1.0,0.647887323943662,0.8214285714285714,0.5348837209302325,0.5613096232478871,0.6455001718101668,0.7395833333333334,0.0,0.23958333333333334,23.0,0.0,48.0,25.0,0.9519137340880335,0.9409722222222221,0.10288679724215505,0.33963052517750264,0.10095423882008103,0.0170699167833367,1.0373308525472853,,,,0.42291666666666666,0.6208333333333333,1.0,1.0,1.0,1.0,0.47801667397981573,0.6717444717444717,0.5178212207631081,0.6709487710088927,0.602664684151396,0.7468019533194421,0.9458551379163502,0.9755395816425764,0.9290364583333334,0.9730034722222223,0.07703965205851321,0.11661018691452962,20261036,1,Asia,342,96,V1-V10_financial_only
PONE2016_h1_target_Asia,20260729,Full_PBMSBAINGO,cost_1,96,48,0.6913737214984992,"Same-horizon leave-one-region-out transfer; source regions=Europe,North America; target region=Asia; source-only fit/search/calibration; target labels untouched until final evaluation; V1-V10 financial ratios only.",Risk feature plus score fusion; alpha=0.05 selected only on search partition.,Platt_logistic_on_separate_calibration_partition,0.8640183897219884,0.8333333333333334,0.8958333333333334,0.8888888888888888,0.8602150537634409,0.8771929824561403,0.8438818565400844,0.7305950062660077,0.8170354314983949,0.8645833333333334,0.10416666666666667,0.46875,40.0,5.0,43.0,8.0,0.9519137340880335,0.9409722222222221,0.10288679724215505,0.33963052517750264,0.10095423882008103,0.0170699167833367,1.0373308525472853,1.0,0.13541666666666666,0.13541666666666666,0.7583333333333333,0.9104166666666667,0.8958333333333334,0.9729166666666667,0.8891304347826087,0.9673423423423424,0.7918117664400346,0.9111344537815126,0.7324457435721285,0.8252617809006382,0.8172700759424629,0.8823528214349733,0.9471236769466194,0.9816159775133705,0.9384114583333333,0.9814236111111111,0.07154520558284073,0.10344938432639744,20261036,1,Asia,342,96,V1-V10_financial_only
PONE2016_h1_target_Asia,20260729,Full_PBMSBAINGO,cost_2,96,48,0.6913737214984992,"Same-horizon leave-one-region-out transfer; source regions=Europe,North America; target region=Asia; source-only fit/search/calibration; target labels untouched until final evaluation; V1-V10 financial ratios only.",Risk feature plus score fusion; alpha=0.05 selected only on search partition.,Platt_logistic_on_separate_calibration_partition,0.8640183897219884,0.8333333333333334,0.8958333333333334,0.8888888888888888,0.8602150537634409,0.8771929824561403,0.8438818565400844,0.7305950062660077,0.8170354314983949,0.8645833333333334,0.10416666666666667,0.46875,40.0,5.0,43.0,8.0,0.9519137340880335,0.9409722222222221,0.10288679724215505,0.33963052517750264,0.10095423882008103,0.0170699167833367,1.0373308525472853,2.0,0.21875,0.14583333333333334,0.775,0.8958333333333334,0.8145833333333333,0.9729166666666667,0.8272094926350245,0.9688153310104529,0.7961822328371073,0.8910193184137134,0.6508691173972903,0.8330290129530559,0.762061788866239,0.8846052050143817,0.9411382514262503,0.9660184807185714,0.9335503472222222,0.9618055555555555,0.07353876864392082,0.1144819445263119,20261036,1,Asia,342,96,V1-V10_financial_only
PONE2016_h1_target_Asia,20260729,Full_PBMSBAINGO,cost_5,96,48,0.09397623544463966,"Same-horizon leave-one-region-out transfer; source regions=Europe,North America; target region=Asia; source-only fit/search/calibration; target labels untouched until final evaluation; V1-V10 financial ratios only.",Risk feature plus score fusion; alpha=0.05 selected only on search partition.,Platt_logistic_on_separate_calibration_partition,0.6702378309227255,0.9375,0.4791666666666667,0.6428571428571429,0.7627118644067796,0.6859756097560976,0.8587786259541985,0.4688072309384954,0.5949549181041361,0.7083333333333334,0.5208333333333334,0.7291666666666666,45.0,25.0,23.0,3.0,0.9519137340880335,0.9409722222222221,0.10288679724215505,0.33963052517750264,0.10095423882008103,0.0170699167833367,1.0373308525472853,5.0,0.4166666666666667,0.1388888888888889,0.8770833333333333,0.99375,0.48125,0.5583333333333333,0.6327540106951871,0.6917585983127839,0.8152504472271914,0.9137931034482758,0.4053193580964203,0.6116422812340859,0.5614535331901331,0.6964800435909679,0.9316122953777259,0.9850341878911177,0.9141059027777779,0.9828993055555556,0.06802204765018299,0.11374069185451768,20261036,1,Asia,342,96,V1-V10_financial_only
PONE2016_h1_target_Asia,20260729,Full_PBMSBAINGO,cost_10,96,48,0.09397623544463966,"Same-horizon leave-one-region-out transfer; source regions=Europe,North America; target region=Asia; source-only fit/search/calibration; target labels untouched until final evaluation; V1-V10 financial ratios only.",Risk feature plus score fusion; alpha=0.05 selected only on search partition.,Platt_logistic_on_separate_calibration_partition,0.6702378309227255,0.9375,0.4791666666666667,0.6428571428571429,0.7627118644067796,0.6859756097560976,0.8587786259541985,0.4688072309384954,0.5949549181041361,0.7083333333333334,0.5208333333333334,0.7291666666666666,45.0,25.0,23.0,3.0,0.9519137340880335,0.9409722222222221,0.10288679724215505,0.33963052517750264,0.10095423882008103,0.0170699167833367,1.0373308525472853,10.0,0.5729166666666666,0.10416666666666667,0.8583333333333333,0.9375,0.3395833333333333,0.4583333333333333,0.5845454545454545,0.6332796780684105,0.7862595419847328,0.8539314428351668,0.2871435587718277,0.4480719778867624,0.4581692685136646,0.5769837110906749,0.8858383579665434,0.9603127874455478,0.8598524305555555,0.949392361111111,0.08898489817281176,0.16404985823260743,20261036,1,Asia,342,96,V1-V10_financial_only
PONE2016_h1_target_Asia,20260729,Full_PBMSBAINGO,cost_20,96,48,0.09397623544463966,"Same-horizon leave-one-region-out transfer; source regions=Europe,North America; target region=Asia; source-only fit/search/calibration; target labels untouched until final evaluation; V1-V10 financial ratios only.",Risk feature plus score fusion; alpha=0.05 selected only on search partition.,Platt_logistic_on_separate_calibration_partition,0.6702378309227255,0.9375,0.4791666666666667,0.6428571428571429,0.7627118644067796,0.6859756097560976,0.8587786259541985,0.4688072309384954,0.5949549181041361,0.7083333333333334,0.5208333333333334,0.7291666666666666,45.0,25.0,23.0,3.0,0.9519137340880335,0.9409722222222221,0.10288679724215505,0.33963052517750264,0.10095423882008103,0.0170699167833367,1.0373308525472853,20.0,0.8854166666666666,0.08432539682539683,0.9208333333333333,0.9770833333333333,0.42291666666666666,0.5604166666666667,0.6242481918538256,0.6860263897901795,0.8539080258786501,0.8991479163892957,0.4509434168955583,0.5780017758543035,0.5675692401617907,0.6746390894065032,0.9473887550425865,0.9712046141805204,0.9427951388888889,0.9658420138888889,0.07447864862966029,0.10536516596627502,20261036,1,Asia,342,96,V1-V10_financial_only
PONE2016_h1_target_Asia,20260729,Uncertainty_gated_fusion,triad,96,48,0.8669340642733305,"Same-horizon leave-one-region-out transfer; source regions=Europe,North America; target region=Asia; source-only fit/search/calibration; target labels untouched until final evaluation; V1-V10 financial ratios only.","One-standard-error paired-bootstrap gate selected KELM_risk_feature; search utility difference=-0.0040, required margin=0.0223.",Platt_logistic_on_separate_calibration_partition,0.699702317656111,0.5,0.9791666666666666,0.96,0.6575342465753424,0.8108108108108109,0.5529953917050692,0.5459195627691725,0.6441471566101725,0.7395833333333333,0.020833333333333332,0.2604166666666667,24.0,1.0,47.0,24.0,0.9415307228348772,0.9305555555555555,0.10302027589014068,0.3503530925508092,0.11145214327426638,0.03527464220512372,1.4273884610014564,,,,0.3833333333333333,0.5979166666666667,0.9583333333333334,0.9791666666666666,0.9169999999999999,0.9614035087719298,0.43481218185009657,0.6445625243155804,0.44812106642871047,0.599258962586657,0.551393126008075,0.7006768103430081,0.8973497107014409,0.9486823670739156,0.8750434027777778,0.9397569444444445,0.0991311742959098,0.1289118559562808,20261082,1,Asia,342,96,V1-V10_financial_only
PONE2016_h1_target_Asia,20260729,Uncertainty_gated_fusion,cost_1,96,48,0.30725391468905877,"Same-horizon leave-one-region-out transfer; source regions=Europe,North America; target region=Asia; source-only fit/search/calibration; target labels untouched until final evaluation; V1-V10 financial ratios only.","One-standard-error paired-bootstrap gate selected KELM_risk_feature; search utility difference=-0.0040, required margin=0.0223.",Platt_logistic_on_separate_calibration_partition,0.8615030470056388,0.9375,0.7916666666666666,0.8181818181818182,0.8737864077669902,0.8395522388059702,0.9109311740890689,0.7370463014996572,0.8178421113390373,0.8645833333333333,0.20833333333333334,0.5729166666666666,45.0,10.0,38.0,3.0,0.9415307228348772,0.9305555555555555,0.10302027589014068,0.3503530925508092,0.11145214327426638,0.03527464220512372,1.4273884610014564,1.0,0.13541666666666666,0.13541666666666666,0.9,0.9791666666666666,0.6770833333333333,0.86875,0.7524630541871922,0.8734322820037106,0.8939976817242596,0.9391174089068826,0.6855997064625509,0.7783469766471324,0.7682872220377438,0.8464478855341105,0.9111535755706155,0.9754463875511158,0.9036458333333333,0.9643663194444444,0.07715541742275106,0.12145447298618675,20261082,1,Asia,342,96,V1-V10_financial_only
PONE2016_h1_target_Asia,20260729,Uncertainty_gated_fusion,cost_2,96,48,0.30725391468905877,"Same-horizon leave-one-region-out transfer; source regions=Europe,North America; target region=Asia; source-only fit/search/calibration; target labels untouched until final evaluation; V1-V10 financial ratios only.","One-standard-error paired-bootstrap gate selected KELM_risk_feature; search utility difference=-0.0040, required margin=0.0223.",Platt_logistic_on_separate_calibration_partition,0.8615030470056388,0.9375,0.7916666666666666,0.8181818181818182,0.8737864077669902,0.8395522388059702,0.9109311740890689,0.7370463014996572,0.8178421113390373,0.8645833333333333,0.20833333333333334,0.5729166666666666,45.0,10.0,38.0,3.0,0.9415307228348772,0.9305555555555555,0.10302027589014068,0.3503530925508092,0.11145214327426638,0.03527464220512372,1.4273884610014564,2.0,0.16666666666666666,0.1111111111111111,0.8395833333333333,0.9770833333333333,0.7354166666666666,0.83125,0.77990851513019,0.8424598930481283,0.8353653330601233,0.9425149992683284,0.64953847205352,0.7841924102045057,0.7606949677318402,0.8472370144251938,0.8762366123112073,0.960412556045309,0.8625868055555556,0.9559027777777778,0.07967581255333055,0.1412940903574749,20261082,1,Asia,342,96,V1-V10_financial_only
PONE2016_h1_target_Asia,20260729,Uncertainty_gated_fusion,cost_5,96,48,0.30725391468905877,"Same-horizon leave-one-region-out transfer; source regions=Europe,North America; target region=Asia; source-only fit/search/calibration; target labels untouched until final evaluation; V1-V10 financial ratios only.","One-standard-error paired-bootstrap gate selected KELM_risk_feature; search utility difference=-0.0040, required margin=0.0223.",Platt_logistic_on_separate_calibration_partition,0.8615030470056388,0.9375,0.7916666666666666,0.8181818181818182,0.8737864077669902,0.8395522388059702,0.9109311740890689,0.7370463014996572,0.8178421113390373,0.8645833333333333,0.20833333333333334,0.5729166666666666,45.0,10.0,38.0,3.0,0.9415307228348772,0.9305555555555555,0.10302027589014068,0.3503530925508092,0.11145214327426638,0.03527464220512372,1.4273884610014564,5.0,0.2604166666666667,0.08680555555555555,0.9375,0.9770833333333333,0.7291666666666666,0.8083333333333333,0.7762419637638808,0.8310344827586207,0.9014634146341464,0.9376334661354581,0.6840902778009139,0.7657360976063795,0.7767613146227997,0.8332271045161214,0.9369272914222715,0.9564277966276712,0.9266059027777778,0.9624131944444444,0.08361283066029425,0.11280229233096624,20261082,1,Asia,342,96,V1-V10_financial_only
PONE2016_h1_target_Asia,20260729,Uncertainty_gated_fusion,cost_10,96,48,0.12599149040503516,"Same-horizon leave-one-region-out transfer; source regions=Europe,North America; target region=Asia; source-only fit/search/calibration; target labels untouched until final evaluation; V1-V10 financial ratios only.","One-standard-error paired-bootstrap gate selected KELM_risk_feature; search utility difference=-0.0040, required margin=0.0223.",Platt_logistic_on_separate_calibration_partition,0.3498511588280555,0.9791666666666666,0.125,0.5280898876404494,0.6861313868613139,0.5816831683168316,0.8362989323843416,0.20032077005375098,0.29051208604232526,0.5520833333333333,0.875,0.9270833333333334,47.0,42.0,6.0,1.0,0.9415307228348772,0.9305555555555555,0.10302027589014068,0.3503530925508092,0.11145214327426638,0.03527464220512372,1.4273884610014564,10.0,0.5416666666666666,0.09848484848484848,0.9416666666666667,1.0,0.10625000000000001,0.14583333333333334,0.5182644941265632,0.5340909090909091,0.8097350230414746,0.850763100518758,0.11910347897873381,0.2558193623193698,0.23823746965132814,0.3184388997263042,0.924452022593064,0.9688626723658168,0.8976996527777777,0.9644097222222222,0.08825655068055147,0.12118034826685795,20261082,1,Asia,342,96,V1-V10_financial_only
PONE2016_h1_target_Asia,20260729,Uncertainty_gated_fusion,cost_20,96,48,0.12599149040503516,"Same-horizon leave-one-region-out transfer; source regions=Europe,North America; target region=Asia; source-only fit/search/calibration; target labels untouched until final evaluation; V1-V10 financial ratios only.","One-standard-error paired-bootstrap gate selected KELM_risk_feature; search utility difference=-0.0040, required margin=0.0223.",Platt_logistic_on_separate_calibration_partition,0.3498511588280555,0.9791666666666666,0.125,0.5280898876404494,0.6861313868613139,0.5816831683168316,0.8362989323843416,0.20032077005375098,0.29051208604232526,0.5520833333333333,0.875,0.9270833333333334,47.0,42.0,6.0,1.0,0.9415307228348772,0.9305555555555555,0.10302027589014068,0.3503530925508092,0.11145214327426638,0.03527464220512372,1.4273884610014564,20.0,0.6458333333333334,0.061507936507936505,0.9791666666666666,0.9979166666666667,0.06458333333333333,0.12291666666666666,0.5114309603440039,0.5280281516236572,0.8277571791171054,0.8468807766306603,0.1078957032538385,0.23099533092769803,0.18948186215769988,0.2904719882333939,0.945467609732791,0.9687481352772755,0.9254774305555555,0.9620225694444445,0.08443791866022617,0.10276514015539094,20261082,1,Asia,342,96,V1-V10_financial_only
PONE2016_h1_target_Asia,20260729,Full_random_search,triad,96,48,0.9244956356438088,"Same-horizon leave-one-region-out transfer; source regions=Europe,North America; target region=Asia; source-only fit/search/calibration; target labels untouched until final evaluation; V1-V10 financial ratios only.",Same full architecture and 81 evaluations as PBMSBAINGO; alpha=0.70.,Platt_logistic_on_separate_calibration_partition,0.6545115863502087,0.4375,0.9791666666666666,0.9545454545454546,0.6,0.7720588235294118,0.49065420560747663,0.4956815970966097,0.596594379775048,0.7083333333333333,0.020833333333333332,0.22916666666666666,21.0,1.0,47.0,27.0,0.9434792233094078,0.9422743055555556,0.09655305081677512,0.3188177835669768,0.07725473850457697,0.08732090833902137,1.0604756348833513,,,,0.28125,0.6145833333333334,0.9583333333333334,1.0,0.87375,1.0,0.32546583850931676,0.6602822580645161,0.3320572248634034,0.6161856730940989,0.4473333626507267,0.7140664930387628,0.929294480183686,0.9873613387970596,0.9425347222222222,0.9853732638888889,0.05608597970943014,0.09857663198001286,20261130,1,Asia,342,96,V1-V10_financial_only
PONE2016_h1_target_Asia,20260729,Full_random_search,cost_1,96,48,0.5,"Same-horizon leave-one-region-out transfer; source regions=Europe,North America; target region=Asia; source-only fit/search/calibration; target labels untouched until final evaluation; V1-V10 financial ratios only.",Same full architecture and 81 evaluations as PBMSBAINGO; alpha=0.70.,Platt_logistic_on_separate_calibration_partition,0.8640183897219884,0.8333333333333334,0.8958333333333334,0.8888888888888888,0.8602150537634409,0.8771929824561403,0.8438818565400844,0.7305950062660077,0.8170354314983949,0.8645833333333334,0.10416666666666667,0.46875,40.0,5.0,43.0,8.0,0.9434792233094078,0.9422743055555556,0.09655305081677512,0.3188177835669768,0.07725473850457697,0.08732090833902137,1.0604756348833513,1.0,0.13541666666666666,0.13541666666666666,0.7395833333333333,0.875,0.8354166666666667,0.9520833333333334,0.8357142857142857,0.9407130534790109,0.7711062590975255,0.8779319085400787,0.6706296529079947,0.7689657914719595,0.7752655668289269,0.8440461830898514,0.916493786764139,0.9663968770469905,0.9192708333333333,0.9598090277777778,0.08570232888843031,0.11683259706407487,20261130,1,Asia,342,96,V1-V10_financial_only
PONE2016_h1_target_Asia,20260729,Full_random_search,cost_2,96,48,0.24691118212028101,"Same-horizon leave-one-region-out transfer; source regions=Europe,North America; target region=Asia; source-only fit/search/calibration; target labels untouched until final evaluation; V1-V10 financial ratios only.",Same full architecture and 81 evaluations as PBMSBAINGO; alpha=0.70.,Platt_logistic_on_separate_calibration_partition,0.8848650242331375,0.9166666666666666,0.8541666666666666,0.8627450980392157,0.8888888888888888,0.873015873015873,0.9053497942386831,0.772343292338351,0.845645117763738,0.8854166666666666,0.14583333333333334,0.53125,44.0,7.0,41.0,4.0,0.9434792233094078,0.9422743055555556,0.09655305081677512,0.3188177835669768,0.07725473850457697,0.08732090833902137,1.0604756348833513,2.0,0.15625,0.10416666666666667,0.9166666666666666,0.9770833333333333,0.8125,0.875,0.8310983827493261,0.8843891402714932,0.898327199732352,0.9470848757271285,0.7351014040016831,0.8340269668474511,0.8187698079560431,0.8869869472820339,0.9482354001789574,0.9769173488656133,0.9378472222222222,0.9713975694444444,0.07357847989039114,0.10098543278066852,20261130,1,Asia,342,96,V1-V10_financial_only
PONE2016_h1_target_Asia,20260729,Full_random_search,cost_5,96,48,0.09080759377188712,"Same-horizon leave-one-region-out transfer; source regions=Europe,North America; target region=Asia; source-only fit/search/calibration; target labels untouched until final evaluation; V1-V10 financial ratios only.",Same full architecture and 81 evaluations as PBMSBAINGO; alpha=0.70.,Platt_logistic_on_separate_calibration_partition,0.67700320038633,1.0,0.4583333333333333,0.6486486486486487,0.7868852459016393,0.6976744186046512,0.9022556390977443,0.5452497568062706,0.6298816763894876,0.7291666666666666,0.5416666666666666,0.7708333333333334,48.0,26.0,22.0,0.0,0.9434792233094078,0.9422743055555556,0.09655305081677512,0.3188177835669768,0.07725473850457697,0.08732090833902137,1.0604756348833513,5.0,0.2708333333333333,0.09027777777777778,1.0,1.0,0.39999999999999997,0.5708333333333333,0.6250389610389611,0.7001589825119238,0.8928616181446055,0.9209947946790052,0.4999833989229736,0.6320450288084002,0.5847502973942055,0.711607109223501,0.9219214047424354,0.9786481151117012,0.9207031250000001,0.9769531250000001,0.06169139051621699,0.11974276464073917,20261130,1,Asia,342,96,V1-V10_financial_only
PONE2016_h1_target_Asia,20260729,Full_random_search,cost_10,96,48,0.09080759377188712,"Same-horizon leave-one-region-out transfer; source regions=Europe,North America; target region=Asia; source-only fit/search/calibration; target labels untouched until final evaluation; V1-V10 financial ratios only.",Same full architecture and 81 evaluations as PBMSBAINGO; alpha=0.70.,Platt_logistic_on_separate_calibration_partition,0.67700320038633,1.0,0.4583333333333333,0.6486486486486487,0.7868852459016393,0.6976744186046512,0.9022556390977443,0.5452497568062706,0.6298816763894876,0.7291666666666666,0.5416666666666666,0.7708333333333334,48.0,26.0,22.0,0.0,0.9434792233094078,0.9422743055555556,0.09655305081677512,0.3188177835669768,0.07725473850457697,0.08732090833902137,1.0604756348833513,10.0,0.2708333333333333,0.04924242424242424,1.0,1.0,0.24166666666666667,0.49375,0.5689947877885331,0.6639999999999999,0.8683442791106611,0.9080694586312563,0.37015318291925026,0.572530268491955,0.4464711410947813,0.6562134171847971,0.9245662842484368,0.9782988926923284,0.921701388888889,0.9733940972222223,0.08600213430793578,0.11538304714092287,20261130,1,Asia,342,96,V1-V10_financial_only
PONE2016_h1_target_Asia,20260729,Full_random_search,cost_20,96,48,0.09080759377188712,"Same-horizon leave-one-region-out transfer; source regions=Europe,North America; target region=Asia; source-only fit/search/calibration; target labels untouched until final evaluation; V1-V10 financial ratios only.",Same full architecture and 81 evaluations as PBMSBAINGO; alpha=0.70.,Platt_logistic_on_separate_calibration_partition,0.67700320038633,1.0,0.4583333333333333,0.6486486486486487,0.7868852459016393,0.6976744186046512,0.9022556390977443,0.5452497568062706,0.6298816763894876,0.7291666666666666,0.5416666666666666,0.7708333333333334,48.0,26.0,22.0,0.0,0.9434792233094078,0.9422743055555556,0.09655305081677512,0.3188177835669768,0.07725473850457697,0.08732090833902137,1.0604756348833513,20.0,0.2708333333333333,0.025793650793650792,1.0,1.0,0.34791666666666665,0.59375,0.6057534246575342,0.7114427860696517,0.8846836847946725,0.9248859248859249,0.45862319827475084,0.6498473599482394,0.541757330234235,0.7278218415812825,0.9282127008129568,0.9676089805439783,0.9207899305555556,0.9606336805555555,0.07113928688719037,0.11354781039335242,20261130,1,Asia,342,96,V1-V10_financial_only
PONE2016_h1_target_Asia,20260729,Balanced_logistic,triad,96,48,0.9029763223175306,"Same-horizon leave-one-region-out transfer; source regions=Europe,North America; target region=Asia; source-only fit/search/calibration; target labels untouched until final evaluation; V1-V10 financial ratios only.",Class-weighted logistic reference using the same source-only fit/search/calibration and untouched regional target.,Platt_logistic_on_separate_calibration_partition,0.8079466429027214,0.6666666666666666,0.9791666666666666,0.9696969696969697,0.7901234567901234,0.8888888888888888,0.7111111111111111,0.6798834181250946,0.7627811232264889,0.8229166666666666,0.020833333333333332,0.34375,32.0,1.0,47.0,16.0,0.9543744904577071,0.9440104166666666,0.10232066833679222,0.3235760106814021,0.08586438083412934,-0.6868715380360546,1.263824887137421,,,,0.5875,0.7041666666666667,0.9583333333333334,1.0,0.939572192513369,1.0,0.6402948402948403,0.747787610619469,0.6365868694069738,0.7338984543059434,0.7219074587319475,0.800802625553401,0.9407525629921387,0.9687679178344676,0.9289496527777779,0.9627604166666666,0.0828128415171664,0.11406173433636377,20262030,1,Asia,342,96,V1-V10_financial_only
PONE2016_h1_target_Asia,20260729,Balanced_logistic,cost_1,96,48,0.6593644179556826,"Same-horizon leave-one-region-out transfer; source regions=Europe,North America; target region=Asia; source-only fit/search/calibration; target labels untouched until final evaluation; V1-V10 financial ratios only.",Class-weighted logistic reference using the same source-only fit/search/calibration and untouched regional target.,Platt_logistic_on_separate_calibration_partition,0.853149801226803,0.8125,0.8958333333333334,0.8863636363636364,0.8478260869565217,0.8705357142857143,0.826271186440678,0.7108057085060271,0.8027873090508576,0.8541666666666667,0.10416666666666667,0.4583333333333333,39.0,5.0,43.0,9.0,0.9543744904577071,0.9440104166666666,0.10232066833679222,0.3235760106814021,0.08586438083412934,-0.6868715380360546,1.263824887137421,1.0,0.14583333333333334,0.14583333333333334,0.69375,0.8291666666666667,0.8354166666666667,0.9333333333333333,0.8081111741349972,0.9230352303523035,0.7139348004748425,0.8410387352637584,0.5345626194400346,0.7364011719762923,0.6765803188699594,0.817761443354973,0.9042739281707279,0.9656792024043855,0.8729600694444444,0.9605034722222222,0.08645133025792909,0.15154991006660792,20262030,1,Asia,342,96,V1-V10_financial_only
PONE2016_h1_target_Asia,20260729,Balanced_logistic,cost_2,96,48,0.2439325672092018,"Same-horizon leave-one-region-out transfer; source regions=Europe,North America; target region=Asia; source-only fit/search/calibration; target labels untouched until final evaluation; V1-V10 financial ratios only.",Class-weighted logistic reference using the same source-only fit/search/calibration and untouched regional target.,Platt_logistic_on_separate_calibration_partition,0.699702317656111,0.9791666666666666,0.5,0.6619718309859155,0.7899159663865546,0.7078313253012049,0.8935361216730038,0.5459195627691725,0.6441471566101725,0.7395833333333333,0.5,0.7395833333333334,47.0,24.0,24.0,1.0,0.9543744904577071,0.9440104166666666,0.10232066833679222,0.3235760106814021,0.08586438083412934,-0.6868715380360546,1.263824887137421,2.0,0.2708333333333333,0.18055555555555555,0.9583333333333334,0.9979166666666667,0.4375,0.5416666666666666,0.6356216216216216,0.6764705882352942,0.8784222005395168,0.8974503025064823,0.4976822327901832,0.5500190982169267,0.5983373905073119,0.6584793472974607,0.9525689957206834,0.9713340690288526,0.93984375,0.9635416666666666,0.08649673708122001,0.12055106487506669,20262030,1,Asia,342,96,V1-V10_financial_only
PONE2016_h1_target_Asia,20260729,Balanced_logistic,cost_5,96,48,0.2439325672092018,"Same-horizon leave-one-region-out transfer; source regions=Europe,North America; target region=Asia; source-only fit/search/calibration; target labels untouched until final evaluation; V1-V10 financial ratios only.",Class-weighted logistic reference using the same source-only fit/search/calibration and untouched regional target.,Platt_logistic_on_separate_calibration_partition,0.699702317656111,0.9791666666666666,0.5,0.6619718309859155,0.7899159663865546,0.7078313253012049,0.8935361216730038,0.5459195627691725,0.6441471566101725,0.7395833333333333,0.5,0.7395833333333334,47.0,24.0,24.0,1.0,0.9543744904577071,0.9440104166666666,0.10232066833679222,0.3235760106814021,0.08586438083412934,-0.6868715380360546,1.263824887137421,5.0,0.3020833333333333,0.10069444444444445,0.9791666666666666,1.0,0.36041666666666666,0.53125,0.6095021097046414,0.6811428571428572,0.8801498127340824,0.9143151213654687,0.46537256274052297,0.6014194864193314,0.5509474957838084,0.6834149275762254,0.9430287335061006,0.98473396980559,0.9293836805555555,0.9819010416666666,0.06536669157082496,0.11555252148250066,20262030,1,Asia,342,96,V1-V10_financial_only
PONE2016_h1_target_Asia,20260729,Balanced_logistic,cost_10,96,48,0.2439325672092018,"Same-horizon leave-one-region-out transfer; source regions=Europe,North America; target region=Asia; source-only fit/search/calibration; target labels untouched until final evaluation; V1-V10 financial ratios only.",Class-weighted logistic reference using the same source-only fit/search/calibration and untouched regional target.,Platt_logistic_on_separate_calibration_partition,0.699702317656111,0.9791666666666666,0.5,0.6619718309859155,0.7899159663865546,0.7078313253012049,0.8935361216730038,0.5459195627691725,0.6441471566101725,0.7395833333333333,0.5,0.7395833333333334,47.0,24.0,24.0,1.0,0.9543744904577071,0.9440104166666666,0.10232066833679222,0.3235760106814021,0.08586438083412934,-0.6868715380360546,1.263824887137421,10.0,0.3541666666666667,0.06439393939393939,0.9041666666666667,0.9979166666666667,0.41041666666666665,0.6375000000000001,0.6227327935222673,0.7337330316742082,0.8406048551019223,0.9308515414546543,0.4623035541266693,0.6811219598058214,0.5681671817528158,0.7566113908095057,0.9268157512967498,0.9742841613845138,0.8985677083333333,0.9705295138888889,0.08589921001393246,0.12452468742083346,20262030,1,Asia,342,96,V1-V10_financial_only
PONE2016_h1_target_Asia,20260729,Balanced_logistic,cost_20,96,48,0.07769473059692372,"Same-horizon leave-one-region-out transfer; source regions=Europe,North America; target region=Asia; source-only fit/search/calibration; target labels untouched until final evaluation; V1-V10 financial ratios only.",Class-weighted logistic reference using the same source-only fit/search/calibration and untouched regional target.,Platt_logistic_on_separate_calibration_partition,0.3535533905932738,1.0,0.125,0.5333333333333333,0.6956521739130435,0.5882352941176471,0.851063829787234,0.25819888974716115,0.31838660973658534,0.5625,0.875,0.9375,48.0,42.0,6.0,0.0,0.9543744904577071,0.9440104166666666,0.10232066833679222,0.3235760106814021,0.08586438083412934,-0.6868715380360546,1.263824887137421,20.0,0.4375,0.041666666666666664,1.0,1.0,0.04791666666666666,0.125,0.512321720832359,0.5333333333333333,0.8400504089550026,0.851063829787234,0.15471885389502987,0.25819888974716115,0.193254961755905,0.31838660973658534,0.9364991631369068,0.9607569679573873,0.9182725694444446,0.9581597222222222,0.09254777652786966,0.12109373645645322,20262030,1,Asia,342,96,V1-V10_financial_only
PONE2016_h1_target_Europe,20260729,HistGB,triad,171,86,0.9289184500299371,"Same-horizon leave-one-region-out transfer; source regions=Asia,North America; target region=Europe; source-only fit/search/calibration; target labels untouched until final evaluation; V1-V10 financial ratios only.",No metaheuristic; threshold and Platt calibration use calibration partition.,Platt_logistic_on_separate_calibration_partition,0.7448868109646665,0.6046511627906976,0.9176470588235294,0.8813559322033898,0.7172413793103448,0.8074534161490683,0.6451612903225806,0.5493412588939887,0.6729884269341517,0.7611491108071136,0.08235294117647059,0.34502923976608185,52.0,7.0,78.0,34.0,0.8607584204467822,0.8808481532147743,0.14984046276283483,0.4779763713993825,0.09354868242583984,-0.12502369375106423,0.7323014741694593,,,,0.5581395348837209,0.708139534883721,0.8611764705882352,0.9176470588235294,0.8100169779286926,0.8932428765264586,0.5988037425233907,0.7344384838624571,0.4600285907811921,0.6272510848385949,0.6124008789192648,0.7372089243287816,0.8081132142865195,0.8857253348317806,0.8200957592339262,0.8935841313269494,0.13879311472607578,0.18929895819011447,20260729,1,Europe,267,171,V1-V10_financial_only
PONE2016_h1_target_Europe,20260729,HistGB,cost_1,171,86,0.38111438505307244,"Same-horizon leave-one-region-out transfer; source regions=Asia,North America; target region=Europe; source-only fit/search/calibration; target labels untouched until final evaluation; V1-V10 financial ratios only.",No metaheuristic; threshold and Platt calibration use calibration partition.,Platt_logistic_on_separate_calibration_partition,0.8187274500607025,0.813953488372093,0.8235294117647058,0.8235294117647058,0.8187134502923976,0.8215962441314554,0.8158508158508159,0.6374829001367989,0.7532094281968701,0.8187414500683994,0.17647058823529413,0.49707602339181284,70.0,15.0,70.0,16.0,0.8607584204467822,0.8808481532147743,0.14984046276283483,0.4779763713993825,0.09354868242583984,-0.12502369375106423,0.7323014741694593,1.0,0.18128654970760233,0.18128654970760233,0.7848837209302326,0.8918604651162791,0.7788235294117647,0.8788235294117647,0.7970279086625589,0.8757994579945799,0.7925526423040348,0.8830552889938732,0.6174587474445582,0.7410981779181699,0.738627551989528,0.824543638368535,0.8404218940705902,0.9053093434070942,0.8628043775649795,0.9229274965800274,0.12310716621173487,0.15442487042383163,20260729,1,Europe,267,171,V1-V10_financial_only
PONE2016_h1_target_Europe,20260729,HistGB,cost_2,171,86,0.38111438505307244,"Same-horizon leave-one-region-out transfer; source regions=Asia,North America; target region=Europe; source-only fit/search/calibration; target labels untouched until final evaluation; V1-V10 financial ratios only.",No metaheuristic; threshold and Platt calibration use calibration partition.,Platt_logistic_on_separate_calibration_partition,0.8187274500607025,0.813953488372093,0.8235294117647058,0.8235294117647058,0.8187134502923976,0.8215962441314554,0.8158508158508159,0.6374829001367989,0.7532094281968701,0.8187414500683994,0.17647058823529413,0.49707602339181284,70.0,15.0,70.0,16.0,0.8607584204467822,0.8808481532147743,0.14984046276283483,0.4779763713993825,0.09354868242583984,-0.12502369375106423,0.7323014741694593,2.0,0.27485380116959063,0.1828793774319066,0.7872093023255814,0.8709302325581395,0.7588235294117647,0.8811764705882352,0.7676448551448551,0.8799159663865546,0.7837635344160866,0.8642844694246564,0.5475330053610564,0.7417330606656001,0.6891249574776616,0.8254301013555915,0.7740891523358303,0.9035541621666352,0.8147058823529412,0.9243228454172367,0.10667198421705548,0.18346673961771762,20260729,1,Europe,267,171,V1-V10_financial_only
PONE2016_h1_target_Europe,20260729,HistGB,cost_5,171,86,0.14144495664992965,"Same-horizon leave-one-region-out transfer; source regions=Asia,North America; target region=Europe; source-only fit/search/calibration; target labels untouched until final evaluation; V1-V10 financial ratios only.",No metaheuristic; threshold and Platt calibration use calibration partition.,Platt_logistic_on_separate_calibration_partition,0.8251352332889285,0.9186046511627907,0.7411764705882353,0.7821782178217822,0.8449197860962567,0.8061224489795918,0.8876404494382022,0.6708862122510577,0.7701341412605366,0.8298905608755129,0.25882352941176473,0.5906432748538012,79.0,22.0,63.0,7.0,0.8607584204467822,0.8808481532147743,0.14984046276283483,0.4779763713993825,0.09354868242583984,-0.12502369375106423,0.7323014741694593,5.0,0.3333333333333333,0.11067961165048544,0.9069767441860465,0.9406976744186046,0.7070588235294119,0.8458823529411764,0.7582524271844661,0.8565349544072948,0.8736017897091722,0.9197332918223329,0.6284934959683696,0.7710254777210999,0.7389821537647564,0.8425653752927244,0.7672594545915401,0.9032416909636903,0.8232421340629275,0.920670314637483,0.10403300548737887,0.18756287875210748,20260729,1,Europe,267,171,V1-V10_financial_only
PONE2016_h1_target_Europe,20260729,HistGB,cost_10,171,86,0.14144495664992965,"Same-horizon leave-one-region-out transfer; source regions=Asia,North America; target region=Europe; source-only fit/search/calibration; target labels untouched until final evaluation; V1-V10 financial ratios only.",No metaheuristic; threshold and Platt calibration use calibration partition.,Platt_logistic_on_separate_calibration_partition,0.8251352332889285,0.9186046511627907,0.7411764705882353,0.7821782178217822,0.8449197860962567,0.8061224489795918,0.8876404494382022,0.6708862122510577,0.7701341412605366,0.8298905608755129,0.25882352941176473,0.5906432748538012,79.0,22.0,63.0,7.0,0.8607584204467822,0.8808481532147743,0.14984046276283483,0.4779763713993825,0.09354868242583984,-0.12502369375106423,0.7323014741694593,10.0,0.5380116959064327,0.09735449735449736,0.8953488372093024,0.963953488372093,0.7435294117647059,0.8105882352941176,0.7908100147275404,0.8351664876476906,0.873015873015873,0.9272692458857794,0.6660961173879539,0.7687363448290727,0.7697349430894462,0.8389131116193419,0.8411926781690561,0.9223872702895196,0.8743638850889193,0.9330369357045144,0.10798772573021165,0.15832555978824653,20260729,1,Europe,267,171,V1-V10_financial_only
PONE2016_h1_target_Europe,20260729,HistGB,cost_20,171,86,0.11403605001720103,"Same-horizon leave-one-region-out transfer; source regions=Asia,North America; target region=Europe; source-only fit/search/calibration; target labels untouched until final evaluation; V1-V10 financial ratios only.",No metaheuristic; threshold and Platt calibration use calibration partition.,Platt_logistic_on_separate_calibration_partition,0.43133109281375365,0.9883720930232558,0.18823529411764706,0.551948051948052,0.7083333333333334,0.6054131054131054,0.8534136546184738,0.29510918904744216,0.38007393568656334,0.5883036935704514,0.8117647058823529,0.9005847953216374,85.0,69.0,16.0,1.0,0.8607584204467822,0.8808481532147743,0.14984046276283483,0.4779763713993825,0.09354868242583984,-0.12502369375106423,0.7323014741694593,20.0,0.52046783625731,0.049307479224376734,0.9883720930232558,1.0,0.13058823529411767,0.2223529411764706,0.5375474683544303,0.5625435691878703,0.8472696515525201,0.8584127565982405,0.24632887592044828,0.32855074082082836,0.32429268845164716,0.4164015745206376,0.8361559079689366,0.9318312895771305,0.8486046511627906,0.9297537619699042,0.12450043263052508,0.18592672367693505,20260729,1,Europe,267,171,V1-V10_financial_only
PONE2016_h1_target_Europe,20260729,KELM_PBMSBAINGO,triad,171,86,0.8168492594414,"Same-horizon leave-one-region-out transfer; source regions=Asia,North America; target region=Europe; source-only fit/search/calibration; target labels untouched until final evaluation; V1-V10 financial ratios only.",Plain KELM; hyperparameters/features selected only on search partition.,Platt_logistic_on_separate_calibration_partition,0.7590764061832488,0.6046511627906976,0.9529411764705882,0.9285714285714286,0.7323943661971831,0.8387096774193549,0.65,0.5940630671641509,0.699521681003049,0.7787961696306429,0.047058823529411764,0.32748538011695905,52.0,4.0,81.0,34.0,0.8832559410299493,0.8842681258549933,0.12903657059657414,0.4304323957761023,0.06417842893663803,-0.08776668195253029,0.7907011531229517,,,,0.6046511627906976,0.6837209302325581,0.908235294117647,0.9741176470588235,0.8735261401557286,0.9603174603174602,0.6474161854046352,0.7225311966691278,0.5560479550293165,0.6589045242888577,0.6810563392031606,0.7540585857221341,0.8624820042721348,0.9243380530379705,0.8692065663474692,0.9124623803009576,0.10564096103698312,0.14236241269046773,20260830,1,Europe,267,171,V1-V10_financial_only
PONE2016_h1_target_Europe,20260729,KELM_PBMSBAINGO,cost_1,171,86,0.5923167104093927,"Same-horizon leave-one-region-out transfer; source regions=Asia,North America; target region=Europe; source-only fit/search/calibration; target labels untouched until final evaluation; V1-V10 financial ratios only.",Plain KELM; hyperparameters/features selected only on search partition.,Platt_logistic_on_separate_calibration_partition,0.8283618234404069,0.7674418604651163,0.8941176470588236,0.88,0.8198757763975155,0.8549222797927462,0.7875894988066826,0.6665939312806907,0.7704902879332456,0.8307797537619699,0.10588235294117647,0.43859649122807015,66.0,9.0,76.0,20.0,0.8832559410299493,0.8842681258549933,0.12903657059657414,0.4304323957761023,0.06417842893663803,-0.08776668195253029,0.7907011531229517,1.0,0.1695906432748538,0.1695906432748538,0.7476744186046511,0.8127906976744186,0.8505882352941176,0.8941176470588236,0.8462156317578005,0.8843117408906882,0.7704093867762932,0.8194584725351566,0.6468313994853283,0.6969506785575548,0.7559172513102362,0.7929118257532632,0.8569100222694426,0.9057012650767632,0.8752120383036935,0.8955950752393981,0.1216479709113876,0.1308690015795643,20260830,1,Europe,267,171,V1-V10_financial_only
PONE2016_h1_target_Europe,20260729,KELM_PBMSBAINGO,cost_2,171,86,0.5923167104093927,"Same-horizon leave-one-region-out transfer; source regions=Asia,North America; target region=Europe; source-only fit/search/calibration; target labels untouched until final evaluation; V1-V10 financial ratios only.",Plain KELM; hyperparameters/features selected only on search partition.,Platt_logistic_on_separate_calibration_partition,0.8283618234404069,0.7674418604651163,0.8941176470588236,0.88,0.8198757763975155,0.8549222797927462,0.7875894988066826,0.6665939312806907,0.7704902879332456,0.8307797537619699,0.10588235294117647,0.43859649122807015,66.0,9.0,76.0,20.0,0.8832559410299493,0.8842681258549933,0.12903657059657414,0.4304323957761023,0.06417842893663803,-0.08776668195253029,0.7907011531229517,2.0,0.28654970760233917,0.19066147859922178,0.6906976744186046,0.8325581395348838,0.8482352941176471,0.9258823529411765,0.8232142857142857,0.9100508187464709,0.7144923402868318,0.837769440806269,0.5523519516613157,0.6953365603059607,0.68856588597406,0.7932330626242695,0.8254570395359923,0.9156064323067489,0.7996990424076607,0.9095075239398085,0.11992348605480775,0.18496447782170639,20260830,1,Europe,267,171,V1-V10_financial_only
PONE2016_h1_target_Europe,20260729,KELM_PBMSBAINGO,cost_5,171,86,0.13706974808844666,"Same-horizon leave-one-region-out transfer; source regions=Asia,North America; target region=Europe; source-only fit/search/calibration; target labels untouched until final evaluation; V1-V10 financial ratios only.",Plain KELM; hyperparameters/features selected only on search partition.,Platt_logistic_on_separate_calibration_partition,0.6573794511680886,0.9418604651162791,0.4588235294117647,0.6377952755905512,0.7605633802816901,0.6818181818181818,0.8598726114649682,0.4582816673283769,0.5828922008730171,0.7003419972640219,0.5411764705882353,0.7426900584795322,81.0,46.0,39.0,5.0,0.8832559410299493,0.8842681258549933,0.12903657059657414,0.4304323957761023,0.06417842893663803,-0.08776668195253029,0.7907011531229517,5.0,0.4152046783625731,0.1378640776699029,0.8744186046511628,0.9418604651162791,0.38941176470588235,0.5541176470588235,0.5963203463203464,0.6815761377285466,0.8005262198733427,0.8749483001075358,0.3160020822665131,0.5387279129612609,0.47985506801220135,0.6548904773436396,0.8137582522477604,0.9000696407234094,0.8066210670314637,0.8931600547195623,0.1212048745840924,0.16980255516825532,20260830,1,Europe,267,171,V1-V10_financial_only
PONE2016_h1_target_Europe,20260729,KELM_PBMSBAINGO,cost_10,171,86,0.06081920739448723,"Same-horizon leave-one-region-out transfer; source regions=Asia,North America; target region=Europe; source-only fit/search/calibration; target labels untouched until final evaluation; V1-V10 financial ratios only.",Plain KELM; hyperparameters/features selected only on search partition.,Platt_logistic_on_separate_calibration_partition,0.4176345347922784,0.9883720930232558,0.17647058823529413,0.5483870967741935,0.7053941908713693,0.6019830028328612,0.8517034068136272,0.28301048005540463,0.3668302219729706,0.582421340629275,0.8235294117647058,0.9064327485380117,85.0,70.0,15.0,1.0,0.8832559410299493,0.8842681258549933,0.12903657059657414,0.4304323957761023,0.06417842893663803,-0.08776668195253029,0.7907011531229517,10.0,0.4678362573099415,0.08465608465608465,0.977906976744186,1.0,0.15294117647058825,0.18705882352941175,0.5387555120039196,0.5544830438378825,0.8408303393213572,0.8615511022044088,0.2320636689257338,0.3220454742366261,0.3261517692735594,0.39199921926818515,0.8465113952069855,0.8804462691724662,0.855923392612859,0.9089329685362518,0.10277983186246659,0.15258908291921577,20260830,1,Europe,267,171,V1-V10_financial_only
PONE2016_h1_target_Europe,20260729,KELM_PBMSBAINGO,cost_20,171,86,0.06081920739448723,"Same-horizon leave-one-region-out transfer; source regions=Asia,North America; target region=Europe; source-only fit/search/calibration; target labels untouched until final evaluation; V1-V10 financial ratios only.",Plain KELM; hyperparameters/features selected only on search partition.,Platt_logistic_on_separate_calibration_partition,0.4176345347922784,0.9883720930232558,0.17647058823529413,0.5483870967741935,0.7053941908713693,0.6019830028328612,0.8517034068136272,0.28301048005540463,0.3668302219729706,0.582421340629275,0.8235294117647058,0.9064327485380117,85.0,70.0,15.0,1.0,0.8832559410299493,0.8842681258549933,0.12903657059657414,0.4304323957761023,0.06417842893663803,-0.08776668195253029,0.7907011531229517,20.0,0.5263157894736842,0.04986149584487535,0.9534883720930233,0.9988372093023256,0.16588235294117648,0.21058823529411763,0.5400134952766532,0.5591336295283664,0.8269475643202299,0.8627939176059075,0.20946576497449135,0.3326192366776683,0.329121328610349,0.4057908151777804,0.8492489103674011,0.9190050300245867,0.8432147742818058,0.9230642954856361,0.10623920907645794,0.15145567058992374,20260830,1,Europe,267,171,V1-V10_financial_only
PONE2016_h1_target_Europe,20260729,KELM_score_fusion,triad,171,86,0.9285935364089628,"Same-horizon leave-one-region-out transfer; source regions=Asia,North America; target region=Europe; source-only fit/search/calibration; target labels untouched until final evaluation; V1-V10 financial ratios only.",Plain KELM plus HistGB score-level fusion; alpha=0.02 selected only on search partition.,Platt_logistic_on_separate_calibration_partition,0.7496465195282148,0.6046511627906976,0.9294117647058824,0.896551724137931,0.7222222222222222,0.8176100628930818,0.6467661691542289,0.5640244127132302,0.6818209162792637,0.76703146374829,0.07058823529411765,0.3391812865497076,52.0,6.0,79.0,34.0,0.8568702897691435,0.8820793433652532,0.14962485314011315,0.4770267823703041,0.0934961252290365,-0.12564207498575888,0.7331027569600655,,,,0.5162790697674419,0.6604651162790697,0.8952941176470589,0.9517647058823528,0.8573660714285714,0.9325090302861906,0.5612658227848101,0.7007352941176471,0.47167887026410554,0.6382592694045695,0.6065248670961071,0.7370986661732982,0.7772944902999702,0.900641819613296,0.837701778385773,0.9023939808481533,0.13752068945095913,0.17825762893304686,20260832,1,Europe,267,171,V1-V10_financial_only
PONE2016_h1_target_Europe,20260729,KELM_score_fusion,cost_1,171,86,0.3804409743994472,"Same-horizon leave-one-region-out transfer; source regions=Asia,North America; target region=Europe; source-only fit/search/calibration; target labels untouched until final evaluation; V1-V10 financial ratios only.",Plain KELM plus HistGB score-level fusion; alpha=0.02 selected only on search partition.,Platt_logistic_on_separate_calibration_partition,0.8187274500607025,0.813953488372093,0.8235294117647058,0.8235294117647058,0.8187134502923976,0.8215962441314554,0.8158508158508159,0.6374829001367989,0.7532094281968701,0.8187414500683994,0.17647058823529413,0.49707602339181284,70.0,15.0,70.0,16.0,0.8568702897691435,0.8820793433652532,0.14962485314011315,0.4770267823703041,0.0934961252290365,-0.12564207498575888,0.7331027569600655,1.0,0.18128654970760233,0.18128654970760233,0.741860465116279,0.8476744186046511,0.8129411764705883,0.8576470588235293,0.8172413793103448,0.847953488372093,0.7589775678474325,0.8476744186046511,0.6000371703640359,0.6935567715458276,0.7242639399386106,0.7922676593488588,0.8404868091721163,0.889807541688796,0.878673050615595,0.9121614227086183,0.13435380416576378,0.16153949099632225,20260832,1,Europe,267,171,V1-V10_financial_only
PONE2016_h1_target_Europe,20260729,KELM_score_fusion,cost_2,171,86,0.3804409743994472,"Same-horizon leave-one-region-out transfer; source regions=Asia,North America; target region=Europe; source-only fit/search/calibration; target labels untouched until final evaluation; V1-V10 financial ratios only.",Plain KELM plus HistGB score-level fusion; alpha=0.02 selected only on search partition.,Platt_logistic_on_separate_calibration_partition,0.8187274500607025,0.813953488372093,0.8235294117647058,0.8235294117647058,0.8187134502923976,0.8215962441314554,0.8158508158508159,0.6374829001367989,0.7532094281968701,0.8187414500683994,0.17647058823529413,0.49707602339181284,70.0,15.0,70.0,16.0,0.8568702897691435,0.8820793433652532,0.14962485314011315,0.4770267823703041,0.0934961252290365,-0.12564207498575888,0.7331027569600655,2.0,0.27485380116959063,0.1828793774319066,0.791860465116279,0.8686046511627907,0.768235294117647,0.8811764705882352,0.7845803842264915,0.8720632081097197,0.8026617436349609,0.8689958704629428,0.6024582072474162,0.7380259394759111,0.7284116775107206,0.8229336746841743,0.8273152352076509,0.9356825363319815,0.8590560875512996,0.9308071135430916,0.1179220450580813,0.16201440825926727,20260832,1,Europe,267,171,V1-V10_financial_only
PONE2016_h1_target_Europe,20260729,KELM_score_fusion,cost_5,171,86,0.14156660028494317,"Same-horizon leave-one-region-out transfer; source regions=Asia,North America; target region=Europe; source-only fit/search/calibration; target labels untouched until final evaluation; V1-V10 financial ratios only.",Plain KELM plus HistGB score-level fusion; alpha=0.02 selected only on search partition.,Platt_logistic_on_separate_calibration_partition,0.8251352332889285,0.9186046511627907,0.7411764705882353,0.7821782178217822,0.8449197860962567,0.8061224489795918,0.8876404494382022,0.6708862122510577,0.7701341412605366,0.8298905608755129,0.25882352941176473,0.5906432748538012,79.0,22.0,63.0,7.0,0.8568702897691435,0.8820793433652532,0.14962485314011315,0.4770267823703041,0.0934961252290365,-0.12564207498575888,0.7331027569600655,5.0,0.3333333333333333,0.11067961165048544,0.9186046511627907,0.9534883720930233,0.7188235294117648,0.8094117647058824,0.7743216531895778,0.8298643516006511,0.8960996699363116,0.9129373917347191,0.6922968610392899,0.73298352436114,0.779965941729645,0.8167561496359337,0.8648563367958939,0.9201972153711112,0.8915595075239398,0.9200547195622435,0.11879656267230235,0.14560873461377605,20260832,1,Europe,267,171,V1-V10_financial_only
PONE2016_h1_target_Europe,20260729,KELM_score_fusion,cost_10,171,86,0.14156660028494317,"Same-horizon leave-one-region-out transfer; source regions=Asia,North America; target region=Europe; source-only fit/search/calibration; target labels untouched until final evaluation; V1-V10 financial ratios only.",Plain KELM plus HistGB score-level fusion; alpha=0.02 selected only on search partition.,Platt_logistic_on_separate_calibration_partition,0.8251352332889285,0.9186046511627907,0.7411764705882353,0.7821782178217822,0.8449197860962567,0.8061224489795918,0.8876404494382022,0.6708862122510577,0.7701341412605366,0.8298905608755129,0.25882352941176473,0.5906432748538012,79.0,22.0,63.0,7.0,0.8568702897691435,0.8820793433652532,0.14962485314011315,0.4770267823703041,0.0934961252290365,-0.12564207498575888,0.7331027569600655,10.0,0.5380116959064327,0.09735449735449736,0.877906976744186,0.963953488372093,0.7317647058823529,0.7976470588235295,0.7820650636492221,0.8150682011935209,0.8639702092567777,0.9287579773687417,0.676096196768176,0.7507171653894934,0.7785269387987603,0.8240887025541479,0.8062112079047853,0.8999698924699441,0.8545554035567715,0.9085909712722298,0.11901467507669194,0.1684048680464082,20260832,1,Europe,267,171,V1-V10_financial_only
PONE2016_h1_target_Europe,20260729,KELM_score_fusion,cost_20,171,86,0.11340073765151734,"Same-horizon leave-one-region-out transfer; source regions=Asia,North America; target region=Europe; source-only fit/search/calibration; target labels untouched until final evaluation; V1-V10 financial ratios only.",Plain KELM plus HistGB score-level fusion; alpha=0.02 selected only on search partition.,Platt_logistic_on_separate_calibration_partition,0.41517059272909906,0.9767441860465116,0.17647058823529413,0.5454545454545454,0.7,0.5982905982905983,0.8433734939759037,0.2560203654013441,0.35338048333758115,0.5766073871409029,0.8235294117647058,0.9005847953216374,84.0,70.0,15.0,2.0,0.8568702897691435,0.8820793433652532,0.14962485314011315,0.4770267823703041,0.0934961252290365,-0.12564207498575888,0.7331027569600655,20.0,0.6432748538011696,0.060941828254847646,0.977906976744186,1.0,0.07058823529411765,0.2223529411764706,0.5161038148843027,0.5651315789473684,0.8294358536508237,0.866241935483871,0.11028764086981577,0.35190535702225045,0.19349688833588274,0.4275208678406057,0.8393119190414712,0.89270658309146,0.8767305061559508,0.9017236662106703,0.12298038017857398,0.16474859924030866,20260832,1,Europe,267,171,V1-V10_financial_only
PONE2016_h1_target_Europe,20260729,KELM_risk_feature,triad,171,86,0.7624501422462883,"Same-horizon leave-one-region-out transfer; source regions=Asia,North America; target region=Europe; source-only fit/search/calibration; target labels untouched until final evaluation; V1-V10 financial ratios only.",OOF HistGB risk is a forced KELM input; no score-level fusion.,Platt_logistic_on_separate_calibration_partition,0.8035488998644228,0.686046511627907,0.9411764705882353,0.921875,0.7866666666666666,0.8625730994152047,0.7230392156862745,0.6480354673310376,0.7479532709741651,0.8136114911080712,0.058823529411764705,0.3742690058479532,59.0,5.0,80.0,27.0,0.8963330174206107,0.8912448700410396,0.1416242442802121,0.45644927619450776,0.10188865665508935,0.03822947639516164,1.0399779573504322,,,,0.6430232558139535,0.7430232558139535,0.9070588235294118,0.9635294117647059,0.8796187683284458,0.9532085561497327,0.6803376186471224,0.7758583945062751,0.5811416952532595,0.7157325246271113,0.6996181098866862,0.7968552237969305,0.8650816340155487,0.9291793639759012,0.8642270861833105,0.9284268125854993,0.11995642236764366,0.14881947071938775,20260940,1,Europe,267,171,V1-V10_financial_only
PONE2016_h1_target_Europe,20260729,KELM_risk_feature,cost_1,171,86,0.7618583958271571,"Same-horizon leave-one-region-out transfer; source regions=Asia,North America; target region=Europe; source-only fit/search/calibration; target labels untouched until final evaluation; V1-V10 financial ratios only.",OOF HistGB risk is a forced KELM input; no score-level fusion.,Platt_logistic_on_separate_calibration_partition,0.8035488998644228,0.686046511627907,0.9411764705882353,0.921875,0.7866666666666666,0.8625730994152047,0.7230392156862745,0.6480354673310376,0.7479532709741651,0.8136114911080712,0.058823529411764705,0.3742690058479532,59.0,5.0,80.0,27.0,0.8963330174206107,0.8912448700410396,0.1416242442802121,0.45644927619450776,0.10188865665508935,0.03822947639516164,1.0399779573504322,1.0,0.1871345029239766,0.1871345029239766,0.6523255813953489,0.8104651162790698,0.908235294117647,0.9647058823529412,0.8826899128268991,0.9499152542372881,0.695854728152716,0.8339242481612796,0.6011745375444562,0.7681390039912008,0.7167773744487329,0.8395501853914671,0.8851602997004715,0.9489933662635512,0.891751025991792,0.9387277701778385,0.12626807941616722,0.14528923732020194,20260940,1,Europe,267,171,V1-V10_financial_only
PONE2016_h1_target_Europe,20260729,KELM_risk_feature,cost_2,171,86,0.7618583958271571,"Same-horizon leave-one-region-out transfer; source regions=Asia,North America; target region=Europe; source-only fit/search/calibration; target labels untouched until final evaluation; V1-V10 financial ratios only.",OOF HistGB risk is a forced KELM input; no score-level fusion.,Platt_logistic_on_separate_calibration_partition,0.8035488998644228,0.686046511627907,0.9411764705882353,0.921875,0.7866666666666666,0.8625730994152047,0.7230392156862745,0.6480354673310376,0.7479532709741651,0.8136114911080712,0.058823529411764705,0.3742690058479532,59.0,5.0,80.0,27.0,0.8963330174206107,0.8912448700410396,0.1416242442802121,0.45644927619450776,0.10188865665508935,0.03822947639516164,1.0399779573504322,2.0,0.34502923976608185,0.22957198443579765,0.663953488372093,0.7534883720930232,0.9211764705882353,0.9752941176470588,0.9036507936507937,0.965,0.7066831683168316,0.7843194020423202,0.6577793215671733,0.718280194199241,0.7498357676943799,0.8004244567283592,0.8904334846129385,0.9190355359545933,0.8825581395348836,0.9241039671682626,0.11814585772690894,0.14310313435680058,20260940,1,Europe,267,171,V1-V10_financial_only
PONE2016_h1_target_Europe,20260729,KELM_risk_feature,cost_5,171,86,0.17836203826944894,"Same-horizon leave-one-region-out transfer; source regions=Asia,North America; target region=Europe; source-only fit/search/calibration; target labels untouched until final evaluation; V1-V10 financial ratios only.",OOF HistGB risk is a forced KELM input; no score-level fusion.,Platt_logistic_on_separate_calibration_partition,0.6987383588423116,0.9651162790697675,0.5058823529411764,0.664,0.7867298578199052,0.7081911262798635,0.8848614072494669,0.5310610036216146,0.6376629651174717,0.7354993160054719,0.49411764705882355,0.7309941520467836,83.0,42.0,43.0,3.0,0.8963330174206107,0.8912448700410396,0.1416242442802121,0.45644927619450776,0.10188865665508935,0.03822947639516164,1.0399779573504322,5.0,0.3333333333333333,0.11067961165048544,0.9418604651162791,0.9872093023255814,0.5070588235294118,0.62,0.6644701174648251,0.722063120981882,0.8692856153952652,0.9119726760823409,0.5091181995203904,0.6381073183248007,0.6289358335492754,0.7280659126376313,0.8668773433102279,0.9073366862146938,0.855841313269494,0.9070725034199726,0.1272530342261298,0.1693543202471858,20260940,1,Europe,267,171,V1-V10_financial_only
PONE2016_h1_target_Europe,20260729,KELM_risk_feature,cost_10,171,86,0.17836203826944894,"Same-horizon leave-one-region-out transfer; source regions=Asia,North America; target region=Europe; source-only fit/search/calibration; target labels untouched until final evaluation; V1-V10 financial ratios only.",OOF HistGB risk is a forced KELM input; no score-level fusion.,Platt_logistic_on_separate_calibration_partition,0.6987383588423116,0.9651162790697675,0.5058823529411764,0.664,0.7867298578199052,0.7081911262798635,0.8848614072494669,0.5310610036216146,0.6376629651174717,0.7354993160054719,0.49411764705882355,0.7309941520467836,83.0,42.0,43.0,3.0,0.8963330174206107,0.8912448700410396,0.1416242442802121,0.45644927619450776,0.10188865665508935,0.03822947639516164,1.0399779573504322,10.0,0.42105263157894735,0.0761904761904762,0.9546511627906977,0.9872093023255814,0.5105882352941177,0.6211764705882353,0.6691056910569105,0.7202548725637182,0.8915356151711378,0.9094717592009443,0.5520617578731207,0.6246657445109519,0.6511826013132967,0.720118874766438,0.9059827926286297,0.9355331350481841,0.887920656634747,0.9188372093023256,0.12366970467241838,0.14766244847801388,20260940,1,Europe,267,171,V1-V10_financial_only
PONE2016_h1_target_Europe,20260729,KELM_risk_feature,cost_20,171,86,0.03067368640269888,"Same-horizon leave-one-region-out transfer; source regions=Asia,North America; target region=Europe; source-only fit/search/calibration; target labels untouched until final evaluation; V1-V10 financial ratios only.",OOF HistGB risk is a forced KELM input; no score-level fusion.,Platt_logistic_on_separate_calibration_partition,0.3576408488192953,0.9883720930232558,0.12941176470588237,0.5345911949685535,0.6938775510204082,0.5886426592797784,0.8449304174950298,0.23054477173425098,0.3089464224849634,0.5588919288645691,0.8705882352941177,0.9298245614035088,85.0,74.0,11.0,1.0,0.8963330174206107,0.8912448700410396,0.1416242442802121,0.45644927619450776,0.10188865665508935,0.03822947639516164,1.0399779573504322,20.0,0.5497076023391813,0.0520775623268698,0.977906976744186,1.0,0.07294117647058823,0.19411764705882353,0.5215600448933783,0.556685452911868,0.8339920948616601,0.862595511269731,0.1700235123626818,0.32841145235679325,0.24031266293604697,0.399162882800936,0.8445438029718739,0.8910058135931134,0.8456771545827633,0.8945827633378932,0.1394458845354206,0.16280105440445747,20260940,1,Europe,267,171,V1-V10_financial_only
PONE2016_h1_target_Europe,20260729,Full_PBMSBAINGO,triad,171,86,0.8552308687275723,"Same-horizon leave-one-region-out transfer; source regions=Asia,North America; target region=Europe; source-only fit/search/calibration; target labels untouched until final evaluation; V1-V10 financial ratios only.",Risk feature plus score fusion; alpha=0.70 selected only on search partition.,Platt_logistic_on_separate_calibration_partition,0.7994526171100473,0.7441860465116279,0.8588235294117647,0.8421052631578947,0.7901234567901234,0.8205128205128205,0.7619047619047619,0.6067563059204921,0.7292334561753235,0.8015047879616963,0.1411764705882353,0.4444444444444444,64.0,12.0,73.0,22.0,0.8727697251746596,0.8838577291381668,0.13630689002706642,0.4438438596503673,0.079425640223872,-0.3230738771498416,0.8250415666343456,,,,0.7104651162790698,0.7872093023255814,0.8258823529411764,0.9235294117647059,0.8202441344324667,0.9086658841940533,0.7340184486566065,0.7949408876724697,0.5834025287224343,0.687204876739175,0.7126494910142092,0.7824571660667462,0.8583079930658011,0.9219099885942745,0.8566757865937072,0.9074008207934335,0.12328089003799189,0.14482800209131463,20261036,1,Europe,267,171,V1-V10_financial_only
PONE2016_h1_target_Europe,20260729,Full_PBMSBAINGO,cost_1,171,86,0.5,"Same-horizon leave-one-region-out transfer; source regions=Asia,North America; target region=Europe; source-only fit/search/calibration; target labels untouched until final evaluation; V1-V10 financial ratios only.",Risk feature plus score fusion; alpha=0.70 selected only on search partition.,Platt_logistic_on_separate_calibration_partition,0.8352690695845568,0.872093023255814,0.8,0.8152173913043478,0.8426966292134831,0.8259911894273128,0.8600917431192661,0.6740321567062305,0.7776385918239065,0.836046511627907,0.2,0.5380116959064327,75.0,17.0,68.0,11.0,0.8727697251746596,0.8838577291381668,0.13630689002706642,0.4438438596503673,0.079425640223872,-0.3230738771498416,0.8250415666343456,1.0,0.16374269005847952,0.16374269005847952,0.8267441860465117,0.9174418604651162,0.7776470588235295,0.8588235294117647,0.8,0.8668608499933801,0.829681952103951,0.9062824752007558,0.6301011159316202,0.773356284131443,0.7473598853409492,0.8462114835348228,0.8735047800575358,0.9386201946309177,0.8723803009575923,0.9336114911080711,0.0989504739486057,0.14760190376071092,20261036,1,Europe,267,171,V1-V10_financial_only
PONE2016_h1_target_Europe,20260729,Full_PBMSBAINGO,cost_2,171,86,0.5,"Same-horizon leave-one-region-out transfer; source regions=Asia,North America; target region=Europe; source-only fit/search/calibration; target labels untouched until final evaluation; V1-V10 financial ratios only.",Risk feature plus score fusion; alpha=0.70 selected only on search partition.,Platt_logistic_on_separate_calibration_partition,0.8352690695845568,0.872093023255814,0.8,0.8152173913043478,0.8426966292134831,0.8259911894273128,0.8600917431192661,0.6740321567062305,0.7776385918239065,0.836046511627907,0.2,0.5380116959064327,75.0,17.0,68.0,11.0,0.8727697251746596,0.8838577291381668,0.13630689002706642,0.4438438596503673,0.079425640223872,-0.3230738771498416,0.8250415666343456,2.0,0.22807017543859648,0.1517509727626459,0.8302325581395349,0.927906976744186,0.7552941176470588,0.8529411764705882,0.783125,0.8647139588100686,0.8248106060606061,0.9145263421872062,0.6262335278807158,0.7833363624322889,0.744922240957087,0.8526486873109873,0.8304128143969939,0.9161346784891045,0.8449794801641587,0.930533515731874,0.09965955489341988,0.15886617003447714,20261036,1,Europe,267,171,V1-V10_financial_only
PONE2016_h1_target_Europe,20260729,Full_PBMSBAINGO,cost_5,171,86,0.07656823231841056,"Same-horizon leave-one-region-out transfer; source regions=Asia,North America; target region=Europe; source-only fit/search/calibration; target labels untouched until final evaluation; V1-V10 financial ratios only.",Risk feature plus score fusion; alpha=0.70 selected only on search partition.,Platt_logistic_on_separate_calibration_partition,0.457495710997814,0.9883720930232558,0.21176470588235294,0.5592105263157895,0.7142857142857143,0.6123919308357348,0.8568548387096774,0.31841025253482125,0.40543418627975236,0.6000683994528043,0.788235294117647,0.8888888888888888,85.0,67.0,18.0,1.0,0.8727697251746596,0.8838577291381668,0.13630689002706642,0.4438438596503673,0.079425640223872,-0.3230738771498416,0.8250415666343456,5.0,0.42105263157894735,0.13980582524271845,0.9883720930232558,0.9988372093023256,0.13411764705882354,0.24,0.5385887096774193,0.5682615284693656,0.8517034068136272,0.8611795292829775,0.26566710930922294,0.3447183453128472,0.3286222582728221,0.4337118361225248,0.8431607903954939,0.9057126112566625,0.8341860465116279,0.9183857729138167,0.10712245583085507,0.1799513397235277,20261036,1,Europe,267,171,V1-V10_financial_only
PONE2016_h1_target_Europe,20260729,Full_PBMSBAINGO,cost_10,171,86,0.07656823231841056,"Same-horizon leave-one-region-out transfer; source regions=Asia,North America; target region=Europe; source-only fit/search/calibration; target labels untouched until final evaluation; V1-V10 financial ratios only.",Risk feature plus score fusion; alpha=0.70 selected only on search partition.,Platt_logistic_on_separate_calibration_partition,0.457495710997814,0.9883720930232558,0.21176470588235294,0.5592105263157895,0.7142857142857143,0.6123919308357348,0.8568548387096774,0.31841025253482125,0.40543418627975236,0.6000683994528043,0.788235294117647,0.8888888888888888,85.0,67.0,18.0,1.0,0.8727697251746596,0.8838577291381668,0.13630689002706642,0.4438438596503673,0.079425640223872,-0.3230738771498416,0.8250415666343456,10.0,0.4502923976608187,0.08148148148148149,0.9883720930232558,1.0,0.15882352941176472,0.25882352941176473,0.5457944703530979,0.5743243243243243,0.8566018185323223,0.8682002956393201,0.2915131938530402,0.3656893201926414,0.3585808838532532,0.4525254122092911,0.816035899881807,0.8825682641576161,0.8406566347469221,0.890875512995896,0.13277132861043595,0.1624322058360866,20261036,1,Europe,267,171,V1-V10_financial_only
PONE2016_h1_target_Europe,20260729,Full_PBMSBAINGO,cost_20,171,86,0.07656823231841056,"Same-horizon leave-one-region-out transfer; source regions=Asia,North America; target region=Europe; source-only fit/search/calibration; target labels untouched until final evaluation; V1-V10 financial ratios only.",Risk feature plus score fusion; alpha=0.70 selected only on search partition.,Platt_logistic_on_separate_calibration_partition,0.457495710997814,0.9883720930232558,0.21176470588235294,0.5592105263157895,0.7142857142857143,0.6123919308357348,0.8568548387096774,0.31841025253482125,0.40543418627975236,0.6000683994528043,0.788235294117647,0.8888888888888888,85.0,67.0,18.0,1.0,0.8727697251746596,0.8838577291381668,0.13630689002706642,0.4438438596503673,0.079425640223872,-0.3230738771498416,0.8250415666343456,20.0,0.5087719298245614,0.0481994459833795,0.977906976744186,0.9988372093023256,0.16823529411764707,0.24588235294117647,0.5432974910394266,0.5700894854586129,0.8430281085309451,0.8633153302866639,0.2492536894583784,0.3504897809429078,0.3446803780778316,0.4399803248042891,0.8514866391788863,0.8901441277141,0.862079343365253,0.9020793433652532,0.1262390615889002,0.15415482761117966,20261036,1,Europe,267,171,V1-V10_financial_only
PONE2016_h1_target_Europe,20260729,Uncertainty_gated_fusion,triad,171,86,0.7624501422462883,"Same-horizon leave-one-region-out transfer; source regions=Asia,North America; target region=Europe; source-only fit/search/calibration; target labels untouched until final evaluation; V1-V10 financial ratios only.","One-standard-error paired-bootstrap gate selected KELM_risk_feature; search utility difference=0.0000, required margin=0.0613.",Platt_logistic_on_separate_calibration_partition,0.8035488998644228,0.686046511627907,0.9411764705882353,0.921875,0.7866666666666666,0.8625730994152047,0.7230392156862745,0.6480354673310376,0.7479532709741651,0.8136114911080712,0.058823529411764705,0.3742690058479532,59.0,5.0,80.0,27.0,0.8963330174206107,0.8912448700410396,0.1416242442802121,0.45644927619450776,0.10188865665508935,0.03822947639516164,1.0399779573504322,,,,0.6081395348837209,0.7290697674418605,0.9211764705882353,0.9858823529411765,0.8940298507462686,0.9791666666666666,0.6552161654135338,0.7634910956078839,0.5915673948560769,0.7005652963013772,0.7064811987834386,0.7869150259910415,0.8591850841877333,0.9315703833345307,0.83890560875513,0.9212585499316006,0.13008519447673123,0.17489508182565092,20261082,1,Europe,267,171,V1-V10_financial_only
PONE2016_h1_target_Europe,20260729,Uncertainty_gated_fusion,cost_1,171,86,0.7618583958271571,"Same-horizon leave-one-region-out transfer; source regions=Asia,North America; target region=Europe; source-only fit/search/calibration; target labels untouched until final evaluation; V1-V10 financial ratios only.","One-standard-error paired-bootstrap gate selected KELM_risk_feature; search utility difference=0.0000, required margin=0.0613.",Platt_logistic_on_separate_calibration_partition,0.8035488998644228,0.686046511627907,0.9411764705882353,0.921875,0.7866666666666666,0.8625730994152047,0.7230392156862745,0.6480354673310376,0.7479532709741651,0.8136114911080712,0.058823529411764705,0.3742690058479532,59.0,5.0,80.0,27.0,0.8963330174206107,0.8912448700410396,0.1416242442802121,0.45644927619450776,0.10188865665508935,0.03822947639516164,1.0399779573504322,1.0,0.1871345029239766,0.1871345029239766,0.6011627906976744,0.7441860465116279,0.8411764705882353,0.9505882352941176,0.8240348692403487,0.9333640552995391,0.6423240938166311,0.7723907830257533,0.5424544672725475,0.6816897706934937,0.668518641574975,0.7770379899453856,0.8469139534913682,0.9009890364744133,0.8365389876880984,0.9002325581395348,0.1384764673099274,0.16572040542248287,20261082,1,Europe,267,171,V1-V10_financial_only
PONE2016_h1_target_Europe,20260729,Uncertainty_gated_fusion,cost_2,171,86,0.7618583958271571,"Same-horizon leave-one-region-out transfer; source regions=Asia,North America; target region=Europe; source-only fit/search/calibration; target labels untouched until final evaluation; V1-V10 financial ratios only.","One-standard-error paired-bootstrap gate selected KELM_risk_feature; search utility difference=0.0000, required margin=0.0613.",Platt_logistic_on_separate_calibration_partition,0.8035488998644228,0.686046511627907,0.9411764705882353,0.921875,0.7866666666666666,0.8625730994152047,0.7230392156862745,0.6480354673310376,0.7479532709741651,0.8136114911080712,0.058823529411764705,0.3742690058479532,59.0,5.0,80.0,27.0,0.8963330174206107,0.8912448700410396,0.1416242442802121,0.45644927619450776,0.10188865665508935,0.03822947639516164,1.0399779573504322,2.0,0.34502923976608185,0.22957198443579765,0.6418604651162791,0.7651162790697674,0.8988235294117648,0.9741176470588235,0.8699197860962566,0.9659476117103236,0.6836561157174847,0.7937114310902145,0.5770912874735182,0.7380382531429934,0.6999331717854296,0.8122996741445973,0.8560636455268495,0.9488691102198117,0.8487824897400822,0.9380437756497947,0.11022134453995067,0.16656604917614645,20261082,1,Europe,267,171,V1-V10_financial_only
PONE2016_h1_target_Europe,20260729,Uncertainty_gated_fusion,cost_5,171,86,0.17836203826944894,"Same-horizon leave-one-region-out transfer; source regions=Asia,North America; target region=Europe; source-only fit/search/calibration; target labels untouched until final evaluation; V1-V10 financial ratios only.","One-standard-error paired-bootstrap gate selected KELM_risk_feature; search utility difference=0.0000, required margin=0.0613.",Platt_logistic_on_separate_calibration_partition,0.6987383588423116,0.9651162790697675,0.5058823529411764,0.664,0.7867298578199052,0.7081911262798635,0.8848614072494669,0.5310610036216146,0.6376629651174717,0.7354993160054719,0.49411764705882355,0.7309941520467836,83.0,42.0,43.0,3.0,0.8963330174206107,0.8912448700410396,0.1416242442802121,0.45644927619450776,0.10188865665508935,0.03822947639516164,1.0399779573504322,5.0,0.3333333333333333,0.11067961165048544,0.9453488372093023,0.9883720930232558,0.45294117647058824,0.5741176470588235,0.6462121212121212,0.6991056910569106,0.8731566820276497,0.9095750572251348,0.5181118020056594,0.604383738377422,0.6145239164016744,0.6974728731598848,0.8620670536113799,0.9181025743515171,0.8741860465116279,0.9251162790697675,0.10743337707511741,0.147948187846404,20261082,1,Europe,267,171,V1-V10_financial_only
PONE2016_h1_target_Europe,20260729,Uncertainty_gated_fusion,cost_10,171,86,0.17836203826944894,"Same-horizon leave-one-region-out transfer; source regions=Asia,North America; target region=Europe; source-only fit/search/calibration; target labels untouched until final evaluation; V1-V10 financial ratios only.","One-standard-error paired-bootstrap gate selected KELM_risk_feature; search utility difference=0.0000, required margin=0.0613.",Platt_logistic_on_separate_calibration_partition,0.6987383588423116,0.9651162790697675,0.5058823529411764,0.664,0.7867298578199052,0.7081911262798635,0.8848614072494669,0.5310610036216146,0.6376629651174717,0.7354993160054719,0.49411764705882355,0.7309941520467836,83.0,42.0,43.0,3.0,0.8963330174206107,0.8912448700410396,0.1416242442802121,0.45644927619450776,0.10188865665508935,0.03822947639516164,1.0399779573504322,10.0,0.42105263157894735,0.0761904761904762,0.9313953488372093,0.9744186046511627,0.5058823529411764,0.528235294117647,0.6587986293086072,0.6717421487603306,0.8609173171237134,0.893576986860569,0.4929039107756899,0.553495760400038,0.6189305993125191,0.653768302422562,0.859437049066491,0.8946112904973815,0.8561696306429549,0.8874145006839945,0.14245849937219363,0.15933042613713133,20261082,1,Europe,267,171,V1-V10_financial_only
PONE2016_h1_target_Europe,20260729,Uncertainty_gated_fusion,cost_20,171,86,0.03067368640269888,"Same-horizon leave-one-region-out transfer; source regions=Asia,North America; target region=Europe; source-only fit/search/calibration; target labels untouched until final evaluation; V1-V10 financial ratios only.","One-standard-error paired-bootstrap gate selected KELM_risk_feature; search utility difference=0.0000, required margin=0.0613.",Platt_logistic_on_separate_calibration_partition,0.3576408488192953,0.9883720930232558,0.12941176470588237,0.5345911949685535,0.6938775510204082,0.5886426592797784,0.8449304174950298,0.23054477173425098,0.3089464224849634,0.5588919288645691,0.8705882352941177,0.9298245614035088,85.0,74.0,11.0,1.0,0.8963330174206107,0.8912448700410396,0.1416242442802121,0.45644927619450776,0.10188865665508935,0.03822947639516164,1.0399779573504322,20.0,0.5497076023391813,0.0520775623268698,0.9767441860465116,0.9988372093023256,0.07294117647058823,0.12705882352941178,0.5186373276776246,0.5312760437141284,0.8321762688079831,0.8474720253090398,0.14900229651015776,0.22063886498453883,0.2203579158440233,0.29185523009545405,0.8814755758302703,0.9293562164110784,0.8787140902872776,0.9132831737346101,0.1223253657732808,0.15099404513676531,20261082,1,Europe,267,171,V1-V10_financial_only
PONE2016_h1_target_Europe,20260729,Full_random_search,triad,171,86,0.8735487715765489,"Same-horizon leave-one-region-out transfer; source regions=Asia,North America; target region=Europe; source-only fit/search/calibration; target labels untouched until final evaluation; V1-V10 financial ratios only.",Same full architecture and 81 evaluations as PBMSBAINGO; alpha=0.50.,Platt_logistic_on_separate_calibration_partition,0.7064293366365377,0.5581395348837209,0.8941176470588236,0.8421052631578947,0.6713286713286714,0.7643312101910829,0.5985037406483791,0.4796829778446658,0.6209127625607045,0.7261285909712722,0.10588235294117647,0.3333333333333333,48.0,9.0,76.0,38.0,0.7984613147869776,0.857592339261286,0.14411620982242526,0.4652040514778737,0.08709649039661063,-0.08490414938121355,0.7933479686516531,,,,0.48372093023255813,0.5697674418604651,0.871764705882353,0.9047058823529411,0.8174561403508772,0.844018296973962,0.5280691401267823,0.6093015073515795,0.4262883997099334,0.48847155422482846,0.5710251246084785,0.6287100231223518,0.7758534663916327,0.8078701039602563,0.836155950752394,0.8773050615595076,0.11915687835554194,0.16779648832064686,20261130,1,Europe,267,171,V1-V10_financial_only
PONE2016_h1_target_Europe,20260729,Full_random_search,cost_1,171,86,0.5436634077196432,"Same-horizon leave-one-region-out transfer; source regions=Asia,North America; target region=Europe; source-only fit/search/calibration; target labels untouched until final evaluation; V1-V10 financial ratios only.",Same full architecture and 81 evaluations as PBMSBAINGO; alpha=0.50.,Platt_logistic_on_separate_calibration_partition,0.8128583604111403,0.8023255813953488,0.8235294117647058,0.8214285714285714,0.8117647058823529,0.8175355450236966,0.8060747663551402,0.625940627010515,0.7450537954864809,0.8129274965800273,0.17647058823529413,0.49122807017543857,69.0,15.0,70.0,17.0,0.7984613147869776,0.857592339261286,0.14411620982242526,0.4652040514778737,0.08709649039661063,-0.08490414938121355,0.7933479686516531,1.0,0.1871345029239766,0.1871345029239766,0.7488372093023256,0.8372093023255814,0.7317647058823529,0.8305882352941176,0.7590283400809716,0.8184615384615385,0.7613507658811757,0.8285483346104993,0.5673274315344092,0.6218430239639997,0.7034822148401615,0.7416427448248354,0.7326257458688211,0.8212110158120398,0.8213953488372093,0.8529001367989056,0.14486611368534943,0.16808534332588201,20261130,1,Europe,267,171,V1-V10_financial_only
PONE2016_h1_target_Europe,20260729,Full_random_search,cost_2,171,86,0.35453181243076287,"Same-horizon leave-one-region-out transfer; source regions=Asia,North America; target region=Europe; source-only fit/search/calibration; target labels untouched until final evaluation; V1-V10 financial ratios only.",Same full architecture and 81 evaluations as PBMSBAINGO; alpha=0.50.,Platt_logistic_on_separate_calibration_partition,0.829681922801296,0.8604651162790697,0.8,0.8131868131868132,0.8361581920903954,0.8222222222222222,0.8505747126436781,0.6618245656412085,0.7694647212847505,0.8302325581395349,0.2,0.5321637426900585,74.0,17.0,68.0,12.0,0.7984613147869776,0.857592339261286,0.14411620982242526,0.4652040514778737,0.08709649039661063,-0.08490414938121355,0.7933479686516531,2.0,0.23976608187134502,0.15953307392996108,0.8418604651162791,0.9069767441860465,0.7105882352941177,0.8094117647058824,0.7581996434937611,0.827659574468085,0.8328666487570002,0.8894059803951885,0.6140953417409913,0.7176057090834251,0.7304969841589254,0.8069356546405815,0.7496267355399221,0.8583587714277306,0.8201778385772914,0.8905882352941177,0.11897503536779114,0.15707266130891762,20261130,1,Europe,267,171,V1-V10_financial_only
PONE2016_h1_target_Europe,20260729,Full_random_search,cost_5,171,86,0.2292055565200802,"Same-horizon leave-one-region-out transfer; source regions=Asia,North America; target region=Europe; source-only fit/search/calibration; target labels untouched until final evaluation; V1-V10 financial ratios only.",Same full architecture and 81 evaluations as PBMSBAINGO; alpha=0.50.,Platt_logistic_on_separate_calibration_partition,0.8263777204153713,0.9069767441860465,0.7529411764705882,0.7878787878787878,0.8432432432432433,0.8091286307053942,0.8803611738148984,0.6682896961798429,0.7699112310904591,0.8299589603283173,0.24705882352941178,0.5789473684210527,78.0,21.0,64.0,8.0,0.7984613147869776,0.857592339261286,0.14411620982242526,0.4652040514778737,0.08709649039661063,-0.08490414938121355,0.7933479686516531,5.0,0.3567251461988304,0.11844660194174757,0.8627906976744186,0.9174418604651162,0.7070588235294119,0.7823529411764706,0.7555533751962323,0.80825,0.8389792507439566,0.8858969155844155,0.586962866897658,0.6944151818281025,0.7136238529794245,0.7892853647181508,0.7161186724376573,0.8624175596712451,0.7945827633378932,0.8702188782489739,0.13533560545275056,0.18476838782662378,20261130,1,Europe,267,171,V1-V10_financial_only
PONE2016_h1_target_Europe,20260729,Full_random_search,cost_10,171,86,0.0688425614145263,"Same-horizon leave-one-region-out transfer; source regions=Asia,North America; target region=Europe; source-only fit/search/calibration; target labels untouched until final evaluation; V1-V10 financial ratios only.",Same full architecture and 81 evaluations as PBMSBAINGO; alpha=0.50.,Platt_logistic_on_separate_calibration_partition,0.457495710997814,0.9883720930232558,0.21176470588235294,0.5592105263157895,0.7142857142857143,0.6123919308357348,0.8568548387096774,0.31841025253482125,0.40543418627975236,0.6000683994528043,0.788235294117647,0.8888888888888888,85.0,67.0,18.0,1.0,0.7984613147869776,0.857592339261286,0.14411620982242526,0.4652040514778737,0.08709649039661063,-0.08490414938121355,0.7933479686516531,10.0,0.4502923976608187,0.08148148148148149,0.977906976744186,1.0,0.12941176470588237,0.19647058823529412,0.5322310126582278,0.5573744726610969,0.8376494023904383,0.862936777048313,0.20467699951928991,0.3308150315913571,0.2966864351492907,0.4019576757986741,0.7603007274793698,0.8759031696561963,0.8341313269493844,0.880875512995896,0.12438227577696903,0.16554918732118803,20261130,1,Europe,267,171,V1-V10_financial_only
PONE2016_h1_target_Europe,20260729,Full_random_search,cost_20,171,86,0.0688425614145263,"Same-horizon leave-one-region-out transfer; source regions=Asia,North America; target region=Europe; source-only fit/search/calibration; target labels untouched until final evaluation; V1-V10 financial ratios only.",Same full architecture and 81 evaluations as PBMSBAINGO; alpha=0.50.,Platt_logistic_on_separate_calibration_partition,0.457495710997814,0.9883720930232558,0.21176470588235294,0.5592105263157895,0.7142857142857143,0.6123919308357348,0.8568548387096774,0.31841025253482125,0.40543418627975236,0.6000683994528043,0.788235294117647,0.8888888888888888,85.0,67.0,18.0,1.0,0.7984613147869776,0.857592339261286,0.14411620982242526,0.4652040514778737,0.08709649039661063,-0.08490414938121355,0.7933479686516531,20.0,0.5087719298245614,0.0481994459833795,0.9883720930232558,1.0,0.2,0.2823529411764706,0.5555555555555556,0.5847497903270897,0.8551307847082495,0.8754084680434433,0.3068974527617131,0.4044385615936618,0.3929294539053477,0.48481899383320154,0.8236048389572788,0.8583908856965002,0.8516826265389876,0.8911354309165527,0.11236476272360635,0.16064338843558873,20261130,1,Europe,267,171,V1-V10_financial_only
PONE2016_h1_target_Europe,20260729,Balanced_logistic,triad,171,86,0.8538780267520292,"Same-horizon leave-one-region-out transfer; source regions=Asia,North America; target region=Europe; source-only fit/search/calibration; target labels untouched until final evaluation; V1-V10 financial ratios only.",Class-weighted logistic reference using the same source-only fit/search/calibration and untouched regional target.,Platt_logistic_on_separate_calibration_partition,0.6654457584623561,0.45348837209302323,0.9764705882352941,0.9512195121951219,0.6141732283464567,0.78,0.5064935064935064,0.5035262172575005,0.6063859593728079,0.7149794801641587,0.023529411764705882,0.23976608187134502,39.0,2.0,83.0,47.0,0.8789238152502963,0.8859097127222983,0.13352675077783485,0.48494763020417864,0.06897534524538726,0.1763850505203446,0.708503481494626,,,,0.4325581395348837,0.49883720930232556,0.9658823529411765,0.9988235294117647,0.9277380952380953,0.9977272727272727,0.4845075881201044,0.5528350515463918,0.47111444945727404,0.5566152764202076,0.5821849430535458,0.6492131645996695,0.8298238921945709,0.9445469823751619,0.856484268125855,0.9299726402188783,0.11029399515695315,0.14954488625519477,20262030,1,Europe,267,171,V1-V10_financial_only
PONE2016_h1_target_Europe,20260729,Balanced_logistic,cost_1,171,86,0.4790664672290006,"Same-horizon leave-one-region-out transfer; source regions=Asia,North America; target region=Europe; source-only fit/search/calibration; target labels untouched until final evaluation; V1-V10 financial ratios only.",Class-weighted logistic reference using the same source-only fit/search/calibration and untouched regional target.,Platt_logistic_on_separate_calibration_partition,0.7963665779037872,0.7093023255813954,0.8941176470588236,0.8714285714285714,0.782051282051282,0.8333333333333334,0.7367149758454107,0.6135764217788545,0.7300706748481421,0.8017099863201095,0.10588235294117647,0.4093567251461988,61.0,9.0,76.0,25.0,0.8789238152502963,0.8859097127222983,0.13352675077783485,0.48494763020417864,0.06897534524538726,0.1763850505203446,0.708503481494626,1.0,0.19883040935672514,0.19883040935672514,0.6546511627906977,0.7848837209302325,0.871764705882353,0.94,0.8506849315068493,0.9286787450287228,0.692640874684609,0.8093525179856116,0.5985217212840611,0.7279875861048768,0.7155748903621211,0.8114272503016435,0.8558824766987339,0.927097027684427,0.8690971272229823,0.9206839945280437,0.10861207823745804,0.1405645022889486,20262030,1,Europe,267,171,V1-V10_financial_only
PONE2016_h1_target_Europe,20260729,Balanced_logistic,cost_2,171,86,0.39680890077479075,"Same-horizon leave-one-region-out transfer; source regions=Asia,North America; target region=Europe; source-only fit/search/calibration; target labels untouched until final evaluation; V1-V10 financial ratios only.",Class-weighted logistic reference using the same source-only fit/search/calibration and untouched regional target.,Platt_logistic_on_separate_calibration_partition,0.8179752119303013,0.7790697674418605,0.8588235294117647,0.8481012658227848,0.8121212121212121,0.8333333333333334,0.7919621749408984,0.6397337567110021,0.7536329030534981,0.8189466484268126,0.1411764705882353,0.4619883040935672,67.0,12.0,73.0,19.0,0.8789238152502963,0.8859097127222983,0.13352675077783485,0.48494763020417864,0.06897534524538726,0.1763850505203446,0.708503481494626,2.0,0.29239766081871343,0.19455252918287938,0.6534883720930232,0.8755813953488372,0.8482352941176471,0.916470588235294,0.8389351851851852,0.8927096774193548,0.6886153452923134,0.8728431372549019,0.5842835554217946,0.7375809026949864,0.7027428131900411,0.8221830095191873,0.8512969780119813,0.9510103170024129,0.8450205198358413,0.9415868673050616,0.09678568505386569,0.1624725147032807,20262030,1,Europe,267,171,V1-V10_financial_only
PONE2016_h1_target_Europe,20260729,Balanced_logistic,cost_5,171,86,0.12298160169267286,"Same-horizon leave-one-region-out transfer; source regions=Asia,North America; target region=Europe; source-only fit/search/calibration; target labels untouched until final evaluation; V1-V10 financial ratios only.",Class-weighted logistic reference using the same source-only fit/search/calibration and untouched regional target.,Platt_logistic_on_separate_calibration_partition,0.6488967802846215,0.9418604651162791,0.4470588235294118,0.6328125,0.7570093457943925,0.677257525083612,0.8580508474576272,0.44820733399595897,0.5736012191341155,0.6944596443228455,0.5529411764705883,0.7485380116959064,81.0,47.0,38.0,5.0,0.8789238152502963,0.8859097127222983,0.13352675077783485,0.48494763020417864,0.06897534524538726,0.1763850505203446,0.708503481494626,5.0,0.42105263157894735,0.13980582524271845,0.9093023255813953,0.9418604651162791,0.3611764705882353,0.511764705882353,0.5957333333333333,0.6588208498731047,0.8319081597678176,0.8601808095335935,0.3524801607649839,0.4889108822554371,0.49091794319093907,0.6153018440943469,0.8818676100338267,0.9130397446752767,0.8765116279069768,0.9018604651162792,0.12648973614429598,0.1430819474142074,20262030,1,Europe,267,171,V1-V10_financial_only
PONE2016_h1_target_Europe,20260729,Balanced_logistic,cost_10,171,86,0.12298160169267286,"Same-horizon leave-one-region-out transfer; source regions=Asia,North America; target region=Europe; source-only fit/search/calibration; target labels untouched until final evaluation; V1-V10 financial ratios only.",Class-weighted logistic reference using the same source-only fit/search/calibration and untouched regional target.,Platt_logistic_on_separate_calibration_partition,0.6488967802846215,0.9418604651162791,0.4470588235294118,0.6328125,0.7570093457943925,0.677257525083612,0.8580508474576272,0.44820733399595897,0.5736012191341155,0.6944596443228455,0.5529411764705883,0.7485380116959064,81.0,47.0,38.0,5.0,0.8789238152502963,0.8859097127222983,0.13352675077783485,0.48494763020417864,0.06897534524538726,0.1763850505203446,0.708503481494626,10.0,0.5672514619883041,0.10264550264550265,0.9302325581395349,0.963953488372093,0.4035294117647059,0.5011764705882352,0.612610446594939,0.6592237903225806,0.8428204268633367,0.8758299595141701,0.3941917006600899,0.5105419195295235,0.5293722735220542,0.6248063281070464,0.8832902806377979,0.9555163645214182,0.8850341997264022,0.9397948016415868,0.09946780818647027,0.1331932421557127,20262030,1,Europe,267,171,V1-V10_financial_only
PONE2016_h1_target_Europe,20260729,Balanced_logistic,cost_20,171,86,0.12298160169267286,"Same-horizon leave-one-region-out transfer; source regions=Asia,North America; target region=Europe; source-only fit/search/calibration; target labels untouched until final evaluation; V1-V10 financial ratios only.",Class-weighted logistic reference using the same source-only fit/search/calibration and untouched regional target.,Platt_logistic_on_separate_calibration_partition,0.6488967802846215,0.9418604651162791,0.4470588235294118,0.6328125,0.7570093457943925,0.677257525083612,0.8580508474576272,0.44820733399595897,0.5736012191341155,0.6944596443228455,0.5529411764705883,0.7485380116959064,81.0,47.0,38.0,5.0,0.8789238152502963,0.8859097127222983,0.13352675077783485,0.48494763020417864,0.06897534524538726,0.1763850505203446,0.708503481494626,20.0,0.8596491228070176,0.0814404432132964,0.8883720930232558,0.9755813953488371,0.32235294117647056,0.4329411764705882,0.5920958587344965,0.6231356168198273,0.8144512391374316,0.8696576988222318,0.357365700736451,0.45126790516354637,0.4953135491332185,0.5628328590915226,0.8526085914122766,0.9103849314049889,0.8568673050615595,0.9095075239398085,0.12113615518766446,0.14593420605790566,20262030,1,Europe,267,171,V1-V10_financial_only
PONE2016_h1_target_North_America,20260729,HistGB,triad,171,86,0.6906479030893146,"Same-horizon leave-one-region-out transfer; source regions=Asia,Europe; target region=North America; source-only fit/search/calibration; target labels untouched until final evaluation; V1-V10 financial ratios only.",No metaheuristic; threshold and Platt calibration use calibration partition.,Platt_logistic_on_separate_calibration_partition,0.8179752119303013,0.7790697674418605,0.8588235294117647,0.8481012658227848,0.8121212121212121,0.8333333333333334,0.7919621749408984,0.6397337567110021,0.7536329030534981,0.8189466484268126,0.1411764705882353,0.4619883040935672,67.0,12.0,73.0,19.0,0.9192924561283295,0.9073871409028728,0.13800578931405347,0.4358467176219614,0.08524867383820418,-0.30199415503347077,1.0520519148822234,,,,0.7232558139534884,0.8255813953488372,0.8352941176470589,0.9035294117647059,0.8352941176470589,0.883984962406015,0.750103519668737,0.8275058275058275,0.6098169520137912,0.6608755129958961,0.7309751402940728,0.7695549930664061,0.9162460352701239,0.936030637830659,0.9066073871409029,0.9217441860465116,0.11931558045949232,0.1415595385948868,20260729,1,North America,267,171,V1-V10_financial_only
PONE2016_h1_target_North_America,20260729,HistGB,cost_1,171,86,0.6834646257429122,"Same-horizon leave-one-region-out transfer; source regions=Asia,Europe; target region=North America; source-only fit/search/calibration; target labels untouched until final evaluation; V1-V10 financial ratios only.",No metaheuristic; threshold and Platt calibration use calibration partition.,Platt_logistic_on_separate_calibration_partition,0.8240568957552994,0.7906976744186046,0.8588235294117647,0.85,0.8192771084337349,0.8374384236453202,0.8018867924528302,0.6508581271053144,0.7617285661018269,0.8247606019151846,0.1411764705882353,0.4678362573099415,68.0,12.0,73.0,18.0,0.9192924561283295,0.9073871409028728,0.13800578931405347,0.4358467176219614,0.08524867383820418,-0.30199415503347077,1.0520519148822234,1.0,0.17543859649122806,0.17543859649122806,0.7488372093023256,0.8348837209302326,0.8588235294117647,0.916470588235294,0.8428947368421053,0.9071052631578947,0.7659029649595687,0.846503884572697,0.6111664880389743,0.742603669592271,0.7324829671679739,0.8250124423633742,0.897621563028235,0.9535339897352944,0.888454172366621,0.9486525307797538,0.09992294612778332,0.14764633732994384,20260729,1,North America,267,171,V1-V10_financial_only
PONE2016_h1_target_North_America,20260729,HistGB,cost_2,171,86,0.17872842155100468,"Same-horizon leave-one-region-out transfer; source regions=Asia,Europe; target region=North America; source-only fit/search/calibration; target labels untouched until final evaluation; V1-V10 financial ratios only.",No metaheuristic; threshold and Platt calibration use calibration partition.,Platt_logistic_on_separate_calibration_partition,0.6734154528172214,0.9883720930232558,0.4588235294117647,0.648854961832061,0.783410138248848,0.6967213114754098,0.8947368421052632,0.5281905034792509,0.6210390585506578,0.7235978112175102,0.5411764705882353,0.7660818713450293,85.0,46.0,39.0,1.0,0.9192924561283295,0.9073871409028728,0.13800578931405347,0.4358467176219614,0.08524867383820418,-0.30199415503347077,1.0520519148822234,2.0,0.2807017543859649,0.1867704280155642,0.9662790697674419,1.0,0.4117647058823529,0.5470588235294118,0.627414398595259,0.6863387978142076,0.8758407923309146,0.908310573546625,0.4728395539105179,0.5845529051571725,0.576430964188827,0.6789376387563787,0.8691931126425593,0.9228938566070929,0.8503419972640219,0.9040424076607386,0.13400797744116902,0.1745413653716228,20260729,1,North America,267,171,V1-V10_financial_only
PONE2016_h1_target_North_America,20260729,HistGB,cost_5,171,86,0.17872842155100468,"Same-horizon leave-one-region-out transfer; source regions=Asia,Europe; target region=North America; source-only fit/search/calibration; target labels untouched until final evaluation; V1-V10 financial ratios only.",No metaheuristic; threshold and Platt calibration use calibration partition.,Platt_logistic_on_separate_calibration_partition,0.6734154528172214,0.9883720930232558,0.4588235294117647,0.648854961832061,0.783410138248848,0.6967213114754098,0.8947368421052632,0.5281905034792509,0.6210390585506578,0.7235978112175102,0.5411764705882353,0.7660818713450293,85.0,46.0,39.0,1.0,0.9192924561283295,0.9073871409028728,0.13800578931405347,0.4358467176219614,0.08524867383820418,-0.30199415503347077,1.0520519148822234,5.0,0.2982456140350877,0.09902912621359224,0.9674418604651163,1.0,0.4152941176470588,0.5329411764705881,0.6310606060606061,0.6774465971187282,0.8875944161208527,0.9033613445378151,0.49355056210442616,0.5585520176593046,0.587280489888345,0.6604373910365924,0.8984765656628149,0.9215821543755173,0.8854103967168262,0.9115116279069768,0.13140521115794895,0.1568159725205816,20260729,1,North America,267,171,V1-V10_financial_only
PONE2016_h1_target_North_America,20260729,HistGB,cost_10,171,86,0.17130180353029828,"Same-horizon leave-one-region-out transfer; source regions=Asia,Europe; target region=North America; source-only fit/search/calibration; target labels untouched until final evaluation; V1-V10 financial ratios only.",No metaheuristic; threshold and Platt calibration use calibration partition.,Platt_logistic_on_separate_calibration_partition,0.4338609156373123,1.0,0.18823529411764706,0.5548387096774193,0.7136929460580913,0.6090651558073654,0.8617234468937875,0.32317213324169025,0.39328886805333707,0.5941176470588235,0.8117647058823529,0.9064327485380117,86.0,69.0,16.0,0.0,0.9192924561283295,0.9073871409028728,0.13800578931405347,0.4358467176219614,0.08524867383820418,-0.30199415503347077,1.0520519148822234,10.0,0.40350877192982454,0.07301587301587302,1.0,1.0,0.17882352941176471,0.24705882352941178,0.551998001998002,0.5733333333333334,0.8603453815261044,0.8704453441295547,0.31413479014129786,0.37636027795654714,0.3829361862427258,0.45303808884845587,0.8676193048732764,0.9351983356340923,0.8540492476060191,0.9221340629274967,0.12578233280948767,0.172641294170193,20260729,1,North America,267,171,V1-V10_financial_only
PONE2016_h1_target_North_America,20260729,HistGB,cost_20,171,86,0.17130180353029828,"Same-horizon leave-one-region-out transfer; source regions=Asia,Europe; target region=North America; source-only fit/search/calibration; target labels untouched until final evaluation; V1-V10 financial ratios only.",No metaheuristic; threshold and Platt calibration use calibration partition.,Platt_logistic_on_separate_calibration_partition,0.4338609156373123,1.0,0.18823529411764706,0.5548387096774193,0.7136929460580913,0.6090651558073654,0.8617234468937875,0.32317213324169025,0.39328886805333707,0.5941176470588235,0.8117647058823529,0.9064327485380117,86.0,69.0,16.0,0.0,0.9192924561283295,0.9073871409028728,0.13800578931405347,0.4358467176219614,0.08524867383820418,-0.30199415503347077,1.0520519148822234,20.0,0.40350877192982454,0.03822714681440443,1.0,1.0,0.18941176470588236,0.24588235294117647,0.5551989945538333,0.572953642384106,0.8618964837305132,0.8702694965852861,0.3242747211868752,0.3753314311935182,0.3945430253090928,0.4518973360498775,0.9250596351331623,0.9485812706945634,0.9193502051983583,0.9414158686730506,0.11339961797876714,0.12802426657483248,20260729,1,North America,267,171,V1-V10_financial_only
PONE2016_h1_target_North_America,20260729,KELM_PBMSBAINGO,triad,171,86,0.7230158725264801,"Same-horizon leave-one-region-out transfer; source regions=Asia,Europe; target region=North America; source-only fit/search/calibration; target labels untouched until final evaluation; V1-V10 financial ratios only.",Plain KELM; hyperparameters/features selected only on search partition.,Platt_logistic_on_separate_calibration_partition,0.8166361887907498,0.7558139534883721,0.8823529411764706,0.8666666666666667,0.8074534161490683,0.8419689119170984,0.7756563245823389,0.6430233021969443,0.7540983400809764,0.8190834473324213,0.11764705882352941,0.43859649122807015,65.0,10.0,75.0,21.0,0.9034980312949289,0.8958960328317374,0.12934629992231647,0.4089583658121751,0.03906539433692047,-0.1667341863019416,1.0161227997451767,,,,0.6651162790697674,0.7639534883720931,0.8823529411764706,0.9741176470588235,0.8556763285024155,0.9675592625109746,0.7001050420168067,0.7975161221741903,0.5813207899593387,0.7542023683330805,0.70610281936838,0.8248580915720948,0.87833450595321,0.9507815686209984,0.863310533515732,0.9450683994528044,0.09340931868478566,0.1493859342731972,20260830,1,North America,267,171,V1-V10_financial_only
PONE2016_h1_target_North_America,20260729,KELM_PBMSBAINGO,cost_1,171,86,0.716934529381812,"Same-horizon leave-one-region-out transfer; source regions=Asia,Europe; target region=North America; source-only fit/search/calibration; target labels untouched until final evaluation; V1-V10 financial ratios only.",Plain KELM; hyperparameters/features selected only on search partition.,Platt_logistic_on_separate_calibration_partition,0.8166361887907498,0.7558139534883721,0.8823529411764706,0.8666666666666667,0.8074534161490683,0.8419689119170984,0.7756563245823389,0.6430233021969443,0.7540983400809764,0.8190834473324213,0.11764705882352941,0.43859649122807015,65.0,10.0,75.0,21.0,0.9034980312949289,0.8958960328317374,0.12934629992231647,0.4089583658121751,0.03906539433692047,-0.1667341863019416,1.0161227997451767,1.0,0.18128654970760233,0.18128654970760233,0.7220930232558139,0.7674418604651163,0.8364705882352942,0.9329411764705882,0.8260443037974683,0.9176073131955486,0.7439204255121475,0.7801418439716312,0.5869518179444437,0.6810926696142836,0.7144510704759803,0.7757207433638175,0.881124400869497,0.9263899147520853,0.8749931600547196,0.9224623803009575,0.10845140495466543,0.14615699388611228,20260830,1,North America,267,171,V1-V10_financial_only
PONE2016_h1_target_North_America,20260729,KELM_PBMSBAINGO,cost_2,171,86,0.3267857427042637,"Same-horizon leave-one-region-out transfer; source regions=Asia,Europe; target region=North America; source-only fit/search/calibration; target labels untouched until final evaluation; V1-V10 financial ratios only.",Plain KELM; hyperparameters/features selected only on search partition.,Platt_logistic_on_separate_calibration_partition,0.7866881523030637,0.9069767441860465,0.6823529411764706,0.7428571428571429,0.8167539267015707,0.7707509881422925,0.8685968819599109,0.6052717282454516,0.7208615633622704,0.7946648426812586,0.3176470588235294,0.6140350877192983,78.0,27.0,58.0,8.0,0.9034980312949289,0.8958960328317374,0.12934629992231647,0.4089583658121751,0.03906539433692047,-0.1667341863019416,1.0161227997451767,2.0,0.25146198830409355,0.16731517509727625,0.872093023255814,0.9802325581395348,0.6717647058823529,0.7599999999999999,0.7353496115427304,0.7943081819883917,0.8413765702659203,0.9326061550447994,0.5680433163136129,0.7287553095912239,0.6970993779540744,0.8019163176090283,0.8995503683132691,0.9573419032254054,0.8866757865937073,0.955047879616963,0.0929099905750378,0.13279924621190992,20260830,1,North America,267,171,V1-V10_financial_only
PONE2016_h1_target_North_America,20260729,KELM_PBMSBAINGO,cost_5,171,86,0.24733458244049852,"Same-horizon leave-one-region-out transfer; source regions=Asia,Europe; target region=North America; source-only fit/search/calibration; target labels untouched until final evaluation; V1-V10 financial ratios only.",Plain KELM; hyperparameters/features selected only on search partition.,Platt_logistic_on_separate_calibration_partition,0.7496465195282148,0.9186046511627907,0.611764705882353,0.7053571428571429,0.797979797979798,0.7397003745318352,0.8662280701754386,0.5578302935390241,0.6793158030471846,0.7651846785225718,0.38823529411764707,0.6549707602339181,79.0,33.0,52.0,7.0,0.9034980312949289,0.8958960328317374,0.12934629992231647,0.4089583658121751,0.03906539433692047,-0.1667341863019416,1.0161227997451767,5.0,0.39766081871345027,0.13203883495145632,0.886046511627907,0.9720930232558139,0.5376470588235294,0.6458823529411765,0.6651855245075584,0.7204435204435204,0.8441847041847041,0.9078687039641486,0.47896184664077,0.6289720036573304,0.6157014025587345,0.7213682936859352,0.8488796550585315,0.9399889100300655,0.8429548563611491,0.9327975376196991,0.10601164323166173,0.16558939260515465,20260830,1,North America,267,171,V1-V10_financial_only
PONE2016_h1_target_North_America,20260729,KELM_PBMSBAINGO,cost_10,171,86,0.24733458244049852,"Same-horizon leave-one-region-out transfer; source regions=Asia,Europe; target region=North America; source-only fit/search/calibration; target labels untouched until final evaluation; V1-V10 financial ratios only.",Plain KELM; hyperparameters/features selected only on search partition.,Platt_logistic_on_separate_calibration_partition,0.7496465195282148,0.9186046511627907,0.611764705882353,0.7053571428571429,0.797979797979798,0.7397003745318352,0.8662280701754386,0.5578302935390241,0.6793158030471846,0.7651846785225718,0.38823529411764707,0.6549707602339181,79.0,33.0,52.0,7.0,0.9034980312949289,0.8958960328317374,0.12934629992231647,0.4089583658121751,0.03906539433692047,-0.1667341863019416,1.0161227997451767,10.0,0.6023391812865497,0.10899470899470899,0.8418604651162791,0.9500000000000001,0.5341176470588236,0.6435294117647059,0.658974358974359,0.7158187331536388,0.8003282590751157,0.8870566464969365,0.4315968627653939,0.580215044232888,0.592397817757068,0.687867639488668,0.8746492309598825,0.9301242917609928,0.8454035567715459,0.9169562243502051,0.11573184401865778,0.16158974417317332,20260830,1,North America,267,171,V1-V10_financial_only
PONE2016_h1_target_North_America,20260729,KELM_PBMSBAINGO,cost_20,171,86,0.04045405735753715,"Same-horizon leave-one-region-out transfer; source regions=Asia,Europe; target region=North America; source-only fit/search/calibration; target labels untouched until final evaluation; V1-V10 financial ratios only.",Plain KELM; hyperparameters/features selected only on search partition.,Platt_logistic_on_separate_calibration_partition,0.1867718419094071,0.9883720930232558,0.03529411764705882,0.5089820359281437,0.6719367588932806,0.5636604774535809,0.8317025440313112,0.07828871835777135,0.13977859226274858,0.5118331053351574,0.9647058823529412,0.9766081871345029,85.0,82.0,3.0,1.0,0.9034980312949289,0.8958960328317374,0.12934629992231647,0.4089583658121751,0.03906539433692047,-0.1667341863019416,1.0161227997451767,20.0,0.5964912280701754,0.056509695290858725,0.9767441860465116,0.9988372093023256,0.012941176470588235,0.058823529411764705,0.5032828460725607,0.5148558758314856,0.8224031927515909,0.8364153409829298,0.008529198257678589,0.12439632050460452,0.03443346932825932,0.19310161220978228,0.8585554163467912,0.9491719189452476,0.8572229822161423,0.9370588235294118,0.1020325890860832,0.15633500627185387,20260830,1,North America,267,171,V1-V10_financial_only
PONE2016_h1_target_North_America,20260729,KELM_score_fusion,triad,171,86,0.6906479030893146,"Same-horizon leave-one-region-out transfer; source regions=Asia,Europe; target region=North America; source-only fit/search/calibration; target labels untouched until final evaluation; V1-V10 financial ratios only.",Plain KELM plus HistGB score-level fusion; alpha=0.00 selected only on search partition.,Platt_logistic_on_separate_calibration_partition,0.8179752119303013,0.7790697674418605,0.8588235294117647,0.8481012658227848,0.8121212121212121,0.8333333333333334,0.7919621749408984,0.6397337567110021,0.7536329030534981,0.8189466484268126,0.1411764705882353,0.4619883040935672,67.0,12.0,73.0,19.0,0.9192924561283295,0.9073871409028728,0.13800578931405347,0.4358467176219614,0.08524867383820418,-0.30199415503347077,1.0520519148822234,,,,0.6534883720930232,0.8558139534883721,0.8258823529411764,0.9023529411764706,0.8251270878721859,0.8716117216117216,0.6874919943640323,0.8542068913298612,0.5725492290303686,0.7020747555712451,0.6956988455288464,0.7979509791232832,0.8942884293556392,0.9425056768144175,0.893720930232558,0.9313406292749659,0.11871251061716506,0.14917645421004333,20260832,1,North America,267,171,V1-V10_financial_only
PONE2016_h1_target_North_America,20260729,KELM_score_fusion,cost_1,171,86,0.6834646257429122,"Same-horizon leave-one-region-out transfer; source regions=Asia,Europe; target region=North America; source-only fit/search/calibration; target labels untouched until final evaluation; V1-V10 financial ratios only.",Plain KELM plus HistGB score-level fusion; alpha=0.00 selected only on search partition.,Platt_logistic_on_separate_calibration_partition,0.8240568957552994,0.7906976744186046,0.8588235294117647,0.85,0.8192771084337349,0.8374384236453202,0.8018867924528302,0.6508581271053144,0.7617285661018269,0.8247606019151846,0.1411764705882353,0.4678362573099415,68.0,12.0,73.0,18.0,0.9192924561283295,0.9073871409028728,0.13800578931405347,0.4358467176219614,0.08524867383820418,-0.30199415503347077,1.0520519148822234,1.0,0.17543859649122806,0.17543859649122806,0.7220930232558139,0.8104651162790698,0.8164705882352941,0.9141176470588235,0.7993846153846154,0.9051948051948051,0.736316438371659,0.827790973871734,0.5408606443436406,0.7281777384769871,0.6831411044899098,0.8140356018420165,0.8925443614904083,0.945941119238304,0.8730779753761969,0.9376196990424077,0.11169134056548763,0.1712387825135006,20260832,1,North America,267,171,V1-V10_financial_only
PONE2016_h1_target_North_America,20260729,KELM_score_fusion,cost_2,171,86,0.17872842155100468,"Same-horizon leave-one-region-out transfer; source regions=Asia,Europe; target region=North America; source-only fit/search/calibration; target labels untouched until final evaluation; V1-V10 financial ratios only.",Plain KELM plus HistGB score-level fusion; alpha=0.00 selected only on search partition.,Platt_logistic_on_separate_calibration_partition,0.6734154528172214,0.9883720930232558,0.4588235294117647,0.648854961832061,0.783410138248848,0.6967213114754098,0.8947368421052632,0.5281905034792509,0.6210390585506578,0.7235978112175102,0.5411764705882353,0.7660818713450293,85.0,46.0,39.0,1.0,0.9192924561283295,0.9073871409028728,0.13800578931405347,0.4358467176219614,0.08524867383820418,-0.30199415503347077,1.0520519148822234,2.0,0.2807017543859649,0.1867704280155642,0.9883720930232558,1.0,0.4258823529411765,0.5788235294117647,0.635557176523398,0.7060756714876033,0.8896828892314468,0.922404815040238,0.5029525295078188,0.6375393437814182,0.5965166356499014,0.7168409393826227,0.8830767105693842,0.9501625914496995,0.8720725034199727,0.9450615595075239,0.11578051540710363,0.16908017361351635,20260832,1,North America,267,171,V1-V10_financial_only
PONE2016_h1_target_North_America,20260729,KELM_score_fusion,cost_5,171,86,0.17872842155100468,"Same-horizon leave-one-region-out transfer; source regions=Asia,Europe; target region=North America; source-only fit/search/calibration; target labels untouched until final evaluation; V1-V10 financial ratios only.",Plain KELM plus HistGB score-level fusion; alpha=0.00 selected only on search partition.,Platt_logistic_on_separate_calibration_partition,0.6734154528172214,0.9883720930232558,0.4588235294117647,0.648854961832061,0.783410138248848,0.6967213114754098,0.8947368421052632,0.5281905034792509,0.6210390585506578,0.7235978112175102,0.5411764705882353,0.7660818713450293,85.0,46.0,39.0,1.0,0.9192924561283295,0.9073871409028728,0.13800578931405347,0.4358467176219614,0.08524867383820418,-0.30199415503347077,1.0520519148822234,5.0,0.2982456140350877,0.09902912621359224,0.977906976744186,1.0,0.4117647058823529,0.5576470588235294,0.627142067440575,0.6959349593495935,0.8795214926494352,0.9196028810589838,0.4736433325875813,0.6229174859079725,0.5756085904815939,0.7028661363209789,0.8982130330901579,0.9512314210949249,0.8784336525307798,0.9440834473324212,0.10625583729934511,0.16546986269716726,20260832,1,North America,267,171,V1-V10_financial_only
PONE2016_h1_target_North_America,20260729,KELM_score_fusion,cost_10,171,86,0.17130180353029828,"Same-horizon leave-one-region-out transfer; source regions=Asia,Europe; target region=North America; source-only fit/search/calibration; target labels untouched until final evaluation; V1-V10 financial ratios only.",Plain KELM plus HistGB score-level fusion; alpha=0.00 selected only on search partition.,Platt_logistic_on_separate_calibration_partition,0.4338609156373123,1.0,0.18823529411764706,0.5548387096774193,0.7136929460580913,0.6090651558073654,0.8617234468937875,0.32317213324169025,0.39328886805333707,0.5941176470588235,0.8117647058823529,0.9064327485380117,86.0,69.0,16.0,0.0,0.9192924561283295,0.9073871409028728,0.13800578931405347,0.4358467176219614,0.08524867383820418,-0.30199415503347077,1.0520519148822234,10.0,0.40350877192982454,0.07301587301587302,1.0,1.0,0.13176470588235295,0.23529411764705882,0.5381803797468354,0.5695364238410596,0.8535145133750711,0.8686868686868687,0.26621852448141115,0.36607181032625746,0.3272767322116671,0.4416305608626718,0.9118350882080429,0.9271335783126644,0.8958823529411765,0.9097058823529413,0.12720187766364036,0.15319778181420557,20260832,1,North America,267,171,V1-V10_financial_only
PONE2016_h1_target_North_America,20260729,KELM_score_fusion,cost_20,171,86,0.17130180353029828,"Same-horizon leave-one-region-out transfer; source regions=Asia,Europe; target region=North America; source-only fit/search/calibration; target labels untouched until final evaluation; V1-V10 financial ratios only.",Plain KELM plus HistGB score-level fusion; alpha=0.00 selected only on search partition.,Platt_logistic_on_separate_calibration_partition,0.4338609156373123,1.0,0.18823529411764706,0.5548387096774193,0.7136929460580913,0.6090651558073654,0.8617234468937875,0.32317213324169025,0.39328886805333707,0.5941176470588235,0.8117647058823529,0.9064327485380117,86.0,69.0,16.0,0.0,0.9192924561283295,0.9073871409028728,0.13800578931405347,0.4358467176219614,0.08524867383820418,-0.30199415503347077,1.0520519148822234,20.0,0.40350877192982454,0.03822714681440443,1.0,1.0,0.10941176470588235,0.21764705882352942,0.5318658280922433,0.5639875963794837,0.850309211922143,0.8660702787972442,0.241009462111786,0.3501011519359392,0.2974382929705469,0.42368772846149944,0.8901537125208748,0.9459146281531298,0.8699863201094391,0.937359781121751,0.11505357888805598,0.15840692837437098,20260832,1,North America,267,171,V1-V10_financial_only
PONE2016_h1_target_North_America,20260729,KELM_risk_feature,triad,171,86,0.5769785566839998,"Same-horizon leave-one-region-out transfer; source regions=Asia,Europe; target region=North America; source-only fit/search/calibration; target labels untouched until final evaluation; V1-V10 financial ratios only.",OOF HistGB risk is a forced KELM input; no score-level fusion.,Platt_logistic_on_separate_calibration_partition,0.6995210399712914,0.5697674418604651,0.8588235294117647,0.8032786885245902,0.6666666666666666,0.7424242424242424,0.6049382716049383,0.4473427944063557,0.6026715214086898,0.7142954856361149,0.1411764705882353,0.3567251461988304,49.0,12.0,73.0,37.0,0.6996604523088319,0.779343365253078,0.22038687019523504,0.6334078557995657,0.07775099416672189,-0.08746479098650653,1.4256237490468804,,,,0.4697674418604651,0.5674418604651162,0.871764705882353,0.948235294117647,0.8107918263090677,0.9109649122807018,0.5132916490851203,0.6083330231634844,0.39989854691011917,0.5156907889896363,0.5514544838180047,0.6378793100032422,0.6854153610797525,0.8365618664362892,0.754343365253078,0.8488098495212039,0.21740022341078258,0.23198253184742523,20260940,1,North America,267,171,V1-V10_financial_only
PONE2016_h1_target_North_America,20260729,KELM_risk_feature,cost_1,171,86,0.5769785566839921,"Same-horizon leave-one-region-out transfer; source regions=Asia,Europe; target region=North America; source-only fit/search/calibration; target labels untouched until final evaluation; V1-V10 financial ratios only.",OOF HistGB risk is a forced KELM input; no score-level fusion.,Platt_logistic_on_separate_calibration_partition,0.7570010671029964,0.686046511627907,0.8352941176470589,0.8082191780821918,0.7421383647798742,0.7804232804232805,0.7074340527577938,0.526994147715013,0.6709130795545809,0.7606703146374829,0.16470588235294117,0.4269005847953216,59.0,14.0,71.0,27.0,0.6996604523088319,0.779343365253078,0.22038687019523504,0.6334078557995657,0.07775099416672189,-0.08746479098650653,1.4256237490468804,1.0,0.23976608187134502,0.23976608187134502,0.6627906976744186,0.7732558139534884,0.796470588235294,0.9047058823529411,0.771773612112473,0.8811133603238867,0.6907716371220021,0.7921976704350806,0.47481185353498706,0.6694264685481249,0.6339111615639219,0.772792020984286,0.6924196456873458,0.8423764644847068,0.7569425444596444,0.8813269493844049,0.19468340576275023,0.2280838538508572,20260940,1,North America,267,171,V1-V10_financial_only
PONE2016_h1_target_North_America,20260729,KELM_risk_feature,cost_2,171,86,0.5769785566839921,"Same-horizon leave-one-region-out transfer; source regions=Asia,Europe; target region=North America; source-only fit/search/calibration; target labels untouched until final evaluation; V1-V10 financial ratios only.",OOF HistGB risk is a forced KELM input; no score-level fusion.,Platt_logistic_on_separate_calibration_partition,0.7570010671029964,0.686046511627907,0.8352941176470589,0.8082191780821918,0.7421383647798742,0.7804232804232805,0.7074340527577938,0.526994147715013,0.6709130795545809,0.7606703146374829,0.16470588235294117,0.4269005847953216,59.0,14.0,71.0,27.0,0.6996604523088319,0.779343365253078,0.22038687019523504,0.6334078557995657,0.07775099416672189,-0.08746479098650653,1.4256237490468804,2.0,0.39766081871345027,0.26459143968871596,0.5441860465116278,0.6953488372093023,0.8047058823529412,0.8823529411764706,0.7739661016949152,0.8562770562770562,0.579501301216486,0.7213863235446716,0.40934943657370015,0.5856058633735732,0.5736975428175815,0.7100851131092524,0.6527976546238776,0.7528499732698624,0.7386662106703147,0.8066963064295485,0.21732287234457354,0.226557728069344,20260940,1,North America,267,171,V1-V10_financial_only
PONE2016_h1_target_North_America,20260729,KELM_risk_feature,cost_5,171,86,0.20129085457043552,"Same-horizon leave-one-region-out transfer; source regions=Asia,Europe; target region=North America; source-only fit/search/calibration; target labels untouched until final evaluation; V1-V10 financial ratios only.",OOF HistGB risk is a forced KELM input; no score-level fusion.,Platt_logistic_on_separate_calibration_partition,0.26257693810921895,0.9767441860465116,0.07058823529411765,0.5153374233128835,0.6746987951807228,0.5691056910569106,0.8284023668639053,0.11206722410090432,0.19769571583382686,0.5236662106703146,0.9294117647058824,0.9532163742690059,84.0,79.0,6.0,2.0,0.6996604523088319,0.779343365253078,0.22038687019523504,0.6334078557995657,0.07775099416672189,-0.08746479098650653,1.4256237490468804,5.0,0.52046783625731,0.17281553398058253,0.9662790697674419,0.9883720930232558,0.03764705882352941,0.12588235294117647,0.5093033445304513,0.5336012112741673,0.8208194578444493,0.844429470607187,0.07845456281940531,0.22596084600656874,0.14307734356616555,0.303855984187372,0.6822517720879686,0.8001585976269767,0.7711833105335159,0.8542954856361149,0.20737178415117252,0.21949162769856964,20260940,1,North America,267,171,V1-V10_financial_only
PONE2016_h1_target_North_America,20260729,KELM_risk_feature,cost_10,171,86,0.20129085457043552,"Same-horizon leave-one-region-out transfer; source regions=Asia,Europe; target region=North America; source-only fit/search/calibration; target labels untouched until final evaluation; V1-V10 financial ratios only.",OOF HistGB risk is a forced KELM input; no score-level fusion.,Platt_logistic_on_separate_calibration_partition,0.26257693810921895,0.9767441860465116,0.07058823529411765,0.5153374233128835,0.6746987951807228,0.5691056910569106,0.8284023668639053,0.11206722410090432,0.19769571583382686,0.5236662106703146,0.9294117647058824,0.9532163742690059,84.0,79.0,6.0,2.0,0.6996604523088319,0.779343365253078,0.22038687019523504,0.6334078557995657,0.07775099416672189,-0.08746479098650653,1.4256237490468804,10.0,0.5789473684210527,0.10476190476190476,0.9662790697674419,0.9883720930232558,0.03882352941176471,0.09176470588235294,0.5066562546482225,0.5240514905149052,0.8204952336665892,0.8395902710777754,0.04014815654276725,0.1811130686385858,0.11406567867867244,0.254051743646585,0.6683275910404676,0.8136388397811758,0.7418125854993161,0.839904240766074,0.20496995379622732,0.22887143071651603,20260940,1,North America,267,171,V1-V10_financial_only
PONE2016_h1_target_North_America,20260729,KELM_risk_feature,cost_20,171,86,0.20129085457043552,"Same-horizon leave-one-region-out transfer; source regions=Asia,Europe; target region=North America; source-only fit/search/calibration; target labels untouched until final evaluation; V1-V10 financial ratios only.",OOF HistGB risk is a forced KELM input; no score-level fusion.,Platt_logistic_on_separate_calibration_partition,0.26257693810921895,0.9767441860465116,0.07058823529411765,0.5153374233128835,0.6746987951807228,0.5691056910569106,0.8284023668639053,0.11206722410090432,0.19769571583382686,0.5236662106703146,0.9294117647058824,0.9532163742690059,84.0,79.0,6.0,2.0,0.6996604523088319,0.779343365253078,0.22038687019523504,0.6334078557995657,0.07775099416672189,-0.08746479098650653,1.4256237490468804,20.0,0.695906432748538,0.06592797783933518,0.9546511627906977,0.9883720930232558,0.047058823529411764,0.11411764705882352,0.50337049229388,0.5276189373770113,0.8095035642734008,0.8380992871453198,0.004238294392592302,0.18302672560106875,0.04603887013108163,0.27309604523120895,0.7030385426388125,0.7430505519673568,0.7665868673050615,0.8288577291381669,0.20603210631817692,0.2245340979167386,20260940,1,North America,267,171,V1-V10_financial_only
PONE2016_h1_target_North_America,20260729,Full_PBMSBAINGO,triad,171,86,0.6943311171281642,"Same-horizon leave-one-region-out transfer; source regions=Asia,Europe; target region=North America; source-only fit/search/calibration; target labels untouched until final evaluation; V1-V10 financial ratios only.",Risk feature plus score fusion; alpha=0.50 selected only on search partition.,Platt_logistic_on_separate_calibration_partition,0.8240568957552994,0.7906976744186046,0.8588235294117647,0.85,0.8192771084337349,0.8374384236453202,0.8018867924528302,0.6508581271053144,0.7617285661018269,0.8247606019151846,0.1411764705882353,0.4678362573099415,68.0,12.0,73.0,18.0,0.8886778404455249,0.8963064295485635,0.13690384830464356,0.43323468875663046,0.10809906723610438,-0.3279846945775768,1.0288804066030977,,,,0.7186046511627907,0.8244186046511628,0.7858823529411765,0.8941176470588236,0.7904040404040403,0.8873575949367088,0.7397168803418803,0.8362800526339266,0.5798551770467026,0.7200737801451829,0.7119827036397203,0.8096653041301999,0.8224563853975643,0.9306776606725947,0.856860465116279,0.9351846785225718,0.10722200659259422,0.16280147082554247,20261036,1,North America,267,171,V1-V10_financial_only
PONE2016_h1_target_North_America,20260729,Full_PBMSBAINGO,cost_1,171,86,0.6824989652146036,"Same-horizon leave-one-region-out transfer; source regions=Asia,Europe; target region=North America; source-only fit/search/calibration; target labels untouched until final evaluation; V1-V10 financial ratios only.",Risk feature plus score fusion; alpha=0.50 selected only on search partition.,Platt_logistic_on_separate_calibration_partition,0.8183932073645682,0.7906976744186046,0.8470588235294118,0.8395061728395061,0.8143712574850299,0.8292682926829268,0.8,0.6386307361897502,0.7534560935577185,0.8188782489740082,0.15294117647058825,0.47368421052631576,68.0,13.0,72.0,18.0,0.8886778404455249,0.8963064295485635,0.13690384830464356,0.43323468875663046,0.10809906723610438,-0.3279846945775768,1.0288804066030977,1.0,0.18128654970760233,0.18128654970760233,0.7732558139534884,0.8593023255813953,0.8129411764705883,0.9270588235294118,0.8075363113181694,0.9199935866602533,0.7815061389715968,0.8583915228909115,0.5901367987305538,0.7584405265192031,0.719484222876623,0.8349504610017416,0.8884053659881943,0.9442436439189766,0.8875854993160055,0.9422982216142269,0.09951961970212012,0.14617167590124067,20261036,1,North America,267,171,V1-V10_financial_only
PONE2016_h1_target_North_America,20260729,Full_PBMSBAINGO,cost_2,171,86,0.6824989652146036,"Same-horizon leave-one-region-out transfer; source regions=Asia,Europe; target region=North America; source-only fit/search/calibration; target labels untouched until final evaluation; V1-V10 financial ratios only.",Risk feature plus score fusion; alpha=0.50 selected only on search partition.,Platt_logistic_on_separate_calibration_partition,0.8183932073645682,0.7906976744186046,0.8470588235294118,0.8395061728395061,0.8143712574850299,0.8292682926829268,0.8,0.6386307361897502,0.7534560935577185,0.8188782489740082,0.15294117647058825,0.47368421052631576,68.0,13.0,72.0,18.0,0.8886778404455249,0.8963064295485635,0.13690384830464356,0.43323468875663046,0.10809906723610438,-0.3279846945775768,1.0288804066030977,2.0,0.28654970760233917,0.19066147859922178,0.6744186046511628,0.8790697674418605,0.8129411764705883,0.9129411764705881,0.8179745493107105,0.9040766939687267,0.7012113131865627,0.869510052703494,0.5507247133994989,0.7510800824555118,0.6848621451394802,0.8306388474233842,0.8193475118913358,0.9395862755225779,0.8453077975376198,0.9406634746922025,0.10072775781766115,0.173792862754379,20261036,1,North America,267,171,V1-V10_financial_only
PONE2016_h1_target_North_America,20260729,Full_PBMSBAINGO,cost_5,171,86,0.19620435171817693,"Same-horizon leave-one-region-out transfer; source regions=Asia,Europe; target region=North America; source-only fit/search/calibration; target labels untouched until final evaluation; V1-V10 financial ratios only.",Risk feature plus score fusion; alpha=0.50 selected only on search partition.,Platt_logistic_on_separate_calibration_partition,0.7349027686322629,0.9767441860465116,0.5529411764705883,0.6885245901639344,0.8076923076923077,0.7317073170731707,0.9012875536480687,0.585731667598686,0.6813749407669923,0.7648426812585499,0.4470588235294118,0.7134502923976608,84.0,38.0,47.0,2.0,0.8886778404455249,0.8963064295485635,0.13690384830464356,0.43323468875663046,0.10809906723610438,-0.3279846945775768,1.0288804066030977,5.0,0.2807017543859649,0.09320388349514563,0.9558139534883721,0.9883720930232558,0.5211764705882354,0.6188235294117647,0.6739056910569106,0.7176163549369291,0.8952290947011666,0.9137823618994877,0.5619259636237428,0.6199940081352168,0.6591292043043817,0.713243300195367,0.8713061958851308,0.9120382414762868,0.8710875512995896,0.9238372093023256,0.11054344382023039,0.15795302771881178,20261036,1,North America,267,171,V1-V10_financial_only
PONE2016_h1_target_North_America,20260729,Full_PBMSBAINGO,cost_10,171,86,0.13641353107568296,"Same-horizon leave-one-region-out transfer; source regions=Asia,Europe; target region=North America; source-only fit/search/calibration; target labels untouched until final evaluation; V1-V10 financial ratios only.",Risk feature plus score fusion; alpha=0.50 selected only on search partition.,Platt_logistic_on_separate_calibration_partition,0.30499714066520933,0.9883720930232558,0.09411764705882353,0.5246913580246914,0.6854838709677419,0.5790190735694822,0.8399209486166008,0.18470551445742878,0.25804203950904925,0.5412448700410397,0.9058823529411765,0.9473684210526315,85.0,77.0,8.0,1.0,0.8886778404455249,0.8963064295485635,0.13690384830464356,0.43323468875663046,0.10809906723610438,-0.3279846945775768,1.0288804066030977,10.0,0.5087719298245614,0.09206349206349207,0.9767441860465116,0.9883720930232558,0.047058823529411764,0.11294117647058823,0.5093866374589265,0.5270054404444959,0.8254728496529917,0.8349881067231191,0.06872722010867063,0.1791059906365382,0.14638601824537878,0.26897847346058423,0.8517919633759313,0.9169058480234422,0.8616484268125855,0.9199999999999999,0.11100462624106572,0.16554974626579305,20261036,1,North America,267,171,V1-V10_financial_only
PONE2016_h1_target_North_America,20260729,Full_PBMSBAINGO,cost_20,171,86,0.13641353107568296,"Same-horizon leave-one-region-out transfer; source regions=Asia,Europe; target region=North America; source-only fit/search/calibration; target labels untouched until final evaluation; V1-V10 financial ratios only.",Risk feature plus score fusion; alpha=0.50 selected only on search partition.,Platt_logistic_on_separate_calibration_partition,0.30499714066520933,0.9883720930232558,0.09411764705882353,0.5246913580246914,0.6854838709677419,0.5790190735694822,0.8399209486166008,0.18470551445742878,0.25804203950904925,0.5412448700410397,0.9058823529411765,0.9473684210526315,85.0,77.0,8.0,1.0,0.8886778404455249,0.8963064295485635,0.13690384830464356,0.43323468875663046,0.10809906723610438,-0.3279846945775768,1.0288804066030977,20.0,0.5672514619883041,0.05373961218836565,0.9767441860465116,1.0,0.058823529411764705,0.12823529411764706,0.5180722891566265,0.5313112013374731,0.8334990059642148,0.8431372549019608,0.1690100054945944,0.19871328303254102,0.21735715111420992,0.29194798029627234,0.8720059525739837,0.9106017631435197,0.8781600547195623,0.9288166894664843,0.12227919634106242,0.14794279586821885,20261036,1,North America,267,171,V1-V10_financial_only
PONE2016_h1_target_North_America,20260729,Uncertainty_gated_fusion,triad,171,86,0.5769785566839998,"Same-horizon leave-one-region-out transfer; source regions=Asia,Europe; target region=North America; source-only fit/search/calibration; target labels untouched until final evaluation; V1-V10 financial ratios only.","One-standard-error paired-bootstrap gate selected KELM_risk_feature; search utility difference=0.0404, required margin=0.0438.",Platt_logistic_on_separate_calibration_partition,0.6995210399712914,0.5697674418604651,0.8588235294117647,0.8032786885245902,0.6666666666666666,0.7424242424242424,0.6049382716049383,0.4473427944063557,0.6026715214086898,0.7142954856361149,0.1411764705882353,0.3567251461988304,49.0,12.0,73.0,37.0,0.6996604523088319,0.779343365253078,0.22038687019523504,0.6334078557995657,0.07775099416672189,-0.08746479098650653,1.4256237490468804,,,,0.49186046511627907,0.6290697674418605,0.8247058823529412,0.88,0.7549597110308418,0.8206241519674355,0.5295154760350006,0.6589799044786879,0.3605518526227277,0.5028143966582492,0.531454050165834,0.6475679560901979,0.6494839389378368,0.7175695521742184,0.723248974008208,0.7856839945280438,0.22509359451229605,0.23045774757528312,20261082,1,North America,267,171,V1-V10_financial_only
PONE2016_h1_target_North_America,20260729,Uncertainty_gated_fusion,cost_1,171,86,0.5769785566839921,"Same-horizon leave-one-region-out transfer; source regions=Asia,Europe; target region=North America; source-only fit/search/calibration; target labels untouched until final evaluation; V1-V10 financial ratios only.","One-standard-error paired-bootstrap gate selected KELM_risk_feature; search utility difference=0.0404, required margin=0.0438.",Platt_logistic_on_separate_calibration_partition,0.7570010671029964,0.686046511627907,0.8352941176470589,0.8082191780821918,0.7421383647798742,0.7804232804232805,0.7074340527577938,0.526994147715013,0.6709130795545809,0.7606703146374829,0.16470588235294117,0.4269005847953216,59.0,14.0,71.0,27.0,0.6996604523088319,0.779343365253078,0.22038687019523504,0.6334078557995657,0.07775099416672189,-0.08746479098650653,1.4256237490468804,1.0,0.23976608187134502,0.23976608187134502,0.6174418604651163,0.7290697674418605,0.8235294117647058,0.8823529411764706,0.7822398190045249,0.8480113636363636,0.6450599657338664,0.7439163324826832,0.4571010535727029,0.5630249448632789,0.6161993912123075,0.6962946131067197,0.663093198856621,0.7381850003038759,0.7595964432284542,0.8138440492476059,0.210656665769278,0.23290253721389698,20261082,1,North America,267,171,V1-V10_financial_only
PONE2016_h1_target_North_America,20260729,Uncertainty_gated_fusion,cost_2,171,86,0.5769785566839921,"Same-horizon leave-one-region-out transfer; source regions=Asia,Europe; target region=North America; source-only fit/search/calibration; target labels untouched until final evaluation; V1-V10 financial ratios only.","One-standard-error paired-bootstrap gate selected KELM_risk_feature; search utility difference=0.0404, required margin=0.0438.",Platt_logistic_on_separate_calibration_partition,0.7570010671029964,0.686046511627907,0.8352941176470589,0.8082191780821918,0.7421383647798742,0.7804232804232805,0.7074340527577938,0.526994147715013,0.6709130795545809,0.7606703146374829,0.16470588235294117,0.4269005847953216,59.0,14.0,71.0,27.0,0.6996604523088319,0.779343365253078,0.22038687019523504,0.6334078557995657,0.07775099416672189,-0.08746479098650653,1.4256237490468804,2.0,0.39766081871345027,0.26459143968871596,0.586046511627907,0.6837209302325581,0.8,0.8458823529411764,0.7708748221906117,0.8042463737649779,0.6171640188922285,0.7003246753246752,0.4341670903267991,0.4888080749766822,0.5969622169469226,0.6442813335894069,0.6410597219894323,0.7264054035153779,0.7369904240766073,0.7751846785225718,0.21597901107571457,0.2270336398937455,20261082,1,North America,267,171,V1-V10_financial_only
PONE2016_h1_target_North_America,20260729,Uncertainty_gated_fusion,cost_5,171,86,0.20129085457043552,"Same-horizon leave-one-region-out transfer; source regions=Asia,Europe; target region=North America; source-only fit/search/calibration; target labels untouched until final evaluation; V1-V10 financial ratios only.","One-standard-error paired-bootstrap gate selected KELM_risk_feature; search utility difference=0.0404, required margin=0.0438.",Platt_logistic_on_separate_calibration_partition,0.26257693810921895,0.9767441860465116,0.07058823529411765,0.5153374233128835,0.6746987951807228,0.5691056910569106,0.8284023668639053,0.11206722410090432,0.19769571583382686,0.5236662106703146,0.9294117647058824,0.9532163742690059,84.0,79.0,6.0,2.0,0.6996604523088319,0.779343365253078,0.22038687019523504,0.6334078557995657,0.07775099416672189,-0.08746479098650653,1.4256237490468804,5.0,0.52046783625731,0.17281553398058253,0.9558139534883721,0.9988372093023256,0.03764705882352941,0.09294117647058824,0.5015151515151515,0.5241251325556734,0.8092181894422961,0.845308076667234,-0.01426901297889367,0.20212852518718555,0.01953611129778783,0.25596322677982947,0.6486997127524387,0.7639845581171871,0.7344870041039672,0.8293570451436388,0.21446323181883536,0.22291843203736883,20261082,1,North America,267,171,V1-V10_financial_only
PONE2016_h1_target_North_America,20260729,Uncertainty_gated_fusion,cost_10,171,86,0.20129085457043552,"Same-horizon leave-one-region-out transfer; source regions=Asia,Europe; target region=North America; source-only fit/search/calibration; target labels untouched until final evaluation; V1-V10 financial ratios only.","One-standard-error paired-bootstrap gate selected KELM_risk_feature; search utility difference=0.0404, required margin=0.0438.",Platt_logistic_on_separate_calibration_partition,0.26257693810921895,0.9767441860465116,0.07058823529411765,0.5153374233128835,0.6746987951807228,0.5691056910569106,0.8284023668639053,0.11206722410090432,0.19769571583382686,0.5236662106703146,0.9294117647058824,0.9532163742690059,84.0,79.0,6.0,2.0,0.6996604523088319,0.779343365253078,0.22038687019523504,0.6334078557995657,0.07775099416672189,-0.08746479098650653,1.4256237490468804,10.0,0.5789473684210527,0.10476190476190476,0.9534883720930233,0.9976744186046511,0.05058823529411765,0.10470588235294118,0.504010736196319,0.5270478836285063,0.8091598572367803,0.8463175620366256,0.008470446308386927,0.21445193567610144,0.05276469575256039,0.2724132802441632,0.706900477487594,0.8092364538562223,0.7501846785225719,0.8508481532147744,0.19844876234881914,0.23787508846402416,20261082,1,North America,267,171,V1-V10_financial_only
PONE2016_h1_target_North_America,20260729,Uncertainty_gated_fusion,cost_20,171,86,0.20129085457043552,"Same-horizon leave-one-region-out transfer; source regions=Asia,Europe; target region=North America; source-only fit/search/calibration; target labels untouched until final evaluation; V1-V10 financial ratios only.","One-standard-error paired-bootstrap gate selected KELM_risk_feature; search utility difference=0.0404, required margin=0.0438.",Platt_logistic_on_separate_calibration_partition,0.26257693810921895,0.9767441860465116,0.07058823529411765,0.5153374233128835,0.6746987951807228,0.5691056910569106,0.8284023668639053,0.11206722410090432,0.19769571583382686,0.5236662106703146,0.9294117647058824,0.9532163742690059,84.0,79.0,6.0,2.0,0.6996604523088319,0.779343365253078,0.22038687019523504,0.6334078557995657,0.07775099416672189,-0.08746479098650653,1.4256237490468804,20.0,0.695906432748538,0.06592797783933518,0.9767441860465116,0.9988372093023256,0.036470588235294116,0.10470588235294118,0.5089929232444202,0.5279160156994246,0.8254728496529917,0.8474720253090398,0.0660412674197669,0.22063886498453883,0.1401798302864138,0.27595159367287514,0.6725451861342645,0.7704766358500407,0.7402120383036935,0.825280437756498,0.20819816201697983,0.2248416399044248,20261082,1,North America,267,171,V1-V10_financial_only
PONE2016_h1_target_North_America,20260729,Full_random_search,triad,171,86,0.6872207007893185,"Same-horizon leave-one-region-out transfer; source regions=Asia,Europe; target region=North America; source-only fit/search/calibration; target labels untouched until final evaluation; V1-V10 financial ratios only.",Same full architecture and 81 evaluations as PBMSBAINGO; alpha=0.10.,Platt_logistic_on_separate_calibration_partition,0.8123533225491447,0.7790697674418605,0.8470588235294118,0.8375,0.8072289156626506,0.8251231527093597,0.7900943396226415,0.6274173647348408,0.7453303717510887,0.8130642954856362,0.15294117647058825,0.4678362573099415,67.0,13.0,72.0,19.0,0.8993462293179351,0.9041039671682626,0.13771651018071482,0.4352367851106073,0.07747337780045137,-0.30102942729949134,1.0550081242525884,,,,0.6697674418604651,0.8441860465116279,0.7905882352941176,0.8694117647058823,0.7913747424197821,0.8601580459770115,0.6955334604090464,0.8435488990062601,0.5330276955857838,0.6832323300648744,0.672949700674762,0.7849847920015653,0.8476878190211099,0.9298521846830282,0.8733173734610123,0.9274008207934337,0.1252034105835192,0.16811845397144923,20261130,1,North America,267,171,V1-V10_financial_only
PONE2016_h1_target_North_America,20260729,Full_random_search,cost_1,171,86,0.6788266161449437,"Same-horizon leave-one-region-out transfer; source regions=Asia,Europe; target region=North America; source-only fit/search/calibration; target labels untouched until final evaluation; V1-V10 financial ratios only.",Same full architecture and 81 evaluations as PBMSBAINGO; alpha=0.10.,Platt_logistic_on_separate_calibration_partition,0.8183932073645682,0.7906976744186046,0.8470588235294118,0.8395061728395061,0.8143712574850299,0.8292682926829268,0.8,0.6386307361897502,0.7534560935577185,0.8188782489740082,0.15294117647058825,0.47368421052631576,68.0,13.0,72.0,18.0,0.8993462293179351,0.9041039671682626,0.13771651018071482,0.4352367851106073,0.07747337780045137,-0.30102942729949134,1.0550081242525884,1.0,0.18128654970760233,0.18128654970760233,0.7813953488372094,0.8558139534883721,0.8235294117647058,0.916470588235294,0.8175087108013936,0.9073491655969191,0.7883539555087535,0.8638329979879276,0.6053790213047129,0.7627241425815379,0.7303325868368475,0.8392770230495536,0.8854876144324355,0.9327403925786164,0.8741655266757866,0.9366552667578659,0.11244125361851355,0.15684873192922683,20261130,1,North America,267,171,V1-V10_financial_only
PONE2016_h1_target_North_America,20260729,Full_random_search,cost_2,171,86,0.1813761013584186,"Same-horizon leave-one-region-out transfer; source regions=Asia,Europe; target region=North America; source-only fit/search/calibration; target labels untouched until final evaluation; V1-V10 financial ratios only.",Same full architecture and 81 evaluations as PBMSBAINGO; alpha=0.10.,Platt_logistic_on_separate_calibration_partition,0.6947132782577918,0.9767441860465116,0.49411764705882355,0.6614173228346457,0.7887323943661971,0.7070707070707071,0.89171974522293,0.5385474561093455,0.638182747561562,0.7354309165526676,0.5058823529411764,0.7426900584795322,84.0,43.0,42.0,2.0,0.8993462293179351,0.9041039671682626,0.13771651018071482,0.4352367851106073,0.07747337780045137,-0.30102942729949134,1.0550081242525884,2.0,0.27485380116959063,0.1828793774319066,0.977906976744186,0.9988372093023256,0.4011764705882353,0.5341176470588235,0.627926466612598,0.6823200992555831,0.8873335481336646,0.9069701395650762,0.4917729172470441,0.5875104506097083,0.5845992463348448,0.676800821254106,0.8664164238835429,0.9136530794538313,0.882797537619699,0.9167647058823529,0.12412578031071261,0.15757083669157898,20261130,1,North America,267,171,V1-V10_financial_only
PONE2016_h1_target_North_America,20260729,Full_random_search,cost_5,171,86,0.1813761013584186,"Same-horizon leave-one-region-out transfer; source regions=Asia,Europe; target region=North America; source-only fit/search/calibration; target labels untouched until final evaluation; V1-V10 financial ratios only.",Same full architecture and 81 evaluations as PBMSBAINGO; alpha=0.10.,Platt_logistic_on_separate_calibration_partition,0.6947132782577918,0.9767441860465116,0.49411764705882355,0.6614173228346457,0.7887323943661971,0.7070707070707071,0.89171974522293,0.5385474561093455,0.638182747561562,0.7354309165526676,0.5058823529411764,0.7426900584795322,84.0,43.0,42.0,2.0,0.8993462293179351,0.9041039671682626,0.13771651018071482,0.4352367851106073,0.07747337780045137,-0.30102942729949134,1.0550081242525884,5.0,0.30994152046783624,0.1029126213592233,0.9558139534883721,0.9988372093023256,0.38941176470588235,0.49294117647058827,0.6172060586248229,0.66328125,0.862567956507835,0.8998550401427298,0.43179988614490133,0.5533460856814689,0.5483504528006142,0.6457468774422163,0.8741610693334557,0.934108888006194,0.8801299589603284,0.9219425444596443,0.1263612260587109,0.1558574771524179,20261130,1,North America,267,171,V1-V10_financial_only
PONE2016_h1_target_North_America,20260729,Full_random_search,cost_10,171,86,0.16503143231855733,"Same-horizon leave-one-region-out transfer; source regions=Asia,Europe; target region=North America; source-only fit/search/calibration; target labels untouched until final evaluation; V1-V10 financial ratios only.",Same full architecture and 81 evaluations as PBMSBAINGO; alpha=0.10.,Platt_logistic_on_separate_calibration_partition,0.32539568672798425,1.0,0.10588235294117647,0.5308641975308642,0.6935483870967742,0.5858310626702997,0.849802371541502,0.23708469019908768,0.29280311857712904,0.5529411764705883,0.8941176470588236,0.9473684210526315,86.0,76.0,9.0,0.0,0.8993462293179351,0.9041039671682626,0.13771651018071482,0.4352367851106073,0.07747337780045137,-0.30102942729949134,1.0550081242525884,10.0,0.4444444444444444,0.08042328042328042,1.0,1.0,0.06235294117647059,0.11647058823529412,0.5190257964372829,0.5338317613679933,0.8436361526859264,0.8513168708175165,0.17939728853457054,0.24932417755035666,0.22319887960582702,0.3073445529667332,0.8173923386458113,0.9367502468911492,0.8444596443228455,0.9252462380300958,0.12203589719326949,0.18380539007206717,20261130,1,North America,267,171,V1-V10_financial_only
PONE2016_h1_target_North_America,20260729,Full_random_search,cost_20,171,86,0.16503143231855733,"Same-horizon leave-one-region-out transfer; source regions=Asia,Europe; target region=North America; source-only fit/search/calibration; target labels untouched until final evaluation; V1-V10 financial ratios only.",Same full architecture and 81 evaluations as PBMSBAINGO; alpha=0.10.,Platt_logistic_on_separate_calibration_partition,0.32539568672798425,1.0,0.10588235294117647,0.5308641975308642,0.6935483870967742,0.5858310626702997,0.849802371541502,0.23708469019908768,0.29280311857712904,0.5529411764705883,0.8941176470588236,0.9473684210526315,86.0,76.0,9.0,0.0,0.8993462293179351,0.9041039671682626,0.13771651018071482,0.4352367851106073,0.07747337780045137,-0.30102942729949134,1.0550081242525884,20.0,0.4444444444444444,0.042105263157894736,1.0,1.0,0.08588235294117647,0.15294117647058825,0.5253673685805181,0.5443037974683544,0.8469595384735324,0.8565737051792829,0.21209759137806583,0.28852463177728677,0.26282651052166345,0.35337496136142,0.8625411511072874,0.9358536398969278,0.8825376196990423,0.9300068399452806,0.1156934505173684,0.15042864035348036,20261130,1,North America,267,171,V1-V10_financial_only
PONE2016_h1_target_North_America,20260729,Balanced_logistic,triad,171,86,0.8650349181795917,"Same-horizon leave-one-region-out transfer; source regions=Asia,Europe; target region=North America; source-only fit/search/calibration; target labels untouched until final evaluation; V1-V10 financial ratios only.",Class-weighted logistic reference using the same source-only fit/search/calibration and untouched regional target.,Platt_logistic_on_separate_calibration_partition,0.7973965846863742,0.6511627906976745,0.9764705882352941,0.9655172413793104,0.7777777777777778,0.8805031446540881,0.6965174129353234,0.6628442637111425,0.7497562272231731,0.8138166894664842,0.023529411764705882,0.3391812865497076,56.0,2.0,83.0,30.0,0.9134370704739887,0.8811217510259918,0.13617659942514532,0.4761766750967566,0.09170516797810371,-0.38120384322773115,0.6158875907588395,,,,0.5848837209302326,0.6976744186046512,0.9529411764705882,1.0,0.93375,1.0,0.6335012594458438,0.7418462434478742,0.594657755127176,0.7250552871224014,0.6958883650850126,0.7954926896392185,0.8864804536762149,0.9351367859878568,0.846764705882353,0.9046648426812587,0.11355181041053813,0.15787497179175117,20262030,1,North America,267,171,V1-V10_financial_only
PONE2016_h1_target_North_America,20260729,Balanced_logistic,cost_1,171,86,0.5804939897470687,"Same-horizon leave-one-region-out transfer; source regions=Asia,Europe; target region=North America; source-only fit/search/calibration; target labels untouched until final evaluation; V1-V10 financial ratios only.",Class-weighted logistic reference using the same source-only fit/search/calibration and untouched regional target.,Platt_logistic_on_separate_calibration_partition,0.7994526171100473,0.7441860465116279,0.8588235294117647,0.8421052631578947,0.7901234567901234,0.8205128205128205,0.7619047619047619,0.6067563059204921,0.7292334561753235,0.8015047879616963,0.1411764705882353,0.4444444444444444,64.0,12.0,73.0,22.0,0.9134370704739887,0.8811217510259918,0.13617659942514532,0.4761766750967566,0.09170516797810371,-0.38120384322773115,0.6158875907588395,1.0,0.19883040935672514,0.19883040935672514,0.6162790697674418,0.7779069767441861,0.8376470588235294,0.9141176470588235,0.7928746928746928,0.8981097108969607,0.6448943867429104,0.7913373860182371,0.46516769120779966,0.6697777324024488,0.6212744172346157,0.7702618323023972,0.8713665521969911,0.9302973867282618,0.8336593707250343,0.9098837209302326,0.11857046430426335,0.16261978331160332,20262030,1,North America,267,171,V1-V10_financial_only
PONE2016_h1_target_North_America,20260729,Balanced_logistic,cost_2,171,86,0.36221656568404953,"Same-horizon leave-one-region-out transfer; source regions=Asia,Europe; target region=North America; source-only fit/search/calibration; target labels untouched until final evaluation; V1-V10 financial ratios only.",Class-weighted logistic reference using the same source-only fit/search/calibration and untouched regional target.,Platt_logistic_on_separate_calibration_partition,0.7698135222877858,0.8837209302325582,0.6705882352941176,0.7307692307692307,0.8,0.7569721115537849,0.8482142857142857,0.5677493912173089,0.6955194019301474,0.7771545827633379,0.32941176470588235,0.6081871345029239,76.0,28.0,57.0,10.0,0.9134370704739887,0.8811217510259918,0.13617659942514532,0.4761766750967566,0.09170516797810371,-0.38120384322773115,0.6158875907588395,2.0,0.2807017543859649,0.1867704280155642,0.8046511627906977,0.8941860465116279,0.571764705882353,0.68,0.6626947040498443,0.7209134615384615,0.7842216411906677,0.8508501265624081,0.41292223716623994,0.5493974790299695,0.5805495329190359,0.6788324237986203,0.8627202799851045,0.9206136199155746,0.8116142270861834,0.8863611491108071,0.13399643896200158,0.17575033056824435,20262030,1,North America,267,171,V1-V10_financial_only
PONE2016_h1_target_North_America,20260729,Balanced_logistic,cost_5,171,86,0.30753990680477866,"Same-horizon leave-one-region-out transfer; source regions=Asia,Europe; target region=North America; source-only fit/search/calibration; target labels untouched until final evaluation; V1-V10 financial ratios only.",Class-weighted logistic reference using the same source-only fit/search/calibration and untouched regional target.,Platt_logistic_on_separate_calibration_partition,0.7541948352522734,0.8953488372093024,0.6352941176470588,0.7129629629629629,0.7938144329896907,0.7432432432432432,0.8517699115044248,0.5500205786711634,0.6788628070315224,0.7653214774281806,0.36470588235294116,0.631578947368421,77.0,31.0,54.0,9.0,0.9134370704739887,0.8811217510259918,0.13617659942514532,0.4761766750967566,0.09170516797810371,-0.38120384322773115,0.6158875907588395,5.0,0.4444444444444444,0.14757281553398058,0.886046511627907,0.9395348837209302,0.5894117647058824,0.6576470588235294,0.6934089811685177,0.7305555555555556,0.8412114289019347,0.8815070275897969,0.5175494897192355,0.596393066170507,0.6540362934424222,0.711144789587937,0.9074486401483024,0.9399871563733224,0.8668741450068399,0.917578659370725,0.11738140820520314,0.14666281738548492,20262030,1,North America,267,171,V1-V10_financial_only
PONE2016_h1_target_North_America,20260729,Balanced_logistic,cost_10,171,86,0.046055449760079685,"Same-horizon leave-one-region-out transfer; source regions=Asia,Europe; target region=North America; source-only fit/search/calibration; target labels untouched until final evaluation; V1-V10 financial ratios only.",Class-weighted logistic reference using the same source-only fit/search/calibration and untouched regional target.,Platt_logistic_on_separate_calibration_partition,0.3177382450056355,0.9534883720930233,0.10588235294117647,0.5189873417721519,0.6721311475409836,0.5710306406685237,0.8167330677290837,0.11200330070781972,0.22445189104436636,0.5296853625170999,0.8941176470588236,0.9239766081871345,82.0,76.0,9.0,4.0,0.9134370704739887,0.8811217510259918,0.13617659942514532,0.4761766750967566,0.09170516797810371,-0.38120384322773115,0.6158875907588395,10.0,0.6783625730994152,0.12275132275132275,0.886046511627907,0.9511627906976744,0.05058823529411765,0.17058823529411765,0.5030833168414803,0.5306329113924051,0.7690654035343414,0.8096127893698744,0.0013539081357279612,0.14866712903530202,0.04029762106769182,0.28114794862301185,0.8660882894482461,0.9125721890194103,0.7999247606019152,0.8762106703146375,0.13613263601498585,0.1840916771492123,20262030,1,North America,267,171,V1-V10_financial_only
PONE2016_h1_target_North_America,20260729,Balanced_logistic,cost_20,171,86,0.046055449760079685,"Same-horizon leave-one-region-out transfer; source regions=Asia,Europe; target region=North America; source-only fit/search/calibration; target labels untouched until final evaluation; V1-V10 financial ratios only.",Class-weighted logistic reference using the same source-only fit/search/calibration and untouched regional target.,Platt_logistic_on_separate_calibration_partition,0.3177382450056355,0.9534883720930233,0.10588235294117647,0.5189873417721519,0.6721311475409836,0.5710306406685237,0.8167330677290837,0.11200330070781972,0.22445189104436636,0.5296853625170999,0.8941176470588236,0.9239766081871345,82.0,76.0,9.0,4.0,0.9134370704739887,0.8811217510259918,0.13617659942514532,0.4761766750967566,0.09170516797810371,-0.38120384322773115,0.6158875907588395,20.0,0.9122807017543859,0.08642659279778393,0.9093023255813953,0.9872093023255814,0.06235294117647059,0.12941176470588237,0.49558584875040573,0.5316455696202531,0.779203187250996,0.839594192400359,-0.05168304411599134,0.20026396624255324,0.018456562161186393,0.29362011367768515,0.8767842461053706,0.940180666869392,0.8215253077975376,0.9219493844049248,0.11441771585874543,0.1733979028445242,20262030,1,North America,267,171,V1-V10_financial_only
PONE2016_h2_target_Asia,20260729,HistGB,triad,96,48,0.710220443253912,"Same-horizon leave-one-region-out transfer; source regions=Europe,North America; target region=Asia; source-only fit/search/calibration; target labels untouched until final evaluation; V1-V10 financial ratios only.",No metaheuristic; threshold and Platt calibration use calibration partition.,Platt_logistic_on_separate_calibration_partition,0.7694243880258078,0.6458333333333334,0.9166666666666666,0.8857142857142857,0.7469879518072289,0.824468085106383,0.6828193832599119,0.5843389347222367,0.7019921246874938,0.78125,0.08333333333333333,0.3645833333333333,31.0,4.0,44.0,17.0,0.8322420966926936,0.8546006944444444,0.16570085082619865,0.5129137304205235,0.11547635034095505,-0.007898574333384345,1.6167949976510647,,,,0.625,0.7645833333333334,0.8958333333333334,0.9979166666666667,0.8582706766917293,0.9973684210526316,0.6622812239552328,0.7975061170713345,0.5465911174664533,0.7575631892508583,0.676064743120011,0.8250034833508597,0.7993377867298492,0.9454156638629765,0.8014756944444446,0.9325520833333334,0.13100775702498932,0.1942443117885709,20260729,2,Asia,338,96,V1-V10_financial_only
PONE2016_h2_target_Asia,20260729,HistGB,cost_1,96,48,0.5728332499733618,"Same-horizon leave-one-region-out transfer; source regions=Europe,North America; target region=Asia; source-only fit/search/calibration; target labels untouched until final evaluation; V1-V10 financial ratios only.",No metaheuristic; threshold and Platt calibration use calibration partition.,Platt_logistic_on_separate_calibration_partition,0.7778397792747695,0.7083333333333334,0.8541666666666666,0.8292682926829268,0.7640449438202247,0.8018867924528302,0.7296137339055794,0.5685785754425927,0.70068625248438,0.78125,0.14583333333333334,0.4270833333333333,34.0,7.0,41.0,14.0,0.8322420966926936,0.8546006944444444,0.16570085082619865,0.5129137304205235,0.11547635034095505,-0.007898574333384345,1.6167949976510647,1.0,0.21875,0.21875,0.6479166666666667,0.7458333333333333,0.79375,0.89375,0.7681976744186046,0.8640926640926642,0.6711620990814636,0.764957264957265,0.4665301222218031,0.6247346073476546,0.6263348143146581,0.7405927248406863,0.7449798999104361,0.8660863705593751,0.8080729166666667,0.8462673611111111,0.161925659212161,0.17933035211293974,20260729,2,Asia,338,96,V1-V10_financial_only
PONE2016_h2_target_Asia,20260729,HistGB,cost_2,96,48,0.29987481699537333,"Same-horizon leave-one-region-out transfer; source regions=Europe,North America; target region=Asia; source-only fit/search/calibration; target labels untouched until final evaluation; V1-V10 financial ratios only.",No metaheuristic; threshold and Platt calibration use calibration partition.,Platt_logistic_on_separate_calibration_partition,0.7312470322826768,0.9166666666666666,0.5833333333333334,0.6875,0.7857142857142857,0.7236842105263158,0.859375,0.5303300858899107,0.6569891028778054,0.75,0.4166666666666667,0.6666666666666666,44.0,20.0,28.0,4.0,0.8322420966926936,0.8546006944444444,0.16570085082619865,0.5129137304205235,0.11547635034095505,-0.007898574333384345,1.6167949976510647,2.0,0.2916666666666667,0.19444444444444445,0.8791666666666667,0.9770833333333333,0.5229166666666667,0.6208333333333333,0.6622549019607843,0.7204662004662005,0.8264477884176926,0.9121044852652852,0.46395089107195886,0.6398680795039318,0.611376113011585,0.7294229754248485,0.7708434850583241,0.8814197564359254,0.8144965277777778,0.8884114583333332,0.1543045831189578,0.18115955373887369,20260729,2,Asia,338,96,V1-V10_financial_only
PONE2016_h2_target_Asia,20260729,HistGB,cost_5,96,48,0.29240135737395034,"Same-horizon leave-one-region-out transfer; source regions=Europe,North America; target region=Asia; source-only fit/search/calibration; target labels untouched until final evaluation; V1-V10 financial ratios only.",No metaheuristic; threshold and Platt calibration use calibration partition.,Platt_logistic_on_separate_calibration_partition,0.6702378309227255,0.9375,0.4791666666666667,0.6428571428571429,0.7627118644067796,0.6859756097560976,0.8587786259541985,0.4688072309384954,0.5949549181041361,0.7083333333333334,0.5208333333333334,0.7291666666666666,45.0,25.0,23.0,3.0,0.8322420966926936,0.8546006944444444,0.16570085082619865,0.5129137304205235,0.11547635034095505,-0.007898574333384345,1.6167949976510647,5.0,0.4166666666666667,0.1388888888888889,0.8791666666666667,0.9770833333333333,0.33749999999999997,0.5791666666666667,0.587012987012987,0.6763440860215053,0.8277376108655563,0.87303780599004,0.3503342803627214,0.49288866183133334,0.4808667625908765,0.6260713953325177,0.7073512508042981,0.8737732525496062,0.7428385416666667,0.8667968749999999,0.16444582194691476,0.20895328225876003,20260729,2,Asia,338,96,V1-V10_financial_only
PONE2016_h2_target_Asia,20260729,HistGB,cost_10,96,48,0.29240135737395034,"Same-horizon leave-one-region-out transfer; source regions=Europe,North America; target region=Asia; source-only fit/search/calibration; target labels untouched until final evaluation; V1-V10 financial ratios only.",No metaheuristic; threshold and Platt calibration use calibration partition.,Platt_logistic_on_separate_calibration_partition,0.6702378309227255,0.9375,0.4791666666666667,0.6428571428571429,0.7627118644067796,0.6859756097560976,0.8587786259541985,0.4688072309384954,0.5949549181041361,0.7083333333333334,0.5208333333333334,0.7291666666666666,45.0,25.0,23.0,3.0,0.8322420966926936,0.8546006944444444,0.16570085082619865,0.5129137304205235,0.11547635034095505,-0.007898574333384345,1.6167949976510647,10.0,0.5729166666666666,0.10416666666666667,0.8958333333333334,0.9958333333333333,0.4395833333333333,0.5166666666666667,0.6237267080745341,0.6569323370693233,0.8247126436781609,0.9018867924528302,0.39666715468149166,0.5515477167566195,0.5465100199155519,0.6403621944335814,0.783656573708807,0.8550677634160879,0.8082465277777777,0.8852430555555555,0.15456902308544776,0.19167072552398354,20260729,2,Asia,338,96,V1-V10_financial_only
PONE2016_h2_target_Asia,20260729,HistGB,cost_20,96,48,0.29240135737395034,"Same-horizon leave-one-region-out transfer; source regions=Europe,North America; target region=Asia; source-only fit/search/calibration; target labels untouched until final evaluation; V1-V10 financial ratios only.",No metaheuristic; threshold and Platt calibration use calibration partition.,Platt_logistic_on_separate_calibration_partition,0.6702378309227255,0.9375,0.4791666666666667,0.6428571428571429,0.7627118644067796,0.6859756097560976,0.8587786259541985,0.4688072309384954,0.5949549181041361,0.7083333333333334,0.5208333333333334,0.7291666666666666,45.0,25.0,23.0,3.0,0.8322420966926936,0.8546006944444444,0.16570085082619865,0.5129137304205235,0.11547635034095505,-0.007898574333384345,1.6167949976510647,20.0,0.8854166666666666,0.08432539682539683,0.9166666666666666,0.9770833333333333,0.41875,0.5604166666666667,0.6183080340614587,0.6758974358974359,0.8494222612256838,0.882565253437777,0.4228342465382902,0.5109848561756488,0.550345488836092,0.640113082763495,0.8171961595522304,0.8929993366879078,0.8450520833333333,0.8799479166666667,0.1586369277258033,0.16883104216586697,20260729,2,Asia,338,96,V1-V10_financial_only
PONE2016_h2_target_Asia,20260729,KELM_PBMSBAINGO,triad,96,48,0.7067509655071829,"Same-horizon leave-one-region-out transfer; source regions=Europe,North America; target region=Asia; source-only fit/search/calibration; target labels untouched until final evaluation; V1-V10 financial ratios only.",Plain KELM; hyperparameters/features selected only on search partition.,Platt_logistic_on_separate_calibration_partition,0.6922186552431729,0.5,0.9583333333333334,0.9230769230769231,0.6486486486486487,0.7894736842105263,0.5504587155963303,0.5156879540323449,0.627515602411019,0.7291666666666667,0.041666666666666664,0.2708333333333333,24.0,2.0,46.0,24.0,0.8962156013803363,0.8910590277777778,0.15509759097464787,0.4858233107180223,0.16116493546370253,-0.2874369536520818,2.439172356148228,,,,0.44166666666666665,0.5833333333333334,0.9208333333333333,0.9791666666666666,0.8795,0.9644200626959248,0.4945841767517981,0.6326357466063348,0.4959582670310906,0.6045640166426097,0.5981053111751712,0.6998743746309777,0.8696846717634874,0.9345733174724595,0.8567708333333333,0.925390625,0.14517634537659016,0.17008734995789881,20260830,2,Asia,338,96,V1-V10_financial_only
PONE2016_h2_target_Asia,20260729,KELM_PBMSBAINGO,cost_1,96,48,0.5818862203632537,"Same-horizon leave-one-region-out transfer; source regions=Europe,North America; target region=Asia; source-only fit/search/calibration; target labels untouched until final evaluation; V1-V10 financial ratios only.",Plain KELM; hyperparameters/features selected only on search partition.,Platt_logistic_on_separate_calibration_partition,0.8057949835755716,0.7083333333333334,0.9166666666666666,0.8947368421052632,0.7906976744186046,0.85,0.7391304347826086,0.6390214842634575,0.7458557797112496,0.8125,0.08333333333333333,0.3958333333333333,34.0,4.0,44.0,14.0,0.8962156013803363,0.8910590277777778,0.15509759097464787,0.4858233107180223,0.16116493546370253,-0.2874369536520818,2.439172356148228,1.0,0.1875,0.1875,0.6104166666666666,0.8104166666666667,0.8583333333333333,0.9541666666666667,0.8136363636363637,0.9452439024390243,0.6425438596491228,0.8255406195207481,0.4862745756904868,0.755655517180701,0.6342823126991237,0.8295774516745934,0.8049971999480506,0.9345351493264236,0.8038628472222222,0.9203125,0.1391089835973447,0.18804042749924924,20260830,2,Asia,338,96,V1-V10_financial_only
PONE2016_h2_target_Asia,20260729,KELM_PBMSBAINGO,cost_2,96,48,0.3195428280963117,"Same-horizon leave-one-region-out transfer; source regions=Europe,North America; target region=Asia; source-only fit/search/calibration; target labels untouched until final evaluation; V1-V10 financial ratios only.",Plain KELM; hyperparameters/features selected only on search partition.,Platt_logistic_on_separate_calibration_partition,0.5286907308520633,0.9583333333333334,0.2916666666666667,0.575,0.71875,0.625,0.8455882352941176,0.33541019662496846,0.45428306920112765,0.625,0.7083333333333334,0.8333333333333334,46.0,34.0,14.0,2.0,0.8962156013803363,0.8910590277777778,0.15509759097464787,0.4858233107180223,0.16116493546370253,-0.2874369536520818,2.439172356148228,2.0,0.3958333333333333,0.2638888888888889,0.9375,0.9791666666666666,0.16874999999999998,0.3458333333333333,0.5300420168067227,0.599624765478424,0.812568670538377,0.8690997566909976,0.1660639601882003,0.41972444929826647,0.29722242103030794,0.5216047045929482,0.8550455188623214,0.9263685144424972,0.8421440972222222,0.9200086805555556,0.14548428781052122,0.17346680935325315,20260830,2,Asia,338,96,V1-V10_financial_only
PONE2016_h2_target_Asia,20260729,KELM_PBMSBAINGO,cost_5,96,48,0.20492760431915177,"Same-horizon leave-one-region-out transfer; source regions=Europe,North America; target region=Asia; source-only fit/search/calibration; target labels untouched until final evaluation; V1-V10 financial ratios only.",Plain KELM; hyperparameters/features selected only on search partition.,Platt_logistic_on_separate_calibration_partition,0.3535533905932738,1.0,0.125,0.5333333333333333,0.6956521739130435,0.5882352941176471,0.851063829787234,0.25819888974716115,0.31838660973658534,0.5625,0.875,0.9375,48.0,42.0,6.0,0.0,0.8962156013803363,0.8910590277777778,0.15509759097464787,0.4858233107180223,0.16116493546370253,-0.2874369536520818,2.439172356148228,5.0,0.4375,0.14583333333333334,1.0,1.0,0.04791666666666666,0.18541666666666667,0.512321720832359,0.5510971786833856,0.8400504089550026,0.8599078341013825,0.15471885389502987,0.319621518863981,0.193254961755905,0.3898387672911806,0.8717220444825817,0.9266602243490957,0.8526041666666666,0.9224392361111111,0.138891237992872,0.17257559018294225,20260830,2,Asia,338,96,V1-V10_financial_only
PONE2016_h2_target_Asia,20260729,KELM_PBMSBAINGO,cost_10,96,48,0.20492760431915177,"Same-horizon leave-one-region-out transfer; source regions=Europe,North America; target region=Asia; source-only fit/search/calibration; target labels untouched until final evaluation; V1-V10 financial ratios only.",Plain KELM; hyperparameters/features selected only on search partition.,Platt_logistic_on_separate_calibration_partition,0.3535533905932738,1.0,0.125,0.5333333333333333,0.6956521739130435,0.5882352941176471,0.851063829787234,0.25819888974716115,0.31838660973658534,0.5625,0.875,0.9375,48.0,42.0,6.0,0.0,0.8962156013803363,0.8910590277777778,0.15509759097464787,0.4858233107180223,0.16116493546370253,-0.2874369536520818,2.439172356148228,10.0,0.4375,0.07954545454545454,1.0,1.0,0.08333333333333333,0.16666666666666666,0.5217391304347826,0.5454545454545454,0.8450704225352113,0.8571428571428571,0.20851441405707474,0.30151134457776363,0.2590110417589152,0.36902076288542446,0.8686991270854352,0.9105266151827264,0.8684027777777777,0.9022569444444444,0.15354056885950718,0.16090794490787952,20260830,2,Asia,338,96,V1-V10_financial_only
PONE2016_h2_target_Asia,20260729,KELM_PBMSBAINGO,cost_20,96,48,0.20492760431915177,"Same-horizon leave-one-region-out transfer; source regions=Europe,North America; target region=Asia; source-only fit/search/calibration; target labels untouched until final evaluation; V1-V10 financial ratios only.",Plain KELM; hyperparameters/features selected only on search partition.,Platt_logistic_on_separate_calibration_partition,0.3535533905932738,1.0,0.125,0.5333333333333333,0.6956521739130435,0.5882352941176471,0.851063829787234,0.25819888974716115,0.31838660973658534,0.5625,0.875,0.9375,48.0,42.0,6.0,0.0,0.8962156013803363,0.8910590277777778,0.15509759097464787,0.4858233107180223,0.16116493546370253,-0.2874369536520818,2.439172356148228,20.0,0.4375,0.041666666666666664,1.0,1.0,0.06666666666666667,0.16458333333333333,0.5172633817795108,0.5448416751787538,0.8427003905523526,0.8568378240976106,0.1850851333710222,0.2994051179275124,0.23052681640670059,0.3665724716356098,0.9246684952912768,0.9659094001145002,0.9286024305555556,0.9572048611111111,0.12310111964592926,0.1421695755736378,20260830,2,Asia,338,96,V1-V10_financial_only
PONE2016_h2_target_Asia,20260729,KELM_score_fusion,triad,96,48,0.710220443253912,"Same-horizon leave-one-region-out transfer; source regions=Europe,North America; target region=Asia; source-only fit/search/calibration; target labels untouched until final evaluation; V1-V10 financial ratios only.",Plain KELM plus HistGB score-level fusion; alpha=0.00 selected only on search partition.,Platt_logistic_on_separate_calibration_partition,0.7694243880258078,0.6458333333333334,0.9166666666666666,0.8857142857142857,0.7469879518072289,0.824468085106383,0.6828193832599119,0.5843389347222367,0.7019921246874938,0.78125,0.08333333333333333,0.3645833333333333,31.0,4.0,44.0,17.0,0.8322420966926936,0.8546006944444444,0.16570085082619865,0.5129137304205235,0.11547635034095505,-0.007898574333384345,1.6167949976510647,,,,0.6479166666666667,0.74375,0.9166666666666666,0.9791666666666666,0.8871428571428571,0.9704991087344028,0.6856485560450318,0.7712847116264876,0.5904547636868034,0.6952621941039157,0.7064457152980679,0.7768073808999831,0.8241547148304342,0.9025934306886683,0.8355902777777777,0.8930989583333333,0.1512132282983301,0.16971735494205326,20260832,2,Asia,338,96,V1-V10_financial_only
PONE2016_h2_target_Asia,20260729,KELM_score_fusion,cost_1,96,48,0.5728332499733618,"Same-horizon leave-one-region-out transfer; source regions=Europe,North America; target region=Asia; source-only fit/search/calibration; target labels untouched until final evaluation; V1-V10 financial ratios only.",Plain KELM plus HistGB score-level fusion; alpha=0.00 selected only on search partition.,Platt_logistic_on_separate_calibration_partition,0.7778397792747695,0.7083333333333334,0.8541666666666666,0.8292682926829268,0.7640449438202247,0.8018867924528302,0.7296137339055794,0.5685785754425927,0.70068625248438,0.78125,0.14583333333333334,0.4270833333333333,34.0,7.0,41.0,14.0,0.8322420966926936,0.8546006944444444,0.16570085082619865,0.5129137304205235,0.11547635034095505,-0.007898574333384345,1.6167949976510647,1.0,0.21875,0.21875,0.63125,0.7895833333333333,0.7708333333333334,0.9458333333333333,0.7713010204081633,0.9255681818181818,0.6734940220723482,0.7866269017980636,0.5279821462021607,0.6153835308849025,0.6721018625613296,0.7179776512652566,0.7758080780551669,0.8987815909544251,0.8459635416666668,0.8823350694444445,0.15825275716308929,0.16757875250745094,20260832,2,Asia,338,96,V1-V10_financial_only
PONE2016_h2_target_Asia,20260729,KELM_score_fusion,cost_2,96,48,0.29987481699537333,"Same-horizon leave-one-region-out transfer; source regions=Europe,North America; target region=Asia; source-only fit/search/calibration; target labels untouched until final evaluation; V1-V10 financial ratios only.",Plain KELM plus HistGB score-level fusion; alpha=0.00 selected only on search partition.,Platt_logistic_on_separate_calibration_partition,0.7312470322826768,0.9166666666666666,0.5833333333333334,0.6875,0.7857142857142857,0.7236842105263158,0.859375,0.5303300858899107,0.6569891028778054,0.75,0.4166666666666667,0.6666666666666666,44.0,20.0,28.0,4.0,0.8322420966926936,0.8546006944444444,0.16570085082619865,0.5129137304205235,0.11547635034095505,-0.007898574333384345,1.6167949976510647,2.0,0.2916666666666667,0.19444444444444445,0.8791666666666667,0.95625,0.4395833333333333,0.625,0.6287279843444227,0.7128571428571429,0.833969465648855,0.8809902339314104,0.4261029128937024,0.5851193543721,0.5635057225160711,0.6980274008375219,0.7554929490283346,0.8740983744119821,0.7967013888888889,0.8936197916666666,0.15074296029932044,0.18501978233060778,20260832,2,Asia,338,96,V1-V10_financial_only
PONE2016_h2_target_Asia,20260729,KELM_score_fusion,cost_5,96,48,0.29240135737395034,"Same-horizon leave-one-region-out transfer; source regions=Europe,North America; target region=Asia; source-only fit/search/calibration; target labels untouched until final evaluation; V1-V10 financial ratios only.",Plain KELM plus HistGB score-level fusion; alpha=0.00 selected only on search partition.,Platt_logistic_on_separate_calibration_partition,0.6702378309227255,0.9375,0.4791666666666667,0.6428571428571429,0.7627118644067796,0.6859756097560976,0.8587786259541985,0.4688072309384954,0.5949549181041361,0.7083333333333334,0.5208333333333334,0.7291666666666666,45.0,25.0,23.0,3.0,0.8322420966926936,0.8546006944444444,0.16570085082619865,0.5129137304205235,0.11547635034095505,-0.007898574333384345,1.6167949976510647,5.0,0.4166666666666667,0.1388888888888889,0.9166666666666666,0.9583333333333334,0.4375,0.5395833333333333,0.6202464788732394,0.6744951712028096,0.837793795968701,0.8836063176367358,0.40645645759654103,0.544862018039376,0.5466538291043026,0.6538017819453426,0.7639759718526379,0.8807834287024429,0.7691840277777777,0.8903211805555556,0.1531498778264744,0.2022130103988841,20260832,2,Asia,338,96,V1-V10_financial_only
PONE2016_h2_target_Asia,20260729,KELM_score_fusion,cost_10,96,48,0.29240135737395034,"Same-horizon leave-one-region-out transfer; source regions=Europe,North America; target region=Asia; source-only fit/search/calibration; target labels untouched until final evaluation; V1-V10 financial ratios only.",Plain KELM plus HistGB score-level fusion; alpha=0.00 selected only on search partition.,Platt_logistic_on_separate_calibration_partition,0.6702378309227255,0.9375,0.4791666666666667,0.6428571428571429,0.7627118644067796,0.6859756097560976,0.8587786259541985,0.4688072309384954,0.5949549181041361,0.7083333333333334,0.5208333333333334,0.7291666666666666,45.0,25.0,23.0,3.0,0.8322420966926936,0.8546006944444444,0.16570085082619865,0.5129137304205235,0.11547635034095505,-0.007898574333384345,1.6167949976510647,10.0,0.5729166666666666,0.10416666666666667,0.9166666666666666,0.9958333333333333,0.36250000000000004,0.6333333333333333,0.592,0.7158469945355191,0.8261884183232497,0.8971113694089284,0.3406472137986078,0.57919205817571,0.485845848969712,0.6961029736925706,0.8147083204636693,0.9187054262860351,0.8542100694444444,0.9157552083333333,0.13634227619031766,0.1645490238223163,20260832,2,Asia,338,96,V1-V10_financial_only
PONE2016_h2_target_Asia,20260729,KELM_score_fusion,cost_20,96,48,0.29240135737395034,"Same-horizon leave-one-region-out transfer; source regions=Europe,North America; target region=Asia; source-only fit/search/calibration; target labels untouched until final evaluation; V1-V10 financial ratios only.",Plain KELM plus HistGB score-level fusion; alpha=0.00 selected only on search partition.,Platt_logistic_on_separate_calibration_partition,0.6702378309227255,0.9375,0.4791666666666667,0.6428571428571429,0.7627118644067796,0.6859756097560976,0.8587786259541985,0.4688072309384954,0.5949549181041361,0.7083333333333334,0.5208333333333334,0.7291666666666666,45.0,25.0,23.0,3.0,0.8322420966926936,0.8546006944444444,0.16570085082619865,0.5129137304205235,0.11547635034095505,-0.007898574333384345,1.6167949976510647,20.0,0.8854166666666666,0.08432539682539683,0.9166666666666666,0.9583333333333334,0.42083333333333334,0.6208333333333333,0.6223166023166022,0.715625,0.8416626908396946,0.8957149621212122,0.42434520079887617,0.6098795987733973,0.5618417159707677,0.7121550507951339,0.7814392957718638,0.9014130386439829,0.8383246527777777,0.9191840277777777,0.1398662700742304,0.16955194999235895,20260832,2,Asia,338,96,V1-V10_financial_only
PONE2016_h2_target_Asia,20260729,KELM_risk_feature,triad,96,48,0.689421701668811,"Same-horizon leave-one-region-out transfer; source regions=Europe,North America; target region=Asia; source-only fit/search/calibration; target labels untouched until final evaluation; V1-V10 financial ratios only.",OOF HistGB risk is a forced KELM input; no score-level fusion.,Platt_logistic_on_separate_calibration_partition,0.7261843774138906,0.5625,0.9375,0.9,0.6923076923076923,0.8035714285714286,0.6081081081081081,0.5393598899705937,0.6576439309410557,0.75,0.0625,0.3125,27.0,3.0,45.0,21.0,0.9071277174965877,0.9118923611111112,0.15390249651638624,0.48459850216467704,0.1952391365619429,-0.6552917746024134,2.979794593019041,,,,0.5083333333333333,0.6645833333333333,0.8979166666666667,0.975,0.8525252525252526,0.9621975806451613,0.555372907153729,0.7007753759398496,0.488323232800106,0.6568677542338204,0.6139889060417117,0.7452487054316503,0.875463267734041,0.9573837451256257,0.8743489583333334,0.9533420138888888,0.13305684461226264,0.16575504442622432,20260940,2,Asia,338,96,V1-V10_financial_only
PONE2016_h2_target_Asia,20260729,KELM_risk_feature,cost_1,96,48,0.5287542901467639,"Same-horizon leave-one-region-out transfer; source regions=Europe,North America; target region=Asia; source-only fit/search/calibration; target labels untouched until final evaluation; V1-V10 financial ratios only.",OOF HistGB risk is a forced KELM input; no score-level fusion.,Platt_logistic_on_separate_calibration_partition,0.8330728759638418,0.8541666666666666,0.8125,0.82,0.8367346938775511,0.8266129032258065,0.8471074380165289,0.6672461249826392,0.773660961408386,0.8333333333333333,0.1875,0.5208333333333334,41.0,9.0,39.0,7.0,0.9071277174965877,0.9118923611111112,0.15390249651638624,0.48459850216467704,0.1952391365619429,-0.6552917746024134,2.979794593019041,1.0,0.16666666666666666,0.16666666666666666,0.81875,0.9125,0.7729166666666667,0.83125,0.8007692307692308,0.8291614518147684,0.8203751972014541,0.8880391862848003,0.6482755411993184,0.6943211050062185,0.7605540796016548,0.7888581688636693,0.8921235930221194,0.9383353771307977,0.8960503472222222,0.9347656249999999,0.14340454365560454,0.1626218719256451,20260940,2,Asia,338,96,V1-V10_financial_only
PONE2016_h2_target_Asia,20260729,KELM_risk_feature,cost_2,96,48,0.32485079686595136,"Same-horizon leave-one-region-out transfer; source regions=Europe,North America; target region=Asia; source-only fit/search/calibration; target labels untouched until final evaluation; V1-V10 financial ratios only.",OOF HistGB risk is a forced KELM input; no score-level fusion.,Platt_logistic_on_separate_calibration_partition,0.5204164998665332,1.0,0.2708333333333333,0.5783132530120482,0.732824427480916,0.631578947368421,0.8727272727272727,0.395760667606189,0.47501965689291414,0.6354166666666666,0.7291666666666666,0.8645833333333334,48.0,35.0,13.0,0.0,0.9071277174965877,0.9118923611111112,0.15390249651638624,0.48459850216467704,0.1952391365619429,-0.6552917746024134,2.979794593019041,2.0,0.3645833333333333,0.24305555555555555,1.0,1.0,0.175,0.33125,0.548051948051948,0.5992592592592593,0.8583850931677018,0.8820297349709114,0.30915665742091,0.4455253842411557,0.3776660941346948,0.5284404617034264,0.915950082829147,0.9400810021616339,0.9136284722222222,0.9388454861111112,0.14040481771132918,0.15264821226674974,20260940,2,Asia,338,96,V1-V10_financial_only
PONE2016_h2_target_Asia,20260729,KELM_risk_feature,cost_5,96,48,0.15569060950642497,"Same-horizon leave-one-region-out transfer; source regions=Europe,North America; target region=Asia; source-only fit/search/calibration; target labels untouched until final evaluation; V1-V10 financial ratios only.",OOF HistGB risk is a forced KELM input; no score-level fusion.,Platt_logistic_on_separate_calibration_partition,0.14433756729740643,1.0,0.020833333333333332,0.5052631578947369,0.6713286713286714,0.5607476635514018,0.8362369337979094,0.10259783520851541,0.12881476730399327,0.5104166666666666,0.9791666666666666,0.9895833333333334,48.0,47.0,1.0,0.0,0.9071277174965877,0.9118923611111112,0.15390249651638624,0.48459850216467704,0.1952391365619429,-0.6552917746024134,2.979794593019041,5.0,0.4895833333333333,0.16319444444444445,1.0,1.0,0.0020833333333333333,0.03958333333333333,0.5005263157894737,0.51010078387458,0.8336236933797909,0.8388684486245462,0.010259783520851542,0.14153827586895665,0.012881476730399327,0.17712532769100314,0.8546953520978264,0.9433007831151295,0.8557725694444445,0.9498263888888888,0.14339184591620802,0.17130032558471409,20260940,2,Asia,338,96,V1-V10_financial_only
PONE2016_h2_target_Asia,20260729,KELM_risk_feature,cost_10,96,48,0.15569060950642497,"Same-horizon leave-one-region-out transfer; source regions=Europe,North America; target region=Asia; source-only fit/search/calibration; target labels untouched until final evaluation; V1-V10 financial ratios only.",OOF HistGB risk is a forced KELM input; no score-level fusion.,Platt_logistic_on_separate_calibration_partition,0.14433756729740643,1.0,0.020833333333333332,0.5052631578947369,0.6713286713286714,0.5607476635514018,0.8362369337979094,0.10259783520851541,0.12881476730399327,0.5104166666666666,0.9791666666666666,0.9895833333333334,48.0,47.0,1.0,0.0,0.9071277174965877,0.9118923611111112,0.15390249651638624,0.48459850216467704,0.1952391365619429,-0.6552917746024134,2.979794593019041,10.0,0.4895833333333333,0.08901515151515152,1.0,1.0,0.0020833333333333333,0.041666666666666664,0.5005263157894737,0.5106382978723404,0.8336236933797909,0.8391608391608392,0.010259783520851542,0.14586499149789456,0.012881476730399327,0.18249316773400426,0.8665743098354693,0.9164087307524159,0.8769965277777779,0.9120659722222222,0.1548606559820492,0.16519136478182322,20260940,2,Asia,338,96,V1-V10_financial_only
PONE2016_h2_target_Asia,20260729,KELM_risk_feature,cost_20,96,48,0.15569060950642497,"Same-horizon leave-one-region-out transfer; source regions=Europe,North America; target region=Asia; source-only fit/search/calibration; target labels untouched until final evaluation; V1-V10 financial ratios only.",OOF HistGB risk is a forced KELM input; no score-level fusion.,Platt_logistic_on_separate_calibration_partition,0.14433756729740643,1.0,0.020833333333333332,0.5052631578947369,0.6713286713286714,0.5607476635514018,0.8362369337979094,0.10259783520851541,0.12881476730399327,0.5104166666666666,0.9791666666666666,0.9895833333333334,48.0,47.0,1.0,0.0,0.9071277174965877,0.9118923611111112,0.15390249651638624,0.48459850216467704,0.1952391365619429,-0.6552917746024134,2.979794593019041,20.0,0.4895833333333333,0.04662698412698413,1.0,1.0,0.0,0.020833333333333332,0.5,0.5052631578947369,0.8333333333333334,0.8362369337979094,0.0,0.10259783520851541,0.0,0.12881476730399327,0.8511860122403953,0.9259980811718311,0.8346788194444443,0.9217447916666667,0.15301828207247273,0.18287641003951374,20260940,2,Asia,338,96,V1-V10_financial_only
PONE2016_h2_target_Asia,20260729,Full_PBMSBAINGO,triad,96,48,0.667039568731011,"Same-horizon leave-one-region-out transfer; source regions=Europe,North America; target region=Asia; source-only fit/search/calibration; target labels untouched until final evaluation; V1-V10 financial ratios only.",Risk feature plus score fusion; alpha=0.70 selected only on search partition.,Platt_logistic_on_separate_calibration_partition,0.7482618748361655,0.625,0.8958333333333334,0.8571428571428571,0.7228915662650602,0.7978723404255319,0.6607929515418502,0.5410545691872563,0.6716083724221831,0.7604166666666667,0.10416666666666667,0.3645833333333333,30.0,5.0,43.0,18.0,0.8154596240531109,0.8498263888888888,0.16464876353897506,0.5099704889662394,0.11965641321947365,-0.08774024782208509,1.3962789666014184,,,,0.5020833333333333,0.6958333333333333,0.8583333333333333,0.9166666666666666,0.8296747967479674,0.8741666666666666,0.5472153972153971,0.7191523605150214,0.45035484232935585,0.5647537264873245,0.5941548170452449,0.6963165375237226,0.771591550120748,0.866042964661987,0.8098090277777779,0.863671875,0.1528510044952375,0.1834229830692261,20261036,2,Asia,338,96,V1-V10_financial_only
PONE2016_h2_target_Asia,20260729,Full_PBMSBAINGO,cost_1,96,48,0.6654357848835322,"Same-horizon leave-one-region-out transfer; source regions=Europe,North America; target region=Asia; source-only fit/search/calibration; target labels untouched until final evaluation; V1-V10 financial ratios only.",Risk feature plus score fusion; alpha=0.70 selected only on search partition.,Platt_logistic_on_separate_calibration_partition,0.7606306776470285,0.6458333333333334,0.8958333333333334,0.8611111111111112,0.7380952380952381,0.8072916666666666,0.6798245614035088,0.5594309277855158,0.6865909094580854,0.7708333333333334,0.10416666666666667,0.375,31.0,5.0,43.0,17.0,0.8154596240531109,0.8498263888888888,0.16464876353897506,0.5099704889662394,0.11965641321947365,-0.08774024782208509,1.3962789666014184,1.0,0.22916666666666666,0.22916666666666666,0.5104166666666666,0.6875,0.8145833333333333,0.9354166666666667,0.7350332594235034,0.903860294117647,0.5447321428571429,0.7136725935009197,0.34872442712472873,0.574337462410483,0.5272087573671368,0.6996926743901809,0.7068870513550668,0.8477722966762051,0.7392361111111111,0.8744357638888889,0.15478246290997025,0.21240398481762512,20261036,2,Asia,338,96,V1-V10_financial_only
PONE2016_h2_target_Asia,20260729,Full_PBMSBAINGO,cost_2,96,48,0.29466985398215195,"Same-horizon leave-one-region-out transfer; source regions=Europe,North America; target region=Asia; source-only fit/search/calibration; target labels untouched until final evaluation; V1-V10 financial ratios only.",Risk feature plus score fusion; alpha=0.70 selected only on search partition.,Platt_logistic_on_separate_calibration_partition,0.7064927065755487,0.9583333333333334,0.5208333333333334,0.6666666666666666,0.7863247863247863,0.7098765432098766,0.8812260536398467,0.5328701692569688,0.6431006147382609,0.7395833333333334,0.4791666666666667,0.71875,46.0,23.0,25.0,2.0,0.8154596240531109,0.8498263888888888,0.16464876353897506,0.5099704889662394,0.11965641321947365,-0.08774024782208509,1.3962789666014184,2.0,0.28125,0.1875,0.9583333333333334,0.9979166666666667,0.28541666666666665,0.5958333333333333,0.5790115532734275,0.7075757575757576,0.8590190223401902,0.9093196806664352,0.3668644439269847,0.6196149013948203,0.468666762231031,0.7117340424141871,0.681403595065169,0.8642611370414884,0.7321180555555556,0.8860243055555556,0.14887117155957075,0.21663382857041083,20261036,2,Asia,338,96,V1-V10_financial_only
PONE2016_h2_target_Asia,20260729,Full_PBMSBAINGO,cost_5,96,48,0.2346013545350631,"Same-horizon leave-one-region-out transfer; source regions=Europe,North America; target region=Asia; source-only fit/search/calibration; target labels untouched until final evaluation; V1-V10 financial ratios only.",Risk feature plus score fusion; alpha=0.70 selected only on search partition.,Platt_logistic_on_separate_calibration_partition,0.45643546458763845,1.0,0.20833333333333334,0.5581395348837209,0.7164179104477612,0.6122448979591837,0.8633093525179856,0.34099716973523675,0.41416161517495115,0.6041666666666666,0.7916666666666666,0.8958333333333334,48.0,38.0,10.0,0.0,0.8154596240531109,0.8498263888888888,0.16464876353897506,0.5099704889662394,0.11965641321947365,-0.08774024782208509,1.3962789666014184,5.0,0.3958333333333333,0.13194444444444445,1.0,1.0,0.12916666666666665,0.32499999999999996,0.5345454545454545,0.5971428571428571,0.8516717325227964,0.881074168797954,0.2625301352302214,0.4402886832508848,0.32345002505146925,0.5227547205910311,0.8009390287180874,0.8405402483831236,0.8401041666666667,0.880859375,0.15363862336258363,0.17455182416678305,20261036,2,Asia,338,96,V1-V10_financial_only
PONE2016_h2_target_Asia,20260729,Full_PBMSBAINGO,cost_10,96,48,0.2346013545350631,"Same-horizon leave-one-region-out transfer; source regions=Europe,North America; target region=Asia; source-only fit/search/calibration; target labels untouched until final evaluation; V1-V10 financial ratios only.",Risk feature plus score fusion; alpha=0.70 selected only on search partition.,Platt_logistic_on_separate_calibration_partition,0.45643546458763845,1.0,0.20833333333333334,0.5581395348837209,0.7164179104477612,0.6122448979591837,0.8633093525179856,0.34099716973523675,0.41416161517495115,0.6041666666666666,0.7916666666666666,0.8958333333333334,48.0,38.0,10.0,0.0,0.8154596240531109,0.8498263888888888,0.16464876353897506,0.5099704889662394,0.11965641321947365,-0.08774024782208509,1.3962789666014184,10.0,0.3958333333333333,0.07196969696969698,1.0,1.0,0.16666666666666666,0.22708333333333333,0.5454545454545454,0.5640492476060192,0.8571428571428571,0.8661143287536036,0.30151134457776363,0.3578643373565494,0.36902076288542446,0.43311770716901654,0.7446606098918866,0.8713070490601836,0.7682725694444444,0.8878472222222222,0.15135101148957075,0.198210070003858,20261036,2,Asia,338,96,V1-V10_financial_only
PONE2016_h2_target_Asia,20260729,Full_PBMSBAINGO,cost_20,96,48,0.2346013545350631,"Same-horizon leave-one-region-out transfer; source regions=Europe,North America; target region=Asia; source-only fit/search/calibration; target labels untouched until final evaluation; V1-V10 financial ratios only.",Risk feature plus score fusion; alpha=0.70 selected only on search partition.,Platt_logistic_on_separate_calibration_partition,0.45643546458763845,1.0,0.20833333333333334,0.5581395348837209,0.7164179104477612,0.6122448979591837,0.8633093525179856,0.34099716973523675,0.41416161517495115,0.6041666666666666,0.7916666666666666,0.8958333333333334,48.0,38.0,10.0,0.0,0.8154596240531109,0.8498263888888888,0.16464876353897506,0.5099704889662394,0.11965641321947365,-0.08774024782208509,1.3962789666014184,20.0,0.3958333333333333,0.037698412698412696,1.0,1.0,0.14791666666666667,0.22708333333333333,0.5399387129724208,0.5640492476060192,0.854397559735638,0.8661143287536036,0.2825553047255026,0.3578643373565494,0.34698614163709274,0.43311770716901654,0.7338810613080969,0.8725502479180418,0.8131510416666666,0.8911458333333334,0.15164585168053324,0.18192036244389206,20261036,2,Asia,338,96,V1-V10_financial_only
PONE2016_h2_target_Asia,20260729,Uncertainty_gated_fusion,triad,96,48,0.689421701668811,"Same-horizon leave-one-region-out transfer; source regions=Europe,North America; target region=Asia; source-only fit/search/calibration; target labels untouched until final evaluation; V1-V10 financial ratios only.","One-standard-error paired-bootstrap gate selected KELM_risk_feature; search utility difference=-0.0308, required margin=0.0330.",Platt_logistic_on_separate_calibration_partition,0.7261843774138906,0.5625,0.9375,0.9,0.6923076923076923,0.8035714285714286,0.6081081081081081,0.5393598899705937,0.6576439309410557,0.75,0.0625,0.3125,27.0,3.0,45.0,21.0,0.9071277174965877,0.9118923611111112,0.15390249651638624,0.48459850216467704,0.1952391365619429,-0.6552917746024134,2.979794593019041,,,,0.5895833333333333,0.7645833333333334,0.8770833333333333,0.9979166666666667,0.8427432216905901,0.9973684210526316,0.6295067264573991,0.7984744469870328,0.5093685314917402,0.7592028205044216,0.6456805120979632,0.8276386222074806,0.8766845129479844,0.9734963107504042,0.8626736111111111,0.9707031249999999,0.1256791789909144,0.1749175776450264,20261082,2,Asia,338,96,V1-V10_financial_only
PONE2016_h2_target_Asia,20260729,Uncertainty_gated_fusion,cost_1,96,48,0.5287542901467639,"Same-horizon leave-one-region-out transfer; source regions=Europe,North America; target region=Asia; source-only fit/search/calibration; target labels untouched until final evaluation; V1-V10 financial ratios only.","One-standard-error paired-bootstrap gate selected KELM_risk_feature; search utility difference=-0.0308, required margin=0.0330.",Platt_logistic_on_separate_calibration_partition,0.8330728759638418,0.8541666666666666,0.8125,0.82,0.8367346938775511,0.8266129032258065,0.8471074380165289,0.6672461249826392,0.773660961408386,0.8333333333333333,0.1875,0.5208333333333334,41.0,9.0,39.0,7.0,0.9071277174965877,0.9118923611111112,0.15390249651638624,0.48459850216467704,0.1952391365619429,-0.6552917746024134,2.979794593019041,1.0,0.16666666666666666,0.16666666666666666,0.7541666666666667,0.875,0.7520833333333333,0.8333333333333334,0.779245283018868,0.825296442687747,0.7659385859158925,0.856794425087108,0.587262248496452,0.6474234592957967,0.7166738870158696,0.7579785794977006,0.8931743029855075,0.912014768846446,0.8848090277777777,0.9151041666666666,0.15252842756499935,0.16257406795620916,20261082,2,Asia,338,96,V1-V10_financial_only
PONE2016_h2_target_Asia,20260729,Uncertainty_gated_fusion,cost_2,96,48,0.32485079686595136,"Same-horizon leave-one-region-out transfer; source regions=Europe,North America; target region=Asia; source-only fit/search/calibration; target labels untouched until final evaluation; V1-V10 financial ratios only.","One-standard-error paired-bootstrap gate selected KELM_risk_feature; search utility difference=-0.0308, required margin=0.0330.",Platt_logistic_on_separate_calibration_partition,0.5204164998665332,1.0,0.2708333333333333,0.5783132530120482,0.732824427480916,0.631578947368421,0.8727272727272727,0.395760667606189,0.47501965689291414,0.6354166666666666,0.7291666666666666,0.8645833333333334,48.0,35.0,13.0,0.0,0.9071277174965877,0.9118923611111112,0.15390249651638624,0.48459850216467704,0.1952391365619429,-0.6552917746024134,2.979794593019041,2.0,0.3645833333333333,0.24305555555555555,1.0,1.0,0.21250000000000002,0.3270833333333333,0.5594684385382059,0.5978313253012048,0.8639349390053175,0.8813903743315508,0.3446939000626358,0.442068302710581,0.4182928611952689,0.5247092787425097,0.855579513453589,0.9410603513134125,0.8586805555555556,0.9475260416666667,0.1412796844440326,0.16986490958268005,20261082,2,Asia,338,96,V1-V10_financial_only
PONE2016_h2_target_Asia,20260729,Uncertainty_gated_fusion,cost_5,96,48,0.15569060950642497,"Same-horizon leave-one-region-out transfer; source regions=Europe,North America; target region=Asia; source-only fit/search/calibration; target labels untouched until final evaluation; V1-V10 financial ratios only.","One-standard-error paired-bootstrap gate selected KELM_risk_feature; search utility difference=-0.0308, required margin=0.0330.",Platt_logistic_on_separate_calibration_partition,0.14433756729740643,1.0,0.020833333333333332,0.5052631578947369,0.6713286713286714,0.5607476635514018,0.8362369337979094,0.10259783520851541,0.12881476730399327,0.5104166666666666,0.9791666666666666,0.9895833333333334,48.0,47.0,1.0,0.0,0.9071277174965877,0.9118923611111112,0.15390249651638624,0.48459850216467704,0.1952391365619429,-0.6552917746024134,2.979794593019041,5.0,0.4895833333333333,0.16319444444444445,1.0,1.0,0.0,0.020833333333333332,0.5,0.5052631578947369,0.8333333333333334,0.8362369337979094,0.0,0.10259783520851541,0.0,0.12881476730399327,0.8583376649904121,0.9195483491555358,0.8792100694444445,0.9190972222222222,0.14943629376842163,0.16707651369877902,20261082,2,Asia,338,96,V1-V10_financial_only
PONE2016_h2_target_Asia,20260729,Uncertainty_gated_fusion,cost_10,96,48,0.15569060950642497,"Same-horizon leave-one-region-out transfer; source regions=Europe,North America; target region=Asia; source-only fit/search/calibration; target labels untouched until final evaluation; V1-V10 financial ratios only.","One-standard-error paired-bootstrap gate selected KELM_risk_feature; search utility difference=-0.0308, required margin=0.0330.",Platt_logistic_on_separate_calibration_partition,0.14433756729740643,1.0,0.020833333333333332,0.5052631578947369,0.6713286713286714,0.5607476635514018,0.8362369337979094,0.10259783520851541,0.12881476730399327,0.5104166666666666,0.9791666666666666,0.9895833333333334,48.0,47.0,1.0,0.0,0.9071277174965877,0.9118923611111112,0.15390249651638624,0.48459850216467704,0.1952391365619429,-0.6552917746024134,2.979794593019041,10.0,0.4895833333333333,0.08901515151515152,1.0,1.0,0.0,0.020833333333333332,0.5,0.5052631578947369,0.8333333333333334,0.8362369337979094,0.0,0.10259783520851541,0.0,0.12881476730399327,0.880228840859013,0.9503539044707956,0.8868489583333333,0.9541232638888888,0.1384659688892547,0.16549856048287284,20261082,2,Asia,338,96,V1-V10_financial_only
PONE2016_h2_target_Asia,20260729,Uncertainty_gated_fusion,cost_20,96,48,0.15569060950642497,"Same-horizon leave-one-region-out transfer; source regions=Europe,North America; target region=Asia; source-only fit/search/calibration; target labels untouched until final evaluation; V1-V10 financial ratios only.","One-standard-error paired-bootstrap gate selected KELM_risk_feature; search utility difference=-0.0308, required margin=0.0330.",Platt_logistic_on_separate_calibration_partition,0.14433756729740643,1.0,0.020833333333333332,0.5052631578947369,0.6713286713286714,0.5607476635514018,0.8362369337979094,0.10259783520851541,0.12881476730399327,0.5104166666666666,0.9791666666666666,0.9895833333333334,48.0,47.0,1.0,0.0,0.9071277174965877,0.9118923611111112,0.15390249651638624,0.48459850216467704,0.1952391365619429,-0.6552917746024134,2.979794593019041,20.0,0.4895833333333333,0.04662698412698413,1.0,1.0,0.0020833333333333333,0.041666666666666664,0.5005263157894737,0.5106382978723404,0.8336236933797909,0.8391608391608392,0.010259783520851542,0.14586499149789456,0.012881476730399327,0.18249316773400426,0.9105279495439726,0.9411895622269048,0.9089843750000001,0.9473958333333333,0.14562747067424442,0.15408530695278455,20261082,2,Asia,338,96,V1-V10_financial_only
PONE2016_h2_target_Asia,20260729,Full_random_search,triad,96,48,0.6901931151877246,"Same-horizon leave-one-region-out transfer; source regions=Europe,North America; target region=Asia; source-only fit/search/calibration; target labels untouched until final evaluation; V1-V10 financial ratios only.",Same full architecture and 81 evaluations as PBMSBAINGO; alpha=0.70.,Platt_logistic_on_separate_calibration_partition,0.7046472718869901,0.5416666666666666,0.9166666666666666,0.8666666666666667,0.6666666666666666,0.7738095238095238,0.5855855855855856,0.49441323247304425,0.6261492698164952,0.7291666666666666,0.08333333333333333,0.3125,26.0,4.0,44.0,22.0,0.8578625926675522,0.85546875,0.16317888478567225,0.508697568264485,0.1171850989343737,0.09852381745946488,1.9510150928212437,,,,0.5020833333333333,0.5791666666666667,0.91875,0.9770833333333333,0.8703225806451613,0.957977207977208,0.5524904696074735,0.6235809800832223,0.4965407046289743,0.5620050493328392,0.6262859030759476,0.6714895343529114,0.8632458392440953,0.9060947830029188,0.841623263888889,0.8954427083333333,0.14942175980400807,0.16797605178509764,20261130,2,Asia,338,96,V1-V10_financial_only
PONE2016_h2_target_Asia,20260729,Full_random_search,cost_1,96,48,0.6074583148694835,"Same-horizon leave-one-region-out transfer; source regions=Europe,North America; target region=Asia; source-only fit/search/calibration; target labels untouched until final evaluation; V1-V10 financial ratios only.",Same full architecture and 81 evaluations as PBMSBAINGO; alpha=0.70.,Platt_logistic_on_separate_calibration_partition,0.7817359599705715,0.6666666666666666,0.9166666666666666,0.8888888888888888,0.7619047619047619,0.8333333333333334,0.7017543859649122,0.6024640760767094,0.7167215210765804,0.7916666666666666,0.08333333333333333,0.375,32.0,4.0,44.0,16.0,0.8578625926675522,0.85546875,0.16317888478567225,0.508697568264485,0.1171850989343737,0.09852381745946488,1.9510150928212437,1.0,0.20833333333333334,0.20833333333333334,0.60625,0.7416666666666667,0.875,0.9583333333333334,0.8314285714285715,0.9408088235294118,0.6418541535556954,0.7631041524846834,0.5039362760655998,0.6510633153580646,0.6453906887547148,0.7471295170825689,0.8452587958128881,0.9234331619262708,0.8232638888888889,0.9206163194444444,0.145832432371237,0.18266820552865642,20261130,2,Asia,338,96,V1-V10_financial_only
PONE2016_h2_target_Asia,20260729,Full_random_search,cost_2,96,48,0.30025258768720364,"Same-horizon leave-one-region-out transfer; source regions=Europe,North America; target region=Asia; source-only fit/search/calibration; target labels untouched until final evaluation; V1-V10 financial ratios only.",Same full architecture and 81 evaluations as PBMSBAINGO; alpha=0.70.,Platt_logistic_on_separate_calibration_partition,0.5994789404140899,0.9583333333333334,0.375,0.6052631578947368,0.7419354838709677,0.6534090909090909,0.8582089552238806,0.41039134083406165,0.5283422608165946,0.6666666666666667,0.625,0.7916666666666666,46.0,30.0,18.0,2.0,0.8578625926675522,0.85546875,0.16317888478567225,0.508697568264485,0.1171850989343737,0.09852381745946488,1.9510150928212437,2.0,0.3541666666666667,0.2361111111111111,0.91875,0.9958333333333333,0.3145833333333333,0.5333333333333333,0.5794941900205058,0.6683665008291875,0.8224490928258337,0.8783300033300033,0.31100180912803177,0.5177188555246538,0.45664257775060313,0.6376258054624708,0.8408796852769397,0.9063951568115789,0.8099826388888889,0.9019965277777778,0.14809655839140518,0.17522133697032505,20261130,2,Asia,338,96,V1-V10_financial_only
PONE2016_h2_target_Asia,20260729,Full_random_search,cost_5,96,48,0.30025258768720364,"Same-horizon leave-one-region-out transfer; source regions=Europe,North America; target region=Asia; source-only fit/search/calibration; target labels untouched until final evaluation; V1-V10 financial ratios only.",Same full architecture and 81 evaluations as PBMSBAINGO; alpha=0.70.,Platt_logistic_on_separate_calibration_partition,0.5994789404140899,0.9583333333333334,0.375,0.6052631578947368,0.7419354838709677,0.6534090909090909,0.8582089552238806,0.41039134083406165,0.5283422608165946,0.6666666666666667,0.625,0.7916666666666666,46.0,30.0,18.0,2.0,0.8578625926675522,0.85546875,0.16317888478567225,0.508697568264485,0.1171850989343737,0.09852381745946488,1.9510150928212437,5.0,0.4166666666666667,0.1388888888888889,0.9166666666666666,0.9979166666666667,0.3958333333333333,0.5,0.6091394025604552,0.648489666136725,0.8458935801041064,0.899716642352149,0.40272567476096954,0.5368938069694755,0.531505925776281,0.6263399675559017,0.7996689868573315,0.9302121792254521,0.8310763888888889,0.9112413194444444,0.13438934694625254,0.1727987725622363,20261130,2,Asia,338,96,V1-V10_financial_only
PONE2016_h2_target_Asia,20260729,Full_random_search,cost_10,96,48,0.28715406846536556,"Same-horizon leave-one-region-out transfer; source regions=Europe,North America; target region=Asia; source-only fit/search/calibration; target labels untouched until final evaluation; V1-V10 financial ratios only.",Same full architecture and 81 evaluations as PBMSBAINGO; alpha=0.70.,Platt_logistic_on_separate_calibration_partition,0.4039733214513607,0.9791666666666666,0.16666666666666666,0.5402298850574713,0.6962962962962963,0.5934343434343434,0.8422939068100358,0.25015959146215216,0.34432945595819775,0.5729166666666666,0.8333333333333334,0.90625,47.0,40.0,8.0,1.0,0.8578625926675522,0.85546875,0.16317888478567225,0.508697568264485,0.1171850989343737,0.09852381745946488,1.9510150928212437,10.0,0.5208333333333334,0.0946969696969697,0.9229166666666666,0.9979166666666667,0.08541666666666667,0.24166666666666667,0.5170573870573871,0.5495454545454546,0.8109800457285388,0.855657962109575,0.1437912116698712,0.29637616926620247,0.2289953198066573,0.37119049130141635,0.8167920008371083,0.8665006369353236,0.793185763888889,0.8564236111111112,0.1672622247465376,0.18230035074669634,20261130,2,Asia,338,96,V1-V10_financial_only
PONE2016_h2_target_Asia,20260729,Full_random_search,cost_20,96,48,0.28715406846536556,"Same-horizon leave-one-region-out transfer; source regions=Europe,North America; target region=Asia; source-only fit/search/calibration; target labels untouched until final evaluation; V1-V10 financial ratios only.",Same full architecture and 81 evaluations as PBMSBAINGO; alpha=0.70.,Platt_logistic_on_separate_calibration_partition,0.4039733214513607,0.9791666666666666,0.16666666666666666,0.5402298850574713,0.6962962962962963,0.5934343434343434,0.8422939068100358,0.25015959146215216,0.34432945595819775,0.5729166666666666,0.8333333333333334,0.90625,47.0,40.0,8.0,1.0,0.8578625926675522,0.85546875,0.16317888478567225,0.508697568264485,0.1171850989343737,0.09852381745946488,1.9510150928212437,20.0,0.625,0.05952380952380952,0.9395833333333333,0.9791666666666666,0.125,0.24791666666666667,0.5183262301433553,0.5655909351692484,0.8088389425876324,0.854235836627141,0.11652220514077664,0.33288400936368717,0.2382775674602595,0.43230802305148236,0.7987821576339649,0.9121171603834487,0.7924479166666667,0.890798611111111,0.14326717589148055,0.18740687362719435,20261130,2,Asia,338,96,V1-V10_financial_only
PONE2016_h2_target_Asia,20260729,Balanced_logistic,triad,96,48,0.5018955893315805,"Same-horizon leave-one-region-out transfer; source regions=Europe,North America; target region=Asia; source-only fit/search/calibration; target labels untouched until final evaluation; V1-V10 financial ratios only.",Class-weighted logistic reference using the same source-only fit/search/calibration and untouched regional target.,Platt_logistic_on_separate_calibration_partition,0.8212668060177927,0.7708333333333334,0.875,0.8604651162790697,0.8131868131868132,0.8409090909090909,0.7872340425531915,0.6493659782899173,0.7594269826011288,0.8229166666666667,0.125,0.4479166666666667,37.0,6.0,42.0,11.0,0.9124399524683342,0.9144965277777777,0.21907467623175195,0.6304146150301188,0.28332597523044223,0.19947533420876737,15.215925082689253,,,,0.7520833333333333,0.8895833333333334,0.8145833333333333,0.9354166666666667,0.8072463768115943,0.9222585924713584,0.777501909854851,0.8929567642956764,0.5921229900904951,0.8014000670096354,0.7209387665424792,0.8654437733344078,0.8564039523821912,0.9751818080060801,0.8708767361111112,0.9730034722222222,0.21542942810640325,0.22388132990332385,20262030,2,Asia,338,96,V1-V10_financial_only
PONE2016_h2_target_Asia,20260729,Balanced_logistic,cost_1,96,48,0.46054175687637255,"Same-horizon leave-one-region-out transfer; source regions=Europe,North America; target region=Asia; source-only fit/search/calibration; target labels untouched until final evaluation; V1-V10 financial ratios only.",Class-weighted logistic reference using the same source-only fit/search/calibration and untouched regional target.,Platt_logistic_on_separate_calibration_partition,0.6614378277661477,1.0,0.4375,0.64,0.7804878048780488,0.6896551724137931,0.898876404494382,0.529150262212918,0.6140244870976886,0.71875,0.5625,0.78125,48.0,27.0,21.0,0.0,0.9124399524683342,0.9144965277777777,0.21907467623175195,0.6304146150301188,0.28332597523044223,0.19947533420876737,15.215925082689253,1.0,0.28125,0.28125,1.0,1.0,0.3125,0.47291666666666665,0.5925925925925926,0.6549387166546503,0.8791208791208791,0.9046465784286116,0.4303314829119352,0.5564775785273561,0.5123314865020809,0.6407406731814145,0.8541089888554023,0.9425714281429737,0.8519965277777777,0.9378038194444445,0.21542027168764977,0.2267869114745637,20262030,2,Asia,338,96,V1-V10_financial_only
PONE2016_h2_target_Asia,20260729,Balanced_logistic,cost_2,96,48,0.46054175687637255,"Same-horizon leave-one-region-out transfer; source regions=Europe,North America; target region=Asia; source-only fit/search/calibration; target labels untouched until final evaluation; V1-V10 financial ratios only.",Class-weighted logistic reference using the same source-only fit/search/calibration and untouched regional target.,Platt_logistic_on_separate_calibration_partition,0.6614378277661477,1.0,0.4375,0.64,0.7804878048780488,0.6896551724137931,0.898876404494382,0.529150262212918,0.6140244870976886,0.71875,0.5625,0.78125,48.0,27.0,21.0,0.0,0.9124399524683342,0.9144965277777777,0.21907467623175195,0.6304146150301188,0.28332597523044223,0.19947533420876737,15.215925082689253,2.0,0.28125,0.1875,1.0,1.0,0.39791666666666664,0.5333333333333333,0.6241968557758031,0.682007722007722,0.8925262165011374,0.9146530448258049,0.4983672903059395,0.6030294358786666,0.583138367236701,0.6850006465054053,0.8698458262110618,0.9357856107467417,0.8805121527777777,0.9291666666666666,0.21331550557054949,0.22000255768797544,20262030,2,Asia,338,96,V1-V10_financial_only
PONE2016_h2_target_Asia,20260729,Balanced_logistic,cost_5,96,48,0.42475317511518035,"Same-horizon leave-one-region-out transfer; source regions=Europe,North America; target region=Asia; source-only fit/search/calibration; target labels untouched until final evaluation; V1-V10 financial ratios only.",Class-weighted logistic reference using the same source-only fit/search/calibration and untouched regional target.,Platt_logistic_on_separate_calibration_partition,0.3227486121839514,1.0,0.10416666666666667,0.5274725274725275,0.6906474820143885,0.5825242718446602,0.8480565371024735,0.2344036154692477,0.29011110795301165,0.5520833333333334,0.8958333333333334,0.9479166666666666,48.0,43.0,5.0,0.0,0.9124399524683342,0.9144965277777777,0.21907467623175195,0.6304146150301188,0.28332597523044223,0.19947533420876737,15.215925082689253,5.0,0.4479166666666667,0.14930555555555555,1.0,1.0,0.08333333333333333,0.10416666666666667,0.5217391304347826,0.5274725274725275,0.8450704225352113,0.8480565371024735,0.20851441405707474,0.2344036154692477,0.2590110417589152,0.29011110795301165,0.9290792491628143,0.9623786152724285,0.9216579861111112,0.9539062500000001,0.21177982963859793,0.22137076010784115,20262030,2,Asia,338,96,V1-V10_financial_only
PONE2016_h2_target_Asia,20260729,Balanced_logistic,cost_10,96,48,0.42475317511518035,"Same-horizon leave-one-region-out transfer; source regions=Europe,North America; target region=Asia; source-only fit/search/calibration; target labels untouched until final evaluation; V1-V10 financial ratios only.",Class-weighted logistic reference using the same source-only fit/search/calibration and untouched regional target.,Platt_logistic_on_separate_calibration_partition,0.3227486121839514,1.0,0.10416666666666667,0.5274725274725275,0.6906474820143885,0.5825242718446602,0.8480565371024735,0.2344036154692477,0.29011110795301165,0.5520833333333334,0.8958333333333334,0.9479166666666666,48.0,43.0,5.0,0.0,0.9124399524683342,0.9144965277777777,0.21907467623175195,0.6304146150301188,0.28332597523044223,0.19947533420876737,15.215925082689253,10.0,0.4479166666666667,0.08143939393939394,1.0,1.0,0.06666666666666667,0.16666666666666666,0.5172633817795108,0.5454545454545454,0.8427003905523526,0.8571428571428571,0.1850851333710222,0.30151134457776363,0.23052681640670059,0.36902076288542446,0.8736234244125479,0.9470463880482106,0.8842881944444444,0.9509548611111112,0.2152256673935805,0.22127744215120396,20262030,2,Asia,338,96,V1-V10_financial_only
PONE2016_h2_target_Asia,20260729,Balanced_logistic,cost_20,96,48,0.42475317511518035,"Same-horizon leave-one-region-out transfer; source regions=Europe,North America; target region=Asia; source-only fit/search/calibration; target labels untouched until final evaluation; V1-V10 financial ratios only.",Class-weighted logistic reference using the same source-only fit/search/calibration and untouched regional target.,Platt_logistic_on_separate_calibration_partition,0.3227486121839514,1.0,0.10416666666666667,0.5274725274725275,0.6906474820143885,0.5825242718446602,0.8480565371024735,0.2344036154692477,0.29011110795301165,0.5520833333333334,0.8958333333333334,0.9479166666666666,48.0,43.0,5.0,0.0,0.9124399524683342,0.9144965277777777,0.21907467623175195,0.6304146150301188,0.28332597523044223,0.19947533420876737,15.215925082689253,20.0,0.4479166666666667,0.04265873015873016,1.0,1.0,0.025,0.16458333333333333,0.5063497453310696,0.5448416751787538,0.8368237667339079,0.8568378240976106,0.11029858189034136,0.2994051179275124,0.1383239245304161,0.3665724716356098,0.8777730431715712,0.9674931064608583,0.8761284722222222,0.9643663194444445,0.21188763055092996,0.22503326376388336,20262030,2,Asia,338,96,V1-V10_financial_only
PONE2016_h2_target_Europe,20260729,HistGB,triad,171,86,0.7628023532066212,"Same-horizon leave-one-region-out transfer; source regions=Asia,North America; target region=Europe; source-only fit/search/calibration; target labels untouched until final evaluation; V1-V10 financial ratios only.",No metaheuristic; threshold and Platt calibration use calibration partition.,Platt_logistic_on_separate_calibration_partition,0.6651373247222817,0.4883720930232558,0.9058823529411765,0.84,0.6176470588235294,0.7342657342657343,0.5329949238578681,0.4333687592941463,0.5766249276106553,0.6971272229822161,0.09411764705882353,0.29239766081871343,42.0,8.0,77.0,44.0,0.7659263943051273,0.7586867305061559,0.20314842789294527,0.5928567766779367,0.06660238577295453,0.08463701987751243,0.903969980012157,,,,0.3848837209302326,0.44069767441860463,0.8729411764705882,0.928235294117647,0.7604347826086957,0.8459829059829059,0.4314302590158873,0.487146529562982,0.3083330661227361,0.4055459048564869,0.47419882195390634,0.5471289338906898,0.7110429697266277,0.7669088010262072,0.6973324213406292,0.7438166894664843,0.2112385039873734,0.23091186499009805,20260729,2,Europe,263,171,V1-V10_financial_only
PONE2016_h2_target_Europe,20260729,HistGB,cost_1,171,86,0.76272191611171,"Same-horizon leave-one-region-out transfer; source regions=Asia,North America; target region=Europe; source-only fit/search/calibration; target labels untouched until final evaluation; V1-V10 financial ratios only.",No metaheuristic; threshold and Platt calibration use calibration partition.,Platt_logistic_on_separate_calibration_partition,0.6651373247222817,0.4883720930232558,0.9058823529411765,0.84,0.6176470588235294,0.7342657342657343,0.5329949238578681,0.4333687592941463,0.5766249276106553,0.6971272229822161,0.09411764705882353,0.29239766081871343,42.0,8.0,77.0,44.0,0.7659263943051273,0.7586867305061559,0.20314842789294527,0.5928567766779367,0.06660238577295453,0.08463701987751243,0.903969980012157,1.0,0.30409356725146197,0.30409356725146197,0.45581395348837206,0.5546511627906977,0.8952941176470589,0.928235294117647,0.8259590792838875,0.8854166666666666,0.502295918367347,0.5993886308114881,0.4180692549531115,0.5183844236745978,0.5593102972901416,0.6435227093251524,0.7482480339396705,0.8150466417668119,0.7236935704514363,0.8241860465116279,0.17381524731375697,0.21107475030437164,20260729,2,Europe,263,171,V1-V10_financial_only
PONE2016_h2_target_Europe,20260729,HistGB,cost_2,171,86,0.29399766988036163,"Same-horizon leave-one-region-out transfer; source regions=Asia,North America; target region=Europe; source-only fit/search/calibration; target labels untouched until final evaluation; V1-V10 financial ratios only.",No metaheuristic; threshold and Platt calibration use calibration partition.,Platt_logistic_on_separate_calibration_partition,0.6632837103666549,0.7790697674418605,0.5647058823529412,0.6442307692307693,0.7052631578947368,0.6673306772908366,0.7477678571428571,0.35211111059454525,0.5370641096121351,0.6718878248974008,0.43529411764705883,0.6081871345029239,67.0,37.0,48.0,19.0,0.7659263943051273,0.7586867305061559,0.20314842789294527,0.5928567766779367,0.06660238577295453,0.08463701987751243,0.903969980012157,2.0,0.43859649122807015,0.2918287937743191,0.7267441860465116,0.8372093023255814,0.5411764705882353,0.6411764705882353,0.6218888888888889,0.7009803921568628,0.7034904860016967,0.8055782782240182,0.285707475914484,0.48382560499912397,0.4859103728612656,0.6362171401267479,0.7607794289278272,0.8627375449793009,0.7324760601915185,0.8480984952120382,0.15814748073971616,0.21299540683841098,20260729,2,Europe,263,171,V1-V10_financial_only
PONE2016_h2_target_Europe,20260729,HistGB,cost_5,171,86,0.2262426109452136,"Same-horizon leave-one-region-out transfer; source regions=Asia,North America; target region=Europe; source-only fit/search/calibration; target labels untouched until final evaluation; V1-V10 financial ratios only.",No metaheuristic; threshold and Platt calibration use calibration partition.,Platt_logistic_on_separate_calibration_partition,0.3031977318006905,0.9767441860465116,0.09411764705882353,0.5217391304347826,0.680161943319838,0.5753424657534246,0.8316831683168316,0.15099345868058398,0.24032743048057134,0.5354309165526676,0.9058823529411765,0.9415204678362573,84.0,77.0,8.0,2.0,0.7659263943051273,0.7586867305061559,0.20314842789294527,0.5928567766779367,0.06660238577295453,0.08463701987751243,0.903969980012157,5.0,0.5087719298245614,0.16893203883495145,0.9546511627906977,0.9755813953488371,0.08470588235294117,0.16117647058823528,0.5158738894567183,0.5379311771031516,0.8172379787779576,0.8348243870112657,0.1022336450243464,0.2137141009939645,0.20273923197298868,0.3207603973241281,0.7409683441196606,0.8388781423534158,0.7264295485636115,0.8051573187414501,0.17266927748471458,0.21689466695624926,20260729,2,Europe,263,171,V1-V10_financial_only
PONE2016_h2_target_Europe,20260729,HistGB,cost_10,171,86,0.2262426109452136,"Same-horizon leave-one-region-out transfer; source regions=Asia,North America; target region=Europe; source-only fit/search/calibration; target labels untouched until final evaluation; V1-V10 financial ratios only.",No metaheuristic; threshold and Platt calibration use calibration partition.,Platt_logistic_on_separate_calibration_partition,0.3031977318006905,0.9767441860465116,0.09411764705882353,0.5217391304347826,0.680161943319838,0.5753424657534246,0.8316831683168316,0.15099345868058398,0.24032743048057134,0.5354309165526676,0.9058823529411765,0.9415204678362573,84.0,77.0,8.0,2.0,0.7659263943051273,0.7586867305061559,0.20314842789294527,0.5928567766779367,0.06660238577295453,0.08463701987751243,0.903969980012157,10.0,0.5672514619883041,0.10264550264550265,0.9662790697674419,0.9976744186046511,0.05058823529411765,0.15176470588235294,0.51003367003367,0.5406386066763426,0.8235861633454953,0.8533836978131213,0.07028421899771944,0.2716205990093641,0.15140914337572622,0.33771187140374886,0.7478322022531503,0.8283029205114815,0.7520383036935704,0.81484268125855,0.17929198976283345,0.21272934345681266,20260729,2,Europe,263,171,V1-V10_financial_only
PONE2016_h2_target_Europe,20260729,HistGB,cost_20,171,86,0.2262426109452136,"Same-horizon leave-one-region-out transfer; source regions=Asia,North America; target region=Europe; source-only fit/search/calibration; target labels untouched until final evaluation; V1-V10 financial ratios only.",No metaheuristic; threshold and Platt calibration use calibration partition.,Platt_logistic_on_separate_calibration_partition,0.3031977318006905,0.9767441860465116,0.09411764705882353,0.5217391304347826,0.680161943319838,0.5753424657534246,0.8316831683168316,0.15099345868058398,0.24032743048057134,0.5354309165526676,0.9058823529411765,0.9415204678362573,84.0,77.0,8.0,2.0,0.7659263943051273,0.7586867305061559,0.20314842789294527,0.5928567766779367,0.06660238577295453,0.08463701987751243,0.903969980012157,20.0,0.6842105263157895,0.06481994459833795,0.944186046511628,0.9883720930232558,0.04823529411764706,0.12823529411764706,0.500920245398773,0.5316060126582278,0.8022097746178014,0.8429206662902315,-0.016661929710986095,0.214485907734566,0.01476353738349014,0.29354653124769237,0.6977997832892331,0.8556102258437212,0.6763611491108071,0.8449931600547195,0.16694123886679366,0.23090545823749725,20260729,2,Europe,263,171,V1-V10_financial_only
PONE2016_h2_target_Europe,20260729,KELM_PBMSBAINGO,triad,171,86,0.5842662487229698,"Same-horizon leave-one-region-out transfer; source regions=Asia,North America; target region=Europe; source-only fit/search/calibration; target labels untouched until final evaluation; V1-V10 financial ratios only.",Plain KELM; hyperparameters/features selected only on search partition.,Platt_logistic_on_separate_calibration_partition,0.6740246030573926,0.47674418604651164,0.9529411764705882,0.9111111111111111,0.6259541984732825,0.7706766917293233,0.5269922879177378,0.4878852836777453,0.6051872071437715,0.7148426812585499,0.047058823529411764,0.2631578947368421,41.0,4.0,81.0,45.0,0.8221515448424735,0.8331053351573188,0.17961705708773074,0.554511020158217,0.09664594430142703,0.2013994939104358,1.3994604376559912,,,,0.4023255813953488,0.5348837209302325,0.9529411764705882,0.9764705882352941,0.8961722488038277,0.9577380952380953,0.4520699519620014,0.5865853975177858,0.42480071465414726,0.56733944800021,0.5459743478552432,0.6664125348087043,0.8235831239823526,0.894979517132834,0.8316005471956224,0.8994801641586867,0.15847323911101305,0.18594445853307168,20260830,2,Europe,263,171,V1-V10_financial_only
PONE2016_h2_target_Europe,20260729,KELM_PBMSBAINGO,cost_1,171,86,0.47506942335469277,"Same-horizon leave-one-region-out transfer; source regions=Asia,North America; target region=Europe; source-only fit/search/calibration; target labels untouched until final evaluation; V1-V10 financial ratios only.",Plain KELM; hyperparameters/features selected only on search partition.,Platt_logistic_on_separate_calibration_partition,0.7730055754643963,0.6511627906976745,0.9176470588235294,0.8888888888888888,0.7516778523489933,0.8284023668639053,0.687960687960688,0.5895812235407831,0.706268167228014,0.784404924760602,0.08235294117647059,0.3684210526315789,56.0,7.0,78.0,30.0,0.8221515448424735,0.8331053351573188,0.17961705708773074,0.554511020158217,0.09664594430142703,0.2013994939104358,1.3994604376559912,1.0,0.21637426900584794,0.21637426900584794,0.6534883720930234,0.7965116279069767,0.8847058823529411,0.94,0.8565359477124183,0.9188940092165898,0.6910780046869769,0.8144527681344783,0.5723056258391968,0.7063810223547764,0.698714949486186,0.7987477634751768,0.8391496315781728,0.8719733195497458,0.8433789329685362,0.8779753761969904,0.16530634726079574,0.17066425758585937,20260830,2,Europe,263,171,V1-V10_financial_only
PONE2016_h2_target_Europe,20260729,KELM_PBMSBAINGO,cost_2,171,86,0.47506942335469277,"Same-horizon leave-one-region-out transfer; source regions=Asia,North America; target region=Europe; source-only fit/search/calibration; target labels untouched until final evaluation; V1-V10 financial ratios only.",Plain KELM; hyperparameters/features selected only on search partition.,Platt_logistic_on_separate_calibration_partition,0.7730055754643963,0.6511627906976745,0.9176470588235294,0.8888888888888888,0.7516778523489933,0.8284023668639053,0.687960687960688,0.5895812235407831,0.706268167228014,0.784404924760602,0.08235294117647059,0.3684210526315789,56.0,7.0,78.0,30.0,0.8221515448424735,0.8331053351573188,0.17961705708773074,0.554511020158217,0.09664594430142703,0.2013994939104358,1.3994604376559912,2.0,0.391812865497076,0.2607003891050584,0.594186046511628,0.7034883720930233,0.9199999999999999,0.9529411764705882,0.8910714285714285,0.9379487179487179,0.6387499999999999,0.7404560749473481,0.5711844838723336,0.6772062139879029,0.6840391773562741,0.7685179389787967,0.7696531072040661,0.8542633487377101,0.8075649794801641,0.8607797537619699,0.17126908325951093,0.19188830207849053,20260830,2,Europe,263,171,V1-V10_financial_only
PONE2016_h2_target_Europe,20260729,KELM_PBMSBAINGO,cost_5,171,86,0.35376634322236244,"Same-horizon leave-one-region-out transfer; source regions=Asia,North America; target region=Europe; source-only fit/search/calibration; target labels untouched until final evaluation; V1-V10 financial ratios only.",Plain KELM; hyperparameters/features selected only on search partition.,Platt_logistic_on_separate_calibration_partition,0.6895745035136036,0.9186046511627907,0.5176470588235295,0.6583333333333333,0.7669902912621359,0.6978798586572438,0.8512931034482759,0.47678229489281987,0.6097626752457906,0.7181258549931601,0.4823529411764706,0.7017543859649122,79.0,41.0,44.0,7.0,0.8221515448424735,0.8331053351573188,0.17961705708773074,0.554511020158217,0.09664594430142703,0.2013994939104358,1.3994604376559912,5.0,0.4444444444444444,0.14757281553398058,0.886046511627907,0.963953488372093,0.42705882352941177,0.5270588235294118,0.6248317307692308,0.6546551724137931,0.8275299850074963,0.8781779661016949,0.4293402070659119,0.49942877712479716,0.5583927626218328,0.6090996690928075,0.7835185438646904,0.8303331828886272,0.8122298221614226,0.8266484268125855,0.17739495261460422,0.18639940925633008,20260830,2,Europe,263,171,V1-V10_financial_only
PONE2016_h2_target_Europe,20260729,KELM_PBMSBAINGO,cost_10,171,86,0.0,"Same-horizon leave-one-region-out transfer; source regions=Asia,North America; target region=Europe; source-only fit/search/calibration; target labels untouched until final evaluation; V1-V10 financial ratios only.",Plain KELM; hyperparameters/features selected only on search partition.,Platt_logistic_on_separate_calibration_partition,0.0,1.0,0.0,0.5029239766081871,0.669260700389105,0.5584415584415584,0.8349514563106796,0.0,0.0,0.5,1.0,1.0,86.0,85.0,0.0,0.0,0.8221515448424735,0.8331053351573188,0.17961705708773074,0.554511020158217,0.09664594430142703,0.2013994939104358,1.3994604376559912,10.0,0.49707602339181284,0.08994708994708994,1.0,1.0,0.0,0.0,0.5029239766081871,0.5029239766081871,0.8349514563106796,0.8349514563106796,0.0,0.0,0.0,0.0,0.7392856996806113,0.8811905973837537,0.7853625170998633,0.8815321477428181,0.16488329332987525,0.2018987918583171,20260830,2,Europe,263,171,V1-V10_financial_only
PONE2016_h2_target_Europe,20260729,KELM_PBMSBAINGO,cost_20,171,86,0.0,"Same-horizon leave-one-region-out transfer; source regions=Asia,North America; target region=Europe; source-only fit/search/calibration; target labels untouched until final evaluation; V1-V10 financial ratios only.",Plain KELM; hyperparameters/features selected only on search partition.,Platt_logistic_on_separate_calibration_partition,0.0,1.0,0.0,0.5029239766081871,0.669260700389105,0.5584415584415584,0.8349514563106796,0.0,0.0,0.5,1.0,1.0,86.0,85.0,0.0,0.0,0.8221515448424735,0.8331053351573188,0.17961705708773074,0.554511020158217,0.09664594430142703,0.2013994939104358,1.3994604376559912,20.0,0.49707602339181284,0.04709141274238227,1.0,1.0,0.0,0.0,0.5029239766081871,0.5029239766081871,0.8349514563106796,0.8349514563106796,0.0,0.0,0.0,0.0,0.8129927560057681,0.8536643484184783,0.8190424076607388,0.8664021887824898,0.16641515335335544,0.18284532828951838,20260830,2,Europe,263,171,V1-V10_financial_only
PONE2016_h2_target_Europe,20260729,KELM_score_fusion,triad,171,86,0.5820502047232802,"Same-horizon leave-one-region-out transfer; source regions=Asia,North America; target region=Europe; source-only fit/search/calibration; target labels untouched until final evaluation; V1-V10 financial ratios only.",Plain KELM plus HistGB score-level fusion; alpha=1.00 selected only on search partition.,Platt_logistic_on_separate_calibration_partition,0.6740246030573926,0.47674418604651164,0.9529411764705882,0.9111111111111111,0.6259541984732825,0.7706766917293233,0.5269922879177378,0.4878852836777453,0.6051872071437715,0.7148426812585499,0.047058823529411764,0.2631578947368421,41.0,4.0,81.0,45.0,0.8221515448424735,0.8331053351573188,0.18055897679545535,0.5522107745920667,0.10578404052400345,0.22311493537863608,1.5349809357508886,,,,0.386046511627907,0.5441860465116278,0.9305882352941177,0.9764705882352941,0.8757352941176471,0.950383275261324,0.4373934971416007,0.5937640557733085,0.4147251707194112,0.5560948660470555,0.5411419526825502,0.6621750678102201,0.7591013920391234,0.8817665096549052,0.806703146374829,0.8737209302325581,0.16285408915147023,0.19119337170650597,20260832,2,Europe,263,171,V1-V10_financial_only
PONE2016_h2_target_Europe,20260729,KELM_score_fusion,cost_1,171,86,0.47790373315765344,"Same-horizon leave-one-region-out transfer; source regions=Asia,North America; target region=Europe; source-only fit/search/calibration; target labels untouched until final evaluation; V1-V10 financial ratios only.",Plain KELM plus HistGB score-level fusion; alpha=1.00 selected only on search partition.,Platt_logistic_on_separate_calibration_partition,0.7730055754643963,0.6511627906976745,0.9176470588235294,0.8888888888888888,0.7516778523489933,0.8284023668639053,0.687960687960688,0.5895812235407831,0.706268167228014,0.784404924760602,0.08235294117647059,0.3684210526315789,56.0,7.0,78.0,30.0,0.8221515448424735,0.8331053351573188,0.18055897679545535,0.5522107745920667,0.10578404052400345,0.22311493537863608,1.5349809357508886,1.0,0.21637426900584794,0.21637426900584794,0.6406976744186047,0.727906976744186,0.8835294117647059,0.9635294117647059,0.8561323815704088,0.9482671388818619,0.6821026705648233,0.7612095933263816,0.5795831522031416,0.6966840860049841,0.7052038139216845,0.783705932898715,0.7965635945432007,0.8724573455610358,0.8101231190150479,0.8775649794801642,0.1631368468793302,0.18759844265769207,20260832,2,Europe,263,171,V1-V10_financial_only
PONE2016_h2_target_Europe,20260729,KELM_score_fusion,cost_2,171,86,0.47790373315765344,"Same-horizon leave-one-region-out transfer; source regions=Asia,North America; target region=Europe; source-only fit/search/calibration; target labels untouched until final evaluation; V1-V10 financial ratios only.",Plain KELM plus HistGB score-level fusion; alpha=1.00 selected only on search partition.,Platt_logistic_on_separate_calibration_partition,0.7730055754643963,0.6511627906976745,0.9176470588235294,0.8888888888888888,0.7516778523489933,0.8284023668639053,0.687960687960688,0.5895812235407831,0.706268167228014,0.784404924760602,0.08235294117647059,0.3684210526315789,56.0,7.0,78.0,30.0,0.8221515448424735,0.8331053351573188,0.18055897679545535,0.5522107745920667,0.10578404052400345,0.22311493537863608,1.5349809357508886,2.0,0.391812865497076,0.2607003891050584,0.5755813953488372,0.7069767441860465,0.9176470588235294,0.9729411764705882,0.8768939393939394,0.9602813852813853,0.61875,0.7414634146341463,0.529367980946833,0.6656583330863236,0.6558628690847231,0.7609851470531799,0.7622848261983225,0.9024241306587384,0.7891928864569083,0.8953625170998633,0.16002380841957822,0.2013127265068305,20260832,2,Europe,263,171,V1-V10_financial_only
PONE2016_h2_target_Europe,20260729,KELM_score_fusion,cost_5,171,86,0.35958353846239294,"Same-horizon leave-one-region-out transfer; source regions=Asia,North America; target region=Europe; source-only fit/search/calibration; target labels untouched until final evaluation; V1-V10 financial ratios only.",Plain KELM plus HistGB score-level fusion; alpha=1.00 selected only on search partition.,Platt_logistic_on_separate_calibration_partition,0.6895745035136036,0.9186046511627907,0.5176470588235295,0.6583333333333333,0.7669902912621359,0.6978798586572438,0.8512931034482759,0.47678229489281987,0.6097626752457906,0.7181258549931601,0.4823529411764706,0.7017543859649122,79.0,41.0,44.0,7.0,0.8221515448424735,0.8331053351573188,0.18055897679545535,0.5522107745920667,0.10578404052400345,0.22311493537863608,1.5349809357508886,5.0,0.4444444444444444,0.14757281553398058,0.9069767441860465,0.9767441860465116,0.4623529411764706,0.5411764705882353,0.6476401564537158,0.6765840220385675,0.8443389582218215,0.8911553656373458,0.47282059534415166,0.5432216055161635,0.6097880741600663,0.6530117929721168,0.7970020237398502,0.8729707934057757,0.8273597811217511,0.8837482900136799,0.16477939200575412,0.18469199154789237,20260832,2,Europe,263,171,V1-V10_financial_only
PONE2016_h2_target_Europe,20260729,KELM_score_fusion,cost_10,171,86,0.0,"Same-horizon leave-one-region-out transfer; source regions=Asia,North America; target region=Europe; source-only fit/search/calibration; target labels untouched until final evaluation; V1-V10 financial ratios only.",Plain KELM plus HistGB score-level fusion; alpha=1.00 selected only on search partition.,Platt_logistic_on_separate_calibration_partition,0.0,1.0,0.0,0.5029239766081871,0.669260700389105,0.5584415584415584,0.8349514563106796,0.0,0.0,0.5,1.0,1.0,86.0,85.0,0.0,0.0,0.8221515448424735,0.8331053351573188,0.18055897679545535,0.5522107745920667,0.10578404052400345,0.22311493537863608,1.5349809357508886,10.0,0.49707602339181284,0.08994708994708994,1.0,1.0,0.0,0.0,0.5029239766081871,0.5029239766081871,0.8349514563106796,0.8349514563106796,0.0,0.0,0.0,0.0,0.7820869680357057,0.8965820359157713,0.7986046511627907,0.88812585499316,0.16445002892934427,0.19243124179881652,20260832,2,Europe,263,171,V1-V10_financial_only
PONE2016_h2_target_Europe,20260729,KELM_score_fusion,cost_20,171,86,0.0,"Same-horizon leave-one-region-out transfer; source regions=Asia,North America; target region=Europe; source-only fit/search/calibration; target labels untouched until final evaluation; V1-V10 financial ratios only.",Plain KELM plus HistGB score-level fusion; alpha=1.00 selected only on search partition.,Platt_logistic_on_separate_calibration_partition,0.0,1.0,0.0,0.5029239766081871,0.669260700389105,0.5584415584415584,0.8349514563106796,0.0,0.0,0.5,1.0,1.0,86.0,85.0,0.0,0.0,0.8221515448424735,0.8331053351573188,0.18055897679545535,0.5522107745920667,0.10578404052400345,0.22311493537863608,1.5349809357508886,20.0,0.49707602339181284,0.04709141274238227,1.0,1.0,0.0,0.0,0.5029239766081871,0.5029239766081871,0.8349514563106796,0.8349514563106796,0.0,0.0,0.0,0.0,0.8168428695668168,0.8778923698313016,0.7986456908344733,0.8591928864569084,0.17012654916929973,0.18973026393204037,20260832,2,Europe,263,171,V1-V10_financial_only
PONE2016_h2_target_Europe,20260729,KELM_risk_feature,triad,171,86,0.6918599074054623,"Same-horizon leave-one-region-out transfer; source regions=Asia,North America; target region=Europe; source-only fit/search/calibration; target labels untouched until final evaluation; V1-V10 financial ratios only.",OOF HistGB risk is a forced KELM input; no score-level fusion.,Platt_logistic_on_separate_calibration_partition,0.7064293366365377,0.5581395348837209,0.8941176470588236,0.8421052631578947,0.6713286713286714,0.7643312101910829,0.5985037406483791,0.4796829778446658,0.6209127625607045,0.7261285909712722,0.10588235294117647,0.3333333333333333,48.0,9.0,76.0,38.0,0.829302827532096,0.8054719562243502,0.19071883823943642,0.5785937330133262,0.11247334928673978,0.08697624155795197,0.5584221702852131,,,,0.5255813953488373,0.6476744186046512,0.871764705882353,0.9376470588235294,0.8056704260651629,0.9019795855242808,0.5648534912718205,0.6800662451068955,0.42313114687491765,0.5476538655037921,0.578747847241931,0.6795148198916106,0.8132747635492554,0.8801576102033595,0.7967305061559508,0.8622982216142271,0.15466300150407508,0.19658201622459853,20260940,2,Europe,263,171,V1-V10_financial_only
PONE2016_h2_target_Europe,20260729,KELM_risk_feature,cost_1,171,86,0.6662314148721092,"Same-horizon leave-one-region-out transfer; source regions=Asia,North America; target region=Europe; source-only fit/search/calibration; target labels untouched until final evaluation; V1-V10 financial ratios only.",OOF HistGB risk is a forced KELM input; no score-level fusion.,Platt_logistic_on_separate_calibration_partition,0.7209964225384683,0.5813953488372093,0.8941176470588236,0.847457627118644,0.6896551724137931,0.7763975155279503,0.6203473945409429,0.5001336343414103,0.6382401101727299,0.7377564979480165,0.10588235294117647,0.34502923976608185,50.0,9.0,76.0,36.0,0.829302827532096,0.8054719562243502,0.19071883823943642,0.5785937330133262,0.11247334928673978,0.08697624155795197,0.5584221702852131,1.0,0.2631578947368421,0.2631578947368421,0.4848837209302326,0.613953488372093,0.86,0.9270588235294118,0.81374185136897,0.8715470609448251,0.5314203575485648,0.6464050185952545,0.4513208741386669,0.5212006052453183,0.5879669089270839,0.6538604210271589,0.7939210016465672,0.8636436260913296,0.7542134062927497,0.8458549931600546,0.16940922024647664,0.21908856660565953,20260940,2,Europe,263,171,V1-V10_financial_only
PONE2016_h2_target_Europe,20260729,KELM_risk_feature,cost_2,171,86,0.6662314148721092,"Same-horizon leave-one-region-out transfer; source regions=Asia,North America; target region=Europe; source-only fit/search/calibration; target labels untouched until final evaluation; V1-V10 financial ratios only.",OOF HistGB risk is a forced KELM input; no score-level fusion.,Platt_logistic_on_separate_calibration_partition,0.7209964225384683,0.5813953488372093,0.8941176470588236,0.847457627118644,0.6896551724137931,0.7763975155279503,0.6203473945409429,0.5001336343414103,0.6382401101727299,0.7377564979480165,0.10588235294117647,0.34502923976608185,50.0,9.0,76.0,36.0,0.829302827532096,0.8054719562243502,0.19071883823943642,0.5785937330133262,0.11247334928673978,0.08697624155795197,0.5584221702852131,2.0,0.47368421052631576,0.3151750972762646,0.5244186046511629,0.6383720930232558,0.8411764705882353,0.9294117647058824,0.8031055900621118,0.895131845841785,0.5705927366642222,0.6656126740872503,0.4844503824830354,0.5617307244248708,0.6216057746689113,0.680862022262209,0.7981605407285356,0.8703800959930029,0.77374829001368,0.8658549931600548,0.1634610886285349,0.20604370729176116,20260940,2,Europe,263,171,V1-V10_financial_only
PONE2016_h2_target_Europe,20260729,KELM_risk_feature,cost_5,171,86,0.08461070867011032,"Same-horizon leave-one-region-out transfer; source regions=Asia,North America; target region=Europe; source-only fit/search/calibration; target labels untouched until final evaluation; V1-V10 financial ratios only.",OOF HistGB risk is a forced KELM input; no score-level fusion.,Platt_logistic_on_separate_calibration_partition,0.5860904810552583,0.9418604651162791,0.36470588235294116,0.6,0.7330316742081447,0.646964856230032,0.8455114822546973,0.3759802509584873,0.5054731867939679,0.6532831737346101,0.6352941176470588,0.7894736842105263,81.0,54.0,31.0,5.0,0.829302827532096,0.8054719562243502,0.19071883823943642,0.5785937330133262,0.11247334928673978,0.08697624155795197,0.5584221702852131,5.0,0.4619883040935672,0.1533980582524272,0.8976744186046512,0.9732558139534884,0.33294117647058824,0.4623529411764706,0.5876593658058189,0.6373138686131387,0.815367363853542,0.8711506323446623,0.33053078966205507,0.4509890184444086,0.4752921029908603,0.5790119040402257,0.7964216079969256,0.8521476189007333,0.7563337893296854,0.8331326949384404,0.17229718190928572,0.2247309544031052,20260940,2,Europe,263,171,V1-V10_financial_only
PONE2016_h2_target_Europe,20260729,KELM_risk_feature,cost_10,171,86,0.08461070867011032,"Same-horizon leave-one-region-out transfer; source regions=Asia,North America; target region=Europe; source-only fit/search/calibration; target labels untouched until final evaluation; V1-V10 financial ratios only.",OOF HistGB risk is a forced KELM input; no score-level fusion.,Platt_logistic_on_separate_calibration_partition,0.5860904810552583,0.9418604651162791,0.36470588235294116,0.6,0.7330316742081447,0.646964856230032,0.8455114822546973,0.3759802509584873,0.5054731867939679,0.6532831737346101,0.6352941176470588,0.7894736842105263,81.0,54.0,31.0,5.0,0.829302827532096,0.8054719562243502,0.19071883823943642,0.5785937330133262,0.11247334928673978,0.08697624155795197,0.5584221702852131,10.0,0.6081871345029239,0.11005291005291006,0.9430232558139535,0.9651162790697675,0.36588235294117644,0.43411764705882355,0.6030948200175592,0.6305710955710956,0.8479689679218968,0.8711617558415772,0.38730986836638215,0.46233818306331786,0.515593547664734,0.5741520947029379,0.8178022270792952,0.8720815653056682,0.788563611491108,0.8557865937072503,0.16196251740691142,0.20512134333252466,20260940,2,Europe,263,171,V1-V10_financial_only
PONE2016_h2_target_Europe,20260729,KELM_risk_feature,cost_20,171,86,0.08461070867011032,"Same-horizon leave-one-region-out transfer; source regions=Asia,North America; target region=Europe; source-only fit/search/calibration; target labels untouched until final evaluation; V1-V10 financial ratios only.",OOF HistGB risk is a forced KELM input; no score-level fusion.,Platt_logistic_on_separate_calibration_partition,0.5860904810552583,0.9418604651162791,0.36470588235294116,0.6,0.7330316742081447,0.646964856230032,0.8455114822546973,0.3759802509584873,0.5054731867939679,0.6532831737346101,0.6352941176470588,0.7894736842105263,81.0,54.0,31.0,5.0,0.829302827532096,0.8054719562243502,0.19071883823943642,0.5785937330133262,0.11247334928673978,0.08697624155795197,0.5584221702852131,20.0,0.9005847953216374,0.0853185595567867,0.9418604651162791,0.9860465116279069,0.32235294117647056,0.4776470588235294,0.5850443732605157,0.649624060150376,0.8395640454705262,0.8891208350060217,0.3391108291786897,0.5080593713310604,0.46964449901609384,0.6097962598257075,0.8029458074441711,0.8623647738489577,0.776279069767442,0.8478112175102598,0.17137788411130517,0.2146689980569998,20260940,2,Europe,263,171,V1-V10_financial_only
PONE2016_h2_target_Europe,20260729,Full_PBMSBAINGO,triad,171,86,0.7125716876019014,"Same-horizon leave-one-region-out transfer; source regions=Asia,North America; target region=Europe; source-only fit/search/calibration; target labels untouched until final evaluation; V1-V10 financial ratios only.",Risk feature plus score fusion; alpha=0.70 selected only on search partition.,Platt_logistic_on_separate_calibration_partition,0.6749372975893054,0.5232558139534884,0.8705882352941177,0.8035714285714286,0.6338028169014085,0.7258064516129032,0.5625,0.4196044088237464,0.5760439677158545,0.696922024623803,0.12941176470588237,0.32748538011695905,45.0,11.0,74.0,41.0,0.7524956013213486,0.7834473324213406,0.1932932791084779,0.5709188099170235,0.10198806724699577,0.15446394831733762,0.8079800109060908,,,,0.38488372093023254,0.6116279069767442,0.851764705882353,0.9058823529411765,0.7881967213114754,0.8664499717354437,0.42943037974683546,0.6498341625207297,0.33778205310852405,0.5394974004592961,0.4905746302724904,0.6682917756573182,0.7350371344602616,0.8419225458468035,0.7532147742818057,0.8337756497948016,0.16639066120200077,0.20539386273434423,20261036,2,Europe,263,171,V1-V10_financial_only
PONE2016_h2_target_Europe,20260729,Full_PBMSBAINGO,cost_1,171,86,0.705454762611918,"Same-horizon leave-one-region-out transfer; source regions=Asia,North America; target region=Europe; source-only fit/search/calibration; target labels untouched until final evaluation; V1-V10 financial ratios only.",Risk feature plus score fusion; alpha=0.70 selected only on search partition.,Platt_logistic_on_separate_calibration_partition,0.6749372975893054,0.5232558139534884,0.8705882352941177,0.8035714285714286,0.6338028169014085,0.7258064516129032,0.5625,0.4196044088237464,0.5760439677158545,0.696922024623803,0.12941176470588237,0.32748538011695905,45.0,11.0,74.0,41.0,0.7524956013213486,0.7834473324213406,0.1932932791084779,0.5709188099170235,0.10198806724699577,0.15446394831733762,0.8079800109060908,1.0,0.30409356725146197,0.30409356725146197,0.4883720930232558,0.5441860465116278,0.78,0.9035294117647059,0.6930054644808743,0.8449201741654572,0.5196969696969697,0.5776110235634252,0.28266777709914703,0.4578540349412707,0.4763682779691429,0.5990345471399652,0.6984379257774384,0.7928657479932547,0.6937619699042408,0.7924350205198358,0.1859238269545762,0.23857412524000526,20261036,2,Europe,263,171,V1-V10_financial_only
PONE2016_h2_target_Europe,20260729,Full_PBMSBAINGO,cost_2,171,86,0.26186725533582483,"Same-horizon leave-one-region-out transfer; source regions=Asia,North America; target region=Europe; source-only fit/search/calibration; target labels untouched until final evaluation; V1-V10 financial ratios only.",Risk feature plus score fusion; alpha=0.70 selected only on search partition.,Platt_logistic_on_separate_calibration_partition,0.6583152231025319,0.8372093023255814,0.5176470588235295,0.6371681415929203,0.7236180904522613,0.6691449814126395,0.787746170678337,0.3747641717669362,0.5456011623882607,0.6774281805745554,0.4823529411764706,0.6608187134502924,72.0,41.0,44.0,14.0,0.7524956013213486,0.7834473324213406,0.1932932791084779,0.5709188099170235,0.10198806724699577,0.15446394831733762,0.8079800109060908,2.0,0.40350877192982454,0.26848249027237353,0.791860465116279,0.8918604651162791,0.4588235294117647,0.5811764705882353,0.602276681037743,0.6737364470391993,0.7455754345038992,0.8236477256075367,0.27894175622672907,0.4594087373273613,0.4701911003863265,0.6108407869580874,0.7109703109623055,0.8260463883200143,0.7393160054719562,0.8349247606019151,0.167849824144159,0.22190002422801844,20261036,2,Europe,263,171,V1-V10_financial_only
PONE2016_h2_target_Europe,20260729,Full_PBMSBAINGO,cost_5,171,86,0.26186725533582483,"Same-horizon leave-one-region-out transfer; source regions=Asia,North America; target region=Europe; source-only fit/search/calibration; target labels untouched until final evaluation; V1-V10 financial ratios only.",Risk feature plus score fusion; alpha=0.70 selected only on search partition.,Platt_logistic_on_separate_calibration_partition,0.6583152231025319,0.8372093023255814,0.5176470588235295,0.6371681415929203,0.7236180904522613,0.6691449814126395,0.787746170678337,0.3747641717669362,0.5456011623882607,0.6774281805745554,0.4823529411764706,0.6608187134502924,72.0,41.0,44.0,14.0,0.7524956013213486,0.7834473324213406,0.1932932791084779,0.5709188099170235,0.10198806724699577,0.15446394831733762,0.8079800109060908,5.0,0.6491228070175439,0.21553398058252426,0.7941860465116278,0.8895348837209303,0.44,0.5870588235294117,0.6020689655172413,0.6841346153846154,0.760621921182266,0.8382348669687464,0.30224478327670806,0.4971282230505089,0.48099878378761196,0.6366025193808965,0.7042734752253195,0.8428802042658903,0.7544733242134063,0.8294664842681259,0.16882882295731344,0.20451420520982108,20261036,2,Europe,263,171,V1-V10_financial_only
PONE2016_h2_target_Europe,20260729,Full_PBMSBAINGO,cost_10,171,86,0.26186725533582483,"Same-horizon leave-one-region-out transfer; source regions=Asia,North America; target region=Europe; source-only fit/search/calibration; target labels untouched until final evaluation; V1-V10 financial ratios only.",Risk feature plus score fusion; alpha=0.70 selected only on search partition.,Platt_logistic_on_separate_calibration_partition,0.6583152231025319,0.8372093023255814,0.5176470588235295,0.6371681415929203,0.7236180904522613,0.6691449814126395,0.787746170678337,0.3747641717669362,0.5456011623882607,0.6774281805745554,0.4823529411764706,0.6608187134502924,72.0,41.0,44.0,14.0,0.7524956013213486,0.7834473324213406,0.1932932791084779,0.5709188099170235,0.10198806724699577,0.15446394831733762,0.8079800109060908,10.0,1.0584795321637428,0.19153439153439153,0.7697674418604652,0.8895348837209303,0.4223529411764706,0.5752941176470587,0.581501210653753,0.673609022556391,0.7350630067779289,0.835324835408445,0.2286968496583832,0.47806234059419744,0.4240092963474873,0.6209248545812543,0.734665920666683,0.8418488822645029,0.7576060191518468,0.8464432284541723,0.15989643431962303,0.20284522041900965,20261036,2,Europe,263,171,V1-V10_financial_only
PONE2016_h2_target_Europe,20260729,Full_PBMSBAINGO,cost_20,171,86,0.08853865865712442,"Same-horizon leave-one-region-out transfer; source regions=Asia,North America; target region=Europe; source-only fit/search/calibration; target labels untouched until final evaluation; V1-V10 financial ratios only.",Risk feature plus score fusion; alpha=0.70 selected only on search partition.,Platt_logistic_on_separate_calibration_partition,0.24253562503633297,1.0,0.058823529411764705,0.5180722891566265,0.6825396825396826,0.5733333333333334,0.8431372549019608,0.1745704457765549,0.21735715111420992,0.5294117647058824,0.9411764705882353,0.9707602339181286,86.0,80.0,5.0,0.0,0.7524956013213486,0.7834473324213406,0.1932932791084779,0.5709188099170235,0.10198806724699577,0.15446394831733762,0.8079800109060908,20.0,0.4678362573099415,0.0443213296398892,1.0,1.0,0.027058823529411764,0.07058823529411765,0.5097953945961361,0.5212121212121212,0.8386996904024767,0.8447937131630648,0.11593837742958422,0.19181095862923833,0.14508879634312588,0.2383427322057134,0.7252351735771212,0.7975784171655865,0.7469493844049248,0.8102051983584131,0.18258057031429917,0.2143874717110035,20261036,2,Europe,263,171,V1-V10_financial_only
PONE2016_h2_target_Europe,20260729,Uncertainty_gated_fusion,triad,171,86,0.6918599074054623,"Same-horizon leave-one-region-out transfer; source regions=Asia,North America; target region=Europe; source-only fit/search/calibration; target labels untouched until final evaluation; V1-V10 financial ratios only.","One-standard-error paired-bootstrap gate selected KELM_risk_feature; search utility difference=-0.0093, required margin=0.0274.",Platt_logistic_on_separate_calibration_partition,0.7064293366365377,0.5581395348837209,0.8941176470588236,0.8421052631578947,0.6713286713286714,0.7643312101910829,0.5985037406483791,0.4796829778446658,0.6209127625607045,0.7261285909712722,0.10588235294117647,0.3333333333333333,48.0,9.0,76.0,38.0,0.829302827532096,0.8054719562243502,0.19071883823943642,0.5785937330133262,0.11247334928673978,0.08697624155795197,0.5584221702852131,,,,0.49186046511627907,0.6127906976744186,0.8623529411764705,0.9176470588235294,0.7928792569659443,0.882719298245614,0.5345907383440134,0.6526906743043381,0.40652702036474886,0.5563676825739765,0.5668659939995047,0.6788433596636484,0.7957734839770906,0.8635489756213497,0.7633789329685362,0.8332694938440492,0.17237545718702482,0.21599115713573103,20261082,2,Europe,263,171,V1-V10_financial_only
PONE2016_h2_target_Europe,20260729,Uncertainty_gated_fusion,cost_1,171,86,0.6662314148721092,"Same-horizon leave-one-region-out transfer; source regions=Asia,North America; target region=Europe; source-only fit/search/calibration; target labels untouched until final evaluation; V1-V10 financial ratios only.","One-standard-error paired-bootstrap gate selected KELM_risk_feature; search utility difference=-0.0093, required margin=0.0274.",Platt_logistic_on_separate_calibration_partition,0.7209964225384683,0.5813953488372093,0.8941176470588236,0.847457627118644,0.6896551724137931,0.7763975155279503,0.6203473945409429,0.5001336343414103,0.6382401101727299,0.7377564979480165,0.10588235294117647,0.34502923976608185,50.0,9.0,76.0,36.0,0.829302827532096,0.8054719562243502,0.19071883823943642,0.5785937330133262,0.11247334928673978,0.08697624155795197,0.5584221702852131,1.0,0.2631578947368421,0.2631578947368421,0.4569767441860465,0.6232558139534884,0.831764705882353,0.9294117647058824,0.7763076923076924,0.8870967741935484,0.5044563047251184,0.6596468618642128,0.4187123736631651,0.552088715245892,0.5688554282675824,0.677670026641974,0.7892573769523618,0.8320100691972926,0.7549110807113544,0.8215458276333789,0.17742212904968654,0.22958915317203515,20261082,2,Europe,263,171,V1-V10_financial_only
PONE2016_h2_target_Europe,20260729,Uncertainty_gated_fusion,cost_2,171,86,0.6662314148721092,"Same-horizon leave-one-region-out transfer; source regions=Asia,North America; target region=Europe; source-only fit/search/calibration; target labels untouched until final evaluation; V1-V10 financial ratios only.","One-standard-error paired-bootstrap gate selected KELM_risk_feature; search utility difference=-0.0093, required margin=0.0274.",Platt_logistic_on_separate_calibration_partition,0.7209964225384683,0.5813953488372093,0.8941176470588236,0.847457627118644,0.6896551724137931,0.7763975155279503,0.6203473945409429,0.5001336343414103,0.6382401101727299,0.7377564979480165,0.10588235294117647,0.34502923976608185,50.0,9.0,76.0,36.0,0.829302827532096,0.8054719562243502,0.19071883823943642,0.5785937330133262,0.11247334928673978,0.08697624155795197,0.5584221702852131,2.0,0.47368421052631576,0.3151750972762646,0.5069767441860465,0.6581395348837209,0.8588235294117647,0.8929411764705882,0.7969945355191257,0.8613997113997114,0.5466747316831069,0.690720321208126,0.403493453255578,0.5664600861986389,0.5622516175032635,0.6930186345391373,0.7874643690869915,0.8489322871877737,0.7786456908344733,0.835170998632011,0.16891252641508453,0.20911441450736246,20261082,2,Europe,263,171,V1-V10_financial_only
PONE2016_h2_target_Europe,20260729,Uncertainty_gated_fusion,cost_5,171,86,0.08461070867011032,"Same-horizon leave-one-region-out transfer; source regions=Asia,North America; target region=Europe; source-only fit/search/calibration; target labels untouched until final evaluation; V1-V10 financial ratios only.","One-standard-error paired-bootstrap gate selected KELM_risk_feature; search utility difference=-0.0093, required margin=0.0274.",Platt_logistic_on_separate_calibration_partition,0.5860904810552583,0.9418604651162791,0.36470588235294116,0.6,0.7330316742081447,0.646964856230032,0.8455114822546973,0.3759802509584873,0.5054731867939679,0.6532831737346101,0.6352941176470588,0.7894736842105263,81.0,54.0,31.0,5.0,0.829302827532096,0.8054719562243502,0.19071883823943642,0.5785937330133262,0.11247334928673978,0.08697624155795197,0.5584221702852131,5.0,0.4619883040935672,0.1533980582524272,0.9186046511627907,0.9767441860465116,0.2752941176470588,0.39882352941176474,0.5766734674050326,0.6203053435114504,0.8300066342326404,0.8748583358186698,0.35018021085848766,0.4530148472270686,0.45552157985188557,0.5592096315918936,0.8124727427234832,0.8673534413371825,0.7905745554035568,0.8551299589603283,0.15689024329828044,0.19662884957959617,20261082,2,Europe,263,171,V1-V10_financial_only
PONE2016_h2_target_Europe,20260729,Uncertainty_gated_fusion,cost_10,171,86,0.08461070867011032,"Same-horizon leave-one-region-out transfer; source regions=Asia,North America; target region=Europe; source-only fit/search/calibration; target labels untouched until final evaluation; V1-V10 financial ratios only.","One-standard-error paired-bootstrap gate selected KELM_risk_feature; search utility difference=-0.0093, required margin=0.0274.",Platt_logistic_on_separate_calibration_partition,0.5860904810552583,0.9418604651162791,0.36470588235294116,0.6,0.7330316742081447,0.646964856230032,0.8455114822546973,0.3759802509584873,0.5054731867939679,0.6532831737346101,0.6352941176470588,0.7894736842105263,81.0,54.0,31.0,5.0,0.829302827532096,0.8054719562243502,0.19071883823943642,0.5785937330133262,0.11247334928673978,0.08697624155795197,0.5584221702852131,10.0,0.6081871345029239,0.11005291005291006,0.9313953488372093,0.9860465116279069,0.36470588235294116,0.41058823529411764,0.6005839416058394,0.6286069651741294,0.8408536692338731,0.8853587058114447,0.3763316349959037,0.485997517917768,0.5064840019387721,0.5815974711148353,0.7862774056347257,0.8594422579408882,0.7936662106703145,0.8366347469220247,0.1722512089719421,0.19935410280159163,20261082,2,Europe,263,171,V1-V10_financial_only
PONE2016_h2_target_Europe,20260729,Uncertainty_gated_fusion,cost_20,171,86,0.08461070867011032,"Same-horizon leave-one-region-out transfer; source regions=Asia,North America; target region=Europe; source-only fit/search/calibration; target labels untouched until final evaluation; V1-V10 financial ratios only.","One-standard-error paired-bootstrap gate selected KELM_risk_feature; search utility difference=-0.0093, required margin=0.0274.",Platt_logistic_on_separate_calibration_partition,0.5860904810552583,0.9418604651162791,0.36470588235294116,0.6,0.7330316742081447,0.646964856230032,0.8455114822546973,0.3759802509584873,0.5054731867939679,0.6532831737346101,0.6352941176470588,0.7894736842105263,81.0,54.0,31.0,5.0,0.829302827532096,0.8054719562243502,0.19071883823943642,0.5785937330133262,0.11247334928673978,0.08697624155795197,0.5584221702852131,20.0,0.9005847953216374,0.0853185595567867,0.9313953488372093,0.9732558139534884,0.32,0.42823529411764705,0.5808632180260235,0.6327272727272727,0.8310875510045634,0.8786687952842932,0.31810473545317275,0.47949346443629154,0.4559429885919272,0.5844425688392587,0.8173216863412501,0.8645930242574018,0.7898632010943912,0.8499179206566346,0.1627729346078327,0.2079903063713863,20261082,2,Europe,263,171,V1-V10_financial_only
PONE2016_h2_target_Europe,20260729,Full_random_search,triad,171,86,0.7156517157331955,"Same-horizon leave-one-region-out transfer; source regions=Asia,North America; target region=Europe; source-only fit/search/calibration; target labels untouched until final evaluation; V1-V10 financial ratios only.",Same full architecture and 81 evaluations as PBMSBAINGO; alpha=0.70.,Platt_logistic_on_separate_calibration_partition,0.6694424656191761,0.4883720930232558,0.9176470588235294,0.8571428571428571,0.6222222222222222,0.7446808510638298,0.5343511450381679,0.4489802658659349,0.5859824235721398,0.7030095759233925,0.08235294117647059,0.28654970760233917,42.0,7.0,78.0,44.0,0.7954354412033264,0.7714090287277702,0.19632336760463798,0.5745669046003627,0.0934535427893896,0.15128660347055314,0.7989345804683675,,,,0.4232558139534884,0.5581395348837209,0.8729411764705882,0.9294117647058824,0.8042105263157895,0.8857142857142857,0.4708400143116494,0.6025639419040338,0.4047283201957376,0.5199571111755537,0.5424968555543958,0.645253287856728,0.7656600995961389,0.8118557044906597,0.7561012311901505,0.8009575923392612,0.18201175585253307,0.21212272930667728,20261130,2,Europe,263,171,V1-V10_financial_only
PONE2016_h2_target_Europe,20260729,Full_random_search,cost_1,171,86,0.7160363892708624,"Same-horizon leave-one-region-out transfer; source regions=Asia,North America; target region=Europe; source-only fit/search/calibration; target labels untouched until final evaluation; V1-V10 financial ratios only.",Same full architecture and 81 evaluations as PBMSBAINGO; alpha=0.70.,Platt_logistic_on_separate_calibration_partition,0.6694424656191761,0.4883720930232558,0.9176470588235294,0.8571428571428571,0.6222222222222222,0.7446808510638298,0.5343511450381679,0.4489802658659349,0.5859824235721398,0.7030095759233925,0.08235294117647059,0.28654970760233917,42.0,7.0,78.0,44.0,0.7954354412033264,0.7714090287277702,0.19632336760463798,0.5745669046003627,0.0934535427893896,0.15128660347055314,0.7989345804683675,1.0,0.2982456140350877,0.2982456140350877,0.3802325581395349,0.563953488372093,0.8858823529411765,0.94,0.7719887955182072,0.9041666666666667,0.423185529523023,0.609716303034158,0.30947363271852696,0.541550477943935,0.47037209247057765,0.6593271269206932,0.6998578526701079,0.8279765572479956,0.6978112175102599,0.8119562243502051,0.1713840015888568,0.2374062927573917,20261130,2,Europe,263,171,V1-V10_financial_only
PONE2016_h2_target_Europe,20260729,Full_random_search,cost_2,171,86,0.3164987865821089,"Same-horizon leave-one-region-out transfer; source regions=Asia,North America; target region=Europe; source-only fit/search/calibration; target labels untouched until final evaluation; V1-V10 financial ratios only.",Same full architecture and 81 evaluations as PBMSBAINGO; alpha=0.70.,Platt_logistic_on_separate_calibration_partition,0.7013764071945131,0.7209302325581395,0.6823529411764706,0.6966292134831461,0.7085714285714285,0.7013574660633484,0.7159353348729792,0.4036145940127617,0.5833865189354059,0.701641586867305,0.3176470588235294,0.52046783625731,62.0,27.0,58.0,24.0,0.7954354412033264,0.7714090287277702,0.19632336760463798,0.5745669046003627,0.0934535427893896,0.15128660347055314,0.7989345804683675,2.0,0.43859649122807015,0.2918287937743191,0.7093023255813954,0.822093023255814,0.6364705882352941,0.7047058823529412,0.6637720974677496,0.7367361111111111,0.6997020984920383,0.8034090909090909,0.3467410759992353,0.5284369632652572,0.5389330068626437,0.6731631114028486,0.7883703648640574,0.8550632460017508,0.7640082079343365,0.8353214774281805,0.16653756183981927,0.20767944467480962,20261130,2,Europe,263,171,V1-V10_financial_only
PONE2016_h2_target_Europe,20260729,Full_random_search,cost_5,171,86,0.18152185794881104,"Same-horizon leave-one-region-out transfer; source regions=Asia,North America; target region=Europe; source-only fit/search/calibration; target labels untouched until final evaluation; V1-V10 financial ratios only.",Same full architecture and 81 evaluations as PBMSBAINGO; alpha=0.70.,Platt_logistic_on_separate_calibration_partition,0.3818738448479196,0.9534883720930233,0.15294117647058825,0.5324675324675324,0.6833333333333333,0.584045584045584,0.8232931726907631,0.17784271810914795,0.29600017765212494,0.5532147742818058,0.8470588235294118,0.9005847953216374,82.0,72.0,13.0,4.0,0.7954354412033264,0.7714090287277702,0.19632336760463798,0.5745669046003627,0.0934535427893896,0.15128660347055314,0.7989345804683675,5.0,0.5380116959064327,0.1786407766990291,0.9337209302325581,0.9883720930232558,0.15411764705882353,0.2223529411764706,0.530667345899134,0.5619558498896247,0.8112727272727273,0.85806863818912,0.15585657755181917,0.32622063447209043,0.28704324091651034,0.4139038863448785,0.773502570373279,0.867301558573571,0.7263064295485636,0.8489740082079343,0.1581333995208101,0.22319692545817604,20261130,2,Europe,263,171,V1-V10_financial_only
PONE2016_h2_target_Europe,20260729,Full_random_search,cost_10,171,86,0.18152185794881104,"Same-horizon leave-one-region-out transfer; source regions=Asia,North America; target region=Europe; source-only fit/search/calibration; target labels untouched until final evaluation; V1-V10 financial ratios only.",Same full architecture and 81 evaluations as PBMSBAINGO; alpha=0.70.,Platt_logistic_on_separate_calibration_partition,0.3818738448479196,0.9534883720930233,0.15294117647058825,0.5324675324675324,0.6833333333333333,0.584045584045584,0.8232931726907631,0.17784271810914795,0.29600017765212494,0.5532147742818058,0.8470588235294118,0.9005847953216374,82.0,72.0,13.0,4.0,0.7954354412033264,0.7714090287277702,0.19632336760463798,0.5745669046003627,0.0934535427893896,0.15128660347055314,0.7989345804683675,10.0,0.6549707602339181,0.11851851851851852,0.9197674418604651,0.9744186046511627,0.13176470588235295,0.20705882352941177,0.5198503483271695,0.5467611159546643,0.7985031033223805,0.8400099998790337,0.10082970075854922,0.24107657720909578,0.23104417369350402,0.3538199667925926,0.7624227227058942,0.8123214712769549,0.7348426812585499,0.7767305061559507,0.19455824466990704,0.21705611960496496,20261130,2,Europe,263,171,V1-V10_financial_only
PONE2016_h2_target_Europe,20260729,Full_random_search,cost_20,171,86,0.18152185794881104,"Same-horizon leave-one-region-out transfer; source regions=Asia,North America; target region=Europe; source-only fit/search/calibration; target labels untouched until final evaluation; V1-V10 financial ratios only.",Same full architecture and 81 evaluations as PBMSBAINGO; alpha=0.70.,Platt_logistic_on_separate_calibration_partition,0.3818738448479196,0.9534883720930233,0.15294117647058825,0.5324675324675324,0.6833333333333333,0.584045584045584,0.8232931726907631,0.17784271810914795,0.29600017765212494,0.5532147742818058,0.8470588235294118,0.9005847953216374,82.0,72.0,13.0,4.0,0.7954354412033264,0.7714090287277702,0.19632336760463798,0.5745669046003627,0.0934535427893896,0.15128660347055314,0.7989345804683675,20.0,0.8888888888888888,0.08421052631578947,0.9081395348837209,0.9755813953488371,0.10705882352941176,0.21882352941176472,0.5104158860996628,0.5453918495297805,0.7870145206618031,0.8418704759156387,0.04481226892231923,0.2502101694342091,0.16668565899263169,0.35242327630986175,0.7348944259804961,0.8367750814172196,0.7097674418604651,0.8066757865937072,0.1840914678940525,0.22431886723198485,20261130,2,Europe,263,171,V1-V10_financial_only
PONE2016_h2_target_Europe,20260729,Balanced_logistic,triad,171,86,0.6598385431725452,"Same-horizon leave-one-region-out transfer; source regions=Asia,North America; target region=Europe; source-only fit/search/calibration; target labels untouched until final evaluation; V1-V10 financial ratios only.",Class-weighted logistic reference using the same source-only fit/search/calibration and untouched regional target.,Platt_logistic_on_separate_calibration_partition,0.6533089510325999,0.45348837209302323,0.9411764705882353,0.8863636363636364,0.6,0.7442748091603053,0.5025773195876289,0.45139727218926845,0.5775621385313132,0.6973324213406292,0.058823529411764705,0.2573099415204678,39.0,5.0,80.0,47.0,0.7869736092025974,0.8034199726402189,0.18427615164326513,0.6119615702880244,0.1017070533224419,0.15765545425553973,0.5700643957449046,,,,0.40813953488372096,0.5313953488372093,0.9188235294117647,0.9623529411764706,0.8686320754716982,0.9185741088180113,0.45690949675324677,0.5761179584799483,0.4122228928431524,0.48780680494135253,0.5410044866894956,0.6198387500562562,0.7658745761568406,0.8590208971948994,0.780875512995896,0.8580984952120383,0.1619300462030081,0.1933145972942532,20262030,2,Europe,263,171,V1-V10_financial_only
PONE2016_h2_target_Europe,20260729,Balanced_logistic,cost_1,171,86,0.5550880261998463,"Same-horizon leave-one-region-out transfer; source regions=Asia,North America; target region=Europe; source-only fit/search/calibration; target labels untouched until final evaluation; V1-V10 financial ratios only.",Class-weighted logistic reference using the same source-only fit/search/calibration and untouched regional target.,Platt_logistic_on_separate_calibration_partition,0.7064293366365377,0.5581395348837209,0.8941176470588236,0.8421052631578947,0.6713286713286714,0.7643312101910829,0.5985037406483791,0.4796829778446658,0.6209127625607045,0.7261285909712722,0.10588235294117647,0.3333333333333333,48.0,9.0,76.0,38.0,0.7869736092025974,0.8034199726402189,0.18427615164326513,0.6119615702880244,0.1017070533224419,0.15765545425553973,0.5700643957449046,1.0,0.27485380116959063,0.27485380116959063,0.5116279069767442,0.6546511627906977,0.8482352941176471,0.9258823529411765,0.7733082706766917,0.889935064935065,0.5487655860349128,0.688109756097561,0.3818625757617092,0.5691977915222075,0.5492726768480544,0.6940153534254133,0.7305987450080039,0.8526529866675142,0.7466484268125856,0.8484815321477428,0.15950369647077955,0.20621998880704934,20262030,2,Europe,263,171,V1-V10_financial_only
PONE2016_h2_target_Europe,20260729,Balanced_logistic,cost_2,171,86,0.5550880261998463,"Same-horizon leave-one-region-out transfer; source regions=Asia,North America; target region=Europe; source-only fit/search/calibration; target labels untouched until final evaluation; V1-V10 financial ratios only.",Class-weighted logistic reference using the same source-only fit/search/calibration and untouched regional target.,Platt_logistic_on_separate_calibration_partition,0.7064293366365377,0.5581395348837209,0.8941176470588236,0.8421052631578947,0.6713286713286714,0.7643312101910829,0.5985037406483791,0.4796829778446658,0.6209127625607045,0.7261285909712722,0.10588235294117647,0.3333333333333333,48.0,9.0,76.0,38.0,0.7869736092025974,0.8034199726402189,0.18427615164326513,0.6119615702880244,0.1017070533224419,0.15765545425553973,0.5700643957449046,2.0,0.49707602339181284,0.33073929961089493,0.4430232558139535,0.5802325581395349,0.86,0.928235294117647,0.7782870525259283,0.8745785270629991,0.4851145038167939,0.6188064822473425,0.35280447670596415,0.49760507732752435,0.515141135408904,0.634844942361258,0.7359604844817609,0.8107279345529177,0.7554445964432285,0.8311217510259918,0.1762572074071296,0.20978770431557175,20262030,2,Europe,263,171,V1-V10_financial_only
PONE2016_h2_target_Europe,20260729,Balanced_logistic,cost_5,171,86,0.2198669487403108,"Same-horizon leave-one-region-out transfer; source regions=Asia,North America; target region=Europe; source-only fit/search/calibration; target labels untouched until final evaluation; V1-V10 financial ratios only.",Class-weighted logistic reference using the same source-only fit/search/calibration and untouched regional target.,Platt_logistic_on_separate_calibration_partition,0.6283324292019848,0.9069767441860465,0.43529411764705883,0.6190476190476191,0.7358490566037735,0.6610169491525424,0.8297872340425532,0.38863068441952203,0.5353510749870221,0.6711354309165527,0.5647058823529412,0.7368421052631579,78.0,48.0,37.0,8.0,0.7869736092025974,0.8034199726402189,0.18427615164326513,0.6119615702880244,0.1017070533224419,0.15765545425553973,0.5700643957449046,5.0,0.5146198830409356,0.170873786407767,0.844186046511628,0.9290697674418604,0.32235294117647056,0.43176470588235294,0.5775146875556346,0.6209112219751157,0.7757229230021774,0.8417588557380713,0.2671486340545802,0.403298367351397,0.4423578809522255,0.5430260696392023,0.7783213456156511,0.8218048652876383,0.7566621067031464,0.814281805745554,0.17723838877815812,0.2141034771209456,20262030,2,Europe,263,171,V1-V10_financial_only
PONE2016_h2_target_Europe,20260729,Balanced_logistic,cost_10,171,86,0.0,"Same-horizon leave-one-region-out transfer; source regions=Asia,North America; target region=Europe; source-only fit/search/calibration; target labels untouched until final evaluation; V1-V10 financial ratios only.",Class-weighted logistic reference using the same source-only fit/search/calibration and untouched regional target.,Platt_logistic_on_separate_calibration_partition,0.0,1.0,0.0,0.5029239766081871,0.669260700389105,0.5584415584415584,0.8349514563106796,0.0,0.0,0.5,1.0,1.0,86.0,85.0,0.0,0.0,0.7869736092025974,0.8034199726402189,0.18427615164326513,0.6119615702880244,0.1017070533224419,0.15765545425553973,0.5700643957449046,10.0,0.49707602339181284,0.08994708994708994,1.0,1.0,0.0,0.0,0.5029239766081871,0.5029239766081871,0.8349514563106796,0.8349514563106796,0.0,0.0,0.0,0.0,0.7471168085230271,0.8789013254577809,0.7458686730506155,0.8553077975376197,0.15868996612873973,0.2124946028837429,20262030,2,Europe,263,171,V1-V10_financial_only
PONE2016_h2_target_Europe,20260729,Balanced_logistic,cost_20,171,86,0.0,"Same-horizon leave-one-region-out transfer; source regions=Asia,North America; target region=Europe; source-only fit/search/calibration; target labels untouched until final evaluation; V1-V10 financial ratios only.",Class-weighted logistic reference using the same source-only fit/search/calibration and untouched regional target.,Platt_logistic_on_separate_calibration_partition,0.0,1.0,0.0,0.5029239766081871,0.669260700389105,0.5584415584415584,0.8349514563106796,0.0,0.0,0.5,1.0,1.0,86.0,85.0,0.0,0.0,0.7869736092025974,0.8034199726402189,0.18427615164326513,0.6119615702880244,0.1017070533224419,0.15765545425553973,0.5700643957449046,20.0,0.49707602339181284,0.04709141274238227,1.0,1.0,0.0,0.0,0.5029239766081871,0.5029239766081871,0.8349514563106796,0.8349514563106796,0.0,0.0,0.0,0.0,0.7165316858238708,0.8181345620729159,0.7586593707250342,0.8357181942544459,0.16868792373248015,0.21028937228204916,20262030,2,Europe,263,171,V1-V10_financial_only
PONE2016_h2_target_North_America,20260729,HistGB,triad,167,84,0.6022894502386648,"Same-horizon leave-one-region-out transfer; source regions=Asia,Europe; target region=North America; source-only fit/search/calibration; target labels untouched until final evaluation; V1-V10 financial ratios only.",No metaheuristic; threshold and Platt calibration use calibration partition.,Platt_logistic_on_separate_calibration_partition,0.7416585281290365,0.7023809523809523,0.7831325301204819,0.7662337662337663,0.7329192546583851,0.7525510204081632,0.7142857142857143,0.48698251303711854,0.6446249619518555,0.7427567412507171,0.21686746987951808,0.46107784431137727,59.0,18.0,65.0,25.0,0.8572195571594456,0.8588640275387264,0.1666717408440504,0.5075168862349643,0.09783626790377388,-0.05270882288582465,0.7080735692920371,,,,0.6321428571428571,0.7023809523809523,0.7481927710843373,0.8072289156626506,0.7384335443037975,0.7743259557344064,0.6539408866995075,0.7106724976830399,0.4336013729008,0.4667310340354455,0.6023333019496503,0.6273452922028011,0.8224709012856627,0.850314690120845,0.8193631669535283,0.8692197360872059,0.15934557276977365,0.1934700945590458,20260729,2,North America,267,167,V1-V10_financial_only
PONE2016_h2_target_North_America,20260729,HistGB,cost_1,167,84,0.5931814404002551,"Same-horizon leave-one-region-out transfer; source regions=Asia,Europe; target region=North America; source-only fit/search/calibration; target labels untouched until final evaluation; V1-V10 financial ratios only.",No metaheuristic; threshold and Platt calibration use calibration partition.,Platt_logistic_on_separate_calibration_partition,0.7416585281290365,0.7023809523809523,0.7831325301204819,0.7662337662337663,0.7329192546583851,0.7525510204081632,0.7142857142857143,0.48698251303711854,0.6446249619518555,0.7427567412507171,0.21686746987951808,0.46107784431137727,59.0,18.0,65.0,25.0,0.8572195571594456,0.8588640275387264,0.1666717408440504,0.5075168862349643,0.09783626790377388,-0.05270882288582465,0.7080735692920371,1.0,0.25748502994011974,0.25748502994011974,0.6571428571428571,0.7845238095238095,0.7614457831325301,0.8626506024096385,0.7684754521963825,0.8292682926829269,0.6855245829675154,0.7815426653665616,0.5057026531971984,0.566663185901984,0.6555843969086117,0.7031087002171938,0.8595739740524574,0.9018984014227565,0.85907917383821,0.901893287435456,0.13076936649037893,0.16955481290770455,20260729,2,North America,267,167,V1-V10_financial_only
PONE2016_h2_target_North_America,20260729,HistGB,cost_2,167,84,0.12813105690407156,"Same-horizon leave-one-region-out transfer; source regions=Asia,Europe; target region=North America; source-only fit/search/calibration; target labels untouched until final evaluation; V1-V10 financial ratios only.",No metaheuristic; threshold and Platt calibration use calibration partition.,Platt_logistic_on_separate_calibration_partition,0.7251327850387389,0.9285714285714286,0.5662650602409639,0.6842105263157895,0.7878787878787878,0.7222222222222222,0.8666666666666667,0.5315572493175232,0.6538252810971488,0.7474182444061963,0.43373493975903615,0.6826347305389222,78.0,36.0,47.0,6.0,0.8572195571594456,0.8588640275387264,0.1666717408440504,0.5075168862349643,0.09783626790377388,-0.05270882288582465,0.7080735692920371,2.0,0.2874251497005988,0.19123505976095617,0.9071428571428571,0.9642857142857143,0.4975903614457831,0.6108433734939759,0.659349593495935,0.714430988976867,0.8477853655658638,0.900039303026333,0.49162287253857223,0.6124929128731905,0.6266309428205612,0.7112704488828183,0.8633176064590904,0.907525681839513,0.8670539300057373,0.8922403901319564,0.14621086429474933,0.16847051836713206,20260729,2,North America,267,167,V1-V10_financial_only
PONE2016_h2_target_North_America,20260729,HistGB,cost_5,167,84,0.12813105690407156,"Same-horizon leave-one-region-out transfer; source regions=Asia,Europe; target region=North America; source-only fit/search/calibration; target labels untouched until final evaluation; V1-V10 financial ratios only.",No metaheuristic; threshold and Platt calibration use calibration partition.,Platt_logistic_on_separate_calibration_partition,0.7251327850387389,0.9285714285714286,0.5662650602409639,0.6842105263157895,0.7878787878787878,0.7222222222222222,0.8666666666666667,0.5315572493175232,0.6538252810971488,0.7474182444061963,0.43373493975903615,0.6826347305389222,78.0,36.0,47.0,6.0,0.8572195571594456,0.8588640275387264,0.1666717408440504,0.5075168862349643,0.09783626790377388,-0.05270882288582465,0.7080735692920371,5.0,0.39520958083832336,0.1312127236580517,0.8416666666666667,0.9285714285714286,0.5662650602409639,0.6566265060240964,0.6624812155618633,0.7325344212136664,0.7984157857078071,0.8813659692064745,0.4250665996599819,0.6087619956384909,0.5870863420707774,0.7186078955829028,0.7846365164492828,0.9032102382662742,0.8098680436029834,0.9022518646012622,0.1415119609179551,0.2042637977785842,20260729,2,North America,267,167,V1-V10_financial_only
PONE2016_h2_target_North_America,20260729,HistGB,cost_10,167,84,0.12813105690407156,"Same-horizon leave-one-region-out transfer; source regions=Asia,Europe; target region=North America; source-only fit/search/calibration; target labels untouched until final evaluation; V1-V10 financial ratios only.",No metaheuristic; threshold and Platt calibration use calibration partition.,Platt_logistic_on_separate_calibration_partition,0.7251327850387389,0.9285714285714286,0.5662650602409639,0.6842105263157895,0.7878787878787878,0.7222222222222222,0.8666666666666667,0.5315572493175232,0.6538252810971488,0.7474182444061963,0.43373493975903615,0.6826347305389222,78.0,36.0,47.0,6.0,0.8572195571594456,0.8588640275387264,0.1666717408440504,0.5075168862349643,0.09783626790377388,-0.05270882288582465,0.7080735692920371,10.0,0.5748502994011976,0.10400866738894908,0.8583333333333333,0.9619047619047619,0.5072289156626506,0.5518072289156627,0.6431731984829331,0.6748438893844781,0.8045060451797645,0.8828559336706231,0.4006417062798273,0.5286767063938794,0.5626821629774506,0.6370347248517576,0.8429021875221716,0.8853284964720591,0.8090074584050487,0.8681009753298911,0.15829336666184923,0.1954213644135451,20260729,2,North America,267,167,V1-V10_financial_only
PONE2016_h2_target_North_America,20260729,HistGB,cost_20,167,84,0.12813105690407156,"Same-horizon leave-one-region-out transfer; source regions=Asia,Europe; target region=North America; source-only fit/search/calibration; target labels untouched until final evaluation; V1-V10 financial ratios only.",No metaheuristic; threshold and Platt calibration use calibration partition.,Platt_logistic_on_separate_calibration_partition,0.7251327850387389,0.9285714285714286,0.5662650602409639,0.6842105263157895,0.7878787878787878,0.7222222222222222,0.8666666666666667,0.5315572493175232,0.6538252810971488,0.7474182444061963,0.43373493975903615,0.6826347305389222,78.0,36.0,47.0,6.0,0.8572195571594456,0.8588640275387264,0.1666717408440504,0.5075168862349643,0.09783626790377388,-0.05270882288582465,0.7080735692920371,20.0,0.9341317365269461,0.08848553601815087,0.8952380952380953,0.9630952380952381,0.555421686746988,0.6108433734939759,0.6820574162679426,0.7116071428571429,0.8426639573991032,0.8927784770295784,0.4998219504962277,0.5996746866517864,0.6372272941512924,0.7032636285145497,0.826269306542181,0.8880571159494929,0.8365318416523234,0.894879518072289,0.1435056731110668,0.18263083172868774,20260729,2,North America,267,167,V1-V10_financial_only
PONE2016_h2_target_North_America,20260729,KELM_PBMSBAINGO,triad,167,84,0.7242767022312088,"Same-horizon leave-one-region-out transfer; source regions=Asia,Europe; target region=North America; source-only fit/search/calibration; target labels untouched until final evaluation; V1-V10 financial ratios only.",Plain KELM; hyperparameters/features selected only on search partition.,Platt_logistic_on_separate_calibration_partition,0.6337242505244779,0.47619047619047616,0.8433734939759037,0.7547169811320755,0.583941605839416,0.6756756756756757,0.5141388174807198,0.3432781308636063,0.516593491094272,0.6597819850831899,0.1566265060240964,0.31736526946107785,40.0,13.0,70.0,44.0,0.7634213042017464,0.7913080895008606,0.18527592738975007,0.5738965705594339,0.11228023332377729,-0.12035867666268325,0.6760377249430283,,,,0.42857142857142855,0.4857142857142857,0.7313253012048193,0.8867469879518072,0.6242307692307693,0.8071759259259259,0.4641578975482079,0.5238581730769231,0.1786824416365687,0.38926263545786505,0.38511103470671326,0.5440064065735373,0.702178872096322,0.7995596483850681,0.6986230636833047,0.8081755593803787,0.17440924352629766,0.24046947722786444,20260830,2,North America,267,167,V1-V10_financial_only
PONE2016_h2_target_North_America,20260729,KELM_PBMSBAINGO,cost_1,167,84,0.3576930072890486,"Same-horizon leave-one-region-out transfer; source regions=Asia,Europe; target region=North America; source-only fit/search/calibration; target labels untouched until final evaluation; V1-V10 financial ratios only.",Plain KELM; hyperparameters/features selected only on search partition.,Platt_logistic_on_separate_calibration_partition,0.700381012608651,0.9047619047619048,0.5421686746987951,0.6666666666666666,0.7676767676767676,0.7037037037037037,0.8444444444444444,0.48009634460098627,0.6175408752326937,0.72346528973035,0.4578313253012048,0.6826347305389222,76.0,38.0,45.0,8.0,0.7634213042017464,0.7913080895008606,0.18527592738975007,0.5738965705594339,0.11228023332377729,-0.12035867666268325,0.6760377249430283,1.0,0.2754491017964072,0.2754491017964072,0.8702380952380953,0.9273809523809524,0.5325301204819277,0.6204819277108434,0.6532738095238095,0.7073939293689521,0.8160329777884309,0.8640492910162018,0.42828378160861147,0.5504025717611792,0.5832957836114483,0.6760995131902767,0.7110848286098658,0.821899775369597,0.7522662076878944,0.8352696500286861,0.16004743189403275,0.2028472244101705,20260830,2,North America,267,167,V1-V10_financial_only
PONE2016_h2_target_North_America,20260729,KELM_PBMSBAINGO,cost_2,167,84,0.3576930072890486,"Same-horizon leave-one-region-out transfer; source regions=Asia,Europe; target region=North America; source-only fit/search/calibration; target labels untouched until final evaluation; V1-V10 financial ratios only.",Plain KELM; hyperparameters/features selected only on search partition.,Platt_logistic_on_separate_calibration_partition,0.700381012608651,0.9047619047619048,0.5421686746987951,0.6666666666666666,0.7676767676767676,0.7037037037037037,0.8444444444444444,0.48009634460098627,0.6175408752326937,0.72346528973035,0.4578313253012048,0.6826347305389222,76.0,38.0,45.0,8.0,0.7634213042017464,0.7913080895008606,0.18527592738975007,0.5738965705594339,0.11228023332377729,-0.12035867666268325,0.6760377249430283,2.0,0.32335329341317365,0.2151394422310757,0.9178571428571428,0.9392857142857143,0.4843373493975904,0.5626506024096386,0.6457115077435933,0.6802234888255587,0.8537668021256642,0.8689427312775331,0.46150120504848174,0.5167048074173196,0.5920645639404248,0.6438552232864431,0.7098109188009977,0.8459875194858384,0.7466150315547906,0.8513195639701664,0.1586778829072153,0.2053154810508969,20260830,2,North America,267,167,V1-V10_financial_only
PONE2016_h2_target_North_America,20260729,KELM_PBMSBAINGO,cost_5,167,84,0.1891862875377691,"Same-horizon leave-one-region-out transfer; source regions=Asia,Europe; target region=North America; source-only fit/search/calibration; target labels untouched until final evaluation; V1-V10 financial ratios only.",Plain KELM; hyperparameters/features selected only on search partition.,Platt_logistic_on_separate_calibration_partition,0.6021571473154741,0.9404761904761905,0.3855421686746988,0.6076923076923076,0.7383177570093458,0.6539735099337748,0.8476394849785408,0.3925077247673898,0.5221027329059118,0.6630091795754447,0.6144578313253012,0.7784431137724551,79.0,51.0,32.0,5.0,0.7634213042017464,0.7913080895008606,0.18527592738975007,0.5738965705594339,0.11228023332377729,-0.12035867666268325,0.6760377249430283,5.0,0.4550898203592814,0.15109343936381708,0.8952380952380953,0.95,0.34578313253012044,0.49879518072289153,0.5943089430894308,0.6496881355932204,0.8189897698209718,0.8491329723056202,0.3581165264852614,0.45949067478350664,0.49298182221955916,0.5946121110296757,0.7774334037873384,0.8248094636093094,0.783433734939759,0.8458978772231782,0.15768497482061397,0.19392035885481204,20260830,2,North America,267,167,V1-V10_financial_only
PONE2016_h2_target_North_America,20260729,KELM_PBMSBAINGO,cost_10,167,84,0.1891862875377691,"Same-horizon leave-one-region-out transfer; source regions=Asia,Europe; target region=North America; source-only fit/search/calibration; target labels untouched until final evaluation; V1-V10 financial ratios only.",Plain KELM; hyperparameters/features selected only on search partition.,Platt_logistic_on_separate_calibration_partition,0.6021571473154741,0.9404761904761905,0.3855421686746988,0.6076923076923076,0.7383177570093458,0.6539735099337748,0.8476394849785408,0.3925077247673898,0.5221027329059118,0.6630091795754447,0.6144578313253012,0.7784431137724551,79.0,51.0,32.0,5.0,0.7634213042017464,0.7913080895008606,0.18527592738975007,0.5738965705594339,0.11228023332377729,-0.12035867666268325,0.6760377249430283,10.0,0.6047904191616766,0.1094257854821235,0.9071428571428571,0.95,0.2891566265060241,0.37108433734939755,0.5693430656934306,0.6045454545454546,0.8163580106887822,0.8525641025641025,0.2835777624387612,0.3944362511083254,0.42384481932318135,0.5180054547130581,0.682253447592101,0.7943967598464394,0.7307946069994262,0.7981927710843373,0.18486950114068448,0.21328062614670473,20260830,2,North America,267,167,V1-V10_financial_only
PONE2016_h2_target_North_America,20260729,KELM_PBMSBAINGO,cost_20,167,84,0.1891862875377691,"Same-horizon leave-one-region-out transfer; source regions=Asia,Europe; target region=North America; source-only fit/search/calibration; target labels untouched until final evaluation; V1-V10 financial ratios only.",Plain KELM; hyperparameters/features selected only on search partition.,Platt_logistic_on_separate_calibration_partition,0.6021571473154741,0.9404761904761905,0.3855421686746988,0.6076923076923076,0.7383177570093458,0.6539735099337748,0.8476394849785408,0.3925077247673898,0.5221027329059118,0.6630091795754447,0.6144578313253012,0.7784431137724551,79.0,51.0,32.0,5.0,0.7634213042017464,0.7913080895008606,0.18527592738975007,0.5738965705594339,0.11228023332377729,-0.12035867666268325,0.6760377249430283,20.0,0.9041916167664671,0.08564946114577425,0.9416666666666667,0.975,0.2927710843373494,0.41927710843373495,0.5740409207161126,0.6272374911909796,0.8347457627118644,0.8755583126550869,0.30849145676166834,0.46019416988608186,0.43968200180266265,0.5710970501591184,0.7267663397487867,0.8140084013823157,0.7423838209982788,0.8553212851405622,0.1593217785908478,0.20978863077581775,20260830,2,North America,267,167,V1-V10_financial_only
PONE2016_h2_target_North_America,20260729,KELM_score_fusion,triad,167,84,0.6210253602694843,"Same-horizon leave-one-region-out transfer; source regions=Asia,Europe; target region=North America; source-only fit/search/calibration; target labels untouched until final evaluation; V1-V10 financial ratios only.",Plain KELM plus HistGB score-level fusion; alpha=0.30 selected only on search partition.,Platt_logistic_on_separate_calibration_partition,0.7416585281290365,0.7023809523809523,0.7831325301204819,0.7662337662337663,0.7329192546583851,0.7525510204081632,0.7142857142857143,0.48698251303711854,0.6446249619518555,0.7427567412507171,0.21686746987951808,0.46107784431137727,59.0,18.0,65.0,25.0,0.8519774928355773,0.8588640275387264,0.16336630841750555,0.5009256037602562,0.1058761440797528,-0.07090346275196452,0.7091251366323996,,,,0.638095238095238,0.7261904761904762,0.7120481927710843,0.8301204819277108,0.7178335724533715,0.8117297297297298,0.658012586324746,0.7403297674983095,0.42598081613227495,0.5568811056500146,0.6000273632535835,0.6942262845083471,0.8198491870246432,0.9082563181817985,0.8289586919104991,0.8938611589214,0.13461258951521868,0.18785518031792087,20260832,2,North America,267,167,V1-V10_financial_only
PONE2016_h2_target_North_America,20260729,KELM_score_fusion,cost_1,167,84,0.4691153303272739,"Same-horizon leave-one-region-out transfer; source regions=Asia,Europe; target region=North America; source-only fit/search/calibration; target labels untouched until final evaluation; V1-V10 financial ratios only.",Plain KELM plus HistGB score-level fusion; alpha=0.30 selected only on search partition.,Platt_logistic_on_separate_calibration_partition,0.7529822139815628,0.7976190476190477,0.7108433734939759,0.7362637362637363,0.7657142857142857,0.7477678571428571,0.7845433255269321,0.5105168231012708,0.6614948965875016,0.7542312105565118,0.2891566265060241,0.5449101796407185,67.0,24.0,59.0,17.0,0.8519774928355773,0.8588640275387264,0.16336630841750555,0.5009256037602562,0.1058761440797528,-0.07090346275196452,0.7091251366323996,1.0,0.24550898203592814,0.24550898203592814,0.7452380952380953,0.8678571428571429,0.7024096385542169,0.7903614457831325,0.745106958446029,0.8007336757153338,0.745683328291147,0.8406333726288715,0.4911859674997802,0.625831019119455,0.6486071870227755,0.7444800219196943,0.8685876759528268,0.9068356265442825,0.8575157773952955,0.8970883534136546,0.13956022715608182,0.16451557311566076,20260832,2,North America,267,167,V1-V10_financial_only
PONE2016_h2_target_North_America,20260729,KELM_score_fusion,cost_2,167,84,0.1092097612294978,"Same-horizon leave-one-region-out transfer; source regions=Asia,Europe; target region=North America; source-only fit/search/calibration; target labels untouched until final evaluation; V1-V10 financial ratios only.",Plain KELM plus HistGB score-level fusion; alpha=0.30 selected only on search partition.,Platt_logistic_on_separate_calibration_partition,0.6647634911300521,0.9404761904761905,0.46987951807228917,0.6422764227642277,0.7632850241545893,0.6857638888888888,0.8605664488017429,0.4657579478983958,0.5904251720692236,0.7051778542742398,0.5301204819277109,0.7365269461077845,79.0,44.0,39.0,5.0,0.8519774928355773,0.8588640275387264,0.16336630841750555,0.5009256037602562,0.1058761440797528,-0.07090346275196452,0.7091251366323996,2.0,0.32335329341317365,0.2151394422310757,0.9404761904761905,0.9761904761904762,0.43493975903614457,0.4807228915662651,0.6274857142857143,0.6554793650793651,0.8551638166605628,0.8891784282239813,0.4357678114029809,0.5269580966414827,0.5627831870637263,0.6276722564217131,0.7945965976590825,0.9019154993997152,0.8144148020654044,0.8982214572576018,0.137291647082524,0.18993627152523096,20260832,2,North America,267,167,V1-V10_financial_only
PONE2016_h2_target_North_America,20260729,KELM_score_fusion,cost_5,167,84,0.1092097612294978,"Same-horizon leave-one-region-out transfer; source regions=Asia,Europe; target region=North America; source-only fit/search/calibration; target labels untouched until final evaluation; V1-V10 financial ratios only.",Plain KELM plus HistGB score-level fusion; alpha=0.30 selected only on search partition.,Platt_logistic_on_separate_calibration_partition,0.6647634911300521,0.9404761904761905,0.46987951807228917,0.6422764227642277,0.7632850241545893,0.6857638888888888,0.8605664488017429,0.4657579478983958,0.5904251720692236,0.7051778542742398,0.5301204819277109,0.7365269461077845,79.0,44.0,39.0,5.0,0.8519774928355773,0.8588640275387264,0.16336630841750555,0.5009256037602562,0.1058761440797528,-0.07090346275196452,0.7091251366323996,5.0,0.41317365269461076,0.13717693836978131,0.9285714285714286,0.9511904761904761,0.3566265060240964,0.4674698795180723,0.5992181947405828,0.6409520062942565,0.8445228684359118,0.8600076394194042,0.38172616401291,0.46265501074536847,0.5055192264632095,0.5875646038216564,0.8044320581097224,0.892916837094969,0.81969305794607,0.8773235800344235,0.14998933108655024,0.18626470168391365,20260832,2,North America,267,167,V1-V10_financial_only
PONE2016_h2_target_North_America,20260729,KELM_score_fusion,cost_10,167,84,0.1092097612294978,"Same-horizon leave-one-region-out transfer; source regions=Asia,Europe; target region=North America; source-only fit/search/calibration; target labels untouched until final evaluation; V1-V10 financial ratios only.",Plain KELM plus HistGB score-level fusion; alpha=0.30 selected only on search partition.,Platt_logistic_on_separate_calibration_partition,0.6647634911300521,0.9404761904761905,0.46987951807228917,0.6422764227642277,0.7632850241545893,0.6857638888888888,0.8605664488017429,0.4657579478983958,0.5904251720692236,0.7051778542742398,0.5301204819277109,0.7365269461077845,79.0,44.0,39.0,5.0,0.8519774928355773,0.8588640275387264,0.16336630841750555,0.5009256037602562,0.1058761440797528,-0.07090346275196452,0.7091251366323996,10.0,0.562874251497006,0.10184182015167931,0.8821428571428571,0.9726190476190476,0.4469879518072289,0.5746987951807229,0.6187096774193549,0.6865185950413223,0.8137820888524205,0.8933773249452954,0.3724936722125171,0.5626555826446539,0.5283679826125709,0.6632903222335096,0.8517412951703405,0.8923885390025769,0.8342943201376936,0.8904618473895582,0.13662140259590624,0.18116619325023192,20260832,2,North America,267,167,V1-V10_financial_only
PONE2016_h2_target_North_America,20260729,KELM_score_fusion,cost_20,167,84,0.1092097612294978,"Same-horizon leave-one-region-out transfer; source regions=Asia,Europe; target region=North America; source-only fit/search/calibration; target labels untouched until final evaluation; V1-V10 financial ratios only.",Plain KELM plus HistGB score-level fusion; alpha=0.30 selected only on search partition.,Platt_logistic_on_separate_calibration_partition,0.6647634911300521,0.9404761904761905,0.46987951807228917,0.6422764227642277,0.7632850241545893,0.6857638888888888,0.8605664488017429,0.4657579478983958,0.5904251720692236,0.7051778542742398,0.5301204819277109,0.7365269461077845,79.0,44.0,39.0,5.0,0.8519774928355773,0.8588640275387264,0.16336630841750555,0.5009256037602562,0.1058761440797528,-0.07090346275196452,0.7091251366323996,20.0,0.8622754491017964,0.08167895632444697,0.905952380952381,0.9714285714285714,0.4590361445783132,0.5831325301204819,0.6346661335465814,0.6890312965722801,0.8465057817998994,0.8908786496171696,0.4396161634693751,0.5535050356139948,0.5722369605347332,0.655309567770934,0.848279478421974,0.8772530183142906,0.8512621916236373,0.8901749856569132,0.13582644726867737,0.16979411081388773,20260832,2,North America,267,167,V1-V10_financial_only
PONE2016_h2_target_North_America,20260729,KELM_risk_feature,triad,167,84,0.6607185118114574,"Same-horizon leave-one-region-out transfer; source regions=Asia,Europe; target region=North America; source-only fit/search/calibration; target labels untouched until final evaluation; V1-V10 financial ratios only.",OOF HistGB risk is a forced KELM input; no score-level fusion.,Platt_logistic_on_separate_calibration_partition,0.6810693222328744,0.5,0.927710843373494,0.875,0.6363636363636364,0.7608695652173914,0.546875,0.4725359454076894,0.6029377776821765,0.713855421686747,0.07228915662650602,0.2874251497005988,42.0,6.0,77.0,42.0,0.808537185876242,0.747705106138841,0.1986791936101094,0.5756001374002017,0.1178737663069485,0.28496493205458184,0.8109988927932397,,,,0.4309523809523809,0.5988095238095238,0.8819277108433734,0.9493975903614458,0.8159420289855072,0.8994736842105263,0.4805892837250752,0.6403797220591113,0.4016987842091215,0.5558748980728061,0.5481456579629841,0.675299854099574,0.7721478154590036,0.8517842918050685,0.714027538726334,0.8039873780837636,0.17073670960376475,0.2217309373194324,20260940,2,North America,267,167,V1-V10_financial_only
PONE2016_h2_target_North_America,20260729,KELM_risk_feature,cost_1,167,84,0.4983667222470878,"Same-horizon leave-one-region-out transfer; source regions=Asia,Europe; target region=North America; source-only fit/search/calibration; target labels untouched until final evaluation; V1-V10 financial ratios only.",OOF HistGB risk is a forced KELM input; no score-level fusion.,Platt_logistic_on_separate_calibration_partition,0.703446152034676,0.5476190476190477,0.9036144578313253,0.8518518518518519,0.6666666666666666,0.7666666666666667,0.5897435897435898,0.48232961392037815,0.6203001430938496,0.7256167527251864,0.0963855421686747,0.32335329341317365,46.0,8.0,75.0,38.0,0.808537185876242,0.747705106138841,0.1986791936101094,0.5756001374002017,0.1178737663069485,0.28496493205458184,0.8109988927932397,1.0,0.2754491017964072,0.2754491017964072,0.47857142857142854,0.5702380952380952,0.8602409638554217,0.9385542168674699,0.8051851851851852,0.900418060200669,0.5257496430271299,0.6060215557638238,0.4455448006680388,0.5334290057052941,0.5854009265130327,0.6532454771209377,0.7855284052866525,0.8228942381420836,0.7067412507171542,0.7539156626506024,0.19042279194376466,0.21167021649271195,20260940,2,North America,267,167,V1-V10_financial_only
PONE2016_h2_target_North_America,20260729,KELM_risk_feature,cost_2,167,84,0.3215499627558066,"Same-horizon leave-one-region-out transfer; source regions=Asia,Europe; target region=North America; source-only fit/search/calibration; target labels untouched until final evaluation; V1-V10 financial ratios only.",OOF HistGB risk is a forced KELM input; no score-level fusion.,Platt_logistic_on_separate_calibration_partition,0.658585559938142,0.6666666666666666,0.6506024096385542,0.6588235294117647,0.6627218934911243,0.660377358490566,0.665083135391924,0.31731459227651954,0.5163032009656469,0.6586345381526104,0.3493975903614458,0.5089820359281437,56.0,29.0,54.0,28.0,0.808537185876242,0.747705106138841,0.1986791936101094,0.5756001374002017,0.1178737663069485,0.28496493205458184,0.8109988927932397,2.0,0.5089820359281437,0.3386454183266932,0.6190476190476191,0.7238095238095238,0.616867469879518,0.6626506024096386,0.6213403880070547,0.6831460674157304,0.619492977046934,0.7152941176470589,0.23713151853971084,0.3848794342103561,0.4492740031895196,0.5686512048456036,0.7844727694481319,0.8324969498023315,0.7052495697074009,0.780837636259323,0.1830604371175354,0.21232934399007963,20260940,2,North America,267,167,V1-V10_financial_only
PONE2016_h2_target_North_America,20260729,KELM_risk_feature,cost_5,167,84,0.3215499627558066,"Same-horizon leave-one-region-out transfer; source regions=Asia,Europe; target region=North America; source-only fit/search/calibration; target labels untouched until final evaluation; V1-V10 financial ratios only.",OOF HistGB risk is a forced KELM input; no score-level fusion.,Platt_logistic_on_separate_calibration_partition,0.658585559938142,0.6666666666666666,0.6506024096385542,0.6588235294117647,0.6627218934911243,0.660377358490566,0.665083135391924,0.31731459227651954,0.5163032009656469,0.6586345381526104,0.3493975903614458,0.5089820359281437,56.0,29.0,54.0,28.0,0.808537185876242,0.747705106138841,0.1986791936101094,0.5756001374002017,0.1178737663069485,0.28496493205458184,0.8109988927932397,5.0,1.0119760479041917,0.3359840954274354,0.5428571428571428,0.7714285714285715,0.616867469879518,0.6746987951807228,0.60144578313253,0.6991489361702127,0.55355991847116,0.7541762201113659,0.17981790180207996,0.4276185048092775,0.3957531638966801,0.599573339247021,0.7365360644272791,0.851846566495205,0.654661503155479,0.8057372346528973,0.17142074265402513,0.23812079747248807,20260940,2,North America,267,167,V1-V10_financial_only
PONE2016_h2_target_North_America,20260729,KELM_risk_feature,cost_10,167,84,0.05929638109965798,"Same-horizon leave-one-region-out transfer; source regions=Asia,Europe; target region=North America; source-only fit/search/calibration; target labels untouched until final evaluation; V1-V10 financial ratios only.",OOF HistGB risk is a forced KELM input; no score-level fusion.,Platt_logistic_on_separate_calibration_partition,0.0,1.0,0.0,0.5029940119760479,0.6693227091633466,0.5585106382978723,0.8349900596421471,0.0,0.0,0.5,1.0,1.0,84.0,83.0,0.0,0.0,0.808537185876242,0.747705106138841,0.1986791936101094,0.5756001374002017,0.1178737663069485,0.28496493205458184,0.8109988927932397,10.0,0.49700598802395207,0.08992416034669556,1.0,1.0,0.0,0.0,0.5029940119760479,0.5029940119760479,0.8349900596421471,0.8349900596421471,0.0,0.0,0.0,0.0,0.7851415007916606,0.8421213275612256,0.7141566265060241,0.7872920252438326,0.18327832746279862,0.21379875153974914,20260940,2,North America,267,167,V1-V10_financial_only
PONE2016_h2_target_North_America,20260729,KELM_risk_feature,cost_20,167,84,0.05929638109965798,"Same-horizon leave-one-region-out transfer; source regions=Asia,Europe; target region=North America; source-only fit/search/calibration; target labels untouched until final evaluation; V1-V10 financial ratios only.",OOF HistGB risk is a forced KELM input; no score-level fusion.,Platt_logistic_on_separate_calibration_partition,0.0,1.0,0.0,0.5029940119760479,0.6693227091633466,0.5585106382978723,0.8349900596421471,0.0,0.0,0.5,1.0,1.0,84.0,83.0,0.0,0.0,0.808537185876242,0.747705106138841,0.1986791936101094,0.5756001374002017,0.1178737663069485,0.28496493205458184,0.8109988927932397,20.0,0.49700598802395207,0.047078842881452074,1.0,1.0,0.0,0.0,0.5029940119760479,0.5029940119760479,0.8349900596421471,0.8349900596421471,0.0,0.0,0.0,0.0,0.796654079664822,0.809990386643238,0.7317412507171543,0.766566265060241,0.19793813770186708,0.210536892295113,20260940,2,North America,267,167,V1-V10_financial_only
PONE2016_h2_target_North_America,20260729,Full_PBMSBAINGO,triad,167,84,0.7975461460668699,"Same-horizon leave-one-region-out transfer; source regions=Asia,Europe; target region=North America; source-only fit/search/calibration; target labels untouched until final evaluation; V1-V10 financial ratios only.",Risk feature plus score fusion; alpha=0.70 selected only on search partition.,Platt_logistic_on_separate_calibration_partition,0.5851234723642922,0.36904761904761907,0.927710843373494,0.8378378378378378,0.512396694214876,0.6681034482758621,0.4155495978552279,0.35728045866420133,0.49640342343931215,0.6483792312105565,0.07228915662650602,0.2215568862275449,31.0,6.0,77.0,53.0,0.7839668100023407,0.8420826161790017,0.15597723664228516,0.4939081855425453,0.07411117746696225,0.0991758385859159,0.9354152690630287,,,,0.36904761904761907,0.4261904761904762,0.8686746987951808,0.9626506024096385,0.7415584415584416,0.9105882352941176,0.4109395109395109,0.4755879059350504,0.2775701793212951,0.4423926894119217,0.447796737334075,0.5626054403547897,0.7038521116702652,0.8465756563402282,0.7852122776821572,0.8717441193344807,0.14619063435058063,0.18182759372374452,20261036,2,North America,267,167,V1-V10_financial_only
PONE2016_h2_target_North_America,20260729,Full_PBMSBAINGO,cost_1,167,84,0.5655859430298844,"Same-horizon leave-one-region-out transfer; source regions=Asia,Europe; target region=North America; source-only fit/search/calibration; target labels untouched until final evaluation; V1-V10 financial ratios only.",Risk feature plus score fusion; alpha=0.70 selected only on search partition.,Platt_logistic_on_separate_calibration_partition,0.7663872373613495,0.75,0.7831325301204819,0.7777777777777778,0.7636363636363637,0.7720588235294118,0.7553956834532374,0.5333620812743354,0.6791612330759921,0.766566265060241,0.21686746987951808,0.48502994011976047,63.0,18.0,65.0,21.0,0.7839668100023407,0.8420826161790017,0.15597723664228516,0.4939081855425453,0.07411117746696225,0.0991758385859159,0.9354152690630287,1.0,0.23353293413173654,0.23353293413173654,0.6714285714285714,0.8071428571428572,0.7590361445783133,0.8686746987951807,0.7484705882352941,0.8495894909688013,0.6870303117471503,0.8016033074518504,0.44931830675600815,0.5996492664035584,0.6162667628887076,0.7220617738255514,0.7619607573585667,0.846973019409144,0.817512908777969,0.8624354561101549,0.1460881841763491,0.16928432410388503,20261036,2,North America,267,167,V1-V10_financial_only
PONE2016_h2_target_North_America,20260729,Full_PBMSBAINGO,cost_2,167,84,0.26987481867549123,"Same-horizon leave-one-region-out transfer; source regions=Asia,Europe; target region=North America; source-only fit/search/calibration; target labels untouched until final evaluation; V1-V10 financial ratios only.",Risk feature plus score fusion; alpha=0.70 selected only on search partition.,Platt_logistic_on_separate_calibration_partition,0.7528869660887042,0.9047619047619048,0.6265060240963856,0.7102803738317757,0.7958115183246073,0.7421875,0.8577878103837472,0.5536365768864334,0.6795604742282182,0.7656339644291452,0.37349397590361444,0.6407185628742516,76.0,31.0,52.0,8.0,0.7839668100023407,0.8420826161790017,0.15597723664228516,0.4939081855425453,0.07411117746696225,0.0991758385859159,0.9354152690630287,2.0,0.281437125748503,0.18725099601593626,0.8595238095238095,0.9273809523809524,0.555421686746988,0.6590361445783133,0.6729984051036683,0.7252427184466019,0.8210006435335097,0.8690376984126984,0.4741694547936903,0.56937292838435,0.6191667046686503,0.6940680540888229,0.7471434771506781,0.8008416025669539,0.8152467010900746,0.8442627653471028,0.15652192066200843,0.17268999525009002,20261036,2,North America,267,167,V1-V10_financial_only
PONE2016_h2_target_North_America,20260729,Full_PBMSBAINGO,cost_5,167,84,0.16522163112720328,"Same-horizon leave-one-region-out transfer; source regions=Asia,Europe; target region=North America; source-only fit/search/calibration; target labels untouched until final evaluation; V1-V10 financial ratios only.",Risk feature plus score fusion; alpha=0.70 selected only on search partition.,Platt_logistic_on_separate_calibration_partition,0.6815956103279709,0.9404761904761905,0.4939759036144578,0.6528925619834711,0.7707317073170732,0.6954225352112676,0.8643326039387309,0.48623809709279486,0.6090236871121821,0.7172260470453241,0.5060240963855421,0.7245508982035929,79.0,42.0,41.0,5.0,0.7839668100023407,0.8420826161790017,0.15597723664228516,0.4939081855425453,0.07411117746696225,0.0991758385859159,0.9354152690630287,5.0,0.40119760479041916,0.13320079522862824,0.9523809523809523,0.9845238095238096,0.46987951807228917,0.5518072289156627,0.6456858116968266,0.6826115061409179,0.8697546651510846,0.8949956851134028,0.4838612912362759,0.5513969322118696,0.6009998395270648,0.6615909182726549,0.7735367205589432,0.873819432039766,0.8212994836488812,0.877008032128514,0.13937624584365155,0.16840916664059552,20261036,2,North America,267,167,V1-V10_financial_only
PONE2016_h2_target_North_America,20260729,Full_PBMSBAINGO,cost_10,167,84,0.16522163112720328,"Same-horizon leave-one-region-out transfer; source regions=Asia,Europe; target region=North America; source-only fit/search/calibration; target labels untouched until final evaluation; V1-V10 financial ratios only.",Risk feature plus score fusion; alpha=0.70 selected only on search partition.,Platt_logistic_on_separate_calibration_partition,0.6815956103279709,0.9404761904761905,0.4939759036144578,0.6528925619834711,0.7707317073170732,0.6954225352112676,0.8643326039387309,0.48623809709279486,0.6090236871121821,0.7172260470453241,0.5060240963855421,0.7245508982035929,79.0,42.0,41.0,5.0,0.7839668100023407,0.8420826161790017,0.15597723664228516,0.4939081855425453,0.07411117746696225,0.0991758385859159,0.9354152690630287,10.0,0.5508982035928144,0.09967497291440953,0.9202380952380952,0.9642857142857143,0.3590361445783133,0.5301204819277109,0.6034920634920635,0.6738793103448276,0.8525801815004792,0.8864880747620686,0.4049054334528591,0.5440214100132955,0.5189763255688896,0.6512615832172685,0.7401152265860955,0.8524314763424666,0.8107573149741825,0.8897160068846817,0.1245233050953907,0.1756422444702366,20261036,2,North America,267,167,V1-V10_financial_only
PONE2016_h2_target_North_America,20260729,Full_PBMSBAINGO,cost_20,167,84,0.16522163112720328,"Same-horizon leave-one-region-out transfer; source regions=Asia,Europe; target region=North America; source-only fit/search/calibration; target labels untouched until final evaluation; V1-V10 financial ratios only.",Risk feature plus score fusion; alpha=0.70 selected only on search partition.,Platt_logistic_on_separate_calibration_partition,0.6815956103279709,0.9404761904761905,0.4939759036144578,0.6528925619834711,0.7707317073170732,0.6954225352112676,0.8643326039387309,0.48623809709279486,0.6090236871121821,0.7172260470453241,0.5060240963855421,0.7245508982035929,79.0,42.0,41.0,5.0,0.7839668100023407,0.8420826161790017,0.15597723664228516,0.4939081855425453,0.07411117746696225,0.0991758385859159,0.9354152690630287,20.0,0.8502994011976048,0.08054452637549632,0.9071428571428571,0.9285714285714286,0.4710843373493976,0.5385542168674698,0.6398726459829291,0.6701296787503684,0.8401197258451661,0.8618878410565248,0.44850937123481616,0.5058693726180497,0.5817096684464759,0.6314314881170429,0.7767819941146898,0.8392608587833397,0.8290590935169249,0.8821141709695925,0.1313250272096215,0.16659453450871808,20261036,2,North America,267,167,V1-V10_financial_only
PONE2016_h2_target_North_America,20260729,Uncertainty_gated_fusion,triad,167,84,0.6607185118114574,"Same-horizon leave-one-region-out transfer; source regions=Asia,Europe; target region=North America; source-only fit/search/calibration; target labels untouched until final evaluation; V1-V10 financial ratios only.","One-standard-error paired-bootstrap gate selected KELM_risk_feature; search utility difference=-0.0637, required margin=0.0734.",Platt_logistic_on_separate_calibration_partition,0.6810693222328744,0.5,0.927710843373494,0.875,0.6363636363636364,0.7608695652173914,0.546875,0.4725359454076894,0.6029377776821765,0.713855421686747,0.07228915662650602,0.2874251497005988,42.0,6.0,77.0,42.0,0.808537185876242,0.747705106138841,0.1986791936101094,0.5756001374002017,0.1178737663069485,0.28496493205458184,0.8109988927932397,,,,0.4333333333333333,0.5642857142857143,0.9072289156626506,0.963855421686747,0.8393617021276596,0.9309440559440559,0.4840833333333333,0.6115313181341013,0.4240251748514716,0.5597700531565661,0.5663282438613783,0.669584297827095,0.7690337633898777,0.83574241297376,0.6825731497418244,0.7854561101549052,0.18766685904633157,0.2222012055467464,20261082,2,North America,267,167,V1-V10_financial_only
PONE2016_h2_target_North_America,20260729,Uncertainty_gated_fusion,cost_1,167,84,0.4983667222470878,"Same-horizon leave-one-region-out transfer; source regions=Asia,Europe; target region=North America; source-only fit/search/calibration; target labels untouched until final evaluation; V1-V10 financial ratios only.","One-standard-error paired-bootstrap gate selected KELM_risk_feature; search utility difference=-0.0637, required margin=0.0734.",Platt_logistic_on_separate_calibration_partition,0.703446152034676,0.5476190476190477,0.9036144578313253,0.8518518518518519,0.6666666666666666,0.7666666666666667,0.5897435897435898,0.48232961392037815,0.6203001430938496,0.7256167527251864,0.0963855421686747,0.32335329341317365,46.0,8.0,75.0,38.0,0.808537185876242,0.747705106138841,0.1986791936101094,0.5756001374002017,0.1178737663069485,0.28496493205458184,0.8109988927932397,1.0,0.2754491017964072,0.2754491017964072,0.513095238095238,0.5821428571428572,0.8349397590361446,0.9156626506024096,0.7606140350877193,0.8651206636500754,0.5492139574333786,0.6178868841082582,0.3727196376392271,0.48814153755532447,0.5436003692066738,0.6280712693246767,0.764339572064549,0.8324119566946006,0.6866609294320138,0.7772518646012622,0.19058990569001774,0.22372268268025625,20261082,2,North America,267,167,V1-V10_financial_only
PONE2016_h2_target_North_America,20260729,Uncertainty_gated_fusion,cost_2,167,84,0.3215499627558066,"Same-horizon leave-one-region-out transfer; source regions=Asia,Europe; target region=North America; source-only fit/search/calibration; target labels untouched until final evaluation; V1-V10 financial ratios only.","One-standard-error paired-bootstrap gate selected KELM_risk_feature; search utility difference=-0.0637, required margin=0.0734.",Platt_logistic_on_separate_calibration_partition,0.658585559938142,0.6666666666666666,0.6506024096385542,0.6588235294117647,0.6627218934911243,0.660377358490566,0.665083135391924,0.31731459227651954,0.5163032009656469,0.6586345381526104,0.3493975903614458,0.5089820359281437,56.0,29.0,54.0,28.0,0.808537185876242,0.747705106138841,0.1986791936101094,0.5756001374002017,0.1178737663069485,0.28496493205458184,0.8109988927932397,2.0,0.5089820359281437,0.3386454183266932,0.6238095238095238,0.7,0.5963855421686747,0.6867469879518072,0.6241975308641975,0.6933805811481218,0.6268787786672071,0.6986604232450297,0.2590018412768344,0.3867972304233805,0.4674913963548012,0.5707509391974018,0.7972278197039491,0.8313608926716107,0.7191480206540447,0.7737951807228916,0.1873494674353495,0.20902815622254298,20261082,2,North America,267,167,V1-V10_financial_only
PONE2016_h2_target_North_America,20260729,Uncertainty_gated_fusion,cost_5,167,84,0.3215499627558066,"Same-horizon leave-one-region-out transfer; source regions=Asia,Europe; target region=North America; source-only fit/search/calibration; target labels untouched until final evaluation; V1-V10 financial ratios only.","One-standard-error paired-bootstrap gate selected KELM_risk_feature; search utility difference=-0.0637, required margin=0.0734.",Platt_logistic_on_separate_calibration_partition,0.658585559938142,0.6666666666666666,0.6506024096385542,0.6588235294117647,0.6627218934911243,0.660377358490566,0.665083135391924,0.31731459227651954,0.5163032009656469,0.6586345381526104,0.3493975903614458,0.5089820359281437,56.0,29.0,54.0,28.0,0.808537185876242,0.747705106138841,0.1986791936101094,0.5756001374002017,0.1178737663069485,0.28496493205458184,0.8109988927932397,5.0,1.0119760479041917,0.3359840954274354,0.5988095238095238,0.6869047619047619,0.5783132530120482,0.7144578313253012,0.5905228758169935,0.7082998661311913,0.5975370433208913,0.6904532711858682,0.17959665952724585,0.3991418264242695,0.39641722742439917,0.5796006882571982,0.7510328228575007,0.814150782061177,0.6705393000573724,0.7581755593803786,0.19585895704701017,0.22974534060076482,20261082,2,North America,267,167,V1-V10_financial_only
PONE2016_h2_target_North_America,20260729,Uncertainty_gated_fusion,cost_10,167,84,0.05929638109965798,"Same-horizon leave-one-region-out transfer; source regions=Asia,Europe; target region=North America; source-only fit/search/calibration; target labels untouched until final evaluation; V1-V10 financial ratios only.","One-standard-error paired-bootstrap gate selected KELM_risk_feature; search utility difference=-0.0637, required margin=0.0734.",Platt_logistic_on_separate_calibration_partition,0.0,1.0,0.0,0.5029940119760479,0.6693227091633466,0.5585106382978723,0.8349900596421471,0.0,0.0,0.5,1.0,1.0,84.0,83.0,0.0,0.0,0.808537185876242,0.747705106138841,0.1986791936101094,0.5756001374002017,0.1178737663069485,0.28496493205458184,0.8109988927932397,10.0,0.49700598802395207,0.08992416034669556,1.0,1.0,0.0,0.0,0.5029940119760479,0.5029940119760479,0.8349900596421471,0.8349900596421471,0.0,0.0,0.0,0.0,0.7471044635716051,0.820519714451026,0.6723034997131383,0.7721170395869191,0.19023054786897114,0.23300464918275593,20261082,2,North America,267,167,V1-V10_financial_only
PONE2016_h2_target_North_America,20260729,Uncertainty_gated_fusion,cost_20,167,84,0.05929638109965798,"Same-horizon leave-one-region-out transfer; source regions=Asia,Europe; target region=North America; source-only fit/search/calibration; target labels untouched until final evaluation; V1-V10 financial ratios only.","One-standard-error paired-bootstrap gate selected KELM_risk_feature; search utility difference=-0.0637, required margin=0.0734.",Platt_logistic_on_separate_calibration_partition,0.0,1.0,0.0,0.5029940119760479,0.6693227091633466,0.5585106382978723,0.8349900596421471,0.0,0.0,0.5,1.0,1.0,84.0,83.0,0.0,0.0,0.808537185876242,0.747705106138841,0.1986791936101094,0.5756001374002017,0.1178737663069485,0.28496493205458184,0.8109988927932397,20.0,0.49700598802395207,0.047078842881452074,1.0,1.0,0.0,0.0,0.5029940119760479,0.5029940119760479,0.8349900596421471,0.8349900596421471,0.0,0.0,0.0,0.0,0.796033240424654,0.8733803056067216,0.7359007458405048,0.8245697074010326,0.15757125686501985,0.21516976268873594,20261082,2,North America,267,167,V1-V10_financial_only
PONE2016_h2_target_North_America,20260729,Full_random_search,triad,167,84,0.9191743925804984,"Same-horizon leave-one-region-out transfer; source regions=Asia,Europe; target region=North America; source-only fit/search/calibration; target labels untouched until final evaluation; V1-V10 financial ratios only.",Same full architecture and 81 evaluations as PBMSBAINGO; alpha=0.70.,Platt_logistic_on_separate_calibration_partition,0.600129073896298,0.36904761904761907,0.9759036144578314,0.9393939393939394,0.5299145299145299,0.7175925925925926,0.42005420054200543,0.43313873354996574,0.5383178559358414,0.6724756167527253,0.024096385542168676,0.19760479041916168,31.0,2.0,81.0,53.0,0.87059450237866,0.8647446930579461,0.15912266188680543,0.478340505945951,0.08200232547003966,-0.07990935761580768,0.7790269134562947,,,,0.3107142857142857,0.4369047619047619,0.9650602409638555,0.9975903614457832,0.9028571428571429,0.9944444444444445,0.3583138173302108,0.4920796217821211,0.37261096073328426,0.523562124740057,0.4864958182477011,0.6110324268706302,0.8218774800636449,0.8838668604164878,0.8103843947217442,0.8625215146299484,0.1605240894378961,0.19763490316688662,20261130,2,North America,267,167,V1-V10_financial_only
PONE2016_h2_target_North_America,20260729,Full_random_search,cost_1,167,84,0.2199846243030861,"Same-horizon leave-one-region-out transfer; source regions=Asia,Europe; target region=North America; source-only fit/search/calibration; target labels untouched until final evaluation; V1-V10 financial ratios only.",Same full architecture and 81 evaluations as PBMSBAINGO; alpha=0.70.,Platt_logistic_on_separate_calibration_partition,0.757823982699822,0.9166666666666666,0.6265060240963856,0.7129629629629629,0.8020833333333334,0.7461240310077519,0.8671171171171171,0.5681705672232874,0.6884490541018662,0.7715863453815262,0.37349397590361444,0.6467065868263473,77.0,31.0,52.0,7.0,0.87059450237866,0.8647446930579461,0.15912266188680543,0.478340505945951,0.08200232547003966,-0.07990935761580768,0.7790269134562947,1.0,0.2275449101796407,0.2275449101796407,0.905952380952381,0.9285714285714286,0.5409638554216868,0.6626506024096386,0.6693764099258782,0.7353410740203192,0.8529565567176187,0.8819554848966613,0.4943834660227511,0.611850163768965,0.6256425929942304,0.7211885560166372,0.835585630527703,0.8897591197469286,0.8363453815261044,0.8854561101549053,0.14200349361000442,0.17466076050736667,20261130,2,North America,267,167,V1-V10_financial_only
PONE2016_h2_target_North_America,20260729,Full_random_search,cost_2,167,84,0.2199846243030861,"Same-horizon leave-one-region-out transfer; source regions=Asia,Europe; target region=North America; source-only fit/search/calibration; target labels untouched until final evaluation; V1-V10 financial ratios only.",Same full architecture and 81 evaluations as PBMSBAINGO; alpha=0.70.,Platt_logistic_on_separate_calibration_partition,0.757823982699822,0.9166666666666666,0.6265060240963856,0.7129629629629629,0.8020833333333334,0.7461240310077519,0.8671171171171171,0.5681705672232874,0.6884490541018662,0.7715863453815262,0.37349397590361444,0.6467065868263473,77.0,31.0,52.0,7.0,0.87059450237866,0.8647446930579461,0.15912266188680543,0.478340505945951,0.08200232547003966,-0.07990935761580768,0.7790269134562947,2.0,0.2694610778443114,0.17928286852589642,0.9047619047619048,0.9619047619047619,0.6024096385542169,0.7253012048192772,0.6977932060500869,0.7756585092471512,0.8545121765214296,0.9035011441647597,0.535580114698241,0.6825447832340746,0.6639277914514897,0.7741352080254857,0.8707987987543536,0.9027458418364972,0.8603843947217442,0.9045754446356855,0.13220981483300995,0.1645682018720158,20261130,2,North America,267,167,V1-V10_financial_only
PONE2016_h2_target_North_America,20260729,Full_random_search,cost_5,167,84,0.139258101496479,"Same-horizon leave-one-region-out transfer; source regions=Asia,Europe; target region=North America; source-only fit/search/calibration; target labels untouched until final evaluation; V1-V10 financial ratios only.",Same full architecture and 81 evaluations as PBMSBAINGO; alpha=0.70.,Platt_logistic_on_separate_calibration_partition,0.6898576769579587,0.9404761904761905,0.5060240963855421,0.6583333333333333,0.7745098039215687,0.700354609929078,0.8662280701754386,0.4964332701046218,0.6181966219250711,0.7232501434308662,0.4939759036144578,0.718562874251497,79.0,41.0,42.0,5.0,0.87059450237866,0.8647446930579461,0.15912266188680543,0.478340505945951,0.08200232547003966,-0.07990935761580768,0.7790269134562947,5.0,0.39520958083832336,0.1312127236580517,0.905952380952381,0.9285714285714286,0.46987951807228917,0.5614457831325301,0.6336363636363636,0.6818911685994647,0.8342450765864333,0.8659030837004406,0.4181466502770755,0.5274472173846311,0.5625165066494452,0.6502352177217682,0.8151723516740216,0.9131526808623555,0.8106138841078601,0.8998422260470453,0.1426033661687784,0.19446211885445783,20261130,2,North America,267,167,V1-V10_financial_only
PONE2016_h2_target_North_America,20260729,Full_random_search,cost_10,167,84,0.139258101496479,"Same-horizon leave-one-region-out transfer; source regions=Asia,Europe; target region=North America; source-only fit/search/calibration; target labels untouched until final evaluation; V1-V10 financial ratios only.",Same full architecture and 81 evaluations as PBMSBAINGO; alpha=0.70.,Platt_logistic_on_separate_calibration_partition,0.6898576769579587,0.9404761904761905,0.5060240963855421,0.6583333333333333,0.7745098039215687,0.700354609929078,0.8662280701754386,0.4964332701046218,0.6181966219250711,0.7232501434308662,0.4939759036144578,0.718562874251497,79.0,41.0,42.0,5.0,0.87059450237866,0.8647446930579461,0.15912266188680543,0.478340505945951,0.08200232547003966,-0.07990935761580768,0.7790269134562947,10.0,0.5449101796407185,0.09859154929577464,0.9071428571428571,0.9738095238095238,0.4144578313253012,0.6421686746987951,0.6172187154291664,0.7203940886699507,0.843438520541989,0.8854718171218868,0.4025384220136627,0.5735632702322563,0.5379732077844059,0.6943293348670357,0.8278287157499116,0.8903934525284503,0.8225329890992541,0.8876936316695353,0.14507395004522544,0.18305839901627596,20261130,2,North America,267,167,V1-V10_financial_only
PONE2016_h2_target_North_America,20260729,Full_random_search,cost_20,167,84,0.139258101496479,"Same-horizon leave-one-region-out transfer; source regions=Asia,Europe; target region=North America; source-only fit/search/calibration; target labels untouched until final evaluation; V1-V10 financial ratios only.",Same full architecture and 81 evaluations as PBMSBAINGO; alpha=0.70.,Platt_logistic_on_separate_calibration_partition,0.6898576769579587,0.9404761904761905,0.5060240963855421,0.6583333333333333,0.7745098039215687,0.700354609929078,0.8662280701754386,0.4964332701046218,0.6181966219250711,0.7232501434308662,0.4939759036144578,0.718562874251497,79.0,41.0,42.0,5.0,0.87059450237866,0.8647446930579461,0.15912266188680543,0.478340505945951,0.08200232547003966,-0.07990935761580768,0.7790269134562947,20.0,0.844311377245509,0.07997731140102099,0.9178571428571428,0.9630952380952381,0.43012048192771085,0.5771084337349397,0.6253887381724343,0.6965898687824229,0.8535328602283246,0.8945216560757865,0.4298647007662423,0.584440726839377,0.5577421880896507,0.6864367016119395,0.8492804475601994,0.9012970503426253,0.8440906483075157,0.9028399311531842,0.12924305710204737,0.17468385595856886,20261130,2,North America,267,167,V1-V10_financial_only
PONE2016_h2_target_North_America,20260729,Balanced_logistic,triad,167,84,0.5526900982000511,"Same-horizon leave-one-region-out transfer; source regions=Asia,Europe; target region=North America; source-only fit/search/calibration; target labels untouched until final evaluation; V1-V10 financial ratios only.",Class-weighted logistic reference using the same source-only fit/search/calibration and untouched regional target.,Platt_logistic_on_separate_calibration_partition,0.7162766287094263,0.5833333333333334,0.8795180722891566,0.8305084745762712,0.6853146853146853,0.765625,0.620253164556962,0.4841527384287163,0.6286100471391216,0.731425702811245,0.12048192771084337,0.3532934131736527,49.0,10.0,73.0,35.0,0.8534941456966716,0.8073723465289729,0.17868133891589966,0.5959567668017041,0.09898043245424734,0.13840026463894178,0.5605383650644322,,,,0.5607142857142857,0.6404761904761905,0.8228915662650602,0.9108433734939758,0.7635080645161291,0.8672727272727272,0.5927881093446773,0.6694776119402985,0.39978907842551165,0.5173400335709555,0.5698246014808577,0.653676465714007,0.8156048056488363,0.867084453550639,0.739041881812966,0.8217441193344809,0.16916969665344955,0.2098716770140175,20262030,2,North America,267,167,V1-V10_financial_only
PONE2016_h2_target_North_America,20260729,Balanced_logistic,cost_1,167,84,0.548031587102932,"Same-horizon leave-one-region-out transfer; source regions=Asia,Europe; target region=North America; source-only fit/search/calibration; target labels untouched until final evaluation; V1-V10 financial ratios only.",Class-weighted logistic reference using the same source-only fit/search/calibration and untouched regional target.,Platt_logistic_on_separate_calibration_partition,0.7185757571479554,0.5952380952380952,0.8674698795180723,0.819672131147541,0.6896551724137931,0.7621951219512195,0.6297229219143576,0.4804717122573639,0.6283539005554196,0.7313539873780838,0.13253012048192772,0.3652694610778443,50.0,11.0,72.0,34.0,0.8534941456966716,0.8073723465289729,0.17868133891589966,0.5959567668017041,0.09898043245424734,0.13840026463894178,0.5605383650644322,1.0,0.2694610778443114,0.2694610778443114,0.5857142857142857,0.6619047619047619,0.8192771084337349,0.9240963855421687,0.7773807021231869,0.8902631578947369,0.6226217874952051,0.6840501153478253,0.45083547032912713,0.5595716486571358,0.6116935901566978,0.6796211129495198,0.8508258899961927,0.8749324493459383,0.7939328743545611,0.8366465863453816,0.16404347491932142,0.18080338360902407,20262030,2,North America,267,167,V1-V10_financial_only
PONE2016_h2_target_North_America,20260729,Balanced_logistic,cost_2,167,84,0.5280682451838186,"Same-horizon leave-one-region-out transfer; source regions=Asia,Europe; target region=North America; source-only fit/search/calibration; target labels untouched until final evaluation; V1-V10 financial ratios only.",Class-weighted logistic reference using the same source-only fit/search/calibration and untouched regional target.,Platt_logistic_on_separate_calibration_partition,0.7225568167373793,0.6190476190476191,0.8433734939759037,0.8,0.697986577181208,0.7558139534883721,0.6483790523690773,0.47419784906565876,0.6279154874059706,0.7312105565117614,0.1566265060240964,0.38922155688622756,52.0,13.0,70.0,32.0,0.8534941456966716,0.8073723465289729,0.17868133891589966,0.5959567668017041,0.09898043245424734,0.13840026463894178,0.5605383650644322,2.0,0.46107784431137727,0.30677290836653387,0.5476190476190477,0.6916666666666667,0.7975903614457831,0.8867469879518072,0.7325526932084309,0.8446563088512241,0.5767315012973239,0.7140264333581534,0.3563528238496928,0.546816606010018,0.5378906481208103,0.6843153668752369,0.8044571716837841,0.8711892678162027,0.7472030981067126,0.8378944348823866,0.16673335613073298,0.2109573400259925,20262030,2,North America,267,167,V1-V10_financial_only
PONE2016_h2_target_North_America,20260729,Balanced_logistic,cost_5,167,84,0.5280682451838186,"Same-horizon leave-one-region-out transfer; source regions=Asia,Europe; target region=North America; source-only fit/search/calibration; target labels untouched until final evaluation; V1-V10 financial ratios only.",Class-weighted logistic reference using the same source-only fit/search/calibration and untouched regional target.,Platt_logistic_on_separate_calibration_partition,0.7225568167373793,0.6190476190476191,0.8433734939759037,0.8,0.697986577181208,0.7558139534883721,0.6483790523690773,0.47419784906565876,0.6279154874059706,0.7312105565117614,0.1566265060240964,0.38922155688622756,52.0,13.0,70.0,32.0,0.8534941456966716,0.8073723465289729,0.17868133891589966,0.5959567668017041,0.09898043245424734,0.13840026463894178,0.5605383650644322,5.0,1.035928143712575,0.34393638170974156,0.5964285714285714,0.6654761904761904,0.7951807228915663,0.9156626506024096,0.748030679933665,0.8811513734658094,0.6230334672695897,0.6927121344815842,0.40386475129066135,0.558289253841336,0.5778846904862385,0.6817382146708316,0.8339092413203999,0.8926797051461121,0.7842082616179002,0.8590074584050488,0.15385671925413186,0.19199265997605047,20262030,2,North America,267,167,V1-V10_financial_only
PONE2016_h2_target_North_America,20260729,Balanced_logistic,cost_10,167,84,0.12835317694666543,"Same-horizon leave-one-region-out transfer; source regions=Asia,Europe; target region=North America; source-only fit/search/calibration; target labels untouched until final evaluation; V1-V10 financial ratios only.",Class-weighted logistic reference using the same source-only fit/search/calibration and untouched regional target.,Platt_logistic_on_separate_calibration_partition,0.4897105354095492,0.9047619047619048,0.26506024096385544,0.5547445255474452,0.6877828054298643,0.6012658227848101,0.8033826638477801,0.2211831822974264,0.37573097455962756,0.5849110728628801,0.7349397590361446,0.8203592814371258,76.0,61.0,22.0,8.0,0.8534941456966716,0.8073723465289729,0.17868133891589966,0.5959567668017041,0.09898043245424734,0.13840026463894178,0.5605383650644322,10.0,0.844311377245509,0.15276273022751896,0.8702380952380953,0.9630952380952381,0.2,0.3325301204819277,0.5254008221993833,0.5780786267995571,0.7696959428932864,0.8497899159663865,0.10147660522558412,0.340947808784635,0.2572031836694788,0.45554863660713646,0.8393799119334208,0.8972021290107097,0.7746701090074585,0.8734222604704532,0.1443236234944109,0.19251312445335256,20262030,2,North America,267,167,V1-V10_financial_only
PONE2016_h2_target_North_America,20260729,Balanced_logistic,cost_20,167,84,0.12835317694666543,"Same-horizon leave-one-region-out transfer; source regions=Asia,Europe; target region=North America; source-only fit/search/calibration; target labels untouched until final evaluation; V1-V10 financial ratios only.",Class-weighted logistic reference using the same source-only fit/search/calibration and untouched regional target.,Platt_logistic_on_separate_calibration_partition,0.4897105354095492,0.9047619047619048,0.26506024096385544,0.5547445255474452,0.6877828054298643,0.6012658227848101,0.8033826638477801,0.2211831822974264,0.37573097455962756,0.5849110728628801,0.7349397590361446,0.8203592814371258,76.0,61.0,22.0,8.0,0.8534941456966716,0.8073723465289729,0.17868133891589966,0.5959567668017041,0.09898043245424734,0.13840026463894178,0.5605383650644322,20.0,1.3233532934131738,0.12535450935904707,0.8702380952380953,0.9380952380952381,0.19518072289156627,0.263855421686747,0.5255778356038573,0.5534222621902478,0.7757727820152549,0.8216776315789474,0.10459442586562574,0.22816918481678589,0.26185969923447294,0.37334055512251063,0.8232204899124033,0.8775852678751127,0.7613310384394723,0.8466580608146873,0.16075288013323183,0.2060450549762471,20262030,2,North America,267,167,V1-V10_financial_only
PONE2016_h3_target_Asia,20260729,HistGB,triad,92,46,0.706293898492192,"Same-horizon leave-one-region-out transfer; source regions=Europe,North America; target region=Asia; source-only fit/search/calibration; target labels untouched until final evaluation; V1-V10 financial ratios only.",No metaheuristic; threshold and Platt calibration use calibration partition.,Platt_logistic_on_separate_calibration_partition,0.6874516652539955,0.5434782608695652,0.8695652173913043,0.8064516129032258,0.6493506493506493,0.7352941176470589,0.5813953488372093,0.43692594732736023,0.5910588498969954,0.7065217391304348,0.13043478260869565,0.33695652173913043,25.0,6.0,40.0,21.0,0.8355040774194233,0.833648393194707,0.17638899877835587,0.5364223499824375,0.10922445446777926,-0.24563289080124787,1.5675160386211098,,,,0.4782608695652174,0.5652173913043478,0.85,0.9304347826086957,0.7859307359307359,0.8874423963133641,0.5191138334972727,0.6040938806130104,0.38074786857053905,0.5160228505798374,0.5414339893353758,0.6398019248507747,0.7979792709204827,0.9066098494034845,0.8112003780718336,0.9042533081285444,0.14606461291232617,0.1880487212879818,20260729,3,Asia,324,92,V1-V10_financial_only
PONE2016_h3_target_Asia,20260729,HistGB,cost_1,92,46,0.2940099216897724,"Same-horizon leave-one-region-out transfer; source regions=Europe,North America; target region=Asia; source-only fit/search/calibration; target labels untouched until final evaluation; V1-V10 financial ratios only.",No metaheuristic; threshold and Platt calibration use calibration partition.,Platt_logistic_on_separate_calibration_partition,0.5051717408096631,0.9782608695652174,0.2608695652173913,0.569620253164557,0.72,0.6215469613259669,0.8555133079847909,0.34324756367786313,0.44411473910443255,0.6195652173913043,0.7391304347826086,0.8586956521739131,45.0,34.0,12.0,1.0,0.8355040774194233,0.833648393194707,0.17638899877835587,0.5364223499824375,0.10922445446777926,-0.24563289080124787,1.5675160386211098,1.0,0.3804347826086957,0.3804347826086957,0.9586956521739131,1.0,0.2,0.34347826086956523,0.545679012345679,0.5989743589743589,0.8327211421192339,0.8769489227504494,0.24538269757222086,0.4233017481021858,0.36187127974528366,0.5210927036119818,0.8030018753686764,0.8513718697347419,0.7976370510396975,0.8600661625708885,0.16352966532069518,0.18961628662350274,20260729,3,Asia,324,92,V1-V10_financial_only
PONE2016_h3_target_Asia,20260729,HistGB,cost_2,92,46,0.2940099216897724,"Same-horizon leave-one-region-out transfer; source regions=Europe,North America; target region=Asia; source-only fit/search/calibration; target labels untouched until final evaluation; V1-V10 financial ratios only.",No metaheuristic; threshold and Platt calibration use calibration partition.,Platt_logistic_on_separate_calibration_partition,0.5051717408096631,0.9782608695652174,0.2608695652173913,0.569620253164557,0.72,0.6215469613259669,0.8555133079847909,0.34324756367786313,0.44411473910443255,0.6195652173913043,0.7391304347826086,0.8586956521739131,45.0,34.0,12.0,1.0,0.8355040774194233,0.833648393194707,0.17638899877835587,0.5364223499824375,0.10922445446777926,-0.24563289080124787,1.5675160386211098,2.0,0.391304347826087,0.2608695652173913,0.9391304347826087,0.9978260869565218,0.20217391304347826,0.3695652173913043,0.550864464340846,0.6070195195195195,0.8404458411654135,0.874281545671589,0.2857596628448345,0.4351231906947867,0.38347675052105007,0.5373825636874613,0.8094955081099743,0.9007280826151324,0.8069470699432892,0.8965028355387524,0.15209558362550607,0.1836539460731815,20260729,3,Asia,324,92,V1-V10_financial_only
PONE2016_h3_target_Asia,20260729,HistGB,cost_5,92,46,0.2940099216897724,"Same-horizon leave-one-region-out transfer; source regions=Europe,North America; target region=Asia; source-only fit/search/calibration; target labels untouched until final evaluation; V1-V10 financial ratios only.",No metaheuristic; threshold and Platt calibration use calibration partition.,Platt_logistic_on_separate_calibration_partition,0.5051717408096631,0.9782608695652174,0.2608695652173913,0.569620253164557,0.72,0.6215469613259669,0.8555133079847909,0.34324756367786313,0.44411473910443255,0.6195652173913043,0.7391304347826086,0.8586956521739131,45.0,34.0,12.0,1.0,0.8355040774194233,0.833648393194707,0.17638899877835587,0.5364223499824375,0.10922445446777926,-0.24563289080124787,1.5675160386211098,5.0,0.42391304347826086,0.14130434782608695,0.9586956521739131,1.0,0.21956521739130436,0.3239130434782609,0.5616681722372779,0.5864415584415584,0.8506856610304886,0.8708833619210977,0.35070091528103847,0.38682034377054003,0.4255844784294032,0.4846747666877208,0.7960838886780287,0.8549083343184524,0.7917296786389414,0.8631379962192818,0.16508050692020504,0.19105571992293394,20260729,3,Asia,324,92,V1-V10_financial_only
PONE2016_h3_target_Asia,20260729,HistGB,cost_10,92,46,0.0,"Same-horizon leave-one-region-out transfer; source regions=Europe,North America; target region=Asia; source-only fit/search/calibration; target labels untouched until final evaluation; V1-V10 financial ratios only.",No metaheuristic; threshold and Platt calibration use calibration partition.,Platt_logistic_on_separate_calibration_partition,0.0,1.0,0.0,0.5,0.6666666666666666,0.5555555555555556,0.8333333333333334,0.0,0.0,0.5,1.0,1.0,46.0,46.0,0.0,0.0,0.8355040774194233,0.833648393194707,0.17638899877835587,0.5364223499824375,0.10922445446777926,-0.24563289080124787,1.5675160386211098,10.0,0.5,0.09090909090909091,1.0,1.0,0.0,0.0,0.5,0.5,0.8333333333333334,0.8333333333333334,0.0,0.0,0.0,0.0,0.8128120691146977,0.9013484297166962,0.8108223062381852,0.8944234404536862,0.15338859595207616,0.18796446191185723,20260729,3,Asia,324,92,V1-V10_financial_only
PONE2016_h3_target_Asia,20260729,HistGB,cost_20,92,46,0.0,"Same-horizon leave-one-region-out transfer; source regions=Europe,North America; target region=Asia; source-only fit/search/calibration; target labels untouched until final evaluation; V1-V10 financial ratios only.",No metaheuristic; threshold and Platt calibration use calibration partition.,Platt_logistic_on_separate_calibration_partition,0.0,1.0,0.0,0.5,0.6666666666666666,0.5555555555555556,0.8333333333333334,0.0,0.0,0.5,1.0,1.0,46.0,46.0,0.0,0.0,0.8355040774194233,0.833648393194707,0.17638899877835587,0.5364223499824375,0.10922445446777926,-0.24563289080124787,1.5675160386211098,20.0,0.5,0.047619047619047616,1.0,1.0,0.0,0.0,0.5,0.5,0.8333333333333334,0.8333333333333334,0.0,0.0,0.0,0.0,0.8082813998929763,0.9108546085412389,0.8046313799621929,0.9098771266540644,0.1369618633111536,0.18317829981598963,20260729,3,Asia,324,92,V1-V10_financial_only
PONE2016_h3_target_Asia,20260729,KELM_PBMSBAINGO,triad,92,46,0.6621209126153088,"Same-horizon leave-one-region-out transfer; source regions=Europe,North America; target region=Asia; source-only fit/search/calibration; target labels untouched until final evaluation; V1-V10 financial ratios only.",Plain KELM; hyperparameters/features selected only on search partition.,Platt_logistic_on_separate_calibration_partition,0.7378505542816148,0.782608695652174,0.6956521739130435,0.72,0.75,0.7317073170731707,0.7692307692307693,0.4800793585191832,0.6393666064698755,0.7391304347826086,0.30434782608695654,0.5434782608695652,36.0,14.0,32.0,10.0,0.8673341761306749,0.8638941398865785,0.15643958754102158,0.47130351089214667,0.1474194153868551,-0.8204830649204529,1.4250413896479472,,,,0.7195652173913043,0.841304347826087,0.6565217391304348,0.7369565217391304,0.708409090909091,0.7345578231292518,0.7217474777894896,0.8115628423150825,0.43733769101406106,0.5089750600790086,0.6087241348142676,0.6556538809043064,0.8521591352258989,0.9042223147103549,0.8519848771266539,0.8959357277882797,0.14172296266767814,0.16016210537655598,20260830,3,Asia,324,92,V1-V10_financial_only
PONE2016_h3_target_Asia,20260729,KELM_PBMSBAINGO,cost_1,92,46,0.5897833815026459,"Same-horizon leave-one-region-out transfer; source regions=Europe,North America; target region=Asia; source-only fit/search/calibration; target labels untouched until final evaluation; V1-V10 financial ratios only.",Plain KELM; hyperparameters/features selected only on search partition.,Platt_logistic_on_separate_calibration_partition,0.7530655685082075,0.8695652173913043,0.6521739130434783,0.7142857142857143,0.7843137254901961,0.7407407407407407,0.8333333333333334,0.5345224838248488,0.6717544006508648,0.7608695652173914,0.34782608695652173,0.6086956521739131,40.0,16.0,30.0,6.0,0.8673341761306749,0.8638941398865785,0.15643958754102158,0.47130351089214667,0.1474194153868551,-0.8204830649204529,1.4250413896479472,1.0,0.2391304347826087,0.2391304347826087,0.8065217391304348,0.9543478260869566,0.6521739130434783,0.7565217391304349,0.7066666666666667,0.7705357142857143,0.7975043465662127,0.9010587431693989,0.4936709160170662,0.6652387593452244,0.6458589325225942,0.7622856017895696,0.8295134188858752,0.9088248014700678,0.824054820415879,0.9065689981096408,0.13094733414156184,0.1776829665858741,20260830,3,Asia,324,92,V1-V10_financial_only
PONE2016_h3_target_Asia,20260729,KELM_PBMSBAINGO,cost_2,92,46,0.3788237621189762,"Same-horizon leave-one-region-out transfer; source regions=Europe,North America; target region=Asia; source-only fit/search/calibration; target labels untouched until final evaluation; V1-V10 financial ratios only.",Plain KELM; hyperparameters/features selected only on search partition.,Platt_logistic_on_separate_calibration_partition,0.7577576112144947,0.9782608695652174,0.5869565217391305,0.703125,0.8181818181818182,0.7450331125827815,0.907258064516129,0.6141922686399942,0.7065154335723276,0.782608695652174,0.41304347826086957,0.6956521739130435,45.0,19.0,27.0,1.0,0.8673341761306749,0.8638941398865785,0.15643958754102158,0.47130351089214667,0.1474194153868551,-0.8204830649204529,1.4250413896479472,2.0,0.22826086956521738,0.15217391304347827,0.9782608695652174,1.0,0.5239130434782608,0.6478260869565218,0.673134328358209,0.7358094262295082,0.8974987148181468,0.9265141540487162,0.5668662218132562,0.6663420577894622,0.662785084156081,0.7507534404926484,0.860830323676332,0.8865085128903526,0.848109640831758,0.885586011342155,0.14226781077594594,0.1621782998190938,20260830,3,Asia,324,92,V1-V10_financial_only
PONE2016_h3_target_Asia,20260729,KELM_PBMSBAINGO,cost_5,92,46,0.19360528578514363,"Same-horizon leave-one-region-out transfer; source regions=Europe,North America; target region=Asia; source-only fit/search/calibration; target labels untouched until final evaluation; V1-V10 financial ratios only.",Plain KELM; hyperparameters/features selected only on search partition.,Platt_logistic_on_separate_calibration_partition,0.4662524041201569,1.0,0.21739130434782608,0.5609756097560976,0.71875,0.6149732620320856,0.8646616541353384,0.34921514788478913,0.42342686984676964,0.6086956521739131,0.782608695652174,0.8913043478260869,46.0,36.0,10.0,0.0,0.8673341761306749,0.8638941398865785,0.15643958754102158,0.47130351089214667,0.1474194153868551,-0.8204830649204529,1.4250413896479472,5.0,0.391304347826087,0.13043478260869565,1.0,1.0,0.09565217391304348,0.25869565217391305,0.5252164502164502,0.5742901234567901,0.846850307287094,0.8708833619210977,0.22274131471246775,0.385419887718172,0.275919384204942,0.4636786586717481,0.8283101207431015,0.9151899693657711,0.795226843100189,0.9158790170132325,0.13709073763532864,0.1999649051015697,20260830,3,Asia,324,92,V1-V10_financial_only
PONE2016_h3_target_Asia,20260729,KELM_PBMSBAINGO,cost_10,92,46,0.19360528578514363,"Same-horizon leave-one-region-out transfer; source regions=Europe,North America; target region=Asia; source-only fit/search/calibration; target labels untouched until final evaluation; V1-V10 financial ratios only.",Plain KELM; hyperparameters/features selected only on search partition.,Platt_logistic_on_separate_calibration_partition,0.4662524041201569,1.0,0.21739130434782608,0.5609756097560976,0.71875,0.6149732620320856,0.8646616541353384,0.34921514788478913,0.42342686984676964,0.6086956521739131,0.782608695652174,0.8913043478260869,46.0,36.0,10.0,0.0,0.8673341761306749,0.8638941398865785,0.15643958754102158,0.47130351089214667,0.1474194153868551,-0.8204830649204529,1.4250413896479472,10.0,0.391304347826087,0.07114624505928854,1.0,1.0,0.13260869565217392,0.2826086956521739,0.5355129958960327,0.5822784810126582,0.8521685254027261,0.8745247148288974,0.266418946867096,0.4056562116192928,0.3280675316373157,0.4857892316679609,0.8394223735136876,0.9028513928714863,0.8331285444234404,0.8934782608695653,0.14351053643237954,0.16783534977895428,20260830,3,Asia,324,92,V1-V10_financial_only
PONE2016_h3_target_Asia,20260729,KELM_PBMSBAINGO,cost_20,92,46,0.19360528578514363,"Same-horizon leave-one-region-out transfer; source regions=Europe,North America; target region=Asia; source-only fit/search/calibration; target labels untouched until final evaluation; V1-V10 financial ratios only.",Plain KELM; hyperparameters/features selected only on search partition.,Platt_logistic_on_separate_calibration_partition,0.4662524041201569,1.0,0.21739130434782608,0.5609756097560976,0.71875,0.6149732620320856,0.8646616541353384,0.34921514788478913,0.42342686984676964,0.6086956521739131,0.782608695652174,0.8913043478260869,46.0,36.0,10.0,0.0,0.8673341761306749,0.8638941398865785,0.15643958754102158,0.47130351089214667,0.1474194153868551,-0.8204830649204529,1.4250413896479472,20.0,0.391304347826087,0.037267080745341616,1.0,1.0,0.14130434782608695,0.3391304347826087,0.5381854722939994,0.6022368421052632,0.8534591194968554,0.8832750582750583,0.2745731312674229,0.4516781544290854,0.33735291674192647,0.5347564697724627,0.8687087695245925,0.9084526928529821,0.8723062381852551,0.8985349716446125,0.13920629198624676,0.15274827816305342,20260830,3,Asia,324,92,V1-V10_financial_only
PONE2016_h3_target_Asia,20260729,KELM_score_fusion,triad,92,46,0.732740785038925,"Same-horizon leave-one-region-out transfer; source regions=Europe,North America; target region=Asia; source-only fit/search/calibration; target labels untouched until final evaluation; V1-V10 financial ratios only.",Plain KELM plus HistGB score-level fusion; alpha=0.70 selected only on search partition.,Platt_logistic_on_separate_calibration_partition,0.7310944226434886,0.6304347826086957,0.8478260869565217,0.8055555555555556,0.7073170731707317,0.7631578947368421,0.6590909090909091,0.48997894350611143,0.6397959002388808,0.7391304347826086,0.15217391304347827,0.391304347826087,29.0,7.0,39.0,17.0,0.8628892945123761,0.8667296786389413,0.15374467695748564,0.47506141769540355,0.10976067701492297,-0.46363484888651096,1.3535978298982556,,,,0.5282608695652173,0.6717391304347826,0.808695652173913,0.908695652173913,0.755,0.8779014308426073,0.566036533559898,0.7000290589065548,0.40253917720018806,0.5823603857751067,0.574158995846182,0.7021697036792809,0.8292508064836692,0.8859445984084285,0.8198960302457468,0.8979206049149339,0.13481524387599259,0.18043872637677827,20260832,3,Asia,324,92,V1-V10_financial_only
PONE2016_h3_target_Asia,20260729,KELM_score_fusion,cost_1,92,46,0.44422450482042397,"Same-horizon leave-one-region-out transfer; source regions=Europe,North America; target region=Asia; source-only fit/search/calibration; target labels untouched until final evaluation; V1-V10 financial ratios only.",Plain KELM plus HistGB score-level fusion; alpha=0.70 selected only on search partition.,Platt_logistic_on_separate_calibration_partition,0.7969696860792765,0.9130434782608695,0.6956521739130435,0.75,0.8235294117647058,0.7777777777777778,0.875,0.6236095644623236,0.7343990802164854,0.8043478260869565,0.30434782608695654,0.6086956521739131,42.0,14.0,32.0,4.0,0.8628892945123761,0.8667296786389413,0.15374467695748564,0.47506141769540355,0.10976067701492297,-0.46363484888651096,1.3535978298982556,1.0,0.1956521739130435,0.1956521739130435,0.8543478260869565,0.9760869565217392,0.6130434782608696,0.7782608695652175,0.7035849056603773,0.8054945054945055,0.8265719028844158,0.9181972789115647,0.5479385355314725,0.711591622134381,0.6741296180876185,0.7956121291285997,0.8314835897386023,0.9100308186690473,0.8254253308128544,0.907797731568998,0.13524539704292154,0.1755144872264716,20260832,3,Asia,324,92,V1-V10_financial_only
PONE2016_h3_target_Asia,20260729,KELM_score_fusion,cost_2,92,46,0.3020922396182033,"Same-horizon leave-one-region-out transfer; source regions=Europe,North America; target region=Asia; source-only fit/search/calibration; target labels untouched until final evaluation; V1-V10 financial ratios only.",Plain KELM plus HistGB score-level fusion; alpha=0.70 selected only on search partition.,Platt_logistic_on_separate_calibration_partition,0.7144207271806514,0.9782608695652174,0.5217391304347826,0.6716417910447762,0.7964601769911505,0.7165605095541401,0.896414342629482,0.561979444039004,0.6594919632531344,0.75,0.4782608695652174,0.7282608695652174,45.0,22.0,24.0,1.0,0.8628892945123761,0.8667296786389413,0.15374467695748564,0.47506141769540355,0.10976067701492297,-0.46363484888651096,1.3535978298982556,2.0,0.2608695652173913,0.17391304347826086,0.9152173913043478,0.9978260869565218,0.5,0.6608695652173913,0.6617647058823529,0.7308049535603715,0.8673788649444519,0.9107142857142857,0.5221891502126357,0.6034538529287692,0.6417172149839445,0.7149255237620867,0.8455153187555545,0.9012148878159338,0.8496219281663515,0.907608695652174,0.1300142109607447,0.1538915832100383,20260832,3,Asia,324,92,V1-V10_financial_only
PONE2016_h3_target_Asia,20260729,KELM_score_fusion,cost_5,92,46,0.20131058902138127,"Same-horizon leave-one-region-out transfer; source regions=Europe,North America; target region=Asia; source-only fit/search/calibration; target labels untouched until final evaluation; V1-V10 financial ratios only.",Plain KELM plus HistGB score-level fusion; alpha=0.70 selected only on search partition.,Platt_logistic_on_separate_calibration_partition,0.48900964692182575,1.0,0.2391304347826087,0.5679012345679012,0.7244094488188977,0.6216216216216216,0.8679245283018868,0.36851386559504445,0.44500295567310566,0.6195652173913043,0.7608695652173914,0.8804347826086957,46.0,35.0,11.0,0.0,0.8628892945123761,0.8667296786389413,0.15374467695748564,0.47506141769540355,0.10976067701492297,-0.46363484888651096,1.3535978298982556,5.0,0.3804347826086957,0.12681159420289856,1.0,1.0,0.21956521739130436,0.3021739130434783,0.5616681722372779,0.5889970788704966,0.8649879415519932,0.8775288073607523,0.3511450196558147,0.4218589667432748,0.4255844784294032,0.5032578395302134,0.8304659522975446,0.9073767256151661,0.8208884688090737,0.8987712665406428,0.14720803767499963,0.18408225371930234,20260832,3,Asia,324,92,V1-V10_financial_only
PONE2016_h3_target_Asia,20260729,KELM_score_fusion,cost_10,92,46,0.20131058902138127,"Same-horizon leave-one-region-out transfer; source regions=Europe,North America; target region=Asia; source-only fit/search/calibration; target labels untouched until final evaluation; V1-V10 financial ratios only.",Plain KELM plus HistGB score-level fusion; alpha=0.70 selected only on search partition.,Platt_logistic_on_separate_calibration_partition,0.48900964692182575,1.0,0.2391304347826087,0.5679012345679012,0.7244094488188977,0.6216216216216216,0.8679245283018868,0.36851386559504445,0.44500295567310566,0.6195652173913043,0.7608695652173914,0.8804347826086957,46.0,35.0,11.0,0.0,0.8628892945123761,0.8667296786389413,0.15374467695748564,0.47506141769540355,0.10976067701492297,-0.46363484888651096,1.3535978298982556,10.0,0.3804347826086957,0.0691699604743083,1.0,1.0,0.1760869565217391,0.33695652173913043,0.5482788296041309,0.6015269655620533,0.8585303817988709,0.8829462989840348,0.31067530792867254,0.4497997075265156,0.37957458031698177,0.5326813916615024,0.8537341257221254,0.885424653754485,0.8597826086956522,0.8975897920604915,0.1352491065506564,0.15669840042360594,20260832,3,Asia,324,92,V1-V10_financial_only
PONE2016_h3_target_Asia,20260729,KELM_score_fusion,cost_20,92,46,0.20131058902138127,"Same-horizon leave-one-region-out transfer; source regions=Europe,North America; target region=Asia; source-only fit/search/calibration; target labels untouched until final evaluation; V1-V10 financial ratios only.",Plain KELM plus HistGB score-level fusion; alpha=0.70 selected only on search partition.,Platt_logistic_on_separate_calibration_partition,0.48900964692182575,1.0,0.2391304347826087,0.5679012345679012,0.7244094488188977,0.6216216216216216,0.8679245283018868,0.36851386559504445,0.44500295567310566,0.6195652173913043,0.7608695652173914,0.8804347826086957,46.0,35.0,11.0,0.0,0.8628892945123761,0.8667296786389413,0.15374467695748564,0.47506141769540355,0.10976067701492297,-0.46363484888651096,1.3535978298982556,20.0,0.3804347826086957,0.036231884057971016,1.0,1.0,0.21956521739130436,0.3021739130434783,0.5616681722372779,0.5889970788704966,0.8649879415519932,0.8775288073607523,0.3511450196558147,0.4218589667432748,0.4255844784294032,0.5032578395302134,0.8255304299892736,0.9086245840264243,0.8248582230623819,0.9152173913043478,0.12277133309670168,0.1780623810536459,20260832,3,Asia,324,92,V1-V10_financial_only
PONE2016_h3_target_Asia,20260729,KELM_risk_feature,triad,92,46,0.542425405939875,"Same-horizon leave-one-region-out transfer; source regions=Europe,North America; target region=Asia; source-only fit/search/calibration; target labels untouched until final evaluation; V1-V10 financial ratios only.",OOF HistGB risk is a forced KELM input; no score-level fusion.,Platt_logistic_on_separate_calibration_partition,0.7934038082997678,0.782608695652174,0.8043478260869565,0.8,0.7912087912087912,0.7964601769911505,0.7860262008733624,0.587095265748098,0.717627456642522,0.7934782608695652,0.1956521739130435,0.4891304347826087,36.0,9.0,37.0,10.0,0.8895642865372688,0.8960302457466919,0.13602582733062074,0.4298862366441802,0.12306443804564746,-0.36978954284352017,1.1073215605843587,,,,0.7630434782608696,0.8673913043478261,0.7021739130434782,0.9065217391304348,0.7240869565217392,0.9013854527461652,0.7617056856187292,0.8651238629212198,0.48424533571074313,0.7579996545325995,0.6425251190437268,0.8358305790166104,0.8522589390053751,0.9446275266201137,0.8439035916824197,0.9430056710775048,0.09697192032207455,0.1693445967358434,20260940,3,Asia,324,92,V1-V10_financial_only
PONE2016_h3_target_Asia,20260729,KELM_risk_feature,cost_1,92,46,0.4550695661398293,"Same-horizon leave-one-region-out transfer; source regions=Europe,North America; target region=Asia; source-only fit/search/calibration; target labels untouched until final evaluation; V1-V10 financial ratios only.",OOF HistGB risk is a forced KELM input; no score-level fusion.,Platt_logistic_on_separate_calibration_partition,0.8453140041401557,0.9130434782608695,0.782608695652174,0.8076923076923077,0.8571428571428571,0.8267716535433071,0.8898305084745762,0.7016464154456235,0.7944223968261387,0.8478260869565217,0.21739130434782608,0.5652173913043478,42.0,10.0,36.0,4.0,0.8895642865372688,0.8960302457466919,0.13602582733062074,0.4298862366441802,0.12306443804564746,-0.36978954284352017,1.1073215605843587,1.0,0.15217391304347827,0.15217391304347827,0.8478260869565217,0.932608695652174,0.6782608695652174,0.8217391304347826,0.7267857142857143,0.8275777414075286,0.8218105423987777,0.8952330508474576,0.5382257098949077,0.6988890081165835,0.6776485098336947,0.7928458853337956,0.8226977209151437,0.9136336503437809,0.826937618147448,0.904773156899811,0.12843468950273,0.18036048698110924,20260940,3,Asia,324,92,V1-V10_financial_only
PONE2016_h3_target_Asia,20260729,KELM_risk_feature,cost_2,92,46,0.3070791725906467,"Same-horizon leave-one-region-out transfer; source regions=Europe,North America; target region=Asia; source-only fit/search/calibration; target labels untouched until final evaluation; V1-V10 financial ratios only.",OOF HistGB risk is a forced KELM input; no score-level fusion.,Platt_logistic_on_separate_calibration_partition,0.73528410979512,0.9565217391304348,0.5652173913043478,0.6875,0.8,0.7284768211920529,0.8870967741935484,0.5669467095138409,0.6742446877015849,0.7608695652173914,0.43478260869565216,0.6956521739130435,44.0,20.0,26.0,2.0,0.8895642865372688,0.8960302457466919,0.13602582733062074,0.4298862366441802,0.12306443804564746,-0.36978954284352017,1.1073215605843587,2.0,0.2608695652173913,0.17391304347826086,0.8739130434782608,0.9782608695652174,0.5217391304347826,0.6065217391304348,0.662051282051282,0.7117096018735363,0.8234192037470727,0.9094794909431102,0.4609199593116349,0.6247064935422135,0.6093873830359987,0.7156184296648699,0.8620754544743224,0.9119023986553233,0.8709357277882798,0.9089792060491493,0.13249393272786328,0.14842894193709752,20260940,3,Asia,324,92,V1-V10_financial_only
PONE2016_h3_target_Asia,20260729,KELM_risk_feature,cost_5,92,46,0.3070791725906467,"Same-horizon leave-one-region-out transfer; source regions=Europe,North America; target region=Asia; source-only fit/search/calibration; target labels untouched until final evaluation; V1-V10 financial ratios only.",OOF HistGB risk is a forced KELM input; no score-level fusion.,Platt_logistic_on_separate_calibration_partition,0.73528410979512,0.9565217391304348,0.5652173913043478,0.6875,0.8,0.7284768211920529,0.8870967741935484,0.5669467095138409,0.6742446877015849,0.7608695652173914,0.43478260869565216,0.6956521739130435,44.0,20.0,26.0,2.0,0.8895642865372688,0.8960302457466919,0.13602582733062074,0.4298862366441802,0.12306443804564746,-0.36978954284352017,1.1073215605843587,5.0,0.32608695652173914,0.10869565217391304,0.9369565217391305,0.9760869565217392,0.48043478260869565,0.5869565217391305,0.6432835820895522,0.7026537698412698,0.8585657370517928,0.9056010839754473,0.4691306663282121,0.6112615756379611,0.5954714096567967,0.7048545826922149,0.8553052004184233,0.917314836578722,0.8622400756143668,0.9190926275992438,0.11904739940134303,0.15735275236592774,20260940,3,Asia,324,92,V1-V10_financial_only
PONE2016_h3_target_Asia,20260729,KELM_risk_feature,cost_10,92,46,0.1730566662884172,"Same-horizon leave-one-region-out transfer; source regions=Europe,North America; target region=Asia; source-only fit/search/calibration; target labels untouched until final evaluation; V1-V10 financial ratios only.",OOF HistGB risk is a forced KELM input; no score-level fusion.,Platt_logistic_on_separate_calibration_partition,0.5710402407201608,1.0,0.32608695652173914,0.5974025974025974,0.7479674796747967,0.6497175141242938,0.8812260536398467,0.4413674147523748,0.5240562418805986,0.6630434782608696,0.6739130434782609,0.8369565217391305,46.0,31.0,15.0,0.0,0.8895642865372688,0.8960302457466919,0.13602582733062074,0.4298862366441802,0.12306443804564746,-0.36978954284352017,1.1073215605843587,10.0,0.33695652173913043,0.06126482213438735,1.0,1.0,0.24130434782608695,0.3695652173913043,0.5686111111111111,0.6133333333333333,0.8682532875929103,0.888030888030888,0.3703923124976142,0.4760952285695233,0.44707803378406596,0.560352920230425,0.8765536920264937,0.9494298917144324,0.8751417769376181,0.9493383742911153,0.09796378367445213,0.14741945694393513,20260940,3,Asia,324,92,V1-V10_financial_only
PONE2016_h3_target_Asia,20260729,KELM_risk_feature,cost_20,92,46,0.1730566662884172,"Same-horizon leave-one-region-out transfer; source regions=Europe,North America; target region=Asia; source-only fit/search/calibration; target labels untouched until final evaluation; V1-V10 financial ratios only.",OOF HistGB risk is a forced KELM input; no score-level fusion.,Platt_logistic_on_separate_calibration_partition,0.5710402407201608,1.0,0.32608695652173914,0.5974025974025974,0.7479674796747967,0.6497175141242938,0.8812260536398467,0.4413674147523748,0.5240562418805986,0.6630434782608696,0.6739130434782609,0.8369565217391305,46.0,31.0,15.0,0.0,0.8895642865372688,0.8960302457466919,0.13602582733062074,0.4298862366441802,0.12306443804564746,-0.36978954284352017,1.1073215605843587,20.0,0.33695652173913043,0.032091097308488616,1.0,1.0,0.22391304347826085,0.391304347826087,0.5631058968817537,0.6216216216216216,0.8656479602046943,0.8914728682170543,0.3548592542582395,0.4931969619160719,0.42966310602888874,0.5778897906638062,0.8081024547965261,0.9530112374325643,0.8295841209829867,0.952882797731569,0.09778433757283378,0.1688023617567423,20260940,3,Asia,324,92,V1-V10_financial_only
PONE2016_h3_target_Asia,20260729,Full_PBMSBAINGO,triad,92,46,0.6606588317364722,"Same-horizon leave-one-region-out transfer; source regions=Europe,North America; target region=Asia; source-only fit/search/calibration; target labels untouched until final evaluation; V1-V10 financial ratios only.",Risk feature plus score fusion; alpha=0.70 selected only on search partition.,Platt_logistic_on_separate_calibration_partition,0.6997163886709166,0.6086956521739131,0.8043478260869565,0.7567567567567568,0.6746987951807228,0.7216494845360825,0.6334841628959276,0.42118354359539906,0.5907972911968884,0.7065217391304348,0.1956521739130435,0.40217391304347827,28.0,9.0,37.0,18.0,0.871496153305636,0.8648393194706995,0.1609342876871694,0.49545639304996064,0.13489000107241797,-0.3117358676507973,1.5195245357562641,,,,0.6086956521739131,0.7152173913043478,0.7869565217391304,0.9456521739130435,0.7657142857142857,0.921578947368421,0.6407630265010882,0.7307964601769911,0.47115404723538284,0.5972462601444838,0.6252785465123842,0.7035455534017409,0.8943279613211946,0.95103603505721,0.8892249527410208,0.951843100189036,0.1263838832971084,0.153747260499339,20261036,3,Asia,324,92,V1-V10_financial_only
PONE2016_h3_target_Asia,20260729,Full_PBMSBAINGO,cost_1,92,46,0.28171014835333985,"Same-horizon leave-one-region-out transfer; source regions=Europe,North America; target region=Asia; source-only fit/search/calibration; target labels untouched until final evaluation; V1-V10 financial ratios only.",Risk feature plus score fusion; alpha=0.70 selected only on search partition.,Platt_logistic_on_separate_calibration_partition,0.5647991763811556,0.9782608695652174,0.32608695652173914,0.5921052631578947,0.7377049180327869,0.6428571428571429,0.8653846153846154,0.4014775342734831,0.5040610261627837,0.6521739130434783,0.6739130434782609,0.8260869565217391,45.0,31.0,15.0,1.0,0.871496153305636,0.8648393194706995,0.1609342876871694,0.49545639304996064,0.13489000107241797,-0.3117358676507973,1.5195245357562641,1.0,0.34782608695652173,0.34782608695652173,0.9782608695652174,1.0,0.2608695652173913,0.3804347826086957,0.569620253164557,0.6176873075607252,0.8555133079847909,0.8897780528782386,0.34324756367786313,0.484442886886394,0.44411473910443255,0.5686797347642216,0.8128887822276137,0.8889472404114445,0.8071833648393194,0.8784971644612476,0.15990970881714237,0.1866481931481528,20261036,3,Asia,324,92,V1-V10_financial_only
PONE2016_h3_target_Asia,20260729,Full_PBMSBAINGO,cost_2,92,46,0.28171014835333985,"Same-horizon leave-one-region-out transfer; source regions=Europe,North America; target region=Asia; source-only fit/search/calibration; target labels untouched until final evaluation; V1-V10 financial ratios only.",Risk feature plus score fusion; alpha=0.70 selected only on search partition.,Platt_logistic_on_separate_calibration_partition,0.5647991763811556,0.9782608695652174,0.32608695652173914,0.5921052631578947,0.7377049180327869,0.6428571428571429,0.8653846153846154,0.4014775342734831,0.5040610261627837,0.6521739130434783,0.6739130434782609,0.8260869565217391,45.0,31.0,15.0,1.0,0.871496153305636,0.8648393194706995,0.1609342876871694,0.49545639304996064,0.13489000107241797,-0.3117358676507973,1.5195245357562641,2.0,0.358695652173913,0.2391304347826087,0.9369565217391305,0.9782608695652174,0.19782608695652174,0.4108695652173913,0.5444444444444444,0.6183098591549295,0.8314835368109508,0.8626774847870183,0.24120907566221092,0.43508134256468334,0.35748500508916464,0.5545746609708537,0.8432812956740942,0.9106330077489109,0.834640831758034,0.8946597353497164,0.14342253357618348,0.17094398014386583,20261036,3,Asia,324,92,V1-V10_financial_only
PONE2016_h3_target_Asia,20260729,Full_PBMSBAINGO,cost_5,92,46,0.28171014835333985,"Same-horizon leave-one-region-out transfer; source regions=Europe,North America; target region=Asia; source-only fit/search/calibration; target labels untouched until final evaluation; V1-V10 financial ratios only.",Risk feature plus score fusion; alpha=0.70 selected only on search partition.,Platt_logistic_on_separate_calibration_partition,0.5647991763811556,0.9782608695652174,0.32608695652173914,0.5921052631578947,0.7377049180327869,0.6428571428571429,0.8653846153846154,0.4014775342734831,0.5040610261627837,0.6521739130434783,0.6739130434782609,0.8260869565217391,45.0,31.0,15.0,1.0,0.871496153305636,0.8648393194706995,0.1609342876871694,0.49545639304996064,0.13489000107241797,-0.3117358676507973,1.5195245357562641,5.0,0.391304347826087,0.13043478260869565,0.8739130434782608,0.9978260869565218,0.3065217391304348,0.41304347826086957,0.567953667953668,0.6296232876712329,0.7900567661600439,0.8933380958171206,0.2567410673644911,0.5065876444801274,0.4240137951913939,0.593222227683692,0.8416525555571637,0.9243460404373955,0.8035916824196597,0.9213610586011343,0.13251824070601045,0.1854836830793471,20261036,3,Asia,324,92,V1-V10_financial_only
PONE2016_h3_target_Asia,20260729,Full_PBMSBAINGO,cost_10,92,46,0.0,"Same-horizon leave-one-region-out transfer; source regions=Europe,North America; target region=Asia; source-only fit/search/calibration; target labels untouched until final evaluation; V1-V10 financial ratios only.",Risk feature plus score fusion; alpha=0.70 selected only on search partition.,Platt_logistic_on_separate_calibration_partition,0.0,1.0,0.0,0.5,0.6666666666666666,0.5555555555555556,0.8333333333333334,0.0,0.0,0.5,1.0,1.0,46.0,46.0,0.0,0.0,0.871496153305636,0.8648393194706995,0.1609342876871694,0.49545639304996064,0.13489000107241797,-0.3117358676507973,1.5195245357562641,10.0,0.5,0.09090909090909091,1.0,1.0,0.0,0.0,0.5,0.5,0.8333333333333334,0.8333333333333334,0.0,0.0,0.0,0.0,0.8761485717677382,0.8968401912974242,0.8758506616257089,0.8870037807183365,0.14706146956262212,0.158677483355468,20261036,3,Asia,324,92,V1-V10_financial_only
PONE2016_h3_target_Asia,20260729,Full_PBMSBAINGO,cost_20,92,46,0.0,"Same-horizon leave-one-region-out transfer; source regions=Europe,North America; target region=Asia; source-only fit/search/calibration; target labels untouched until final evaluation; V1-V10 financial ratios only.",Risk feature plus score fusion; alpha=0.70 selected only on search partition.,Platt_logistic_on_separate_calibration_partition,0.0,1.0,0.0,0.5,0.6666666666666666,0.5555555555555556,0.8333333333333334,0.0,0.0,0.5,1.0,1.0,46.0,46.0,0.0,0.0,0.871496153305636,0.8648393194706995,0.1609342876871694,0.49545639304996064,0.13489000107241797,-0.3117358676507973,1.5195245357562641,20.0,0.5,0.047619047619047616,1.0,1.0,0.0,0.0,0.5,0.5,0.8333333333333334,0.8333333333333334,0.0,0.0,0.0,0.0,0.846307222730647,0.8960872659012931,0.8454631379962193,0.8915406427221172,0.14795668966265785,0.16609126848981004,20261036,3,Asia,324,92,V1-V10_financial_only
PONE2016_h3_target_Asia,20260729,Uncertainty_gated_fusion,triad,92,46,0.542425405939875,"Same-horizon leave-one-region-out transfer; source regions=Europe,North America; target region=Asia; source-only fit/search/calibration; target labels untouched until final evaluation; V1-V10 financial ratios only.","One-standard-error paired-bootstrap gate selected KELM_risk_feature; search utility difference=-0.0737, required margin=0.0601.",Platt_logistic_on_separate_calibration_partition,0.7934038082997678,0.782608695652174,0.8043478260869565,0.8,0.7912087912087912,0.7964601769911505,0.7860262008733624,0.587095265748098,0.717627456642522,0.7934782608695652,0.1956521739130435,0.4891304347826087,36.0,9.0,37.0,10.0,0.8895642865372688,0.8960302457466919,0.13602582733062074,0.4298862366441802,0.12306443804564746,-0.36978954284352017,1.1073215605843587,,,,0.7282608695652174,0.8652173913043478,0.7217391304347825,0.8891304347826087,0.7567963034270312,0.8799642218246869,0.7474643468888932,0.8431941114147103,0.5887751866335821,0.7122470397155418,0.7177700139313994,0.8043866422207361,0.8515838307395202,0.9226913020176882,0.853780718336484,0.922258979206049,0.12037887307340339,0.16358832405116402,20261082,3,Asia,324,92,V1-V10_financial_only
PONE2016_h3_target_Asia,20260729,Uncertainty_gated_fusion,cost_1,92,46,0.4550695661398293,"Same-horizon leave-one-region-out transfer; source regions=Europe,North America; target region=Asia; source-only fit/search/calibration; target labels untouched until final evaluation; V1-V10 financial ratios only.","One-standard-error paired-bootstrap gate selected KELM_risk_feature; search utility difference=-0.0737, required margin=0.0601.",Platt_logistic_on_separate_calibration_partition,0.8453140041401557,0.9130434782608695,0.782608695652174,0.8076923076923077,0.8571428571428571,0.8267716535433071,0.8898305084745762,0.7016464154456235,0.7944223968261387,0.8478260869565217,0.21739130434782608,0.5652173913043478,42.0,10.0,36.0,4.0,0.8895642865372688,0.8960302457466919,0.13602582733062074,0.4298862366441802,0.12306443804564746,-0.36978954284352017,1.1073215605843587,1.0,0.15217391304347827,0.15217391304347827,0.8282608695652174,0.9347826086956522,0.7391304347826086,0.8217391304347826,0.7604705882352941,0.8399556048834628,0.8137479541734861,0.914121554897208,0.569675355425716,0.7614485451095016,0.7038818940494602,0.8362758325029813,0.8312116244054234,0.9093859274302657,0.8353497164461248,0.9220226843100189,0.11684260004131085,0.16736846914708992,20261082,3,Asia,324,92,V1-V10_financial_only
PONE2016_h3_target_Asia,20260729,Uncertainty_gated_fusion,cost_2,92,46,0.3070791725906467,"Same-horizon leave-one-region-out transfer; source regions=Europe,North America; target region=Asia; source-only fit/search/calibration; target labels untouched until final evaluation; V1-V10 financial ratios only.","One-standard-error paired-bootstrap gate selected KELM_risk_feature; search utility difference=-0.0737, required margin=0.0601.",Platt_logistic_on_separate_calibration_partition,0.73528410979512,0.9565217391304348,0.5652173913043478,0.6875,0.8,0.7284768211920529,0.8870967741935484,0.5669467095138409,0.6742446877015849,0.7608695652173914,0.43478260869565216,0.6956521739130435,44.0,20.0,26.0,2.0,0.8895642865372688,0.8960302457466919,0.13602582733062074,0.4298862366441802,0.12306443804564746,-0.36978954284352017,1.1073215605843587,2.0,0.2608695652173913,0.17391304347826086,0.9152173913043478,0.9760869565217392,0.5456521739130434,0.6282608695652174,0.6774847374847375,0.714043583535109,0.8648223121907332,0.9085477340995168,0.5391872007201047,0.6252032200896972,0.6576340932117642,0.7185021574424811,0.8624176276942502,0.9106489269612814,0.8810491493383743,0.9203686200378073,0.11987953720284945,0.14222691016484626,20261082,3,Asia,324,92,V1-V10_financial_only
PONE2016_h3_target_Asia,20260729,Uncertainty_gated_fusion,cost_5,92,46,0.3070791725906467,"Same-horizon leave-one-region-out transfer; source regions=Europe,North America; target region=Asia; source-only fit/search/calibration; target labels untouched until final evaluation; V1-V10 financial ratios only.","One-standard-error paired-bootstrap gate selected KELM_risk_feature; search utility difference=-0.0737, required margin=0.0601.",Platt_logistic_on_separate_calibration_partition,0.73528410979512,0.9565217391304348,0.5652173913043478,0.6875,0.8,0.7284768211920529,0.8870967741935484,0.5669467095138409,0.6742446877015849,0.7608695652173914,0.43478260869565216,0.6956521739130435,44.0,20.0,26.0,2.0,0.8895642865372688,0.8960302457466919,0.13602582733062074,0.4298862366441802,0.12306443804564746,-0.36978954284352017,1.1073215605843587,5.0,0.32608695652173914,0.10869565217391304,0.9565217391304348,0.9978260869565218,0.3760869565217391,0.6456521739130435,0.6148571428571428,0.7342469262295083,0.8682372364744729,0.9172564186965109,0.46042374792142904,0.6616175018768469,0.5618827884354423,0.7475641810945887,0.8555176690761536,0.9144391934118101,0.8666351606805293,0.9139413988657845,0.12630022490941242,0.16365468806127567,20261082,3,Asia,324,92,V1-V10_financial_only
PONE2016_h3_target_Asia,20260729,Uncertainty_gated_fusion,cost_10,92,46,0.1730566662884172,"Same-horizon leave-one-region-out transfer; source regions=Europe,North America; target region=Asia; source-only fit/search/calibration; target labels untouched until final evaluation; V1-V10 financial ratios only.","One-standard-error paired-bootstrap gate selected KELM_risk_feature; search utility difference=-0.0737, required margin=0.0601.",Platt_logistic_on_separate_calibration_partition,0.5710402407201608,1.0,0.32608695652173914,0.5974025974025974,0.7479674796747967,0.6497175141242938,0.8812260536398467,0.4413674147523748,0.5240562418805986,0.6630434782608696,0.6739130434782609,0.8369565217391305,46.0,31.0,15.0,0.0,0.8895642865372688,0.8960302457466919,0.13602582733062074,0.4298862366441802,0.12306443804564746,-0.36978954284352017,1.1073215605843587,10.0,0.33695652173913043,0.06126482213438735,1.0,1.0,0.22391304347826085,0.3869565217391304,0.5631058968817537,0.6199857752489332,0.8656479602046943,0.8907871198568873,0.3548592542582395,0.48976041249857705,0.42966310602888874,0.5743431556078913,0.8466201981193782,0.897388477079475,0.8534026465028356,0.8994801512287334,0.13252682626883752,0.16919322600426867,20261082,3,Asia,324,92,V1-V10_financial_only
PONE2016_h3_target_Asia,20260729,Uncertainty_gated_fusion,cost_20,92,46,0.1730566662884172,"Same-horizon leave-one-region-out transfer; source regions=Europe,North America; target region=Asia; source-only fit/search/calibration; target labels untouched until final evaluation; V1-V10 financial ratios only.","One-standard-error paired-bootstrap gate selected KELM_risk_feature; search utility difference=-0.0737, required margin=0.0601.",Platt_logistic_on_separate_calibration_partition,0.5710402407201608,1.0,0.32608695652173914,0.5974025974025974,0.7479674796747967,0.6497175141242938,0.8812260536398467,0.4413674147523748,0.5240562418805986,0.6630434782608696,0.6739130434782609,0.8369565217391305,46.0,31.0,15.0,0.0,0.8895642865372688,0.8960302457466919,0.13602582733062074,0.4298862366441802,0.12306443804564746,-0.36978954284352017,1.1073215605843587,20.0,0.33695652173913043,0.032091097308488616,1.0,1.0,0.2391304347826087,0.408695652173913,0.5679012345679012,0.6284566210045661,0.8679245283018868,0.8942505596202095,0.36851386559504445,0.5067630024345541,0.44500295567310566,0.5916011575746501,0.863884993050029,0.922843657629595,0.8565689981096407,0.9297731568998109,0.11353085787237542,0.1655249532812866,20261082,3,Asia,324,92,V1-V10_financial_only
PONE2016_h3_target_Asia,20260729,Full_random_search,triad,92,46,0.6549513015501998,"Same-horizon leave-one-region-out transfer; source regions=Europe,North America; target region=Asia; source-only fit/search/calibration; target labels untouched until final evaluation; V1-V10 financial ratios only.",Same full architecture and 81 evaluations as PBMSBAINGO; alpha=0.30.,Platt_logistic_on_separate_calibration_partition,0.7121017110504,0.6304347826086957,0.8043478260869565,0.7631578947368421,0.6904761904761905,0.7323232323232324,0.6531531531531531,0.4415107856883479,0.607214022183602,0.7173913043478262,0.1956521739130435,0.41304347826086957,29.0,9.0,37.0,17.0,0.8606442218112781,0.8464083175803403,0.17262934425406148,0.5263069326684789,0.11505403360240443,-0.2528202820801654,1.536866627525106,,,,0.5478260869565217,0.7760869565217392,0.7456521739130434,0.9043478260869565,0.735,0.8727272727272727,0.5797968160871386,0.7825787175361986,0.38683278724785614,0.6050020673978652,0.5588721659520535,0.7285681583570238,0.8335351960109628,0.9124005497587595,0.814413988657845,0.9109168241965974,0.14731321921326018,0.1822495097844974,20261130,3,Asia,324,92,V1-V10_financial_only
PONE2016_h3_target_Asia,20260729,Full_random_search,cost_1,92,46,0.29096748044839277,"Same-horizon leave-one-region-out transfer; source regions=Europe,North America; target region=Asia; source-only fit/search/calibration; target labels untouched until final evaluation; V1-V10 financial ratios only.",Same full architecture and 81 evaluations as PBMSBAINGO; alpha=0.30.,Platt_logistic_on_separate_calibration_partition,0.5647991763811556,0.9782608695652174,0.32608695652173914,0.5921052631578947,0.7377049180327869,0.6428571428571429,0.8653846153846154,0.4014775342734831,0.5040610261627837,0.6521739130434783,0.6739130434782609,0.8260869565217391,45.0,31.0,15.0,1.0,0.8606442218112781,0.8464083175803403,0.17262934425406148,0.5263069326684789,0.11505403360240443,-0.2528202820801654,1.536866627525106,1.0,0.34782608695652173,0.34782608695652173,0.9782608695652174,1.0,0.28695652173913044,0.4108695652173913,0.5789710289710289,0.6246621621621622,0.8597733502313656,0.8904481867593336,0.36883127016199363,0.4913114306269904,0.47057754253151546,0.5777571737295099,0.8255659275290127,0.88284708438633,0.8069943289224952,0.8701795841209831,0.16483097161855068,0.18724525647291376,20261130,3,Asia,324,92,V1-V10_financial_only
PONE2016_h3_target_Asia,20260729,Full_random_search,cost_2,92,46,0.29096748044839277,"Same-horizon leave-one-region-out transfer; source regions=Europe,North America; target region=Asia; source-only fit/search/calibration; target labels untouched until final evaluation; V1-V10 financial ratios only.",Same full architecture and 81 evaluations as PBMSBAINGO; alpha=0.30.,Platt_logistic_on_separate_calibration_partition,0.5647991763811556,0.9782608695652174,0.32608695652173914,0.5921052631578947,0.7377049180327869,0.6428571428571429,0.8653846153846154,0.4014775342734831,0.5040610261627837,0.6521739130434783,0.6739130434782609,0.8260869565217391,45.0,31.0,15.0,1.0,0.8606442218112781,0.8464083175803403,0.17262934425406148,0.5263069326684789,0.11505403360240443,-0.2528202820801654,1.536866627525106,2.0,0.358695652173913,0.2391304347826087,0.9586956521739131,0.9978260869565218,0.26521739130434785,0.3826086956521739,0.5753947368421052,0.6132360789895036,0.8477453580901857,0.8750589553118736,0.3479630833371309,0.449551367820981,0.46456837662289996,0.5516280129484092,0.8057195029781034,0.9030650101004843,0.7809073724007561,0.8871928166351607,0.1519876424944212,0.19731262199621724,20261130,3,Asia,324,92,V1-V10_financial_only
PONE2016_h3_target_Asia,20260729,Full_random_search,cost_5,92,46,0.29096748044839277,"Same-horizon leave-one-region-out transfer; source regions=Europe,North America; target region=Asia; source-only fit/search/calibration; target labels untouched until final evaluation; V1-V10 financial ratios only.",Same full architecture and 81 evaluations as PBMSBAINGO; alpha=0.30.,Platt_logistic_on_separate_calibration_partition,0.5647991763811556,0.9782608695652174,0.32608695652173914,0.5921052631578947,0.7377049180327869,0.6428571428571429,0.8653846153846154,0.4014775342734831,0.5040610261627837,0.6521739130434783,0.6739130434782609,0.8260869565217391,45.0,31.0,15.0,1.0,0.8606442218112781,0.8464083175803403,0.17262934425406148,0.5263069326684789,0.11505403360240443,-0.2528202820801654,1.536866627525106,5.0,0.391304347826087,0.13043478260869565,0.917391304347826,1.0,0.22826086956521738,0.46956521739130436,0.5597402597402598,0.6338383838383839,0.8409056603773585,0.8842764515178307,0.31352391225556564,0.45708506244224867,0.4126324174769778,0.571411441512306,0.8322727159892153,0.9207287856731159,0.8079395085066163,0.9163043478260869,0.14516331100353694,0.18809252076523852,20261130,3,Asia,324,92,V1-V10_financial_only
PONE2016_h3_target_Asia,20260729,Full_random_search,cost_10,92,46,0.21655149026469803,"Same-horizon leave-one-region-out transfer; source regions=Europe,North America; target region=Asia; source-only fit/search/calibration; target labels untouched until final evaluation; V1-V10 financial ratios only.",Same full architecture and 81 evaluations as PBMSBAINGO; alpha=0.30.,Platt_logistic_on_separate_calibration_partition,0.14744195615489714,1.0,0.021739130434782608,0.5054945054945055,0.6715328467153284,0.5609756097560976,0.8363636363636363,0.10482848367219183,0.13159533400842757,0.5108695652173914,0.9782608695652174,0.9891304347826086,46.0,45.0,1.0,0.0,0.8606442218112781,0.8464083175803403,0.17262934425406148,0.5263069326684789,0.11505403360240443,-0.2528202820801654,1.536866627525106,10.0,0.4891304347826087,0.08893280632411067,1.0,1.0,0.0,0.041304347826086954,0.5,0.5105494505494506,0.8333333333333334,0.8391108161911082,0.0,0.14464692701720658,0.0,0.18096179575494414,0.7936272134709013,0.8613465992120389,0.7514650283553875,0.8485349716446124,0.16744990643306612,0.21214023279619615,20261130,3,Asia,324,92,V1-V10_financial_only
PONE2016_h3_target_Asia,20260729,Full_random_search,cost_20,92,46,0.21655149026469803,"Same-horizon leave-one-region-out transfer; source regions=Europe,North America; target region=Asia; source-only fit/search/calibration; target labels untouched until final evaluation; V1-V10 financial ratios only.",Same full architecture and 81 evaluations as PBMSBAINGO; alpha=0.30.,Platt_logistic_on_separate_calibration_partition,0.14744195615489714,1.0,0.021739130434782608,0.5054945054945055,0.6715328467153284,0.5609756097560976,0.8363636363636363,0.10482848367219183,0.13159533400842757,0.5108695652173914,0.9782608695652174,0.9891304347826086,46.0,45.0,1.0,0.0,0.8606442218112781,0.8464083175803403,0.17262934425406148,0.5263069326684789,0.11505403360240443,-0.2528202820801654,1.536866627525106,20.0,0.4891304347826087,0.046583850931677016,1.0,1.0,0.004347826086956522,0.043478260869565216,0.5011111111111111,0.5111111111111111,0.8339416058394161,0.8394160583941606,0.0149071198499986,0.14907119849998599,0.018644695817122376,0.18644695817122375,0.8105622727589702,0.8968565488557563,0.7852079395085066,0.8940926275992438,0.15159505242888782,0.19583128451631784,20261130,3,Asia,324,92,V1-V10_financial_only
PONE2016_h3_target_Asia,20260729,Balanced_logistic,triad,92,46,0.5396887244560646,"Same-horizon leave-one-region-out transfer; source regions=Europe,North America; target region=Asia; source-only fit/search/calibration; target labels untouched until final evaluation; V1-V10 financial ratios only.",Class-weighted logistic reference using the same source-only fit/search/calibration and untouched regional target.,Platt_logistic_on_separate_calibration_partition,0.7624207789891383,0.8913043478260869,0.6521739130434783,0.7192982456140351,0.7961165048543689,0.7481751824817519,0.8506224066390041,0.5597170785495562,0.6877849507673821,0.7717391304347826,0.34782608695652173,0.6195652173913043,41.0,16.0,30.0,5.0,0.8712030268600253,0.8563327032136107,0.19557827651003587,0.5775951833113209,0.18245462299692733,-1.0466272369390177,3.1750868289988445,,,,0.8043478260869565,0.908695652173913,0.6108695652173913,0.7326086956521739,0.6756299840510367,0.7659919028340081,0.7750425501737466,0.8689781278570926,0.4273033802977458,0.6129959966467805,0.595663494241597,0.7320408991858881,0.8068680335486148,0.8712639756902307,0.7863894139886579,0.8588846880907373,0.19430616573080361,0.21257141673543184,20262030,3,Asia,324,92,V1-V10_financial_only
PONE2016_h3_target_Asia,20260729,Balanced_logistic,cost_1,92,46,0.45733072386988805,"Same-horizon leave-one-region-out transfer; source regions=Europe,North America; target region=Asia; source-only fit/search/calibration; target labels untouched until final evaluation; V1-V10 financial ratios only.",Class-weighted logistic reference using the same source-only fit/search/calibration and untouched regional target.,Platt_logistic_on_separate_calibration_partition,0.611793359976969,0.9565217391304348,0.391304347826087,0.6111111111111112,0.7457627118644068,0.6586826347305389,0.859375,0.4216370213557839,0.5404009265128608,0.6739130434782609,0.6086956521739131,0.782608695652174,44.0,28.0,18.0,2.0,0.8712030268600253,0.8563327032136107,0.19557827651003587,0.5775951833113209,0.18245462299692733,-1.0466272369390177,3.1750868289988445,1.0,0.32608695652173914,0.32608695652173914,0.8978260869565217,0.9956521739130435,0.37173913043478257,0.4326086956521739,0.5882539682539683,0.6369718309859155,0.8123154527559056,0.8948682598039216,0.3173731855118962,0.518367737260969,0.4727904360852753,0.6065649648272871,0.8450843739029251,0.8863694020413999,0.8020793950850661,0.8619092627599244,0.1914526958123785,0.20660409262198254,20262030,3,Asia,324,92,V1-V10_financial_only
PONE2016_h3_target_Asia,20260729,Balanced_logistic,cost_2,92,46,0.45733072386988805,"Same-horizon leave-one-region-out transfer; source regions=Europe,North America; target region=Asia; source-only fit/search/calibration; target labels untouched until final evaluation; V1-V10 financial ratios only.",Class-weighted logistic reference using the same source-only fit/search/calibration and untouched regional target.,Platt_logistic_on_separate_calibration_partition,0.611793359976969,0.9565217391304348,0.391304347826087,0.6111111111111112,0.7457627118644068,0.6586826347305389,0.859375,0.4216370213557839,0.5404009265128608,0.6739130434782609,0.6086956521739131,0.782608695652174,44.0,28.0,18.0,2.0,0.8712030268600253,0.8563327032136107,0.19557827651003587,0.5775951833113209,0.18245462299692733,-1.0466272369390177,3.1750868289988445,2.0,0.34782608695652173,0.2318840579710145,0.9152173913043478,0.9760869565217392,0.35434782608695653,0.4326086956521739,0.5864285714285715,0.6248188405797102,0.8229269192913385,0.8772901348039216,0.3253767647301642,0.4709335723584432,0.47233296304127126,0.5747285966597985,0.8246756911729267,0.9163666197693886,0.8054347826086956,0.8859168241965973,0.18718430900724453,0.20403695128648972,20262030,3,Asia,324,92,V1-V10_financial_only
PONE2016_h3_target_Asia,20260729,Balanced_logistic,cost_5,92,46,0.2986686210049496,"Same-horizon leave-one-region-out transfer; source regions=Europe,North America; target region=Asia; source-only fit/search/calibration; target labels untouched until final evaluation; V1-V10 financial ratios only.",Class-weighted logistic reference using the same source-only fit/search/calibration and untouched regional target.,Platt_logistic_on_separate_calibration_partition,0.14744195615489714,1.0,0.021739130434782608,0.5054945054945055,0.6715328467153284,0.5609756097560976,0.8363636363636363,0.10482848367219183,0.13159533400842757,0.5108695652173914,0.9782608695652174,0.9891304347826086,46.0,45.0,1.0,0.0,0.8712030268600253,0.8563327032136107,0.19557827651003587,0.5775951833113209,0.18245462299692733,-1.0466272369390177,3.1750868289988445,5.0,0.4891304347826087,0.16304347826086957,1.0,1.0,0.0,0.0,0.5,0.5,0.8333333333333334,0.8333333333333334,0.0,0.0,0.0,0.0,0.8402422216813169,0.9302086621396204,0.8203686200378071,0.919281663516068,0.18377403761586694,0.20286931980663184,20262030,3,Asia,324,92,V1-V10_financial_only
PONE2016_h3_target_Asia,20260729,Balanced_logistic,cost_10,92,46,0.2986686210049496,"Same-horizon leave-one-region-out transfer; source regions=Europe,North America; target region=Asia; source-only fit/search/calibration; target labels untouched until final evaluation; V1-V10 financial ratios only.",Class-weighted logistic reference using the same source-only fit/search/calibration and untouched regional target.,Platt_logistic_on_separate_calibration_partition,0.14744195615489714,1.0,0.021739130434782608,0.5054945054945055,0.6715328467153284,0.5609756097560976,0.8363636363636363,0.10482848367219183,0.13159533400842757,0.5108695652173914,0.9782608695652174,0.9891304347826086,46.0,45.0,1.0,0.0,0.8712030268600253,0.8563327032136107,0.19557827651003587,0.5775951833113209,0.18245462299692733,-1.0466272369390177,3.1750868289988445,10.0,0.4891304347826087,0.08893280632411067,1.0,1.0,0.021739130434782608,0.06521739130434782,0.5054945054945055,0.5168539325842697,0.8363636363636363,0.8424908424908425,0.10482848367219183,0.18359701840863138,0.13159533400842757,0.22877558911080284,0.8518362448472415,0.9302043835477801,0.8295841209829867,0.9207939508506616,0.1858561444964571,0.19298528591482442,20262030,3,Asia,324,92,V1-V10_financial_only
PONE2016_h3_target_Asia,20260729,Balanced_logistic,cost_20,92,46,0.2986686210049496,"Same-horizon leave-one-region-out transfer; source regions=Europe,North America; target region=Asia; source-only fit/search/calibration; target labels untouched until final evaluation; V1-V10 financial ratios only.",Class-weighted logistic reference using the same source-only fit/search/calibration and untouched regional target.,Platt_logistic_on_separate_calibration_partition,0.14744195615489714,1.0,0.021739130434782608,0.5054945054945055,0.6715328467153284,0.5609756097560976,0.8363636363636363,0.10482848367219183,0.13159533400842757,0.5108695652173914,0.9782608695652174,0.9891304347826086,46.0,45.0,1.0,0.0,0.8712030268600253,0.8563327032136107,0.19557827651003587,0.5775951833113209,0.18245462299692733,-1.0466272369390177,3.1750868289988445,20.0,0.4891304347826087,0.046583850931677016,1.0,1.0,0.002173913043478261,0.08043478260869565,0.5005494505494505,0.5210039960039959,0.8336363636363636,0.8446657754010695,0.010482848367219183,0.20236349308726856,0.013159533400842758,0.2513582675427874,0.8692463357874938,0.8947235249472987,0.8330340264650283,0.8831285444234404,0.18878841132523497,0.2021609655687037,20262030,3,Asia,324,92,V1-V10_financial_only
PONE2016_h3_target_Europe,20260729,HistGB,triad,165,84,0.7638956524400771,"Same-horizon leave-one-region-out transfer; source regions=Asia,North America; target region=Europe; source-only fit/search/calibration; target labels untouched until final evaluation; V1-V10 financial ratios only.",No metaheuristic; threshold and Platt calibration use calibration partition.,Platt_logistic_on_separate_calibration_partition,0.4967560848924943,0.27380952380952384,0.9012345679012346,0.7419354838709677,0.4,0.5528846153846154,0.3133514986376022,0.22402493650936356,0.3809438073437102,0.5875220458553791,0.09876543209876543,0.18787878787878787,23.0,8.0,73.0,61.0,0.6782673122876944,0.7042915931804822,0.225475287988643,0.6429027879985254,0.061470745101988605,-0.03781222423616698,0.8352038306828387,,,,0.22857142857142856,0.30714285714285716,0.8666666666666666,0.9345679012345679,0.6791938997821351,0.801923076923077,0.2645427149445231,0.34797257705379114,0.17073431025051763,0.25675904031555496,0.3289830332183539,0.404430353144177,0.6462816316703582,0.708872273681366,0.6709729570840682,0.7279982363315697,0.21868361343686654,0.23458149149100047,20260729,3,Europe,251,165,V1-V10_financial_only
PONE2016_h3_target_Europe,20260729,HistGB,cost_1,165,84,0.7635574272289302,"Same-horizon leave-one-region-out transfer; source regions=Asia,North America; target region=Europe; source-only fit/search/calibration; target labels untouched until final evaluation; V1-V10 financial ratios only.",No metaheuristic; threshold and Platt calibration use calibration partition.,Platt_logistic_on_separate_calibration_partition,0.5074402337506597,0.2857142857142857,0.9012345679012346,0.75,0.41379310344827586,0.5660377358490566,0.32608695652173914,0.23637641911347512,0.39336101450918665,0.5934744268077601,0.09876543209876543,0.19393939393939394,24.0,8.0,73.0,60.0,0.6782673122876944,0.7042915931804822,0.225475287988643,0.6429027879985254,0.061470745101988605,-0.03781222423616698,0.8352038306828387,1.0,0.4121212121212121,0.4121212121212121,0.21071428571428572,0.36309523809523814,0.8308641975308642,0.9259259259259259,0.6153174603174603,0.8058064516129032,0.24295172041073682,0.4013720845869876,0.10182731373261059,0.28537100043387786,0.2650998714535331,0.4288061051246339,0.6085299917141384,0.7248293147726169,0.6176954732510287,0.7247207524985303,0.221147065355847,0.2526348857269316,20260729,3,Europe,251,165,V1-V10_financial_only
PONE2016_h3_target_Europe,20260729,HistGB,cost_2,165,84,0.30874686904176524,"Same-horizon leave-one-region-out transfer; source regions=Asia,North America; target region=Europe; source-only fit/search/calibration; target labels untouched until final evaluation; V1-V10 financial ratios only.",No metaheuristic; threshold and Platt calibration use calibration partition.,Platt_logistic_on_separate_calibration_partition,0.4553877610713407,0.9880952380952381,0.20987654320987653,0.564625850340136,0.7186147186147186,0.6175595238095238,0.8592132505175983,0.3174611048113189,0.40378583292045295,0.5989858906525574,0.7901234567901234,0.8909090909090909,83.0,64.0,17.0,1.0,0.6782673122876944,0.7042915931804822,0.225475287988643,0.6429027879985254,0.061470745101988605,-0.03781222423616698,0.8352038306828387,2.0,0.4,0.26506024096385544,0.9880952380952381,1.0,0.1382716049382716,0.22098765432098763,0.5434984520123839,0.5684005923731952,0.8498692547520869,0.8670913205994307,0.24444176209272891,0.3435612728127036,0.3220378094298433,0.4168336279615449,0.6507457737030399,0.7367194440563916,0.6776601998824221,0.7601557907113463,0.2034336534388539,0.2342090255804391,20260729,3,Europe,251,165,V1-V10_financial_only
PONE2016_h3_target_Europe,20260729,HistGB,cost_5,165,84,0.30191007430789435,"Same-horizon leave-one-region-out transfer; source regions=Asia,North America; target region=Europe; source-only fit/search/calibration; target labels untouched until final evaluation; V1-V10 financial ratios only.",No metaheuristic; threshold and Platt calibration use calibration partition.,Platt_logistic_on_separate_calibration_partition,0.22089551053066775,0.9880952380952381,0.04938271604938271,0.51875,0.680327868852459,0.5732044198895028,0.8366935483870968,0.10929820622314844,0.17471449519789728,0.5187389770723104,0.9506172839506173,0.9696969696969697,83.0,77.0,4.0,1.0,0.6782673122876944,0.7042915931804822,0.225475287988643,0.6429027879985254,0.061470745101988605,-0.03781222423616698,0.8352038306828387,5.0,0.49696969696969695,0.16367265469061876,0.9880952380952381,1.0,0.01604938271604938,0.0839506172839506,0.5104561216324353,0.530682270519863,0.8323353778263598,0.8496892284883389,0.015118768193256197,0.2089638361914452,0.046103868080961466,0.25822886566573655,0.6266475744482156,0.7497788240268424,0.6591269841269841,0.7552910052910053,0.21025037157049833,0.2368232118929053,20260729,3,Europe,251,165,V1-V10_financial_only
PONE2016_h3_target_Europe,20260729,HistGB,cost_10,165,84,0.30191007430789435,"Same-horizon leave-one-region-out transfer; source regions=Asia,North America; target region=Europe; source-only fit/search/calibration; target labels untouched until final evaluation; V1-V10 financial ratios only.",No metaheuristic; threshold and Platt calibration use calibration partition.,Platt_logistic_on_separate_calibration_partition,0.22089551053066775,0.9880952380952381,0.04938271604938271,0.51875,0.680327868852459,0.5732044198895028,0.8366935483870968,0.10929820622314844,0.17471449519789728,0.5187389770723104,0.9506172839506173,0.9696969696969697,83.0,77.0,4.0,1.0,0.6782673122876944,0.7042915931804822,0.225475287988643,0.6429027879985254,0.061470745101988605,-0.03781222423616698,0.8352038306828387,10.0,0.5272727272727272,0.09446254071661238,0.9892857142857143,1.0,0.037037037037037035,0.10864197530864196,0.5158270071313549,0.5377799415774099,0.8358464037235461,0.853312925841809,0.08737935059876545,0.24157452561308534,0.1469011873969016,0.2970504314440172,0.6404942241573118,0.754398320530513,0.6574955908289242,0.7671810699588477,0.21054137399803274,0.24767501432178332,20260729,3,Europe,251,165,V1-V10_financial_only
PONE2016_h3_target_Europe,20260729,HistGB,cost_20,165,84,0.30191007430789435,"Same-horizon leave-one-region-out transfer; source regions=Asia,North America; target region=Europe; source-only fit/search/calibration; target labels untouched until final evaluation; V1-V10 financial ratios only.",No metaheuristic; threshold and Platt calibration use calibration partition.,Platt_logistic_on_separate_calibration_partition,0.22089551053066775,0.9880952380952381,0.04938271604938271,0.51875,0.680327868852459,0.5732044198895028,0.8366935483870968,0.10929820622314844,0.17471449519789728,0.5187389770723104,0.9506172839506173,0.9696969696969697,83.0,77.0,4.0,1.0,0.6782673122876944,0.7042915931804822,0.225475287988643,0.6429027879985254,0.061470745101988605,-0.03781222423616698,0.8352038306828387,20.0,0.5878787878787879,0.055082339579784215,0.9773809523809524,0.9988095238095238,0.013580246913580247,0.0691358024691358,0.5096046053628238,0.5240193780278168,0.8257880617035547,0.8400728744939271,0.007364003034220817,0.14673078926251393,0.04686857816917091,0.21240797748208393,0.6591575548563743,0.6755853130246107,0.6774250440917108,0.733641975308642,0.2122659868782028,0.2353049306273436,20260729,3,Europe,251,165,V1-V10_financial_only
PONE2016_h3_target_Europe,20260729,KELM_PBMSBAINGO,triad,165,84,0.6034393413725785,"Same-horizon leave-one-region-out transfer; source regions=Asia,North America; target region=Europe; source-only fit/search/calibration; target labels untouched until final evaluation; V1-V10 financial ratios only.",Plain KELM; hyperparameters/features selected only on search partition.,Platt_logistic_on_separate_calibration_partition,0.5613454903650728,0.38095238095238093,0.8271604938271605,0.6956521739130435,0.49230769230769234,0.5970149253731343,0.418848167539267,0.23202175334240335,0.41814771395709255,0.6040564373897708,0.1728395061728395,0.2787878787878788,32.0,14.0,67.0,52.0,0.6534446695693527,0.6526308054085833,0.25362530284445,0.7127084039047136,0.1314697730091248,0.04228043115678999,0.34286632960094754,,,,0.3357142857142857,0.4333333333333333,0.7851851851851852,0.8864197530864197,0.6411826268969126,0.7730102040816327,0.3757877984084881,0.4736909367228516,0.16782026121819704,0.3179403937895742,0.3633375742410727,0.49014336809051506,0.6664164288204304,0.7086406260970209,0.6299456202233981,0.7007569077013522,0.2431993766057843,0.2662809399366966,20260830,3,Europe,251,165,V1-V10_financial_only
PONE2016_h3_target_Europe,20260729,KELM_PBMSBAINGO,cost_1,165,84,0.5480644839356624,"Same-horizon leave-one-region-out transfer; source regions=Asia,North America; target region=Europe; source-only fit/search/calibration; target labels untouched until final evaluation; V1-V10 financial ratios only.",Plain KELM; hyperparameters/features selected only on search partition.,Platt_logistic_on_separate_calibration_partition,0.5439258949422362,0.7261904761904762,0.4074074074074074,0.5596330275229358,0.6321243523316062,0.5865384615384616,0.6853932584269663,0.14105044747782727,0.34685767824724323,0.5667989417989417,0.5925925925925926,0.6606060606060606,61.0,48.0,33.0,23.0,0.6534446695693527,0.6526308054085833,0.25362530284445,0.7127084039047136,0.1314697730091248,0.04228043115678999,0.34286632960094754,1.0,0.4303030303030303,0.4303030303030303,0.7071428571428571,0.8083333333333333,0.37407407407407406,0.5308641975308641,0.5530287984111222,0.6385796221322537,0.6706787330316741,0.7604485116653258,0.1276738096776747,0.34140676571738005,0.33113251298431695,0.5241520474490452,0.6674109635023167,0.7267103229158793,0.6376616696061141,0.7603762492651382,0.22054521365196583,0.26075774743632407,20260830,3,Europe,251,165,V1-V10_financial_only
PONE2016_h3_target_Europe,20260729,KELM_PBMSBAINGO,cost_2,165,84,0.5480644839356624,"Same-horizon leave-one-region-out transfer; source regions=Asia,North America; target region=Europe; source-only fit/search/calibration; target labels untouched until final evaluation; V1-V10 financial ratios only.",Plain KELM; hyperparameters/features selected only on search partition.,Platt_logistic_on_separate_calibration_partition,0.5439258949422362,0.7261904761904762,0.4074074074074074,0.5596330275229358,0.6321243523316062,0.5865384615384616,0.6853932584269663,0.14105044747782727,0.34685767824724323,0.5667989417989417,0.5925925925925926,0.6606060606060606,61.0,48.0,33.0,23.0,0.6534446695693527,0.6526308054085833,0.25362530284445,0.7127084039047136,0.1314697730091248,0.04228043115678999,0.34286632960094754,2.0,0.5696969696969697,0.37751004016064255,0.65,0.8047619047619048,0.3950617283950617,0.4641975308641975,0.5284818283357676,0.5823915027798523,0.621867881548975,0.7467661764922786,0.051891550934984654,0.22160133815623573,0.230558656089292,0.4143292098736766,0.6190482197048873,0.7070605980283241,0.5939520870076425,0.7125440917107584,0.23326797967193305,0.2729821510035527,20260830,3,Europe,251,165,V1-V10_financial_only
PONE2016_h3_target_Europe,20260729,KELM_PBMSBAINGO,cost_5,165,84,0.24065333198897276,"Same-horizon leave-one-region-out transfer; source regions=Asia,North America; target region=Europe; source-only fit/search/calibration; target labels untouched until final evaluation; V1-V10 financial ratios only.",Plain KELM; hyperparameters/features selected only on search partition.,Platt_logistic_on_separate_calibration_partition,0.3528251645047713,0.9166666666666666,0.13580246913580246,0.5238095238095238,0.6666666666666666,0.5729166666666666,0.7971014492753623,0.0841377983798373,0.21879467586752205,0.5262345679012346,0.8641975308641975,0.8909090909090909,77.0,70.0,11.0,7.0,0.6534446695693527,0.6526308054085833,0.25362530284445,0.7127084039047136,0.1314697730091248,0.04228043115678999,0.34286632960094754,5.0,0.6363636363636364,0.20958083832335328,0.8714285714285714,0.9261904761904762,0.10246913580246914,0.20493827160493824,0.5166737118970457,0.5383892885691447,0.7675174195568778,0.7999058863791924,0.04260430455262366,0.13665383734316627,0.166573153251622,0.29225831486602194,0.6431842708333231,0.751472862633116,0.6384332745443857,0.7073339212228101,0.24374436519542425,0.2688492650473778,20260830,3,Europe,251,165,V1-V10_financial_only
PONE2016_h3_target_Europe,20260729,KELM_PBMSBAINGO,cost_10,165,84,0.08205465165234563,"Same-horizon leave-one-region-out transfer; source regions=Asia,North America; target region=Europe; source-only fit/search/calibration; target labels untouched until final evaluation; V1-V10 financial ratios only.",Plain KELM; hyperparameters/features selected only on search partition.,Platt_logistic_on_separate_calibration_partition,0.22089551053066775,0.9880952380952381,0.04938271604938271,0.51875,0.680327868852459,0.5732044198895028,0.8366935483870968,0.10929820622314844,0.17471449519789728,0.5187389770723104,0.9506172839506173,0.9696969696969697,83.0,77.0,4.0,1.0,0.6534446695693527,0.6526308054085833,0.25362530284445,0.7127084039047136,0.1314697730091248,0.04228043115678999,0.34286632960094754,10.0,0.5272727272727272,0.09446254071661238,0.9535714285714285,0.9988095238095238,0.0382716049382716,0.09629629629629628,0.5104505779665015,0.5307692307692308,0.8125401969029832,0.843483690861005,0.01213894113528479,0.18595141768323323,0.06926585636244464,0.25692080527966726,0.6252480862834819,0.7494331345940246,0.6192313345091123,0.7619268077601411,0.22399019132748185,0.2742891339776511,20260830,3,Europe,251,165,V1-V10_financial_only
PONE2016_h3_target_Europe,20260729,KELM_PBMSBAINGO,cost_20,165,84,0.08205465165234563,"Same-horizon leave-one-region-out transfer; source regions=Asia,North America; target region=Europe; source-only fit/search/calibration; target labels untouched until final evaluation; V1-V10 financial ratios only.",Plain KELM; hyperparameters/features selected only on search partition.,Platt_logistic_on_separate_calibration_partition,0.22089551053066775,0.9880952380952381,0.04938271604938271,0.51875,0.680327868852459,0.5732044198895028,0.8366935483870968,0.10929820622314844,0.17471449519789728,0.5187389770723104,0.9506172839506173,0.9696969696969697,83.0,77.0,4.0,1.0,0.6534446695693527,0.6526308054085833,0.25362530284445,0.7127084039047136,0.1314697730091248,0.04228043115678999,0.34286632960094754,20.0,0.5878787878787879,0.055082339579784215,0.9666666666666667,1.0,0.013580246913580247,0.06172839506172839,0.5122101776573321,0.525,0.822684246112238,0.8467741935483871,0.049113506733292504,0.1800205749557739,0.09997741034909853,0.22315281856354918,0.5866031571199509,0.6667988756834524,0.605952380952381,0.6829438565549677,0.24290108333692734,0.26037049146582936,20260830,3,Europe,251,165,V1-V10_financial_only
PONE2016_h3_target_Europe,20260729,KELM_score_fusion,triad,165,84,0.7746696631502691,"Same-horizon leave-one-region-out transfer; source regions=Asia,North America; target region=Europe; source-only fit/search/calibration; target labels untouched until final evaluation; V1-V10 financial ratios only.",Plain KELM plus HistGB score-level fusion; alpha=0.70 selected only on search partition.,Platt_logistic_on_separate_calibration_partition,0.4967560848924943,0.27380952380952384,0.9012345679012346,0.7419354838709677,0.4,0.5528846153846154,0.3133514986376022,0.22402493650936356,0.3809438073437102,0.5875220458553791,0.09876543209876543,0.18787878787878787,23.0,8.0,73.0,61.0,0.6957018260921513,0.6926807760141094,0.22453662591345985,0.6419631455600598,0.04170081552398939,-0.028840321655144933,0.8050278105903486,,,,0.21547619047619046,0.34285714285714286,0.8777777777777778,0.937037037037037,0.6588859416445623,0.8284729064039409,0.24978430333762203,0.38804234414398747,0.13729266954126987,0.3278553127007442,0.30045635183177977,0.46881963029577584,0.684349570055079,0.7635643597854302,0.6736331569664903,0.7403733098177543,0.2095039764485057,0.2348860890707485,20260832,3,Europe,251,165,V1-V10_financial_only
PONE2016_h3_target_Europe,20260729,KELM_score_fusion,cost_1,165,84,0.7740296883659196,"Same-horizon leave-one-region-out transfer; source regions=Asia,North America; target region=Europe; source-only fit/search/calibration; target labels untouched until final evaluation; V1-V10 financial ratios only.",Plain KELM plus HistGB score-level fusion; alpha=0.70 selected only on search partition.,Platt_logistic_on_separate_calibration_partition,0.4967560848924943,0.27380952380952384,0.9012345679012346,0.7419354838709677,0.4,0.5528846153846154,0.3133514986376022,0.22402493650936356,0.3809438073437102,0.5875220458553791,0.09876543209876543,0.18787878787878787,23.0,8.0,73.0,61.0,0.6957018260921513,0.6926807760141094,0.22453662591345985,0.6419631455600598,0.04170081552398939,-0.028840321655144933,0.8050278105903486,1.0,0.41818181818181815,0.41818181818181815,0.30952380952380953,0.3333333333333333,0.8345679012345679,0.9506172839506173,0.6691535150645624,0.8741666666666666,0.35173534189927635,0.38002571294997667,0.18075561453651529,0.3568402444318452,0.36350706360242846,0.4823862140034684,0.6767605935351717,0.7837707263553778,0.6736037624926514,0.7406672545561436,0.21053083962498934,0.23722182508416598,20260832,3,Europe,251,165,V1-V10_financial_only
PONE2016_h3_target_Europe,20260729,KELM_score_fusion,cost_2,165,84,0.2069978828253968,"Same-horizon leave-one-region-out transfer; source regions=Asia,North America; target region=Europe; source-only fit/search/calibration; target labels untouched until final evaluation; V1-V10 financial ratios only.",Plain KELM plus HistGB score-level fusion; alpha=0.70 selected only on search partition.,Platt_logistic_on_separate_calibration_partition,0.15525291800128263,0.9761904761904762,0.024691358024691357,0.5093167701863354,0.6693877551020408,0.5631868131868132,0.8249496981891348,0.002866329835375457,0.041033185710792695,0.5004409171075838,0.9753086419753086,0.9757575757575757,82.0,79.0,2.0,2.0,0.6957018260921513,0.6926807760141094,0.22453662591345985,0.6419631455600598,0.04170081552398939,-0.028840321655144933,0.8050278105903486,2.0,0.503030303030303,0.3333333333333333,0.9761904761904762,0.9988095238095238,0.0012345679012345679,0.03580246913580246,0.5033780201469363,0.5152097231807377,0.8218082751849081,0.8395010060362172,-0.10218574413064462,0.08147333900427545,0.0,0.14018060637915605,0.7151994383373366,0.7768410943216812,0.7164902998236331,0.7696208112874778,0.20104020825928956,0.2162200535823975,20260832,3,Europe,251,165,V1-V10_financial_only
PONE2016_h3_target_Europe,20260729,KELM_score_fusion,cost_5,165,84,0.2069978828253968,"Same-horizon leave-one-region-out transfer; source regions=Asia,North America; target region=Europe; source-only fit/search/calibration; target labels untouched until final evaluation; V1-V10 financial ratios only.",Plain KELM plus HistGB score-level fusion; alpha=0.70 selected only on search partition.,Platt_logistic_on_separate_calibration_partition,0.15525291800128263,0.9761904761904762,0.024691358024691357,0.5093167701863354,0.6693877551020408,0.5631868131868132,0.8249496981891348,0.002866329835375457,0.041033185710792695,0.5004409171075838,0.9753086419753086,0.9757575757575757,82.0,79.0,2.0,2.0,0.6957018260921513,0.6926807760141094,0.22453662591345985,0.6419631455600598,0.04170081552398939,-0.028840321655144933,0.8050278105903486,5.0,0.5393939393939394,0.17764471057884232,0.9654761904761905,0.9988095238095238,0.014814814814814814,0.04814814814814814,0.5064989517819707,0.5211180124223602,0.8186929536327128,0.8440643863179075,-0.038251148356739664,0.15263206373374308,0.005015443928058406,0.1938538464296891,0.680662672296911,0.7641016712639332,0.6784538506760729,0.7291446208112875,0.2063172941750534,0.2319596304201614,20260832,3,Europe,251,165,V1-V10_financial_only
PONE2016_h3_target_Europe,20260729,KELM_score_fusion,cost_10,165,84,0.2069978828253968,"Same-horizon leave-one-region-out transfer; source regions=Asia,North America; target region=Europe; source-only fit/search/calibration; target labels untouched until final evaluation; V1-V10 financial ratios only.",Plain KELM plus HistGB score-level fusion; alpha=0.70 selected only on search partition.,Platt_logistic_on_separate_calibration_partition,0.15525291800128263,0.9761904761904762,0.024691358024691357,0.5093167701863354,0.6693877551020408,0.5631868131868132,0.8249496981891348,0.002866329835375457,0.041033185710792695,0.5004409171075838,0.9753086419753086,0.9757575757575757,82.0,79.0,2.0,2.0,0.6957018260921513,0.6926807760141094,0.22453662591345985,0.6419631455600598,0.04170081552398939,-0.028840321655144933,0.8050278105903486,10.0,0.6,0.10749185667752444,0.9535714285714285,0.9880952380952381,0.013580246913580247,0.04814814814814814,0.5066164479304186,0.515385511297461,0.8105631210894368,0.8331663326653307,-0.023420492345342235,0.06625037217528103,0.0029072431988831993,0.14441752623631438,0.6424577682359693,0.7374353080697379,0.6302616108171664,0.720546737213404,0.21536283621200158,0.24574303392450123,20260832,3,Europe,251,165,V1-V10_financial_only
PONE2016_h3_target_Europe,20260729,KELM_score_fusion,cost_20,165,84,0.2069978828253968,"Same-horizon leave-one-region-out transfer; source regions=Asia,North America; target region=Europe; source-only fit/search/calibration; target labels untouched until final evaluation; V1-V10 financial ratios only.",Plain KELM plus HistGB score-level fusion; alpha=0.70 selected only on search partition.,Platt_logistic_on_separate_calibration_partition,0.15525291800128263,0.9761904761904762,0.024691358024691357,0.5093167701863354,0.6693877551020408,0.5631868131868132,0.8249496981891348,0.002866329835375457,0.041033185710792695,0.5004409171075838,0.9753086419753086,0.9757575757575757,82.0,79.0,2.0,2.0,0.6957018260921513,0.6926807760141094,0.22453662591345985,0.6419631455600598,0.04170081552398939,-0.028840321655144933,0.8050278105903486,20.0,0.7212121212121212,0.06757524134014764,0.9654761904761905,0.9880952380952381,0.012345679012345678,0.04938271604938271,0.50920245398773,0.5154167661810365,0.8206825338404286,0.8331663326653307,0.0020143285220992893,0.06625037217528103,0.02907243198883199,0.14561950464927773,0.6658140338070058,0.7658566051232165,0.6523074661963552,0.7566872427983539,0.20624217709177411,0.23312813071656713,20260832,3,Europe,251,165,V1-V10_financial_only
PONE2016_h3_target_Europe,20260729,KELM_risk_feature,triad,165,84,0.6848103753573686,"Same-horizon leave-one-region-out transfer; source regions=Asia,North America; target region=Europe; source-only fit/search/calibration; target labels untouched until final evaluation; V1-V10 financial ratios only.",OOF HistGB risk is a forced KELM input; no score-level fusion.,Platt_logistic_on_separate_calibration_partition,0.5208752187743392,0.30952380952380953,0.8765432098765432,0.7222222222222222,0.43333333333333335,0.5701754385964912,0.34946236559139787,0.22521921876961776,0.39387427169934236,0.5930335097001764,0.12345679012345678,0.21818181818181817,26.0,10.0,71.0,58.0,0.7315422382929928,0.7110523221634332,0.2239654831565009,0.6327039718854468,0.10399253268788289,0.18081949547990486,0.8171236970603164,,,,0.2619047619047619,0.3642857142857143,0.865432098765432,0.9,0.7109318996415771,0.7376190476190476,0.2998094132011137,0.40524064853823566,0.194835136497251,0.26464192389566316,0.3567693818230626,0.43687663150907646,0.7051882507040563,0.7568782758068628,0.6802910052910053,0.7235449735449736,0.21735717189956247,0.2335882453777201,20260940,3,Europe,251,165,V1-V10_financial_only
PONE2016_h3_target_Europe,20260729,KELM_risk_feature,cost_1,165,84,0.6833845891138048,"Same-horizon leave-one-region-out transfer; source regions=Asia,North America; target region=Europe; source-only fit/search/calibration; target labels untouched until final evaluation; V1-V10 financial ratios only.",OOF HistGB risk is a forced KELM input; no score-level fusion.,Platt_logistic_on_separate_calibration_partition,0.517194075695146,0.30952380952380953,0.8641975308641975,0.7027027027027027,0.4297520661157025,0.5603448275862069,0.3485254691689008,0.2082233729543181,0.3818963609855912,0.5868606701940036,0.13580246913580246,0.22424242424242424,26.0,11.0,70.0,58.0,0.7315422382929928,0.7110523221634332,0.2239654831565009,0.6327039718854468,0.10399253268788289,0.18081949547990486,0.8171236970603164,1.0,0.41818181818181815,0.41818181818181815,0.24047619047619045,0.3880952380952381,0.8518518518518519,0.8987654320987655,0.6490196078431373,0.7951219512195122,0.27563136907399205,0.4323607427055703,0.14139836943412995,0.32900011211272356,0.3142939480356673,0.4851083323783158,0.7201354941404083,0.7885736697923386,0.7124338624338623,0.7702527924750148,0.20027618006335582,0.22612303922877056,20260940,3,Europe,251,165,V1-V10_financial_only
PONE2016_h3_target_Europe,20260729,KELM_risk_feature,cost_2,165,84,0.2400532416995124,"Same-horizon leave-one-region-out transfer; source regions=Asia,North America; target region=Europe; source-only fit/search/calibration; target labels untouched until final evaluation; V1-V10 financial ratios only.",OOF HistGB risk is a forced KELM input; no score-level fusion.,Platt_logistic_on_separate_calibration_partition,0.47559486560567094,0.9642857142857143,0.2345679012345679,0.5664335664335665,0.7136563876651982,0.6173780487804879,0.8455114822546973,0.2924396698824571,0.40442395000973014,0.5994268077601411,0.7654320987654321,0.8666666666666667,81.0,62.0,19.0,3.0,0.7315422382929928,0.7110523221634332,0.2239654831565009,0.6327039718854468,0.10399253268788289,0.18081949547990486,0.8171236970603164,2.0,0.4121212121212121,0.27309236947791166,0.9428571428571428,0.9761904761904762,0.20123456790123456,0.2938271604938271,0.5586841729698873,0.5882779091412185,0.8345511482254697,0.8624370948247445,0.2793756119260412,0.36930328781154653,0.3800253012712971,0.47170965536836224,0.6723412455161046,0.7814208798232617,0.6649176954732511,0.7558348030570252,0.20769467281053033,0.247175767437821,20260940,3,Europe,251,165,V1-V10_financial_only
PONE2016_h3_target_Europe,20260729,KELM_risk_feature,cost_5,165,84,0.2400532416995124,"Same-horizon leave-one-region-out transfer; source regions=Asia,North America; target region=Europe; source-only fit/search/calibration; target labels untouched until final evaluation; V1-V10 financial ratios only.",OOF HistGB risk is a forced KELM input; no score-level fusion.,Platt_logistic_on_separate_calibration_partition,0.47559486560567094,0.9642857142857143,0.2345679012345679,0.5664335664335665,0.7136563876651982,0.6173780487804879,0.8455114822546973,0.2924396698824571,0.40442395000973014,0.5994268077601411,0.7654320987654321,0.8666666666666667,81.0,62.0,19.0,3.0,0.7315422382929928,0.7110523221634332,0.2239654831565009,0.6327039718854468,0.10399253268788289,0.18081949547990486,0.8171236970603164,5.0,0.4666666666666667,0.1536926147704591,0.9535714285714285,0.9880952380952381,0.18641975308641975,0.3061728395061728,0.5519994484280198,0.587983193277311,0.8394041478050321,0.8611314090853733,0.24624371982829013,0.36072123638444253,0.3538762293967789,0.46532020262261076,0.6938932430328242,0.7814942040263742,0.6628453850676074,0.7563492063492063,0.20455942599538132,0.2370803658898944,20260940,3,Europe,251,165,V1-V10_financial_only
PONE2016_h3_target_Europe,20260729,KELM_risk_feature,cost_10,165,84,0.2400532416995124,"Same-horizon leave-one-region-out transfer; source regions=Asia,North America; target region=Europe; source-only fit/search/calibration; target labels untouched until final evaluation; V1-V10 financial ratios only.",OOF HistGB risk is a forced KELM input; no score-level fusion.,Platt_logistic_on_separate_calibration_partition,0.47559486560567094,0.9642857142857143,0.2345679012345679,0.5664335664335665,0.7136563876651982,0.6173780487804879,0.8455114822546973,0.2924396698824571,0.40442395000973014,0.5994268077601411,0.7654320987654321,0.8666666666666667,81.0,62.0,19.0,3.0,0.7315422382929928,0.7110523221634332,0.2239654831565009,0.6327039718854468,0.10399253268788289,0.18081949547990486,0.8171236970603164,10.0,0.5575757575757576,0.0998914223669924,0.930952380952381,0.9761904761904762,0.23580246913580247,0.3518518518518518,0.5613739993920356,0.6097390744121121,0.8226293767892534,0.8714221724524076,0.24368924945388015,0.4223498515489273,0.3819026256844436,0.5253005115546405,0.7035689233075525,0.7543141505961022,0.6660787771898883,0.7445032333921223,0.2121392598251235,0.2369416923689991,20260940,3,Europe,251,165,V1-V10_financial_only
PONE2016_h3_target_Europe,20260729,KELM_risk_feature,cost_20,165,84,0.2400532416995124,"Same-horizon leave-one-region-out transfer; source regions=Asia,North America; target region=Europe; source-only fit/search/calibration; target labels untouched until final evaluation; V1-V10 financial ratios only.",OOF HistGB risk is a forced KELM input; no score-level fusion.,Platt_logistic_on_separate_calibration_partition,0.47559486560567094,0.9642857142857143,0.2345679012345679,0.5664335664335665,0.7136563876651982,0.6173780487804879,0.8455114822546973,0.2924396698824571,0.40442395000973014,0.5994268077601411,0.7654320987654321,0.8666666666666667,81.0,62.0,19.0,3.0,0.7315422382929928,0.7110523221634332,0.2239654831565009,0.6327039718854468,0.10399253268788289,0.18081949547990486,0.8171236970603164,20.0,0.7393939393939394,0.06927881885292447,0.919047619047619,0.9761904761904762,0.2382716049382716,0.3185185185185185,0.5695370370370371,0.5970802919708029,0.8190021231422506,0.8655435165609584,0.2626858610030825,0.38932593153716005,0.4084532519777787,0.49419854611626696,0.7178803142616426,0.8228217731358982,0.6869488536155203,0.7954585537918872,0.18830477698447604,0.22902718467494598,20260940,3,Europe,251,165,V1-V10_financial_only
PONE2016_h3_target_Europe,20260729,Full_PBMSBAINGO,triad,165,84,0.7536568912721591,"Same-horizon leave-one-region-out transfer; source regions=Asia,North America; target region=Europe; source-only fit/search/calibration; target labels untouched until final evaluation; V1-V10 financial ratios only.",Risk feature plus score fusion; alpha=0.30 selected only on search partition.,Platt_logistic_on_separate_calibration_partition,0.4933419132673033,0.27380952380952384,0.8888888888888888,0.71875,0.39655172413793105,0.5424528301886793,0.3125,0.20571438361526492,0.3685702088765836,0.5813492063492063,0.1111111111111111,0.19393939393939394,23.0,9.0,72.0,61.0,0.6965789384176344,0.7110523221634333,0.225142127383809,0.6419117129112674,0.1449467555765505,-0.03732622245003077,0.8316873703459073,,,,0.21666666666666665,0.31547619047619047,0.828395061728395,0.8975308641975308,0.5914807302231238,0.7609523809523809,0.2489448352462051,0.3573035595585066,0.08289695213804472,0.26081728192278303,0.25296338941869956,0.41889257841480737,0.6356762330196304,0.7353817200273854,0.6368312757201646,0.7295120517342739,0.22033358131195815,0.2512234682071713,20261036,3,Europe,251,165,V1-V10_financial_only
PONE2016_h3_target_Europe,20260729,Full_PBMSBAINGO,cost_1,165,84,0.7530244098132434,"Same-horizon leave-one-region-out transfer; source regions=Asia,North America; target region=Europe; source-only fit/search/calibration; target labels untouched until final evaluation; V1-V10 financial ratios only.",Risk feature plus score fusion; alpha=0.30 selected only on search partition.,Platt_logistic_on_separate_calibration_partition,0.4933419132673033,0.27380952380952384,0.8888888888888888,0.71875,0.39655172413793105,0.5424528301886793,0.3125,0.20571438361526492,0.3685702088765836,0.5813492063492063,0.1111111111111111,0.19393939393939394,23.0,9.0,72.0,61.0,0.6965789384176344,0.7110523221634333,0.225142127383809,0.6419117129112674,0.1449467555765505,-0.03732622245003077,0.8316873703459073,1.0,0.42424242424242425,0.42424242424242425,0.21547619047619046,0.3142857142857143,0.8308641975308642,0.9,0.5802507836990596,0.7139097744360903,0.24766306567175259,0.35355483475059174,0.07031830531593855,0.21692339249424197,0.2354587082152961,0.3889196075532523,0.632584517548938,0.7111456539459854,0.659700176366843,0.7236772486772487,0.21775511002980352,0.2418671202612702,20261036,3,Europe,251,165,V1-V10_financial_only
PONE2016_h3_target_Europe,20260729,Full_PBMSBAINGO,cost_2,165,84,0.3143778638560844,"Same-horizon leave-one-region-out transfer; source regions=Asia,North America; target region=Europe; source-only fit/search/calibration; target labels untouched until final evaluation; V1-V10 financial ratios only.",Risk feature plus score fusion; alpha=0.30 selected only on search partition.,Platt_logistic_on_separate_calibration_partition,0.5802703661439286,0.9404761904761905,0.35802469135802467,0.6030534351145038,0.7348837209302326,0.649671052631579,0.8458244111349036,0.36893738448387203,0.4989662254204537,0.6492504409171076,0.6419753086419753,0.793939393939394,79.0,52.0,29.0,5.0,0.6965789384176344,0.7110523221634333,0.225142127383809,0.6419117129112674,0.1449467555765505,-0.03732622245003077,0.8316873703459073,2.0,0.37575757575757573,0.24899598393574296,0.8976190476190476,0.9642857142857143,0.3592592592592592,0.40617283950617283,0.5927363730696453,0.6229739551786796,0.8138879212243666,0.8687273027401783,0.30722193331495795,0.43731328826907045,0.4630101277169616,0.5501088306727803,0.6461420290652429,0.7255004806557476,0.6617724867724868,0.7313639035861258,0.22053854845480053,0.24634304485819622,20261036,3,Europe,251,165,V1-V10_financial_only
PONE2016_h3_target_Europe,20260729,Full_PBMSBAINGO,cost_5,165,84,0.29146488392078734,"Same-horizon leave-one-region-out transfer; source regions=Asia,North America; target region=Europe; source-only fit/search/calibration; target labels untouched until final evaluation; V1-V10 financial ratios only.",Risk feature plus score fusion; alpha=0.30 selected only on search partition.,Platt_logistic_on_separate_calibration_partition,0.2721655269759087,1.0,0.07407407407407407,0.5283018867924528,0.691358024691358,0.5833333333333334,0.8484848484848485,0.1978218215863388,0.24470723472325553,0.537037037037037,0.9259259259259259,0.9636363636363636,84.0,75.0,6.0,0.0,0.6965789384176344,0.7110523221634333,0.225142127383809,0.6419117129112674,0.1449467555765505,-0.03732622245003077,0.8316873703459073,5.0,0.45454545454545453,0.1497005988023952,1.0,1.0,0.06172839506172839,0.09876543209876543,0.525,0.535031847133758,0.8467741935483871,0.8519269776876268,0.1800205749557739,0.2298752956904378,0.22315281856354918,0.28316033861114626,0.6995286109613154,0.7410061968373803,0.7290123456790123,0.7474279835390947,0.21223714628867574,0.22213707422479087,20261036,3,Europe,251,165,V1-V10_financial_only
PONE2016_h3_target_Europe,20260729,Full_PBMSBAINGO,cost_10,165,84,0.29146488392078734,"Same-horizon leave-one-region-out transfer; source regions=Asia,North America; target region=Europe; source-only fit/search/calibration; target labels untouched until final evaluation; V1-V10 financial ratios only.",Risk feature plus score fusion; alpha=0.30 selected only on search partition.,Platt_logistic_on_separate_calibration_partition,0.2721655269759087,1.0,0.07407407407407407,0.5283018867924528,0.691358024691358,0.5833333333333334,0.8484848484848485,0.1978218215863388,0.24470723472325553,0.537037037037037,0.9259259259259259,0.9636363636363636,84.0,75.0,6.0,0.0,0.6965789384176344,0.7110523221634333,0.225142127383809,0.6419117129112674,0.1449467555765505,-0.03732622245003077,0.8316873703459073,10.0,0.45454545454545453,0.08143322475570032,1.0,1.0,0.04938271604938271,0.06172839506172839,0.5217391304347826,0.525,0.8450704225352113,0.8467741935483871,0.1605144707810256,0.1800205749557739,0.1993867929101268,0.22315281856354918,0.652454579004991,0.7457243181770984,0.6453997648442094,0.7565108759553204,0.20984108791562825,0.2470828373520533,20261036,3,Europe,251,165,V1-V10_financial_only
PONE2016_h3_target_Europe,20260729,Full_PBMSBAINGO,cost_20,165,84,0.29146488392078734,"Same-horizon leave-one-region-out transfer; source regions=Asia,North America; target region=Europe; source-only fit/search/calibration; target labels untouched until final evaluation; V1-V10 financial ratios only.",Risk feature plus score fusion; alpha=0.30 selected only on search partition.,Platt_logistic_on_separate_calibration_partition,0.2721655269759087,1.0,0.07407407407407407,0.5283018867924528,0.691358024691358,0.5833333333333334,0.8484848484848485,0.1978218215863388,0.24470723472325553,0.537037037037037,0.9259259259259259,0.9636363636363636,84.0,75.0,6.0,0.0,0.6965789384176344,0.7110523221634333,0.225142127383809,0.6419117129112674,0.1449467555765505,-0.03732622245003077,0.8316873703459073,20.0,0.45454545454545453,0.04258943781942078,1.0,1.0,0.05061728395061728,0.10864197530864196,0.5220652173913043,0.5377799415774099,0.8452407996365289,0.853312925841809,0.16246508119850042,0.24157452561308534,0.20176339547546904,0.2970504314440172,0.6913652830548983,0.7842640348557199,0.6998971193415637,0.7925191064079953,0.1936389559503504,0.22711454663036146,20261036,3,Europe,251,165,V1-V10_financial_only
PONE2016_h3_target_Europe,20260729,Uncertainty_gated_fusion,triad,165,84,0.6848103753573686,"Same-horizon leave-one-region-out transfer; source regions=Asia,North America; target region=Europe; source-only fit/search/calibration; target labels untouched until final evaluation; V1-V10 financial ratios only.","One-standard-error paired-bootstrap gate selected KELM_risk_feature; search utility difference=-0.0622, required margin=0.0698.",Platt_logistic_on_separate_calibration_partition,0.5208752187743392,0.30952380952380953,0.8765432098765432,0.7222222222222222,0.43333333333333335,0.5701754385964912,0.34946236559139787,0.22521921876961776,0.39387427169934236,0.5930335097001764,0.12345679012345678,0.21818181818181817,26.0,10.0,71.0,58.0,0.7315422382929928,0.7110523221634332,0.2239654831565009,0.6327039718854468,0.10399253268788289,0.18081949547990486,0.8171236970603164,,,,0.22738095238095238,0.33214285714285713,0.8296296296296296,0.9222222222222222,0.6675675675675675,0.8053291536050157,0.2622873701640825,0.36991869918699183,0.15461638513844755,0.29664669287272,0.3149642322104645,0.44333382126294696,0.6879422075637621,0.7651642237787445,0.6723985890652557,0.7352292768959436,0.21357136966926235,0.2428157697580821,20261082,3,Europe,251,165,V1-V10_financial_only
PONE2016_h3_target_Europe,20260729,Uncertainty_gated_fusion,cost_1,165,84,0.6833845891138048,"Same-horizon leave-one-region-out transfer; source regions=Asia,North America; target region=Europe; source-only fit/search/calibration; target labels untouched until final evaluation; V1-V10 financial ratios only.","One-standard-error paired-bootstrap gate selected KELM_risk_feature; search utility difference=-0.0622, required margin=0.0698.",Platt_logistic_on_separate_calibration_partition,0.517194075695146,0.30952380952380953,0.8641975308641975,0.7027027027027027,0.4297520661157025,0.5603448275862069,0.3485254691689008,0.2082233729543181,0.3818963609855912,0.5868606701940036,0.13580246913580246,0.22424242424242424,26.0,11.0,70.0,58.0,0.7315422382929928,0.7110523221634332,0.2239654831565009,0.6327039718854468,0.10399253268788289,0.18081949547990486,0.8171236970603164,1.0,0.41818181818181815,0.41818181818181815,0.2928571428571428,0.39166666666666666,0.808641975308642,0.9135802469135802,0.615,0.8108108108108109,0.32744851976498773,0.43334266517357223,0.12164154317131161,0.32871145502212795,0.30430902645352015,0.48244187126449256,0.6965383035655037,0.7871688148483774,0.6450029394473838,0.7622134038800705,0.2032253482309937,0.24336918382148842,20261082,3,Europe,251,165,V1-V10_financial_only
PONE2016_h3_target_Europe,20260729,Uncertainty_gated_fusion,cost_2,165,84,0.2400532416995124,"Same-horizon leave-one-region-out transfer; source regions=Asia,North America; target region=Europe; source-only fit/search/calibration; target labels untouched until final evaluation; V1-V10 financial ratios only.","One-standard-error paired-bootstrap gate selected KELM_risk_feature; search utility difference=-0.0622, required margin=0.0698.",Platt_logistic_on_separate_calibration_partition,0.47559486560567094,0.9642857142857143,0.2345679012345679,0.5664335664335665,0.7136563876651982,0.6173780487804879,0.8455114822546973,0.2924396698824571,0.40442395000973014,0.5994268077601411,0.7654320987654321,0.8666666666666667,81.0,62.0,19.0,3.0,0.7315422382929928,0.7110523221634332,0.2239654831565009,0.6327039718854468,0.10399253268788289,0.18081949547990486,0.8171236970603164,2.0,0.4121212121212121,0.27309236947791166,0.9547619047619047,0.9976190476190476,0.20123456790123456,0.25925925925925924,0.5534961685823755,0.5774647887323944,0.8338574151074152,0.870006423722634,0.2382761857243991,0.3646121193605816,0.35746597260082885,0.44166657967925305,0.7212168599160061,0.7479354154548211,0.7008671369782481,0.7257495590828924,0.21799395811774186,0.2281948836275446,20261082,3,Europe,251,165,V1-V10_financial_only
PONE2016_h3_target_Europe,20260729,Uncertainty_gated_fusion,cost_5,165,84,0.2400532416995124,"Same-horizon leave-one-region-out transfer; source regions=Asia,North America; target region=Europe; source-only fit/search/calibration; target labels untouched until final evaluation; V1-V10 financial ratios only.","One-standard-error paired-bootstrap gate selected KELM_risk_feature; search utility difference=-0.0622, required margin=0.0698.",Platt_logistic_on_separate_calibration_partition,0.47559486560567094,0.9642857142857143,0.2345679012345679,0.5664335664335665,0.7136563876651982,0.6173780487804879,0.8455114822546973,0.2924396698824571,0.40442395000973014,0.5994268077601411,0.7654320987654321,0.8666666666666667,81.0,62.0,19.0,3.0,0.7315422382929928,0.7110523221634332,0.2239654831565009,0.6327039718854468,0.10399253268788289,0.18081949547990486,0.8171236970603164,5.0,0.4666666666666667,0.1536926147704591,0.9547619047619047,0.9988095238095238,0.19876543209876543,0.28148148148148144,0.563845135369584,0.5794856093080221,0.8447327561251612,0.865302768350729,0.30526991371580575,0.33922503044222235,0.40380274933069865,0.4419626166938736,0.6862769114668135,0.7819701011384285,0.6661228689006466,0.7579952968841859,0.2017696226603423,0.2400498205221522,20261082,3,Europe,251,165,V1-V10_financial_only
PONE2016_h3_target_Europe,20260729,Uncertainty_gated_fusion,cost_10,165,84,0.2400532416995124,"Same-horizon leave-one-region-out transfer; source regions=Asia,North America; target region=Europe; source-only fit/search/calibration; target labels untouched until final evaluation; V1-V10 financial ratios only.","One-standard-error paired-bootstrap gate selected KELM_risk_feature; search utility difference=-0.0622, required margin=0.0698.",Platt_logistic_on_separate_calibration_partition,0.47559486560567094,0.9642857142857143,0.2345679012345679,0.5664335664335665,0.7136563876651982,0.6173780487804879,0.8455114822546973,0.2924396698824571,0.40442395000973014,0.5994268077601411,0.7654320987654321,0.8666666666666667,81.0,62.0,19.0,3.0,0.7315422382929928,0.7110523221634332,0.2239654831565009,0.6327039718854468,0.10399253268788289,0.18081949547990486,0.8171236970603164,10.0,0.5575757575757576,0.0998914223669924,0.930952380952381,0.9880952380952381,0.1765432098765432,0.2567901234567901,0.5539440559440559,0.5716941529235382,0.8240136360032769,0.8618982230093342,0.25411638504181916,0.33609507924331006,0.36449318867963004,0.4256437511671449,0.6873628709127534,0.7634949135040084,0.6718106995884774,0.746766607877719,0.21197488652063223,0.23927308541355785,20261082,3,Europe,251,165,V1-V10_financial_only
PONE2016_h3_target_Europe,20260729,Uncertainty_gated_fusion,cost_20,165,84,0.2400532416995124,"Same-horizon leave-one-region-out transfer; source regions=Asia,North America; target region=Europe; source-only fit/search/calibration; target labels untouched until final evaluation; V1-V10 financial ratios only.","One-standard-error paired-bootstrap gate selected KELM_risk_feature; search utility difference=-0.0622, required margin=0.0698.",Platt_logistic_on_separate_calibration_partition,0.47559486560567094,0.9642857142857143,0.2345679012345679,0.5664335664335665,0.7136563876651982,0.6173780487804879,0.8455114822546973,0.2924396698824571,0.40442395000973014,0.5994268077601411,0.7654320987654321,0.8666666666666667,81.0,62.0,19.0,3.0,0.7315422382929928,0.7110523221634332,0.2239654831565009,0.6327039718854468,0.10399253268788289,0.18081949547990486,0.8171236970603164,20.0,0.7393939393939394,0.06927881885292447,0.9428571428571428,0.9880952380952381,0.19012345679012344,0.32469135802469135,0.5556909021697755,0.5922253550543024,0.8427064794093289,0.8644035862785863,0.26932379292270925,0.35188213029715665,0.36873567033652804,0.47344118298777627,0.7192369646771897,0.761757386495359,0.7089506172839507,0.7520576131687243,0.2119801270029313,0.2250950810806105,20261082,3,Europe,251,165,V1-V10_financial_only
PONE2016_h3_target_Europe,20260729,Full_random_search,triad,165,84,0.7619540846772154,"Same-horizon leave-one-region-out transfer; source regions=Asia,North America; target region=Europe; source-only fit/search/calibration; target labels untouched until final evaluation; V1-V10 financial ratios only.",Same full architecture and 81 evaluations as PBMSBAINGO; alpha=0.10.,Platt_logistic_on_separate_calibration_partition,0.4967560848924943,0.27380952380952384,0.9012345679012346,0.7419354838709677,0.4,0.5528846153846154,0.3133514986376022,0.22402493650936356,0.3809438073437102,0.5875220458553791,0.09876543209876543,0.18787878787878787,23.0,8.0,73.0,61.0,0.6845373641732194,0.7016460905349795,0.22581108663903235,0.6436445298468377,0.06225633584131818,-0.03760681614174692,0.8360099493429319,,,,0.27380952380952384,0.33214285714285713,0.8888888888888888,0.9493827160493827,0.7506756756756757,0.8488095238095238,0.3160211001120092,0.3740919311597336,0.25575087123260504,0.30155650963258823,0.41713316808801254,0.4289696652130987,0.6563055770408434,0.7717690562954252,0.6865961199294532,0.780893592004703,0.20189736764724286,0.2309102686405712,20261130,3,Europe,251,165,V1-V10_financial_only
PONE2016_h3_target_Europe,20260729,Full_random_search,cost_1,165,84,0.7612719885256237,"Same-horizon leave-one-region-out transfer; source regions=Asia,North America; target region=Europe; source-only fit/search/calibration; target labels untouched until final evaluation; V1-V10 financial ratios only.",Same full architecture and 81 evaluations as PBMSBAINGO; alpha=0.10.,Platt_logistic_on_separate_calibration_partition,0.4967560848924943,0.27380952380952384,0.9012345679012346,0.7419354838709677,0.4,0.5528846153846154,0.3133514986376022,0.22402493650936356,0.3809438073437102,0.5875220458553791,0.09876543209876543,0.18787878787878787,23.0,8.0,73.0,61.0,0.6845373641732194,0.7016460905349795,0.22581108663903235,0.6436445298468377,0.06225633584131818,-0.03760681614174692,0.8360099493429319,1.0,0.41818181818181815,0.41818181818181815,0.18095238095238095,0.2845238095238095,0.8790123456790123,0.9259259259259259,0.6557065217391305,0.7966666666666667,0.21169916434540392,0.32650273224043713,0.12117499558310442,0.2711738502111578,0.2708109375411381,0.41471427137559325,0.660415456593452,0.7307431650281572,0.6752792475014697,0.7165049970605527,0.2239421892048025,0.23602743352988984,20261130,3,Europe,251,165,V1-V10_financial_only
PONE2016_h3_target_Europe,20260729,Full_random_search,cost_2,165,84,0.3051926743090019,"Same-horizon leave-one-region-out transfer; source regions=Asia,North America; target region=Europe; source-only fit/search/calibration; target labels untouched until final evaluation; V1-V10 financial ratios only.",Same full architecture and 81 evaluations as PBMSBAINGO; alpha=0.10.,Platt_logistic_on_separate_calibration_partition,0.2721655269759087,1.0,0.07407407407407407,0.5283018867924528,0.691358024691358,0.5833333333333334,0.8484848484848485,0.1978218215863388,0.24470723472325553,0.537037037037037,0.9259259259259259,0.9636363636363636,84.0,75.0,6.0,0.0,0.6845373641732194,0.7016460905349795,0.22581108663903235,0.6436445298468377,0.06225633584131818,-0.03760681614174692,0.8360099493429319,2.0,0.45454545454545453,0.30120481927710846,1.0,1.0,0.04938271604938271,0.09753086419753086,0.5217391304347826,0.5346932193824074,0.8450704225352113,0.8517545228338439,0.1605144707810256,0.22832247602287653,0.1993867929101268,0.2813035149871455,0.6872832714690813,0.7623868137253936,0.7168136390358613,0.7695620223398001,0.20532212269485983,0.22326535265135813,20261130,3,Europe,251,165,V1-V10_financial_only
PONE2016_h3_target_Europe,20260729,Full_random_search,cost_5,165,84,0.3014570893006815,"Same-horizon leave-one-region-out transfer; source regions=Asia,North America; target region=Europe; source-only fit/search/calibration; target labels untouched until final evaluation; V1-V10 financial ratios only.",Same full architecture and 81 evaluations as PBMSBAINGO; alpha=0.10.,Platt_logistic_on_separate_calibration_partition,0.15713484026367722,1.0,0.024691358024691357,0.5153374233128835,0.680161943319838,0.5706521739130435,0.8416833667334669,0.1128023972375602,0.14069794966113694,0.5123456790123457,0.9753086419753086,0.9878787878787879,84.0,79.0,2.0,0.0,0.6845373641732194,0.7016460905349795,0.22581108663903235,0.6436445298468377,0.06225633584131818,-0.03760681614174692,0.8360099493429319,5.0,0.47878787878787876,0.15768463073852296,1.0,1.0,0.0012345679012345679,0.059259259259259255,0.5094013303769401,0.5243518518518518,0.8384910179640718,0.8464341235911388,0.007951978726894965,0.17587650778158148,0.009938711029457481,0.21808712880892103,0.6672848849818995,0.7424700420638923,0.6720899470899471,0.7325249853027631,0.21285104701089985,0.2361312921992635,20261130,3,Europe,251,165,V1-V10_financial_only
PONE2016_h3_target_Europe,20260729,Full_random_search,cost_10,165,84,0.3014570893006815,"Same-horizon leave-one-region-out transfer; source regions=Asia,North America; target region=Europe; source-only fit/search/calibration; target labels untouched until final evaluation; V1-V10 financial ratios only.",Same full architecture and 81 evaluations as PBMSBAINGO; alpha=0.10.,Platt_logistic_on_separate_calibration_partition,0.15713484026367722,1.0,0.024691358024691357,0.5153374233128835,0.680161943319838,0.5706521739130435,0.8416833667334669,0.1128023972375602,0.14069794966113694,0.5123456790123457,0.9753086419753086,0.9878787878787879,84.0,79.0,2.0,0.0,0.6845373641732194,0.7016460905349795,0.22581108663903235,0.6436445298468377,0.06225633584131818,-0.03760681614174692,0.8360099493429319,10.0,0.47878787878787876,0.08577633007600434,1.0,1.0,0.013580246913580247,0.04814814814814814,0.5125093520873859,0.5214170692431562,0.8401683366733467,0.8449007296792805,0.0828480482658107,0.158321014024308,0.10351819423123101,0.19669770572084086,0.6558172481646501,0.7688019699973192,0.6610376249265137,0.7671810699588477,0.20213712115586402,0.24144491887226482,20261130,3,Europe,251,165,V1-V10_financial_only
PONE2016_h3_target_Europe,20260729,Full_random_search,cost_20,165,84,0.3014570893006815,"Same-horizon leave-one-region-out transfer; source regions=Asia,North America; target region=Europe; source-only fit/search/calibration; target labels untouched until final evaluation; V1-V10 financial ratios only.",Same full architecture and 81 evaluations as PBMSBAINGO; alpha=0.10.,Platt_logistic_on_separate_calibration_partition,0.15713484026367722,1.0,0.024691358024691357,0.5153374233128835,0.680161943319838,0.5706521739130435,0.8416833667334669,0.1128023972375602,0.14069794966113694,0.5123456790123457,0.9753086419753086,0.9878787878787879,84.0,79.0,2.0,0.0,0.6845373641732194,0.7016460905349795,0.22581108663903235,0.6436445298468377,0.06225633584131818,-0.03760681614174692,0.8360099493429319,20.0,0.47878787878787876,0.044860874503123226,1.0,1.0,0.013580246913580247,0.03580246913580246,0.5125093520873859,0.5182004089979549,0.8401683366733467,0.84320448125166,0.0828480482658107,0.13600215261622073,0.10351819423123101,0.16931612388165457,0.6200878652794326,0.7029895772874206,0.6182539682539683,0.7012933568489125,0.22401992805553117,0.25334790081260417,20261130,3,Europe,251,165,V1-V10_financial_only
PONE2016_h3_target_Europe,20260729,Balanced_logistic,triad,165,84,0.5851531214556651,"Same-horizon leave-one-region-out transfer; source regions=Asia,North America; target region=Europe; source-only fit/search/calibration; target labels untouched until final evaluation; V1-V10 financial ratios only.",Class-weighted logistic reference using the same source-only fit/search/calibration and untouched regional target.,Platt_logistic_on_separate_calibration_partition,0.6169752314428771,0.44047619047619047,0.8641975308641975,0.7708333333333334,0.5606060606060606,0.6702898550724637,0.4817708333333333,0.33535408434020625,0.5035157034823443,0.652336860670194,0.13580246913580246,0.2909090909090909,37.0,11.0,70.0,47.0,0.7118554167414453,0.7091416813639035,0.21576791254240654,0.6611578058351401,0.09449866878647806,0.08037447190316642,0.5485781441129249,,,,0.330952380952381,0.4988095238095238,0.7925925925925925,0.8864197530864197,0.6927197802197802,0.8200226244343891,0.36933678756476684,0.5412071445696476,0.20868917706713896,0.4165371935236469,0.38803002874277936,0.5689194326083682,0.6593503079714105,0.7366611156179019,0.627498530276308,0.7547619047619047,0.20277901927293548,0.24602172965135854,20262030,3,Europe,251,165,V1-V10_financial_only
PONE2016_h3_target_Europe,20260729,Balanced_logistic,cost_1,165,84,0.5343576017629494,"Same-horizon leave-one-region-out transfer; source regions=Asia,North America; target region=Europe; source-only fit/search/calibration; target labels untouched until final evaluation; V1-V10 financial ratios only.",Class-weighted logistic reference using the same source-only fit/search/calibration and untouched regional target.,Platt_logistic_on_separate_calibration_partition,0.6258445205509001,0.4880952380952381,0.8024691358024691,0.7192982456140351,0.5815602836879432,0.657051282051282,0.5216284987277354,0.30547467488707325,0.49276067322274575,0.6452821869488536,0.19753086419753085,0.34545454545454546,41.0,16.0,65.0,43.0,0.7118554167414453,0.7091416813639035,0.21576791254240654,0.6611578058351401,0.09449866878647806,0.08037447190316642,0.5485781441129249,1.0,0.3575757575757576,0.3575757575757576,0.44285714285714284,0.5583333333333333,0.754320987654321,0.8506172839506173,0.6753216675244468,0.7754098360655738,0.4808395360458694,0.5827484045977586,0.246934265389155,0.37529674060415713,0.44474965348784135,0.5503456829266806,0.6589249078892044,0.7760208151311664,0.6720164609053498,0.7420340975896532,0.2014281429399737,0.22913740621123807,20262030,3,Europe,251,165,V1-V10_financial_only
PONE2016_h3_target_Europe,20260729,Balanced_logistic,cost_2,165,84,0.35121809802522974,"Same-horizon leave-one-region-out transfer; source regions=Asia,North America; target region=Europe; source-only fit/search/calibration; target labels untouched until final evaluation; V1-V10 financial ratios only.",Class-weighted logistic reference using the same source-only fit/search/calibration and untouched regional target.,Platt_logistic_on_separate_calibration_partition,0.5953968042384461,0.7976190476190477,0.4444444444444444,0.5982142857142857,0.6836734693877551,0.6296992481203008,0.7477678571428571,0.2591579289043221,0.4512243205944816,0.621031746031746,0.5555555555555556,0.6787878787878788,67.0,45.0,36.0,17.0,0.7118554167414453,0.7091416813639035,0.21576791254240654,0.6611578058351401,0.09449866878647806,0.08037447190316642,0.5485781441129249,2.0,0.47878787878787876,0.3172690763052209,0.7738095238095238,0.7857142857142857,0.4209876543209876,0.4802469135802469,0.58125,0.6105504587155963,0.7257717408712364,0.7430762222897054,0.20965424149267017,0.2797228710497107,0.4090430117926932,0.47258476273054756,0.6847921279140325,0.7265222721129765,0.690623162845385,0.728615520282187,0.21059805866121803,0.22593008441775642,20262030,3,Europe,251,165,V1-V10_financial_only
PONE2016_h3_target_Europe,20260729,Balanced_logistic,cost_5,165,84,0.1050160200326777,"Same-horizon leave-one-region-out transfer; source regions=Asia,North America; target region=Europe; source-only fit/search/calibration; target labels untouched until final evaluation; V1-V10 financial ratios only.",Class-weighted logistic reference using the same source-only fit/search/calibration and untouched regional target.,Platt_logistic_on_separate_calibration_partition,0.2721655269759087,1.0,0.07407407407407407,0.5283018867924528,0.691358024691358,0.5833333333333334,0.8484848484848485,0.1978218215863388,0.24470723472325553,0.537037037037037,0.9259259259259259,0.9636363636363636,84.0,75.0,6.0,0.0,0.7118554167414453,0.7091416813639035,0.21576791254240654,0.6611578058351401,0.09449866878647806,0.08037447190316642,0.5485781441129249,5.0,0.45454545454545453,0.1497005988023952,1.0,1.0,0.06296296296296296,0.08641975308641975,0.5253301886792453,0.5316455696202531,0.8469452590420332,0.8502024291497976,0.18180069961883039,0.21434709901482518,0.22530826017951983,0.26459210237113867,0.6467378745883655,0.7754438495440673,0.6731334509112286,0.7389476778365667,0.20212126343598566,0.23242309482876825,20262030,3,Europe,251,165,V1-V10_financial_only
PONE2016_h3_target_Europe,20260729,Balanced_logistic,cost_10,165,84,0.1050160200326777,"Same-horizon leave-one-region-out transfer; source regions=Asia,North America; target region=Europe; source-only fit/search/calibration; target labels untouched until final evaluation; V1-V10 financial ratios only.",Class-weighted logistic reference using the same source-only fit/search/calibration and untouched regional target.,Platt_logistic_on_separate_calibration_partition,0.2721655269759087,1.0,0.07407407407407407,0.5283018867924528,0.691358024691358,0.5833333333333334,0.8484848484848485,0.1978218215863388,0.24470723472325553,0.537037037037037,0.9259259259259259,0.9636363636363636,84.0,75.0,6.0,0.0,0.7118554167414453,0.7091416813639035,0.21576791254240654,0.6611578058351401,0.09449866878647806,0.08037447190316642,0.5485781441129249,10.0,0.45454545454545453,0.08143322475570032,1.0,1.0,0.037037037037037035,0.07407407407407407,0.5185185185185185,0.5283018867924528,0.8433734939759037,0.8484848484848485,0.1385799032138497,0.1978218215863388,0.17249592101726766,0.24470723472325553,0.6469428815431711,0.7787730826569205,0.6680335097001764,0.760626102292769,0.19502233303840888,0.2319560922394951,20262030,3,Europe,251,165,V1-V10_financial_only
PONE2016_h3_target_Europe,20260729,Balanced_logistic,cost_20,165,84,0.1050160200326777,"Same-horizon leave-one-region-out transfer; source regions=Asia,North America; target region=Europe; source-only fit/search/calibration; target labels untouched until final evaluation; V1-V10 financial ratios only.",Class-weighted logistic reference using the same source-only fit/search/calibration and untouched regional target.,Platt_logistic_on_separate_calibration_partition,0.2721655269759087,1.0,0.07407407407407407,0.5283018867924528,0.691358024691358,0.5833333333333334,0.8484848484848485,0.1978218215863388,0.24470723472325553,0.537037037037037,0.9259259259259259,0.9636363636363636,84.0,75.0,6.0,0.0,0.7118554167414453,0.7091416813639035,0.21576791254240654,0.6611578058351401,0.09449866878647806,0.08037447190316642,0.5485781441129249,20.0,0.45454545454545453,0.04258943781942078,1.0,1.0,0.0382716049382716,0.08641975308641975,0.5188405797101449,0.5316455696202531,0.8435431868318344,0.8502024291497976,0.14077335997056728,0.21434709901482518,0.17518500820655358,0.26459210237113867,0.668110918892739,0.7489540395269302,0.7065990593768371,0.7532333921222811,0.1995737790088259,0.21739642014480756,20262030,3,Europe,251,165,V1-V10_financial_only
PONE2016_h3_target_North_America,20260729,HistGB,triad,159,81,0.7045357492619897,"Same-horizon leave-one-region-out transfer; source regions=Asia,Europe; target region=North America; source-only fit/search/calibration; target labels untouched until final evaluation; V1-V10 financial ratios only.",No metaheuristic; threshold and Platt calibration use calibration partition.,Platt_logistic_on_separate_calibration_partition,0.5229763603684908,0.2962962962962963,0.9230769230769231,0.8,0.43243243243243246,0.5970149253731343,0.3389830508474576,0.28029666917797874,0.424809301978894,0.6096866096866097,0.07692307692307693,0.18867924528301888,24.0,6.0,72.0,57.0,0.7425057484630788,0.7581513137068693,0.20819863601416055,0.6053359530164972,0.08778267966484377,0.41949899899776066,0.9980262905262238,,,,0.1876543209876543,0.35432098765432096,0.9141025641025641,0.9615384615384616,0.79004329004329,0.8989583333333333,0.22200610221205186,0.4029875995341957,0.23176356224417938,0.38710636538513976,0.3468881208325132,0.5078213203324932,0.7206451443738257,0.7745659924038375,0.733713200379867,0.7767489711934156,0.20261393931374258,0.21833167790173436,20260729,3,North America,257,159,V1-V10_financial_only
PONE2016_h3_target_North_America,20260729,HistGB,cost_1,159,81,0.24813772203518492,"Same-horizon leave-one-region-out transfer; source regions=Asia,Europe; target region=North America; source-only fit/search/calibration; target labels untouched until final evaluation; V1-V10 financial ratios only.",No metaheuristic; threshold and Platt calibration use calibration partition.,Platt_logistic_on_separate_calibration_partition,0.659385691644159,0.8271604938271605,0.5256410256410257,0.6442307692307693,0.7243243243243244,0.6740442655935613,0.7827102803738317,0.3707850740461613,0.5442524930069866,0.6764007597340931,0.47435897435897434,0.6540880503144654,67.0,37.0,41.0,14.0,0.7425057484630788,0.7581513137068693,0.20819863601416055,0.6053359530164972,0.08778267966484377,0.41949899899776066,0.9980262905262238,1.0,0.32075471698113206,0.32075471698113206,0.7790123456790123,0.8604938271604938,0.4769230769230769,0.5628205128205128,0.6122077922077922,0.6623762376237624,0.7448048405495213,0.8063062083955984,0.2838828819399125,0.4049141442425908,0.47560651553192124,0.5725162842251748,0.6533329170919497,0.7766821522917461,0.6780151946818613,0.7905508072174737,0.19405744754810855,0.24293150188253693,20260729,3,North America,257,159,V1-V10_financial_only
PONE2016_h3_target_North_America,20260729,HistGB,cost_2,159,81,0.24813772203518492,"Same-horizon leave-one-region-out transfer; source regions=Asia,Europe; target region=North America; source-only fit/search/calibration; target labels untouched until final evaluation; V1-V10 financial ratios only.",No metaheuristic; threshold and Platt calibration use calibration partition.,Platt_logistic_on_separate_calibration_partition,0.659385691644159,0.8271604938271605,0.5256410256410257,0.6442307692307693,0.7243243243243244,0.6740442655935613,0.7827102803738317,0.3707850740461613,0.5442524930069866,0.6764007597340931,0.47435897435897434,0.6540880503144654,67.0,37.0,41.0,14.0,0.7425057484630788,0.7581513137068693,0.20819863601416055,0.6053359530164972,0.08778267966484377,0.41949899899776066,0.9980262905262238,2.0,0.4088050314465409,0.2708333333333333,0.7703703703703704,0.8518518518518519,0.514102564102564,0.6461538461538462,0.6382032400589102,0.7063567362428843,0.740796416568388,0.8091057975761546,0.32804650095234533,0.4726321982543518,0.5173346056799457,0.6298008588104459,0.7395358624778862,0.8371638877900316,0.7601139601139602,0.8286957898069008,0.18074098341853623,0.20901655333798258,20260729,3,North America,257,159,V1-V10_financial_only
PONE2016_h3_target_North_America,20260729,HistGB,cost_5,159,81,0.24813772203518492,"Same-horizon leave-one-region-out transfer; source regions=Asia,Europe; target region=North America; source-only fit/search/calibration; target labels untouched until final evaluation; V1-V10 financial ratios only.",No metaheuristic; threshold and Platt calibration use calibration partition.,Platt_logistic_on_separate_calibration_partition,0.659385691644159,0.8271604938271605,0.5256410256410257,0.6442307692307693,0.7243243243243244,0.6740442655935613,0.7827102803738317,0.3707850740461613,0.5442524930069866,0.6764007597340931,0.47435897435897434,0.6540880503144654,67.0,37.0,41.0,14.0,0.7425057484630788,0.7581513137068693,0.20819863601416055,0.6053359530164972,0.08778267966484377,0.41949899899776066,0.9980262905262238,5.0,0.6729559748427673,0.22153209109730848,0.7666666666666666,0.8641975308641975,0.5012820512820513,0.6025641025641025,0.6256063221000999,0.6860144057623049,0.7413993511073494,0.8202680284942914,0.3089483922855582,0.47006454412214316,0.4997131549091817,0.6205966688338262,0.6917910350259657,0.7979866713489725,0.7413738524849635,0.796786957898069,0.19647847953695502,0.22001948182268083,20260729,3,North America,257,159,V1-V10_financial_only
PONE2016_h3_target_North_America,20260729,HistGB,cost_10,159,81,0.24813772203518492,"Same-horizon leave-one-region-out transfer; source regions=Asia,Europe; target region=North America; source-only fit/search/calibration; target labels untouched until final evaluation; V1-V10 financial ratios only.",No metaheuristic; threshold and Platt calibration use calibration partition.,Platt_logistic_on_separate_calibration_partition,0.659385691644159,0.8271604938271605,0.5256410256410257,0.6442307692307693,0.7243243243243244,0.6740442655935613,0.7827102803738317,0.3707850740461613,0.5442524930069866,0.6764007597340931,0.47435897435897434,0.6540880503144654,67.0,37.0,41.0,14.0,0.7425057484630788,0.7581513137068693,0.20819863601416055,0.6053359530164972,0.08778267966484377,0.41949899899776066,0.9980262905262238,10.0,1.1132075471698113,0.19932432432432431,0.8148148148148148,0.8629629629629629,0.4064102564102564,0.5358974358974359,0.6014245014245014,0.6548901098901099,0.7710280373831776,0.803141303141303,0.30143158743802145,0.4058006999644391,0.4726681382446849,0.5688795279287197,0.6686583450553008,0.7868731038599084,0.7020734409623299,0.7803418803418803,0.19676668258983088,0.22625549206689485,20260729,3,North America,257,159,V1-V10_financial_only
PONE2016_h3_target_North_America,20260729,HistGB,cost_20,159,81,0.24813772203518492,"Same-horizon leave-one-region-out transfer; source regions=Asia,Europe; target region=North America; source-only fit/search/calibration; target labels untouched until final evaluation; V1-V10 financial ratios only.",No metaheuristic; threshold and Platt calibration use calibration partition.,Platt_logistic_on_separate_calibration_partition,0.659385691644159,0.8271604938271605,0.5256410256410257,0.6442307692307693,0.7243243243243244,0.6740442655935613,0.7827102803738317,0.3707850740461613,0.5442524930069866,0.6764007597340931,0.47435897435897434,0.6540880503144654,67.0,37.0,41.0,14.0,0.7425057484630788,0.7581513137068693,0.20819863601416055,0.6053359530164972,0.08778267966484377,0.41949899899776066,0.9980262905262238,20.0,1.9937106918238994,0.18669022379269729,0.8074074074074075,0.8753086419753087,0.45,0.6205128205128205,0.6090096737170028,0.7027097902097902,0.7592617689789015,0.825731079374332,0.2892913881296599,0.4994138605108192,0.47567316580623054,0.6441393488638586,0.6657570416275769,0.7750058643338735,0.6789015511237734,0.8027065527065527,0.19171892936890064,0.23691462461298907,20260729,3,North America,257,159,V1-V10_financial_only
PONE2016_h3_target_North_America,20260729,KELM_PBMSBAINGO,triad,159,81,0.7924879883938974,"Same-horizon leave-one-region-out transfer; source regions=Asia,Europe; target region=North America; source-only fit/search/calibration; target labels untouched until final evaluation; V1-V10 financial ratios only.",Plain KELM; hyperparameters/features selected only on search partition.,Platt_logistic_on_separate_calibration_partition,0.3822179155657462,0.16049382716049382,0.9102564102564102,0.65,0.25742574257425743,0.40372670807453415,0.18895348837209303,0.1066584613765904,0.2497693428951193,0.535375118708452,0.08974358974358974,0.12578616352201258,13.0,7.0,71.0,68.0,0.7108961439155497,0.7467553023108577,0.21326773371416724,0.628184883937652,0.10891131021749727,0.2230938694503559,0.6875630442885611,,,,0.13580246913580246,0.1728395061728395,0.8756410256410256,0.9487179487179487,0.5698067632850241,0.7777777777777778,0.16096103089582361,0.2046783625730994,0.0485669839231384,0.19178984155561124,0.1880646535850512,0.31564717834281,0.7000286483803185,0.758220339641998,0.7327793605571383,0.7749446027223805,0.20575280220292685,0.22263201452078776,20260830,3,North America,257,159,V1-V10_financial_only
PONE2016_h3_target_North_America,20260729,KELM_PBMSBAINGO,cost_1,159,81,0.4828889897261705,"Same-horizon leave-one-region-out transfer; source regions=Asia,Europe; target region=North America; source-only fit/search/calibration; target labels untouched until final evaluation; V1-V10 financial ratios only.",Plain KELM; hyperparameters/features selected only on search partition.,Platt_logistic_on_separate_calibration_partition,0.7107905260270698,0.7037037037037037,0.717948717948718,0.7215189873417721,0.7125,0.7178841309823678,0.707196029776675,0.4215856992180056,0.5972044620099631,0.7108262108262109,0.28205128205128205,0.4968553459119497,57.0,22.0,56.0,24.0,0.7108961439155497,0.7467553023108577,0.21326773371416724,0.628184883937652,0.10891131021749727,0.2230938694503559,0.6875630442885611,1.0,0.2893081761006289,0.2893081761006289,0.7308641975308642,0.7876543209876543,0.632051282051282,0.7538461538461538,0.6825985778926955,0.7683661475168969,0.7238430494594515,0.7827398603260671,0.3961211144500005,0.5406709626761317,0.5762566151106092,0.6843254415314075,0.6930058898204186,0.8074588328192065,0.7148306426084203,0.8191199746755301,0.17377521045933822,0.2217695856129402,20260830,3,North America,257,159,V1-V10_financial_only
PONE2016_h3_target_North_America,20260729,KELM_PBMSBAINGO,cost_2,159,81,0.33579488984021527,"Same-horizon leave-one-region-out transfer; source regions=Asia,Europe; target region=North America; source-only fit/search/calibration; target labels untouched until final evaluation; V1-V10 financial ratios only.",Plain KELM; hyperparameters/features selected only on search partition.,Platt_logistic_on_separate_calibration_partition,0.6804138174397717,0.8024691358024691,0.5769230769230769,0.6632653061224489,0.7262569832402235,0.6871035940803383,0.7701421800947867,0.39003202506885654,0.5652173773695147,0.689696106362773,0.4230769230769231,0.6163522012578616,65.0,33.0,45.0,16.0,0.7108961439155497,0.7467553023108577,0.21326773371416724,0.628184883937652,0.10891131021749727,0.2230938694503559,0.6875630442885611,2.0,0.4088050314465409,0.2708333333333333,0.7320987654320987,0.837037037037037,0.5128205128205128,0.6756410256410257,0.6094226804123711,0.7235805860805861,0.7037545377134407,0.8080895008605852,0.2513073591914416,0.49863461507803586,0.45515899831313944,0.6505271558071315,0.6465227622052033,0.830178490380648,0.6726020892687559,0.822491294713517,0.17348561952084107,0.24939202970693794,20260830,3,North America,257,159,V1-V10_financial_only
PONE2016_h3_target_North_America,20260729,KELM_PBMSBAINGO,cost_5,159,81,0.15170294230522427,"Same-horizon leave-one-region-out transfer; source regions=Asia,Europe; target region=North America; source-only fit/search/calibration; target labels untouched until final evaluation; V1-V10 financial ratios only.",Plain KELM; hyperparameters/features selected only on search partition.,Platt_logistic_on_separate_calibration_partition,0.4839951914662546,0.9135802469135802,0.2564102564102564,0.5606060606060606,0.6948356807511737,0.6075533661740559,0.8114035087719298,0.22633182373667865,0.3756723563467112,0.5849952516619183,0.7435897435897436,0.8301886792452831,74.0,58.0,20.0,7.0,0.7108961439155497,0.7467553023108577,0.21326773371416724,0.628184883937652,0.10891131021749727,0.2230938694503559,0.6875630442885611,5.0,0.5849056603773585,0.19254658385093168,0.8901234567901234,0.9481481481481482,0.2064102564102564,0.3166666666666667,0.5418137254901961,0.5758626865671641,0.7958644482291803,0.8380719574710461,0.15412229924595136,0.29725829681320654,0.3060744041182312,0.42508224849947596,0.6767709139621468,0.7731797753568966,0.730025324469769,0.7880183602405824,0.19076035771794198,0.22347301679412107,20260830,3,North America,257,159,V1-V10_financial_only
PONE2016_h3_target_North_America,20260729,KELM_PBMSBAINGO,cost_10,159,81,0.15170294230522427,"Same-horizon leave-one-region-out transfer; source regions=Asia,Europe; target region=North America; source-only fit/search/calibration; target labels untouched until final evaluation; V1-V10 financial ratios only.",Plain KELM; hyperparameters/features selected only on search partition.,Platt_logistic_on_separate_calibration_partition,0.4839951914662546,0.9135802469135802,0.2564102564102564,0.5606060606060606,0.6948356807511737,0.6075533661740559,0.8114035087719298,0.22633182373667865,0.3756723563467112,0.5849952516619183,0.7435897435897436,0.8301886792452831,74.0,58.0,20.0,7.0,0.7108961439155497,0.7467553023108577,0.21326773371416724,0.628184883937652,0.10891131021749727,0.2230938694503559,0.6875630442885611,10.0,0.8050314465408805,0.14414414414414414,0.8765432098765432,0.9012345679012346,0.1717948717948718,0.2794871794871795,0.5298748353096179,0.5612887596899224,0.7790243406529569,0.7984643984430976,0.10281305979026398,0.21197192194885,0.2511101999578368,0.374016120225905,0.659127509622156,0.7149807415165991,0.6825261158594491,0.7458847736625515,0.21853799959283998,0.23586203672958536,20260830,3,North America,257,159,V1-V10_financial_only
PONE2016_h3_target_North_America,20260729,KELM_PBMSBAINGO,cost_20,159,81,0.15170294230522427,"Same-horizon leave-one-region-out transfer; source regions=Asia,Europe; target region=North America; source-only fit/search/calibration; target labels untouched until final evaluation; V1-V10 financial ratios only.",Plain KELM; hyperparameters/features selected only on search partition.,Platt_logistic_on_separate_calibration_partition,0.4839951914662546,0.9135802469135802,0.2564102564102564,0.5606060606060606,0.6948356807511737,0.6075533661740559,0.8114035087719298,0.22633182373667865,0.3756723563467112,0.5849952516619183,0.7435897435897436,0.8301886792452831,74.0,58.0,20.0,7.0,0.7108961439155497,0.7467553023108577,0.21326773371416724,0.628184883937652,0.10891131021749727,0.2230938694503559,0.6875630442885611,20.0,1.2452830188679245,0.1166077738515901,0.8679012345679011,0.9246913580246914,0.21923076923076923,0.28205128205128205,0.5458540630182421,0.5687962419260129,0.7796943231441048,0.816791915003887,0.16533532306171828,0.25192208801483634,0.32146461688010974,0.4012760443007874,0.6783486698894893,0.7873413249432875,0.714181703070592,0.7865463754352643,0.1928327252804519,0.23069383927529644,20260830,3,North America,257,159,V1-V10_financial_only
PONE2016_h3_target_North_America,20260729,KELM_score_fusion,triad,159,81,0.7027612033849518,"Same-horizon leave-one-region-out transfer; source regions=Asia,Europe; target region=North America; source-only fit/search/calibration; target labels untouched until final evaluation; V1-V10 financial ratios only.",Plain KELM plus HistGB score-level fusion; alpha=0.05 selected only on search partition.,Platt_logistic_on_separate_calibration_partition,0.519331881400455,0.2962962962962963,0.9102564102564102,0.7741935483870968,0.42857142857142855,0.5853658536585366,0.3380281690140845,0.2606362804335699,0.41270678863674337,0.6032763532763532,0.08974358974358974,0.1949685534591195,24.0,7.0,71.0,57.0,0.7322566820212266,0.7605254827477049,0.20777971532314718,0.6042946206236761,0.08374662667716026,0.42254466698547316,0.9969365919152656,,,,0.21234567901234566,0.3074074074074074,0.8538461538461538,0.9705128205128205,0.6466403162055336,0.8970443349753695,0.24799732698492252,0.3508957427283246,0.13584121569858218,0.3076957223843091,0.3081308998572576,0.4368166432890158,0.6526994062572918,0.8257856202454498,0.7027698638809748,0.82340930674264,0.1909530406746719,0.22359907086112138,20260832,3,North America,257,159,V1-V10_financial_only
PONE2016_h3_target_North_America,20260729,KELM_score_fusion,cost_1,159,81,0.24621991176047534,"Same-horizon leave-one-region-out transfer; source regions=Asia,Europe; target region=North America; source-only fit/search/calibration; target labels untouched until final evaluation; V1-V10 financial ratios only.",Plain KELM plus HistGB score-level fusion; alpha=0.05 selected only on search partition.,Platt_logistic_on_separate_calibration_partition,0.6642882549942685,0.8395061728395061,0.5256410256410257,0.6476190476190476,0.7311827956989247,0.6786427145708582,0.7925407925407926,0.3854484062479904,0.5540638311905094,0.682573599240266,0.47435897435897434,0.660377358490566,68.0,37.0,41.0,13.0,0.7322566820212266,0.7605254827477049,0.20777971532314718,0.6042946206236761,0.08374662667716026,0.42254466698547316,0.9969365919152656,1.0,0.31446540880503143,0.31446540880503143,0.8172839506172839,0.8962962962962963,0.5551282051282052,0.6410256410256411,0.6737150415721844,0.7110395189003437,0.7839801484395958,0.8423644101346002,0.4187331087666857,0.5037770668075067,0.5865566686631536,0.6500500154584982,0.7463846396228823,0.7936062972953535,0.7737575182019626,0.8077239632795188,0.19242703568736239,0.20479089212311305,20260832,3,North America,257,159,V1-V10_financial_only
PONE2016_h3_target_North_America,20260729,KELM_score_fusion,cost_2,159,81,0.24621991176047534,"Same-horizon leave-one-region-out transfer; source regions=Asia,Europe; target region=North America; source-only fit/search/calibration; target labels untouched until final evaluation; V1-V10 financial ratios only.",Plain KELM plus HistGB score-level fusion; alpha=0.05 selected only on search partition.,Platt_logistic_on_separate_calibration_partition,0.6642882549942685,0.8395061728395061,0.5256410256410257,0.6476190476190476,0.7311827956989247,0.6786427145708582,0.7925407925407926,0.3854484062479904,0.5540638311905094,0.682573599240266,0.47435897435897434,0.660377358490566,68.0,37.0,41.0,13.0,0.7322566820212266,0.7605254827477049,0.20777971532314718,0.6042946206236761,0.08374662667716026,0.42254466698547316,0.9969365919152656,2.0,0.39622641509433965,0.2625,0.8148148148148148,0.8765432098765432,0.4282051282051282,0.5512820512820513,0.5985279922779922,0.6681767233327106,0.7604056795131846,0.8244452741625774,0.27116677491055075,0.4475396556259887,0.45655311019307193,0.5981650656812261,0.6571757416159478,0.7916354605407038,0.7142450142450143,0.790914846470402,0.19105869842063916,0.23085192074850627,20260832,3,North America,257,159,V1-V10_financial_only
PONE2016_h3_target_North_America,20260729,KELM_score_fusion,cost_5,159,81,0.24621991176047534,"Same-horizon leave-one-region-out transfer; source regions=Asia,Europe; target region=North America; source-only fit/search/calibration; target labels untouched until final evaluation; V1-V10 financial ratios only.",Plain KELM plus HistGB score-level fusion; alpha=0.05 selected only on search partition.,Platt_logistic_on_separate_calibration_partition,0.6642882549942685,0.8395061728395061,0.5256410256410257,0.6476190476190476,0.7311827956989247,0.6786427145708582,0.7925407925407926,0.3854484062479904,0.5540638311905094,0.682573599240266,0.47435897435897434,0.660377358490566,68.0,37.0,41.0,13.0,0.7322566820212266,0.7605254827477049,0.20777971532314718,0.6042946206236761,0.08374662667716026,0.42254466698547316,0.9969365919152656,5.0,0.6415094339622641,0.2111801242236025,0.7790123456790123,0.8580246913580246,0.43205128205128207,0.5628205128205128,0.6102023245802841,0.6527551020408163,0.7428882074156677,0.7941908067219667,0.30371356970069135,0.36587716414427923,0.49002195432077217,0.545442629999402,0.6432337363632799,0.7862903551193424,0.6958689458689459,0.7707027540360873,0.19946633514371914,0.24010600972269247,20260832,3,North America,257,159,V1-V10_financial_only
PONE2016_h3_target_North_America,20260729,KELM_score_fusion,cost_10,159,81,0.24621991176047534,"Same-horizon leave-one-region-out transfer; source regions=Asia,Europe; target region=North America; source-only fit/search/calibration; target labels untouched until final evaluation; V1-V10 financial ratios only.",Plain KELM plus HistGB score-level fusion; alpha=0.05 selected only on search partition.,Platt_logistic_on_separate_calibration_partition,0.6642882549942685,0.8395061728395061,0.5256410256410257,0.6476190476190476,0.7311827956989247,0.6786427145708582,0.7925407925407926,0.3854484062479904,0.5540638311905094,0.682573599240266,0.47435897435897434,0.660377358490566,68.0,37.0,41.0,13.0,0.7322566820212266,0.7605254827477049,0.20777971532314718,0.6042946206236761,0.08374662667716026,0.42254466698547316,0.9969365919152656,10.0,1.050314465408805,0.18806306306306306,0.7938271604938272,0.8753086419753087,0.46282051282051284,0.5371794871794872,0.6064592894781574,0.6567152103559871,0.7480384698978483,0.8200431034482759,0.2770593212644784,0.4259340860185754,0.46724913718138683,0.5804154198895857,0.698832176534494,0.7748619048084274,0.7138334916112694,0.7637385248496359,0.20639077677978282,0.22462956222405164,20260832,3,North America,257,159,V1-V10_financial_only
PONE2016_h3_target_North_America,20260729,KELM_score_fusion,cost_20,159,81,0.24621991176047534,"Same-horizon leave-one-region-out transfer; source regions=Asia,Europe; target region=North America; source-only fit/search/calibration; target labels untouched until final evaluation; V1-V10 financial ratios only.",Plain KELM plus HistGB score-level fusion; alpha=0.05 selected only on search partition.,Platt_logistic_on_separate_calibration_partition,0.6642882549942685,0.8395061728395061,0.5256410256410257,0.6476190476190476,0.7311827956989247,0.6786427145708582,0.7925407925407926,0.3854484062479904,0.5540638311905094,0.682573599240266,0.47435897435897434,0.660377358490566,68.0,37.0,41.0,13.0,0.7322566820212266,0.7605254827477049,0.20777971532314718,0.6042946206236761,0.08374662667716026,0.42254466698547316,0.9969365919152656,20.0,1.8679245283018868,0.17491166077738515,0.8308641975308642,0.9432098765432099,0.4769230769230769,0.5871794871794872,0.6341221618164374,0.685266106442577,0.78332241511082,0.8666872343342932,0.35647301345712584,0.48440391445361675,0.5304939556197624,0.6214801579978072,0.7082960782860733,0.7871724329403783,0.7502532446976892,0.7761158594491928,0.2024024496328726,0.22047036708918938,20260832,3,North America,257,159,V1-V10_financial_only
PONE2016_h3_target_North_America,20260729,KELM_risk_feature,triad,159,81,0.5802200607699336,"Same-horizon leave-one-region-out transfer; source regions=Asia,Europe; target region=North America; source-only fit/search/calibration; target labels untouched until final evaluation; V1-V10 financial ratios only.",OOF HistGB risk is a forced KELM input; no score-level fusion.,Platt_logistic_on_separate_calibration_partition,0.687932430407656,0.5679012345679012,0.8333333333333334,0.7796610169491526,0.6571428571428571,0.7255520504731862,0.6005221932114883,0.41520459111093444,0.5813681533291244,0.7006172839506173,0.16666666666666666,0.3710691823899371,46.0,13.0,65.0,35.0,0.7932591980461474,0.7891737891737892,0.1996979105416405,0.5820264365728919,0.0655414991373896,-0.25675547072858285,1.7936543221197652,,,,0.4728395061728395,0.5530864197530865,0.7833333333333333,0.9141025641025642,0.7045197740112994,0.8660671048080248,0.5066137566137566,0.5863613773020951,0.2819206342299744,0.4812371197995382,0.47328518064542724,0.6161368595028247,0.7262687214955226,0.8189290580795184,0.7283000949667616,0.7796929408040518,0.21006748756603383,0.21895814055046806,20260940,3,North America,257,159,V1-V10_financial_only
PONE2016_h3_target_North_America,20260729,KELM_risk_feature,cost_1,159,81,0.562847041776405,"Same-horizon leave-one-region-out transfer; source regions=Asia,Europe; target region=North America; source-only fit/search/calibration; target labels untouched until final evaluation; V1-V10 financial ratios only.",OOF HistGB risk is a forced KELM input; no score-level fusion.,Platt_logistic_on_separate_calibration_partition,0.7227151506533233,0.8148148148148148,0.6410256410256411,0.7021276595744681,0.7542857142857143,0.7221006564551422,0.7894736842105263,0.46353450901828275,0.623264125538396,0.7279202279202279,0.358974358974359,0.5911949685534591,66.0,28.0,50.0,15.0,0.7932591980461474,0.7891737891737892,0.1996979105416405,0.5820264365728919,0.0655414991373896,-0.25675547072858285,1.7936543221197652,1.0,0.27044025157232704,0.27044025157232704,0.7160493827160495,0.8395061728395061,0.5833333333333333,0.7025641025641026,0.6764669098488797,0.7293411118737131,0.7148532574021125,0.8139564903101443,0.4111375301883452,0.5228059618920775,0.5881828860628294,0.666925237803075,0.7775520724768636,0.837349997431549,0.7588952200063311,0.8248654637543525,0.1888779335138534,0.20355938614087357,20260940,3,North America,257,159,V1-V10_financial_only
PONE2016_h3_target_North_America,20260729,KELM_risk_feature,cost_2,159,81,0.33177633322268424,"Same-horizon leave-one-region-out transfer; source regions=Asia,Europe; target region=North America; source-only fit/search/calibration; target labels untouched until final evaluation; V1-V10 financial ratios only.",OOF HistGB risk is a forced KELM input; no score-level fusion.,Platt_logistic_on_separate_calibration_partition,0.49690399499995325,0.9629629629629629,0.2564102564102564,0.5735294117647058,0.7188940092165899,0.624,0.8478260869565217,0.31177410938841077,0.4253975732085105,0.6096866096866096,0.7435897435897436,0.8553459119496856,78.0,58.0,20.0,3.0,0.7932591980461474,0.7891737891737892,0.1996979105416405,0.5820264365728919,0.0655414991373896,-0.25675547072858285,1.7936543221197652,2.0,0.4025157232704403,0.26666666666666666,0.9518518518518518,0.9864197530864197,0.11282051282051282,0.2794871794871795,0.5303526931186505,0.5864488017429194,0.8275220634393117,0.8679218705981782,0.14464732455451643,0.376042988764254,0.24872628440425915,0.4682792052395319,0.7615600761675723,0.8429571612041706,0.7314498258942704,0.8306267806267806,0.18577841542667894,0.2150151897896008,20260940,3,North America,257,159,V1-V10_financial_only
PONE2016_h3_target_North_America,20260729,KELM_risk_feature,cost_5,159,81,0.23081028153410763,"Same-horizon leave-one-region-out transfer; source regions=Asia,Europe; target region=North America; source-only fit/search/calibration; target labels untouched until final evaluation; V1-V10 financial ratios only.",OOF HistGB risk is a forced KELM input; no score-level fusion.,Platt_logistic_on_separate_calibration_partition,0.37320849900428066,0.9876543209876543,0.14102564102564102,0.54421768707483,0.7017543859649122,0.5979073243647235,0.8492569002123143,0.24352942559776625,0.3237065583194462,0.5643399810066476,0.8589743589743589,0.9245283018867925,80.0,67.0,11.0,1.0,0.7932591980461474,0.7891737891737892,0.1996979105416405,0.5820264365728919,0.0655414991373896,-0.25675547072858285,1.7936543221197652,5.0,0.4528301886792453,0.14906832298136646,0.9530864197530864,1.0,0.0794871794871795,0.15256410256410258,0.5243331493745401,0.5475131010388894,0.8235425101214575,0.855876265717147,0.1231794675213233,0.2634156194212376,0.21453592214793138,0.3381486140004117,0.7504955795303754,0.8304616714794928,0.7279360557138334,0.813548591326369,0.1946865919802863,0.21258388113765828,20260940,3,North America,257,159,V1-V10_financial_only
PONE2016_h3_target_North_America,20260729,KELM_risk_feature,cost_10,159,81,0.23081028153410763,"Same-horizon leave-one-region-out transfer; source regions=Asia,Europe; target region=North America; source-only fit/search/calibration; target labels untouched until final evaluation; V1-V10 financial ratios only.",OOF HistGB risk is a forced KELM input; no score-level fusion.,Platt_logistic_on_separate_calibration_partition,0.37320849900428066,0.9876543209876543,0.14102564102564102,0.54421768707483,0.7017543859649122,0.5979073243647235,0.8492569002123143,0.24352942559776625,0.3237065583194462,0.5643399810066476,0.8589743589743589,0.9245283018867925,80.0,67.0,11.0,1.0,0.7932591980461474,0.7891737891737892,0.1996979105416405,0.5820264365728919,0.0655414991373896,-0.25675547072858285,1.7936543221197652,10.0,0.48427672955974843,0.08671171171171171,0.965432098765432,0.9987654320987654,0.10256410256410256,0.15256410256410258,0.5336423841059602,0.5475724536389898,0.8327890385324732,0.852474804031355,0.1846259638382557,0.25670264113252295,0.27222764473979055,0.3381721346328908,0.7382421217477556,0.8477690899743201,0.7460747071858184,0.8412788857233301,0.19034525234984215,0.21378856028947985,20260940,3,North America,257,159,V1-V10_financial_only
PONE2016_h3_target_North_America,20260729,KELM_risk_feature,cost_20,159,81,0.23081028153410763,"Same-horizon leave-one-region-out transfer; source regions=Asia,Europe; target region=North America; source-only fit/search/calibration; target labels untouched until final evaluation; V1-V10 financial ratios only.",OOF HistGB risk is a forced KELM input; no score-level fusion.,Platt_logistic_on_separate_calibration_partition,0.37320849900428066,0.9876543209876543,0.14102564102564102,0.54421768707483,0.7017543859649122,0.5979073243647235,0.8492569002123143,0.24352942559776625,0.3237065583194462,0.5643399810066476,0.8589743589743589,0.9245283018867925,80.0,67.0,11.0,1.0,0.7932591980461474,0.7891737891737892,0.1996979105416405,0.5820264365728919,0.0655414991373896,-0.25675547072858285,1.7936543221197652,20.0,0.5471698113207547,0.05123674911660778,0.9530864197530864,0.9876543209876543,0.10256410256410256,0.1794871794871795,0.5305145413870246,0.5552447552447553,0.8254795351553481,0.8538132103442595,0.16167844065876985,0.28299331775266606,0.2540172445282164,0.3686228144380972,0.7019697668918701,0.8178202886709892,0.7338398227287115,0.8073440962329851,0.198732451149005,0.21641515419135549,20260940,3,North America,257,159,V1-V10_financial_only
PONE2016_h3_target_North_America,20260729,Full_PBMSBAINGO,triad,159,81,0.7541874640753747,"Same-horizon leave-one-region-out transfer; source regions=Asia,Europe; target region=North America; source-only fit/search/calibration; target labels untouched until final evaluation; V1-V10 financial ratios only.",Risk feature plus score fusion; alpha=0.70 selected only on search partition.,Platt_logistic_on_separate_calibration_partition,0.5190270196885948,0.2839506172839506,0.9487179487179487,0.8518518518518519,0.42592592592592593,0.6084656084656085,0.32763532763532766,0.3097837810921021,0.43699808801663287,0.6163342830009496,0.05128205128205128,0.16981132075471697,23.0,4.0,74.0,58.0,0.8023472750480737,0.7886989553656221,0.1989842339413376,0.5958384105904196,0.10583370672791265,0.48733779817118555,0.8249269495483744,,,,0.2839506172839506,0.3555555555555555,0.9371794871794872,0.9602564102564103,0.8244708994708995,0.9027217741935484,0.32679762367262366,0.40460120272194966,0.2906594414862325,0.3941918880563916,0.4260536504957015,0.5124323374079588,0.7716974388580593,0.8158109027978769,0.7470243748021526,0.8082146248812915,0.19256921651976117,0.221367758337918,20261036,3,North America,257,159,V1-V10_financial_only
PONE2016_h3_target_North_America,20260729,Full_PBMSBAINGO,cost_1,159,81,0.2340182136521995,"Same-horizon leave-one-region-out transfer; source regions=Asia,Europe; target region=North America; source-only fit/search/calibration; target labels untouched until final evaluation; V1-V10 financial ratios only.",Risk feature plus score fusion; alpha=0.70 selected only on search partition.,Platt_logistic_on_separate_calibration_partition,0.7081133393917258,0.8148148148148148,0.6153846153846154,0.6875,0.7457627118644068,0.7096774193548387,0.7857142857142857,0.43969725095836015,0.6041152058283562,0.7150997150997151,0.38461538461538464,0.6037735849056604,66.0,30.0,48.0,15.0,0.8023472750480737,0.7886989553656221,0.1989842339413376,0.5958384105904196,0.10583370672791265,0.48733779817118555,0.8249269495483744,1.0,0.2830188679245283,0.2830188679245283,0.8148148148148148,0.8518518518518519,0.582051282051282,0.6871794871794872,0.6782972136222911,0.7311340206185567,0.7885406938535506,0.8194774346793349,0.4474368277690337,0.5108800430927735,0.6044107319211423,0.65981940344006,0.783528208888995,0.8361809889435925,0.7849002849002849,0.8119341563786008,0.19038662999012526,0.2028397834233673,20261036,3,North America,257,159,V1-V10_financial_only
PONE2016_h3_target_North_America,20260729,Full_PBMSBAINGO,cost_2,159,81,0.2340182136521995,"Same-horizon leave-one-region-out transfer; source regions=Asia,Europe; target region=North America; source-only fit/search/calibration; target labels untouched until final evaluation; V1-V10 financial ratios only.",Risk feature plus score fusion; alpha=0.70 selected only on search partition.,Platt_logistic_on_separate_calibration_partition,0.7081133393917258,0.8148148148148148,0.6153846153846154,0.6875,0.7457627118644068,0.7096774193548387,0.7857142857142857,0.43969725095836015,0.6041152058283562,0.7150997150997151,0.38461538461538464,0.6037735849056604,66.0,30.0,48.0,15.0,0.8023472750480737,0.7886989553656221,0.1989842339413376,0.5958384105904196,0.10583370672791265,0.48733779817118555,0.8249269495483744,2.0,0.37735849056603776,0.25,0.7925925925925925,0.8271604938271605,0.5256410256410257,0.6474358974358975,0.6411221060492905,0.7081560283687943,0.7629976580796253,0.7995628940660913,0.3577648637473062,0.4806139341640462,0.5353803750766987,0.6352278580436131,0.7491061389439081,0.8393588786415173,0.7412788857233301,0.8390471668249446,0.18209836232677915,0.2201629073090712,20261036,3,North America,257,159,V1-V10_financial_only
PONE2016_h3_target_North_America,20260729,Full_PBMSBAINGO,cost_5,159,81,0.2340182136521995,"Same-horizon leave-one-region-out transfer; source regions=Asia,Europe; target region=North America; source-only fit/search/calibration; target labels untouched until final evaluation; V1-V10 financial ratios only.",Risk feature plus score fusion; alpha=0.70 selected only on search partition.,Platt_logistic_on_separate_calibration_partition,0.7081133393917258,0.8148148148148148,0.6153846153846154,0.6875,0.7457627118644068,0.7096774193548387,0.7857142857142857,0.43969725095836015,0.6041152058283562,0.7150997150997151,0.38461538461538464,0.6037735849056604,66.0,30.0,48.0,15.0,0.8023472750480737,0.7886989553656221,0.1989842339413376,0.5958384105904196,0.10583370672791265,0.48733779817118555,0.8249269495483744,5.0,0.660377358490566,0.21739130434782608,0.7580246913580247,0.8271604938271605,0.5653846153846154,0.7128205128205128,0.6442212674543502,0.7470430107526882,0.7321454829259465,0.8031186701124537,0.33000697976856797,0.5322672565669573,0.5208896242366896,0.6764633973217977,0.7680996573906281,0.8184220916617093,0.7381608103830325,0.8006805951250395,0.1953744784720828,0.22012408780818102,20261036,3,North America,257,159,V1-V10_financial_only
PONE2016_h3_target_North_America,20260729,Full_PBMSBAINGO,cost_10,159,81,0.2340182136521995,"Same-horizon leave-one-region-out transfer; source regions=Asia,Europe; target region=North America; source-only fit/search/calibration; target labels untouched until final evaluation; V1-V10 financial ratios only.",Risk feature plus score fusion; alpha=0.70 selected only on search partition.,Platt_logistic_on_separate_calibration_partition,0.7081133393917258,0.8148148148148148,0.6153846153846154,0.6875,0.7457627118644068,0.7096774193548387,0.7857142857142857,0.43969725095836015,0.6041152058283562,0.7150997150997151,0.38461538461538464,0.6037735849056604,66.0,30.0,48.0,15.0,0.8023472750480737,0.7886989553656221,0.1989842339413376,0.5958384105904196,0.10583370672791265,0.48733779817118555,0.8249269495483744,10.0,1.1320754716981132,0.20270270270270271,0.8024691358024691,0.8604938271604938,0.5782051282051281,0.6884615384615385,0.6707083333333334,0.7332895365504062,0.7745535714285714,0.8201595112845749,0.4143931813240163,0.5197275530803098,0.584421747557029,0.6652296851406353,0.7437480928618572,0.8748047860260081,0.7313232035454256,0.8490503323836656,0.1725073435127167,0.22355811844761914,20261036,3,North America,257,159,V1-V10_financial_only
PONE2016_h3_target_North_America,20260729,Full_PBMSBAINGO,cost_20,159,81,0.2340182136521995,"Same-horizon leave-one-region-out transfer; source regions=Asia,Europe; target region=North America; source-only fit/search/calibration; target labels untouched until final evaluation; V1-V10 financial ratios only.",Risk feature plus score fusion; alpha=0.70 selected only on search partition.,Platt_logistic_on_separate_calibration_partition,0.7081133393917258,0.8148148148148148,0.6153846153846154,0.6875,0.7457627118644068,0.7096774193548387,0.7857142857142857,0.43969725095836015,0.6041152058283562,0.7150997150997151,0.38461538461538464,0.6037735849056604,66.0,30.0,48.0,15.0,0.8023472750480737,0.7886989553656221,0.1989842339413376,0.5958384105904196,0.10583370672791265,0.48733779817118555,0.8249269495483744,20.0,2.0754716981132075,0.19434628975265017,0.8024691358024691,0.8839506172839505,0.5717948717948718,0.6897435897435897,0.6615612648221344,0.7323404255319148,0.7696143617021276,0.8454906563148867,0.38644795596024056,0.5450000365239022,0.5620283945319366,0.6767972527265664,0.7392815910385817,0.8568076426654003,0.7416587527698638,0.850253244697689,0.1694870283152938,0.21783084119962434,20261036,3,North America,257,159,V1-V10_financial_only
PONE2016_h3_target_North_America,20260729,Uncertainty_gated_fusion,triad,159,81,0.7541874640753747,"Same-horizon leave-one-region-out transfer; source regions=Asia,Europe; target region=North America; source-only fit/search/calibration; target labels untouched until final evaluation; V1-V10 financial ratios only.","One-standard-error paired-bootstrap gate selected Full_PBMSBAINGO; search utility difference=0.1615, required margin=0.1068.",Platt_logistic_on_separate_calibration_partition,0.5190270196885948,0.2839506172839506,0.9487179487179487,0.8518518518518519,0.42592592592592593,0.6084656084656085,0.32763532763532766,0.3097837810921021,0.43699808801663287,0.6163342830009496,0.05128205128205128,0.16981132075471697,23.0,4.0,74.0,58.0,0.8023472750480737,0.7886989553656221,0.1989842339413376,0.5958384105904196,0.10583370672791265,0.48733779817118555,0.8249269495483744,,,,0.22962962962962963,0.3197530864197531,0.9243589743589744,0.9743589743589743,0.8096774193548386,0.9207692307692308,0.269653150467104,0.3647887323943662,0.2927880726919413,0.3635870845202392,0.4039876395255387,0.4714977512159808,0.7775418664272308,0.8257566306782596,0.7508230452674896,0.7980531813865147,0.19017301465256126,0.21443421635563098,20261082,3,North America,257,159,V1-V10_financial_only
PONE2016_h3_target_North_America,20260729,Uncertainty_gated_fusion,cost_1,159,81,0.2340182136521995,"Same-horizon leave-one-region-out transfer; source regions=Asia,Europe; target region=North America; source-only fit/search/calibration; target labels untouched until final evaluation; V1-V10 financial ratios only.","One-standard-error paired-bootstrap gate selected Full_PBMSBAINGO; search utility difference=0.1615, required margin=0.1068.",Platt_logistic_on_separate_calibration_partition,0.7081133393917258,0.8148148148148148,0.6153846153846154,0.6875,0.7457627118644068,0.7096774193548387,0.7857142857142857,0.43969725095836015,0.6041152058283562,0.7150997150997151,0.38461538461538464,0.6037735849056604,66.0,30.0,48.0,15.0,0.8023472750480737,0.7886989553656221,0.1989842339413376,0.5958384105904196,0.10583370672791265,0.48733779817118555,0.8249269495483744,1.0,0.2830188679245283,0.2830188679245283,0.745679012345679,0.837037037037037,0.6294871794871795,0.7012820512820513,0.6901633393829402,0.7344093910491563,0.7347931873479319,0.8108163661486109,0.4016507097561967,0.512982978592504,0.5805214563220704,0.6595917639274231,0.75664484140338,0.8440927019445682,0.772744539411206,0.8222855333966445,0.1833899057591333,0.21451257386910427,20261082,3,North America,257,159,V1-V10_financial_only
PONE2016_h3_target_North_America,20260729,Uncertainty_gated_fusion,cost_2,159,81,0.2340182136521995,"Same-horizon leave-one-region-out transfer; source regions=Asia,Europe; target region=North America; source-only fit/search/calibration; target labels untouched until final evaluation; V1-V10 financial ratios only.","One-standard-error paired-bootstrap gate selected Full_PBMSBAINGO; search utility difference=0.1615, required margin=0.1068.",Platt_logistic_on_separate_calibration_partition,0.7081133393917258,0.8148148148148148,0.6153846153846154,0.6875,0.7457627118644068,0.7096774193548387,0.7857142857142857,0.43969725095836015,0.6041152058283562,0.7150997150997151,0.38461538461538464,0.6037735849056604,66.0,30.0,48.0,15.0,0.8023472750480737,0.7886989553656221,0.1989842339413376,0.5958384105904196,0.10583370672791265,0.48733779817118555,0.8249269495483744,2.0,0.37735849056603776,0.25,0.8160493827160493,0.9,0.5269230769230769,0.7012820512820513,0.6484079870480303,0.7437373737373737,0.7781009729876845,0.8597366222790035,0.37607551169102105,0.5808126669083971,0.5494964286478596,0.7033082032281995,0.7831910699958591,0.8701328453277266,0.7579930357708136,0.8579455523899968,0.16590973613451496,0.20734480840965644,20261082,3,North America,257,159,V1-V10_financial_only
PONE2016_h3_target_North_America,20260729,Uncertainty_gated_fusion,cost_5,159,81,0.2340182136521995,"Same-horizon leave-one-region-out transfer; source regions=Asia,Europe; target region=North America; source-only fit/search/calibration; target labels untouched until final evaluation; V1-V10 financial ratios only.","One-standard-error paired-bootstrap gate selected Full_PBMSBAINGO; search utility difference=0.1615, required margin=0.1068.",Platt_logistic_on_separate_calibration_partition,0.7081133393917258,0.8148148148148148,0.6153846153846154,0.6875,0.7457627118644068,0.7096774193548387,0.7857142857142857,0.43969725095836015,0.6041152058283562,0.7150997150997151,0.38461538461538464,0.6037735849056604,66.0,30.0,48.0,15.0,0.8023472750480737,0.7886989553656221,0.1989842339413376,0.5958384105904196,0.10583370672791265,0.48733779817118555,0.8249269495483744,5.0,0.660377358490566,0.21739130434782608,0.7790123456790123,0.8493827160493828,0.5679487179487179,0.6871794871794872,0.6702810424118549,0.7237762237762237,0.7595048451562815,0.8067387229024237,0.4025876212922673,0.48197271791983176,0.5772919741846406,0.6396998426095754,0.7698742222461294,0.8367359907475835,0.7563311174422285,0.8167458056346946,0.18294752139261153,0.21509321475381393,20261082,3,North America,257,159,V1-V10_financial_only
PONE2016_h3_target_North_America,20260729,Uncertainty_gated_fusion,cost_10,159,81,0.2340182136521995,"Same-horizon leave-one-region-out transfer; source regions=Asia,Europe; target region=North America; source-only fit/search/calibration; target labels untouched until final evaluation; V1-V10 financial ratios only.","One-standard-error paired-bootstrap gate selected Full_PBMSBAINGO; search utility difference=0.1615, required margin=0.1068.",Platt_logistic_on_separate_calibration_partition,0.7081133393917258,0.8148148148148148,0.6153846153846154,0.6875,0.7457627118644068,0.7096774193548387,0.7857142857142857,0.43969725095836015,0.6041152058283562,0.7150997150997151,0.38461538461538464,0.6037735849056604,66.0,30.0,48.0,15.0,0.8023472750480737,0.7886989553656221,0.1989842339413376,0.5958384105904196,0.10583370672791265,0.48733779817118555,0.8249269495483744,10.0,1.1320754716981132,0.20270270270270271,0.719753086419753,0.8234567901234567,0.541025641025641,0.6512820512820513,0.6402105263157895,0.7081560283687943,0.7078288591188614,0.7967635641419157,0.3246847808119143,0.47478644726504465,0.5168631828523904,0.6315239626320182,0.7685207505986238,0.8234490574930136,0.7379708768597657,0.8045267489711935,0.19529714709150076,0.22235316135693162,20261082,3,North America,257,159,V1-V10_financial_only
PONE2016_h3_target_North_America,20260729,Uncertainty_gated_fusion,cost_20,159,81,0.2340182136521995,"Same-horizon leave-one-region-out transfer; source regions=Asia,Europe; target region=North America; source-only fit/search/calibration; target labels untouched until final evaluation; V1-V10 financial ratios only.","One-standard-error paired-bootstrap gate selected Full_PBMSBAINGO; search utility difference=0.1615, required margin=0.1068.",Platt_logistic_on_separate_calibration_partition,0.7081133393917258,0.8148148148148148,0.6153846153846154,0.6875,0.7457627118644068,0.7096774193548387,0.7857142857142857,0.43969725095836015,0.6041152058283562,0.7150997150997151,0.38461538461538464,0.6037735849056604,66.0,30.0,48.0,15.0,0.8023472750480737,0.7886989553656221,0.1989842339413376,0.5958384105904196,0.10583370672791265,0.48733779817118555,0.8249269495483744,20.0,2.0754716981132075,0.19434628975265017,0.8037037037037037,0.9086419753086419,0.4602564102564103,0.6641025641025641,0.6083333333333334,0.7249841872232764,0.7550975177304964,0.8634658417796498,0.2825221170020762,0.570432069398592,0.4708199224927508,0.6924113335371359,0.7420021517595489,0.8256327674439217,0.7233143399810066,0.8146723646723646,0.18198401818605284,0.22501324406997752,20261082,3,North America,257,159,V1-V10_financial_only
PONE2016_h3_target_North_America,20260729,Full_random_search,triad,159,81,0.7186635471415256,"Same-horizon leave-one-region-out transfer; source regions=Asia,Europe; target region=North America; source-only fit/search/calibration; target labels untouched until final evaluation; V1-V10 financial ratios only.",Same full architecture and 81 evaluations as PBMSBAINGO; alpha=0.50.,Platt_logistic_on_separate_calibration_partition,0.40493942973452157,0.1728395061728395,0.9487179487179487,0.7777777777777778,0.2828282828282828,0.45751633986928103,0.2046783625730994,0.19178984155561124,0.31564717834281,0.5607787274453941,0.05128205128205128,0.11320754716981132,14.0,4.0,74.0,67.0,0.7207880880734886,0.7541943653054763,0.21049873355998763,0.610714383701133,0.09472028187286104,0.4366681318546177,0.9607109420613122,,,,0.11481481481481481,0.20987654320987653,0.9102564102564102,0.9717948717948718,0.5729166666666666,0.8825358851674641,0.13676470588235295,0.2475985439592848,0.04422575936264049,0.27664913683352665,0.16464812143199697,0.3831161495155253,0.6372307553708393,0.7795002889548737,0.6790440012662234,0.7963596074707187,0.19147590001897197,0.23589801382603345,20261130,3,North America,257,159,V1-V10_financial_only
PONE2016_h3_target_North_America,20260729,Full_random_search,cost_1,159,81,0.28049077371671266,"Same-horizon leave-one-region-out transfer; source regions=Asia,Europe; target region=North America; source-only fit/search/calibration; target labels untouched until final evaluation; V1-V10 financial ratios only.",Same full architecture and 81 evaluations as PBMSBAINGO; alpha=0.50.,Platt_logistic_on_separate_calibration_partition,0.6856277926728686,0.8148148148148148,0.5769230769230769,0.6666666666666666,0.7333333333333333,0.6918238993710691,0.7801418439716312,0.40401005130745804,0.5748082585768737,0.6958689458689458,0.4230769230769231,0.6226415094339622,66.0,33.0,45.0,15.0,0.7207880880734886,0.7541943653054763,0.21049873355998763,0.610714383701133,0.09472028187286104,0.4366681318546177,0.9607109420613122,1.0,0.3018867924528302,0.3018867924528302,0.7530864197530864,0.8358024691358025,0.5269230769230769,0.6282051282051282,0.6234693877551021,0.7000767712217592,0.7237912413415968,0.8045920512791371,0.28913137477882817,0.47524236591054,0.4861603121455211,0.6295270729791381,0.6946442692819585,0.7738753566409822,0.7085470085470086,0.7913105413105412,0.20015664219504212,0.22967373799258203,20261130,3,North America,257,159,V1-V10_financial_only
PONE2016_h3_target_North_America,20260729,Full_random_search,cost_2,159,81,0.28049077371671266,"Same-horizon leave-one-region-out transfer; source regions=Asia,Europe; target region=North America; source-only fit/search/calibration; target labels untouched until final evaluation; V1-V10 financial ratios only.",Same full architecture and 81 evaluations as PBMSBAINGO; alpha=0.50.,Platt_logistic_on_separate_calibration_partition,0.6856277926728686,0.8148148148148148,0.5769230769230769,0.6666666666666666,0.7333333333333333,0.6918238993710691,0.7801418439716312,0.40401005130745804,0.5748082585768737,0.6958689458689458,0.4230769230769231,0.6226415094339622,66.0,33.0,45.0,15.0,0.7207880880734886,0.7541943653054763,0.21049873355998763,0.610714383701133,0.09472028187286104,0.4366681318546177,0.9607109420613122,2.0,0.39622641509433965,0.2625,0.7901234567901234,0.9160493827160494,0.47948717948717945,0.6141025641025641,0.6129945054945055,0.7105654761904762,0.746978789531981,0.86498431475067,0.28647834045134224,0.5556629085721635,0.47763418376212957,0.6776508260946666,0.6373027312955912,0.7631904280274843,0.6634377967711301,0.7850585628363406,0.1950787076913697,0.24104147801641276,20261130,3,North America,257,159,V1-V10_financial_only
PONE2016_h3_target_North_America,20260729,Full_random_search,cost_5,159,81,0.1952270514782196,"Same-horizon leave-one-region-out transfer; source regions=Asia,Europe; target region=North America; source-only fit/search/calibration; target labels untouched until final evaluation; V1-V10 financial ratios only.",Same full architecture and 81 evaluations as PBMSBAINGO; alpha=0.50.,Platt_logistic_on_separate_calibration_partition,0.6163335513613657,0.9259259259259259,0.41025641025641024,0.6198347107438017,0.7425742574257426,0.6637168141592921,0.8426966292134831,0.39407621039880053,0.5309707687614625,0.6680911680911681,0.5897435897435898,0.7610062893081762,75.0,46.0,32.0,6.0,0.7207880880734886,0.7541943653054763,0.21049873355998763,0.610714383701133,0.09472028187286104,0.4366681318546177,0.9607109420613122,5.0,0.4779874213836478,0.15734989648033126,0.9148148148148147,0.9617283950617284,0.36025641025641025,0.4602564102564103,0.5975806451612904,0.6442678533587625,0.8270089285714285,0.8750869148989772,0.33188689777549507,0.4785292358466199,0.47821683359349754,0.5909553572945332,0.6702481433314785,0.7509005025647972,0.6942545109211776,0.7863247863247863,0.19513963303594367,0.23578601027355006,20261130,3,North America,257,159,V1-V10_financial_only
PONE2016_h3_target_North_America,20260729,Full_random_search,cost_10,159,81,0.1952270514782196,"Same-horizon leave-one-region-out transfer; source regions=Asia,Europe; target region=North America; source-only fit/search/calibration; target labels untouched until final evaluation; V1-V10 financial ratios only.",Same full architecture and 81 evaluations as PBMSBAINGO; alpha=0.50.,Platt_logistic_on_separate_calibration_partition,0.6163335513613657,0.9259259259259259,0.41025641025641024,0.6198347107438017,0.7425742574257426,0.6637168141592921,0.8426966292134831,0.39407621039880053,0.5309707687614625,0.6680911680911681,0.5897435897435898,0.7610062893081762,75.0,46.0,32.0,6.0,0.7207880880734886,0.7541943653054763,0.21049873355998763,0.610714383701133,0.09472028187286104,0.4366681318546177,0.9607109420613122,10.0,0.6666666666666666,0.11936936936936937,0.8691358024691358,0.9246913580246914,0.3858974358974359,0.5269230769230769,0.6073770491803279,0.6565244965910892,0.8155177807904891,0.8402479020943627,0.3551330649885761,0.42309349854642825,0.5007704452159473,0.5783055664503195,0.6425303452550075,0.7869968399244766,0.7000158277936055,0.7921177587844255,0.19521441497029565,0.23219753234410836,20261130,3,North America,257,159,V1-V10_financial_only
PONE2016_h3_target_North_America,20260729,Full_random_search,cost_20,159,81,0.1952270514782196,"Same-horizon leave-one-region-out transfer; source regions=Asia,Europe; target region=North America; source-only fit/search/calibration; target labels untouched until final evaluation; V1-V10 financial ratios only.",Same full architecture and 81 evaluations as PBMSBAINGO; alpha=0.50.,Platt_logistic_on_separate_calibration_partition,0.6163335513613657,0.9259259259259259,0.41025641025641024,0.6198347107438017,0.7425742574257426,0.6637168141592921,0.8426966292134831,0.39407621039880053,0.5309707687614625,0.6680911680911681,0.5897435897435898,0.7610062893081762,75.0,46.0,32.0,6.0,0.7207880880734886,0.7541943653054763,0.21049873355998763,0.610714383701133,0.09472028187286104,0.4366681318546177,0.9607109420613122,20.0,1.0440251572327044,0.0977620730270907,0.8901234567901234,0.9234567901234568,0.31666666666666665,0.47307692307692306,0.5757611241217798,0.6397940503432494,0.802579185520362,0.8400597907324364,0.25514931940632724,0.415675408507442,0.41623835409448645,0.5617003615194375,0.6273542687797398,0.729019645663619,0.6643241532130421,0.7394903450459006,0.21959684243031974,0.24358890217704174,20261130,3,North America,257,159,V1-V10_financial_only
PONE2016_h3_target_North_America,20260729,Balanced_logistic,triad,159,81,0.5092608819976476,"Same-horizon leave-one-region-out transfer; source regions=Asia,Europe; target region=North America; source-only fit/search/calibration; target labels untouched until final evaluation; V1-V10 financial ratios only.",Class-weighted logistic reference using the same source-only fit/search/calibration and untouched regional target.,Platt_logistic_on_separate_calibration_partition,0.6405126152203485,0.4444444444444444,0.9230769230769231,0.8571428571428571,0.5853658536585366,0.7228915662650602,0.4918032786885246,0.4167300599845326,0.555013314027592,0.6837606837606838,0.07692307692307693,0.2641509433962264,36.0,6.0,72.0,45.0,0.8210429428354262,0.7757201646090535,0.20203155821467056,0.5888620021054498,0.1047219503344946,0.589182782317282,1.6184727602513447,,,,0.32098765432098764,0.4888888888888889,0.8858974358974359,0.9346153846153846,0.7826704545454546,0.8772004241781548,0.3635655837811432,0.5358015549796372,0.2810295194047621,0.4571306145560598,0.4336895952440393,0.5910878592738419,0.7567364512006242,0.8293104305557912,0.6940012662234883,0.8237416904083571,0.1976159726931568,0.22363558278233311,20262030,3,North America,257,159,V1-V10_financial_only
PONE2016_h3_target_North_America,20260729,Balanced_logistic,cost_1,159,81,0.4373537394499871,"Same-horizon leave-one-region-out transfer; source regions=Asia,Europe; target region=North America; source-only fit/search/calibration; target labels untouched until final evaluation; V1-V10 financial ratios only.",Class-weighted logistic reference using the same source-only fit/search/calibration and untouched regional target.,Platt_logistic_on_separate_calibration_partition,0.7172191381865587,0.6172839506172839,0.8333333333333334,0.7936507936507936,0.6944444444444444,0.7507507507507507,0.6459948320413437,0.4605658842819909,0.6187736835069007,0.7253086419753086,0.16666666666666666,0.39622641509433965,50.0,13.0,65.0,31.0,0.8210429428354262,0.7757201646090535,0.20203155821467056,0.5888620021054498,0.1047219503344946,0.589182782317282,1.6184727602513447,1.0,0.27672955974842767,0.27672955974842767,0.5814814814814815,0.7061728395061728,0.7974358974358974,0.8717948717948718,0.7588673621460507,0.8327586206896552,0.6121778744815394,0.7258636603375528,0.4126144481198161,0.5476465477335251,0.5819066369006339,0.686467323921135,0.8035219257163942,0.8655902090497876,0.7475783475783475,0.8311490978157644,0.18418331812731994,0.2080375728492461,20262030,3,North America,257,159,V1-V10_financial_only
PONE2016_h3_target_North_America,20260729,Balanced_logistic,cost_2,159,81,0.4373537394499871,"Same-horizon leave-one-region-out transfer; source regions=Asia,Europe; target region=North America; source-only fit/search/calibration; target labels untouched until final evaluation; V1-V10 financial ratios only.",Class-weighted logistic reference using the same source-only fit/search/calibration and untouched regional target.,Platt_logistic_on_separate_calibration_partition,0.7172191381865587,0.6172839506172839,0.8333333333333334,0.7936507936507936,0.6944444444444444,0.7507507507507507,0.6459948320413437,0.4605658842819909,0.6187736835069007,0.7253086419753086,0.16666666666666666,0.39622641509433965,50.0,13.0,65.0,31.0,0.8210429428354262,0.7757201646090535,0.20203155821467056,0.5888620021054498,0.1047219503344946,0.589182782317282,1.6184727602513447,2.0,0.4716981132075472,0.3125,0.5740740740740741,0.6654320987654321,0.8487179487179487,0.9576923076923077,0.8121779859484778,0.9417857142857142,0.6120656153484282,0.7025493421052631,0.47665347676802206,0.6409197905897265,0.6222114924561664,0.7382310226382164,0.8200548397566901,0.9046585098777674,0.7839189616967394,0.85900601456157,0.17906250418593278,0.2034599316399341,20262030,3,North America,257,159,V1-V10_financial_only
PONE2016_h3_target_North_America,20260729,Balanced_logistic,cost_5,159,81,0.36803207641298624,"Same-horizon leave-one-region-out transfer; source regions=Asia,Europe; target region=North America; source-only fit/search/calibration; target labels untouched until final evaluation; V1-V10 financial ratios only.",Class-weighted logistic reference using the same source-only fit/search/calibration and untouched regional target.,Platt_logistic_on_separate_calibration_partition,0.6934323108546778,0.7654320987654321,0.6282051282051282,0.6813186813186813,0.7209302325581395,0.6966292134831461,0.7469879518072289,0.39775058033364374,0.576155426520437,0.6968186134852801,0.3717948717948718,0.5723270440251572,62.0,29.0,49.0,19.0,0.8210429428354262,0.7757201646090535,0.20203155821467056,0.5888620021054498,0.1047219503344946,0.589182782317282,1.6184727602513447,5.0,0.779874213836478,0.2567287784679089,0.7296296296296296,0.8012345679012346,0.5371794871794872,0.7256410256410256,0.6424183006535947,0.7356601123595506,0.7299541085495411,0.773627641555548,0.34746091754705005,0.4715332739211888,0.5297162209813997,0.6324157848648881,0.8155754523024534,0.831735269672132,0.7787591009813232,0.7996834441278885,0.19511732021076064,0.20481083850603782,20262030,3,North America,257,159,V1-V10_financial_only
PONE2016_h3_target_North_America,20260729,Balanced_logistic,cost_10,159,81,0.36803207641298624,"Same-horizon leave-one-region-out transfer; source regions=Asia,Europe; target region=North America; source-only fit/search/calibration; target labels untouched until final evaluation; V1-V10 financial ratios only.",Class-weighted logistic reference using the same source-only fit/search/calibration and untouched regional target.,Platt_logistic_on_separate_calibration_partition,0.6934323108546778,0.7654320987654321,0.6282051282051282,0.6813186813186813,0.7209302325581395,0.6966292134831461,0.7469879518072289,0.39775058033364374,0.576155426520437,0.6968186134852801,0.3717948717948718,0.5723270440251572,62.0,29.0,49.0,19.0,0.8210429428354262,0.7757201646090535,0.20203155821467056,0.5888620021054498,0.1047219503344946,0.589182782317282,1.6184727602513447,10.0,1.3773584905660377,0.24662162162162163,0.7074074074074074,0.8024691358024691,0.5897435897435898,0.676923076923077,0.6430711610486891,0.7120314842578711,0.6935291434186055,0.7803221496437055,0.3018821493166965,0.4604656193163831,0.5018572012442503,0.622639263454169,0.7828703200427829,0.857962998121613,0.7193732193732193,0.7965811965811964,0.19220871941241646,0.21748525262182944,20262030,3,North America,257,159,V1-V10_financial_only
PONE2016_h3_target_North_America,20260729,Balanced_logistic,cost_20,159,81,0.36803207641298624,"Same-horizon leave-one-region-out transfer; source regions=Asia,Europe; target region=North America; source-only fit/search/calibration; target labels untouched until final evaluation; V1-V10 financial ratios only.",Class-weighted logistic reference using the same source-only fit/search/calibration and untouched regional target.,Platt_logistic_on_separate_calibration_partition,0.6934323108546778,0.7654320987654321,0.6282051282051282,0.6813186813186813,0.7209302325581395,0.6966292134831461,0.7469879518072289,0.39775058033364374,0.576155426520437,0.6968186134852801,0.3717948717948718,0.5723270440251572,62.0,29.0,49.0,19.0,0.8210429428354262,0.7757201646090535,0.20203155821467056,0.5888620021054498,0.1047219503344946,0.589182782317282,1.6184727602513447,20.0,2.5723270440251573,0.2408716136631331,0.7185185185185184,0.8629629629629629,0.6025641025641025,0.7025641025641026,0.6623721106479727,0.7150326797385621,0.7167336010709504,0.8233496332518337,0.3518314238810022,0.49161559543330224,0.5409614117227979,0.6368932355508511,0.8011716003452334,0.8636236846918894,0.7531180753402975,0.8364514086736309,0.18481357376355964,0.21271494589804052,20262030,3,North America,257,159,V1-V10_financial_only
