dataset,seed,method,policy,test_n,test_positive,threshold,design,selection_note,calibration,gmean,sensitivity,specificity,precision,f1,f05,f2,mcc,triad_score,balanced_accuracy,fpr,predicted_positive_rate,tp,fp,tn,fn,ap,auc,brier,log_loss,ece_10,calibration_intercept,calibration_slope,relative_cost_ratio,cost_per_observation,normalized_cost,sensitivity_ci_low,sensitivity_ci_high,specificity_ci_low,specificity_ci_high,precision_ci_low,precision_ci_high,f2_ci_low,f2_ci_high,mcc_ci_low,mcc_ci_high,triad_score_ci_low,triad_score_ci_high,ap_ci_low,ap_ci_high,auc_ci_low,auc_ci_high,brier_ci_low,brier_ci_high,model_seed,horizon,target_region,source_n,target_n,feature_set
PONE2016_h1_target_Asia,20260727,HistGB,triad,96,48,0.9129961857558762,"Same-horizon leave-one-region-out transfer; source regions=Europe,North America; target region=Asia; source-only fit/search/calibration; target labels untouched until final evaluation; V1-V10 financial ratios only.",No metaheuristic; threshold and Platt calibration use calibration partition.,Platt_logistic_on_separate_calibration_partition,0.7822909731466078,0.625,0.9791666666666666,0.967741935483871,0.759493670886076,0.872093023255814,0.672645739910314,0.6460415830634638,0.7339486965277799,0.8020833333333333,0.020833333333333332,0.3229166666666667,30.0,1.0,47.0,18.0,0.9494823313405836,0.9396701388888888,0.10326239583359982,0.3404147155760994,0.10839916582193197,0.04052552562246172,1.0196159987761628,,,,0.5645833333333333,0.7083333333333334,0.9395833333333333,1.0,0.9205754141238013,1.0,0.618142936837538,0.7512269583027398,0.6025912919837932,0.732827535942887,0.7036660805810598,0.8019258362900804,0.9053896251096236,0.9621712611496921,0.8877604166666667,0.9532552083333332,0.10004022152104691,0.14870030240541432,20260727,1,Asia,344,96,V1-V10_financial_only
PONE2016_h1_target_Asia,20260727,HistGB,cost_1,96,48,0.6932006341735095,"Same-horizon leave-one-region-out transfer; source regions=Europe,North America; target region=Asia; source-only fit/search/calibration; target labels untouched until final evaluation; V1-V10 financial ratios only.",No metaheuristic; threshold and Platt calibration use calibration partition.,Platt_logistic_on_separate_calibration_partition,0.8640183897219884,0.8333333333333334,0.8958333333333334,0.8888888888888888,0.8602150537634409,0.8771929824561403,0.8438818565400844,0.7305950062660077,0.8170354314983949,0.8645833333333334,0.10416666666666667,0.46875,40.0,5.0,43.0,8.0,0.9494823313405836,0.9396701388888888,0.10326239583359982,0.3404147155760994,0.10839916582193197,0.04052552562246172,1.0196159987761628,1.0,0.13541666666666666,0.13541666666666666,0.7770833333333333,0.8916666666666667,0.85625,0.9166666666666666,0.8529139685476411,0.9136481577581733,0.7982742830463123,0.8957578847438556,0.6883772580681775,0.8064739321428467,0.7881743157712537,0.8696183983042898,0.9347176624462449,0.9725090567890764,0.9275173611111112,0.9620225694444445,0.08078397240780892,0.11312614826563976,20260727,1,Asia,344,96,V1-V10_financial_only
PONE2016_h1_target_Asia,20260727,HistGB,cost_2,96,48,0.6932006341735095,"Same-horizon leave-one-region-out transfer; source regions=Europe,North America; target region=Asia; source-only fit/search/calibration; target labels untouched until final evaluation; V1-V10 financial ratios only.",No metaheuristic; threshold and Platt calibration use calibration partition.,Platt_logistic_on_separate_calibration_partition,0.8640183897219884,0.8333333333333334,0.8958333333333334,0.8888888888888888,0.8602150537634409,0.8771929824561403,0.8438818565400844,0.7305950062660077,0.8170354314983949,0.8645833333333334,0.10416666666666667,0.46875,40.0,5.0,43.0,8.0,0.9494823313405836,0.9396701388888888,0.10326239583359982,0.3404147155760994,0.10839916582193197,0.04052552562246172,1.0196159987761628,2.0,0.21875,0.14583333333333334,0.8333333333333334,0.9125,0.8208333333333333,0.9583333333333334,0.82405557967868,0.9563241106719368,0.8323580522750648,0.9209158239567014,0.6584762473333526,0.8718086861364517,0.7677156624456329,0.9135123314681144,0.9362042649514731,0.988627836560072,0.9104600694444445,0.9855902777777777,0.05040418414349308,0.14458919613690488,20260727,1,Asia,344,96,V1-V10_financial_only
PONE2016_h1_target_Asia,20260727,HistGB,cost_5,96,48,0.09321044768475777,"Same-horizon leave-one-region-out transfer; source regions=Europe,North America; target region=Asia; source-only fit/search/calibration; target labels untouched until final evaluation; V1-V10 financial ratios only.",No metaheuristic; threshold and Platt calibration use calibration partition.,Platt_logistic_on_separate_calibration_partition,0.6846531968814576,0.9375,0.5,0.6521739130434783,0.7692307692307693,0.6944444444444444,0.8620689655172413,0.48653363279984113,0.6109674162707742,0.71875,0.5,0.71875,45.0,24.0,24.0,3.0,0.9494823313405836,0.9396701388888888,0.10326239583359982,0.3404147155760994,0.10839916582193197,0.04052552562246172,1.0196159987761628,5.0,0.40625,0.13541666666666666,0.91875,0.9770833333333333,0.42291666666666666,0.6020833333333333,0.6142857142857143,0.7106060606060607,0.8358778625954199,0.9089147286821705,0.393290884607625,0.6247585392159377,0.534493672735413,0.7162931294902076,0.9155996804231553,0.979310231619143,0.8977430555555556,0.9758246527777777,0.0740459875467246,0.1428740816151081,20260727,1,Asia,344,96,V1-V10_financial_only
PONE2016_h1_target_Asia,20260727,HistGB,cost_10,96,48,0.09321044768475777,"Same-horizon leave-one-region-out transfer; source regions=Europe,North America; target region=Asia; source-only fit/search/calibration; target labels untouched until final evaluation; V1-V10 financial ratios only.",No metaheuristic; threshold and Platt calibration use calibration partition.,Platt_logistic_on_separate_calibration_partition,0.6846531968814576,0.9375,0.5,0.6521739130434783,0.7692307692307693,0.6944444444444444,0.8620689655172413,0.48653363279984113,0.6109674162707742,0.71875,0.5,0.71875,45.0,24.0,24.0,3.0,0.9494823313405836,0.9396701388888888,0.10326239583359982,0.3404147155760994,0.10839916582193197,0.04052552562246172,1.0196159987761628,10.0,0.5625,0.10227272727272728,0.9166666666666666,0.9583333333333334,0.4395833333333333,0.58125,0.6253571428571428,0.6959294436906378,0.8400163785791582,0.8911286701984377,0.4230351272494032,0.5825916334329455,0.5617855722875764,0.6871893941543903,0.931719411913358,0.9594950600481637,0.9158420138888889,0.9555555555555556,0.08572645026982631,0.13559992570327384,20260727,1,Asia,344,96,V1-V10_financial_only
PONE2016_h1_target_Asia,20260727,HistGB,cost_20,96,48,0.09321044768475777,"Same-horizon leave-one-region-out transfer; source regions=Europe,North America; target region=Asia; source-only fit/search/calibration; target labels untouched until final evaluation; V1-V10 financial ratios only.",No metaheuristic; threshold and Platt calibration use calibration partition.,Platt_logistic_on_separate_calibration_partition,0.6846531968814576,0.9375,0.5,0.6521739130434783,0.7692307692307693,0.6944444444444444,0.8620689655172413,0.48653363279984113,0.6109674162707742,0.71875,0.5,0.71875,45.0,24.0,24.0,3.0,0.9494823313405836,0.9396701388888888,0.10326239583359982,0.3404147155760994,0.10839916582193197,0.04052552562246172,1.0196159987761628,20.0,0.875,0.08333333333333333,0.8979166666666667,0.95625,0.36875,0.6395833333333334,0.5921791044776119,0.7184110970996217,0.8245846167194482,0.8776249740101584,0.3379162518880258,0.5815982811692771,0.4841963251045439,0.6990745959616816,0.929528858499532,0.9671381119568928,0.9078993055555555,0.957421875,0.08644383806810192,0.13334006458718625,20260727,1,Asia,344,96,V1-V10_financial_only
PONE2016_h1_target_Asia,20260727,KELM_PBMSBAINGO,triad,96,48,0.8882513672253386,"Same-horizon leave-one-region-out transfer; source regions=Europe,North America; target region=Asia; source-only fit/search/calibration; target labels untouched until final evaluation; V1-V10 financial ratios only.",Plain KELM; hyperparameters/features selected only on search partition.,Platt_logistic_on_separate_calibration_partition,0.6387379048648288,0.4166666666666667,0.9791666666666666,0.9523809523809523,0.5797101449275363,0.7575757575757576,0.4694835680751174,0.4787549991450211,0.5802113679446962,0.6979166666666666,0.020833333333333332,0.21875,20.0,1.0,47.0,28.0,0.9536927637466168,0.9487847222222222,0.09793500434479814,0.32274120418218505,0.1014873691547635,-0.4443202484625378,1.6931356888326858,,,,0.3395833333333333,0.60625,0.9583333333333334,0.9791666666666666,0.9055900621118013,0.9532085561497327,0.38909854662263854,0.651743991989319,0.41121573492478963,0.6064147498940672,0.5146546632295619,0.7061155784848581,0.9399166920449087,0.9617160681558464,0.9389756944444445,0.9578993055555555,0.09718201672008125,0.10520850866830374,20260828,1,Asia,344,96,V1-V10_financial_only
PONE2016_h1_target_Asia,20260727,KELM_PBMSBAINGO,cost_1,96,48,0.702809658815275,"Same-horizon leave-one-region-out transfer; source regions=Europe,North America; target region=Asia; source-only fit/search/calibration; target labels untouched until final evaluation; V1-V10 financial ratios only.",Plain KELM; hyperparameters/features selected only on search partition.,Platt_logistic_on_separate_calibration_partition,0.8687774775830435,0.7708333333333334,0.9791666666666666,0.9736842105263158,0.8604651162790697,0.925,0.8043478260869565,0.766825781116149,0.8333701442130207,0.875,0.020833333333333332,0.3958333333333333,37.0,1.0,47.0,11.0,0.9536927637466168,0.9487847222222222,0.09793500434479814,0.32274120418218505,0.1014873691547635,-0.4443202484625378,1.6931356888326858,1.0,0.125,0.125,0.7354166666666666,0.8541666666666666,0.9604166666666667,1.0,0.952560975609756,1.0,0.7757291508430807,0.8794523311690694,0.7577926401015094,0.8610494915513717,0.8216828306328413,0.9020258746850179,0.9497931667652713,0.9839537591246316,0.9402777777777778,0.9807725694444445,0.07424776254201296,0.11617785489897567,20260828,1,Asia,344,96,V1-V10_financial_only
PONE2016_h1_target_Asia,20260727,KELM_PBMSBAINGO,cost_2,96,48,0.3056992210135477,"Same-horizon leave-one-region-out transfer; source regions=Europe,North America; target region=Asia; source-only fit/search/calibration; target labels untouched until final evaluation; V1-V10 financial ratios only.",Plain KELM; hyperparameters/features selected only on search partition.,Platt_logistic_on_separate_calibration_partition,0.7421463804398698,0.9791666666666666,0.5625,0.6911764705882353,0.8103448275862069,0.734375,0.9038461538461539,0.5958540230683373,0.6897732389653396,0.7708333333333333,0.4375,0.7083333333333334,47.0,21.0,27.0,1.0,0.9536927637466168,0.9487847222222222,0.09793500434479814,0.32274120418218505,0.1014873691547635,-0.4443202484625378,1.6931356888326858,2.0,0.23958333333333334,0.1597222222222222,0.9604166666666667,0.9979166666666667,0.42500000000000004,0.6604166666666667,0.625656642558051,0.7430703624733476,0.8675491008891049,0.926133696721932,0.4560940499251711,0.6776853355380603,0.57081358644518,0.7600287591230562,0.9268566027938544,0.9748488054090939,0.9101996527777778,0.9672309027777778,0.08540194112247491,0.12852317187365048,20260828,1,Asia,344,96,V1-V10_financial_only
PONE2016_h1_target_Asia,20260727,KELM_PBMSBAINGO,cost_5,96,48,0.2539008979013684,"Same-horizon leave-one-region-out transfer; source regions=Europe,North America; target region=Asia; source-only fit/search/calibration; target labels untouched until final evaluation; V1-V10 financial ratios only.",Plain KELM; hyperparameters/features selected only on search partition.,Platt_logistic_on_separate_calibration_partition,0.7282732622061889,0.9791666666666666,0.5416666666666666,0.6811594202898551,0.8034188034188035,0.7253086419753086,0.9003831417624522,0.5792067057140966,0.6747467024452576,0.7604166666666666,0.4583333333333333,0.71875,47.0,22.0,26.0,1.0,0.9536927637466168,0.9487847222222222,0.09793500434479814,0.32274120418218505,0.1014873691547635,-0.4443202484625378,1.6931356888326858,5.0,0.28125,0.09375,0.9583333333333334,0.9791666666666666,0.39375,0.6395833333333334,0.6180073657685597,0.7272921108742004,0.8750484419629402,0.9069869319869319,0.4567242847078582,0.6336709745835449,0.5591959729389743,0.7300605948091344,0.8953096551558426,0.9718102882091894,0.8966579861111111,0.9646701388888889,0.08088151585514007,0.13687448043212663,20260828,1,Asia,344,96,V1-V10_financial_only
PONE2016_h1_target_Asia,20260727,KELM_PBMSBAINGO,cost_10,96,48,0.07251298561410723,"Same-horizon leave-one-region-out transfer; source regions=Europe,North America; target region=Asia; source-only fit/search/calibration; target labels untouched until final evaluation; V1-V10 financial ratios only.",Plain KELM; hyperparameters/features selected only on search partition.,Platt_logistic_on_separate_calibration_partition,0.45643546458763845,1.0,0.20833333333333334,0.5581395348837209,0.7164179104477612,0.6122448979591837,0.8633093525179856,0.34099716973523675,0.41416161517495115,0.6041666666666666,0.7916666666666666,0.8958333333333334,48.0,38.0,10.0,0.0,0.9536927637466168,0.9487847222222222,0.09793500434479814,0.32274120418218505,0.1014873691547635,-0.4443202484625378,1.6931356888326858,10.0,0.3958333333333333,0.07196969696969698,1.0,1.0,0.18958333333333333,0.28750000000000003,0.5523656776263031,0.58397212543554,0.8605244836388953,0.8752776896223421,0.3235701013797283,0.40967368904452456,0.3943528525201333,0.4901006744224566,0.9346856663890072,0.9688291122479504,0.9198350694444445,0.9680121527777777,0.07919528683572322,0.12278351879306959,20260828,1,Asia,344,96,V1-V10_financial_only
PONE2016_h1_target_Asia,20260727,KELM_PBMSBAINGO,cost_20,96,48,0.07251298561410723,"Same-horizon leave-one-region-out transfer; source regions=Europe,North America; target region=Asia; source-only fit/search/calibration; target labels untouched until final evaluation; V1-V10 financial ratios only.",Plain KELM; hyperparameters/features selected only on search partition.,Platt_logistic_on_separate_calibration_partition,0.45643546458763845,1.0,0.20833333333333334,0.5581395348837209,0.7164179104477612,0.6122448979591837,0.8633093525179856,0.34099716973523675,0.41416161517495115,0.6041666666666666,0.7916666666666666,0.8958333333333334,48.0,38.0,10.0,0.0,0.9536927637466168,0.9487847222222222,0.09793500434479814,0.32274120418218505,0.1014873691547635,-0.4443202484625378,1.6931356888326858,20.0,0.3958333333333333,0.037698412698412696,1.0,1.0,0.125,0.24583333333333332,0.5333333333333333,0.5700996677740864,0.851063829787234,0.8689396309039724,0.25819888974716115,0.37426774268182816,0.31838660973658534,0.45134282935781056,0.925770063961018,0.9660612749284612,0.9145399305555556,0.961111111111111,0.08760921503169083,0.11990087851462658,20260828,1,Asia,344,96,V1-V10_financial_only
PONE2016_h1_target_Asia,20260727,KELM_score_fusion,triad,96,48,0.9135294481783727,"Same-horizon leave-one-region-out transfer; source regions=Europe,North America; target region=Asia; source-only fit/search/calibration; target labels untouched until final evaluation; V1-V10 financial ratios only.",Plain KELM plus HistGB score-level fusion; alpha=0.05 selected only on search partition.,Platt_logistic_on_separate_calibration_partition,0.7557648811340439,0.5833333333333334,0.9791666666666666,0.9655172413793104,0.7272727272727273,0.8536585365853658,0.6334841628959276,0.6125299996854587,0.7046394048257746,0.78125,0.020833333333333332,0.3020833333333333,28.0,1.0,47.0,20.0,0.9512080690422757,0.9422743055555556,0.10281713833942972,0.33873896648793783,0.1099542359289768,0.03726748789407135,1.0233524196321495,,,,0.525,0.6416666666666667,0.91875,1.0,0.8658620689655172,1.0,0.5698605845664669,0.6911713978450987,0.48270698877688045,0.6873268167244628,0.6151452777852335,0.7611598151321879,0.9085880120424363,0.9863165852374044,0.9030381944444444,0.9841145833333335,0.0634422830767569,0.13554257120118943,20260830,1,Asia,344,96,V1-V10_financial_only
PONE2016_h1_target_Asia,20260727,KELM_score_fusion,cost_1,96,48,0.6870086944262731,"Same-horizon leave-one-region-out transfer; source regions=Europe,North America; target region=Asia; source-only fit/search/calibration; target labels untouched until final evaluation; V1-V10 financial ratios only.",Plain KELM plus HistGB score-level fusion; alpha=0.05 selected only on search partition.,Platt_logistic_on_separate_calibration_partition,0.8640183897219884,0.8333333333333334,0.8958333333333334,0.8888888888888888,0.8602150537634409,0.8771929824561403,0.8438818565400844,0.7305950062660077,0.8170354314983949,0.8645833333333334,0.10416666666666667,0.46875,40.0,5.0,43.0,8.0,0.9512080690422757,0.9422743055555556,0.10281713833942972,0.33873896648793783,0.1099542359289768,0.03726748789407135,1.0233524196321495,1.0,0.13541666666666666,0.13541666666666666,0.7958333333333333,0.8958333333333334,0.85625,0.8958333333333334,0.8477551020408163,0.8951388888888889,0.8059071729957805,0.8954616182572614,0.6554480913357897,0.7896000669346014,0.7649765835029192,0.8582505825857246,0.9340382560182079,0.9691998084780522,0.9219618055555555,0.9657552083333334,0.08675665513822013,0.12783063849161264,20260830,1,Asia,344,96,V1-V10_financial_only
PONE2016_h1_target_Asia,20260727,KELM_score_fusion,cost_2,96,48,0.6870086944262731,"Same-horizon leave-one-region-out transfer; source regions=Europe,North America; target region=Asia; source-only fit/search/calibration; target labels untouched until final evaluation; V1-V10 financial ratios only.",Plain KELM plus HistGB score-level fusion; alpha=0.05 selected only on search partition.,Platt_logistic_on_separate_calibration_partition,0.8640183897219884,0.8333333333333334,0.8958333333333334,0.8888888888888888,0.8602150537634409,0.8771929824561403,0.8438818565400844,0.7305950062660077,0.8170354314983949,0.8645833333333334,0.10416666666666667,0.46875,40.0,5.0,43.0,8.0,0.9512080690422757,0.9422743055555556,0.10281713833942972,0.33873896648793783,0.1099542359289768,0.03726748789407135,1.0233524196321495,2.0,0.21875,0.14583333333333334,0.79375,0.9104166666666667,0.8354166666666667,0.89375,0.8469551282051282,0.8846837944664031,0.8072033898305084,0.8968920765027323,0.6729275805384387,0.7484365989563462,0.776715327918678,0.8286390256452231,0.9363100119192556,0.9584818141953763,0.9190104166666667,0.9520833333333334,0.09898348703974126,0.11900336277629793,20260830,1,Asia,344,96,V1-V10_financial_only
PONE2016_h1_target_Asia,20260727,KELM_score_fusion,cost_5,96,48,0.09367583019055678,"Same-horizon leave-one-region-out transfer; source regions=Europe,North America; target region=Asia; source-only fit/search/calibration; target labels untouched until final evaluation; V1-V10 financial ratios only.",Plain KELM plus HistGB score-level fusion; alpha=0.05 selected only on search partition.,Platt_logistic_on_separate_calibration_partition,0.6846531968814576,0.9375,0.5,0.6521739130434783,0.7692307692307693,0.6944444444444444,0.8620689655172413,0.48653363279984113,0.6109674162707742,0.71875,0.5,0.71875,45.0,24.0,24.0,3.0,0.9512080690422757,0.9422743055555556,0.10281713833942972,0.33873896648793783,0.1099542359289768,0.03726748789407135,1.0233524196321495,5.0,0.40625,0.13541666666666666,0.8979166666666667,0.95625,0.32916666666666666,0.5604166666666667,0.5878187488534213,0.6797902097902098,0.8372094756772068,0.8698258058723175,0.363282169442405,0.5330651231712922,0.48407698974662633,0.6529218583681865,0.9516764649243243,0.9695041163663874,0.9358506944444445,0.9595052083333332,0.0839201042939232,0.12149462514064605,20260830,1,Asia,344,96,V1-V10_financial_only
PONE2016_h1_target_Asia,20260727,KELM_score_fusion,cost_10,96,48,0.09367583019055678,"Same-horizon leave-one-region-out transfer; source regions=Europe,North America; target region=Asia; source-only fit/search/calibration; target labels untouched until final evaluation; V1-V10 financial ratios only.",Plain KELM plus HistGB score-level fusion; alpha=0.05 selected only on search partition.,Platt_logistic_on_separate_calibration_partition,0.6846531968814576,0.9375,0.5,0.6521739130434783,0.7692307692307693,0.6944444444444444,0.8620689655172413,0.48653363279984113,0.6109674162707742,0.71875,0.5,0.71875,45.0,24.0,24.0,3.0,0.9512080690422757,0.9422743055555556,0.10281713833942972,0.33873896648793783,0.1099542359289768,0.03726748789407135,1.0233524196321495,10.0,0.5625,0.10227272727272728,0.88125,0.9770833333333333,0.46041666666666664,0.5583333333333333,0.6275593861677529,0.6850533049040511,0.8152810605282088,0.8960549972000353,0.39219803616645965,0.5666985341171684,0.5481860804176232,0.6722578955184185,0.9422600628839141,0.9598620870282978,0.9193576388888889,0.955251736111111,0.0901972421524163,0.11448797641151266,20260830,1,Asia,344,96,V1-V10_financial_only
PONE2016_h1_target_Asia,20260727,KELM_score_fusion,cost_20,96,48,0.09367583019055678,"Same-horizon leave-one-region-out transfer; source regions=Europe,North America; target region=Asia; source-only fit/search/calibration; target labels untouched until final evaluation; V1-V10 financial ratios only.",Plain KELM plus HistGB score-level fusion; alpha=0.05 selected only on search partition.,Platt_logistic_on_separate_calibration_partition,0.6846531968814576,0.9375,0.5,0.6521739130434783,0.7692307692307693,0.6944444444444444,0.8620689655172413,0.48653363279984113,0.6109674162707742,0.71875,0.5,0.71875,45.0,24.0,24.0,3.0,0.9512080690422757,0.9422743055555556,0.10281713833942972,0.33873896648793783,0.1099542359289768,0.03726748789407135,1.0233524196321495,20.0,0.875,0.08333333333333333,0.8979166666666667,0.9770833333333333,0.5,0.6583333333333333,0.6480672268907564,0.7378911892152142,0.8375336725531278,0.9071534977046788,0.45929664519487695,0.6493222364917393,0.5960205448529187,0.7430991624084617,0.932494173293948,0.9741746580513344,0.9188802083333333,0.9713541666666666,0.07171937958828907,0.12835122386450776,20260830,1,Asia,344,96,V1-V10_financial_only
PONE2016_h1_target_Asia,20260727,KELM_risk_feature,triad,96,48,0.8977868360918723,"Same-horizon leave-one-region-out transfer; source regions=Europe,North America; target region=Asia; source-only fit/search/calibration; target labels untouched until final evaluation; V1-V10 financial ratios only.",OOF HistGB risk is a forced KELM input; no score-level fusion.,Platt_logistic_on_separate_calibration_partition,0.6225646998951639,0.3958333333333333,0.9791666666666666,0.95,0.5588235294117647,0.7421875,0.4481132075471698,0.46169025843831935,0.5635164068312923,0.6875,0.020833333333333332,0.20833333333333334,19.0,1.0,47.0,29.0,0.9447223826315524,0.9383680555555555,0.09534921279478921,0.3183649715590622,0.09799910298935928,0.21892759710554666,1.291517221173658,,,,0.4395833333333333,0.51875,0.9583333333333334,1.0,0.9134057971014492,1.0,0.4904608096468561,0.5737327188940091,0.4654340249341588,0.5901827085120227,0.5809391399667648,0.6730431899637025,0.9251775888826506,0.9723144792649008,0.9111979166666666,0.9653211805555556,0.07209127835240964,0.11223126050405524,20260938,1,Asia,344,96,V1-V10_financial_only
PONE2016_h1_target_Asia,20260727,KELM_risk_feature,cost_1,96,48,0.25528405584055264,"Same-horizon leave-one-region-out transfer; source regions=Europe,North America; target region=Asia; source-only fit/search/calibration; target labels untouched until final evaluation; V1-V10 financial ratios only.",OOF HistGB risk is a forced KELM input; no score-level fusion.,Platt_logistic_on_separate_calibration_partition,0.8149003006503311,0.9375,0.7083333333333334,0.7627118644067796,0.8411214953271028,0.7922535211267606,0.896414342629482,0.6634906788326773,0.7609356429582051,0.8229166666666667,0.2916666666666667,0.6145833333333334,45.0,14.0,34.0,3.0,0.9447223826315524,0.9383680555555555,0.09534921279478921,0.3183649715590622,0.09799910298935928,0.21892759710554666,1.291517221173658,1.0,0.17708333333333334,0.17708333333333334,0.8770833333333333,0.9770833333333333,0.7291666666666666,0.7916666666666666,0.7652388289676426,0.8144654088050314,0.8529372882756342,0.9309191804211725,0.6187520120146157,0.7298004582014482,0.7361989215104,0.8051210038837306,0.9243809699243464,0.9771198391956696,0.9200520833333333,0.970920138888889,0.07795887863008823,0.11626537496667834,20260938,1,Asia,344,96,V1-V10_financial_only
PONE2016_h1_target_Asia,20260727,KELM_risk_feature,cost_2,96,48,0.25528405584055264,"Same-horizon leave-one-region-out transfer; source regions=Europe,North America; target region=Asia; source-only fit/search/calibration; target labels untouched until final evaluation; V1-V10 financial ratios only.",OOF HistGB risk is a forced KELM input; no score-level fusion.,Platt_logistic_on_separate_calibration_partition,0.8149003006503311,0.9375,0.7083333333333334,0.7627118644067796,0.8411214953271028,0.7922535211267606,0.896414342629482,0.6634906788326773,0.7609356429582051,0.8229166666666667,0.2916666666666667,0.6145833333333334,45.0,14.0,34.0,3.0,0.9447223826315524,0.9383680555555555,0.09534921279478921,0.3183649715590622,0.09799910298935928,0.21892759710554666,1.291517221173658,2.0,0.20833333333333334,0.1388888888888889,0.8624999999999999,0.9583333333333334,0.5333333333333333,0.76875,0.6706896551724137,0.8052631578947368,0.8261226053639846,0.9216867469879518,0.5133824855953864,0.7380903250519022,0.6443682522840402,0.8156121693300475,0.9241522456583975,0.9563750857973669,0.9129340277777777,0.9459635416666666,0.09006308337861588,0.11329992996137811,20260938,1,Asia,344,96,V1-V10_financial_only
PONE2016_h1_target_Asia,20260727,KELM_risk_feature,cost_5,96,48,0.25528405584055264,"Same-horizon leave-one-region-out transfer; source regions=Europe,North America; target region=Asia; source-only fit/search/calibration; target labels untouched until final evaluation; V1-V10 financial ratios only.",OOF HistGB risk is a forced KELM input; no score-level fusion.,Platt_logistic_on_separate_calibration_partition,0.8149003006503311,0.9375,0.7083333333333334,0.7627118644067796,0.8411214953271028,0.7922535211267606,0.896414342629482,0.6634906788326773,0.7609356429582051,0.8229166666666667,0.2916666666666667,0.6145833333333334,45.0,14.0,34.0,3.0,0.9447223826315524,0.9383680555555555,0.09534921279478921,0.3183649715590622,0.09799910298935928,0.21892759710554666,1.291517221173658,5.0,0.3020833333333333,0.10069444444444445,0.8604166666666666,0.9583333333333334,0.6083333333333333,0.8166666666666667,0.70993894993895,0.8272547728768928,0.852861753276691,0.9051567083526323,0.6015846996229183,0.6842253473499932,0.7048742922061404,0.7840187334246431,0.9284715459576691,0.9611264456827519,0.9192274305555556,0.9493489583333333,0.08421511853626781,0.11856742478880648,20260938,1,Asia,344,96,V1-V10_financial_only
PONE2016_h1_target_Asia,20260727,KELM_risk_feature,cost_10,96,48,0.1133701022371632,"Same-horizon leave-one-region-out transfer; source regions=Europe,North America; target region=Asia; source-only fit/search/calibration; target labels untouched until final evaluation; V1-V10 financial ratios only.",OOF HistGB risk is a forced KELM input; no score-level fusion.,Platt_logistic_on_separate_calibration_partition,0.6545115863502087,0.9791666666666666,0.4375,0.6351351351351351,0.7704918032786885,0.6831395348837209,0.8834586466165414,0.4956815970966097,0.5965943797750479,0.7083333333333333,0.5625,0.7708333333333334,47.0,27.0,21.0,1.0,0.9447223826315524,0.9383680555555555,0.09534921279478921,0.3183649715590622,0.09799910298935928,0.21892759710554666,1.291517221173658,10.0,0.3854166666666667,0.07007575757575757,0.9395833333333333,1.0,0.34375,0.5395833333333333,0.5984567366048205,0.6833193277310924,0.8655620210048255,0.9149935186518796,0.41474881715059836,0.6046354225228283,0.5180162271182366,0.6865624960474731,0.9076187558012209,0.9665209709278753,0.8921875,0.9693576388888888,0.07250704856214216,0.13410137367524338,20260938,1,Asia,344,96,V1-V10_financial_only
PONE2016_h1_target_Asia,20260727,KELM_risk_feature,cost_20,96,48,0.1133701022371632,"Same-horizon leave-one-region-out transfer; source regions=Europe,North America; target region=Asia; source-only fit/search/calibration; target labels untouched until final evaluation; V1-V10 financial ratios only.",OOF HistGB risk is a forced KELM input; no score-level fusion.,Platt_logistic_on_separate_calibration_partition,0.6545115863502087,0.9791666666666666,0.4375,0.6351351351351351,0.7704918032786885,0.6831395348837209,0.8834586466165414,0.4956815970966097,0.5965943797750479,0.7083333333333333,0.5625,0.7708333333333334,47.0,27.0,21.0,1.0,0.9447223826315524,0.9383680555555555,0.09534921279478921,0.3183649715590622,0.09799910298935928,0.21892759710554666,1.291517221173658,20.0,0.4895833333333333,0.04662698412698413,0.9604166666666667,1.0,0.3458333333333333,0.5416666666666666,0.5956340956340956,0.6852587991718426,0.8563613231552163,0.9146530448258049,0.39079409867131004,0.6064251307694493,0.5061092877050193,0.6894871491109822,0.9093782582759697,0.977540052651516,0.8912760416666666,0.9741319444444444,0.06809112904690083,0.1302143449016252,20260938,1,Asia,344,96,V1-V10_financial_only
PONE2016_h1_target_Asia,20260727,Full_PBMSBAINGO,triad,96,48,0.9144206276268799,"Same-horizon leave-one-region-out transfer; source regions=Europe,North America; target region=Asia; source-only fit/search/calibration; target labels untouched until final evaluation; V1-V10 financial ratios only.",Risk feature plus score fusion; alpha=0.70 selected only on search partition.,Platt_logistic_on_separate_calibration_partition,0.7557648811340439,0.5833333333333334,0.9791666666666666,0.9655172413793104,0.7272727272727273,0.8536585365853658,0.6334841628959276,0.6125299996854587,0.7046394048257746,0.78125,0.020833333333333332,0.3020833333333333,28.0,1.0,47.0,20.0,0.9396809277551827,0.9270833333333333,0.09849310074651889,0.32953938524965,0.08157122878548115,0.07725792624299835,1.0416921163724595,,,,0.5458333333333333,0.6458333333333334,0.9416666666666667,1.0,0.9171399594320486,1.0,0.6000456639960148,0.6913519279393173,0.6094894180597041,0.6624116058516247,0.6924764193490339,0.7471023015432086,0.9381587754462225,0.9852159029558141,0.9250434027777777,0.9838975694444444,0.05496915709226036,0.11628616679658647,20261034,1,Asia,344,96,V1-V10_financial_only
PONE2016_h1_target_Asia,20260727,Full_PBMSBAINGO,cost_1,96,48,0.49662534966354194,"Same-horizon leave-one-region-out transfer; source regions=Europe,North America; target region=Asia; source-only fit/search/calibration; target labels untouched until final evaluation; V1-V10 financial ratios only.",Risk feature plus score fusion; alpha=0.70 selected only on search partition.,Platt_logistic_on_separate_calibration_partition,0.8539125638299666,0.8333333333333334,0.875,0.8695652173913043,0.851063829787234,0.8620689655172413,0.8403361344537815,0.7089490077940542,0.8025657130415902,0.8541666666666667,0.125,0.4791666666666667,40.0,6.0,42.0,8.0,0.9396809277551827,0.9270833333333333,0.09849310074651889,0.32953938524965,0.08157122878548115,0.07725792624299835,1.0416921163724595,1.0,0.14583333333333334,0.14583333333333334,0.6812499999999999,0.9291666666666667,0.8166666666666667,0.9166666666666666,0.8166666666666667,0.9174397031539889,0.7128289473684211,0.9256656293222684,0.6047176684690384,0.8441786646538252,0.7194955205436994,0.8950757634863192,0.8957549003603876,0.9627111619563089,0.884765625,0.9585937499999999,0.06838061909114489,0.1387110940906767,20261034,1,Asia,344,96,V1-V10_financial_only
PONE2016_h1_target_Asia,20260727,Full_PBMSBAINGO,cost_2,96,48,0.49662534966354194,"Same-horizon leave-one-region-out transfer; source regions=Europe,North America; target region=Asia; source-only fit/search/calibration; target labels untouched until final evaluation; V1-V10 financial ratios only.",Risk feature plus score fusion; alpha=0.70 selected only on search partition.,Platt_logistic_on_separate_calibration_partition,0.8539125638299666,0.8333333333333334,0.875,0.8695652173913043,0.851063829787234,0.8620689655172413,0.8403361344537815,0.7089490077940542,0.8025657130415902,0.8541666666666667,0.125,0.4791666666666667,40.0,6.0,42.0,8.0,0.9396809277551827,0.9270833333333333,0.09849310074651889,0.32953938524965,0.08157122878548115,0.07725792624299835,1.0416921163724595,2.0,0.22916666666666666,0.1527777777777778,0.775,0.9291666666666667,0.8354166666666667,0.9520833333333334,0.8365384615384616,0.9429765886287625,0.803057701791879,0.9160524865683978,0.6688846720193664,0.7900521076166095,0.7750610308602068,0.8571698964162171,0.9250999212839609,0.9717409998998386,0.8965277777777778,0.9618055555555555,0.0765844094789924,0.11180787246524887,20261034,1,Asia,344,96,V1-V10_financial_only
PONE2016_h1_target_Asia,20260727,Full_PBMSBAINGO,cost_5,96,48,0.1123731306357757,"Same-horizon leave-one-region-out transfer; source regions=Europe,North America; target region=Asia; source-only fit/search/calibration; target labels untouched until final evaluation; V1-V10 financial ratios only.",Risk feature plus score fusion; alpha=0.70 selected only on search partition.,Platt_logistic_on_separate_calibration_partition,0.739509972887452,0.9375,0.5833333333333334,0.6923076923076923,0.7964601769911505,0.7305194805194806,0.8754863813229572,0.5569323991926413,0.6728168374293719,0.7604166666666667,0.4166666666666667,0.6770833333333334,45.0,20.0,28.0,3.0,0.9396809277551827,0.9270833333333333,0.09849310074651889,0.32953938524965,0.08157122878548115,0.07725792624299835,1.0416921163724595,5.0,0.3645833333333333,0.12152777777777778,0.9375,0.95625,0.56875,0.6458333333333334,0.685064935064935,0.7258064516129032,0.8731190150478796,0.8971764271653543,0.5446395535199136,0.6178315480460707,0.662148348749101,0.7181978113379258,0.9436373354813962,0.9650373224764883,0.930859375,0.9534722222222223,0.07305179285590109,0.09858266455543274,20261034,1,Asia,344,96,V1-V10_financial_only
PONE2016_h1_target_Asia,20260727,Full_PBMSBAINGO,cost_10,96,48,0.1123731306357757,"Same-horizon leave-one-region-out transfer; source regions=Europe,North America; target region=Asia; source-only fit/search/calibration; target labels untouched until final evaluation; V1-V10 financial ratios only.",Risk feature plus score fusion; alpha=0.70 selected only on search partition.,Platt_logistic_on_separate_calibration_partition,0.739509972887452,0.9375,0.5833333333333334,0.6923076923076923,0.7964601769911505,0.7305194805194806,0.8754863813229572,0.5569323991926413,0.6728168374293719,0.7604166666666667,0.4166666666666667,0.6770833333333334,45.0,20.0,28.0,3.0,0.9396809277551827,0.9270833333333333,0.09849310074651889,0.32953938524965,0.08157122878548115,0.07725792624299835,1.0416921163724595,10.0,0.5208333333333334,0.0946969696969697,0.91875,0.9583333333333334,0.48750000000000004,0.7000000000000001,0.6472281449893391,0.7609677419354839,0.8595149365871251,0.9102316602316602,0.47761974776391,0.6763930761048034,0.6027411100366598,0.7671631052550903,0.9082920539242039,0.9766106580121703,0.9040364583333332,0.9621527777777779,0.057163654646237023,0.12492508218142456,20261034,1,Asia,344,96,V1-V10_financial_only
PONE2016_h1_target_Asia,20260727,Full_PBMSBAINGO,cost_20,96,48,0.06829123420386947,"Same-horizon leave-one-region-out transfer; source regions=Europe,North America; target region=Asia; source-only fit/search/calibration; target labels untouched until final evaluation; V1-V10 financial ratios only.",Risk feature plus score fusion; alpha=0.70 selected only on search partition.,Platt_logistic_on_separate_calibration_partition,0.42847841252506524,0.9791666666666666,0.1875,0.5465116279069767,0.7014925373134329,0.5994897959183674,0.8453237410071942,0.2727977357881894,0.36860924036809034,0.5833333333333333,0.8125,0.8958333333333334,47.0,39.0,9.0,1.0,0.9396809277551827,0.9270833333333333,0.09849310074651889,0.32953938524965,0.08157122878548115,0.07725792624299835,1.0416921163724595,20.0,0.6145833333333334,0.05853174603174603,0.9791666666666666,1.0,0.0875,0.16666666666666666,0.5176441535992098,0.5454545454545454,0.8309797165599889,0.8571428571428571,0.14661002935876888,0.30151134457776363,0.23205593673597302,0.36902076288542446,0.8851285454416148,0.958858125609259,0.871310763888889,0.9584201388888889,0.06211128070074515,0.12737344102223802,20261034,1,Asia,344,96,V1-V10_financial_only
PONE2016_h1_target_Asia,20260727,Uncertainty_gated_fusion,triad,96,48,0.8977868360918723,"Same-horizon leave-one-region-out transfer; source regions=Europe,North America; target region=Asia; source-only fit/search/calibration; target labels untouched until final evaluation; V1-V10 financial ratios only.","One-standard-error paired-bootstrap gate selected KELM_risk_feature; search utility difference=-0.0945, required margin=0.0584.",Platt_logistic_on_separate_calibration_partition,0.6225646998951639,0.3958333333333333,0.9791666666666666,0.95,0.5588235294117647,0.7421875,0.4481132075471698,0.46169025843831935,0.5635164068312923,0.6875,0.020833333333333332,0.20833333333333334,19.0,1.0,47.0,29.0,0.9447223826315524,0.9383680555555555,0.09534921279478921,0.3183649715590622,0.09799910298935928,0.21892759710554666,1.291517221173658,,,,0.3145833333333333,0.5104166666666667,0.9604166666666667,0.9791666666666666,0.9119318181818181,0.9606227106227107,0.36279674273095325,0.5630034026790713,0.3931117910470032,0.5541873093280771,0.4947147098638741,0.6516105627927592,0.9196470868614528,0.9544772673534986,0.9104600694444445,0.946484375,0.08367022904742116,0.1228341029529441,20261080,1,Asia,344,96,V1-V10_financial_only
PONE2016_h1_target_Asia,20260727,Uncertainty_gated_fusion,cost_1,96,48,0.25528405584055264,"Same-horizon leave-one-region-out transfer; source regions=Europe,North America; target region=Asia; source-only fit/search/calibration; target labels untouched until final evaluation; V1-V10 financial ratios only.","One-standard-error paired-bootstrap gate selected KELM_risk_feature; search utility difference=-0.0945, required margin=0.0584.",Platt_logistic_on_separate_calibration_partition,0.8149003006503311,0.9375,0.7083333333333334,0.7627118644067796,0.8411214953271028,0.7922535211267606,0.896414342629482,0.6634906788326773,0.7609356429582051,0.8229166666666667,0.2916666666666667,0.6145833333333334,45.0,14.0,34.0,3.0,0.9447223826315524,0.9383680555555555,0.09534921279478921,0.3183649715590622,0.09799910298935928,0.21892759710554666,1.291517221173658,1.0,0.17708333333333334,0.17708333333333334,0.7958333333333333,0.9583333333333334,0.6895833333333333,0.8458333333333333,0.7331021437578814,0.861833829857663,0.7824523251923721,0.9372674370953201,0.5081283673839185,0.8094830880883385,0.6597894018281829,0.8688844318827161,0.8895166292386465,0.9838357583543252,0.8588541666666667,0.9797309027777777,0.055401005291723794,0.13244619790940473,20261080,1,Asia,344,96,V1-V10_financial_only
PONE2016_h1_target_Asia,20260727,Uncertainty_gated_fusion,cost_2,96,48,0.25528405584055264,"Same-horizon leave-one-region-out transfer; source regions=Europe,North America; target region=Asia; source-only fit/search/calibration; target labels untouched until final evaluation; V1-V10 financial ratios only.","One-standard-error paired-bootstrap gate selected KELM_risk_feature; search utility difference=-0.0945, required margin=0.0584.",Platt_logistic_on_separate_calibration_partition,0.8149003006503311,0.9375,0.7083333333333334,0.7627118644067796,0.8411214953271028,0.7922535211267606,0.896414342629482,0.6634906788326773,0.7609356429582051,0.8229166666666667,0.2916666666666667,0.6145833333333334,45.0,14.0,34.0,3.0,0.9447223826315524,0.9383680555555555,0.09534921279478921,0.3183649715590622,0.09799910298935928,0.21892759710554666,1.291517221173658,2.0,0.20833333333333334,0.1388888888888889,0.9208333333333333,0.9791666666666666,0.6458333333333334,0.7291666666666666,0.7226178278688524,0.7829661016949152,0.874242161787632,0.9318053993250843,0.592196301986252,0.7290368217632556,0.7066347514769659,0.8038319388559142,0.9496475536495812,0.9774493934136335,0.9353732638888889,0.9742187499999999,0.06357919732744,0.10791984153819037,20261080,1,Asia,344,96,V1-V10_financial_only
PONE2016_h1_target_Asia,20260727,Uncertainty_gated_fusion,cost_5,96,48,0.25528405584055264,"Same-horizon leave-one-region-out transfer; source regions=Europe,North America; target region=Asia; source-only fit/search/calibration; target labels untouched until final evaluation; V1-V10 financial ratios only.","One-standard-error paired-bootstrap gate selected KELM_risk_feature; search utility difference=-0.0945, required margin=0.0584.",Platt_logistic_on_separate_calibration_partition,0.8149003006503311,0.9375,0.7083333333333334,0.7627118644067796,0.8411214953271028,0.7922535211267606,0.896414342629482,0.6634906788326773,0.7609356429582051,0.8229166666666667,0.2916666666666667,0.6145833333333334,45.0,14.0,34.0,3.0,0.9447223826315524,0.9383680555555555,0.09534921279478921,0.3183649715590622,0.09799910298935928,0.21892759710554666,1.291517221173658,5.0,0.3020833333333333,0.10069444444444445,0.875,0.95625,0.65,0.75,0.7269100169779287,0.7915708812260537,0.8444019982368499,0.9176414342629482,0.5763756158720446,0.7181509818319944,0.7026517112210817,0.8000728981133368,0.8780771556531412,0.9444703686072164,0.8758246527777778,0.9451388888888889,0.09117468285014704,0.1420701127684062,20261080,1,Asia,344,96,V1-V10_financial_only
PONE2016_h1_target_Asia,20260727,Uncertainty_gated_fusion,cost_10,96,48,0.1133701022371632,"Same-horizon leave-one-region-out transfer; source regions=Europe,North America; target region=Asia; source-only fit/search/calibration; target labels untouched until final evaluation; V1-V10 financial ratios only.","One-standard-error paired-bootstrap gate selected KELM_risk_feature; search utility difference=-0.0945, required margin=0.0584.",Platt_logistic_on_separate_calibration_partition,0.6545115863502087,0.9791666666666666,0.4375,0.6351351351351351,0.7704918032786885,0.6831395348837209,0.8834586466165414,0.4956815970966097,0.5965943797750479,0.7083333333333333,0.5625,0.7708333333333334,47.0,27.0,21.0,1.0,0.9447223826315524,0.9383680555555555,0.09534921279478921,0.3183649715590622,0.09799910298935928,0.21892759710554666,1.291517221173658,10.0,0.3854166666666667,0.07007575757575757,0.98125,1.0,0.42083333333333334,0.5979166666666667,0.6332859174964438,0.7094805194805195,0.8961957131635058,0.91551275223386,0.5162152341189464,0.6272728244911279,0.601102834609328,0.7165364785921895,0.9406999531254585,0.9726168131533812,0.9345920138888889,0.9695312500000001,0.06785425294356882,0.10779583450316682,20261080,1,Asia,344,96,V1-V10_financial_only
PONE2016_h1_target_Asia,20260727,Uncertainty_gated_fusion,cost_20,96,48,0.1133701022371632,"Same-horizon leave-one-region-out transfer; source regions=Europe,North America; target region=Asia; source-only fit/search/calibration; target labels untouched until final evaluation; V1-V10 financial ratios only.","One-standard-error paired-bootstrap gate selected KELM_risk_feature; search utility difference=-0.0945, required margin=0.0584.",Platt_logistic_on_separate_calibration_partition,0.6545115863502087,0.9791666666666666,0.4375,0.6351351351351351,0.7704918032786885,0.6831395348837209,0.8834586466165414,0.4956815970966097,0.5965943797750479,0.7083333333333333,0.5625,0.7708333333333334,47.0,27.0,21.0,1.0,0.9447223826315524,0.9383680555555555,0.09534921279478921,0.3183649715590622,0.09799910298935928,0.21892759710554666,1.291517221173658,20.0,0.4895833333333333,0.04662698412698413,0.9604166666666667,1.0,0.39999999999999997,0.4583333333333333,0.6249278499278499,0.6438356164383562,0.8727701543739279,0.8982080948999623,0.48268696552573953,0.5274852450707812,0.5829120589593088,0.6138914914573508,0.9039423916793047,0.9624702506280279,0.9104166666666665,0.9535590277777778,0.08526926875042061,0.11835300900909339,20261080,1,Asia,344,96,V1-V10_financial_only
PONE2016_h1_target_Asia,20260727,Full_random_search,triad,96,48,0.8971219935744595,"Same-horizon leave-one-region-out transfer; source regions=Europe,North America; target region=Asia; source-only fit/search/calibration; target labels untouched until final evaluation; V1-V10 financial ratios only.",Same full architecture and 81 evaluations as PBMSBAINGO; alpha=0.70.,Platt_logistic_on_separate_calibration_partition,0.6291528696058958,0.3958333333333333,1.0,1.0,0.5671641791044776,0.7661290322580645,0.45023696682464454,0.496742636335202,0.581497609649374,0.6979166666666666,0.0,0.19791666666666666,19.0,0.0,48.0,29.0,0.9517373761019267,0.9375,0.10082722641741833,0.33269145063905964,0.09575828159711783,0.23039001748801227,1.032155981247326,,,,0.35625,0.4354166666666667,1.0,1.0,1.0,1.0,0.4088858509911142,0.49083178315174064,0.46553550896754703,0.527534153595884,0.5494035913677267,0.6124125569401841,0.9095529527323089,0.9553842181053385,0.8794270833333334,0.941189236111111,0.0913132840214159,0.14425274152230272,20261128,1,Asia,344,96,V1-V10_financial_only
PONE2016_h1_target_Asia,20260727,Full_random_search,cost_1,96,48,0.332406026009088,"Same-horizon leave-one-region-out transfer; source regions=Europe,North America; target region=Asia; source-only fit/search/calibration; target labels untouched until final evaluation; V1-V10 financial ratios only.",Same full architecture and 81 evaluations as PBMSBAINGO; alpha=0.70.,Platt_logistic_on_separate_calibration_partition,0.8541666666666666,0.8541666666666666,0.8541666666666666,0.8541666666666666,0.8541666666666666,0.8541666666666666,0.8541666666666666,0.7083333333333334,0.8024924825455735,0.8541666666666666,0.14583333333333334,0.5,41.0,7.0,41.0,7.0,0.9517373761019267,0.9375,0.10082722641741833,0.33269145063905964,0.09575828159711783,0.23039001748801227,1.032155981247326,1.0,0.14583333333333334,0.14583333333333334,0.79375,0.9541666666666667,0.8145833333333333,0.89375,0.8373426573426573,0.8833488372093024,0.8099380554807433,0.9289657710710343,0.6890881039277408,0.7910356193765881,0.7882547313234815,0.8584441193464707,0.9357137792990692,0.9749451009510003,0.9114583333333333,0.9664930555555556,0.07423835065549862,0.12058225444136,20261128,1,Asia,344,96,V1-V10_financial_only
PONE2016_h1_target_Asia,20260727,Full_random_search,cost_2,96,48,0.332406026009088,"Same-horizon leave-one-region-out transfer; source regions=Europe,North America; target region=Asia; source-only fit/search/calibration; target labels untouched until final evaluation; V1-V10 financial ratios only.",Same full architecture and 81 evaluations as PBMSBAINGO; alpha=0.70.,Platt_logistic_on_separate_calibration_partition,0.8541666666666666,0.8541666666666666,0.8541666666666666,0.8541666666666666,0.8541666666666666,0.8541666666666666,0.8541666666666666,0.7083333333333334,0.8024924825455735,0.8541666666666666,0.14583333333333334,0.5,41.0,7.0,41.0,7.0,0.9517373761019267,0.9375,0.10082722641741833,0.33269145063905964,0.09575828159711783,0.23039001748801227,1.032155981247326,2.0,0.21875,0.14583333333333334,0.8125,0.8708333333333333,0.8354166666666667,0.9145833333333333,0.8351063829787234,0.9049154334038054,0.8266227912008655,0.867914373513429,0.6687649245632932,0.7327721188499923,0.7750473791023601,0.817306473380789,0.9321670542972358,0.9487410495971925,0.9147135416666666,0.9376736111111111,0.09386647721232123,0.11949169379527647,20261128,1,Asia,344,96,V1-V10_financial_only
PONE2016_h1_target_Asia,20260727,Full_random_search,cost_5,96,48,0.0905446902726515,"Same-horizon leave-one-region-out transfer; source regions=Europe,North America; target region=Asia; source-only fit/search/calibration; target labels untouched until final evaluation; V1-V10 financial ratios only.",Same full architecture and 81 evaluations as PBMSBAINGO; alpha=0.70.,Platt_logistic_on_separate_calibration_partition,0.7781187248742958,0.9375,0.6458333333333334,0.7258064516129032,0.8181818181818182,0.7601351351351351,0.8858267716535433,0.609849578616645,0.7174167083057249,0.7916666666666667,0.3541666666666667,0.6458333333333334,45.0,17.0,31.0,3.0,0.9517373761019267,0.9375,0.10082722641741833,0.33269145063905964,0.09575828159711783,0.23039001748801227,1.032155981247326,5.0,0.3333333333333333,0.1111111111111111,0.8791666666666667,0.9583333333333334,0.5458333333333333,0.6229166666666667,0.6775735294117647,0.6998412698412698,0.8359375,0.8907871198568873,0.5177910101338812,0.5808778025430216,0.6561718347512533,0.687036426645767,0.9061971005512272,0.9579369687107853,0.8803385416666667,0.947482638888889,0.0959891417856385,0.14218943242844473,20261128,1,Asia,344,96,V1-V10_financial_only
PONE2016_h1_target_Asia,20260727,Full_random_search,cost_10,96,48,0.0905446902726515,"Same-horizon leave-one-region-out transfer; source regions=Europe,North America; target region=Asia; source-only fit/search/calibration; target labels untouched until final evaluation; V1-V10 financial ratios only.",Same full architecture and 81 evaluations as PBMSBAINGO; alpha=0.70.,Platt_logistic_on_separate_calibration_partition,0.7781187248742958,0.9375,0.6458333333333334,0.7258064516129032,0.8181818181818182,0.7601351351351351,0.8858267716535433,0.609849578616645,0.7174167083057249,0.7916666666666667,0.3541666666666667,0.6458333333333334,45.0,17.0,31.0,3.0,0.9517373761019267,0.9375,0.10082722641741833,0.33269145063905964,0.09575828159711783,0.23039001748801227,1.032155981247326,10.0,0.4895833333333333,0.08901515151515152,0.91875,0.9770833333333333,0.5645833333333333,0.70625,0.6784615384615384,0.7688524590163934,0.857976653696498,0.9268774703557312,0.5168332664507711,0.7098635947736802,0.6447798395247827,0.7882834388248078,0.9279150543681848,0.9667936981518748,0.9032552083333334,0.9638020833333333,0.0848681632316893,0.1465446873419155,20261128,1,Asia,344,96,V1-V10_financial_only
PONE2016_h1_target_Asia,20260727,Full_random_search,cost_20,96,48,0.0905446902726515,"Same-horizon leave-one-region-out transfer; source regions=Europe,North America; target region=Asia; source-only fit/search/calibration; target labels untouched until final evaluation; V1-V10 financial ratios only.",Same full architecture and 81 evaluations as PBMSBAINGO; alpha=0.70.,Platt_logistic_on_separate_calibration_partition,0.7781187248742958,0.9375,0.6458333333333334,0.7258064516129032,0.8181818181818182,0.7601351351351351,0.8858267716535433,0.609849578616645,0.7174167083057249,0.7916666666666667,0.3541666666666667,0.6458333333333334,45.0,17.0,31.0,3.0,0.9517373761019267,0.9375,0.10082722641741833,0.33269145063905964,0.09575828159711783,0.23039001748801227,1.032155981247326,20.0,0.8020833333333334,0.0763888888888889,0.8958333333333334,0.95625,0.5229166666666667,0.6854166666666667,0.6586918349429324,0.7410118711136235,0.8437656143538497,0.8888567953785345,0.47921396306007,0.6245029754294182,0.6134991160891429,0.7304403833882916,0.9256450701528954,0.9612687999629004,0.9021701388888889,0.9507378472222222,0.0901677742325045,0.12492130984845864,20261128,1,Asia,344,96,V1-V10_financial_only
PONE2016_h1_target_Asia,20260727,Balanced_logistic,triad,96,48,0.8997761461471458,"Same-horizon leave-one-region-out transfer; source regions=Europe,North America; target region=Asia; source-only fit/search/calibration; target labels untouched until final evaluation; V1-V10 financial ratios only.",Class-weighted logistic reference using the same source-only fit/search/calibration and untouched regional target.,Platt_logistic_on_separate_calibration_partition,0.8079466429027214,0.6666666666666666,0.9791666666666666,0.9696969696969697,0.7901234567901234,0.8888888888888888,0.7111111111111111,0.6798834181250946,0.7627811232264889,0.8229166666666666,0.020833333333333332,0.34375,32.0,1.0,47.0,16.0,0.9543744904577071,0.9440104166666666,0.10097680699298277,0.3196490436987867,0.08040331017535529,-0.6355312747769788,1.2380467571172253,,,,0.6479166666666667,0.7270833333333333,0.9604166666666667,0.9979166666666667,0.9441176470588235,0.9972222222222222,0.6963569982935831,0.7656793415256202,0.6571288540230809,0.7298263719879787,0.7490390071384366,0.8039277616876049,0.9212172933373108,0.9792177394294538,0.8995659722222222,0.9735677083333333,0.06863427052154336,0.1401218370998485,20262028,1,Asia,344,96,V1-V10_financial_only
PONE2016_h1_target_Asia,20260727,Balanced_logistic,cost_1,96,48,0.23132186082934594,"Same-horizon leave-one-region-out transfer; source regions=Europe,North America; target region=Asia; source-only fit/search/calibration; target labels untouched until final evaluation; V1-V10 financial ratios only.",Class-weighted logistic reference using the same source-only fit/search/calibration and untouched regional target.,Platt_logistic_on_separate_calibration_partition,0.699702317656111,0.9791666666666666,0.5,0.6619718309859155,0.7899159663865546,0.7078313253012049,0.8935361216730038,0.5459195627691725,0.6441471566101725,0.7395833333333333,0.5,0.7395833333333334,47.0,24.0,24.0,1.0,0.9543744904577071,0.9440104166666666,0.10097680699298277,0.3196490436987867,0.08040331017535529,-0.6355312747769788,1.2380467571172253,1.0,0.2604166666666667,0.2604166666666667,0.9395833333333333,0.9791666666666666,0.4375,0.5625,0.6306368011847463,0.6907155399473222,0.8626545217957059,0.9022646272646273,0.46597486578167413,0.5929843614731202,0.5810343676693975,0.6881629722745769,0.9091369334090275,0.9565934528305007,0.8839843749999999,0.9408854166666667,0.09881211737714636,0.14303405801208874,20262028,1,Asia,344,96,V1-V10_financial_only
PONE2016_h1_target_Asia,20260727,Balanced_logistic,cost_2,96,48,0.23132186082934594,"Same-horizon leave-one-region-out transfer; source regions=Europe,North America; target region=Asia; source-only fit/search/calibration; target labels untouched until final evaluation; V1-V10 financial ratios only.",Class-weighted logistic reference using the same source-only fit/search/calibration and untouched regional target.,Platt_logistic_on_separate_calibration_partition,0.699702317656111,0.9791666666666666,0.5,0.6619718309859155,0.7899159663865546,0.7078313253012049,0.8935361216730038,0.5459195627691725,0.6441471566101725,0.7395833333333333,0.5,0.7395833333333334,47.0,24.0,24.0,1.0,0.9543744904577071,0.9440104166666666,0.10097680699298277,0.3196490436987867,0.08040331017535529,-0.6355312747769788,1.2380467571172253,2.0,0.2708333333333333,0.18055555555555555,0.9604166666666667,1.0,0.4583333333333333,0.5770833333333334,0.6486486486486487,0.6948783610755442,0.8920202378838985,0.9115183395751737,0.5452497568062706,0.5924824009340482,0.6298816763894876,0.6874326894800284,0.955328533039268,0.9675440039931054,0.9427517361111111,0.9596354166666666,0.08823302057612002,0.09808157856869357,20262028,1,Asia,344,96,V1-V10_financial_only
PONE2016_h1_target_Asia,20260727,Balanced_logistic,cost_5,96,48,0.23132186082934594,"Same-horizon leave-one-region-out transfer; source regions=Europe,North America; target region=Asia; source-only fit/search/calibration; target labels untouched until final evaluation; V1-V10 financial ratios only.",Class-weighted logistic reference using the same source-only fit/search/calibration and untouched regional target.,Platt_logistic_on_separate_calibration_partition,0.699702317656111,0.9791666666666666,0.5,0.6619718309859155,0.7899159663865546,0.7078313253012049,0.8935361216730038,0.5459195627691725,0.6441471566101725,0.7395833333333333,0.5,0.7395833333333334,47.0,24.0,24.0,1.0,0.9543744904577071,0.9440104166666666,0.10097680699298277,0.3196490436987867,0.08040331017535529,-0.6355312747769788,1.2380467571172253,5.0,0.3020833333333333,0.10069444444444445,0.9604166666666667,0.9791666666666666,0.38125,0.6,0.6128641628641629,0.7100267379679145,0.8745912178215055,0.9101520572450804,0.4495767037059026,0.6259132867759571,0.5514883537107077,0.716401304836895,0.9326502309244119,0.95740987141967,0.9145833333333332,0.9506076388888889,0.09545006793109292,0.12733690342329512,20262028,1,Asia,344,96,V1-V10_financial_only
PONE2016_h1_target_Asia,20260727,Balanced_logistic,cost_10,96,48,0.23132186082934594,"Same-horizon leave-one-region-out transfer; source regions=Europe,North America; target region=Asia; source-only fit/search/calibration; target labels untouched until final evaluation; V1-V10 financial ratios only.",Class-weighted logistic reference using the same source-only fit/search/calibration and untouched regional target.,Platt_logistic_on_separate_calibration_partition,0.699702317656111,0.9791666666666666,0.5,0.6619718309859155,0.7899159663865546,0.7078313253012049,0.8935361216730038,0.5459195627691725,0.6441471566101725,0.7395833333333333,0.5,0.7395833333333334,47.0,24.0,24.0,1.0,0.9543744904577071,0.9440104166666666,0.10097680699298277,0.3196490436987867,0.08040331017535529,-0.6355312747769788,1.2380467571172253,10.0,0.3541666666666667,0.06439393939393939,0.9604166666666667,1.0,0.5229166666666667,0.61875,0.6681159420289855,0.720334448160535,0.8831417624521073,0.9191892603316663,0.5375038229026816,0.6439917489742398,0.6462652235089605,0.7311519715376564,0.9040704176488633,0.9915890452891188,0.8912326388888889,0.990234375,0.06891531102193503,0.13878426724293444,20262028,1,Asia,344,96,V1-V10_financial_only
PONE2016_h1_target_Asia,20260727,Balanced_logistic,cost_20,96,48,0.07240278370311509,"Same-horizon leave-one-region-out transfer; source regions=Europe,North America; target region=Asia; source-only fit/search/calibration; target labels untouched until final evaluation; V1-V10 financial ratios only.",Class-weighted logistic reference using the same source-only fit/search/calibration and untouched regional target.,Platt_logistic_on_separate_calibration_partition,0.3535533905932738,1.0,0.125,0.5333333333333333,0.6956521739130435,0.5882352941176471,0.851063829787234,0.25819888974716115,0.31838660973658534,0.5625,0.875,0.9375,48.0,42.0,6.0,0.0,0.9543744904577071,0.9440104166666666,0.10097680699298277,0.3196490436987867,0.08040331017535529,-0.6355312747769788,1.2380467571172253,20.0,0.4375,0.041666666666666664,1.0,1.0,0.06458333333333333,0.14375000000000002,0.5166900420757363,0.5387265917602996,0.8424017790956263,0.8537896570000757,0.1824962132298049,0.27822405924244237,0.22741680978729092,0.3419227263222088,0.934457366980672,0.9626011887900627,0.9185329861111112,0.9563802083333333,0.09447105057107863,0.11512073459914451,20262028,1,Asia,344,96,V1-V10_financial_only
PONE2016_h1_target_Europe,20260727,HistGB,triad,172,86,0.9324208137486186,"Same-horizon leave-one-region-out transfer; source regions=Asia,North America; target region=Europe; source-only fit/search/calibration; target labels untouched until final evaluation; V1-V10 financial ratios only.",No metaheuristic; threshold and Platt calibration use calibration partition.,Platt_logistic_on_separate_calibration_partition,0.7546502669575792,0.6046511627906976,0.9418604651162791,0.9122807017543859,0.7272727272727273,0.8280254777070064,0.6483790523690773,0.5805124120675239,0.6914609470245052,0.7732558139534884,0.05813953488372093,0.3313953488372093,52.0,5.0,81.0,34.0,0.8665028099575238,0.8848025959978367,0.1478276555594491,0.47248936631796906,0.09011024497666963,-0.1479740012679138,0.7371926744251057,,,,0.5616279069767441,0.627906976744186,0.9197674418604651,0.9534883720930233,0.8802681992337165,0.9310344827586207,0.6061464036600914,0.6716417910447762,0.5276480841155432,0.6148987099291023,0.6505229057236641,0.7167011431914011,0.8202877576416675,0.8727632473247947,0.857328285559762,0.891157382368848,0.13180956361096385,0.17004591858194248,20260727,1,Europe,268,172,V1-V10_financial_only
PONE2016_h1_target_Europe,20260727,HistGB,cost_1,172,86,0.3811332890446352,"Same-horizon leave-one-region-out transfer; source regions=Asia,North America; target region=Europe; source-only fit/search/calibration; target labels untouched until final evaluation; V1-V10 financial ratios only.",No metaheuristic; threshold and Platt calibration use calibration partition.,Platt_logistic_on_separate_calibration_partition,0.813953488372093,0.813953488372093,0.813953488372093,0.813953488372093,0.813953488372093,0.813953488372093,0.813953488372093,0.627906976744186,0.7465028934174973,0.813953488372093,0.18604651162790697,0.5,70.0,16.0,70.0,16.0,0.8665028099575238,0.8848025959978367,0.1478276555594491,0.47248936631796906,0.09011024497666963,-0.1479740012679138,0.7371926744251057,1.0,0.18604651162790697,0.18604651162790697,0.7790697674418605,0.8674418604651163,0.8034883720930233,0.8709302325581395,0.7992524916943522,0.8704258896049314,0.7830777499890307,0.8680218942323403,0.5839279939825034,0.7384138727652929,0.7153338916722579,0.8231773327560493,0.823561487002368,0.914688797853337,0.8580854515954569,0.9143591130340724,0.11188587975652695,0.16416080777942219,20260727,1,Europe,268,172,V1-V10_financial_only
PONE2016_h1_target_Europe,20260727,HistGB,cost_2,172,86,0.3811332890446352,"Same-horizon leave-one-region-out transfer; source regions=Asia,North America; target region=Europe; source-only fit/search/calibration; target labels untouched until final evaluation; V1-V10 financial ratios only.",No metaheuristic; threshold and Platt calibration use calibration partition.,Platt_logistic_on_separate_calibration_partition,0.813953488372093,0.813953488372093,0.813953488372093,0.813953488372093,0.813953488372093,0.813953488372093,0.813953488372093,0.627906976744186,0.7465028934174973,0.813953488372093,0.18604651162790697,0.5,70.0,16.0,70.0,16.0,0.8665028099575238,0.8848025959978367,0.1478276555594491,0.47248936631796906,0.09011024497666963,-0.1479740012679138,0.7371926744251057,2.0,0.27906976744186046,0.18604651162790697,0.780232558139535,0.8558139534883721,0.7686046511627908,0.813953488372093,0.7786516853932585,0.8128205128205128,0.7855282453106874,0.8463486501552918,0.5831611621008483,0.658003830607394,0.714544109954826,0.7669320528181939,0.8332179321985201,0.8838193386512941,0.8797187669010275,0.8976744186046511,0.14594239104250734,0.16137372109172227,20260727,1,Europe,268,172,V1-V10_financial_only
PONE2016_h1_target_Europe,20260727,HistGB,cost_5,172,86,0.14139021216631367,"Same-horizon leave-one-region-out transfer; source regions=Asia,North America; target region=Europe; source-only fit/search/calibration; target labels untouched until final evaluation; V1-V10 financial ratios only.",No metaheuristic; threshold and Platt calibration use calibration partition.,Platt_logistic_on_separate_calibration_partition,0.8151154496893899,0.9069767441860465,0.7325581395348837,0.7722772277227723,0.8342245989304813,0.7959183673469388,0.8764044943820225,0.6494905376090799,0.7556784300432521,0.819767441860465,0.26744186046511625,0.5872093023255814,78.0,23.0,63.0,8.0,0.8665028099575238,0.8848025959978367,0.1478276555594491,0.47248936631796906,0.09011024497666963,-0.1479740012679138,0.7371926744251057,5.0,0.36627906976744184,0.12209302325581395,0.8406976744186047,0.905813953488372,0.5976744186046512,0.7872093023255814,0.6873100303951368,0.8043778801843318,0.8230593607305936,0.8776446129387306,0.4975477623102214,0.6644941391763303,0.6388844352957399,0.770394314710986,0.8097803271509785,0.9076101673641592,0.8381422390481341,0.9076257436452136,0.1289514768720337,0.1903466803827512,20260727,1,Europe,268,172,V1-V10_financial_only
PONE2016_h1_target_Europe,20260727,HistGB,cost_10,172,86,0.14139021216631367,"Same-horizon leave-one-region-out transfer; source regions=Asia,North America; target region=Europe; source-only fit/search/calibration; target labels untouched until final evaluation; V1-V10 financial ratios only.",No metaheuristic; threshold and Platt calibration use calibration partition.,Platt_logistic_on_separate_calibration_partition,0.8151154496893899,0.9069767441860465,0.7325581395348837,0.7722772277227723,0.8342245989304813,0.7959183673469388,0.8764044943820225,0.6494905376090799,0.7556784300432521,0.819767441860465,0.26744186046511625,0.5872093023255814,78.0,23.0,63.0,8.0,0.8665028099575238,0.8848025959978367,0.1478276555594491,0.47248936631796906,0.09011024497666963,-0.1479740012679138,0.7371926744251057,10.0,0.5988372093023255,0.10887949260042283,0.8116279069767441,0.9523255813953488,0.6476744186046511,0.7767441860465116,0.7183333333333333,0.8070952380952381,0.8006147791688757,0.9130424968398242,0.5538390308376184,0.7279521566025352,0.6832603452187017,0.8100568690401437,0.8108409789799553,0.901685760705899,0.8293807463493781,0.9161303407247161,0.12344397527940379,0.17744358887639808,20260727,1,Europe,268,172,V1-V10_financial_only
PONE2016_h1_target_Europe,20260727,HistGB,cost_20,172,86,0.1129070223569708,"Same-horizon leave-one-region-out transfer; source regions=Asia,North America; target region=Europe; source-only fit/search/calibration; target labels untouched until final evaluation; V1-V10 financial ratios only.",No metaheuristic; threshold and Platt calibration use calibration partition.,Platt_logistic_on_separate_calibration_partition,0.39875414417400573,0.9767441860465116,0.16279069767441862,0.5384615384615384,0.6942148760330579,0.5915492957746479,0.84,0.24019223070763068,0.3367620347698892,0.5697674418604651,0.8372093023255814,0.9069767441860465,84.0,72.0,14.0,2.0,0.8665028099575238,0.8848025959978367,0.1478276555594491,0.47248936631796906,0.09011024497666963,-0.1479740012679138,0.7371926744251057,20.0,0.6511627906976745,0.06201550387596899,0.9662790697674419,0.9872093023255814,0.15348837209302324,0.2313953488372093,0.5354247663164861,0.562251655629139,0.8338323353293413,0.8575757575757575,0.22679661130832537,0.3338564170743115,0.3237624561850706,0.4240432347612699,0.7980405843384558,0.919780541471493,0.8393591130340724,0.9149269875608437,0.1310232859638969,0.18276969389242181,20260727,1,Europe,268,172,V1-V10_financial_only
PONE2016_h1_target_Europe,20260727,KELM_PBMSBAINGO,triad,172,86,0.8317418555390567,"Same-horizon leave-one-region-out transfer; source regions=Asia,North America; target region=Europe; source-only fit/search/calibration; target labels untouched until final evaluation; V1-V10 financial ratios only.",Plain KELM; hyperparameters/features selected only on search partition.,Platt_logistic_on_separate_calibration_partition,0.6988362419217079,0.5,0.9767441860465116,0.9555555555555556,0.6564885496183206,0.8082706766917294,0.5526992287917738,0.5423451232572392,0.6422077262690251,0.7383720930232558,0.023255813953488372,0.2616279069767442,43.0,2.0,84.0,43.0,0.8808942251069597,0.8929150892374256,0.1281419022768729,0.41770890713010594,0.08994769524496732,-0.020168321399717477,0.9943148699337592,,,,0.4325581395348837,0.6116279069767442,0.9337209302325581,0.9883720930232558,0.8943181818181818,0.9765697674418604,0.484375,0.6576535087719299,0.47341441900433506,0.6133778021883567,0.5829209688579706,0.7112609367021148,0.811577616769966,0.9351228748184485,0.8489183342347213,0.9260681449432125,0.10859095110227913,0.1577992925133706,20260828,1,Europe,268,172,V1-V10_financial_only
PONE2016_h1_target_Europe,20260727,KELM_PBMSBAINGO,cost_1,172,86,0.5272440308723718,"Same-horizon leave-one-region-out transfer; source regions=Asia,North America; target region=Europe; source-only fit/search/calibration; target labels untouched until final evaluation; V1-V10 financial ratios only.",Plain KELM; hyperparameters/features selected only on search partition.,Platt_logistic_on_separate_calibration_partition,0.8372093023255814,0.8372093023255814,0.8372093023255814,0.8372093023255814,0.8372093023255814,0.8372093023255814,0.8372093023255814,0.6744186046511628,0.778991186743036,0.8372093023255814,0.16279069767441862,0.5,72.0,14.0,72.0,14.0,0.8808942251069597,0.8929150892374256,0.1281419022768729,0.41770890713010594,0.08994769524496732,-0.020168321399717477,0.9943148699337592,1.0,0.16279069767441862,0.16279069767441862,0.7848837209302326,0.8593023255813953,0.8151162790697675,0.8918604651162791,0.8209182965737273,0.8881239242685025,0.7929384468404531,0.8641550967867554,0.6218745144220292,0.7504331306836867,0.7416748117062468,0.8312136794310431,0.8291191086444918,0.8832337559025424,0.8665224445646293,0.8987696051919956,0.11837133964257736,0.1416162897223244,20260828,1,Europe,268,172,V1-V10_financial_only
PONE2016_h1_target_Europe,20260727,KELM_PBMSBAINGO,cost_2,172,86,0.32468393133769335,"Same-horizon leave-one-region-out transfer; source regions=Asia,North America; target region=Europe; source-only fit/search/calibration; target labels untouched until final evaluation; V1-V10 financial ratios only.",Plain KELM; hyperparameters/features selected only on search partition.,Platt_logistic_on_separate_calibration_partition,0.7770713696094709,0.8953488372093024,0.6744186046511628,0.7333333333333333,0.806282722513089,0.7608695652173914,0.8574610244988864,0.5842033313310602,0.7065809892771308,0.7848837209302326,0.32558139534883723,0.6104651162790697,77.0,28.0,58.0,9.0,0.8808942251069597,0.8929150892374256,0.1281419022768729,0.41770890713010594,0.08994769524496732,-0.020168321399717477,0.9943148699337592,2.0,0.26744186046511625,0.17829457364341086,0.8744186046511628,0.9395348837209302,0.5988372093023256,0.708139534883721,0.6966571834992888,0.749757281553398,0.846264889050124,0.8877655677655677,0.545925343362728,0.6183060279966738,0.670402580562134,0.724249912694387,0.8137951182974357,0.9154587703513362,0.8636695511087072,0.9062195781503516,0.11632636751518333,0.14513958176022604,20260828,1,Europe,268,172,V1-V10_financial_only
PONE2016_h1_target_Europe,20260727,KELM_PBMSBAINGO,cost_5,172,86,0.07909447653719266,"Same-horizon leave-one-region-out transfer; source regions=Asia,North America; target region=Europe; source-only fit/search/calibration; target labels untouched until final evaluation; V1-V10 financial ratios only.",Plain KELM; hyperparameters/features selected only on search partition.,Platt_logistic_on_separate_calibration_partition,0.5639235187433554,0.9767441860465116,0.32558139534883723,0.5915492957746479,0.7368421052631579,0.6422018348623854,0.8641975308641975,0.3983534184733321,0.502230389322197,0.6511627906976745,0.6744186046511628,0.8255813953488372,84.0,58.0,28.0,2.0,0.8808942251069597,0.8929150892374256,0.1281419022768729,0.41770890713010594,0.08994769524496732,-0.020168321399717477,0.9943148699337592,5.0,0.3953488372093023,0.13178294573643412,0.9337209302325581,0.9872093023255814,0.28255813953488373,0.40581395348837207,0.5791494220065648,0.6206060606060606,0.8418695313176817,0.8757020949109015,0.3782637983518037,0.4590531570897599,0.473279956512782,0.565518879451982,0.8818118787356973,0.8983922263436561,0.8456327744726878,0.918253109789075,0.10759858660604482,0.15568082012591142,20260828,1,Europe,268,172,V1-V10_financial_only
PONE2016_h1_target_Europe,20260727,KELM_PBMSBAINGO,cost_10,172,86,0.07909447653719266,"Same-horizon leave-one-region-out transfer; source regions=Asia,North America; target region=Europe; source-only fit/search/calibration; target labels untouched until final evaluation; V1-V10 financial ratios only.",Plain KELM; hyperparameters/features selected only on search partition.,Platt_logistic_on_separate_calibration_partition,0.5639235187433554,0.9767441860465116,0.32558139534883723,0.5915492957746479,0.7368421052631579,0.6422018348623854,0.8641975308641975,0.3983534184733321,0.502230389322197,0.6511627906976745,0.6744186046511628,0.8255813953488372,84.0,58.0,28.0,2.0,0.8808942251069597,0.8929150892374256,0.1281419022768729,0.41770890713010594,0.08994769524496732,-0.020168321399717477,0.9943148699337592,10.0,0.45348837209302323,0.0824524312896406,0.9546511627906977,0.9883720930232558,0.24883720930232558,0.3709302325581395,0.5602599944087223,0.6110739979445015,0.8372712965612429,0.8797353831938812,0.2912294760491185,0.45676663936470957,0.4105968687127054,0.551187052622687,0.8331017246775881,0.9223318829797807,0.8333964305029746,0.8946998377501351,0.12765797723775882,0.1631504097015701,20260828,1,Europe,268,172,V1-V10_financial_only
PONE2016_h1_target_Europe,20260727,KELM_PBMSBAINGO,cost_20,172,86,0.07909447653719266,"Same-horizon leave-one-region-out transfer; source regions=Asia,North America; target region=Europe; source-only fit/search/calibration; target labels untouched until final evaluation; V1-V10 financial ratios only.",Plain KELM; hyperparameters/features selected only on search partition.,Platt_logistic_on_separate_calibration_partition,0.5639235187433554,0.9767441860465116,0.32558139534883723,0.5915492957746479,0.7368421052631579,0.6422018348623854,0.8641975308641975,0.3983534184733321,0.502230389322197,0.6511627906976745,0.6744186046511628,0.8255813953488372,84.0,58.0,28.0,2.0,0.8808942251069597,0.8929150892374256,0.1281419022768729,0.41770890713010594,0.08994769524496732,-0.020168321399717477,0.9943148699337592,20.0,0.5697674418604651,0.05426356589147287,0.9662790697674419,0.9988372093023256,0.27441860465116275,0.40232558139534885,0.5787488015340365,0.622931654676259,0.8586507366151634,0.8840960953346856,0.3888933509236025,0.4801401069124134,0.4748823125009937,0.5755284750702013,0.833585898115971,0.932008681392706,0.8656165494862088,0.9144943212547323,0.11999120403000899,0.14785332253364053,20260828,1,Europe,268,172,V1-V10_financial_only
PONE2016_h1_target_Europe,20260727,KELM_score_fusion,triad,172,86,0.8342927353391476,"Same-horizon leave-one-region-out transfer; source regions=Asia,North America; target region=Europe; source-only fit/search/calibration; target labels untouched until final evaluation; V1-V10 financial ratios only.",Plain KELM plus HistGB score-level fusion; alpha=1.00 selected only on search partition.,Platt_logistic_on_separate_calibration_partition,0.6988362419217079,0.5,0.9767441860465116,0.9555555555555556,0.6564885496183206,0.8082706766917294,0.5526992287917738,0.5423451232572392,0.6422077262690251,0.7383720930232558,0.023255813953488372,0.2616279069767442,43.0,2.0,84.0,43.0,0.8808942251069597,0.8929150892374256,0.12829896780448255,0.41639524314600823,0.09150426336591007,-0.01593585304559222,1.0124388433453229,,,,0.4802325581395349,0.5453488372093023,0.9767441860465116,0.9883720930232558,0.9567028985507247,0.9784701114488348,0.5343895310216553,0.5969914683430624,0.5423664942014271,0.5863502156876231,0.6358598584907187,0.6769936931158529,0.8620410368142412,0.9446489380877792,0.886073553272039,0.9379529475392103,0.10254951316880849,0.12911113920683673,20260830,1,Europe,268,172,V1-V10_financial_only
PONE2016_h1_target_Europe,20260727,KELM_score_fusion,cost_1,172,86,0.5329144414919904,"Same-horizon leave-one-region-out transfer; source regions=Asia,North America; target region=Europe; source-only fit/search/calibration; target labels untouched until final evaluation; V1-V10 financial ratios only.",Plain KELM plus HistGB score-level fusion; alpha=1.00 selected only on search partition.,Platt_logistic_on_separate_calibration_partition,0.8372093023255814,0.8372093023255814,0.8372093023255814,0.8372093023255814,0.8372093023255814,0.8372093023255814,0.8372093023255814,0.6744186046511628,0.778991186743036,0.8372093023255814,0.16279069767441862,0.5,72.0,14.0,72.0,14.0,0.8808942251069597,0.8929150892374256,0.12829896780448255,0.41639524314600823,0.09150426336591007,-0.01593585304559222,1.0124388433453229,1.0,0.16279069767441862,0.16279069767441862,0.8174418604651162,0.8593023255813953,0.8151162790697675,0.8709302325581395,0.8223529411764705,0.8680252100840337,0.8189525092077297,0.8527768207071794,0.6431352395543791,0.7199477649726557,0.7571007200179392,0.8104046568216987,0.883905565007815,0.9357319210456573,0.8871281773931854,0.9133450513791237,0.11459167364956184,0.1327923233927537,20260830,1,Europe,268,172,V1-V10_financial_only
PONE2016_h1_target_Europe,20260727,KELM_score_fusion,cost_2,172,86,0.32024372347133373,"Same-horizon leave-one-region-out transfer; source regions=Asia,North America; target region=Europe; source-only fit/search/calibration; target labels untouched until final evaluation; V1-V10 financial ratios only.",Plain KELM plus HistGB score-level fusion; alpha=1.00 selected only on search partition.,Platt_logistic_on_separate_calibration_partition,0.7770713696094709,0.8953488372093024,0.6744186046511628,0.7333333333333333,0.806282722513089,0.7608695652173914,0.8574610244988864,0.5842033313310602,0.7065809892771308,0.7848837209302326,0.32558139534883723,0.6104651162790697,77.0,28.0,58.0,9.0,0.8808942251069597,0.8929150892374256,0.12829896780448255,0.41639524314600823,0.09150426336591007,-0.01593585304559222,1.0124388433453229,2.0,0.26744186046511625,0.17829457364341086,0.7790697674418605,0.9488372093023256,0.6046511627906976,0.7174418604651163,0.6630909090909092,0.7613679716595513,0.7526193594475532,0.9010863903564252,0.3902690003376735,0.6599273767489812,0.5681812572669541,0.7554133911875435,0.8047960748698866,0.886666179933557,0.7836127636560302,0.9128988642509464,0.11285565565859076,0.19397748668988338,20260830,1,Europe,268,172,V1-V10_financial_only
PONE2016_h1_target_Europe,20260727,KELM_score_fusion,cost_5,172,86,0.07870845427457179,"Same-horizon leave-one-region-out transfer; source regions=Asia,North America; target region=Europe; source-only fit/search/calibration; target labels untouched until final evaluation; V1-V10 financial ratios only.",Plain KELM plus HistGB score-level fusion; alpha=1.00 selected only on search partition.,Platt_logistic_on_separate_calibration_partition,0.5639235187433554,0.9767441860465116,0.32558139534883723,0.5915492957746479,0.7368421052631579,0.6422018348623854,0.8641975308641975,0.3983534184733321,0.502230389322197,0.6511627906976745,0.6744186046511628,0.8255813953488372,84.0,58.0,28.0,2.0,0.8808942251069597,0.8929150892374256,0.12829896780448255,0.41639524314600823,0.09150426336591007,-0.01593585304559222,1.0124388433453229,5.0,0.3953488372093023,0.13178294573643412,0.9127906976744186,0.9883720930232558,0.26744186046511625,0.3895348837209302,0.5553047728579643,0.6131924882629108,0.8092783505154639,0.8736758679347405,0.24110776571980547,0.43766261369206094,0.3883725333775145,0.5482665422424831,0.8020744012159157,0.8587660624413411,0.8051514332071391,0.8701054624121146,0.13673068402128877,0.1749273994364403,20260830,1,Europe,268,172,V1-V10_financial_only
PONE2016_h1_target_Europe,20260727,KELM_score_fusion,cost_10,172,86,0.07870845427457179,"Same-horizon leave-one-region-out transfer; source regions=Asia,North America; target region=Europe; source-only fit/search/calibration; target labels untouched until final evaluation; V1-V10 financial ratios only.",Plain KELM plus HistGB score-level fusion; alpha=1.00 selected only on search partition.,Platt_logistic_on_separate_calibration_partition,0.5639235187433554,0.9767441860465116,0.32558139534883723,0.5915492957746479,0.7368421052631579,0.6422018348623854,0.8641975308641975,0.3983534184733321,0.502230389322197,0.6511627906976745,0.6744186046511628,0.8255813953488372,84.0,58.0,28.0,2.0,0.8808942251069597,0.8929150892374256,0.12829896780448255,0.41639524314600823,0.09150426336591007,-0.01593585304559222,1.0124388433453229,10.0,0.45348837209302323,0.0824524312896406,0.944186046511628,0.9988372093023256,0.3023255813953488,0.3813953488372093,0.5830811213098487,0.6099789915966387,0.841116718426501,0.8780443582391635,0.34559230834434346,0.44626430193598504,0.47266806794481414,0.5424250224736924,0.8315259152731929,0.9306669382244361,0.8764602487831259,0.9084369929691725,0.1171528072317453,0.1342050841809307,20260830,1,Europe,268,172,V1-V10_financial_only
PONE2016_h1_target_Europe,20260727,KELM_score_fusion,cost_20,172,86,0.07870845427457179,"Same-horizon leave-one-region-out transfer; source regions=Asia,North America; target region=Europe; source-only fit/search/calibration; target labels untouched until final evaluation; V1-V10 financial ratios only.",Plain KELM plus HistGB score-level fusion; alpha=1.00 selected only on search partition.,Platt_logistic_on_separate_calibration_partition,0.5639235187433554,0.9767441860465116,0.32558139534883723,0.5915492957746479,0.7368421052631579,0.6422018348623854,0.8641975308641975,0.3983534184733321,0.502230389322197,0.6511627906976745,0.6744186046511628,0.8255813953488372,84.0,58.0,28.0,2.0,0.8808942251069597,0.8929150892374256,0.12829896780448255,0.41639524314600823,0.09150426336591007,-0.01593585304559222,1.0124388433453229,20.0,0.5697674418604651,0.05426356589147287,0.9662790697674419,0.9988372093023256,0.2627906976744186,0.3825581395348837,0.5722880670188966,0.615340733888375,0.8563099893352293,0.886112418188818,0.360666682274428,0.46871788387617325,0.4535312908200487,0.5607785217557908,0.8554729765347925,0.9329351288582994,0.8797322877230936,0.9252704164413196,0.11399783667388336,0.14146188363543885,20260830,1,Europe,268,172,V1-V10_financial_only
PONE2016_h1_target_Europe,20260727,KELM_risk_feature,triad,172,86,0.8810447111824581,"Same-horizon leave-one-region-out transfer; source regions=Asia,North America; target region=Europe; source-only fit/search/calibration; target labels untouched until final evaluation; V1-V10 financial ratios only.",OOF HistGB risk is a forced KELM input; no score-level fusion.,Platt_logistic_on_separate_calibration_partition,0.6699935019017643,0.46511627906976744,0.9651162790697675,0.9302325581395349,0.6201550387596899,0.7751937984496124,0.5167958656330749,0.49678976651200357,0.6064168694704807,0.7151162790697675,0.03488372093023256,0.25,40.0,3.0,83.0,46.0,0.8883779857252805,0.9019740400216333,0.12297759881571398,0.4123475932051907,0.056367595264175153,0.05503742768918442,0.9220413914980835,,,,0.43023255813953487,0.5686046511627907,0.9337209302325581,0.9767441860465116,0.8669186046511628,0.9607058823529412,0.47840964147286824,0.6191415536850221,0.4213972974688136,0.5973683061726305,0.5531231428793114,0.6922712684142085,0.8423689693204351,0.9082988168190234,0.8726203353163873,0.9241752298539752,0.10385270409551833,0.14414444045696334,20260938,1,Europe,268,172,V1-V10_financial_only
PONE2016_h1_target_Europe,20260727,KELM_risk_feature,cost_1,172,86,0.6634353671113771,"Same-horizon leave-one-region-out transfer; source regions=Asia,North America; target region=Europe; source-only fit/search/calibration; target labels untouched until final evaluation; V1-V10 financial ratios only.",OOF HistGB risk is a forced KELM input; no score-level fusion.,Platt_logistic_on_separate_calibration_partition,0.8071978786887722,0.7093023255813954,0.9186046511627907,0.8970588235294118,0.7922077922077922,0.8519553072625698,0.7402912621359223,0.642129517108567,0.7479298836625861,0.813953488372093,0.08139534883720931,0.3953488372093023,61.0,7.0,79.0,25.0,0.8883779857252805,0.9019740400216333,0.12297759881571398,0.4123475932051907,0.056367595264175153,0.05503742768918442,0.9220413914980835,1.0,0.18604651162790697,0.18604651162790697,0.6627906976744186,0.786046511627907,0.8604651162790697,0.963953488372093,0.8428947368421053,0.9525335320417287,0.7005915005915005,0.7985273815002302,0.6094468319870507,0.710883271386216,0.7246202847528695,0.7940210392899935,0.8229651958052452,0.9035527528857968,0.8608842617631152,0.922890751757707,0.10465933410946976,0.1455968019343244,20260938,1,Europe,268,172,V1-V10_financial_only
PONE2016_h1_target_Europe,20260727,KELM_risk_feature,cost_2,172,86,0.6634353671113771,"Same-horizon leave-one-region-out transfer; source regions=Asia,North America; target region=Europe; source-only fit/search/calibration; target labels untouched until final evaluation; V1-V10 financial ratios only.",OOF HistGB risk is a forced KELM input; no score-level fusion.,Platt_logistic_on_separate_calibration_partition,0.8071978786887722,0.7093023255813954,0.9186046511627907,0.8970588235294118,0.7922077922077922,0.8519553072625698,0.7402912621359223,0.642129517108567,0.7479298836625861,0.813953488372093,0.08139534883720931,0.3953488372093023,61.0,7.0,79.0,25.0,0.8883779857252805,0.9019740400216333,0.12297759881571398,0.4123475932051907,0.056367595264175153,0.05503742768918442,0.9220413914980835,2.0,0.3313953488372093,0.22093023255813954,0.6313953488372093,0.7906976744186046,0.8848837209302326,0.9186046511627907,0.8559288537549408,0.893070044709389,0.6695121951219511,0.807733210033522,0.5714475478591883,0.6928111314021652,0.6914283427383066,0.789102782421458,0.8524249736888582,0.8878903258816188,0.8643996755002705,0.9164818820984316,0.10961935608939963,0.1466756767581484,20260938,1,Europe,268,172,V1-V10_financial_only
PONE2016_h1_target_Europe,20260727,KELM_risk_feature,cost_5,172,86,0.13350602702856754,"Same-horizon leave-one-region-out transfer; source regions=Asia,North America; target region=Europe; source-only fit/search/calibration; target labels untouched until final evaluation; V1-V10 financial ratios only.",OOF HistGB risk is a forced KELM input; no score-level fusion.,Platt_logistic_on_separate_calibration_partition,0.6482492960356443,0.9767441860465116,0.43023255813953487,0.631578947368421,0.7671232876712328,0.6796116504854369,0.8805031446540881,0.48597051498058946,0.5888861532371664,0.7034883720930232,0.5697674418604651,0.7732558139534884,84.0,49.0,37.0,2.0,0.8883779857252805,0.9019740400216333,0.12297759881571398,0.4123475932051907,0.056367595264175153,0.05503742768918442,0.9220413914980835,5.0,0.3430232558139535,0.11434108527131782,0.9569767441860465,0.9988372093023256,0.4069767441860465,0.463953488372093,0.6176609406728499,0.6483634050427943,0.8626834381551363,0.8946602472918262,0.4379324054623574,0.5312340479078784,0.5546776170854673,0.6245369084820785,0.8760960716292822,0.9160337718542604,0.8898458626284479,0.9201595457003785,0.11161488079364638,0.13021693068230963,20260938,1,Europe,268,172,V1-V10_financial_only
PONE2016_h1_target_Europe,20260727,KELM_risk_feature,cost_10,172,86,0.13350602702856754,"Same-horizon leave-one-region-out transfer; source regions=Asia,North America; target region=Europe; source-only fit/search/calibration; target labels untouched until final evaluation; V1-V10 financial ratios only.",OOF HistGB risk is a forced KELM input; no score-level fusion.,Platt_logistic_on_separate_calibration_partition,0.6482492960356443,0.9767441860465116,0.43023255813953487,0.631578947368421,0.7671232876712328,0.6796116504854369,0.8805031446540881,0.48597051498058946,0.5888861532371664,0.7034883720930232,0.5697674418604651,0.7732558139534884,84.0,49.0,37.0,2.0,0.8883779857252805,0.9019740400216333,0.12297759881571398,0.4123475932051907,0.056367595264175153,0.05503742768918442,0.9220413914980835,10.0,0.4011627906976744,0.07293868921775898,0.9651162790697675,0.9976744186046511,0.36046511627906974,0.4186046511627907,0.6017360025023459,0.6318042142230026,0.8615350964578695,0.8941161087866109,0.4107117271574996,0.5106930875318267,0.5229898631190361,0.5974451845028682,0.855386121605056,0.9272771323381126,0.876500811249324,0.9348702001081665,0.09576219794734737,0.1386075080239339,20260938,1,Europe,268,172,V1-V10_financial_only
PONE2016_h1_target_Europe,20260727,KELM_risk_feature,cost_20,172,86,0.13350602702856754,"Same-horizon leave-one-region-out transfer; source regions=Asia,North America; target region=Europe; source-only fit/search/calibration; target labels untouched until final evaluation; V1-V10 financial ratios only.",OOF HistGB risk is a forced KELM input; no score-level fusion.,Platt_logistic_on_separate_calibration_partition,0.6482492960356443,0.9767441860465116,0.43023255813953487,0.631578947368421,0.7671232876712328,0.6796116504854369,0.8805031446540881,0.48597051498058946,0.5888861532371664,0.7034883720930232,0.5697674418604651,0.7732558139534884,84.0,49.0,37.0,2.0,0.8883779857252805,0.9019740400216333,0.12297759881571398,0.4123475932051907,0.056367595264175153,0.05503742768918442,0.9220413914980835,20.0,0.5174418604651163,0.04928017718715393,0.9546511627906977,0.9872093023255814,0.3616279069767442,0.48720930232558135,0.6044688336921704,0.6581395348837209,0.8614886703121998,0.8974630021141649,0.41973612774716357,0.547811418207831,0.5318384443878739,0.6410823226728584,0.8658317723543961,0.9534440728060842,0.8850865332612222,0.9416306111411574,0.09115648861555543,0.13640979583477952,20260938,1,Europe,268,172,V1-V10_financial_only
PONE2016_h1_target_Europe,20260727,Full_PBMSBAINGO,triad,172,86,0.8118512419206526,"Same-horizon leave-one-region-out transfer; source regions=Asia,North America; target region=Europe; source-only fit/search/calibration; target labels untouched until final evaluation; V1-V10 financial ratios only.",Risk feature plus score fusion; alpha=0.70 selected only on search partition.,Platt_logistic_on_separate_calibration_partition,0.78649704991097,0.7093023255813954,0.872093023255814,0.8472222222222222,0.7721518987341772,0.8155080213903744,0.7331730769230769,0.5892556509887896,0.7143307033196825,0.7906976744186047,0.12790697674418605,0.4186046511627907,61.0,11.0,75.0,25.0,0.8713229898995541,0.8887236343969713,0.1393834053938996,0.4418612029461906,0.08402942041797447,-0.061475737636430154,0.8239766615225913,,,,0.6011627906976744,0.8290697674418605,0.8406976744186047,0.9174418604651162,0.8240435108777194,0.8991463935125907,0.6360026432776642,0.8308693244739757,0.4957020442091858,0.6742875817200784,0.6388482292173073,0.7782946311792015,0.8480720070909942,0.9032454580877491,0.8637912385073012,0.9028934559221201,0.12338621700069878,0.16731475027908946,20261034,1,Europe,268,172,V1-V10_financial_only
PONE2016_h1_target_Europe,20260727,Full_PBMSBAINGO,cost_1,172,86,0.3730993860366835,"Same-horizon leave-one-region-out transfer; source regions=Asia,North America; target region=Europe; source-only fit/search/calibration; target labels untouched until final evaluation; V1-V10 financial ratios only.",Risk feature plus score fusion; alpha=0.70 selected only on search partition.,Platt_logistic_on_separate_calibration_partition,0.8197468247448636,0.8255813953488372,0.813953488372093,0.8160919540229885,0.8208092485549133,0.8179723502304147,0.8236658932714617,0.6395781232925777,0.7546594745326994,0.8197674418604651,0.18604651162790697,0.5058139534883721,71.0,16.0,70.0,15.0,0.8713229898995541,0.8887236343969713,0.1393834053938996,0.4418612029461906,0.08402942041797447,-0.061475737636430154,0.8239766615225913,1.0,0.18023255813953487,0.18023255813953487,0.7825581395348837,0.8709302325581395,0.7848837209302326,0.8488372093023255,0.7916151685393259,0.8497869043006586,0.7919163144363589,0.8652925952320989,0.5969900370192038,0.7096958852832896,0.7244156167807246,0.8032087057514207,0.8183864464160441,0.9029446043458472,0.8421308815575987,0.909586262844781,0.11781552504699123,0.1732639887649791,20261034,1,Europe,268,172,V1-V10_financial_only
PONE2016_h1_target_Europe,20260727,Full_PBMSBAINGO,cost_2,172,86,0.3730993860366835,"Same-horizon leave-one-region-out transfer; source regions=Asia,North America; target region=Europe; source-only fit/search/calibration; target labels untouched until final evaluation; V1-V10 financial ratios only.",Risk feature plus score fusion; alpha=0.70 selected only on search partition.,Platt_logistic_on_separate_calibration_partition,0.8197468247448636,0.8255813953488372,0.813953488372093,0.8160919540229885,0.8208092485549133,0.8179723502304147,0.8236658932714617,0.6395781232925777,0.7546594745326994,0.8197674418604651,0.18604651162790697,0.5058139534883721,71.0,16.0,70.0,15.0,0.8713229898995541,0.8887236343969713,0.1393834053938996,0.4418612029461906,0.08402942041797447,-0.061475737636430154,0.8239766615225913,2.0,0.26744186046511625,0.17829457364341086,0.8034883720930233,0.8372093023255814,0.8046511627906977,0.8488372093023255,0.8046511627906977,0.8470588235294118,0.8038687241903933,0.8391608391608392,0.6093023255813953,0.6860928958956742,0.73339849205195,0.7870707848311012,0.8456443481968124,0.9132857254155282,0.8731341265548945,0.9108707409410493,0.12033896463727772,0.1489874633915824,20261034,1,Europe,268,172,V1-V10_financial_only
PONE2016_h1_target_Europe,20260727,Full_PBMSBAINGO,cost_5,172,86,0.1441098190625021,"Same-horizon leave-one-region-out transfer; source regions=Asia,North America; target region=Europe; source-only fit/search/calibration; target labels untouched until final evaluation; V1-V10 financial ratios only.",Risk feature plus score fusion; alpha=0.70 selected only on search partition.,Platt_logistic_on_separate_calibration_partition,0.7427311359382006,0.9302325581395349,0.5930232558139535,0.6956521739130435,0.7960199004975125,0.7326007326007326,0.8714596949891068,0.5558097562348633,0.6743154992529956,0.7616279069767442,0.4069767441860465,0.6686046511627907,80.0,35.0,51.0,6.0,0.8713229898995541,0.8887236343969713,0.1393834053938996,0.4418612029461906,0.08402942041797447,-0.061475737636430154,0.8239766615225913,5.0,0.37790697674418605,0.12596899224806202,0.877906976744186,0.9523255813953488,0.5011627906976744,0.6383720930232558,0.6540322580645161,0.7223214285714286,0.8266700404858299,0.8870614035087719,0.4664524866851932,0.607497795410462,0.6131332724928444,0.7145292743189738,0.8019727040294573,0.9156231684550612,0.8462547322877231,0.9154137371552189,0.12472470127020299,0.17387279148467,20261034,1,Europe,268,172,V1-V10_financial_only
PONE2016_h1_target_Europe,20260727,Full_PBMSBAINGO,cost_10,172,86,0.10943535879911419,"Same-horizon leave-one-region-out transfer; source regions=Asia,North America; target region=Europe; source-only fit/search/calibration; target labels untouched until final evaluation; V1-V10 financial ratios only.",Risk feature plus score fusion; alpha=0.70 selected only on search partition.,Platt_logistic_on_separate_calibration_partition,0.5570483519536504,0.9883720930232558,0.313953488372093,0.5902777777777778,0.7391304347826086,0.6419939577039275,0.8709016393442623,0.4094615124266628,0.5027278650955059,0.6511627906976745,0.686046511627907,0.8372093023255814,85.0,59.0,27.0,1.0,0.8713229898995541,0.8887236343969713,0.1393834053938996,0.4418612029461906,0.08402942041797447,-0.061475737636430154,0.8239766615225913,10.0,0.4011627906976744,0.07293868921775898,0.9674418604651163,1.0,0.2441860465116279,0.33604651162790694,0.5666666666666667,0.5967857142857143,0.8577266035400006,0.8807878889260623,0.34815531191139565,0.43906248241516627,0.43799731468140496,0.5216028946120351,0.8046923370096275,0.8942688596048698,0.8539886425094645,0.902190373174689,0.12439803662888917,0.15352971949837174,20261034,1,Europe,268,172,V1-V10_financial_only
PONE2016_h1_target_Europe,20260727,Full_PBMSBAINGO,cost_20,172,86,0.10943535879911419,"Same-horizon leave-one-region-out transfer; source regions=Asia,North America; target region=Europe; source-only fit/search/calibration; target labels untouched until final evaluation; V1-V10 financial ratios only.",Risk feature plus score fusion; alpha=0.70 selected only on search partition.,Platt_logistic_on_separate_calibration_partition,0.5570483519536504,0.9883720930232558,0.313953488372093,0.5902777777777778,0.7391304347826086,0.6419939577039275,0.8709016393442623,0.4094615124266628,0.5027278650955059,0.6511627906976745,0.686046511627907,0.8372093023255814,85.0,59.0,27.0,1.0,0.8713229898995541,0.8887236343969713,0.1393834053938996,0.4418612029461906,0.08402942041797447,-0.061475737636430154,0.8239766615225913,20.0,0.45930232558139533,0.043743078626799554,0.9662790697674419,0.9883720930232558,0.29186046511627906,0.4197674418604651,0.5823059360730594,0.6253496503496503,0.8613248578119772,0.8726058185081014,0.3791216740979762,0.4630459257292865,0.48151412986064407,0.5725528420081692,0.8593163852501885,0.904656876814937,0.8756084369929691,0.9106679286100595,0.12132338526464116,0.147708382326225,20261034,1,Europe,268,172,V1-V10_financial_only
PONE2016_h1_target_Europe,20260727,Uncertainty_gated_fusion,triad,172,86,0.8118512419206526,"Same-horizon leave-one-region-out transfer; source regions=Asia,North America; target region=Europe; source-only fit/search/calibration; target labels untouched until final evaluation; V1-V10 financial ratios only.","One-standard-error paired-bootstrap gate selected Full_PBMSBAINGO; search utility difference=0.0451, required margin=0.0353.",Platt_logistic_on_separate_calibration_partition,0.78649704991097,0.7093023255813954,0.872093023255814,0.8472222222222222,0.7721518987341772,0.8155080213903744,0.7331730769230769,0.5892556509887896,0.7143307033196825,0.7906976744186047,0.12790697674418605,0.4186046511627907,61.0,11.0,75.0,25.0,0.8713229898995541,0.8887236343969713,0.1393834053938996,0.4418612029461906,0.08402942041797447,-0.061475737636430154,0.8239766615225913,,,,0.6883720930232559,0.7523255813953489,0.8744186046511628,0.9174418604651162,0.8492647058823529,0.8963940370668816,0.717734783420463,0.7763180759740035,0.5897865226592224,0.6676588473315573,0.7143771436757268,0.7693557114149956,0.8429867553445338,0.94383460031472,0.8680908599242835,0.9404407787993511,0.10595348559517587,0.13638135328077744,20261080,1,Europe,268,172,V1-V10_financial_only
PONE2016_h1_target_Europe,20260727,Uncertainty_gated_fusion,cost_1,172,86,0.3730993860366835,"Same-horizon leave-one-region-out transfer; source regions=Asia,North America; target region=Europe; source-only fit/search/calibration; target labels untouched until final evaluation; V1-V10 financial ratios only.","One-standard-error paired-bootstrap gate selected Full_PBMSBAINGO; search utility difference=0.0451, required margin=0.0353.",Platt_logistic_on_separate_calibration_partition,0.8197468247448636,0.8255813953488372,0.813953488372093,0.8160919540229885,0.8208092485549133,0.8179723502304147,0.8236658932714617,0.6395781232925777,0.7546594745326994,0.8197674418604651,0.18604651162790697,0.5058139534883721,71.0,16.0,70.0,15.0,0.8713229898995541,0.8887236343969713,0.1393834053938996,0.4418612029461906,0.08402942041797447,-0.061475737636430154,0.8239766615225913,1.0,0.18023255813953487,0.18023255813953487,0.7686046511627908,0.8697674418604651,0.8151162790697675,0.8697674418604651,0.8153558052434456,0.8649925544876134,0.7778329633740289,0.8637548609721404,0.5975693412843994,0.709734285626186,0.7244656312466643,0.8032132811793132,0.8710025642721099,0.9278879793128187,0.8696322336398052,0.9284342888047594,0.1123988592212183,0.15394668278620133,20261080,1,Europe,268,172,V1-V10_financial_only
PONE2016_h1_target_Europe,20260727,Uncertainty_gated_fusion,cost_2,172,86,0.3730993860366835,"Same-horizon leave-one-region-out transfer; source regions=Asia,North America; target region=Europe; source-only fit/search/calibration; target labels untouched until final evaluation; V1-V10 financial ratios only.","One-standard-error paired-bootstrap gate selected Full_PBMSBAINGO; search utility difference=0.0451, required margin=0.0353.",Platt_logistic_on_separate_calibration_partition,0.8197468247448636,0.8255813953488372,0.813953488372093,0.8160919540229885,0.8208092485549133,0.8179723502304147,0.8236658932714617,0.6395781232925777,0.7546594745326994,0.8197674418604651,0.18604651162790697,0.5058139534883721,71.0,16.0,70.0,15.0,0.8713229898995541,0.8887236343969713,0.1393834053938996,0.4418612029461906,0.08402942041797447,-0.061475737636430154,0.8239766615225913,2.0,0.26744186046511625,0.17829457364341086,0.8034883720930233,0.9011627906976744,0.7813953488372094,0.8558139534883721,0.7890416391275612,0.8550464396284829,0.8046076325522052,0.8846260042159815,0.5956780361620856,0.7128317817883694,0.7235836739577238,0.8035843289948756,0.855683213655802,0.9207665624863586,0.8674689021092482,0.9183207138994051,0.11112588736436058,0.15907944775738994,20261080,1,Europe,268,172,V1-V10_financial_only
PONE2016_h1_target_Europe,20260727,Uncertainty_gated_fusion,cost_5,172,86,0.1441098190625021,"Same-horizon leave-one-region-out transfer; source regions=Asia,North America; target region=Europe; source-only fit/search/calibration; target labels untouched until final evaluation; V1-V10 financial ratios only.","One-standard-error paired-bootstrap gate selected Full_PBMSBAINGO; search utility difference=0.0451, required margin=0.0353.",Platt_logistic_on_separate_calibration_partition,0.7427311359382006,0.9302325581395349,0.5930232558139535,0.6956521739130435,0.7960199004975125,0.7326007326007326,0.8714596949891068,0.5558097562348633,0.6743154992529956,0.7616279069767442,0.4069767441860465,0.6686046511627907,80.0,35.0,51.0,6.0,0.8713229898995541,0.8887236343969713,0.1393834053938996,0.4418612029461906,0.08402942041797447,-0.061475737636430154,0.8239766615225913,5.0,0.37790697674418605,0.12596899224806202,0.9186046511627907,0.9732558139534884,0.5058139534883721,0.663953488372093,0.652887221179904,0.733907468911717,0.8565612415055253,0.9005655634687892,0.48004756165987417,0.610212017654286,0.6086788457840266,0.7205426381653216,0.8027752579072832,0.9129786200339812,0.8437128177393185,0.9069767441860466,0.13149754559168275,0.16629550686374456,20261080,1,Europe,268,172,V1-V10_financial_only
PONE2016_h1_target_Europe,20260727,Uncertainty_gated_fusion,cost_10,172,86,0.10943535879911419,"Same-horizon leave-one-region-out transfer; source regions=Asia,North America; target region=Europe; source-only fit/search/calibration; target labels untouched until final evaluation; V1-V10 financial ratios only.","One-standard-error paired-bootstrap gate selected Full_PBMSBAINGO; search utility difference=0.0451, required margin=0.0353.",Platt_logistic_on_separate_calibration_partition,0.5570483519536504,0.9883720930232558,0.313953488372093,0.5902777777777778,0.7391304347826086,0.6419939577039275,0.8709016393442623,0.4094615124266628,0.5027278650955059,0.6511627906976745,0.686046511627907,0.8372093023255814,85.0,59.0,27.0,1.0,0.8713229898995541,0.8887236343969713,0.1393834053938996,0.4418612029461906,0.08402942041797447,-0.061475737636430154,0.8239766615225913,10.0,0.4011627906976744,0.07293868921775898,0.9662790697674419,0.9988372093023256,0.29069767441860467,0.3581395348837209,0.5795984884270194,0.6061507936507936,0.8575837854281803,0.8808427042406178,0.3696746078282829,0.4474855108347677,0.47193584336379,0.5406373585980108,0.853627308737493,0.9260730935231649,0.8715657111952406,0.921349378042185,0.10935117298143418,0.15622180004261008,20261080,1,Europe,268,172,V1-V10_financial_only
PONE2016_h1_target_Europe,20260727,Uncertainty_gated_fusion,cost_20,172,86,0.10943535879911419,"Same-horizon leave-one-region-out transfer; source regions=Asia,North America; target region=Europe; source-only fit/search/calibration; target labels untouched until final evaluation; V1-V10 financial ratios only.","One-standard-error paired-bootstrap gate selected Full_PBMSBAINGO; search utility difference=0.0451, required margin=0.0353.",Platt_logistic_on_separate_calibration_partition,0.5570483519536504,0.9883720930232558,0.313953488372093,0.5902777777777778,0.7391304347826086,0.6419939577039275,0.8709016393442623,0.4094615124266628,0.5027278650955059,0.6511627906976745,0.686046511627907,0.8372093023255814,85.0,59.0,27.0,1.0,0.8713229898995541,0.8887236343969713,0.1393834053938996,0.4418612029461906,0.08402942041797447,-0.061475737636430154,0.8239766615225913,20.0,0.45930232558139533,0.043743078626799554,0.9674418604651163,0.9988372093023256,0.32558139534883723,0.39418604651162786,0.5946872571872571,0.615829307568438,0.8670184719191676,0.8816832188286511,0.4212081273138097,0.46622088659386535,0.5139648033311641,0.5607036632827697,0.8584766327725184,0.9111964897927362,0.8761763115197404,0.9190373174689022,0.11379818007037723,0.1436907867538092,20261080,1,Europe,268,172,V1-V10_financial_only
PONE2016_h1_target_Europe,20260727,Full_random_search,triad,172,86,0.8881614919303326,"Same-horizon leave-one-region-out transfer; source regions=Asia,North America; target region=Europe; source-only fit/search/calibration; target labels untouched until final evaluation; V1-V10 financial ratios only.",Same full architecture and 81 evaluations as PBMSBAINGO; alpha=0.50.,Platt_logistic_on_separate_calibration_partition,0.7713080907803256,0.6395348837209303,0.9302325581395349,0.9016393442622951,0.7482993197278912,0.8333333333333334,0.6790123456790124,0.5954834188636033,0.7075793484898238,0.7848837209302326,0.06976744186046512,0.3546511627906977,55.0,6.0,80.0,31.0,0.8113913558556631,0.8446457544618712,0.14353736575659595,0.47228124498903196,0.10827354833999675,-0.15599859341846642,0.7838353119862891,,,,0.5697674418604651,0.6395348837209303,0.872093023255814,0.9511627906976744,0.8183333333333334,0.9222394061243427,0.6075049255555278,0.6781842818428184,0.4698023721699671,0.5925982771124628,0.6181391380914549,0.7050541965428598,0.7271572671589046,0.8519941365272763,0.7951325040562466,0.8671173607355326,0.1292096908807665,0.16813208297264862,20261128,1,Europe,268,172,V1-V10_financial_only
PONE2016_h1_target_Europe,20260727,Full_random_search,cost_1,172,86,0.5,"Same-horizon leave-one-region-out transfer; source regions=Asia,North America; target region=Europe; source-only fit/search/calibration; target labels untouched until final evaluation; V1-V10 financial ratios only.",Same full architecture and 81 evaluations as PBMSBAINGO; alpha=0.50.,Platt_logistic_on_separate_calibration_partition,0.8254995046185511,0.8372093023255814,0.813953488372093,0.8181818181818182,0.8275862068965517,0.821917808219178,0.8333333333333334,0.6513389472789296,0.7628050518886724,0.8255813953488372,0.18604651162790697,0.5116279069767442,72.0,16.0,70.0,14.0,0.8113913558556631,0.8446457544618712,0.14353736575659595,0.47228124498903196,0.10827354833999675,-0.15599859341846642,0.7838353119862891,1.0,0.1744186046511628,0.1744186046511628,0.7406976744186047,0.9034883720930232,0.780232558139535,0.8581395348837209,0.7983048866027589,0.8470434782608696,0.757817475040008,0.8906623099157974,0.5997732041552871,0.7368033189544131,0.7239413301782706,0.8209824619655938,0.7991553289828321,0.8895342288489582,0.8275824770146026,0.896998377501352,0.11293662594081184,0.15862070425052788,20261128,1,Europe,268,172,V1-V10_financial_only
PONE2016_h1_target_Europe,20260727,Full_random_search,cost_2,172,86,0.5,"Same-horizon leave-one-region-out transfer; source regions=Asia,North America; target region=Europe; source-only fit/search/calibration; target labels untouched until final evaluation; V1-V10 financial ratios only.",Same full architecture and 81 evaluations as PBMSBAINGO; alpha=0.50.,Platt_logistic_on_separate_calibration_partition,0.8254995046185511,0.8372093023255814,0.813953488372093,0.8181818181818182,0.8275862068965517,0.821917808219178,0.8333333333333334,0.6513389472789296,0.7628050518886724,0.8255813953488372,0.18604651162790697,0.5116279069767442,72.0,16.0,70.0,14.0,0.8113913558556631,0.8446457544618712,0.14353736575659595,0.47228124498903196,0.10827354833999675,-0.15599859341846642,0.7838353119862891,2.0,0.2558139534883721,0.17054263565891473,0.8046511627906977,0.8709302325581395,0.7604651162790698,0.8558139534883721,0.7817344497607656,0.8544629156010229,0.8059521497021497,0.8591641538889245,0.6166568380444553,0.706021852574923,0.7383648301468158,0.8007681252421999,0.804146420368534,0.86434785374929,0.8451460248783126,0.8842617631151973,0.11853345306410028,0.15287851869754682,20261128,1,Europe,268,172,V1-V10_financial_only
PONE2016_h1_target_Europe,20260727,Full_random_search,cost_5,172,86,0.131043399152368,"Same-horizon leave-one-region-out transfer; source regions=Asia,North America; target region=Europe; source-only fit/search/calibration; target labels untouched until final evaluation; V1-V10 financial ratios only.",Same full architecture and 81 evaluations as PBMSBAINGO; alpha=0.50.,Platt_logistic_on_separate_calibration_partition,0.628660185623873,0.9186046511627907,0.43023255813953487,0.6171875,0.7383177570093458,0.6605351170568562,0.836864406779661,0.3997513431667696,0.5405973944524594,0.6744186046511628,0.5697674418604651,0.7441860465116279,79.0,49.0,37.0,7.0,0.8113913558556631,0.8446457544618712,0.14353736575659595,0.47228124498903196,0.10827354833999675,-0.15599859341846642,0.7838353119862891,5.0,0.4883720930232558,0.16279069767441862,0.8755813953488372,0.9604651162790698,0.35232558139534886,0.4755813953488372,0.5972585567909309,0.6353705678485737,0.8086089993836039,0.8576936348675479,0.35894837624201714,0.4364997232196783,0.5025454240378607,0.57321385114044,0.7825223487002094,0.8554438369430376,0.8238777717685234,0.8766495402920498,0.1407804288825425,0.1622029757151325,20261128,1,Europe,268,172,V1-V10_financial_only
PONE2016_h1_target_Europe,20260727,Full_random_search,cost_10,172,86,0.131043399152368,"Same-horizon leave-one-region-out transfer; source regions=Asia,North America; target region=Europe; source-only fit/search/calibration; target labels untouched until final evaluation; V1-V10 financial ratios only.",Same full architecture and 81 evaluations as PBMSBAINGO; alpha=0.50.,Platt_logistic_on_separate_calibration_partition,0.628660185623873,0.9186046511627907,0.43023255813953487,0.6171875,0.7383177570093458,0.6605351170568562,0.836864406779661,0.3997513431667696,0.5405973944524594,0.6744186046511628,0.5697674418604651,0.7441860465116279,79.0,49.0,37.0,7.0,0.8113913558556631,0.8446457544618712,0.14353736575659595,0.47228124498903196,0.10827354833999675,-0.15599859341846642,0.7838353119862891,10.0,0.6918604651162791,0.12579281183932348,0.8430232558139535,0.9406976744186046,0.3441860465116279,0.5406976744186046,0.5633942836854252,0.6648,0.7676074549265486,0.86178419954766,0.2208315293234161,0.4858274687299127,0.39918845833581684,0.6206185017659631,0.7284615358701425,0.8791091593205291,0.7450243374797189,0.8851811790156842,0.11577358520936681,0.19936175390663605,20261128,1,Europe,268,172,V1-V10_financial_only
PONE2016_h1_target_Europe,20260727,Full_random_search,cost_20,172,86,0.0707237418408931,"Same-horizon leave-one-region-out transfer; source regions=Asia,North America; target region=Europe; source-only fit/search/calibration; target labels untouched until final evaluation; V1-V10 financial ratios only.",Same full architecture and 81 evaluations as PBMSBAINGO; alpha=0.50.,Platt_logistic_on_separate_calibration_partition,0.14981510147354798,0.9651162790697675,0.023255813953488372,0.49700598802395207,0.6561264822134387,0.5503978779840849,0.812133072407045,-0.03460642701029913,0.0,0.49418604651162795,0.9767441860465116,0.9709302325581395,83.0,84.0,2.0,3.0,0.8113913558556631,0.8446457544618712,0.14353736575659595,0.47228124498903196,0.10827354833999675,-0.15599859341846642,0.7838353119862891,20.0,0.8372093023255814,0.07973421926910298,0.9325581395348838,0.9767441860465116,0.0011627906976744186,0.04534883720930232,0.48283673616622175,0.5030266739248775,0.7861171866006677,0.8217572773972602,-0.18148747574469878,0.03408823374095172,0.0,0.10931206365473417,0.759064562674962,0.8625435999525112,0.8126690102758247,0.8741887506760411,0.11609113162703502,0.1498956506320617,20261128,1,Europe,268,172,V1-V10_financial_only
PONE2016_h1_target_Europe,20260727,Balanced_logistic,triad,172,86,0.8560475389502027,"Same-horizon leave-one-region-out transfer; source regions=Asia,North America; target region=Europe; source-only fit/search/calibration; target labels untouched until final evaluation; V1-V10 financial ratios only.",Class-weighted logistic reference using the same source-only fit/search/calibration and untouched regional target.,Platt_logistic_on_separate_calibration_partition,0.6655389777327527,0.45348837209302323,0.9767441860465116,0.9512195121951219,0.6141732283464567,0.78,0.5064935064935064,0.5048637024325335,0.6069790657252303,0.7151162790697674,0.023255813953488372,0.23837209302325582,39.0,2.0,84.0,47.0,0.8785011471815516,0.8864250946457545,0.13302941750776187,0.4826642947058522,0.07192022338522733,0.16869091952035078,0.7153605588632941,,,,0.35232558139534886,0.508139534883721,0.9546511627906977,0.9860465116279069,0.9090909090909091,0.9731818181818181,0.40151123830797153,0.5618324808523044,0.40166594615324286,0.562556054769949,0.5149471672957517,0.6556253346503701,0.8441354469293089,0.9091769060514133,0.874945916711736,0.9272850189291508,0.10530796469666782,0.14250105470161117,20262028,1,Europe,268,172,V1-V10_financial_only
PONE2016_h1_target_Europe,20260727,Balanced_logistic,cost_1,172,86,0.48045732030039606,"Same-horizon leave-one-region-out transfer; source regions=Asia,North America; target region=Europe; source-only fit/search/calibration; target labels untouched until final evaluation; V1-V10 financial ratios only.",Class-weighted logistic reference using the same source-only fit/search/calibration and untouched regional target.,Platt_logistic_on_separate_calibration_partition,0.8020727609758388,0.7093023255813954,0.9069767441860465,0.8840579710144928,0.7870967741935484,0.8425414364640884,0.738498789346247,0.6286844403276262,0.7395259460563033,0.8081395348837209,0.09302325581395349,0.4011627906976744,61.0,8.0,78.0,25.0,0.8785011471815516,0.8864250946457545,0.13302941750776187,0.4826642947058522,0.07192022338522733,0.16869091952035078,0.7153605588632941,1.0,0.19186046511627908,0.19186046511627908,0.6872093023255814,0.7651162790697674,0.8953488372093024,0.927906976744186,0.8683823529411765,0.907070707070707,0.7175882074354725,0.7857536258490913,0.5987475412305951,0.6674484845970678,0.7180500092270072,0.7707155993108626,0.8354122971034779,0.9259193508406189,0.852190373174689,0.9233098972417523,0.1115102940920551,0.15290822038546256,20262028,1,Europe,268,172,V1-V10_financial_only
PONE2016_h1_target_Europe,20260727,Balanced_logistic,cost_2,172,86,0.3967867088269756,"Same-horizon leave-one-region-out transfer; source regions=Asia,North America; target region=Europe; source-only fit/search/calibration; target labels untouched until final evaluation; V1-V10 financial ratios only.",Class-weighted logistic reference using the same source-only fit/search/calibration and untouched regional target.,Platt_logistic_on_separate_calibration_partition,0.8248440860915441,0.7906976744186046,0.8604651162790697,0.85,0.8192771084337349,0.8374384236453202,0.8018867924528302,0.6527533657682196,0.7629527040725594,0.8255813953488371,0.13953488372093023,0.46511627906976744,68.0,12.0,74.0,18.0,0.8785011471815516,0.8864250946457545,0.13302941750776187,0.4826642947058522,0.07192022338522733,0.16869091952035078,0.7153605588632941,2.0,0.27906976744186046,0.18604651162790697,0.7232558139534884,0.8465116279069766,0.8732558139534884,0.905813953488372,0.8649637442320369,0.8930243902439025,0.7488441805499509,0.8544600938967136,0.6266964678506944,0.7403361135157529,0.740035185777553,0.8240792464203395,0.8964475273970044,0.9390770397775268,0.8775689561925365,0.9384937804218497,0.10299380585066907,0.13767243415807337,20262028,1,Europe,268,172,V1-V10_financial_only
PONE2016_h1_target_Europe,20260727,Balanced_logistic,cost_5,172,86,0.1261527923661553,"Same-horizon leave-one-region-out transfer; source regions=Asia,North America; target region=Europe; source-only fit/search/calibration; target labels untouched until final evaluation; V1-V10 financial ratios only.",Class-weighted logistic reference using the same source-only fit/search/calibration and untouched regional target.,Platt_logistic_on_separate_calibration_partition,0.6535463021579719,0.9418604651162791,0.45348837209302323,0.6328125,0.7570093457943925,0.677257525083612,0.8580508474576272,0.4530515222556722,0.5784068653412353,0.6976744186046512,0.5465116279069767,0.7441860465116279,81.0,47.0,39.0,5.0,0.8785011471815516,0.8864250946457545,0.13302941750776187,0.4826642947058522,0.07192022338522733,0.16869091952035078,0.7153605588632941,5.0,0.4186046511627907,0.13953488372093023,0.9418604651162791,0.9860465116279069,0.35930232558139535,0.4883720930232558,0.5953980383211679,0.6583775865226148,0.8436013425420205,0.8967784795069641,0.3702339564912118,0.547036017825992,0.50004964261048,0.6410240995674461,0.79723120794963,0.9549810598652114,0.841968631692807,0.9411438615467819,0.09518845168027781,0.1659298629859628,20262028,1,Europe,268,172,V1-V10_financial_only
PONE2016_h1_target_Europe,20260727,Balanced_logistic,cost_10,172,86,0.1261527923661553,"Same-horizon leave-one-region-out transfer; source regions=Asia,North America; target region=Europe; source-only fit/search/calibration; target labels untouched until final evaluation; V1-V10 financial ratios only.",Class-weighted logistic reference using the same source-only fit/search/calibration and untouched regional target.,Platt_logistic_on_separate_calibration_partition,0.6535463021579719,0.9418604651162791,0.45348837209302323,0.6328125,0.7570093457943925,0.677257525083612,0.8580508474576272,0.4530515222556722,0.5784068653412353,0.6976744186046512,0.5465116279069767,0.7441860465116279,81.0,47.0,39.0,5.0,0.8785011471815516,0.8864250946457545,0.13302941750776187,0.4826642947058522,0.07192022338522733,0.16869091952035078,0.7153605588632941,10.0,0.563953488372093,0.10253699788583509,0.9313953488372093,0.9860465116279069,0.3883720930232558,0.49767441860465117,0.6042321713374345,0.6619419642857143,0.8408871938980329,0.8975662298817833,0.3841933461329653,0.5509733167644757,0.518259618634212,0.6460375301058086,0.84660079582612,0.9361551667495955,0.854502433747972,0.9238777717685234,0.10941383949510075,0.15842124751628242,20262028,1,Europe,268,172,V1-V10_financial_only
PONE2016_h1_target_Europe,20260727,Balanced_logistic,cost_20,172,86,0.1261527923661553,"Same-horizon leave-one-region-out transfer; source regions=Asia,North America; target region=Europe; source-only fit/search/calibration; target labels untouched until final evaluation; V1-V10 financial ratios only.",Class-weighted logistic reference using the same source-only fit/search/calibration and untouched regional target.,Platt_logistic_on_separate_calibration_partition,0.6535463021579719,0.9418604651162791,0.45348837209302323,0.6328125,0.7570093457943925,0.677257525083612,0.8580508474576272,0.4530515222556722,0.5784068653412353,0.6976744186046512,0.5465116279069767,0.7441860465116279,81.0,47.0,39.0,5.0,0.8785011471815516,0.8864250946457545,0.13302941750776187,0.4826642947058522,0.07192022338522733,0.16869091952035078,0.7153605588632941,20.0,0.8546511627906976,0.08139534883720931,0.9209302325581395,0.9755813953488371,0.413953488372093,0.5511627906976744,0.6117230769230769,0.6845158811475409,0.8363539445628998,0.8990825270968211,0.38931141344123776,0.5807078530566467,0.5297231470238903,0.6778173271559823,0.8556674168015999,0.9381566846301177,0.8837479718766902,0.9251622498647918,0.11030801650825953,0.13274258565000221,20262028,1,Europe,268,172,V1-V10_financial_only
PONE2016_h1_target_North_America,20260727,HistGB,triad,172,86,0.709545295096077,"Same-horizon leave-one-region-out transfer; source regions=Asia,Europe; target region=North America; source-only fit/search/calibration; target labels untouched until final evaluation; V1-V10 financial ratios only.",No metaheuristic; threshold and Platt calibration use calibration partition.,Platt_logistic_on_separate_calibration_partition,0.8242701673696411,0.7790697674418605,0.872093023255814,0.8589743589743589,0.8170731707317073,0.8417085427135679,0.7938388625592417,0.6539985702138724,0.7630833673319596,0.8255813953488372,0.12790697674418605,0.45348837209302323,67.0,11.0,75.0,19.0,0.9197701519942305,0.9094104921579232,0.136826152708809,0.4317892618839185,0.08719152211913972,-0.2848043643769716,1.0417656277835534,,,,0.7232558139534884,0.8709302325581395,0.85,0.9267441860465117,0.8391115253184218,0.9111688311688312,0.744758800822874,0.8725601544627067,0.5970655712466654,0.7512135775400094,0.7207686708815921,0.8319683470391481,0.9020971544994647,0.9530059035932735,0.8788128718226068,0.9484248242293131,0.10674736156195314,0.16119931185554295,20260727,1,North America,268,172,V1-V10_financial_only
PONE2016_h1_target_North_America,20260727,HistGB,cost_1,172,86,0.706866703473848,"Same-horizon leave-one-region-out transfer; source regions=Asia,Europe; target region=North America; source-only fit/search/calibration; target labels untouched until final evaluation; V1-V10 financial ratios only.",No metaheuristic; threshold and Platt calibration use calibration partition.,Platt_logistic_on_separate_calibration_partition,0.8242701673696411,0.7790697674418605,0.872093023255814,0.8589743589743589,0.8170731707317073,0.8417085427135679,0.7938388625592417,0.6539985702138724,0.7630833673319596,0.8255813953488372,0.12790697674418605,0.45348837209302323,67.0,11.0,75.0,19.0,0.9197701519942305,0.9094104921579232,0.136826152708809,0.4317892618839185,0.08719152211913972,-0.2848043643769716,1.0417656277835534,1.0,0.1744186046511628,0.1744186046511628,0.6662790697674418,0.8674418604651163,0.8372093023255814,0.913953488372093,0.8198930481283423,0.8887718023255814,0.7009656272147413,0.8676343036808153,0.5734856848163512,0.7360509928198777,0.7056948047998178,0.8215563701729361,0.9060230828517728,0.9490452020481376,0.8902514872904272,0.9410086533261223,0.11384864531661475,0.1614453986884335,20260727,1,North America,268,172,V1-V10_financial_only
PONE2016_h1_target_North_America,20260727,HistGB,cost_2,172,86,0.1742443860217757,"Same-horizon leave-one-region-out transfer; source regions=Asia,Europe; target region=North America; source-only fit/search/calibration; target labels untouched until final evaluation; V1-V10 financial ratios only.",No metaheuristic; threshold and Platt calibration use calibration partition.,Platt_logistic_on_separate_calibration_partition,0.6864405647974624,0.9883720930232558,0.47674418604651164,0.6538461538461539,0.7870370370370371,0.7013201320132013,0.8966244725738397,0.5413319619607667,0.6341955397009821,0.7325581395348837,0.5232558139534884,0.7558139534883721,85.0,45.0,41.0,1.0,0.9197701519942305,0.9094104921579232,0.136826152708809,0.4317892618839185,0.08719152211913972,-0.2848043643769716,1.0417656277835534,2.0,0.27325581395348836,0.1821705426356589,0.977906976744186,0.9883720930232558,0.46744186046511627,0.5337209302325581,0.6498609385170719,0.6794603174603175,0.894815396700707,0.905990563897836,0.5339879458940848,0.5861805022974889,0.6271694132342533,0.676218483279207,0.9232022364162563,0.9556125538335799,0.9142915089237424,0.9461398053001622,0.10309539350920098,0.13548584847797404,20260727,1,North America,268,172,V1-V10_financial_only
PONE2016_h1_target_North_America,20260727,HistGB,cost_5,172,86,0.1742443860217757,"Same-horizon leave-one-region-out transfer; source regions=Asia,Europe; target region=North America; source-only fit/search/calibration; target labels untouched until final evaluation; V1-V10 financial ratios only.",No metaheuristic; threshold and Platt calibration use calibration partition.,Platt_logistic_on_separate_calibration_partition,0.6864405647974624,0.9883720930232558,0.47674418604651164,0.6538461538461539,0.7870370370370371,0.7013201320132013,0.8966244725738397,0.5413319619607667,0.6341955397009821,0.7325581395348837,0.5232558139534884,0.7558139534883721,85.0,45.0,41.0,1.0,0.9197701519942305,0.9094104921579232,0.136826152708809,0.4317892618839185,0.08719152211913972,-0.2848043643769716,1.0417656277835534,5.0,0.29069767441860467,0.09689922480620156,0.977906976744186,1.0,0.3767441860465116,0.5441860465116278,0.6135950063478629,0.6863999999999999,0.8813991500490356,0.9147432480454869,0.4633951420574225,0.607969764085808,0.5568759129183463,0.6910753555000453,0.9056730670220668,0.9495360992702134,0.8783802055164953,0.9397714981070849,0.1129977859387965,0.1638718237003417,20260727,1,North America,268,172,V1-V10_financial_only
PONE2016_h1_target_North_America,20260727,HistGB,cost_10,172,86,0.16674143192217236,"Same-horizon leave-one-region-out transfer; source regions=Asia,Europe; target region=North America; source-only fit/search/calibration; target labels untouched until final evaluation; V1-V10 financial ratios only.",No metaheuristic; threshold and Platt calibration use calibration partition.,Platt_logistic_on_separate_calibration_partition,0.4822428221704121,1.0,0.23255813953488372,0.5657894736842105,0.7226890756302521,0.6195965417867435,0.8669354838709677,0.3627381250550058,0.4385726881537372,0.6162790697674418,0.7674418604651163,0.8837209302325582,86.0,66.0,20.0,0.0,0.9197701519942305,0.9094104921579232,0.136826152708809,0.4317892618839185,0.08719152211913972,-0.2848043643769716,1.0417656277835534,10.0,0.38372093023255816,0.06976744186046512,1.0,1.0,0.16744186046511628,0.263953488372093,0.5457175735656749,0.5760420346167432,0.857261716187459,0.8716834063992671,0.30209142394230565,0.38987465674513166,0.36963471894723116,0.46855104738573,0.9077202681321244,0.9522112727988707,0.8931719848566791,0.941170903190914,0.11163026912616128,0.15414327995307547,20260727,1,North America,268,172,V1-V10_financial_only
PONE2016_h1_target_North_America,20260727,HistGB,cost_20,172,86,0.16674143192217236,"Same-horizon leave-one-region-out transfer; source regions=Asia,Europe; target region=North America; source-only fit/search/calibration; target labels untouched until final evaluation; V1-V10 financial ratios only.",No metaheuristic; threshold and Platt calibration use calibration partition.,Platt_logistic_on_separate_calibration_partition,0.4822428221704121,1.0,0.23255813953488372,0.5657894736842105,0.7226890756302521,0.6195965417867435,0.8669354838709677,0.3627381250550058,0.4385726881537372,0.6162790697674418,0.7674418604651163,0.8837209302325582,86.0,66.0,20.0,0.0,0.9197701519942305,0.9094104921579232,0.136826152708809,0.4317892618839185,0.08719152211913972,-0.2848043643769716,1.0417656277835534,20.0,0.38372093023255816,0.036544850498338874,1.0,1.0,0.15813953488372093,0.3174418604651163,0.5430016031569861,0.5944536423841059,0.8559028125012501,0.8799014737539328,0.29258454340025974,0.4341551687796914,0.35855078848216543,0.5162509303419812,0.9119355593952385,0.9355174115948125,0.8990467820443483,0.9342076798269335,0.11554381426738958,0.15338991087373005,20260727,1,North America,268,172,V1-V10_financial_only
PONE2016_h1_target_North_America,20260727,KELM_PBMSBAINGO,triad,172,86,0.9168601911883117,"Same-horizon leave-one-region-out transfer; source regions=Asia,Europe; target region=North America; source-only fit/search/calibration; target labels untouched until final evaluation; V1-V10 financial ratios only.",Plain KELM; hyperparameters/features selected only on search partition.,Platt_logistic_on_separate_calibration_partition,0.7370662321739758,0.5697674418604651,0.9534883720930233,0.9245283018867925,0.7050359712230215,0.8221476510067114,0.6171284634760705,0.5666320013521983,0.6752087205811026,0.7616279069767442,0.046511627906976744,0.3081395348837209,49.0,4.0,82.0,37.0,0.9043791848952388,0.8926446727961059,0.13271016943017483,0.41323120887391074,0.05785822348769222,-0.2040881720936846,0.7869773946396297,,,,0.5069767441860465,0.65,0.9197674418604651,0.9976744186046511,0.8887096774193548,0.9964285714285714,0.5584948130749657,0.6884236453201971,0.5309893813070383,0.6437781247997144,0.6395227516588364,0.7323151620596164,0.8687392912678554,0.931345684500707,0.8563007030827474,0.9157923201730666,0.1132907690371794,0.15631598223019091,20260828,1,North America,268,172,V1-V10_financial_only
PONE2016_h1_target_North_America,20260727,KELM_PBMSBAINGO,cost_1,172,86,0.3328874972478865,"Same-horizon leave-one-region-out transfer; source regions=Asia,Europe; target region=North America; source-only fit/search/calibration; target labels untouched until final evaluation; V1-V10 financial ratios only.",Plain KELM; hyperparameters/features selected only on search partition.,Platt_logistic_on_separate_calibration_partition,0.780023713081322,0.872093023255814,0.6976744186046512,0.7425742574257426,0.8021390374331551,0.7653061224489796,0.8426966292134831,0.5786370244153621,0.7061125709985525,0.7848837209302326,0.3023255813953488,0.5872093023255814,75.0,26.0,60.0,11.0,0.9043791848952388,0.8926446727961059,0.13271016943017483,0.41323120887391074,0.05785822348769222,-0.2040881720936846,0.7869773946396297,1.0,0.21511627906976744,0.21511627906976744,0.8290697674418605,0.9255813953488372,0.6976744186046512,0.719767441860465,0.7450980392156863,0.7539927577663427,0.8113118774970819,0.885201793721973,0.552215268823824,0.6402197748698485,0.6906862402912819,0.7449172466067894,0.8863905509224959,0.9108896698789674,0.8811114115738237,0.8960654407787993,0.12719426896034963,0.14586277790605778,20260828,1,North America,268,172,V1-V10_financial_only
PONE2016_h1_target_North_America,20260727,KELM_PBMSBAINGO,cost_2,172,86,0.3328874972478865,"Same-horizon leave-one-region-out transfer; source regions=Asia,Europe; target region=North America; source-only fit/search/calibration; target labels untouched until final evaluation; V1-V10 financial ratios only.",Plain KELM; hyperparameters/features selected only on search partition.,Platt_logistic_on_separate_calibration_partition,0.780023713081322,0.872093023255814,0.6976744186046512,0.7425742574257426,0.8021390374331551,0.7653061224489796,0.8426966292134831,0.5786370244153621,0.7061125709985525,0.7848837209302326,0.3023255813953488,0.5872093023255814,75.0,26.0,60.0,11.0,0.9043791848952388,0.8926446727961059,0.13271016943017483,0.41323120887391074,0.05785822348769222,-0.2040881720936846,0.7869773946396297,2.0,0.27906976744186046,0.18604651162790697,0.85,0.9069767441860465,0.658139534883721,0.7558139534883721,0.7241341396371632,0.7869856459330143,0.8342824601366743,0.8797690026217494,0.567943101891036,0.667352339845406,0.6940771244567425,0.7693242244521298,0.90090293194258,0.9321884242265034,0.8932666306111412,0.9230394808004326,0.11316695434673754,0.13695043200183052,20260828,1,North America,268,172,V1-V10_financial_only
PONE2016_h1_target_North_America,20260727,KELM_PBMSBAINGO,cost_5,172,86,0.3328874972478865,"Same-horizon leave-one-region-out transfer; source regions=Asia,Europe; target region=North America; source-only fit/search/calibration; target labels untouched until final evaluation; V1-V10 financial ratios only.",Plain KELM; hyperparameters/features selected only on search partition.,Platt_logistic_on_separate_calibration_partition,0.780023713081322,0.872093023255814,0.6976744186046512,0.7425742574257426,0.8021390374331551,0.7653061224489796,0.8426966292134831,0.5786370244153621,0.7061125709985525,0.7848837209302326,0.3023255813953488,0.5872093023255814,75.0,26.0,60.0,11.0,0.9043791848952388,0.8926446727961059,0.13271016943017483,0.41323120887391074,0.05785822348769222,-0.2040881720936846,0.7869773946396297,5.0,0.47093023255813954,0.1569767441860465,0.8488372093023255,0.9372093023255814,0.6372093023255814,0.741860465116279,0.7009720176730486,0.7840046140536383,0.8143922750986066,0.9019530955433226,0.49738949345572,0.6924579073726321,0.6453989321517266,0.7837229458046963,0.8931943167705811,0.9441887398638644,0.8799012979989183,0.9370267712276905,0.10525919680506637,0.1425122102249478,20260828,1,North America,268,172,V1-V10_financial_only
PONE2016_h1_target_North_America,20260727,KELM_PBMSBAINGO,cost_10,172,86,0.09936855172058852,"Same-horizon leave-one-region-out transfer; source regions=Asia,Europe; target region=North America; source-only fit/search/calibration; target labels untouched until final evaluation; V1-V10 financial ratios only.",Plain KELM; hyperparameters/features selected only on search partition.,Platt_logistic_on_separate_calibration_partition,0.5434102997929267,0.9767441860465116,0.3023255813953488,0.5833333333333334,0.7304347826086957,0.6344410876132931,0.860655737704918,0.3779644730092272,0.4814696364538578,0.6395348837209303,0.6976744186046512,0.8372093023255814,84.0,60.0,26.0,2.0,0.9043791848952388,0.8926446727961059,0.13271016943017483,0.41323120887391074,0.05785822348769222,-0.2040881720936846,0.7869773946396297,10.0,0.46511627906976744,0.08456659619450317,0.9546511627906977,0.9988372093023256,0.2802325581395349,0.34651162790697676,0.5794874184529357,0.601418439716312,0.8479637045241544,0.8760581677981728,0.35947057763416573,0.43504478316670747,0.47184852083188966,0.5286666323508336,0.885780190377333,0.933865737304416,0.8824229313142239,0.920565170362358,0.1141032783257225,0.14561057548358447,20260828,1,North America,268,172,V1-V10_financial_only
PONE2016_h1_target_North_America,20260727,KELM_PBMSBAINGO,cost_20,172,86,0.09936855172058852,"Same-horizon leave-one-region-out transfer; source regions=Asia,Europe; target region=North America; source-only fit/search/calibration; target labels untouched until final evaluation; V1-V10 financial ratios only.",Plain KELM; hyperparameters/features selected only on search partition.,Platt_logistic_on_separate_calibration_partition,0.5434102997929267,0.9767441860465116,0.3023255813953488,0.5833333333333334,0.7304347826086957,0.6344410876132931,0.860655737704918,0.3779644730092272,0.4814696364538578,0.6395348837209303,0.6976744186046512,0.8372093023255814,84.0,60.0,26.0,2.0,0.9043791848952388,0.8926446727961059,0.13271016943017483,0.41323120887391074,0.05785822348769222,-0.2040881720936846,0.7869773946396297,20.0,0.5813953488372093,0.05537098560354374,0.9430232558139535,0.9767441860465116,0.22790697674418606,0.3651162790697674,0.5580049089982865,0.6061594202898551,0.8357353034568895,0.87029793891572,0.3034658364027787,0.43196753197072674,0.40701408260074134,0.5359008229621685,0.8876109986810963,0.914038354275743,0.8649607896160086,0.8996484586262845,0.12367996008564745,0.15433071335844617,20260828,1,North America,268,172,V1-V10_financial_only
PONE2016_h1_target_North_America,20260727,KELM_score_fusion,triad,172,86,0.7090153087468191,"Same-horizon leave-one-region-out transfer; source regions=Asia,Europe; target region=North America; source-only fit/search/calibration; target labels untouched until final evaluation; V1-V10 financial ratios only.",Plain KELM plus HistGB score-level fusion; alpha=0.05 selected only on search partition.,Platt_logistic_on_separate_calibration_partition,0.8242701673696411,0.7790697674418605,0.872093023255814,0.8589743589743589,0.8170731707317073,0.8417085427135679,0.7938388625592417,0.6539985702138724,0.7630833673319596,0.8255813953488372,0.12790697674418605,0.45348837209302323,67.0,11.0,75.0,19.0,0.9210580266400558,0.9104921579232017,0.1366438683109769,0.43103309025545583,0.08908746923835556,-0.28653431485523173,1.0403146001344674,,,,0.6255813953488372,0.7988372093023256,0.8383720930232559,0.9372093023255814,0.804060606060606,0.923943661971831,0.6544996798416671,0.8101063075832743,0.485509065758421,0.7147010187149061,0.6360036927247389,0.8011485179175455,0.8630228792884863,0.9431918933872157,0.8437128177393186,0.9330584099513252,0.11717864803423127,0.1786795578690748,20260830,1,North America,268,172,V1-V10_financial_only
PONE2016_h1_target_North_America,20260727,KELM_score_fusion,cost_1,172,86,0.7061333633076003,"Same-horizon leave-one-region-out transfer; source regions=Asia,Europe; target region=North America; source-only fit/search/calibration; target labels untouched until final evaluation; V1-V10 financial ratios only.",Plain KELM plus HistGB score-level fusion; alpha=0.05 selected only on search partition.,Platt_logistic_on_separate_calibration_partition,0.8242701673696411,0.7790697674418605,0.872093023255814,0.8589743589743589,0.8170731707317073,0.8417085427135679,0.7938388625592417,0.6539985702138724,0.7630833673319596,0.8255813953488372,0.12790697674418605,0.45348837209302323,67.0,11.0,75.0,19.0,0.9210580266400558,0.9104921579232017,0.1366438683109769,0.43103309025545583,0.08908746923835556,-0.28653431485523173,1.0403146001344674,1.0,0.1744186046511628,0.1744186046511628,0.7337209302325581,0.8081395348837209,0.8732558139534884,0.905813953488372,0.8562233285917497,0.8886075949367088,0.7580454085388295,0.8220618034447822,0.6323869184965168,0.706493964177424,0.7469429597555087,0.7994713343153661,0.9074332957665572,0.9414148410190973,0.895565170362358,0.9305300162249864,0.11763416349782269,0.1471571745559026,20260830,1,North America,268,172,V1-V10_financial_only
PONE2016_h1_target_North_America,20260727,KELM_score_fusion,cost_2,172,86,0.1744925549630857,"Same-horizon leave-one-region-out transfer; source regions=Asia,Europe; target region=North America; source-only fit/search/calibration; target labels untouched until final evaluation; V1-V10 financial ratios only.",Plain KELM plus HistGB score-level fusion; alpha=0.05 selected only on search partition.,Platt_logistic_on_separate_calibration_partition,0.7029836744275274,0.9883720930232558,0.5,0.6640625,0.794392523364486,0.7107023411371237,0.9004237288135594,0.5596518804334774,0.6515325967270653,0.7441860465116279,0.5,0.7441860465116279,85.0,43.0,43.0,1.0,0.9210580266400558,0.9104921579232017,0.1366438683109769,0.43103309025545583,0.08908746923835556,-0.28653431485523173,1.0403146001344674,2.0,0.2616279069767442,0.1744186046511628,0.977906976744186,1.0,0.4569767441860465,0.5674418604651162,0.6481087333718912,0.6933417755265263,0.9015543003645394,0.9080249918857514,0.5441988581721289,0.5980960638504977,0.6288275567611752,0.692341190432944,0.9004759371209876,0.9524469338610859,0.8839778258518118,0.9458288263926448,0.1258185487143383,0.15237362133904467,20260830,1,North America,268,172,V1-V10_financial_only
PONE2016_h1_target_North_America,20260727,KELM_score_fusion,cost_5,172,86,0.16695368144420322,"Same-horizon leave-one-region-out transfer; source regions=Asia,Europe; target region=North America; source-only fit/search/calibration; target labels untouched until final evaluation; V1-V10 financial ratios only.",Plain KELM plus HistGB score-level fusion; alpha=0.05 selected only on search partition.,Platt_logistic_on_separate_calibration_partition,0.5466353150485189,0.9883720930232558,0.3023255813953488,0.5862068965517241,0.7359307359307359,0.6381381381381381,0.869120654396728,0.39955275123782014,0.4924058065259979,0.6453488372093024,0.6976744186046512,0.8430232558139535,85.0,60.0,26.0,1.0,0.9210580266400558,0.9104921579232017,0.1366438683109769,0.43103309025545583,0.08908746923835556,-0.28653431485523173,1.0403146001344674,5.0,0.37790697674418605,0.12596899224806202,0.9767441860465116,1.0,0.23604651162790696,0.36627906976744184,0.5663533834586466,0.6071364317841079,0.8553971486761711,0.8785479724053662,0.34641016151377546,0.4373227818034886,0.43961065761488877,0.5391133921374224,0.8543486343175186,0.9430800012101593,0.8434897241752298,0.9358098972417523,0.12040364688805978,0.18951350716137894,20260830,1,North America,268,172,V1-V10_financial_only
PONE2016_h1_target_North_America,20260727,KELM_score_fusion,cost_10,172,86,0.1661426045806985,"Same-horizon leave-one-region-out transfer; source regions=Asia,Europe; target region=North America; source-only fit/search/calibration; target labels untouched until final evaluation; V1-V10 financial ratios only.",Plain KELM plus HistGB score-level fusion; alpha=0.05 selected only on search partition.,Platt_logistic_on_separate_calibration_partition,0.47003216119552876,1.0,0.22093023255813954,0.5620915032679739,0.7196652719665272,0.6160458452722063,0.8651911468812877,0.3523960932472829,0.4270008552904639,0.6104651162790697,0.7790697674418605,0.8895348837209303,86.0,67.0,19.0,0.0,0.9210580266400558,0.9104921579232017,0.1366438683109769,0.43103309025545583,0.08908746923835556,-0.28653431485523173,1.0403146001344674,10.0,0.38953488372093026,0.0708245243128964,1.0,1.0,0.12093023255813953,0.24883720930232558,0.5322081575246133,0.5711282051282052,0.85047950490528,0.8694008097165992,0.25337382563935834,0.3766993895532991,0.31261534421739046,0.4539535893677723,0.8913507073644489,0.9493107303754554,0.8703961600865333,0.9392374256354786,0.11159582906240287,0.16069126946343282,20260830,1,North America,268,172,V1-V10_financial_only
PONE2016_h1_target_North_America,20260727,KELM_score_fusion,cost_20,172,86,0.1661426045806985,"Same-horizon leave-one-region-out transfer; source regions=Asia,Europe; target region=North America; source-only fit/search/calibration; target labels untouched until final evaluation; V1-V10 financial ratios only.",Plain KELM plus HistGB score-level fusion; alpha=0.05 selected only on search partition.,Platt_logistic_on_separate_calibration_partition,0.47003216119552876,1.0,0.22093023255813954,0.5620915032679739,0.7196652719665272,0.6160458452722063,0.8651911468812877,0.3523960932472829,0.4270008552904639,0.6104651162790697,0.7790697674418605,0.8895348837209303,86.0,67.0,19.0,0.0,0.9210580266400558,0.9104921579232017,0.1366438683109769,0.43103309025545583,0.08908746923835556,-0.28653431485523173,1.0403146001344674,20.0,0.38953488372093026,0.03709856035437431,1.0,1.0,0.1372093023255814,0.26744186046511625,0.5369544919417042,0.5771812080536913,0.8528557483514951,0.8722109533468559,0.27048759530299826,0.39288982693292346,0.33263580463100395,0.4718819761892848,0.9022761582152594,0.9601985706721397,0.8850392103839914,0.9522782585181179,0.10506870666849011,0.1568151347797244,20260830,1,North America,268,172,V1-V10_financial_only
PONE2016_h1_target_North_America,20260727,KELM_risk_feature,triad,172,86,0.9054400676957567,"Same-horizon leave-one-region-out transfer; source regions=Asia,Europe; target region=North America; source-only fit/search/calibration; target labels untouched until final evaluation; V1-V10 financial ratios only.",OOF HistGB risk is a forced KELM input; no score-level fusion.,Platt_logistic_on_separate_calibration_partition,0.8205711053198768,0.6976744186046512,0.9651162790697675,0.9523809523809523,0.8053691275167785,0.8875739644970414,0.7371007371007371,0.6878461835431967,0.7737035521463712,0.8313953488372093,0.03488372093023256,0.36627906976744184,60.0,3.0,83.0,26.0,0.9322573698703226,0.9134667387777177,0.12415727110451585,0.3842225356698122,0.06311339586812313,-0.5438756035918243,0.8056460084749935,,,,0.5069767441860464,0.7313953488372092,0.9220930232558139,0.9976744186046511,0.86545842217484,0.996875,0.5530553340169382,0.7657614140546729,0.47502185575386574,0.7208473031901048,0.6057202840086674,0.7971170191752986,0.870337492742264,0.9445520310572026,0.8490332612222824,0.9315373174689021,0.11147573939833332,0.1756836098384768,20260938,1,North America,268,172,V1-V10_financial_only
PONE2016_h1_target_North_America,20260727,KELM_risk_feature,cost_1,172,86,0.5138843712510813,"Same-horizon leave-one-region-out transfer; source regions=Asia,Europe; target region=North America; source-only fit/search/calibration; target labels untouched until final evaluation; V1-V10 financial ratios only.",OOF HistGB risk is a forced KELM input; no score-level fusion.,Platt_logistic_on_separate_calibration_partition,0.8254995046185511,0.813953488372093,0.8372093023255814,0.8333333333333334,0.8235294117647058,0.8293838862559242,0.8177570093457944,0.6513389472789296,0.7628050518886723,0.8255813953488372,0.16279069767441862,0.4883720930232558,70.0,14.0,72.0,16.0,0.9322573698703226,0.9134667387777177,0.12415727110451585,0.3842225356698122,0.06311339586812313,-0.5438756035918243,0.8056460084749935,1.0,0.1744186046511628,0.1744186046511628,0.7569767441860465,0.8662790697674418,0.8034883720930233,0.8918604651162791,0.7948099829835508,0.8836752509821039,0.7646339027070223,0.8658049617964709,0.564702888650151,0.7305132717896359,0.7012871793053566,0.8176230944144571,0.9147162218204387,0.9630430369039881,0.8941522444564629,0.9546241211465657,0.09486304551919589,0.14407750573472747,20260938,1,North America,268,172,V1-V10_financial_only
PONE2016_h1_target_North_America,20260727,KELM_risk_feature,cost_2,172,86,0.5138843712510813,"Same-horizon leave-one-region-out transfer; source regions=Asia,Europe; target region=North America; source-only fit/search/calibration; target labels untouched until final evaluation; V1-V10 financial ratios only.",OOF HistGB risk is a forced KELM input; no score-level fusion.,Platt_logistic_on_separate_calibration_partition,0.8254995046185511,0.813953488372093,0.8372093023255814,0.8333333333333334,0.8235294117647058,0.8293838862559242,0.8177570093457944,0.6513389472789296,0.7628050518886723,0.8255813953488372,0.16279069767441862,0.4883720930232558,70.0,14.0,72.0,16.0,0.9322573698703226,0.9134667387777177,0.12415727110451585,0.3842225356698122,0.06311339586812313,-0.5438756035918243,0.8056460084749935,2.0,0.26744186046511625,0.17829457364341086,0.7697674418604652,0.8558139534883721,0.8023255813953488,0.8593023255813953,0.8034117045744953,0.8454890788224121,0.7837914691943128,0.8469125902165197,0.6069767441860465,0.6615842080644995,0.7317701093705394,0.7693937164085232,0.9222880571615892,0.9418120700538893,0.902203893996755,0.9305367766360195,0.1212719122230512,0.1355578473420592,20260938,1,North America,268,172,V1-V10_financial_only
PONE2016_h1_target_North_America,20260727,KELM_risk_feature,cost_5,172,86,0.15857058539902835,"Same-horizon leave-one-region-out transfer; source regions=Asia,Europe; target region=North America; source-only fit/search/calibration; target labels untouched until final evaluation; V1-V10 financial ratios only.",OOF HistGB risk is a forced KELM input; no score-level fusion.,Platt_logistic_on_separate_calibration_partition,0.6482492960356443,0.9767441860465116,0.43023255813953487,0.631578947368421,0.7671232876712328,0.6796116504854369,0.8805031446540881,0.48597051498058946,0.5888861532371664,0.7034883720930232,0.5697674418604651,0.7732558139534884,84.0,49.0,37.0,2.0,0.9322573698703226,0.9134667387777177,0.12415727110451585,0.3842225356698122,0.06311339586812313,-0.5438756035918243,0.8056460084749935,5.0,0.3430232558139535,0.11434108527131782,0.9662790697674419,0.9883720930232558,0.363953488372093,0.47093023255813954,0.6059286877067689,0.64900947459087,0.8696107920882326,0.8878808476079922,0.43118851031788397,0.5208011826615243,0.5359914239454895,0.6212209713941618,0.8912132487835825,0.964644231635519,0.8555164954029205,0.953738507301244,0.09661529367085007,0.16679298773872414,20260938,1,North America,268,172,V1-V10_financial_only
PONE2016_h1_target_North_America,20260727,KELM_risk_feature,cost_10,172,86,0.15857058539902835,"Same-horizon leave-one-region-out transfer; source regions=Asia,Europe; target region=North America; source-only fit/search/calibration; target labels untouched until final evaluation; V1-V10 financial ratios only.",OOF HistGB risk is a forced KELM input; no score-level fusion.,Platt_logistic_on_separate_calibration_partition,0.6482492960356443,0.9767441860465116,0.43023255813953487,0.631578947368421,0.7671232876712328,0.6796116504854369,0.8805031446540881,0.48597051498058946,0.5888861532371664,0.7034883720930232,0.5697674418604651,0.7732558139534884,84.0,49.0,37.0,2.0,0.9322573698703226,0.9134667387777177,0.12415727110451585,0.3842225356698122,0.06311339586812313,-0.5438756035918243,0.8056460084749935,10.0,0.4011627906976744,0.07293868921775898,0.9453488372093023,0.9988372093023256,0.39651162790697675,0.4523255813953488,0.6211678832116788,0.6361601085481683,0.8604810568295115,0.893485938465018,0.45540259465573285,0.5053499928923113,0.5717849633906733,0.5985673486031716,0.9008472407722706,0.9412313986694936,0.8688818280151434,0.9263588426176312,0.11554710035048534,0.16120793890139987,20260938,1,North America,268,172,V1-V10_financial_only
PONE2016_h1_target_North_America,20260727,KELM_risk_feature,cost_20,172,86,0.04767939397686101,"Same-horizon leave-one-region-out transfer; source regions=Asia,Europe; target region=North America; source-only fit/search/calibration; target labels untouched until final evaluation; V1-V10 financial ratios only.",OOF HistGB risk is a forced KELM input; no score-level fusion.,Platt_logistic_on_separate_calibration_partition,0.0,1.0,0.0,0.5,0.6666666666666666,0.5555555555555556,0.8333333333333334,0.0,0.0,0.5,1.0,1.0,86.0,86.0,0.0,0.0,0.9322573698703226,0.9134667387777177,0.12415727110451585,0.3842225356698122,0.06311339586812313,-0.5438756035918243,0.8056460084749935,20.0,0.5,0.047619047619047616,1.0,1.0,0.0,0.0,0.5,0.5,0.8333333333333334,0.8333333333333334,0.0,0.0,0.0,0.0,0.8884171325706116,0.9510564960690511,0.8595659816116821,0.9386492698756085,0.09998172782470935,0.17003115810319322,20260938,1,North America,268,172,V1-V10_financial_only
PONE2016_h1_target_North_America,20260727,Full_PBMSBAINGO,triad,172,86,0.7047815948732165,"Same-horizon leave-one-region-out transfer; source regions=Asia,Europe; target region=North America; source-only fit/search/calibration; target labels untouched until final evaluation; V1-V10 financial ratios only.",Risk feature plus score fusion; alpha=0.30 selected only on search partition.,Platt_logistic_on_separate_calibration_partition,0.8242701673696411,0.7790697674418605,0.872093023255814,0.8589743589743589,0.8170731707317073,0.8417085427135679,0.7938388625592417,0.6539985702138724,0.7630833673319596,0.8255813953488372,0.12790697674418605,0.45348837209302323,67.0,11.0,75.0,19.0,0.9079708711023179,0.9071119524067064,0.13493740707722263,0.4264657110700181,0.10109088720325146,-0.2883610265067168,1.0359764233071116,,,,0.7058139534883721,0.877906976744186,0.8302325581395349,0.8941860465116279,0.8361553939018728,0.8806005398110661,0.730364314400459,0.8695402298850575,0.5885088881745484,0.709296779977328,0.7134330089834701,0.8024956600129071,0.8643025928717283,0.9466962232345879,0.8770010816657653,0.9370673336938886,0.12094544330722855,0.15549810765670893,20261034,1,North America,268,172,V1-V10_financial_only
PONE2016_h1_target_North_America,20260727,Full_PBMSBAINGO,cost_1,172,86,0.7024953908558467,"Same-horizon leave-one-region-out transfer; source regions=Asia,Europe; target region=North America; source-only fit/search/calibration; target labels untouched until final evaluation; V1-V10 financial ratios only.",Risk feature plus score fusion; alpha=0.30 selected only on search partition.,Platt_logistic_on_separate_calibration_partition,0.8242701673696411,0.7790697674418605,0.872093023255814,0.8589743589743589,0.8170731707317073,0.8417085427135679,0.7938388625592417,0.6539985702138724,0.7630833673319596,0.8255813953488372,0.12790697674418605,0.45348837209302323,67.0,11.0,75.0,19.0,0.9079708711023179,0.9071119524067064,0.13493740707722263,0.4264657110700181,0.10109088720325146,-0.2883610265067168,1.0359764233071116,1.0,0.1744186046511628,0.1744186046511628,0.7465116279069768,0.7988372093023256,0.8034883720930233,0.9034883720930232,0.8025808281338627,0.8884169884169884,0.7599292437086976,0.8010403916768666,0.5822154513105651,0.6772799633941357,0.7137375537523556,0.7772626396517767,0.8621217592624217,0.9161262136380812,0.8631692806922662,0.8996822606814494,0.13885244445766184,0.16643597517457367,20261034,1,North America,268,172,V1-V10_financial_only
PONE2016_h1_target_North_America,20260727,Full_PBMSBAINGO,cost_2,172,86,0.7024953908558467,"Same-horizon leave-one-region-out transfer; source regions=Asia,Europe; target region=North America; source-only fit/search/calibration; target labels untouched until final evaluation; V1-V10 financial ratios only.",Risk feature plus score fusion; alpha=0.30 selected only on search partition.,Platt_logistic_on_separate_calibration_partition,0.8242701673696411,0.7790697674418605,0.872093023255814,0.8589743589743589,0.8170731707317073,0.8417085427135679,0.7938388625592417,0.6539985702138724,0.7630833673319596,0.8255813953488372,0.12790697674418605,0.45348837209302323,67.0,11.0,75.0,19.0,0.9079708711023179,0.9071119524067064,0.13493740707722263,0.4264657110700181,0.10109088720325146,-0.2883610265067168,1.0359764233071116,2.0,0.28488372093023256,0.18992248062015504,0.7465116279069768,0.8465116279069766,0.7976744186046512,0.9302325581395349,0.7874390243902439,0.9238533618280454,0.755193028675651,0.8609187850608986,0.5471922406578309,0.779495773653497,0.6887157723393701,0.8498508727915787,0.8604262270163231,0.9526154946363515,0.8728839913466739,0.949317198485668,0.10327276372216838,0.16623664438478514,20261034,1,North America,268,172,V1-V10_financial_only
PONE2016_h1_target_North_America,20260727,Full_PBMSBAINGO,cost_5,172,86,0.16406429400655548,"Same-horizon leave-one-region-out transfer; source regions=Asia,Europe; target region=North America; source-only fit/search/calibration; target labels untouched until final evaluation; V1-V10 financial ratios only.",Risk feature plus score fusion; alpha=0.30 selected only on search partition.,Platt_logistic_on_separate_calibration_partition,0.6158401245053656,0.9883720930232558,0.38372093023255816,0.6159420289855072,0.7589285714285714,0.6661442006269592,0.8817427385892116,0.46716572997902694,0.5616541599784449,0.686046511627907,0.6162790697674418,0.8023255813953488,85.0,53.0,33.0,1.0,0.9079708711023179,0.9071119524067064,0.13493740707722263,0.4264657110700181,0.10109088720325146,-0.2883610265067168,1.0359764233071116,5.0,0.3372093023255814,0.1124031007751938,0.9569767441860465,0.9883720930232558,0.3953488372093023,0.42906976744186043,0.6127900642771543,0.6338584853510227,0.860324115554241,0.8889357185908578,0.42602872652869495,0.5035692442811148,0.5441473719796109,0.5977230575961483,0.896698413066816,0.9420006975251732,0.9074499729583559,0.9295700378583017,0.11437735781103105,0.13930772866666694,20261034,1,North America,268,172,V1-V10_financial_only
PONE2016_h1_target_North_America,20260727,Full_PBMSBAINGO,cost_10,172,86,0.1595315243051711,"Same-horizon leave-one-region-out transfer; source regions=Asia,Europe; target region=North America; source-only fit/search/calibration; target labels untouched until final evaluation; V1-V10 financial ratios only.",Risk feature plus score fusion; alpha=0.30 selected only on search partition.,Platt_logistic_on_separate_calibration_partition,0.44460591382105025,1.0,0.19767441860465115,0.5548387096774193,0.7136929460580913,0.6090651558073654,0.8617234468937875,0.33117581336027346,0.4030290590237772,0.5988372093023255,0.8023255813953488,0.9011627906976745,86.0,69.0,17.0,0.0,0.9079708711023179,0.9071119524067064,0.13493740707722263,0.4264657110700181,0.10109088720325146,-0.2883610265067168,1.0359764233071116,10.0,0.4011627906976744,0.07293868921775898,1.0,1.0,0.17093023255813955,0.2651162790697674,0.546827060105625,0.5764167296324282,0.8577850215300414,0.8718585448808572,0.3051957231244171,0.390893316359634,0.37310840357118663,0.46968357268652755,0.8647012732528826,0.9242220405324453,0.8598972417522985,0.9243780421849649,0.12295676344867067,0.16964146376322323,20261034,1,North America,268,172,V1-V10_financial_only
PONE2016_h1_target_North_America,20260727,Full_PBMSBAINGO,cost_20,172,86,0.1595315243051711,"Same-horizon leave-one-region-out transfer; source regions=Asia,Europe; target region=North America; source-only fit/search/calibration; target labels untouched until final evaluation; V1-V10 financial ratios only.",Risk feature plus score fusion; alpha=0.30 selected only on search partition.,Platt_logistic_on_separate_calibration_partition,0.44460591382105025,1.0,0.19767441860465115,0.5548387096774193,0.7136929460580913,0.6090651558073654,0.8617234468937875,0.33117581336027346,0.4030290590237772,0.5988372093023255,0.8023255813953488,0.9011627906976745,86.0,69.0,17.0,0.0,0.9079708711023179,0.9071119524067064,0.13493740707722263,0.4264657110700181,0.10109088720325146,-0.2883610265067168,1.0359764233071116,20.0,0.4011627906976744,0.03820598006644518,1.0,1.0,0.15465116279069765,0.21976744186046512,0.5419206579583938,0.5617265087853323,0.8553836978131213,0.8650174137192633,0.2893705648365489,0.35134465686044597,0.3549083797998112,0.42581687925363326,0.8907235262506337,0.9358538300913488,0.8984721471065441,0.9234045429962142,0.12081589675858254,0.15238089845697864,20261034,1,North America,268,172,V1-V10_financial_only
PONE2016_h1_target_North_America,20260727,Uncertainty_gated_fusion,triad,172,86,0.9054400676957567,"Same-horizon leave-one-region-out transfer; source regions=Asia,Europe; target region=North America; source-only fit/search/calibration; target labels untouched until final evaluation; V1-V10 financial ratios only.","One-standard-error paired-bootstrap gate selected KELM_risk_feature; search utility difference=0.0501, required margin=0.0556.",Platt_logistic_on_separate_calibration_partition,0.8205711053198768,0.6976744186046512,0.9651162790697675,0.9523809523809523,0.8053691275167785,0.8875739644970414,0.7371007371007371,0.6878461835431967,0.7737035521463712,0.8313953488372093,0.03488372093023256,0.36627906976744184,60.0,3.0,83.0,26.0,0.9322573698703226,0.9134667387777177,0.12415727110451585,0.3842225356698122,0.06311339586812313,-0.5438756035918243,0.8056460084749935,,,,0.5976744186046512,0.7069767441860465,0.9430232558139535,0.9883720930232558,0.9132936507936508,0.9837889557135047,0.6425,0.7485899468658089,0.5800329983034227,0.7236940100635751,0.6899052888191786,0.7962440380548476,0.9025094085715776,0.9411145409147639,0.8827001081665765,0.9223702001081665,0.11221102172501655,0.14588642212981923,20261080,1,North America,268,172,V1-V10_financial_only
PONE2016_h1_target_North_America,20260727,Uncertainty_gated_fusion,cost_1,172,86,0.5138843712510813,"Same-horizon leave-one-region-out transfer; source regions=Asia,Europe; target region=North America; source-only fit/search/calibration; target labels untouched until final evaluation; V1-V10 financial ratios only.","One-standard-error paired-bootstrap gate selected KELM_risk_feature; search utility difference=0.0501, required margin=0.0556.",Platt_logistic_on_separate_calibration_partition,0.8254995046185511,0.813953488372093,0.8372093023255814,0.8333333333333334,0.8235294117647058,0.8293838862559242,0.8177570093457944,0.6513389472789296,0.7628050518886723,0.8255813953488372,0.16279069767441862,0.4883720930232558,70.0,14.0,72.0,16.0,0.9322573698703226,0.9134667387777177,0.12415727110451585,0.3842225356698122,0.06311339586812313,-0.5438756035918243,0.8056460084749935,1.0,0.1744186046511628,0.1744186046511628,0.8255813953488372,0.8802325581395349,0.7930232558139535,0.9011627906976744,0.8035872173803209,0.8953932584269663,0.8236658932714617,0.8747439975598065,0.6395781232925777,0.7447038881534352,0.7546594745326994,0.8265989177102049,0.9285444905105529,0.9571839908932801,0.9065102758247702,0.9452812330989724,0.09476820701521028,0.1359845173878135,20261080,1,North America,268,172,V1-V10_financial_only
PONE2016_h1_target_North_America,20260727,Uncertainty_gated_fusion,cost_2,172,86,0.5138843712510813,"Same-horizon leave-one-region-out transfer; source regions=Asia,Europe; target region=North America; source-only fit/search/calibration; target labels untouched until final evaluation; V1-V10 financial ratios only.","One-standard-error paired-bootstrap gate selected KELM_risk_feature; search utility difference=0.0501, required margin=0.0556.",Platt_logistic_on_separate_calibration_partition,0.8254995046185511,0.813953488372093,0.8372093023255814,0.8333333333333334,0.8235294117647058,0.8293838862559242,0.8177570093457944,0.6513389472789296,0.7628050518886723,0.8255813953488372,0.16279069767441862,0.4883720930232558,70.0,14.0,72.0,16.0,0.9322573698703226,0.9134667387777177,0.12415727110451585,0.3842225356698122,0.06311339586812313,-0.5438756035918243,0.8056460084749935,2.0,0.26744186046511625,0.17829457364341086,0.7569767441860465,0.872093023255814,0.7709302325581395,0.9046511627906976,0.7859696851923824,0.8896051571313457,0.7734880011681521,0.8737202472701313,0.5749360592389203,0.7535393161701642,0.7087374600080303,0.8335714503650937,0.9192318491004201,0.9572547443516604,0.8916170903190914,0.9454570037858302,0.0977861456972013,0.14487329801443566,20261080,1,North America,268,172,V1-V10_financial_only
PONE2016_h1_target_North_America,20260727,Uncertainty_gated_fusion,cost_5,172,86,0.15857058539902835,"Same-horizon leave-one-region-out transfer; source regions=Asia,Europe; target region=North America; source-only fit/search/calibration; target labels untouched until final evaluation; V1-V10 financial ratios only.","One-standard-error paired-bootstrap gate selected KELM_risk_feature; search utility difference=0.0501, required margin=0.0556.",Platt_logistic_on_separate_calibration_partition,0.6482492960356443,0.9767441860465116,0.43023255813953487,0.631578947368421,0.7671232876712328,0.6796116504854369,0.8805031446540881,0.48597051498058946,0.5888861532371664,0.7034883720930232,0.5697674418604651,0.7732558139534884,84.0,49.0,37.0,2.0,0.9322573698703226,0.9134667387777177,0.12415727110451585,0.3842225356698122,0.06311339586812313,-0.5438756035918243,0.8056460084749935,5.0,0.3430232558139535,0.11434108527131782,0.9465116279069767,1.0,0.3988372093023256,0.46511627906976744,0.623088071348941,0.6512491325468425,0.8581989600294133,0.9031719606081426,0.4393953714220237,0.5495846945475565,0.561987240434816,0.634114323733924,0.8961810908493035,0.9527580524595858,0.8606138453217956,0.9425229853975123,0.09936346324512312,0.15665112746520424,20261080,1,North America,268,172,V1-V10_financial_only
PONE2016_h1_target_North_America,20260727,Uncertainty_gated_fusion,cost_10,172,86,0.15857058539902835,"Same-horizon leave-one-region-out transfer; source regions=Asia,Europe; target region=North America; source-only fit/search/calibration; target labels untouched until final evaluation; V1-V10 financial ratios only.","One-standard-error paired-bootstrap gate selected KELM_risk_feature; search utility difference=0.0501, required margin=0.0556.",Platt_logistic_on_separate_calibration_partition,0.6482492960356443,0.9767441860465116,0.43023255813953487,0.631578947368421,0.7671232876712328,0.6796116504854369,0.8805031446540881,0.48597051498058946,0.5888861532371664,0.7034883720930232,0.5697674418604651,0.7732558139534884,84.0,49.0,37.0,2.0,0.9322573698703226,0.9134667387777177,0.12415727110451585,0.3842225356698122,0.06311339586812313,-0.5438756035918243,0.8056460084749935,10.0,0.4011627906976744,0.07293868921775898,0.9127906976744186,0.9872093023255814,0.4430232558139535,0.48604651162790696,0.6294878108840187,0.6530744725611588,0.8373684210526317,0.8936842105263157,0.42105998736008465,0.5305271954229918,0.5622210394737626,0.6252955802690155,0.9099132878839904,0.9462742485977441,0.8694361817198485,0.9305232558139536,0.11098183340233816,0.14166744523317099,20261080,1,North America,268,172,V1-V10_financial_only
PONE2016_h1_target_North_America,20260727,Uncertainty_gated_fusion,cost_20,172,86,0.04767939397686101,"Same-horizon leave-one-region-out transfer; source regions=Asia,Europe; target region=North America; source-only fit/search/calibration; target labels untouched until final evaluation; V1-V10 financial ratios only.","One-standard-error paired-bootstrap gate selected KELM_risk_feature; search utility difference=0.0501, required margin=0.0556.",Platt_logistic_on_separate_calibration_partition,0.0,1.0,0.0,0.5,0.6666666666666666,0.5555555555555556,0.8333333333333334,0.0,0.0,0.5,1.0,1.0,86.0,86.0,0.0,0.0,0.9322573698703226,0.9134667387777177,0.12415727110451585,0.3842225356698122,0.06311339586812313,-0.5438756035918243,0.8056460084749935,20.0,0.5,0.047619047619047616,1.0,1.0,0.0,0.0,0.5,0.5,0.8333333333333334,0.8333333333333334,0.0,0.0,0.0,0.0,0.9202418201964919,0.9553913322928825,0.8933747971876691,0.9435302866414279,0.10349298895502773,0.13772332170708088,20261080,1,North America,268,172,V1-V10_financial_only
PONE2016_h1_target_North_America,20260727,Full_random_search,triad,172,86,0.6966458432672638,"Same-horizon leave-one-region-out transfer; source regions=Asia,Europe; target region=North America; source-only fit/search/calibration; target labels untouched until final evaluation; V1-V10 financial ratios only.",Same full architecture and 81 evaluations as PBMSBAINGO; alpha=0.20.,Platt_logistic_on_separate_calibration_partition,0.8303986544817267,0.7906976744186046,0.872093023255814,0.8607594936708861,0.8242424242424242,0.845771144278607,0.8037825059101655,0.6649972291839843,0.7711361031455621,0.8313953488372092,0.12790697674418605,0.45930232558139533,68.0,11.0,75.0,18.0,0.9212505536407071,0.9117090319091401,0.1348512975020222,0.4249692596660917,0.0882845899753495,-0.3028298204821095,1.0303690432326011,,,,0.7674418604651163,0.8441860465116279,0.8023255813953488,0.9046511627906976,0.7958952087419445,0.8906545099316183,0.7744977197091089,0.8498895634704817,0.5735680998219355,0.7278119878673324,0.7078985488889502,0.8152966110566603,0.8846157811531004,0.9374892574262637,0.8677325581395348,0.930834234721471,0.12450703605635954,0.17318557922372724,20261128,1,North America,268,172,V1-V10_financial_only
PONE2016_h1_target_North_America,20260727,Full_random_search,cost_1,172,86,0.6932743153159007,"Same-horizon leave-one-region-out transfer; source regions=Asia,Europe; target region=North America; source-only fit/search/calibration; target labels untouched until final evaluation; V1-V10 financial ratios only.",Same full architecture and 81 evaluations as PBMSBAINGO; alpha=0.20.,Platt_logistic_on_separate_calibration_partition,0.8303986544817267,0.7906976744186046,0.872093023255814,0.8607594936708861,0.8242424242424242,0.845771144278607,0.8037825059101655,0.6649972291839843,0.7711361031455621,0.8313953488372092,0.12790697674418605,0.45930232558139533,68.0,11.0,75.0,18.0,0.9212505536407071,0.9117090319091401,0.1348512975020222,0.4249692596660917,0.0882845899753495,-0.3028298204821095,1.0303690432326011,1.0,0.1686046511627907,0.1686046511627907,0.6906976744186046,0.8325581395348838,0.8732558139534884,0.9616279069767443,0.846376306620209,0.9521860095389507,0.7172079622839183,0.8419030932003504,0.576200607558551,0.7363391001521774,0.7036435715470581,0.8130989471424515,0.8973413826197364,0.9487306051313674,0.8816049215792321,0.9366279069767443,0.11470889568179256,0.15319906700407598,20261128,1,North America,268,172,V1-V10_financial_only
PONE2016_h1_target_North_America,20260727,Full_random_search,cost_2,172,86,0.16954945818598247,"Same-horizon leave-one-region-out transfer; source regions=Asia,Europe; target region=North America; source-only fit/search/calibration; target labels untouched until final evaluation; V1-V10 financial ratios only.",Same full architecture and 81 evaluations as PBMSBAINGO; alpha=0.20.,Platt_logistic_on_separate_calibration_partition,0.6608498715526894,0.9883720930232558,0.4418604651162791,0.6390977443609023,0.776255707762557,0.6877022653721683,0.8909853249475891,0.5137402586937659,0.607644735986134,0.7151162790697674,0.5581395348837209,0.7732558139534884,85.0,48.0,38.0,1.0,0.9212505536407071,0.9117090319091401,0.1348512975020222,0.4249692596660917,0.0882845899753495,-0.3028298204821095,1.0303690432326011,2.0,0.29069767441860467,0.1937984496124031,0.9883720930232558,1.0,0.386046511627907,0.5104651162790698,0.6168478260869565,0.6713541666666667,0.882110131396957,0.910824345146379,0.46904042277150176,0.5854067998990984,0.5635227780056465,0.6685586411690231,0.8914653271422563,0.9333892234381479,0.8912790697674419,0.9260343428880475,0.11836934741622311,0.1447161463275118,20261128,1,North America,268,172,V1-V10_financial_only
PONE2016_h1_target_North_America,20260727,Full_random_search,cost_5,172,86,0.16602188250701186,"Same-horizon leave-one-region-out transfer; source regions=Asia,Europe; target region=North America; source-only fit/search/calibration; target labels untouched until final evaluation; V1-V10 financial ratios only.",Same full architecture and 81 evaluations as PBMSBAINGO; alpha=0.20.,Platt_logistic_on_separate_calibration_partition,0.625101397940261,0.9883720930232558,0.3953488372093023,0.6204379562043796,0.7623318385650224,0.6703470031545742,0.8835758835758836,0.47656224625627874,0.5710491965072775,0.6918604651162791,0.6046511627906976,0.7965116279069767,85.0,52.0,34.0,1.0,0.9212505536407071,0.9117090319091401,0.1348512975020222,0.4249692596660917,0.0882845899753495,-0.3028298204821095,1.0303690432326011,5.0,0.3313953488372093,0.11046511627906977,0.9674418604651163,1.0,0.33139534883720934,0.5302325581395348,0.5916577376396754,0.6781538461538462,0.8590152266747185,0.9070740330895253,0.3890483822315232,0.5852255951791687,0.49963949864674445,0.6745903441333975,0.9030577320073283,0.938332822804162,0.8989386154678205,0.9289548404542997,0.11639696360332707,0.13978883163383773,20261128,1,North America,268,172,V1-V10_financial_only
PONE2016_h1_target_North_America,20260727,Full_random_search,cost_10,172,86,0.16602188250701186,"Same-horizon leave-one-region-out transfer; source regions=Asia,Europe; target region=North America; source-only fit/search/calibration; target labels untouched until final evaluation; V1-V10 financial ratios only.",Same full architecture and 81 evaluations as PBMSBAINGO; alpha=0.20.,Platt_logistic_on_separate_calibration_partition,0.625101397940261,0.9883720930232558,0.3953488372093023,0.6204379562043796,0.7623318385650224,0.6703470031545742,0.8835758835758836,0.47656224625627874,0.5710491965072775,0.6918604651162791,0.6046511627906976,0.7965116279069767,85.0,52.0,34.0,1.0,0.9212505536407071,0.9117090319091401,0.1348512975020222,0.4249692596660917,0.0882845899753495,-0.3028298204821095,1.0303690432326011,10.0,0.36046511627906974,0.06553911205073996,0.9674418604651163,1.0,0.363953488372093,0.5058139534883721,0.6109799658332039,0.6693491541353384,0.8730214539038068,0.9100620047613972,0.468007674702863,0.5818227732208301,0.5547129196274406,0.6650901412266619,0.9075493961780368,0.9359224324595289,0.8972147106544078,0.9273255813953488,0.11871185256654998,0.14084691998752033,20261128,1,North America,268,172,V1-V10_financial_only
PONE2016_h1_target_North_America,20260727,Full_random_search,cost_20,172,86,0.15801279363699508,"Same-horizon leave-one-region-out transfer; source regions=Asia,Europe; target region=North America; source-only fit/search/calibration; target labels untouched until final evaluation; V1-V10 financial ratios only.",Same full architecture and 81 evaluations as PBMSBAINGO; alpha=0.20.,Platt_logistic_on_separate_calibration_partition,0.0,1.0,0.0,0.5,0.6666666666666666,0.5555555555555556,0.8333333333333334,0.0,0.0,0.5,1.0,1.0,86.0,86.0,0.0,0.0,0.9212505536407071,0.9117090319091401,0.1348512975020222,0.4249692596660917,0.0882845899753495,-0.3028298204821095,1.0303690432326011,20.0,0.5,0.047619047619047616,1.0,1.0,0.0,0.0,0.5,0.5,0.8333333333333334,0.8333333333333334,0.0,0.0,0.0,0.0,0.9140842179442228,0.9417423408271138,0.899966197944835,0.9269199567333694,0.11795805149356964,0.14855727404521457,20261128,1,North America,268,172,V1-V10_financial_only
PONE2016_h1_target_North_America,20260727,Balanced_logistic,triad,172,86,0.8651535229479689,"Same-horizon leave-one-region-out transfer; source regions=Asia,Europe; target region=North America; source-only fit/search/calibration; target labels untouched until final evaluation; V1-V10 financial ratios only.",Class-weighted logistic reference using the same source-only fit/search/calibration and untouched regional target.,Platt_logistic_on_separate_calibration_partition,0.7975082883480115,0.6511627906976745,0.9767441860465116,0.9655172413793104,0.7777777777777778,0.8805031446540881,0.6965174129353234,0.6640906067234305,0.7502959162424159,0.813953488372093,0.023255813953488372,0.3372093023255814,56.0,2.0,84.0,30.0,0.9138955819559387,0.8819632233639806,0.13538301181870235,0.47602543354217863,0.09530329830025569,-0.3751601464918344,0.6137302604489991,,,,0.49767441860465117,0.7011627906976744,0.9534883720930233,0.9883720930232558,0.9261904761904762,0.9813107822410148,0.5511861633750146,0.7404632905793896,0.5530732869475934,0.693938005037649,0.6469681781166022,0.7777765845496052,0.8657729367913167,0.9270126563154558,0.8255475932936722,0.8976068144943211,0.12653570424542365,0.16838252019597788,20262028,1,North America,268,172,V1-V10_financial_only
PONE2016_h1_target_North_America,20260727,Balanced_logistic,cost_1,172,86,0.5813328203394744,"Same-horizon leave-one-region-out transfer; source regions=Asia,Europe; target region=North America; source-only fit/search/calibration; target labels untouched until final evaluation; V1-V10 financial ratios only.",Class-weighted logistic reference using the same source-only fit/search/calibration and untouched regional target.,Platt_logistic_on_separate_calibration_partition,0.800216303910942,0.7441860465116279,0.8604651162790697,0.8421052631578947,0.7901234567901234,0.8205128205128205,0.7619047619047619,0.6087807775281011,0.7305084446617603,0.8023255813953488,0.13953488372093023,0.4418604651162791,64.0,12.0,74.0,22.0,0.9138955819559387,0.8819632233639806,0.13538301181870235,0.47602543354217863,0.09530329830025569,-0.3751601464918344,0.6137302604489991,1.0,0.19767441860465115,0.19767441860465115,0.7220930232558139,0.813953488372093,0.8523255813953488,0.9174418604651162,0.8451472556894244,0.9076555023923445,0.7462126452684007,0.8301857404306686,0.6138876021284255,0.7331864846362462,0.7316968336993992,0.8172962001079035,0.8980212658564177,0.9508737175376905,0.8511357490535425,0.9311114115738237,0.10172192611151205,0.14716497461288153,20262028,1,North America,268,172,V1-V10_financial_only
PONE2016_h1_target_North_America,20260727,Balanced_logistic,cost_2,172,86,0.3633951198747818,"Same-horizon leave-one-region-out transfer; source regions=Asia,Europe; target region=North America; source-only fit/search/calibration; target labels untouched until final evaluation; V1-V10 financial ratios only.",Class-weighted logistic reference using the same source-only fit/search/calibration and untouched regional target.,Platt_logistic_on_separate_calibration_partition,0.7720089615208293,0.8837209302325582,0.6744186046511628,0.7307692307692307,0.8,0.7569721115537849,0.8482142857142857,0.5707817929853929,0.6980795755431491,0.7790697674418605,0.32558139534883723,0.6046511627906976,76.0,28.0,58.0,10.0,0.9138955819559387,0.8819632233639806,0.13538301181870235,0.47602543354217863,0.09530329830025569,-0.3751601464918344,0.6137302604489991,2.0,0.27906976744186046,0.18604651162790697,0.8313953488372093,0.9290697674418604,0.6523255813953489,0.7186046511627906,0.7208116995500173,0.7587663551401869,0.8098556495769039,0.8856155446107961,0.5311875940291915,0.6332480590028537,0.6740834410387715,0.7392812690486863,0.8947293053617068,0.9410184267800582,0.8572539210383993,0.9173472147106544,0.11218688069085567,0.14567697947361277,20262028,1,North America,268,172,V1-V10_financial_only
PONE2016_h1_target_North_America,20260727,Balanced_logistic,cost_5,172,86,0.28446864261014765,"Same-horizon leave-one-region-out transfer; source regions=Asia,Europe; target region=North America; source-only fit/search/calibration; target labels untouched until final evaluation; V1-V10 financial ratios only.",Class-weighted logistic reference using the same source-only fit/search/calibration and untouched regional target.,Platt_logistic_on_separate_calibration_partition,0.7497971602396981,0.8953488372093024,0.627906976744186,0.7064220183486238,0.7897435897435897,0.7375478927203065,0.8498896247240618,0.5430364606919974,0.6733468883736098,0.7616279069767442,0.37209302325581395,0.6337209302325582,77.0,32.0,54.0,9.0,0.9138955819559387,0.8819632233639806,0.13538301181870235,0.47602543354217863,0.09530329830025569,-0.3751601464918344,0.6137302604489991,5.0,0.4476744186046512,0.14922480620155038,0.872093023255814,0.8941860465116279,0.5058139534883721,0.5918604651162791,0.6438716814159292,0.6840733590733591,0.8209296174285233,0.834981684981685,0.4326872353044668,0.4972304762202218,0.5802469686372855,0.6383060336646321,0.8791994648284123,0.9147306118567309,0.8260073012439155,0.8810505678745266,0.13992996173478425,0.17078333758717096,20262028,1,North America,268,172,V1-V10_financial_only
PONE2016_h1_target_North_America,20260727,Balanced_logistic,cost_10,172,86,0.046449120665982904,"Same-horizon leave-one-region-out transfer; source regions=Asia,Europe; target region=North America; source-only fit/search/calibration; target labels untouched until final evaluation; V1-V10 financial ratios only.",Class-weighted logistic reference using the same source-only fit/search/calibration and untouched regional target.,Platt_logistic_on_separate_calibration_partition,0.33297258286689196,0.9534883720930233,0.11627906976744186,0.5189873417721519,0.6721311475409836,0.5710306406685237,0.8167330677290837,0.12757297666876868,0.2418383733244169,0.5348837209302326,0.8837209302325582,0.9186046511627907,82.0,76.0,10.0,4.0,0.9138955819559387,0.8819632233639806,0.13538301181870235,0.47602543354217863,0.09530329830025569,-0.3751601464918344,0.6137302604489991,10.0,0.6744186046511628,0.1226215644820296,0.9209302325581395,0.9767441860465116,0.06511627906976744,0.1616279069767442,0.5104996989765201,0.5313112013374731,0.7995071193866374,0.8364870537729797,0.09187695869542842,0.2111552291628093,0.1805195676073226,0.30557419018008414,0.9026458398227649,0.9347031130665696,0.8518388318009734,0.9189223904813413,0.11190526448440326,0.1567228430179534,20262028,1,North America,268,172,V1-V10_financial_only
PONE2016_h1_target_North_America,20260727,Balanced_logistic,cost_20,172,86,0.046449120665982904,"Same-horizon leave-one-region-out transfer; source regions=Asia,Europe; target region=North America; source-only fit/search/calibration; target labels untouched until final evaluation; V1-V10 financial ratios only.",Class-weighted logistic reference using the same source-only fit/search/calibration and untouched regional target.,Platt_logistic_on_separate_calibration_partition,0.33297258286689196,0.9534883720930233,0.11627906976744186,0.5189873417721519,0.6721311475409836,0.5710306406685237,0.8167330677290837,0.12757297666876868,0.2418383733244169,0.5348837209302326,0.8837209302325582,0.9186046511627907,82.0,76.0,10.0,4.0,0.9138955819559387,0.8819632233639806,0.13538301181870235,0.47602543354217863,0.09530329830025569,-0.3751601464918344,0.6137302604489991,20.0,0.9069767441860465,0.08637873754152824,0.9232558139534883,0.9872093023255814,0.07093023255813953,0.1372093023255814,0.5095167764901916,0.5249691358024692,0.797145793895523,0.839262187088274,0.07976702190016045,0.19714285678348872,0.17649683214071024,0.2746523084093654,0.8708589380952527,0.9544299172997804,0.8246619794483505,0.9346606273661439,0.10513685623449683,0.16887902507389244,20262028,1,North America,268,172,V1-V10_financial_only
PONE2016_h2_target_Asia,20260727,HistGB,triad,96,48,0.718073791924877,"Same-horizon leave-one-region-out transfer; source regions=Europe,North America; target region=Asia; source-only fit/search/calibration; target labels untouched until final evaluation; V1-V10 financial ratios only.",No metaheuristic; threshold and Platt calibration use calibration partition.,Platt_logistic_on_separate_calibration_partition,0.7312470322826768,0.5833333333333334,0.9166666666666666,0.875,0.7,0.7954545454545454,0.625,0.5303300858899107,0.6569891028778054,0.75,0.08333333333333333,0.3333333333333333,28.0,4.0,44.0,20.0,0.8288769957294724,0.8576388888888888,0.165582705375431,0.5134903706236313,0.17088632307587304,-0.022306311195204702,1.6978917704842424,,,,0.5416666666666666,0.61875,0.9,0.9770833333333333,0.8444938820912125,0.9604166666666666,0.5834872065418095,0.6634893822393821,0.473219375244324,0.6147672607558158,0.6132508065738298,0.713930810751879,0.7632081233307403,0.9044105520790865,0.8348524305555556,0.9108940972222221,0.1481587415646378,0.17251731846614393,20260727,2,Asia,340,96,V1-V10_financial_only
PONE2016_h2_target_Asia,20260727,HistGB,cost_1,96,48,0.3821262298185767,"Same-horizon leave-one-region-out transfer; source regions=Europe,North America; target region=Asia; source-only fit/search/calibration; target labels untouched until final evaluation; V1-V10 financial ratios only.",No metaheuristic; threshold and Platt calibration use calibration partition.,Platt_logistic_on_separate_calibration_partition,0.7795119555779044,0.8333333333333334,0.7291666666666666,0.7547169811320755,0.7920792079207921,0.7692307692307693,0.8163265306122449,0.5655768198008957,0.7004530878680407,0.78125,0.2708333333333333,0.5520833333333334,40.0,13.0,35.0,8.0,0.8288769957294724,0.8576388888888888,0.165582705375431,0.5134903706236313,0.17088632307587304,-0.022306311195204702,1.6978917704842424,1.0,0.21875,0.21875,0.7729166666666667,0.8333333333333334,0.6124999999999999,0.76875,0.6673701298701299,0.7789230769230769,0.7498833644361503,0.8186765779518153,0.39493363755788186,0.5852165022404481,0.5724974425898457,0.7152023693376779,0.7556969670420514,0.9068372374265941,0.7825086805555556,0.904296875,0.15824713300288346,0.19121920118222147,20260727,2,Asia,340,96,V1-V10_financial_only
PONE2016_h2_target_Asia,20260727,HistGB,cost_2,96,48,0.30869289534243827,"Same-horizon leave-one-region-out transfer; source regions=Europe,North America; target region=Asia; source-only fit/search/calibration; target labels untouched until final evaluation; V1-V10 financial ratios only.",No metaheuristic; threshold and Platt calibration use calibration partition.,Platt_logistic_on_separate_calibration_partition,0.7356851492920656,0.8958333333333334,0.6041666666666666,0.6935483870967742,0.7818181818181819,0.7263513513513513,0.8464566929133859,0.5227282102428386,0.6564776914366354,0.75,0.3958333333333333,0.6458333333333334,43.0,19.0,29.0,5.0,0.8288769957294724,0.8576388888888888,0.165582705375431,0.5134903706236313,0.17088632307587304,-0.022306311195204702,1.6978917704842424,2.0,0.3020833333333333,0.2013888888888889,0.8333333333333334,0.93125,0.5041666666666667,0.70625,0.6458625525946704,0.7403508771929824,0.7899622303309648,0.8601994183631075,0.40149490519390013,0.5699855263339351,0.5663842147998625,0.699469820944188,0.7720546860266441,0.8854685842677368,0.7958333333333333,0.8699652777777778,0.15615792400139777,0.18469561571130746,20260727,2,Asia,340,96,V1-V10_financial_only
PONE2016_h2_target_Asia,20260727,HistGB,cost_5,96,48,0.2919405246064926,"Same-horizon leave-one-region-out transfer; source regions=Europe,North America; target region=Asia; source-only fit/search/calibration; target labels untouched until final evaluation; V1-V10 financial ratios only.",No metaheuristic; threshold and Platt calibration use calibration partition.,Platt_logistic_on_separate_calibration_partition,0.47871355387816905,1.0,0.22916666666666666,0.5647058823529412,0.7218045112781954,0.6185567010309279,0.8664259927797834,0.35973846709225077,0.4352239396128016,0.6145833333333334,0.7708333333333334,0.8854166666666666,48.0,37.0,11.0,0.0,0.8288769957294724,0.8576388888888888,0.165582705375431,0.5134903706236313,0.17088632307587304,-0.022306311195204702,1.6978917704842424,5.0,0.3854166666666667,0.1284722222222222,1.0,1.0,0.13125,0.30625,0.5351724137931034,0.5904761904761905,0.8519789521848548,0.8781653129479217,0.26454237681757886,0.4250947819216644,0.3257631366521088,0.5066457453896857,0.8147205213597127,0.8769639807490383,0.8388020833333334,0.8642361111111112,0.16427839401474248,0.17125549187602118,20260727,2,Asia,340,96,V1-V10_financial_only
PONE2016_h2_target_Asia,20260727,HistGB,cost_10,96,48,0.2919405246064926,"Same-horizon leave-one-region-out transfer; source regions=Europe,North America; target region=Asia; source-only fit/search/calibration; target labels untouched until final evaluation; V1-V10 financial ratios only.",No metaheuristic; threshold and Platt calibration use calibration partition.,Platt_logistic_on_separate_calibration_partition,0.47871355387816905,1.0,0.22916666666666666,0.5647058823529412,0.7218045112781954,0.6185567010309279,0.8664259927797834,0.35973846709225077,0.4352239396128016,0.6145833333333334,0.7708333333333334,0.8854166666666666,48.0,37.0,11.0,0.0,0.8288769957294724,0.8576388888888888,0.165582705375431,0.5134903706236313,0.17088632307587304,-0.022306311195204702,1.6978917704842424,10.0,0.3854166666666667,0.07007575757575757,1.0,1.0,0.15416666666666667,0.2916666666666667,0.5418638466622604,0.5853658536585366,0.8553258732993306,0.8759124087591241,0.2883780169769513,0.4131969352706687,0.3536064593098305,0.49394807431627086,0.738512887753449,0.8865251998719619,0.8049913194444445,0.8797743055555555,0.1594584751894203,0.18068786758622402,20260727,2,Asia,340,96,V1-V10_financial_only
PONE2016_h2_target_Asia,20260727,HistGB,cost_20,96,48,0.2919405246064926,"Same-horizon leave-one-region-out transfer; source regions=Europe,North America; target region=Asia; source-only fit/search/calibration; target labels untouched until final evaluation; V1-V10 financial ratios only.",No metaheuristic; threshold and Platt calibration use calibration partition.,Platt_logistic_on_separate_calibration_partition,0.47871355387816905,1.0,0.22916666666666666,0.5647058823529412,0.7218045112781954,0.6185567010309279,0.8664259927797834,0.35973846709225077,0.4352239396128016,0.6145833333333334,0.7708333333333334,0.8854166666666666,48.0,37.0,11.0,0.0,0.8288769957294724,0.8576388888888888,0.165582705375431,0.5134903706236313,0.17088632307587304,-0.022306311195204702,1.6978917704842424,20.0,0.3854166666666667,0.03670634920634921,1.0,1.0,0.18958333333333333,0.28750000000000003,0.5523656776263031,0.58397212543554,0.8605244836388953,0.8752776896223421,0.3235701013797283,0.40967368904452456,0.3943528525201333,0.4901006744224566,0.8013082346741843,0.9422218035244962,0.8373263888888889,0.9334201388888889,0.13419377601709623,0.175567412903251,20260727,2,Asia,340,96,V1-V10_financial_only
PONE2016_h2_target_Asia,20260727,KELM_PBMSBAINGO,triad,96,48,0.63108076303704,"Same-horizon leave-one-region-out transfer; source regions=Europe,North America; target region=Asia; source-only fit/search/calibration; target labels untouched until final evaluation; V1-V10 financial ratios only.",Plain KELM; hyperparameters/features selected only on search partition.,Platt_logistic_on_separate_calibration_partition,0.8421409554753223,0.7916666666666666,0.8958333333333334,0.8837209302325582,0.8351648351648352,0.8636363636363636,0.8085106382978723,0.691260557534428,0.7885037895887139,0.84375,0.10416666666666667,0.4479166666666667,38.0,5.0,43.0,10.0,0.8729639105730473,0.8741319444444444,0.16745190330629822,0.5150852510849072,0.191014072138323,-0.5978701864814784,2.4129028211948538,,,,0.65625,0.8083333333333333,0.875,0.9375,0.858095238095238,0.9236764705882353,0.6941797140912185,0.820247708424269,0.6118586995898517,0.7160359418658543,0.7201693326318371,0.8022254751927193,0.8219966397725152,0.8927345230886659,0.8289930555555556,0.8937934027777779,0.16433657426782863,0.1806474731309844,20260828,2,Asia,340,96,V1-V10_financial_only
PONE2016_h2_target_Asia,20260727,KELM_PBMSBAINGO,cost_1,96,48,0.5967814127529142,"Same-horizon leave-one-region-out transfer; source regions=Europe,North America; target region=Asia; source-only fit/search/calibration; target labels untouched until final evaluation; V1-V10 financial ratios only.",Plain KELM; hyperparameters/features selected only on search partition.,Platt_logistic_on_separate_calibration_partition,0.8431710977020026,0.8125,0.875,0.8666666666666667,0.8387096774193549,0.8552631578947368,0.8227848101265823,0.6888467201936644,0.7882270581829001,0.84375,0.125,0.46875,39.0,6.0,42.0,9.0,0.8729639105730473,0.8741319444444444,0.16745190330629822,0.5150852510849072,0.191014072138323,-0.5978701864814784,2.4129028211948538,1.0,0.15625,0.15625,0.7729166666666667,0.8520833333333333,0.8354166666666667,0.8958333333333334,0.8371521335807051,0.8883720930232558,0.7860169491525424,0.8499483516291122,0.6313627175553536,0.7266615613928498,0.747590576978565,0.8141822673074267,0.8440390385580441,0.8822204098085018,0.8315972222222221,0.8753472222222222,0.16425707870716272,0.18587144467085248,20260828,2,Asia,340,96,V1-V10_financial_only
PONE2016_h2_target_Asia,20260727,KELM_PBMSBAINGO,cost_2,96,48,0.2859693159542003,"Same-horizon leave-one-region-out transfer; source regions=Europe,North America; target region=Asia; source-only fit/search/calibration; target labels untouched until final evaluation; V1-V10 financial ratios only.",Plain KELM; hyperparameters/features selected only on search partition.,Platt_logistic_on_separate_calibration_partition,0.3535533905932738,1.0,0.125,0.5333333333333333,0.6956521739130435,0.5882352941176471,0.851063829787234,0.25819888974716115,0.31838660973658534,0.5625,0.875,0.9375,48.0,42.0,6.0,0.0,0.8729639105730473,0.8741319444444444,0.16745190330629822,0.5150852510849072,0.191014072138323,-0.5978701864814784,2.4129028211948538,2.0,0.4375,0.2916666666666667,1.0,1.0,0.06666666666666667,0.16666666666666666,0.5172633817795108,0.5454545454545454,0.8427003905523526,0.8571428571428571,0.1850851333710222,0.30151134457776363,0.23052681640670059,0.36902076288542446,0.8618860672946931,0.9158422777128319,0.8602864583333334,0.9020399305555555,0.1587399157357671,0.16641238908695496,20260828,2,Asia,340,96,V1-V10_financial_only
PONE2016_h2_target_Asia,20260727,KELM_PBMSBAINGO,cost_5,96,48,0.2859693159542003,"Same-horizon leave-one-region-out transfer; source regions=Europe,North America; target region=Asia; source-only fit/search/calibration; target labels untouched until final evaluation; V1-V10 financial ratios only.",Plain KELM; hyperparameters/features selected only on search partition.,Platt_logistic_on_separate_calibration_partition,0.3535533905932738,1.0,0.125,0.5333333333333333,0.6956521739130435,0.5882352941176471,0.851063829787234,0.25819888974716115,0.31838660973658534,0.5625,0.875,0.9375,48.0,42.0,6.0,0.0,0.8729639105730473,0.8741319444444444,0.16745190330629822,0.5150852510849072,0.191014072138323,-0.5978701864814784,2.4129028211948538,5.0,0.4375,0.14583333333333334,1.0,1.0,0.08333333333333333,0.10416666666666667,0.5217391304347826,0.5274725274725275,0.8450704225352113,0.8480565371024735,0.20851441405707474,0.2344036154692477,0.2590110417589152,0.29011110795301165,0.868613076992755,0.8978169050244691,0.8706597222222222,0.8925347222222223,0.16190074898086282,0.16861193971156999,20260828,2,Asia,340,96,V1-V10_financial_only
PONE2016_h2_target_Asia,20260727,KELM_PBMSBAINGO,cost_10,96,48,0.1855030791250516,"Same-horizon leave-one-region-out transfer; source regions=Europe,North America; target region=Asia; source-only fit/search/calibration; target labels untouched until final evaluation; V1-V10 financial ratios only.",Plain KELM; hyperparameters/features selected only on search partition.,Platt_logistic_on_separate_calibration_partition,0.25,1.0,0.0625,0.5161290322580645,0.6808510638297872,0.5714285714285714,0.8421052631578947,0.1796053020267749,0.22390633956822156,0.53125,0.9375,0.96875,48.0,45.0,3.0,0.0,0.8729639105730473,0.8741319444444444,0.16745190330629822,0.5150852510849072,0.191014072138323,-0.5978701864814784,2.4129028211948538,10.0,0.46875,0.08522727272727272,1.0,1.0,0.041666666666666664,0.0625,0.5106382978723404,0.5161290322580645,0.8391608391608392,0.8421052631578947,0.14586499149789456,0.1796053020267749,0.18249316773400426,0.22390633956822156,0.8646349342884612,0.9578090623311549,0.8651041666666667,0.9469184027777777,0.14969026064108723,0.18058410729022165,20260828,2,Asia,340,96,V1-V10_financial_only
PONE2016_h2_target_Asia,20260727,KELM_PBMSBAINGO,cost_20,96,48,0.1855030791250516,"Same-horizon leave-one-region-out transfer; source regions=Europe,North America; target region=Asia; source-only fit/search/calibration; target labels untouched until final evaluation; V1-V10 financial ratios only.",Plain KELM; hyperparameters/features selected only on search partition.,Platt_logistic_on_separate_calibration_partition,0.25,1.0,0.0625,0.5161290322580645,0.6808510638297872,0.5714285714285714,0.8421052631578947,0.1796053020267749,0.22390633956822156,0.53125,0.9375,0.96875,48.0,45.0,3.0,0.0,0.8729639105730473,0.8741319444444444,0.16745190330629822,0.5150852510849072,0.191014072138323,-0.5978701864814784,2.4129028211948538,20.0,0.46875,0.044642857142857144,1.0,1.0,0.0625,0.10416666666666667,0.5161290322580645,0.5274725274725275,0.8421052631578947,0.8480565371024735,0.1796053020267749,0.2344036154692477,0.22390633956822156,0.29011110795301165,0.81768835171606,0.9118941675062445,0.8151041666666667,0.9094618055555556,0.1587828727485416,0.19136772420618942,20260828,2,Asia,340,96,V1-V10_financial_only
PONE2016_h2_target_Asia,20260727,KELM_score_fusion,triad,96,48,0.718073791924877,"Same-horizon leave-one-region-out transfer; source regions=Europe,North America; target region=Asia; source-only fit/search/calibration; target labels untouched until final evaluation; V1-V10 financial ratios only.",Plain KELM plus HistGB score-level fusion; alpha=0.00 selected only on search partition.,Platt_logistic_on_separate_calibration_partition,0.7312470322826768,0.5833333333333334,0.9166666666666666,0.875,0.7,0.7954545454545454,0.625,0.5303300858899107,0.6569891028778054,0.75,0.08333333333333333,0.3333333333333333,28.0,4.0,44.0,20.0,0.8288769957294724,0.8576388888888888,0.165582705375431,0.5134903706236313,0.17088632307587304,-0.022306311195204702,1.6978917704842424,,,,0.5020833333333333,0.6208333333333333,0.8208333333333333,0.9354166666666667,0.7638397017707363,0.9052785923753666,0.5452488687782805,0.6611353711790393,0.40909398255498286,0.5841786536431358,0.5776709872373954,0.6965857598728967,0.7779110999287354,0.8509766809626157,0.8142795138888889,0.8865885416666667,0.1531186055875651,0.19193386643421453,20260830,2,Asia,340,96,V1-V10_financial_only
PONE2016_h2_target_Asia,20260727,KELM_score_fusion,cost_1,96,48,0.3821262298185767,"Same-horizon leave-one-region-out transfer; source regions=Europe,North America; target region=Asia; source-only fit/search/calibration; target labels untouched until final evaluation; V1-V10 financial ratios only.",Plain KELM plus HistGB score-level fusion; alpha=0.00 selected only on search partition.,Platt_logistic_on_separate_calibration_partition,0.7795119555779044,0.8333333333333334,0.7291666666666666,0.7547169811320755,0.7920792079207921,0.7692307692307693,0.8163265306122449,0.5655768198008957,0.7004530878680407,0.78125,0.2708333333333333,0.5520833333333334,40.0,13.0,35.0,8.0,0.8288769957294724,0.8576388888888888,0.165582705375431,0.5134903706236313,0.17088632307587304,-0.022306311195204702,1.6978917704842424,1.0,0.21875,0.21875,0.73125,0.8729166666666667,0.66875,0.8291666666666667,0.6882352941176471,0.836392156862745,0.7222222222222223,0.8653538754548855,0.40078354629449564,0.7027639504267809,0.580840782927805,0.7982283684433289,0.7510158535173975,0.8938929928418649,0.7938802083333334,0.893359375,0.14627288581764292,0.19594797594983163,20260830,2,Asia,340,96,V1-V10_financial_only
PONE2016_h2_target_Asia,20260727,KELM_score_fusion,cost_2,96,48,0.30869289534243827,"Same-horizon leave-one-region-out transfer; source regions=Europe,North America; target region=Asia; source-only fit/search/calibration; target labels untouched until final evaluation; V1-V10 financial ratios only.",Plain KELM plus HistGB score-level fusion; alpha=0.00 selected only on search partition.,Platt_logistic_on_separate_calibration_partition,0.7356851492920656,0.8958333333333334,0.6041666666666666,0.6935483870967742,0.7818181818181819,0.7263513513513513,0.8464566929133859,0.5227282102428386,0.6564776914366354,0.75,0.3958333333333333,0.6458333333333334,43.0,19.0,29.0,5.0,0.8288769957294724,0.8576388888888888,0.165582705375431,0.5134903706236313,0.17088632307587304,-0.022306311195204702,1.6978917704842424,2.0,0.3020833333333333,0.2013888888888889,0.7958333333333333,0.9145833333333333,0.5416666666666666,0.68125,0.6462701612903226,0.7162507608034083,0.7766993411537844,0.8635119340551182,0.3970357157380752,0.5582735961933427,0.5646758872205226,0.682429487724484,0.7535765603613698,0.9022140955793094,0.8023871527777778,0.8784288194444444,0.14993909080577952,0.1859000528835092,20260830,2,Asia,340,96,V1-V10_financial_only
PONE2016_h2_target_Asia,20260727,KELM_score_fusion,cost_5,96,48,0.2919405246064926,"Same-horizon leave-one-region-out transfer; source regions=Europe,North America; target region=Asia; source-only fit/search/calibration; target labels untouched until final evaluation; V1-V10 financial ratios only.",Plain KELM plus HistGB score-level fusion; alpha=0.00 selected only on search partition.,Platt_logistic_on_separate_calibration_partition,0.47871355387816905,1.0,0.22916666666666666,0.5647058823529412,0.7218045112781954,0.6185567010309279,0.8664259927797834,0.35973846709225077,0.4352239396128016,0.6145833333333334,0.7708333333333334,0.8854166666666666,48.0,37.0,11.0,0.0,0.8288769957294724,0.8576388888888888,0.165582705375431,0.5134903706236313,0.17088632307587304,-0.022306311195204702,1.6978917704842424,5.0,0.3854166666666667,0.1284722222222222,1.0,1.0,0.10208333333333333,0.35000000000000003,0.5273965426925091,0.606094702297234,0.8478361075544174,0.8849600583917927,0.22723903941198617,0.46053021111721437,0.2806119032723151,0.5441595076395469,0.7898702527721098,0.8654285430715711,0.8251302083333334,0.9046006944444445,0.1475636561571335,0.18508861676943855,20260830,2,Asia,340,96,V1-V10_financial_only
PONE2016_h2_target_Asia,20260727,KELM_score_fusion,cost_10,96,48,0.2919405246064926,"Same-horizon leave-one-region-out transfer; source regions=Europe,North America; target region=Asia; source-only fit/search/calibration; target labels untouched until final evaluation; V1-V10 financial ratios only.",Plain KELM plus HistGB score-level fusion; alpha=0.00 selected only on search partition.,Platt_logistic_on_separate_calibration_partition,0.47871355387816905,1.0,0.22916666666666666,0.5647058823529412,0.7218045112781954,0.6185567010309279,0.8664259927797834,0.35973846709225077,0.4352239396128016,0.6145833333333334,0.7708333333333334,0.8854166666666666,48.0,37.0,11.0,0.0,0.8288769957294724,0.8576388888888888,0.165582705375431,0.5134903706236313,0.17088632307587304,-0.022306311195204702,1.6978917704842424,10.0,0.3854166666666667,0.07007575757575757,1.0,1.0,0.11458333333333334,0.25,0.5305392282136469,0.5714285714285714,0.8495818186440247,0.8695652173913043,0.2450629708958466,0.3779644730092272,0.3025161586752056,0.4554740753781283,0.7905935477316187,0.8583790217400153,0.8473090277777777,0.8704427083333333,0.1579378641613112,0.17196398585000955,20260830,2,Asia,340,96,V1-V10_financial_only
PONE2016_h2_target_Asia,20260727,KELM_score_fusion,cost_20,96,48,0.2919405246064926,"Same-horizon leave-one-region-out transfer; source regions=Europe,North America; target region=Asia; source-only fit/search/calibration; target labels untouched until final evaluation; V1-V10 financial ratios only.",Plain KELM plus HistGB score-level fusion; alpha=0.00 selected only on search partition.,Platt_logistic_on_separate_calibration_partition,0.47871355387816905,1.0,0.22916666666666666,0.5647058823529412,0.7218045112781954,0.6185567010309279,0.8664259927797834,0.35973846709225077,0.4352239396128016,0.6145833333333334,0.7708333333333334,0.8854166666666666,48.0,37.0,11.0,0.0,0.8288769957294724,0.8576388888888888,0.165582705375431,0.5134903706236313,0.17088632307587304,-0.022306311195204702,1.6978917704842424,20.0,0.3854166666666667,0.03670634920634921,1.0,1.0,0.10833333333333334,0.26875,0.5286578589949377,0.5776247848537005,0.8486601360612653,0.8724110671936759,0.23900816172984807,0.3939810481464928,0.2955537821964383,0.47306509874143554,0.8600156140578032,0.9381085713336144,0.8880642361111111,0.9298177083333334,0.13810910010497232,0.15850233605174616,20260830,2,Asia,340,96,V1-V10_financial_only
PONE2016_h2_target_Asia,20260727,KELM_risk_feature,triad,96,48,0.6997931498834303,"Same-horizon leave-one-region-out transfer; source regions=Europe,North America; target region=Asia; source-only fit/search/calibration; target labels untouched until final evaluation; V1-V10 financial ratios only.",OOF HistGB risk is a forced KELM input; no score-level fusion.,Platt_logistic_on_separate_calibration_partition,0.7180703308172536,0.5625,0.9166666666666666,0.8709677419354839,0.6835443037974683,0.7848837209302325,0.6053811659192825,0.5123778072572299,0.6416646175353837,0.7395833333333333,0.08333333333333333,0.3229166666666667,27.0,4.0,44.0,21.0,0.8787560397733465,0.8710937499999999,0.15136007470084203,0.4782096117265427,0.11208502799483355,0.08631354077023486,1.7906753914197888,,,,0.5645833333333333,0.7270833333333333,0.8770833333333333,0.9979166666666667,0.8427432216905901,0.9964285714285714,0.6144949494949495,0.7600038476337053,0.5093685314917402,0.734640759714388,0.6456805120979632,0.8033582800871254,0.8614588954770264,0.9483657081197547,0.8435329861111112,0.9390190972222222,0.1143052139759458,0.16109931691180474,20260938,2,Asia,340,96,V1-V10_financial_only
PONE2016_h2_target_Asia,20260727,KELM_risk_feature,cost_1,96,48,0.6984424944776302,"Same-horizon leave-one-region-out transfer; source regions=Europe,North America; target region=Asia; source-only fit/search/calibration; target labels untouched until final evaluation; V1-V10 financial ratios only.",OOF HistGB risk is a forced KELM input; no score-level fusion.,Platt_logistic_on_separate_calibration_partition,0.7180703308172536,0.5625,0.9166666666666666,0.8709677419354839,0.6835443037974683,0.7848837209302325,0.6053811659192825,0.5123778072572299,0.6416646175353837,0.7395833333333333,0.08333333333333333,0.3229166666666667,27.0,4.0,44.0,21.0,0.8787560397733465,0.8710937499999999,0.15136007470084203,0.4782096117265427,0.11208502799483355,0.08631354077023486,1.7906753914197888,1.0,0.2604166666666667,0.2604166666666667,0.5208333333333334,0.64375,0.9166666666666666,0.9770833333333333,0.8640973630831642,0.9649071358748779,0.5661273993264324,0.6872645739910314,0.48205801670551796,0.6450394219365617,0.613690946164954,0.7338423440223971,0.8907128950668967,0.938619297418542,0.89921875,0.9332465277777777,0.1257414065968018,0.1422802100203495,20260938,2,Asia,340,96,V1-V10_financial_only
PONE2016_h2_target_Asia,20260727,KELM_risk_feature,cost_2,96,48,0.2750939682109169,"Same-horizon leave-one-region-out transfer; source regions=Europe,North America; target region=Asia; source-only fit/search/calibration; target labels untouched until final evaluation; V1-V10 financial ratios only.",OOF HistGB risk is a forced KELM input; no score-level fusion.,Platt_logistic_on_separate_calibration_partition,0.5994789404140899,0.9583333333333334,0.375,0.6052631578947368,0.7419354838709677,0.6534090909090909,0.8582089552238806,0.41039134083406165,0.5283422608165946,0.6666666666666667,0.625,0.7916666666666666,46.0,30.0,18.0,2.0,0.8787560397733465,0.8710937499999999,0.15136007470084203,0.4782096117265427,0.11208502799483355,0.08631354077023486,1.7906753914197888,2.0,0.3541666666666667,0.2361111111111111,0.9416666666666667,0.9791666666666666,0.4166666666666667,0.5354166666666667,0.6266666666666667,0.6774270399047052,0.8609157446321869,0.8990240728692258,0.469802007759148,0.5725360442218419,0.5802113679446962,0.6685414852701628,0.8750975519740222,0.9150497320846284,0.8768663194444444,0.9129340277777777,0.1288555694418433,0.15436555847034417,20260938,2,Asia,340,96,V1-V10_financial_only
PONE2016_h2_target_Asia,20260727,KELM_risk_feature,cost_5,96,48,0.2750939682109169,"Same-horizon leave-one-region-out transfer; source regions=Europe,North America; target region=Asia; source-only fit/search/calibration; target labels untouched until final evaluation; V1-V10 financial ratios only.",OOF HistGB risk is a forced KELM input; no score-level fusion.,Platt_logistic_on_separate_calibration_partition,0.5994789404140899,0.9583333333333334,0.375,0.6052631578947368,0.7419354838709677,0.6534090909090909,0.8582089552238806,0.41039134083406165,0.5283422608165946,0.6666666666666667,0.625,0.7916666666666666,46.0,30.0,18.0,2.0,0.8787560397733465,0.8710937499999999,0.15136007470084203,0.4782096117265427,0.11208502799483355,0.08631354077023486,1.7906753914197888,5.0,0.4166666666666667,0.1388888888888889,0.88125,0.9958333333333333,0.30000000000000004,0.5854166666666666,0.5766549295774648,0.6959703947368421,0.8029008416285727,0.8938607742537313,0.31124792767985854,0.5683707513469206,0.45631044183132047,0.6788342245493091,0.845445385007056,0.9105118085079629,0.8376736111111112,0.900173611111111,0.13767448900062937,0.15891742867465372,20260938,2,Asia,340,96,V1-V10_financial_only
PONE2016_h2_target_Asia,20260727,KELM_risk_feature,cost_10,96,48,0.2750939682109169,"Same-horizon leave-one-region-out transfer; source regions=Europe,North America; target region=Asia; source-only fit/search/calibration; target labels untouched until final evaluation; V1-V10 financial ratios only.",OOF HistGB risk is a forced KELM input; no score-level fusion.,Platt_logistic_on_separate_calibration_partition,0.5994789404140899,0.9583333333333334,0.375,0.6052631578947368,0.7419354838709677,0.6534090909090909,0.8582089552238806,0.41039134083406165,0.5283422608165946,0.6666666666666667,0.625,0.7916666666666666,46.0,30.0,18.0,2.0,0.8787560397733465,0.8710937499999999,0.15136007470084203,0.4782096117265427,0.11208502799483355,0.08631354077023486,1.7906753914197888,10.0,0.5208333333333334,0.0946969696969697,0.9375,0.9979166666666667,0.31875,0.41458333333333336,0.5941441441441441,0.6250389610389611,0.8458646616541353,0.8800469193727621,0.39654527767728776,0.47532489300787917,0.5138932584177786,0.5768378884539158,0.8525367333681951,0.9275017106942727,0.8352430555555557,0.9177517361111112,0.13774741001945576,0.1670968331233337,20260938,2,Asia,340,96,V1-V10_financial_only
PONE2016_h2_target_Asia,20260727,KELM_risk_feature,cost_20,96,48,0.2750939682109169,"Same-horizon leave-one-region-out transfer; source regions=Europe,North America; target region=Asia; source-only fit/search/calibration; target labels untouched until final evaluation; V1-V10 financial ratios only.",OOF HistGB risk is a forced KELM input; no score-level fusion.,Platt_logistic_on_separate_calibration_partition,0.5994789404140899,0.9583333333333334,0.375,0.6052631578947368,0.7419354838709677,0.6534090909090909,0.8582089552238806,0.41039134083406165,0.5283422608165946,0.6666666666666667,0.625,0.7916666666666666,46.0,30.0,18.0,2.0,0.8787560397733465,0.8710937499999999,0.15136007470084203,0.4782096117265427,0.11208502799483355,0.08631354077023486,1.7906753914197888,20.0,0.7291666666666666,0.06944444444444445,0.9166666666666666,0.9770833333333333,0.23958333333333331,0.5083333333333333,0.5614661654135339,0.6608108108108107,0.8212029738945721,0.8782483758120939,0.30851119448042724,0.5192376800990007,0.417583617083306,0.6315854738303405,0.843686780579739,0.9097150275361107,0.8437065972222223,0.9014756944444444,0.13913736289695655,0.16326296337741353,20260938,2,Asia,340,96,V1-V10_financial_only
PONE2016_h2_target_Asia,20260727,Full_PBMSBAINGO,triad,96,48,0.6663525594400561,"Same-horizon leave-one-region-out transfer; source regions=Europe,North America; target region=Asia; source-only fit/search/calibration; target labels untouched until final evaluation; V1-V10 financial ratios only.",Risk feature plus score fusion; alpha=0.70 selected only on search partition.,Platt_logistic_on_separate_calibration_partition,0.7694243880258078,0.6458333333333334,0.9166666666666666,0.8857142857142857,0.7469879518072289,0.824468085106383,0.6828193832599119,0.5843389347222367,0.7019921246874938,0.78125,0.08333333333333333,0.3645833333333333,31.0,4.0,44.0,17.0,0.8329361632125962,0.834201388888889,0.164766015956219,0.5118481051742115,0.11890448685988776,-0.09493949704480092,1.6510295674402653,,,,0.5520833333333333,0.6875,0.8770833333333333,0.95625,0.839454094292804,0.9366310160427808,0.593247747926505,0.7199001871490954,0.47830652245745675,0.6344864574735398,0.6191228560408198,0.7327305021723903,0.7892603520212105,0.8728300249522438,0.8038194444444443,0.8690104166666667,0.1494331692249593,0.17946110483778818,20261034,2,Asia,340,96,V1-V10_financial_only
PONE2016_h2_target_Asia,20260727,Full_PBMSBAINGO,cost_1,96,48,0.5728598427679445,"Same-horizon leave-one-region-out transfer; source regions=Europe,North America; target region=Asia; source-only fit/search/calibration; target labels untouched until final evaluation; V1-V10 financial ratios only.",Risk feature plus score fusion; alpha=0.70 selected only on search partition.,Platt_logistic_on_separate_calibration_partition,0.7728015412913086,0.6666666666666666,0.8958333333333334,0.8648648648648649,0.7529411764705882,0.8163265306122449,0.6986899563318777,0.5778789783381384,0.7014406843052422,0.78125,0.10416666666666667,0.3854166666666667,32.0,5.0,43.0,16.0,0.8329361632125962,0.834201388888889,0.164766015956219,0.5118481051742115,0.11890448685988776,-0.09493949704480092,1.6510295674402653,1.0,0.21875,0.21875,0.66875,0.7875,0.78125,0.9541666666666667,0.7607142857142857,0.9418275418275418,0.698736214935978,0.8076923076923077,0.4717276927873238,0.7131692570236811,0.6323366744170701,0.8018740031204475,0.7657382995694292,0.9094521610043971,0.7674479166666667,0.8940972222222221,0.1381915584501245,0.1899554315772376,20261034,2,Asia,340,96,V1-V10_financial_only
PONE2016_h2_target_Asia,20260727,Full_PBMSBAINGO,cost_2,96,48,0.3077159065122361,"Same-horizon leave-one-region-out transfer; source regions=Europe,North America; target region=Asia; source-only fit/search/calibration; target labels untouched until final evaluation; V1-V10 financial ratios only.",Risk feature plus score fusion; alpha=0.70 selected only on search partition.,Platt_logistic_on_separate_calibration_partition,0.6091746465505602,0.9375,0.3958333333333333,0.6081081081081081,0.7377049180327869,0.6540697674418605,0.8458646616541353,0.39654527767728776,0.5279492056590575,0.6666666666666666,0.6041666666666666,0.7708333333333334,45.0,29.0,19.0,3.0,0.8329361632125962,0.834201388888889,0.164766015956219,0.5118481051742115,0.11890448685988776,-0.09493949704480092,1.6510295674402653,2.0,0.3645833333333333,0.24305555555555555,0.91875,0.9375,0.33749999999999997,0.45625,0.5854334854334854,0.6329225352112676,0.828004024932219,0.8551892499135845,0.3405865983821239,0.44918059729151977,0.47544359024413485,0.5770190891865542,0.7838576588476944,0.8743532674641646,0.7931423611111111,0.8684895833333334,0.14633595772763103,0.17939544511807654,20261034,2,Asia,340,96,V1-V10_financial_only
PONE2016_h2_target_Asia,20260727,Full_PBMSBAINGO,cost_5,96,48,0.2443130484692748,"Same-horizon leave-one-region-out transfer; source regions=Europe,North America; target region=Asia; source-only fit/search/calibration; target labels untouched until final evaluation; V1-V10 financial ratios only.",Risk feature plus score fusion; alpha=0.70 selected only on search partition.,Platt_logistic_on_separate_calibration_partition,0.14433756729740643,1.0,0.020833333333333332,0.5052631578947369,0.6713286713286714,0.5607476635514018,0.8362369337979094,0.10259783520851541,0.12881476730399327,0.5104166666666666,0.9791666666666666,0.9895833333333334,48.0,47.0,1.0,0.0,0.8329361632125962,0.834201388888889,0.164766015956219,0.5118481051742115,0.11890448685988776,-0.09493949704480092,1.6510295674402653,5.0,0.4895833333333333,0.16319444444444445,1.0,1.0,0.0020833333333333333,0.06041666666666667,0.5005263157894737,0.515579958819492,0.8336236933797909,0.8418108207581891,0.010259783520851542,0.17623127097388688,0.012881476730399327,0.21976502238479984,0.8306912720207704,0.9135766633545703,0.8374565972222221,0.904296875,0.13802269105825724,0.15666077678398743,20261034,2,Asia,340,96,V1-V10_financial_only
PONE2016_h2_target_Asia,20260727,Full_PBMSBAINGO,cost_10,96,48,0.2443130484692748,"Same-horizon leave-one-region-out transfer; source regions=Europe,North America; target region=Asia; source-only fit/search/calibration; target labels untouched until final evaluation; V1-V10 financial ratios only.",Risk feature plus score fusion; alpha=0.70 selected only on search partition.,Platt_logistic_on_separate_calibration_partition,0.14433756729740643,1.0,0.020833333333333332,0.5052631578947369,0.6713286713286714,0.5607476635514018,0.8362369337979094,0.10259783520851541,0.12881476730399327,0.5104166666666666,0.9791666666666666,0.9895833333333334,48.0,47.0,1.0,0.0,0.8329361632125962,0.834201388888889,0.164766015956219,0.5118481051742115,0.11890448685988776,-0.09493949704480092,1.6510295674402653,10.0,0.4895833333333333,0.08901515151515152,1.0,1.0,0.0,0.03958333333333333,0.5,0.51010078387458,0.8333333333333334,0.8388684486245462,0.0,0.14153827586895665,0.0,0.17712532769100314,0.8151104299359135,0.869346723183682,0.7993923611111111,0.8539496527777777,0.15423946618937195,0.1736621121823658,20261034,2,Asia,340,96,V1-V10_financial_only
PONE2016_h2_target_Asia,20260727,Full_PBMSBAINGO,cost_20,96,48,0.2443130484692748,"Same-horizon leave-one-region-out transfer; source regions=Europe,North America; target region=Asia; source-only fit/search/calibration; target labels untouched until final evaluation; V1-V10 financial ratios only.",Risk feature plus score fusion; alpha=0.70 selected only on search partition.,Platt_logistic_on_separate_calibration_partition,0.14433756729740643,1.0,0.020833333333333332,0.5052631578947369,0.6713286713286714,0.5607476635514018,0.8362369337979094,0.10259783520851541,0.12881476730399327,0.5104166666666666,0.9791666666666666,0.9895833333333334,48.0,47.0,1.0,0.0,0.8329361632125962,0.834201388888889,0.164766015956219,0.5118481051742115,0.11890448685988776,-0.09493949704480092,1.6510295674402653,20.0,0.4895833333333333,0.04662698412698413,1.0,1.0,0.0020833333333333333,0.03958333333333333,0.5005263157894737,0.51010078387458,0.8336236933797909,0.8388684486245462,0.010259783520851542,0.14153827586895665,0.012881476730399327,0.17712532769100314,0.8040840196499529,0.8794625207553645,0.7949652777777777,0.8719618055555556,0.14883050427652425,0.18124461806334488,20261034,2,Asia,340,96,V1-V10_financial_only
PONE2016_h2_target_Asia,20260727,Uncertainty_gated_fusion,triad,96,48,0.6997931498834303,"Same-horizon leave-one-region-out transfer; source regions=Europe,North America; target region=Asia; source-only fit/search/calibration; target labels untouched until final evaluation; V1-V10 financial ratios only.","One-standard-error paired-bootstrap gate selected KELM_risk_feature; search utility difference=0.0040, required margin=0.0125.",Platt_logistic_on_separate_calibration_partition,0.7180703308172536,0.5625,0.9166666666666666,0.8709677419354839,0.6835443037974683,0.7848837209302325,0.6053811659192825,0.5123778072572299,0.6416646175353837,0.7395833333333333,0.08333333333333333,0.3229166666666667,27.0,4.0,44.0,21.0,0.8787560397733465,0.8710937499999999,0.15136007470084203,0.4782096117265427,0.11208502799483355,0.08631354077023486,1.7906753914197888,,,,0.46249999999999997,0.675,0.8604166666666666,0.9354166666666667,0.7993212669683257,0.9120967741935484,0.508673894912427,0.7118539060656125,0.4232945412470845,0.6321852826568356,0.5649478493074486,0.7360416894674492,0.8476612255306839,0.9330838580460061,0.8292534722222222,0.9189670138888888,0.12718102020017188,0.16860525091286704,20261080,2,Asia,340,96,V1-V10_financial_only
PONE2016_h2_target_Asia,20260727,Uncertainty_gated_fusion,cost_1,96,48,0.6984424944776302,"Same-horizon leave-one-region-out transfer; source regions=Europe,North America; target region=Asia; source-only fit/search/calibration; target labels untouched until final evaluation; V1-V10 financial ratios only.","One-standard-error paired-bootstrap gate selected KELM_risk_feature; search utility difference=0.0040, required margin=0.0125.",Platt_logistic_on_separate_calibration_partition,0.7180703308172536,0.5625,0.9166666666666666,0.8709677419354839,0.6835443037974683,0.7848837209302325,0.6053811659192825,0.5123778072572299,0.6416646175353837,0.7395833333333333,0.08333333333333333,0.3229166666666667,27.0,4.0,44.0,21.0,0.8787560397733465,0.8710937499999999,0.15136007470084203,0.4782096117265427,0.11208502799483355,0.08631354077023486,1.7906753914197888,1.0,0.2604166666666667,0.2604166666666667,0.5833333333333334,0.64375,0.8958333333333334,0.9729166666666667,0.8497474747474748,0.959203036053131,0.6225,0.6791066792541893,0.5070196781112316,0.6380663142000916,0.642762992869915,0.7292675003882344,0.8712727241729377,0.923004262428015,0.8512152777777777,0.9131076388888889,0.13005202386640907,0.15235593954137405,20261080,2,Asia,340,96,V1-V10_financial_only
PONE2016_h2_target_Asia,20260727,Uncertainty_gated_fusion,cost_2,96,48,0.2750939682109169,"Same-horizon leave-one-region-out transfer; source regions=Europe,North America; target region=Asia; source-only fit/search/calibration; target labels untouched until final evaluation; V1-V10 financial ratios only.","One-standard-error paired-bootstrap gate selected KELM_risk_feature; search utility difference=0.0040, required margin=0.0125.",Platt_logistic_on_separate_calibration_partition,0.5994789404140899,0.9583333333333334,0.375,0.6052631578947368,0.7419354838709677,0.6534090909090909,0.8582089552238806,0.41039134083406165,0.5283422608165946,0.6666666666666667,0.625,0.7916666666666666,46.0,30.0,18.0,2.0,0.8787560397733465,0.8710937499999999,0.15136007470084203,0.4782096117265427,0.11208502799483355,0.08631354077023486,1.7906753914197888,2.0,0.3541666666666667,0.2361111111111111,0.8833333333333333,1.0,0.2791666666666667,0.4354166666666667,0.5804819277108434,0.6281622487101939,0.8081664986317154,0.8844085652752438,0.33492462225187103,0.46386611865954197,0.4767930411961461,0.5761445251351526,0.8628855959981634,0.9082308757191562,0.8373263888888888,0.9001302083333333,0.14326972875994057,0.16217572529244423,20261080,2,Asia,340,96,V1-V10_financial_only
PONE2016_h2_target_Asia,20260727,Uncertainty_gated_fusion,cost_5,96,48,0.2750939682109169,"Same-horizon leave-one-region-out transfer; source regions=Europe,North America; target region=Asia; source-only fit/search/calibration; target labels untouched until final evaluation; V1-V10 financial ratios only.","One-standard-error paired-bootstrap gate selected KELM_risk_feature; search utility difference=0.0040, required margin=0.0125.",Platt_logistic_on_separate_calibration_partition,0.5994789404140899,0.9583333333333334,0.375,0.6052631578947368,0.7419354838709677,0.6534090909090909,0.8582089552238806,0.41039134083406165,0.5283422608165946,0.6666666666666667,0.625,0.7916666666666666,46.0,30.0,18.0,2.0,0.8787560397733465,0.8710937499999999,0.15136007470084203,0.4782096117265427,0.11208502799483355,0.08631354077023486,1.7906753914197888,5.0,0.4166666666666667,0.1388888888888889,0.9375,0.9958333333333333,0.3125,0.3958333333333333,0.5769230769230769,0.6128108108108108,0.8333333333333334,0.8802599691562017,0.32025630761017426,0.44532820955767455,0.45440140277699065,0.5441438894775114,0.83217834814512,0.9146782726118492,0.822439236111111,0.9008680555555554,0.1400976241473069,0.17231457097906008,20261080,2,Asia,340,96,V1-V10_financial_only
PONE2016_h2_target_Asia,20260727,Uncertainty_gated_fusion,cost_10,96,48,0.2750939682109169,"Same-horizon leave-one-region-out transfer; source regions=Europe,North America; target region=Asia; source-only fit/search/calibration; target labels untouched until final evaluation; V1-V10 financial ratios only.","One-standard-error paired-bootstrap gate selected KELM_risk_feature; search utility difference=0.0040, required margin=0.0125.",Platt_logistic_on_separate_calibration_partition,0.5994789404140899,0.9583333333333334,0.375,0.6052631578947368,0.7419354838709677,0.6534090909090909,0.8582089552238806,0.41039134083406165,0.5283422608165946,0.6666666666666667,0.625,0.7916666666666666,46.0,30.0,18.0,2.0,0.8787560397733465,0.8710937499999999,0.15136007470084203,0.4782096117265427,0.11208502799483355,0.08631354077023486,1.7906753914197888,10.0,0.5208333333333334,0.0946969696969697,0.9208333333333333,0.9583333333333334,0.29791666666666666,0.41458333333333336,0.5772402597402597,0.6199857752489332,0.8317286348501665,0.8640163842441926,0.33847632630472513,0.44254122773166005,0.4598774389225944,0.5592330968658222,0.8461678175695357,0.9194401206809109,0.8363281250000001,0.9134982638888888,0.13034336052120407,0.16300565407731693,20261080,2,Asia,340,96,V1-V10_financial_only
PONE2016_h2_target_Asia,20260727,Uncertainty_gated_fusion,cost_20,96,48,0.2750939682109169,"Same-horizon leave-one-region-out transfer; source regions=Europe,North America; target region=Asia; source-only fit/search/calibration; target labels untouched until final evaluation; V1-V10 financial ratios only.","One-standard-error paired-bootstrap gate selected KELM_risk_feature; search utility difference=0.0040, required margin=0.0125.",Platt_logistic_on_separate_calibration_partition,0.5994789404140899,0.9583333333333334,0.375,0.6052631578947368,0.7419354838709677,0.6534090909090909,0.8582089552238806,0.41039134083406165,0.5283422608165946,0.6666666666666667,0.625,0.7916666666666666,46.0,30.0,18.0,2.0,0.8787560397733465,0.8710937499999999,0.15136007470084203,0.4782096117265427,0.11208502799483355,0.08631354077023486,1.7906753914197888,20.0,0.7291666666666666,0.06944444444444445,0.9791666666666666,1.0,0.3541666666666667,0.4520833333333333,0.6030671859785783,0.6417897171321829,0.8710199004975124,0.8916532229781862,0.43047659497604107,0.5109243453459144,0.5309184609299682,0.6095748385898163,0.8900069766559195,0.9371019982800981,0.883203125,0.9266059027777778,0.12808990077816743,0.1530379281217219,20261080,2,Asia,340,96,V1-V10_financial_only
PONE2016_h2_target_Asia,20260727,Full_random_search,triad,96,48,0.7277160926060038,"Same-horizon leave-one-region-out transfer; source regions=Europe,North America; target region=Asia; source-only fit/search/calibration; target labels untouched until final evaluation; V1-V10 financial ratios only.",Same full architecture and 81 evaluations as PBMSBAINGO; alpha=0.70.,Platt_logistic_on_separate_calibration_partition,0.739509972887452,0.5833333333333334,0.9375,0.9032258064516129,0.7088607594936709,0.813953488372093,0.6278026905829597,0.5569323991926413,0.6728168374293719,0.7604166666666667,0.0625,0.3229166666666667,28.0,3.0,45.0,20.0,0.8307157186313565,0.8237847222222223,0.16246502542615895,0.5048827769943238,0.09826053139380848,-0.04156367884473903,1.5561473293854635,,,,0.5208333333333334,0.7229166666666667,0.9395833333333333,0.9791666666666666,0.8961640211640212,0.9719696969696969,0.5684412619344127,0.7619005847953216,0.5070527729546614,0.7263955106677703,0.6283747698946021,0.8010828093915531,0.8379037872429747,0.912558964411768,0.8355034722222221,0.9012586805555556,0.12799543644787292,0.1649357428489485,20261128,2,Asia,340,96,V1-V10_financial_only
PONE2016_h2_target_Asia,20260727,Full_random_search,cost_1,96,48,0.7284300299864129,"Same-horizon leave-one-region-out transfer; source regions=Europe,North America; target region=Asia; source-only fit/search/calibration; target labels untouched until final evaluation; V1-V10 financial ratios only.",Same full architecture and 81 evaluations as PBMSBAINGO; alpha=0.70.,Platt_logistic_on_separate_calibration_partition,0.739509972887452,0.5833333333333334,0.9375,0.9032258064516129,0.7088607594936709,0.813953488372093,0.6278026905829597,0.5569323991926413,0.6728168374293719,0.7604166666666667,0.0625,0.3229166666666667,28.0,3.0,45.0,20.0,0.8307157186313565,0.8237847222222223,0.16246502542615895,0.5048827769943238,0.09826053139380848,-0.04156367884473903,1.5561473293854635,1.0,0.23958333333333334,0.23958333333333334,0.46875,0.61875,0.91875,0.9770833333333333,0.8718709677419355,0.9640711902113459,0.5167593147486103,0.6664671387699613,0.45711710782802084,0.638153165468734,0.5849751534250436,0.7279208840807733,0.7661064585411331,0.8892722010495847,0.7552517361111111,0.872265625,0.1400157545741288,0.17563661272105968,20261128,2,Asia,340,96,V1-V10_financial_only
PONE2016_h2_target_Asia,20260727,Full_random_search,cost_2,96,48,0.3615941717818903,"Same-horizon leave-one-region-out transfer; source regions=Europe,North America; target region=Asia; source-only fit/search/calibration; target labels untouched until final evaluation; V1-V10 financial ratios only.",Same full architecture and 81 evaluations as PBMSBAINGO; alpha=0.70.,Platt_logistic_on_separate_calibration_partition,0.7586308940013802,0.8125,0.7083333333333334,0.7358490566037735,0.7722772277227723,0.75,0.7959183673469388,0.5236822405563849,0.670465288656822,0.7604166666666667,0.2916666666666667,0.5520833333333334,39.0,14.0,34.0,9.0,0.8307157186313565,0.8237847222222223,0.16246502542615895,0.5048827769943238,0.09826053139380848,-0.04156367884473903,1.5561473293854635,2.0,0.3333333333333333,0.2222222222222222,0.79375,0.8916666666666667,0.6729166666666666,0.7895833333333333,0.7304420073113991,0.8023755656108598,0.7842822161003979,0.85527847457905,0.5274561161476758,0.6451067414597208,0.6734650830735703,0.7577403133548447,0.851694695643209,0.9065551160347057,0.8004774305555555,0.8809461805555555,0.146042892682493,0.16638244288750725,20261128,2,Asia,340,96,V1-V10_financial_only
PONE2016_h2_target_Asia,20260727,Full_random_search,cost_5,96,48,0.0,"Same-horizon leave-one-region-out transfer; source regions=Europe,North America; target region=Asia; source-only fit/search/calibration; target labels untouched until final evaluation; V1-V10 financial ratios only.",Same full architecture and 81 evaluations as PBMSBAINGO; alpha=0.70.,Platt_logistic_on_separate_calibration_partition,0.0,1.0,0.0,0.5,0.6666666666666666,0.5555555555555556,0.8333333333333334,0.0,0.0,0.5,1.0,1.0,48.0,48.0,0.0,0.0,0.8307157186313565,0.8237847222222223,0.16246502542615895,0.5048827769943238,0.09826053139380848,-0.04156367884473903,1.5561473293854635,5.0,0.5,0.16666666666666666,1.0,1.0,0.0,0.0,0.5,0.5,0.8333333333333334,0.8333333333333334,0.0,0.0,0.0,0.0,0.7988555005215328,0.9225255587684285,0.7549479166666667,0.8842013888888889,0.14537510808101564,0.18748935928452773,20261128,2,Asia,340,96,V1-V10_financial_only
PONE2016_h2_target_Asia,20260727,Full_random_search,cost_10,96,48,0.0,"Same-horizon leave-one-region-out transfer; source regions=Europe,North America; target region=Asia; source-only fit/search/calibration; target labels untouched until final evaluation; V1-V10 financial ratios only.",Same full architecture and 81 evaluations as PBMSBAINGO; alpha=0.70.,Platt_logistic_on_separate_calibration_partition,0.0,1.0,0.0,0.5,0.6666666666666666,0.5555555555555556,0.8333333333333334,0.0,0.0,0.5,1.0,1.0,48.0,48.0,0.0,0.0,0.8307157186313565,0.8237847222222223,0.16246502542615895,0.5048827769943238,0.09826053139380848,-0.04156367884473903,1.5561473293854635,10.0,0.5,0.09090909090909091,1.0,1.0,0.0,0.0,0.5,0.5,0.8333333333333334,0.8333333333333334,0.0,0.0,0.0,0.0,0.7454504012570644,0.8551125786009525,0.7437065972222222,0.8748697916666667,0.1509748206577172,0.17665752310319194,20261128,2,Asia,340,96,V1-V10_financial_only
PONE2016_h2_target_Asia,20260727,Full_random_search,cost_20,96,48,0.0,"Same-horizon leave-one-region-out transfer; source regions=Europe,North America; target region=Asia; source-only fit/search/calibration; target labels untouched until final evaluation; V1-V10 financial ratios only.",Same full architecture and 81 evaluations as PBMSBAINGO; alpha=0.70.,Platt_logistic_on_separate_calibration_partition,0.0,1.0,0.0,0.5,0.6666666666666666,0.5555555555555556,0.8333333333333334,0.0,0.0,0.5,1.0,1.0,48.0,48.0,0.0,0.0,0.8307157186313565,0.8237847222222223,0.16246502542615895,0.5048827769943238,0.09826053139380848,-0.04156367884473903,1.5561473293854635,20.0,0.5,0.047619047619047616,1.0,1.0,0.0,0.0,0.5,0.5,0.8333333333333334,0.8333333333333334,0.0,0.0,0.0,0.0,0.7682272221913452,0.8535957082493257,0.7791666666666666,0.8441406250000001,0.14872669679563694,0.1852985337089974,20261128,2,Asia,340,96,V1-V10_financial_only
PONE2016_h2_target_Asia,20260727,Balanced_logistic,triad,96,48,0.501939709892836,"Same-horizon leave-one-region-out transfer; source regions=Europe,North America; target region=Asia; source-only fit/search/calibration; target labels untouched until final evaluation; V1-V10 financial ratios only.",Class-weighted logistic reference using the same source-only fit/search/calibration and untouched regional target.,Platt_logistic_on_separate_calibration_partition,0.8322910148099241,0.7916666666666666,0.875,0.8636363636363636,0.8260869565217391,0.8482142857142857,0.8050847457627118,0.6689936080056726,0.7738511996268008,0.8333333333333333,0.125,0.4583333333333333,38.0,6.0,42.0,10.0,0.9124399524683342,0.9144965277777777,0.21909030932471105,0.6304463869207919,0.28334122270758516,0.19704552523895033,15.212104883923757,,,,0.6749999999999999,0.9083333333333333,0.8395833333333333,0.9145833333333333,0.848024948024948,0.8988888888888888,0.7064071675952417,0.895863595490074,0.5872847645948538,0.7504155287323443,0.7087140403970928,0.8300638378899767,0.8591126891516361,0.9530856863154675,0.8889322916666667,0.9511284722222223,0.21232966442966444,0.22213743696494329,20262028,2,Asia,340,96,V1-V10_financial_only
PONE2016_h2_target_Asia,20260727,Balanced_logistic,cost_1,96,48,0.4606611459324106,"Same-horizon leave-one-region-out transfer; source regions=Europe,North America; target region=Asia; source-only fit/search/calibration; target labels untouched until final evaluation; V1-V10 financial ratios only.",Class-weighted logistic reference using the same source-only fit/search/calibration and untouched regional target.,Platt_logistic_on_separate_calibration_partition,0.6614378277661477,1.0,0.4375,0.64,0.7804878048780488,0.6896551724137931,0.898876404494382,0.529150262212918,0.6140244870976886,0.71875,0.5625,0.78125,48.0,27.0,21.0,0.0,0.9124399524683342,0.9144965277777777,0.21909030932471105,0.6304463869207919,0.28334122270758516,0.19704552523895033,15.212104883923757,1.0,0.28125,0.28125,1.0,1.0,0.3833333333333333,0.5520833333333334,0.6187110187110187,0.6909518213866039,0.8902255639097744,0.9178117708063261,0.48687099095436237,0.6175138936347289,0.5712832590444399,0.6983714696028392,0.9194444269745685,0.9698886099789629,0.9122395833333333,0.9654947916666666,0.21261598815911767,0.2206258749801797,20262028,2,Asia,340,96,V1-V10_financial_only
PONE2016_h2_target_Asia,20260727,Balanced_logistic,cost_2,96,48,0.4606611459324106,"Same-horizon leave-one-region-out transfer; source regions=Europe,North America; target region=Asia; source-only fit/search/calibration; target labels untouched until final evaluation; V1-V10 financial ratios only.",Class-weighted logistic reference using the same source-only fit/search/calibration and untouched regional target.,Platt_logistic_on_separate_calibration_partition,0.6614378277661477,1.0,0.4375,0.64,0.7804878048780488,0.6896551724137931,0.898876404494382,0.529150262212918,0.6140244870976886,0.71875,0.5625,0.78125,48.0,27.0,21.0,0.0,0.9124399524683342,0.9144965277777777,0.21909030932471105,0.6304463869207919,0.28334122270758516,0.19704552523895033,15.212104883923757,2.0,0.28125,0.1875,1.0,1.0,0.3395833333333333,0.47708333333333336,0.6023376623376623,0.6566456867826731,0.8833369779138421,0.905319903532416,0.4521664995834823,0.5597036366037255,0.5353570740181557,0.6439383222680989,0.8594295619164312,0.967001662830934,0.8575520833333333,0.9617621527777779,0.21031628202679337,0.22565991216416878,20262028,2,Asia,340,96,V1-V10_financial_only
PONE2016_h2_target_Asia,20260727,Balanced_logistic,cost_5,96,48,0.424778301946944,"Same-horizon leave-one-region-out transfer; source regions=Europe,North America; target region=Asia; source-only fit/search/calibration; target labels untouched until final evaluation; V1-V10 financial ratios only.",Class-weighted logistic reference using the same source-only fit/search/calibration and untouched regional target.,Platt_logistic_on_separate_calibration_partition,0.3227486121839514,1.0,0.10416666666666667,0.5274725274725275,0.6906474820143885,0.5825242718446602,0.8480565371024735,0.2344036154692477,0.29011110795301165,0.5520833333333334,0.8958333333333334,0.9479166666666666,48.0,43.0,5.0,0.0,0.9124399524683342,0.9144965277777777,0.21909030932471105,0.6304463869207919,0.28334122270758516,0.19704552523895033,15.212104883923757,5.0,0.4479166666666667,0.14930555555555555,1.0,1.0,0.010416666666666668,0.16458333333333333,0.5027472527472527,0.5448416751787538,0.8348056537102474,0.8568378240976106,0.023440361546924773,0.2994051179275124,0.029011110795301165,0.3665724716356098,0.8689575414526013,0.9214780181858777,0.8759982638888889,0.9320312499999999,0.2148068705507127,0.22404459628488252,20262028,2,Asia,340,96,V1-V10_financial_only
PONE2016_h2_target_Asia,20260727,Balanced_logistic,cost_10,96,48,0.424778301946944,"Same-horizon leave-one-region-out transfer; source regions=Europe,North America; target region=Asia; source-only fit/search/calibration; target labels untouched until final evaluation; V1-V10 financial ratios only.",Class-weighted logistic reference using the same source-only fit/search/calibration and untouched regional target.,Platt_logistic_on_separate_calibration_partition,0.3227486121839514,1.0,0.10416666666666667,0.5274725274725275,0.6906474820143885,0.5825242718446602,0.8480565371024735,0.2344036154692477,0.29011110795301165,0.5520833333333334,0.8958333333333334,0.9479166666666666,48.0,43.0,5.0,0.0,0.9124399524683342,0.9144965277777777,0.21909030932471105,0.6304463869207919,0.28334122270758516,0.19704552523895033,15.212104883923757,10.0,0.4479166666666667,0.08143939393939394,1.0,1.0,0.04375,0.12291666666666666,0.5111873713109127,0.5327472527472528,0.8394552815605447,0.850763100518758,0.14923902255078259,0.2558193623193698,0.18663448491742599,0.31555905955822794,0.8967099348024583,0.9813512977735566,0.8934895833333333,0.9777777777777777,0.21254995551992018,0.22422715213583896,20262028,2,Asia,340,96,V1-V10_financial_only
PONE2016_h2_target_Asia,20260727,Balanced_logistic,cost_20,96,48,0.424778301946944,"Same-horizon leave-one-region-out transfer; source regions=Europe,North America; target region=Asia; source-only fit/search/calibration; target labels untouched until final evaluation; V1-V10 financial ratios only.",Class-weighted logistic reference using the same source-only fit/search/calibration and untouched regional target.,Platt_logistic_on_separate_calibration_partition,0.3227486121839514,1.0,0.10416666666666667,0.5274725274725275,0.6906474820143885,0.5825242718446602,0.8480565371024735,0.2344036154692477,0.29011110795301165,0.5520833333333334,0.8958333333333334,0.9479166666666666,48.0,43.0,5.0,0.0,0.9124399524683342,0.9144965277777777,0.21909030932471105,0.6304463869207919,0.28334122270758516,0.19704552523895033,15.212104883923757,20.0,0.4479166666666667,0.04265873015873016,1.0,1.0,0.08541666666666667,0.14583333333333334,0.5223124701385571,0.5393258426966292,0.8453690339919375,0.8540925266903915,0.21110333419829203,0.2804490780752514,0.26212104837832484,0.34453785038727813,0.8962533429725289,0.9305602963536609,0.9010416666666666,0.9290364583333333,0.21801675858674924,0.22287044934153907,20262028,2,Asia,340,96,V1-V10_financial_only
PONE2016_h2_target_Europe,20260727,HistGB,triad,172,86,0.7628023532066212,"Same-horizon leave-one-region-out transfer; source regions=Asia,North America; target region=Europe; source-only fit/search/calibration; target labels untouched until final evaluation; V1-V10 financial ratios only.",No metaheuristic; threshold and Platt calibration use calibration partition.,Platt_logistic_on_separate_calibration_partition,0.6655389777327527,0.4883720930232558,0.9069767441860465,0.84,0.6176470588235294,0.7342657342657343,0.5329949238578681,0.4353253917718463,0.5777238942790067,0.6976744186046511,0.09302325581395349,0.29069767441860467,42.0,8.0,78.0,44.0,0.7657345039050575,0.7608166576527853,0.2022770980878242,0.590935722264338,0.0648731628210539,0.07790111895694563,0.9117272503146914,,,,0.4430232558139535,0.508139534883721,0.9081395348837209,0.9186046511627907,0.8312529550827423,0.8618872549019608,0.48946081170816375,0.5535617411521571,0.40500564725400223,0.4679734179181588,0.5499817337947178,0.602223577881969,0.7386024562593275,0.790842795501692,0.7306381828015144,0.7691860465116278,0.19829053758594833,0.21399017913000115,20260727,2,Europe,264,172,V1-V10_financial_only
PONE2016_h2_target_Europe,20260727,HistGB,cost_1,172,86,0.76272191611171,"Same-horizon leave-one-region-out transfer; source regions=Asia,North America; target region=Europe; source-only fit/search/calibration; target labels untouched until final evaluation; V1-V10 financial ratios only.",No metaheuristic; threshold and Platt calibration use calibration partition.,Platt_logistic_on_separate_calibration_partition,0.6655389777327527,0.4883720930232558,0.9069767441860465,0.84,0.6176470588235294,0.7342657342657343,0.5329949238578681,0.4353253917718463,0.5777238942790067,0.6976744186046511,0.09302325581395349,0.29069767441860467,42.0,8.0,78.0,44.0,0.7657345039050575,0.7608166576527853,0.2022770980878242,0.590935722264338,0.0648731628210539,0.07790111895694563,0.9117272503146914,1.0,0.3023255813953488,0.3023255813953488,0.40348837209302324,0.5581395348837209,0.8732558139534884,0.9290697674418604,0.7627586206896552,0.8716448445171849,0.44574586289193224,0.5970149253731343,0.319481112709469,0.47967838138287927,0.48317729140904453,0.6137140406696479,0.6867722328794875,0.8005179390471807,0.6892374256354785,0.7775419145484045,0.19189384724004,0.23818645560986054,20260727,2,Europe,264,172,V1-V10_financial_only
PONE2016_h2_target_Europe,20260727,HistGB,cost_2,172,86,0.2939976698803617,"Same-horizon leave-one-region-out transfer; source regions=Asia,North America; target region=Europe; source-only fit/search/calibration; target labels untouched until final evaluation; V1-V10 financial ratios only.",No metaheuristic; threshold and Platt calibration use calibration partition.,Platt_logistic_on_separate_calibration_partition,0.6662496442221761,0.7790697674418605,0.5697674418604651,0.6442307692307693,0.7052631578947368,0.6673306772908366,0.7477678571428571,0.3567386206158706,0.5410134178509194,0.6744186046511629,0.43023255813953487,0.6046511627906976,67.0,37.0,49.0,19.0,0.7657345039050575,0.7608166576527853,0.2022770980878242,0.590935722264338,0.0648731628210539,0.07790111895694563,0.9117272503146914,2.0,0.436046511627907,0.29069767441860467,0.7465116279069768,0.877906976744186,0.5348837209302325,0.613953488372093,0.6171489061397318,0.6694968553459119,0.717349242179942,0.8256137797185833,0.29184748986579995,0.46363124657879895,0.4890372616983484,0.6113316013602611,0.7330922946716106,0.7913760649470906,0.7330719307733911,0.8080989724175229,0.17785609730563132,0.22133341255327235,20260727,2,Europe,264,172,V1-V10_financial_only
PONE2016_h2_target_Europe,20260727,HistGB,cost_5,172,86,0.2262426109452136,"Same-horizon leave-one-region-out transfer; source regions=Asia,North America; target region=Europe; source-only fit/search/calibration; target labels untouched until final evaluation; V1-V10 financial ratios only.",No metaheuristic; threshold and Platt calibration use calibration partition.,Platt_logistic_on_separate_calibration_partition,0.301429799925947,0.9767441860465116,0.09302325581395349,0.5185185185185185,0.6774193548387096,0.5722070844686649,0.8300395256916996,0.14907119849998599,0.23837207184456452,0.5348837209302325,0.9069767441860465,0.9418604651162791,84.0,78.0,8.0,2.0,0.7657345039050575,0.7608166576527853,0.2022770980878242,0.590935722264338,0.0648731628210539,0.07790111895694563,0.9117272503146914,5.0,0.5116279069767442,0.17054263565891473,0.9534883720930233,1.0,0.05,0.12790697674418605,0.5021212121212121,0.5312114197530864,0.8082142801012149,0.8493015057036583,0.014424560324391761,0.24642857097936088,0.025593845594399558,0.30682825686512244,0.7530379050705993,0.8039797619536493,0.7206598161168198,0.8004326663061114,0.18603615034569493,0.22491301099447014,20260727,2,Europe,264,172,V1-V10_financial_only
PONE2016_h2_target_Europe,20260727,HistGB,cost_10,172,86,0.2262426109452136,"Same-horizon leave-one-region-out transfer; source regions=Asia,North America; target region=Europe; source-only fit/search/calibration; target labels untouched until final evaluation; V1-V10 financial ratios only.",No metaheuristic; threshold and Platt calibration use calibration partition.,Platt_logistic_on_separate_calibration_partition,0.301429799925947,0.9767441860465116,0.09302325581395349,0.5185185185185185,0.6774193548387096,0.5722070844686649,0.8300395256916996,0.14907119849998599,0.23837207184456452,0.5348837209302325,0.9069767441860465,0.9418604651162791,84.0,78.0,8.0,2.0,0.7657345039050575,0.7608166576527853,0.2022770980878242,0.590935722264338,0.0648731628210539,0.07790111895694563,0.9117272503146914,10.0,0.5697674418604651,0.10359408033826638,0.9418604651162791,0.9883720930232558,0.05813953488372093,0.08139534883720931,0.50625,0.514841182913472,0.8035714285714286,0.8348068107400131,0.045643546458763846,0.145084709436202,0.1518175036164465,0.21421572585040233,0.7502787831859457,0.8492332706363839,0.7276771227690643,0.8425635478637101,0.17130309938205163,0.2156729322444726,20260727,2,Europe,264,172,V1-V10_financial_only
PONE2016_h2_target_Europe,20260727,HistGB,cost_20,172,86,0.2262426109452136,"Same-horizon leave-one-region-out transfer; source regions=Asia,North America; target region=Europe; source-only fit/search/calibration; target labels untouched until final evaluation; V1-V10 financial ratios only.",No metaheuristic; threshold and Platt calibration use calibration partition.,Platt_logistic_on_separate_calibration_partition,0.301429799925947,0.9767441860465116,0.09302325581395349,0.5185185185185185,0.6774193548387096,0.5722070844686649,0.8300395256916996,0.14907119849998599,0.23837207184456452,0.5348837209302325,0.9069767441860465,0.9418604651162791,84.0,78.0,8.0,2.0,0.7657345039050575,0.7608166576527853,0.2022770980878242,0.590935722264338,0.0648731628210539,0.07790111895694563,0.9117272503146914,20.0,0.686046511627907,0.06533776301218161,0.9453488372093023,0.9988372093023256,0.046511627906976744,0.12209302325581395,0.5033974406944548,0.5322604931300583,0.8041351193942924,0.849833686708553,0.027723423048723866,0.24996023313668245,0.11863844815338406,0.31158370162370486,0.7451098085161303,0.8142579069502965,0.7067333693888588,0.8137236343969713,0.18742208649390388,0.22368093803587605,20260727,2,Europe,264,172,V1-V10_financial_only
PONE2016_h2_target_Europe,20260727,KELM_PBMSBAINGO,triad,172,86,0.6608608772625667,"Same-horizon leave-one-region-out transfer; source regions=Asia,North America; target region=Europe; source-only fit/search/calibration; target labels untouched until final evaluation; V1-V10 financial ratios only.",Plain KELM; hyperparameters/features selected only on search partition.,Platt_logistic_on_separate_calibration_partition,0.628337492377037,0.46511627906976744,0.8488372093023255,0.7547169811320755,0.5755395683453237,0.6711409395973155,0.5037783375314862,0.339979200811319,0.5120111663734037,0.6569767441860465,0.1511627906976744,0.3081395348837209,40.0,13.0,73.0,46.0,0.7489256522683667,0.7612222823147647,0.21374703448609145,0.6587817938251753,0.1360902363860384,0.06681377180533378,0.47580589731752176,,,,0.37790697674418605,0.5093023255813953,0.7825581395348837,0.9104651162790698,0.6372549019607843,0.8464285714285714,0.4113924050632911,0.543534124404807,0.17821746523992854,0.4404917522893271,0.3742652276324313,0.5804935833826709,0.6587423625996418,0.8077823558145315,0.6796241211465657,0.8313007030827475,0.17600566011316038,0.259765566274612,20260828,2,Europe,264,172,V1-V10_financial_only
PONE2016_h2_target_Europe,20260727,KELM_PBMSBAINGO,cost_1,172,86,0.5283114344097523,"Same-horizon leave-one-region-out transfer; source regions=Asia,North America; target region=Europe; source-only fit/search/calibration; target labels untouched until final evaluation; V1-V10 financial ratios only.",Plain KELM; hyperparameters/features selected only on search partition.,Platt_logistic_on_separate_calibration_partition,0.7084440098478054,0.7441860465116279,0.6744186046511628,0.6956521739130435,0.7191011235955056,0.7048458149779736,0.7339449541284404,0.4196271637081412,0.5949651844554403,0.7093023255813953,0.32558139534883723,0.5348837209302325,64.0,28.0,58.0,22.0,0.7489256522683667,0.7612222823147647,0.21374703448609145,0.6587817938251753,0.1360902363860384,0.06681377180533378,0.47580589731752176,1.0,0.29069767441860467,0.29069767441860467,0.6802325581395349,0.7558139534883721,0.5906976744186047,0.7616279069767442,0.6426067907995618,0.7593464052287581,0.6823473126067212,0.7561888912003328,0.32423825401598494,0.515195991338426,0.5188434258767052,0.6660838196498102,0.6794616638185836,0.7957085997834585,0.6879394267171445,0.7915630070308274,0.19919017487595003,0.2535898383947442,20260828,2,Europe,264,172,V1-V10_financial_only
PONE2016_h2_target_Europe,20260727,KELM_PBMSBAINGO,cost_2,172,86,0.5283114344097523,"Same-horizon leave-one-region-out transfer; source regions=Asia,North America; target region=Europe; source-only fit/search/calibration; target labels untouched until final evaluation; V1-V10 financial ratios only.",Plain KELM; hyperparameters/features selected only on search partition.,Platt_logistic_on_separate_calibration_partition,0.7084440098478054,0.7441860465116279,0.6744186046511628,0.6956521739130435,0.7191011235955056,0.7048458149779736,0.7339449541284404,0.4196271637081412,0.5949651844554403,0.7093023255813953,0.32558139534883723,0.5348837209302325,64.0,28.0,58.0,22.0,0.7489256522683667,0.7612222823147647,0.21374703448609145,0.6587817938251753,0.1360902363860384,0.06681377180533378,0.47580589731752176,2.0,0.4186046511627907,0.27906976744186046,0.6686046511627907,0.8081395348837209,0.5988372093023256,0.694186046511628,0.6267576318223866,0.7040909090909091,0.6600620115528373,0.7836603727014686,0.27266672950740883,0.46630683393996314,0.4783410094299788,0.6263494833589782,0.6936840876889041,0.7811516437429494,0.6833964305029745,0.788912925905895,0.19720214816319453,0.25302202081758735,20260828,2,Europe,264,172,V1-V10_financial_only
PONE2016_h2_target_Europe,20260727,KELM_PBMSBAINGO,cost_5,172,86,0.5283114344097523,"Same-horizon leave-one-region-out transfer; source regions=Asia,North America; target region=Europe; source-only fit/search/calibration; target labels untouched until final evaluation; V1-V10 financial ratios only.",Plain KELM; hyperparameters/features selected only on search partition.,Platt_logistic_on_separate_calibration_partition,0.7084440098478054,0.7441860465116279,0.6744186046511628,0.6956521739130435,0.7191011235955056,0.7048458149779736,0.7339449541284404,0.4196271637081412,0.5949651844554403,0.7093023255813953,0.32558139534883723,0.5348837209302325,64.0,28.0,58.0,22.0,0.7489256522683667,0.7612222823147647,0.21374703448609145,0.6587817938251753,0.1360902363860384,0.06681377180533378,0.47580589731752176,5.0,0.8023255813953488,0.26744186046511625,0.7441860465116279,0.8011627906976744,0.6546511627906977,0.7302325581395348,0.6843449048152296,0.7347005444646098,0.7317801862505164,0.7847380410022778,0.4039255241562664,0.5004222413977796,0.582547661166775,0.6536183626476384,0.7278498638260744,0.8143233285017263,0.7362628447809626,0.8027582477014603,0.19345067913125785,0.23076403061980566,20260828,2,Europe,264,172,V1-V10_financial_only
PONE2016_h2_target_Europe,20260727,KELM_PBMSBAINGO,cost_10,172,86,0.0712529900581766,"Same-horizon leave-one-region-out transfer; source regions=Asia,North America; target region=Europe; source-only fit/search/calibration; target labels untouched until final evaluation; V1-V10 financial ratios only.",Plain KELM; hyperparameters/features selected only on search partition.,Platt_logistic_on_separate_calibration_partition,0.5018893454629589,0.9418604651162791,0.26744186046511625,0.5625,0.7043478260869566,0.6117824773413897,0.8299180327868853,0.2834733547569204,0.41486748501417237,0.6046511627906976,0.7325581395348837,0.8372093023255814,81.0,63.0,23.0,5.0,0.7489256522683667,0.7612222823147647,0.21374703448609145,0.6587817938251753,0.1360902363860384,0.06681377180533378,0.47580589731752176,10.0,0.6569767441860465,0.11945031712473574,0.8755813953488372,0.9627906976744186,0.19883720930232557,0.2895348837209302,0.533830062939652,0.5753933566433566,0.7812550383978956,0.848531070118154,0.1628550828416196,0.34132507637337606,0.3124471965616666,0.45645700217229646,0.6670553950668449,0.7669443592110661,0.6832882639264467,0.7744321254732288,0.20588054402561573,0.25520556656502463,20260828,2,Europe,264,172,V1-V10_financial_only
PONE2016_h2_target_Europe,20260727,KELM_PBMSBAINGO,cost_20,172,86,0.0712529900581766,"Same-horizon leave-one-region-out transfer; source regions=Asia,North America; target region=Europe; source-only fit/search/calibration; target labels untouched until final evaluation; V1-V10 financial ratios only.",Plain KELM; hyperparameters/features selected only on search partition.,Platt_logistic_on_separate_calibration_partition,0.5018893454629589,0.9418604651162791,0.26744186046511625,0.5625,0.7043478260869566,0.6117824773413897,0.8299180327868853,0.2834733547569204,0.41486748501417237,0.6046511627906976,0.7325581395348837,0.8372093023255814,81.0,63.0,23.0,5.0,0.7489256522683667,0.7612222823147647,0.21374703448609145,0.6587817938251753,0.1360902363860384,0.06681377180533378,0.47580589731752176,20.0,0.9476744186046512,0.0902547065337763,0.9011627906976745,0.9744186046511627,0.23604651162790696,0.3813953488372093,0.5504054054054055,0.6065206812652068,0.7992424242424242,0.8558946209218969,0.21509474817872798,0.4082858896927451,0.37079740433187586,0.5295061333520263,0.7099489630145597,0.8319141339666195,0.7356544077879935,0.8320849107625744,0.17285516125649472,0.2215979441291551,20260828,2,Europe,264,172,V1-V10_financial_only
PONE2016_h2_target_Europe,20260727,KELM_score_fusion,triad,172,86,0.7628023532066212,"Same-horizon leave-one-region-out transfer; source regions=Asia,North America; target region=Europe; source-only fit/search/calibration; target labels untouched until final evaluation; V1-V10 financial ratios only.",Plain KELM plus HistGB score-level fusion; alpha=0.00 selected only on search partition.,Platt_logistic_on_separate_calibration_partition,0.6655389777327527,0.4883720930232558,0.9069767441860465,0.84,0.6176470588235294,0.7342657342657343,0.5329949238578681,0.4353253917718463,0.5777238942790067,0.6976744186046511,0.09302325581395349,0.29069767441860467,42.0,8.0,78.0,44.0,0.7657345039050575,0.7608166576527853,0.2022770980878242,0.590935722264338,0.0648731628210539,0.07790111895694563,0.9117272503146914,,,,0.4023255813953488,0.5430232558139535,0.877906976744186,0.9651162790697675,0.8143103448275861,0.9343276036400405,0.45011708656330746,0.5819569664368512,0.39107629312969894,0.5225452203946607,0.5287581231572469,0.6310350674216374,0.772484641403544,0.8373780578831364,0.7586533261222281,0.8323823688480259,0.17440293785857977,0.20492564611954747,20260830,2,Europe,264,172,V1-V10_financial_only
PONE2016_h2_target_Europe,20260727,KELM_score_fusion,cost_1,172,86,0.76272191611171,"Same-horizon leave-one-region-out transfer; source regions=Asia,North America; target region=Europe; source-only fit/search/calibration; target labels untouched until final evaluation; V1-V10 financial ratios only.",Plain KELM plus HistGB score-level fusion; alpha=0.00 selected only on search partition.,Platt_logistic_on_separate_calibration_partition,0.6655389777327527,0.4883720930232558,0.9069767441860465,0.84,0.6176470588235294,0.7342657342657343,0.5329949238578681,0.4353253917718463,0.5777238942790067,0.6976744186046511,0.09302325581395349,0.29069767441860467,42.0,8.0,78.0,44.0,0.7657345039050575,0.7608166576527853,0.2022770980878242,0.590935722264338,0.0648731628210539,0.07790111895694563,0.9117272503146914,1.0,0.3023255813953488,0.3023255813953488,0.4906976744186046,0.5802325581395349,0.9081395348837209,0.9290697674418604,0.8432727272727273,0.879719298245614,0.5355329949238579,0.6223472568578554,0.44044686696916213,0.5301070153954562,0.5813590137777809,0.6561902440394589,0.7656706034346565,0.8132069011804605,0.7385478637101136,0.815346133044889,0.17601840104768715,0.20419201677598478,20260830,2,Europe,264,172,V1-V10_financial_only
PONE2016_h2_target_Europe,20260727,KELM_score_fusion,cost_2,172,86,0.2939976698803617,"Same-horizon leave-one-region-out transfer; source regions=Asia,North America; target region=Europe; source-only fit/search/calibration; target labels untouched until final evaluation; V1-V10 financial ratios only.",Plain KELM plus HistGB score-level fusion; alpha=0.00 selected only on search partition.,Platt_logistic_on_separate_calibration_partition,0.6662496442221761,0.7790697674418605,0.5697674418604651,0.6442307692307693,0.7052631578947368,0.6673306772908366,0.7477678571428571,0.3567386206158706,0.5410134178509194,0.6744186046511629,0.43023255813953487,0.6046511627906976,67.0,37.0,49.0,19.0,0.7657345039050575,0.7608166576527853,0.2022770980878242,0.590935722264338,0.0648731628210539,0.07790111895694563,0.9117272503146914,2.0,0.436046511627907,0.29069767441860467,0.7337209302325581,0.8244186046511628,0.4906976744186046,0.5918604651162791,0.5958333333333333,0.6508849967565564,0.7082742364010468,0.7820523992099454,0.248266661241936,0.39256056660991695,0.4507835612335279,0.5646282371433589,0.7159945113041765,0.780759663708598,0.7048674959437533,0.7758382909680909,0.19153861266694133,0.21909558203629217,20260830,2,Europe,264,172,V1-V10_financial_only
PONE2016_h2_target_Europe,20260727,KELM_score_fusion,cost_5,172,86,0.2262426109452136,"Same-horizon leave-one-region-out transfer; source regions=Asia,North America; target region=Europe; source-only fit/search/calibration; target labels untouched until final evaluation; V1-V10 financial ratios only.",Plain KELM plus HistGB score-level fusion; alpha=0.00 selected only on search partition.,Platt_logistic_on_separate_calibration_partition,0.301429799925947,0.9767441860465116,0.09302325581395349,0.5185185185185185,0.6774193548387096,0.5722070844686649,0.8300395256916996,0.14907119849998599,0.23837207184456452,0.5348837209302325,0.9069767441860465,0.9418604651162791,84.0,78.0,8.0,2.0,0.7657345039050575,0.7608166576527853,0.2022770980878242,0.590935722264338,0.0648731628210539,0.07790111895694563,0.9117272503146914,5.0,0.5116279069767442,0.17054263565891473,0.9546511627906977,0.9872093023255814,0.05930232558139535,0.11162790697674418,0.5064646464646465,0.5213264722698685,0.8111030552502124,0.8339882121807466,0.05255396404987537,0.15328259627600635,0.15118163035825513,0.254320723821198,0.7309312835445337,0.8177013517365092,0.7350594916170903,0.7843969713358572,0.1888094652571842,0.21388052700606064,20260830,2,Europe,264,172,V1-V10_financial_only
PONE2016_h2_target_Europe,20260727,KELM_score_fusion,cost_10,172,86,0.2262426109452136,"Same-horizon leave-one-region-out transfer; source regions=Asia,North America; target region=Europe; source-only fit/search/calibration; target labels untouched until final evaluation; V1-V10 financial ratios only.",Plain KELM plus HistGB score-level fusion; alpha=0.00 selected only on search partition.,Platt_logistic_on_separate_calibration_partition,0.301429799925947,0.9767441860465116,0.09302325581395349,0.5185185185185185,0.6774193548387096,0.5722070844686649,0.8300395256916996,0.14907119849998599,0.23837207184456452,0.5348837209302325,0.9069767441860465,0.9418604651162791,84.0,78.0,8.0,2.0,0.7657345039050575,0.7608166576527853,0.2022770980878242,0.590935722264338,0.0648731628210539,0.07790111895694563,0.9117272503146914,10.0,0.5697674418604651,0.10359408033826638,0.9325581395348838,1.0,0.04767441860465116,0.1372093023255814,0.49566395663956636,0.5303418803418803,0.7934624505928853,0.8489708623716962,-0.03367820694251114,0.2409100112551285,0.019596367223123797,0.30387955529757316,0.6729633316787219,0.7833480953006154,0.6591265548945375,0.8002028123309897,0.188879851788157,0.24288367356152996,20260830,2,Europe,264,172,V1-V10_financial_only
PONE2016_h2_target_Europe,20260727,KELM_score_fusion,cost_20,172,86,0.2262426109452136,"Same-horizon leave-one-region-out transfer; source regions=Asia,North America; target region=Europe; source-only fit/search/calibration; target labels untouched until final evaluation; V1-V10 financial ratios only.",Plain KELM plus HistGB score-level fusion; alpha=0.00 selected only on search partition.,Platt_logistic_on_separate_calibration_partition,0.301429799925947,0.9767441860465116,0.09302325581395349,0.5185185185185185,0.6774193548387096,0.5722070844686649,0.8300395256916996,0.14907119849998599,0.23837207184456452,0.5348837209302325,0.9069767441860465,0.9418604651162791,84.0,78.0,8.0,2.0,0.7657345039050575,0.7608166576527853,0.2022770980878242,0.590935722264338,0.0648731628210539,0.07790111895694563,0.9117272503146914,20.0,0.686046511627907,0.06533776301218161,0.9767441860465116,0.9883720930232558,0.07209302325581396,0.12558139534883722,0.5131228490199012,0.5302989130434782,0.8272628050206595,0.8427550014088475,0.1160220694456234,0.22367203623082296,0.2019805732487824,0.3017489167107167,0.7237566064508006,0.8303731850896685,0.7054894537587886,0.8164954029204976,0.1717183983644314,0.22360864799184096,20260830,2,Europe,264,172,V1-V10_financial_only
PONE2016_h2_target_Europe,20260727,KELM_risk_feature,triad,172,86,0.673885855543743,"Same-horizon leave-one-region-out transfer; source regions=Asia,North America; target region=Europe; source-only fit/search/calibration; target labels untouched until final evaluation; V1-V10 financial ratios only.",OOF HistGB risk is a forced KELM input; no score-level fusion.,Platt_logistic_on_separate_calibration_partition,0.6536497359327998,0.46511627906976744,0.9186046511627907,0.851063829787234,0.6015037593984962,0.7299270072992701,0.5115089514066496,0.43053652821527183,0.5687220432472316,0.6918604651162791,0.08139534883720931,0.27325581395348836,40.0,7.0,79.0,46.0,0.7954660080386043,0.821930773391022,0.1767237432070866,0.52992677701363,0.09232418366088216,0.22221808026448345,0.8712288213379312,,,,0.4418604651162791,0.49767441860465117,0.8616279069767442,0.963953488372093,0.7628461538461538,0.9276854928017718,0.4832329502117251,0.5416410944891957,0.3375840253086141,0.49312400662746836,0.5059243904482227,0.6044545570047138,0.7528224626840484,0.8508611118683428,0.7921984856679286,0.8848837209302325,0.1453394252149191,0.19052634968706028,20260938,2,Europe,264,172,V1-V10_financial_only
PONE2016_h2_target_Europe,20260727,KELM_risk_feature,cost_1,172,86,0.6748046691253402,"Same-horizon leave-one-region-out transfer; source regions=Asia,North America; target region=Europe; source-only fit/search/calibration; target labels untouched until final evaluation; V1-V10 financial ratios only.",OOF HistGB risk is a forced KELM input; no score-level fusion.,Platt_logistic_on_separate_calibration_partition,0.6536497359327998,0.46511627906976744,0.9186046511627907,0.851063829787234,0.6015037593984962,0.7299270072992701,0.5115089514066496,0.43053652821527183,0.5687220432472316,0.6918604651162791,0.08139534883720931,0.27325581395348836,40.0,7.0,79.0,46.0,0.7954660080386043,0.821930773391022,0.1767237432070866,0.52992677701363,0.09232418366088216,0.22221808026448345,0.8712288213379312,1.0,0.3081395348837209,0.3081395348837209,0.386046511627907,0.5209302325581395,0.9069767441860465,0.9511627906976744,0.8174637999122423,0.8887492143306097,0.43498341777045313,0.5646440946694115,0.36730275064224416,0.4654009577764693,0.5134851224659374,0.6038217867160555,0.8068595937175008,0.8170181005801017,0.805813953488372,0.8494591671173608,0.16604735336428111,0.1826283920797854,20260938,2,Europe,264,172,V1-V10_financial_only
PONE2016_h2_target_Europe,20260727,KELM_risk_feature,cost_2,172,86,0.18390294307055496,"Same-horizon leave-one-region-out transfer; source regions=Asia,North America; target region=Europe; source-only fit/search/calibration; target labels untouched until final evaluation; V1-V10 financial ratios only.",OOF HistGB risk is a forced KELM input; no score-level fusion.,Platt_logistic_on_separate_calibration_partition,0.6782170498333807,0.9418604651162791,0.4883720930232558,0.648,0.7677725118483413,0.6911262798634812,0.8635394456289979,0.4827227740595472,0.6055431073930105,0.7151162790697674,0.5116279069767442,0.7267441860465116,81.0,44.0,42.0,5.0,0.7954660080386043,0.821930773391022,0.1767237432070866,0.52992677701363,0.09232418366088216,0.22221808026448345,0.8712288213379312,2.0,0.313953488372093,0.20930232558139536,0.8953488372093024,0.9755813953488371,0.38953488372093026,0.508139534883721,0.5961538461538461,0.6612363636363636,0.813630683978921,0.8846105606421673,0.33329106103734074,0.5309614873441265,0.4892173558565251,0.6372467958653367,0.7438007334346344,0.7952222441173294,0.7576798269334777,0.8245402920497565,0.17432247547005109,0.20659279997823596,20260938,2,Europe,264,172,V1-V10_financial_only
PONE2016_h2_target_Europe,20260727,KELM_risk_feature,cost_5,172,86,0.18390294307055496,"Same-horizon leave-one-region-out transfer; source regions=Asia,North America; target region=Europe; source-only fit/search/calibration; target labels untouched until final evaluation; V1-V10 financial ratios only.",OOF HistGB risk is a forced KELM input; no score-level fusion.,Platt_logistic_on_separate_calibration_partition,0.6782170498333807,0.9418604651162791,0.4883720930232558,0.648,0.7677725118483413,0.6911262798634812,0.8635394456289979,0.4827227740595472,0.6055431073930105,0.7151162790697674,0.5116279069767442,0.7267441860465116,81.0,44.0,42.0,5.0,0.7954660080386043,0.821930773391022,0.1767237432070866,0.52992677701363,0.09232418366088216,0.22221808026448345,0.8712288213379312,5.0,0.4011627906976744,0.13372093023255813,0.8895348837209303,0.9732558139534884,0.37325581395348834,0.5790697674418605,0.6008294117647058,0.6897435897435897,0.8310998908296944,0.8904002652776435,0.381154542982504,0.5591058869302908,0.5119353657883744,0.6714807080620336,0.7727019437936168,0.8443449130417583,0.7946322336398053,0.8646295294753921,0.15352970965048562,0.1852464753499095,20260938,2,Europe,264,172,V1-V10_financial_only
PONE2016_h2_target_Europe,20260727,KELM_risk_feature,cost_10,172,86,0.18390294307055496,"Same-horizon leave-one-region-out transfer; source regions=Asia,North America; target region=Europe; source-only fit/search/calibration; target labels untouched until final evaluation; V1-V10 financial ratios only.",OOF HistGB risk is a forced KELM input; no score-level fusion.,Platt_logistic_on_separate_calibration_partition,0.6782170498333807,0.9418604651162791,0.4883720930232558,0.648,0.7677725118483413,0.6911262798634812,0.8635394456289979,0.4827227740595472,0.6055431073930105,0.7151162790697674,0.5116279069767442,0.7267441860465116,81.0,44.0,42.0,5.0,0.7954660080386043,0.821930773391022,0.1767237432070866,0.52992677701363,0.09232418366088216,0.22221808026448345,0.8712288213379312,10.0,0.5465116279069767,0.09936575052854123,0.8965116279069768,0.963953488372093,0.45465116279069767,0.5430232558139535,0.6247147540983606,0.6781487405037985,0.8267178820794862,0.8883665527024078,0.40497086634234747,0.557261924180025,0.550896793580641,0.662895048631196,0.7208484934794581,0.8480791606986432,0.7484180638182801,0.8566522444564629,0.15601910767822236,0.2139547574500723,20260938,2,Europe,264,172,V1-V10_financial_only
PONE2016_h2_target_Europe,20260727,KELM_risk_feature,cost_20,172,86,0.18390294307055496,"Same-horizon leave-one-region-out transfer; source regions=Asia,North America; target region=Europe; source-only fit/search/calibration; target labels untouched until final evaluation; V1-V10 financial ratios only.",OOF HistGB risk is a forced KELM input; no score-level fusion.,Platt_logistic_on_separate_calibration_partition,0.6782170498333807,0.9418604651162791,0.4883720930232558,0.648,0.7677725118483413,0.6911262798634812,0.8635394456289979,0.4827227740595472,0.6055431073930105,0.7151162790697674,0.5116279069767442,0.7267441860465116,81.0,44.0,42.0,5.0,0.7954660080386043,0.821930773391022,0.1767237432070866,0.52992677701363,0.09232418366088216,0.22221808026448345,0.8712288213379312,20.0,0.8372093023255814,0.07973421926910298,0.9313953488372093,0.9848837209302326,0.4325581395348837,0.49767441860465117,0.6329640858208956,0.6549669291338582,0.8533957030826497,0.8876292476648437,0.4534093351438459,0.5083839742039253,0.5792899155908202,0.6218892943955798,0.7637043227597816,0.8650627495855628,0.784545700378583,0.8670632774472687,0.15194243736822785,0.19073059173235052,20260938,2,Europe,264,172,V1-V10_financial_only
PONE2016_h2_target_Europe,20260727,Full_PBMSBAINGO,triad,172,86,0.746854058810154,"Same-horizon leave-one-region-out transfer; source regions=Asia,North America; target region=Europe; source-only fit/search/calibration; target labels untouched until final evaluation; V1-V10 financial ratios only.",Risk feature plus score fusion; alpha=0.70 selected only on search partition.,Platt_logistic_on_separate_calibration_partition,0.6659451657337839,0.47674418604651164,0.9302325581395349,0.8723404255319149,0.6165413533834586,0.7481751824817519,0.5242966751918159,0.4566296511374095,0.5872373678370849,0.7034883720930233,0.06976744186046512,0.27325581395348836,41.0,6.0,80.0,45.0,0.7744002825975518,0.7957003785830179,0.19163666874654472,0.5634282151648657,0.099956445609665,0.13420214280912987,0.8159620131547982,,,,0.43372093023255814,0.5209302325581395,0.886046511627907,0.9418604651162791,0.8196969696969697,0.8943452380952381,0.48236755842233264,0.5623657357679914,0.41635626292448025,0.48692770903098476,0.5593723531363145,0.6116342316186043,0.7266583960173211,0.8133473491043488,0.7421849648458627,0.8018388318009736,0.1807361492836545,0.2085770938371166,20261034,2,Europe,264,172,V1-V10_financial_only
PONE2016_h2_target_Europe,20260727,Full_PBMSBAINGO,cost_1,172,86,0.31534533626127176,"Same-horizon leave-one-region-out transfer; source regions=Asia,North America; target region=Europe; source-only fit/search/calibration; target labels untouched until final evaluation; V1-V10 financial ratios only.",Risk feature plus score fusion; alpha=0.70 selected only on search partition.,Platt_logistic_on_separate_calibration_partition,0.6782170498333807,0.7325581395348837,0.627906976744186,0.6631578947368421,0.6961325966850829,0.6759656652360515,0.7175398633257403,0.362455361760074,0.550381691302796,0.6802325581395349,0.37209302325581395,0.5523255813953488,63.0,32.0,54.0,23.0,0.7744002825975518,0.7957003785830179,0.19163666874654472,0.5634282151648657,0.099956445609665,0.13420214280912987,0.8159620131547982,1.0,0.31976744186046513,0.31976744186046513,0.6790697674418604,0.7872093023255814,0.6162790697674418,0.7511627906976744,0.6579517326732673,0.7421816297447855,0.6828321268895039,0.7620111588203533,0.35449317276236947,0.47249755466907745,0.5439701607913378,0.6347457919807576,0.74847331277612,0.8464124596629686,0.7641833423472147,0.8443212547322876,0.17008977836493172,0.20339846792533206,20261034,2,Europe,264,172,V1-V10_financial_only
PONE2016_h2_target_Europe,20260727,Full_PBMSBAINGO,cost_2,172,86,0.31534533626127176,"Same-horizon leave-one-region-out transfer; source regions=Asia,North America; target region=Europe; source-only fit/search/calibration; target labels untouched until final evaluation; V1-V10 financial ratios only.",Risk feature plus score fusion; alpha=0.70 selected only on search partition.,Platt_logistic_on_separate_calibration_partition,0.6782170498333807,0.7325581395348837,0.627906976744186,0.6631578947368421,0.6961325966850829,0.6759656652360515,0.7175398633257403,0.362455361760074,0.550381691302796,0.6802325581395349,0.37209302325581395,0.5523255813953488,63.0,32.0,54.0,23.0,0.7744002825975518,0.7957003785830179,0.19163666874654472,0.5634282151648657,0.099956445609665,0.13420214280912987,0.8159620131547982,2.0,0.45348837209302323,0.3023255813953488,0.6686046511627907,0.7430232558139535,0.5581395348837209,0.7313953488372092,0.6023762376237624,0.7353924418604652,0.6544182067430091,0.7413583509513741,0.22945735155428343,0.47465685165524374,0.440710088166759,0.6361575608106286,0.744065332414872,0.8329797842976127,0.7532449972958355,0.8319902650081125,0.17199638352558574,0.21472633710523867,20261034,2,Europe,264,172,V1-V10_financial_only
PONE2016_h2_target_Europe,20260727,Full_PBMSBAINGO,cost_5,172,86,0.16723092610402376,"Same-horizon leave-one-region-out transfer; source regions=Asia,North America; target region=Europe; source-only fit/search/calibration; target labels untouched until final evaluation; V1-V10 financial ratios only.",Risk feature plus score fusion; alpha=0.70 selected only on search partition.,Platt_logistic_on_separate_calibration_partition,0.5434102997929267,0.9767441860465116,0.3023255813953488,0.5833333333333334,0.7304347826086957,0.6344410876132931,0.860655737704918,0.3779644730092272,0.4814696364538578,0.6395348837209303,0.6976744186046512,0.8372093023255814,84.0,60.0,26.0,2.0,0.7744002825975518,0.7957003785830179,0.19163666874654472,0.5634282151648657,0.099956445609665,0.13420214280912987,0.8159620131547982,5.0,0.4069767441860465,0.13565891472868216,0.9546511627906977,0.9988372093023256,0.20813953488372092,0.3697674418604651,0.5526890756302522,0.6125693730729702,0.845274124083343,0.886498842299177,0.28624355611362756,0.4702375744841637,0.3876844640856085,0.5573700032578397,0.7315107146197191,0.8681282521804058,0.7700378583017848,0.8646700919415901,0.15639332445812107,0.211793884224383,20261034,2,Europe,264,172,V1-V10_financial_only
PONE2016_h2_target_Europe,20260727,Full_PBMSBAINGO,cost_10,172,86,0.16723092610402376,"Same-horizon leave-one-region-out transfer; source regions=Asia,North America; target region=Europe; source-only fit/search/calibration; target labels untouched until final evaluation; V1-V10 financial ratios only.",Risk feature plus score fusion; alpha=0.70 selected only on search partition.,Platt_logistic_on_separate_calibration_partition,0.5434102997929267,0.9767441860465116,0.3023255813953488,0.5833333333333334,0.7304347826086957,0.6344410876132931,0.860655737704918,0.3779644730092272,0.4814696364538578,0.6395348837209303,0.6976744186046512,0.8372093023255814,84.0,60.0,26.0,2.0,0.7744002825975518,0.7957003785830179,0.19163666874654472,0.5634282151648657,0.099956445609665,0.13420214280912987,0.8159620131547982,10.0,0.46511627906976744,0.08456659619450317,0.9337209302325581,0.9872093023255814,0.28255813953488373,0.33604651162790694,0.5731434282858571,0.5956107722065168,0.831755042469601,0.8720188827028514,0.32262122652849984,0.4181844066526889,0.44990622344810116,0.5128395595721331,0.7207255651024107,0.8141976746018094,0.752920497566252,0.7909545700378583,0.18918411982081684,0.21899482732438824,20261034,2,Europe,264,172,V1-V10_financial_only
PONE2016_h2_target_Europe,20260727,Full_PBMSBAINGO,cost_20,172,86,0.16723092610402376,"Same-horizon leave-one-region-out transfer; source regions=Asia,North America; target region=Europe; source-only fit/search/calibration; target labels untouched until final evaluation; V1-V10 financial ratios only.",Risk feature plus score fusion; alpha=0.70 selected only on search partition.,Platt_logistic_on_separate_calibration_partition,0.5434102997929267,0.9767441860465116,0.3023255813953488,0.5833333333333334,0.7304347826086957,0.6344410876132931,0.860655737704918,0.3779644730092272,0.4814696364538578,0.6395348837209303,0.6976744186046512,0.8372093023255814,84.0,60.0,26.0,2.0,0.7744002825975518,0.7957003785830179,0.19163666874654472,0.5634282151648657,0.099956445609665,0.13420214280912987,0.8159620131547982,20.0,0.5813953488372093,0.05537098560354374,0.9767441860465116,1.0,0.27906976744186046,0.3581395348837209,0.5759163272861902,0.6085106382978723,0.8578483245149912,0.8853365183136367,0.36120294106212497,0.4628401474148774,0.46225079677525993,0.5488451046872163,0.6744850597173597,0.7727129584494984,0.7209572742022715,0.8130881557598701,0.18530812941412259,0.23351701938424316,20261034,2,Europe,264,172,V1-V10_financial_only
PONE2016_h2_target_Europe,20260727,Uncertainty_gated_fusion,triad,172,86,0.673885855543743,"Same-horizon leave-one-region-out transfer; source regions=Asia,North America; target region=Europe; source-only fit/search/calibration; target labels untouched until final evaluation; V1-V10 financial ratios only.","One-standard-error paired-bootstrap gate selected KELM_risk_feature; search utility difference=-0.0088, required margin=0.0081.",Platt_logistic_on_separate_calibration_partition,0.6536497359327998,0.46511627906976744,0.9186046511627907,0.851063829787234,0.6015037593984962,0.7299270072992701,0.5115089514066496,0.43053652821527183,0.5687220432472316,0.6918604651162791,0.08139534883720931,0.27325581395348836,40.0,7.0,79.0,46.0,0.7954660080386043,0.821930773391022,0.1767237432070866,0.52992677701363,0.09232418366088216,0.22221808026448345,0.8712288213379312,,,,0.3767441860465116,0.5302325581395348,0.9069767441860465,0.9523255813953488,0.8224615384615385,0.8993617021276595,0.42285411227154046,0.5738089424102609,0.3559421559504207,0.48205474509377166,0.49826196263421096,0.6127286977881051,0.777403751601295,0.865571407924187,0.7630205516495403,0.8646971335857219,0.15396170390917235,0.19916747886772768,20261080,2,Europe,264,172,V1-V10_financial_only
PONE2016_h2_target_Europe,20260727,Uncertainty_gated_fusion,cost_1,172,86,0.6748046691253402,"Same-horizon leave-one-region-out transfer; source regions=Asia,North America; target region=Europe; source-only fit/search/calibration; target labels untouched until final evaluation; V1-V10 financial ratios only.","One-standard-error paired-bootstrap gate selected KELM_risk_feature; search utility difference=-0.0088, required margin=0.0081.",Platt_logistic_on_separate_calibration_partition,0.6536497359327998,0.46511627906976744,0.9186046511627907,0.851063829787234,0.6015037593984962,0.7299270072992701,0.5115089514066496,0.43053652821527183,0.5687220432472316,0.6918604651162791,0.08139534883720931,0.27325581395348836,40.0,7.0,79.0,46.0,0.7954660080386043,0.821930773391022,0.1767237432070866,0.52992677701363,0.09232418366088216,0.22221808026448345,0.8712288213379312,1.0,0.3081395348837209,0.3081395348837209,0.4127906976744186,0.5337209302325581,0.9104651162790697,0.9755813953488371,0.8516509433962265,0.9555232558139535,0.4618358365633075,0.5847362874620882,0.4181650130635497,0.5629700655427609,0.547282653666661,0.6617641902129365,0.7776002768071225,0.867414825700092,0.7848702001081665,0.8656571119524066,0.14599317697858458,0.19623685289942538,20261080,2,Europe,264,172,V1-V10_financial_only
PONE2016_h2_target_Europe,20260727,Uncertainty_gated_fusion,cost_2,172,86,0.18390294307055496,"Same-horizon leave-one-region-out transfer; source regions=Asia,North America; target region=Europe; source-only fit/search/calibration; target labels untouched until final evaluation; V1-V10 financial ratios only.","One-standard-error paired-bootstrap gate selected KELM_risk_feature; search utility difference=-0.0088, required margin=0.0081.",Platt_logistic_on_separate_calibration_partition,0.6782170498333807,0.9418604651162791,0.4883720930232558,0.648,0.7677725118483413,0.6911262798634812,0.8635394456289979,0.4827227740595472,0.6055431073930105,0.7151162790697674,0.5116279069767442,0.7267441860465116,81.0,44.0,42.0,5.0,0.7954660080386043,0.821930773391022,0.1767237432070866,0.52992677701363,0.09232418366088216,0.22221808026448345,0.8712288213379312,2.0,0.313953488372093,0.20930232558139536,0.9430232558139535,0.963953488372093,0.3883720930232558,0.5337209302325581,0.6066252705935968,0.6739837398373983,0.8488680907289143,0.8875802997858673,0.39817605271387235,0.5513065766252301,0.5262840943168116,0.6570275109930053,0.7464514572198712,0.8251275115398726,0.77059221200649,0.8442130881557599,0.16092196113723,0.20039943403562066,20261080,2,Europe,264,172,V1-V10_financial_only
PONE2016_h2_target_Europe,20260727,Uncertainty_gated_fusion,cost_5,172,86,0.18390294307055496,"Same-horizon leave-one-region-out transfer; source regions=Asia,North America; target region=Europe; source-only fit/search/calibration; target labels untouched until final evaluation; V1-V10 financial ratios only.","One-standard-error paired-bootstrap gate selected KELM_risk_feature; search utility difference=-0.0088, required margin=0.0081.",Platt_logistic_on_separate_calibration_partition,0.6782170498333807,0.9418604651162791,0.4883720930232558,0.648,0.7677725118483413,0.6911262798634812,0.8635394456289979,0.4827227740595472,0.6055431073930105,0.7151162790697674,0.5116279069767442,0.7267441860465116,81.0,44.0,42.0,5.0,0.7954660080386043,0.821930773391022,0.1767237432070866,0.52992677701363,0.09232418366088216,0.22221808026448345,0.8712288213379312,5.0,0.4011627906976744,0.13372093023255813,0.9069767441860465,0.9651162790697675,0.422093023255814,0.5302325581395348,0.6245573611447975,0.6602695849459496,0.8344155844155845,0.8805463731892822,0.41912268722969437,0.5130202138040079,0.5603780349756528,0.6230963522643644,0.7282908067814742,0.879246651573436,0.7763385613845323,0.8664007571660356,0.14739950245729014,0.20335178360454173,20261080,2,Europe,264,172,V1-V10_financial_only
PONE2016_h2_target_Europe,20260727,Uncertainty_gated_fusion,cost_10,172,86,0.18390294307055496,"Same-horizon leave-one-region-out transfer; source regions=Asia,North America; target region=Europe; source-only fit/search/calibration; target labels untouched until final evaluation; V1-V10 financial ratios only.","One-standard-error paired-bootstrap gate selected KELM_risk_feature; search utility difference=-0.0088, required margin=0.0081.",Platt_logistic_on_separate_calibration_partition,0.6782170498333807,0.9418604651162791,0.4883720930232558,0.648,0.7677725118483413,0.6911262798634812,0.8635394456289979,0.4827227740595472,0.6055431073930105,0.7151162790697674,0.5116279069767442,0.7267441860465116,81.0,44.0,42.0,5.0,0.7954660080386043,0.821930773391022,0.1767237432070866,0.52992677701363,0.09232418366088216,0.22221808026448345,0.8712288213379312,10.0,0.5465116279069767,0.09936575052854123,0.9302325581395349,0.9860465116279069,0.40813953488372096,0.572093023255814,0.61258128357365,0.6860439858810753,0.8448512585812357,0.886649025526464,0.40389096194602675,0.5429176766742259,0.5368258796951791,0.6617101886918548,0.7246425804067995,0.8905206002532119,0.7521092482422931,0.8889670091941589,0.14321150331625412,0.20522449776403232,20261080,2,Europe,264,172,V1-V10_financial_only
PONE2016_h2_target_Europe,20260727,Uncertainty_gated_fusion,cost_20,172,86,0.18390294307055496,"Same-horizon leave-one-region-out transfer; source regions=Asia,North America; target region=Europe; source-only fit/search/calibration; target labels untouched until final evaluation; V1-V10 financial ratios only.","One-standard-error paired-bootstrap gate selected KELM_risk_feature; search utility difference=-0.0088, required margin=0.0081.",Platt_logistic_on_separate_calibration_partition,0.6782170498333807,0.9418604651162791,0.4883720930232558,0.648,0.7677725118483413,0.6911262798634812,0.8635394456289979,0.4827227740595472,0.6055431073930105,0.7151162790697674,0.5116279069767442,0.7267441860465116,81.0,44.0,42.0,5.0,0.7954660080386043,0.821930773391022,0.1767237432070866,0.52992677701363,0.09232418366088216,0.22221808026448345,0.8712288213379312,20.0,0.8372093023255814,0.07973421926910298,0.9093023255813953,0.9523255813953488,0.5,0.555813953488372,0.6452059396627023,0.6816666666666666,0.8404918146024729,0.8819823894262718,0.44864897747940347,0.5519429550605984,0.5886351093854432,0.6632482094229423,0.7831801937847815,0.8730002837102666,0.7892915089237426,0.8748377501352081,0.15198392582609752,0.19340231772696276,20261080,2,Europe,264,172,V1-V10_financial_only
PONE2016_h2_target_Europe,20260727,Full_random_search,triad,172,86,0.7562441695138086,"Same-horizon leave-one-region-out transfer; source regions=Asia,North America; target region=Europe; source-only fit/search/calibration; target labels untouched until final evaluation; V1-V10 financial ratios only.",Same full architecture and 81 evaluations as PBMSBAINGO; alpha=0.70.,Platt_logistic_on_separate_calibration_partition,0.6536497359327998,0.46511627906976744,0.9186046511627907,0.851063829787234,0.6015037593984962,0.7299270072992701,0.5115089514066496,0.43053652821527183,0.5687220432472316,0.6918604651162791,0.08139534883720931,0.27325581395348836,40.0,7.0,79.0,46.0,0.7675083826272207,0.7781233098972418,0.20121352223437658,0.5914725112791833,0.12929400555272894,0.08006486620417574,0.7817886241494202,,,,0.4441860465116279,0.5313953488372093,0.9186046511627907,0.9755813953488371,0.851063829787234,0.9484782608695652,0.49646339514066495,0.5778554778554779,0.43053652821527183,0.5235032120976436,0.5687220432472316,0.6327871827338735,0.7501516838902619,0.8352134700693225,0.7169010275824771,0.8385343428880475,0.16904936729763465,0.23055365186271062,20261128,2,Europe,264,172,V1-V10_financial_only
PONE2016_h2_target_Europe,20260727,Full_random_search,cost_1,172,86,0.7552389670935036,"Same-horizon leave-one-region-out transfer; source regions=Asia,North America; target region=Europe; source-only fit/search/calibration; target labels untouched until final evaluation; V1-V10 financial ratios only.",Same full architecture and 81 evaluations as PBMSBAINGO; alpha=0.70.,Platt_logistic_on_separate_calibration_partition,0.6536497359327998,0.46511627906976744,0.9186046511627907,0.851063829787234,0.6015037593984962,0.7299270072992701,0.5115089514066496,0.43053652821527183,0.5687220432472316,0.6918604651162791,0.08139534883720931,0.27325581395348836,40.0,7.0,79.0,46.0,0.7675083826272207,0.7781233098972418,0.20121352223437658,0.5914725112791833,0.12929400555272894,0.08006486620417574,0.7817886241494202,1.0,0.3081395348837209,0.3081395348837209,0.39999999999999997,0.49883720930232556,0.8534883720930232,0.9755813953488371,0.7660256410256411,0.9433333333333334,0.4516006511123169,0.5426209394718392,0.35833147503231016,0.5100332932655411,0.5254449075088268,0.6195021950136077,0.6820771156484727,0.8291702970637296,0.7445781503515414,0.8088967009194159,0.17847620040936985,0.21955889017570165,20261128,2,Europe,264,172,V1-V10_financial_only
PONE2016_h2_target_Europe,20260727,Full_random_search,cost_2,172,86,0.26610178812756674,"Same-horizon leave-one-region-out transfer; source regions=Asia,North America; target region=Europe; source-only fit/search/calibration; target labels untouched until final evaluation; V1-V10 financial ratios only.",Same full architecture and 81 evaluations as PBMSBAINGO; alpha=0.70.,Platt_logistic_on_separate_calibration_partition,0.6544766176497809,0.7674418604651163,0.5581395348837209,0.6346153846153846,0.6947368421052632,0.6573705179282868,0.7366071428571429,0.33295604590814587,0.5224664311279859,0.6627906976744187,0.4418604651162791,0.6046511627906976,66.0,38.0,48.0,20.0,0.7675083826272207,0.7781233098972418,0.20121352223437658,0.5914725112791833,0.12929400555272894,0.08006486620417574,0.7817886241494202,2.0,0.45348837209302323,0.3023255813953488,0.7337209302325581,0.7872093023255814,0.5697674418604651,0.65,0.6317619047619047,0.6834978070175439,0.7110758717901575,0.7555463672752916,0.3121166883319076,0.4081063129742326,0.5084599377342891,0.5852812987658854,0.7723282618099022,0.8123153746436556,0.7727285018929151,0.8140886965927528,0.1788318992282135,0.2033666389205753,20261128,2,Europe,264,172,V1-V10_financial_only
PONE2016_h2_target_Europe,20260727,Full_random_search,cost_5,172,86,0.20415896467071992,"Same-horizon leave-one-region-out transfer; source regions=Asia,North America; target region=Europe; source-only fit/search/calibration; target labels untouched until final evaluation; V1-V10 financial ratios only.",Same full architecture and 81 evaluations as PBMSBAINGO; alpha=0.70.,Platt_logistic_on_separate_calibration_partition,0.5704789103272595,0.9651162790697675,0.3372093023255814,0.5928571428571429,0.7345132743362832,0.6424148606811145,0.8574380165289256,0.38844929803367795,0.5018853393063741,0.6511627906976745,0.6627906976744186,0.813953488372093,83.0,57.0,29.0,3.0,0.7675083826272207,0.7781233098972418,0.20121352223437658,0.5914725112791833,0.12929400555272894,0.08006486620417574,0.7817886241494202,5.0,0.4186046511627907,0.13953488372093023,0.9662790697674419,0.9872093023255814,0.2813953488372093,0.40348837209302324,0.5764289088332546,0.6183322517845555,0.8578483245149912,0.871144430584901,0.36120294106212497,0.44739412254880534,0.4632341331599061,0.5586944983017269,0.7328856481208937,0.7906254949062707,0.7402244456462953,0.8153866955110871,0.18088555373118592,0.22087520123103102,20261128,2,Europe,264,172,V1-V10_financial_only
PONE2016_h2_target_Europe,20260727,Full_random_search,cost_10,172,86,0.20415896467071992,"Same-horizon leave-one-region-out transfer; source regions=Asia,North America; target region=Europe; source-only fit/search/calibration; target labels untouched until final evaluation; V1-V10 financial ratios only.",Same full architecture and 81 evaluations as PBMSBAINGO; alpha=0.70.,Platt_logistic_on_separate_calibration_partition,0.5704789103272595,0.9651162790697675,0.3372093023255814,0.5928571428571429,0.7345132743362832,0.6424148606811145,0.8574380165289256,0.38844929803367795,0.5018853393063741,0.6511627906976745,0.6627906976744186,0.813953488372093,83.0,57.0,29.0,3.0,0.7675083826272207,0.7781233098972418,0.20121352223437658,0.5914725112791833,0.12929400555272894,0.08006486620417574,0.7817886241494202,10.0,0.5058139534883721,0.0919661733615222,0.9534883720930233,0.9872093023255814,0.2930232558139535,0.3790697674418605,0.5798300145701798,0.6056944444444444,0.8493661017815607,0.8697010459619834,0.3676007628070688,0.410240584423534,0.4718634460023514,0.52860491955697,0.7151470777171832,0.8295504600246361,0.7341941590048675,0.8159275283937263,0.17808011292830364,0.22323045090758448,20261128,2,Europe,264,172,V1-V10_financial_only
PONE2016_h2_target_Europe,20260727,Full_random_search,cost_20,172,86,0.20415896467071992,"Same-horizon leave-one-region-out transfer; source regions=Asia,North America; target region=Europe; source-only fit/search/calibration; target labels untouched until final evaluation; V1-V10 financial ratios only.",Same full architecture and 81 evaluations as PBMSBAINGO; alpha=0.70.,Platt_logistic_on_separate_calibration_partition,0.5704789103272595,0.9651162790697675,0.3372093023255814,0.5928571428571429,0.7345132743362832,0.6424148606811145,0.8574380165289256,0.38844929803367795,0.5018853393063741,0.6511627906976745,0.6627906976744186,0.813953488372093,83.0,57.0,29.0,3.0,0.7675083826272207,0.7781233098972418,0.20121352223437658,0.5914725112791833,0.12929400555272894,0.08006486620417574,0.7817886241494202,20.0,0.6802325581395349,0.06478405315614617,0.9534883720930233,0.9988372093023256,0.29418604651162794,0.3593023255813953,0.5833928925947984,0.5984083536090836,0.850799251214189,0.8803017807250817,0.3805685884368352,0.4387899822281421,0.4838892724681036,0.5225502978771022,0.7696621666294045,0.8079696572652137,0.7847079502433747,0.8019469983775014,0.18968109432139857,0.20086048056260072,20261128,2,Europe,264,172,V1-V10_financial_only
PONE2016_h2_target_Europe,20260727,Balanced_logistic,triad,172,86,0.6598385431725453,"Same-horizon leave-one-region-out transfer; source regions=Asia,North America; target region=Europe; source-only fit/search/calibration; target labels untouched until final evaluation; V1-V10 financial ratios only.",Class-weighted logistic reference using the same source-only fit/search/calibration and untouched regional target.,Platt_logistic_on_separate_calibration_partition,0.6535463021579719,0.45348837209302323,0.9418604651162791,0.8863636363636364,0.6,0.7442748091603053,0.5025773195876289,0.4530515222556722,0.5784068653412353,0.6976744186046512,0.05813953488372093,0.2558139534883721,39.0,5.0,81.0,47.0,0.7863033682288473,0.8039480800432667,0.1835912621499642,0.6101372236372576,0.09961673458431113,0.14745627356869315,0.5735282449261365,,,,0.35813953488372097,0.5313953488372093,0.9104651162790697,0.963953488372093,0.7998880179171333,0.9256357031655423,0.4027537907119059,0.5790378451876073,0.3252305453193807,0.5206119087948372,0.473128602149772,0.6389464862203129,0.7299562720705431,0.8348372524722419,0.7656571119524067,0.8467550027041644,0.1599047193848817,0.20947181728981867,20262028,2,Europe,264,172,V1-V10_financial_only
PONE2016_h2_target_Europe,20260727,Balanced_logistic,cost_1,172,86,0.5550880261998463,"Same-horizon leave-one-region-out transfer; source regions=Asia,North America; target region=Europe; source-only fit/search/calibration; target labels untouched until final evaluation; V1-V10 financial ratios only.",Class-weighted logistic reference using the same source-only fit/search/calibration and untouched regional target.,Platt_logistic_on_separate_calibration_partition,0.7069155420265425,0.5581395348837209,0.8953488372093024,0.8421052631578947,0.6713286713286714,0.7643312101910829,0.5985037406483791,0.4817017887368815,0.6220678736505785,0.7267441860465116,0.10465116279069768,0.3313953488372093,48.0,9.0,77.0,38.0,0.7863033682288473,0.8039480800432667,0.1835912621499642,0.6101372236372576,0.09961673458431113,0.14745627356869315,0.5735282449261365,1.0,0.27325581395348836,0.27325581395348836,0.5372093023255814,0.6023255813953488,0.8302325581395349,0.927906976744186,0.7682539682539682,0.8862068965517241,0.5777650514492619,0.6371276296649431,0.4045281155638022,0.5251884892758268,0.5718803411298773,0.6487919067056216,0.7285324368365149,0.8212892398864958,0.7395484045429963,0.8429286100594916,0.167349094052986,0.2120329213346419,20262028,2,Europe,264,172,V1-V10_financial_only
PONE2016_h2_target_Europe,20260727,Balanced_logistic,cost_2,172,86,0.5550880261998463,"Same-horizon leave-one-region-out transfer; source regions=Asia,North America; target region=Europe; source-only fit/search/calibration; target labels untouched until final evaluation; V1-V10 financial ratios only.",Class-weighted logistic reference using the same source-only fit/search/calibration and untouched regional target.,Platt_logistic_on_separate_calibration_partition,0.7069155420265425,0.5581395348837209,0.8953488372093024,0.8421052631578947,0.6713286713286714,0.7643312101910829,0.5985037406483791,0.4817017887368815,0.6220678736505785,0.7267441860465116,0.10465116279069768,0.3313953488372093,48.0,9.0,77.0,38.0,0.7863033682288473,0.8039480800432667,0.1835912621499642,0.6101372236372576,0.09961673458431113,0.14745627356869315,0.5735282449261365,2.0,0.4941860465116279,0.32945736434108525,0.4941860465116279,0.6267441860465116,0.9069767441860465,0.9406976744186046,0.8559761549925484,0.9112288135593221,0.5410401002506265,0.6684097662592287,0.468582679846262,0.594786238730598,0.5988659853139009,0.704569099225121,0.7879276252486157,0.8800936194871615,0.7813547863710113,0.8530557057869118,0.1551721013362511,0.1938319790584527,20262028,2,Europe,264,172,V1-V10_financial_only
PONE2016_h2_target_Europe,20260727,Balanced_logistic,cost_5,172,86,0.21986694874031074,"Same-horizon leave-one-region-out transfer; source regions=Asia,North America; target region=Europe; source-only fit/search/calibration; target labels untouched until final evaluation; V1-V10 financial ratios only.",Class-weighted logistic reference using the same source-only fit/search/calibration and untouched regional target.,Platt_logistic_on_separate_calibration_partition,0.6246686520261996,0.9069767441860465,0.43023255813953487,0.6141732283464567,0.7323943661971831,0.6565656565656566,0.8280254777070064,0.3836099652307301,0.5309615856493158,0.6686046511627907,0.5697674418604651,0.7383720930232558,78.0,49.0,37.0,8.0,0.7863033682288473,0.8039480800432667,0.1835912621499642,0.6101372236372576,0.09961673458431113,0.14745627356869315,0.5735282449261365,5.0,0.5174418604651163,0.17248062015503876,0.8627906976744186,0.9290697674418604,0.38372093023255816,0.4744186046511628,0.5903829340793846,0.6307311995836586,0.7934003648858486,0.8402404210714127,0.3101362211902049,0.41926479657329496,0.4734308899847916,0.5594263734967243,0.7696722975805749,0.8457331917456082,0.7709167117360737,0.827217414818821,0.16883303323243515,0.19580971800765018,20262028,2,Europe,264,172,V1-V10_financial_only
PONE2016_h2_target_Europe,20260727,Balanced_logistic,cost_10,172,86,0.0,"Same-horizon leave-one-region-out transfer; source regions=Asia,North America; target region=Europe; source-only fit/search/calibration; target labels untouched until final evaluation; V1-V10 financial ratios only.",Class-weighted logistic reference using the same source-only fit/search/calibration and untouched regional target.,Platt_logistic_on_separate_calibration_partition,0.0,1.0,0.0,0.5,0.6666666666666666,0.5555555555555556,0.8333333333333334,0.0,0.0,0.5,1.0,1.0,86.0,86.0,0.0,0.0,0.7863033682288473,0.8039480800432667,0.1835912621499642,0.6101372236372576,0.09961673458431113,0.14745627356869315,0.5735282449261365,10.0,0.5,0.09090909090909091,1.0,1.0,0.0,0.0,0.5,0.5,0.8333333333333334,0.8333333333333334,0.0,0.0,0.0,0.0,0.7543983864466586,0.8058403968641905,0.7533802055164954,0.7981070849107625,0.18536164589290255,0.20400824942234658,20262028,2,Europe,264,172,V1-V10_financial_only
PONE2016_h2_target_Europe,20260727,Balanced_logistic,cost_20,172,86,0.0,"Same-horizon leave-one-region-out transfer; source regions=Asia,North America; target region=Europe; source-only fit/search/calibration; target labels untouched until final evaluation; V1-V10 financial ratios only.",Class-weighted logistic reference using the same source-only fit/search/calibration and untouched regional target.,Platt_logistic_on_separate_calibration_partition,0.0,1.0,0.0,0.5,0.6666666666666666,0.5555555555555556,0.8333333333333334,0.0,0.0,0.5,1.0,1.0,86.0,86.0,0.0,0.0,0.7863033682288473,0.8039480800432667,0.1835912621499642,0.6101372236372576,0.09961673458431113,0.14745627356869315,0.5735282449261365,20.0,0.5,0.047619047619047616,1.0,1.0,0.0,0.0,0.5,0.5,0.8333333333333334,0.8333333333333334,0.0,0.0,0.0,0.0,0.7450682264206798,0.8402887579719134,0.7866008653326122,0.8582341806381828,0.1538973346123293,0.1961666411722522,20262028,2,Europe,264,172,V1-V10_financial_only
PONE2016_h2_target_North_America,20260727,HistGB,triad,168,84,0.6880072303769612,"Same-horizon leave-one-region-out transfer; source regions=Asia,Europe; target region=North America; source-only fit/search/calibration; target labels untouched until final evaluation; V1-V10 financial ratios only.",No metaheuristic; threshold and Platt calibration use calibration partition.,Platt_logistic_on_separate_calibration_partition,0.7476342127670277,0.6904761904761905,0.8095238095238095,0.7837837837837838,0.7341772151898734,0.7631578947368421,0.7073170731707317,0.5035811945967268,0.6553640472134062,0.75,0.19047619047619047,0.44047619047619047,58.0,16.0,68.0,26.0,0.8670687286820407,0.8572845804988662,0.17205157524172812,0.5142443512272947,0.14446494621832537,-0.05715911239611682,0.7056391342093661,,,,0.6035714285714285,0.7464285714285714,0.7654761904761904,0.830952380952381,0.7198841698841699,0.8094765651727678,0.6236993872401778,0.756303261827799,0.37394818345211606,0.5596200349231957,0.556691294613692,0.6973366355821451,0.7943362706088688,0.8830078866684901,0.7852891156462586,0.863846371882086,0.1642498157429358,0.2100841492854494,20260727,2,North America,268,168,V1-V10_financial_only
PONE2016_h2_target_North_America,20260727,HistGB,cost_1,168,84,0.6858086714477024,"Same-horizon leave-one-region-out transfer; source regions=Asia,Europe; target region=North America; source-only fit/search/calibration; target labels untouched until final evaluation; V1-V10 financial ratios only.",No metaheuristic; threshold and Platt calibration use calibration partition.,Platt_logistic_on_separate_calibration_partition,0.7476342127670277,0.6904761904761905,0.8095238095238095,0.7837837837837838,0.7341772151898734,0.7631578947368421,0.7073170731707317,0.5035811945967268,0.6553640472134062,0.75,0.19047619047619047,0.44047619047619047,58.0,16.0,68.0,26.0,0.8670687286820407,0.8572845804988662,0.17205157524172812,0.5142443512272947,0.14446494621832537,-0.05715911239611682,0.7056391342093661,1.0,0.25,0.25,0.6797619047619048,0.736904761904762,0.7357142857142857,0.8785714285714286,0.7330234833659491,0.8494554255748286,0.7073810722757801,0.754516931091641,0.4587779809732272,0.5966859560267167,0.6245924658759658,0.7213709194265164,0.8794692779491794,0.8889025819426606,0.859155328798186,0.8796626984126984,0.15545694952368977,0.19119176670308685,20260727,2,North America,268,168,V1-V10_financial_only
PONE2016_h2_target_North_America,20260727,HistGB,cost_2,168,84,0.12881124962992893,"Same-horizon leave-one-region-out transfer; source regions=Asia,Europe; target region=North America; source-only fit/search/calibration; target labels untouched until final evaluation; V1-V10 financial ratios only.",No metaheuristic; threshold and Platt calibration use calibration partition.,Platt_logistic_on_separate_calibration_partition,0.7284313590846836,0.9285714285714286,0.5714285714285714,0.6842105263157895,0.7878787878787878,0.7222222222222222,0.8666666666666667,0.5353033790313108,0.6573435676937484,0.75,0.42857142857142855,0.6785714285714286,78.0,36.0,48.0,6.0,0.8670687286820407,0.8572845804988662,0.17205157524172812,0.5142443512272947,0.14446494621832537,-0.05715911239611682,0.7056391342093661,2.0,0.2857142857142857,0.19047619047619047,0.8833333333333333,0.95,0.55,0.6285714285714286,0.6685185185185185,0.7137614678899082,0.8344444444444444,0.8841006264293527,0.48558029385406265,0.5841269492415077,0.6231455556594586,0.6977865432456969,0.8254179498474209,0.9179832363860131,0.8269274376417233,0.9085034013605442,0.13901348669126903,0.188672243138354,20260727,2,North America,268,168,V1-V10_financial_only
PONE2016_h2_target_North_America,20260727,HistGB,cost_5,168,84,0.12881124962992893,"Same-horizon leave-one-region-out transfer; source regions=Asia,Europe; target region=North America; source-only fit/search/calibration; target labels untouched until final evaluation; V1-V10 financial ratios only.",No metaheuristic; threshold and Platt calibration use calibration partition.,Platt_logistic_on_separate_calibration_partition,0.7284313590846836,0.9285714285714286,0.5714285714285714,0.6842105263157895,0.7878787878787878,0.7222222222222222,0.8666666666666667,0.5353033790313108,0.6573435676937484,0.75,0.42857142857142855,0.6785714285714286,78.0,36.0,48.0,6.0,0.8670687286820407,0.8572845804988662,0.17205157524172812,0.5142443512272947,0.14446494621832537,-0.05715911239611682,0.7056391342093661,5.0,0.39285714285714285,0.13095238095238096,0.8940476190476191,0.9714285714285714,0.5119047619047619,0.625,0.6554621848739496,0.720664912700311,0.8392907632554056,0.9075405663378937,0.4749917199423779,0.6312571305302266,0.6124903150496803,0.7252806352324518,0.8314651799391795,0.8871549453413083,0.8140447845804988,0.877281746031746,0.1589249282802618,0.20398151538345902,20260727,2,North America,268,168,V1-V10_financial_only
PONE2016_h2_target_North_America,20260727,HistGB,cost_10,168,84,0.12881124962992893,"Same-horizon leave-one-region-out transfer; source regions=Asia,Europe; target region=North America; source-only fit/search/calibration; target labels untouched until final evaluation; V1-V10 financial ratios only.",No metaheuristic; threshold and Platt calibration use calibration partition.,Platt_logistic_on_separate_calibration_partition,0.7284313590846836,0.9285714285714286,0.5714285714285714,0.6842105263157895,0.7878787878787878,0.7222222222222222,0.8666666666666667,0.5353033790313108,0.6573435676937484,0.75,0.42857142857142855,0.6785714285714286,78.0,36.0,48.0,6.0,0.8670687286820407,0.8572845804988662,0.17205157524172812,0.5142443512272947,0.14446494621832537,-0.05715911239611682,0.7056391342093661,10.0,0.5714285714285714,0.1038961038961039,0.9178571428571428,0.9714285714285714,0.5404761904761904,0.6857142857142857,0.6664403417760147,0.7472222222222222,0.8534526085499734,0.9032059000602046,0.49489151693096206,0.6344839868740034,0.6261136023776037,0.738746167455718,0.8556181422561306,0.9111160349094577,0.8419642857142857,0.9003543083900227,0.13842385005824248,0.19068233359887865,20260727,2,North America,268,168,V1-V10_financial_only
PONE2016_h2_target_North_America,20260727,HistGB,cost_20,168,84,0.12881124962992893,"Same-horizon leave-one-region-out transfer; source regions=Asia,Europe; target region=North America; source-only fit/search/calibration; target labels untouched until final evaluation; V1-V10 financial ratios only.",No metaheuristic; threshold and Platt calibration use calibration partition.,Platt_logistic_on_separate_calibration_partition,0.7284313590846836,0.9285714285714286,0.5714285714285714,0.6842105263157895,0.7878787878787878,0.7222222222222222,0.8666666666666667,0.5353033790313108,0.6573435676937484,0.75,0.42857142857142855,0.6785714285714286,78.0,36.0,48.0,6.0,0.8670687286820407,0.8572845804988662,0.17205157524172812,0.5142443512272947,0.14446494621832537,-0.05715911239611682,0.7056391342093661,20.0,0.9285714285714286,0.08843537414965986,0.9285714285714286,0.9857142857142858,0.5142857142857142,0.580952380952381,0.664207650273224,0.6964810627473149,0.8613089381947401,0.905103953317618,0.5069069962690101,0.5917866967096544,0.631949180833442,0.6916601451019058,0.8443518025748091,0.9255711755080641,0.8397534013605442,0.9158871882086167,0.13033748841839218,0.1907096749697722,20260727,2,North America,268,168,V1-V10_financial_only
PONE2016_h2_target_North_America,20260727,KELM_PBMSBAINGO,triad,168,84,0.6424902343782594,"Same-horizon leave-one-region-out transfer; source regions=Asia,Europe; target region=North America; source-only fit/search/calibration; target labels untouched until final evaluation; V1-V10 financial ratios only.",Plain KELM; hyperparameters/features selected only on search partition.,Platt_logistic_on_separate_calibration_partition,0.6531365106831049,0.5119047619047619,0.8333333333333334,0.7543859649122807,0.6099290780141844,0.6891025641025641,0.5470737913486005,0.3645852384289452,0.5377771369787165,0.6726190476190477,0.16666666666666666,0.3392857142857143,43.0,14.0,70.0,41.0,0.8010575631716188,0.7714002267573696,0.20497497921425514,0.6280123101094944,0.1390028046434368,0.2977098275999015,0.5776152151718879,,,,0.47738095238095235,0.569047619047619,0.8035714285714286,0.9226190476190477,0.7097607655502391,0.877509778357236,0.5108503187219643,0.6061137935534386,0.2988653940064718,0.5096619759253916,0.4857203036135929,0.637007043459673,0.7764582816922492,0.8716746623086429,0.7624007936507937,0.8376700680272108,0.1710059564478151,0.20471110204654072,20260828,2,North America,268,168,V1-V10_financial_only
PONE2016_h2_target_North_America,20260727,KELM_PBMSBAINGO,cost_1,168,84,0.6405929016782489,"Same-horizon leave-one-region-out transfer; source regions=Asia,Europe; target region=North America; source-only fit/search/calibration; target labels untouched until final evaluation; V1-V10 financial ratios only.",Plain KELM; hyperparameters/features selected only on search partition.,Platt_logistic_on_separate_calibration_partition,0.6531365106831049,0.5119047619047619,0.8333333333333334,0.7543859649122807,0.6099290780141844,0.6891025641025641,0.5470737913486005,0.3645852384289452,0.5377771369787165,0.6726190476190477,0.16666666666666666,0.3392857142857143,43.0,14.0,70.0,41.0,0.8010575631716188,0.7714002267573696,0.20497497921425514,0.6280123101094944,0.1390028046434368,0.2977098275999015,0.5776152151718879,1.0,0.3273809523809524,0.3273809523809524,0.4333333333333333,0.5797619047619048,0.7988095238095239,0.8797619047619047,0.7163265306122449,0.8185309973045822,0.47179962894248606,0.6071809320743222,0.30138541760062304,0.44881949031051893,0.47894434797682456,0.5993475201841216,0.760207305117788,0.8476707621116779,0.7107851473922903,0.8230300453514738,0.17486299409702447,0.24011729710704036,20260828,2,North America,268,168,V1-V10_financial_only
PONE2016_h2_target_North_America,20260727,KELM_PBMSBAINGO,cost_2,168,84,0.4520314420325453,"Same-horizon leave-one-region-out transfer; source regions=Asia,Europe; target region=North America; source-only fit/search/calibration; target labels untouched until final evaluation; V1-V10 financial ratios only.",Plain KELM; hyperparameters/features selected only on search partition.,Platt_logistic_on_separate_calibration_partition,0.713888778598331,0.7380952380952381,0.6904761904761905,0.7045454545454546,0.7209302325581395,0.7110091743119266,0.7311320754716981,0.42905816516051654,0.6024565919683577,0.7142857142857143,0.30952380952380953,0.5238095238095238,62.0,26.0,58.0,22.0,0.8010575631716188,0.7714002267573696,0.20497497921425514,0.6280123101094944,0.1390028046434368,0.2977098275999015,0.5776152151718879,2.0,0.4166666666666667,0.2777777777777778,0.6714285714285714,0.8321428571428572,0.6488095238095238,0.7571428571428571,0.6734042553191489,0.7438969764837625,0.6820730206481609,0.8127906976744186,0.3653045319088894,0.5491433026792877,0.5532948730278027,0.6881347442279384,0.7883210218722931,0.8664617432909701,0.7412131519274378,0.8378968253968254,0.1683330755064527,0.21940499575675124,20260828,2,North America,268,168,V1-V10_financial_only
PONE2016_h2_target_North_America,20260727,KELM_PBMSBAINGO,cost_5,168,84,0.12379770626978527,"Same-horizon leave-one-region-out transfer; source regions=Asia,Europe; target region=North America; source-only fit/search/calibration; target labels untouched until final evaluation; V1-V10 financial ratios only.",Plain KELM; hyperparameters/features selected only on search partition.,Platt_logistic_on_separate_calibration_partition,0.5890150893739515,0.8571428571428571,0.40476190476190477,0.5901639344262295,0.6990291262135923,0.6293706293706294,0.7860262008733624,0.29367288496594224,0.4670595217959907,0.6309523809523809,0.5952380952380952,0.7261904761904762,72.0,50.0,34.0,12.0,0.8010575631716188,0.7714002267573696,0.20497497921425514,0.6280123101094944,0.1390028046434368,0.2977098275999015,0.5776152151718879,5.0,0.6547619047619048,0.21825396825396826,0.8119047619047619,0.8690476190476191,0.40595238095238095,0.4523809523809524,0.5884281581485054,0.611936905909905,0.7569230769230769,0.8016723451221268,0.275548295004019,0.3502623773932208,0.45807120492172343,0.5149891862428545,0.8034561577380607,0.8392412569039941,0.7644132653061225,0.7977182539682539,0.1835668585980632,0.21376495262773115,20260828,2,North America,268,168,V1-V10_financial_only
PONE2016_h2_target_North_America,20260727,KELM_PBMSBAINGO,cost_10,168,84,0.12379770626978527,"Same-horizon leave-one-region-out transfer; source regions=Asia,Europe; target region=North America; source-only fit/search/calibration; target labels untouched until final evaluation; V1-V10 financial ratios only.",Plain KELM; hyperparameters/features selected only on search partition.,Platt_logistic_on_separate_calibration_partition,0.5890150893739515,0.8571428571428571,0.40476190476190477,0.5901639344262295,0.6990291262135923,0.6293706293706294,0.7860262008733624,0.29367288496594224,0.4670595217959907,0.6309523809523809,0.5952380952380952,0.7261904761904762,72.0,50.0,34.0,12.0,0.8010575631716188,0.7714002267573696,0.20497497921425514,0.6280123101094944,0.1390028046434368,0.2977098275999015,0.5776152151718879,10.0,1.0119047619047619,0.18398268398268397,0.8142857142857143,0.9261904761904762,0.35238095238095235,0.4880952380952381,0.5833986658414139,0.6346425939572586,0.764386374797244,0.8406984709945671,0.30290191933968175,0.4151327868462112,0.459423270184545,0.5633931142654771,0.8002552238233717,0.8507061209941259,0.7785289115646259,0.8209892290249433,0.1772089261695266,0.20110813600183097,20260828,2,North America,268,168,V1-V10_financial_only
PONE2016_h2_target_North_America,20260727,KELM_PBMSBAINGO,cost_20,168,84,0.12379770626978527,"Same-horizon leave-one-region-out transfer; source regions=Asia,Europe; target region=North America; source-only fit/search/calibration; target labels untouched until final evaluation; V1-V10 financial ratios only.",Plain KELM; hyperparameters/features selected only on search partition.,Platt_logistic_on_separate_calibration_partition,0.5890150893739515,0.8571428571428571,0.40476190476190477,0.5901639344262295,0.6990291262135923,0.6293706293706294,0.7860262008733624,0.29367288496594224,0.4670595217959907,0.6309523809523809,0.5952380952380952,0.7261904761904762,72.0,50.0,34.0,12.0,0.8010575631716188,0.7714002267573696,0.20497497921425514,0.6280123101094944,0.1390028046434368,0.2977098275999015,0.5776152151718879,20.0,1.7261904761904763,0.16439909297052155,0.8583333333333333,0.8904761904761905,0.3964285714285714,0.5095238095238095,0.5957142857142858,0.6392468239564428,0.7912785281788542,0.8116305916305916,0.317596433368847,0.4056921393897442,0.4873728126217402,0.5642311177361459,0.7854662388261336,0.846834064490426,0.7727891156462585,0.8156320861678005,0.1825323068095394,0.20638158371620674,20260828,2,North America,268,168,V1-V10_financial_only
PONE2016_h2_target_North_America,20260727,KELM_score_fusion,triad,168,84,0.6553639401624952,"Same-horizon leave-one-region-out transfer; source regions=Asia,Europe; target region=North America; source-only fit/search/calibration; target labels untouched until final evaluation; V1-V10 financial ratios only.",Plain KELM plus HistGB score-level fusion; alpha=1.00 selected only on search partition.,Platt_logistic_on_separate_calibration_partition,0.6531365106831049,0.5119047619047619,0.8333333333333334,0.7543859649122807,0.6099290780141844,0.6891025641025641,0.5470737913486005,0.3645852384289452,0.5377771369787165,0.6726190476190477,0.16666666666666666,0.3392857142857143,43.0,14.0,70.0,41.0,0.8010575631716188,0.7714002267573696,0.20632774829102724,0.6326788362550668,0.15014355338240873,0.2951653841409904,0.5687128248629573,,,,0.41785714285714287,0.5535714285714286,0.7404761904761905,0.8547619047619047,0.6169172932330828,0.7712264150943396,0.4466817261255647,0.5836466165413534,0.1672943367399635,0.3801815898469212,0.3725485442792213,0.5549019494670236,0.72491460753323,0.8121190005614795,0.696187641723356,0.7964852607709751,0.19003557273346183,0.24960997971283763,20260830,2,North America,268,168,V1-V10_financial_only
PONE2016_h2_target_North_America,20260727,KELM_score_fusion,cost_1,168,84,0.6534200947088626,"Same-horizon leave-one-region-out transfer; source regions=Asia,Europe; target region=North America; source-only fit/search/calibration; target labels untouched until final evaluation; V1-V10 financial ratios only.",Plain KELM plus HistGB score-level fusion; alpha=1.00 selected only on search partition.,Platt_logistic_on_separate_calibration_partition,0.6531365106831049,0.5119047619047619,0.8333333333333334,0.7543859649122807,0.6099290780141844,0.6891025641025641,0.5470737913486005,0.3645852384289452,0.5377771369787165,0.6726190476190477,0.16666666666666666,0.3392857142857143,43.0,14.0,70.0,41.0,0.8010575631716188,0.7714002267573696,0.20632774829102724,0.6326788362550668,0.15014355338240873,0.2951653841409904,0.5687128248629573,1.0,0.3273809523809524,0.3273809523809524,0.4654761904761905,0.5654761904761905,0.7773809523809524,0.8904761904761905,0.6766009852216749,0.8375243664717349,0.49645188024448356,0.6047465257388922,0.2556569649628268,0.4820588769015244,0.45214813584073366,0.6236941525702007,0.7737545336297474,0.8572706756883567,0.7424178004535148,0.8357709750566894,0.17041618966754235,0.23050426051254763,20260830,2,North America,268,168,V1-V10_financial_only
PONE2016_h2_target_North_America,20260727,KELM_score_fusion,cost_2,168,84,0.45331862263882655,"Same-horizon leave-one-region-out transfer; source regions=Asia,Europe; target region=North America; source-only fit/search/calibration; target labels untouched until final evaluation; V1-V10 financial ratios only.",Plain KELM plus HistGB score-level fusion; alpha=1.00 selected only on search partition.,Platt_logistic_on_separate_calibration_partition,0.713888778598331,0.7380952380952381,0.6904761904761905,0.7045454545454546,0.7209302325581395,0.7110091743119266,0.7311320754716981,0.42905816516051654,0.6024565919683577,0.7142857142857143,0.30952380952380953,0.5238095238095238,62.0,26.0,58.0,22.0,0.8010575631716188,0.7714002267573696,0.20632774829102724,0.6326788362550668,0.15014355338240873,0.2951653841409904,0.5687128248629573,2.0,0.4166666666666667,0.2777777777777778,0.6321428571428571,0.7845238095238095,0.569047619047619,0.7214285714285714,0.6413331754676771,0.7351023976023976,0.6350133034908817,0.765029333390639,0.286979788408564,0.4947124368046315,0.49156148285959317,0.6508296461520647,0.7164892471865406,0.8425138761614059,0.6741354875283446,0.8191751700680271,0.17884650073250458,0.2610688637081239,20260830,2,North America,268,168,V1-V10_financial_only
PONE2016_h2_target_North_America,20260727,KELM_score_fusion,cost_5,168,84,0.11284295884540199,"Same-horizon leave-one-region-out transfer; source regions=Asia,Europe; target region=North America; source-only fit/search/calibration; target labels untouched until final evaluation; V1-V10 financial ratios only.",Plain KELM plus HistGB score-level fusion; alpha=1.00 selected only on search partition.,Platt_logistic_on_separate_calibration_partition,0.5890150893739515,0.8571428571428571,0.40476190476190477,0.5901639344262295,0.6990291262135923,0.6293706293706294,0.7860262008733624,0.29367288496594224,0.4670595217959907,0.6309523809523809,0.5952380952380952,0.7261904761904762,72.0,50.0,34.0,12.0,0.8010575631716188,0.7714002267573696,0.20632774829102724,0.6326788362550668,0.15014355338240873,0.2951653841409904,0.5687128248629573,5.0,0.6547619047619048,0.21825396825396826,0.7904761904761904,0.8666666666666667,0.3619047619047619,0.5095238095238095,0.5705495934959349,0.6192043668844595,0.7474354014973827,0.7936372767369755,0.23959184003544118,0.33918214666280644,0.4186421351368168,0.5164779828920917,0.7541764150688816,0.8365921274011605,0.7020549886621315,0.8033588435374149,0.1900365602585795,0.24320755559087154,20260830,2,North America,268,168,V1-V10_financial_only
PONE2016_h2_target_North_America,20260727,KELM_score_fusion,cost_10,168,84,0.11284295884540199,"Same-horizon leave-one-region-out transfer; source regions=Asia,Europe; target region=North America; source-only fit/search/calibration; target labels untouched until final evaluation; V1-V10 financial ratios only.",Plain KELM plus HistGB score-level fusion; alpha=1.00 selected only on search partition.,Platt_logistic_on_separate_calibration_partition,0.5890150893739515,0.8571428571428571,0.40476190476190477,0.5901639344262295,0.6990291262135923,0.6293706293706294,0.7860262008733624,0.29367288496594224,0.4670595217959907,0.6309523809523809,0.5952380952380952,0.7261904761904762,72.0,50.0,34.0,12.0,0.8010575631716188,0.7714002267573696,0.20632774829102724,0.6326788362550668,0.15014355338240873,0.2951653841409904,0.5687128248629573,10.0,1.0119047619047619,0.18398268398268397,0.7571428571428571,0.9023809523809524,0.2928571428571428,0.4369047619047619,0.5187881097560976,0.596579532814238,0.6939744924518481,0.8159186535764377,0.0642423524532954,0.32485293995346215,0.22915293551848523,0.486412785001527,0.7543098780459349,0.8249239933305285,0.6997732426303855,0.8002834467120181,0.1856256630092477,0.2422345861515933,20260830,2,North America,268,168,V1-V10_financial_only
PONE2016_h2_target_North_America,20260727,KELM_score_fusion,cost_20,168,84,0.11284295884540199,"Same-horizon leave-one-region-out transfer; source regions=Asia,Europe; target region=North America; source-only fit/search/calibration; target labels untouched until final evaluation; V1-V10 financial ratios only.",Plain KELM plus HistGB score-level fusion; alpha=1.00 selected only on search partition.,Platt_logistic_on_separate_calibration_partition,0.5890150893739515,0.8571428571428571,0.40476190476190477,0.5901639344262295,0.6990291262135923,0.6293706293706294,0.7860262008733624,0.29367288496594224,0.4670595217959907,0.6309523809523809,0.5952380952380952,0.7261904761904762,72.0,50.0,34.0,12.0,0.8010575631716188,0.7714002267573696,0.20632774829102724,0.6326788362550668,0.15014355338240873,0.2951653841409904,0.5687128248629573,20.0,1.7261904761904763,0.16439909297052155,0.769047619047619,0.8904761904761905,0.31666666666666665,0.4738095238095238,0.5483278508771929,0.6228829993535876,0.7154310344827587,0.8095156361001054,0.16877803444894618,0.37323837286022815,0.3539692369691927,0.5356295731457784,0.7393779199996651,0.8505250361708461,0.7112528344671202,0.8237953514739228,0.18085391828539077,0.23660889923002265,20260830,2,North America,268,168,V1-V10_financial_only
PONE2016_h2_target_North_America,20260727,KELM_risk_feature,triad,168,84,0.753310034819481,"Same-horizon leave-one-region-out transfer; source regions=Asia,Europe; target region=North America; source-only fit/search/calibration; target labels untouched until final evaluation; V1-V10 financial ratios only.",OOF HistGB risk is a forced KELM input; no score-level fusion.,Platt_logistic_on_separate_calibration_partition,0.6776309271789384,0.47619047619047616,0.9642857142857143,0.9302325581395349,0.6299212598425197,0.78125,0.5277044854881267,0.5046758112081504,0.6142327602895948,0.7202380952380952,0.03571428571428571,0.25595238095238093,40.0,3.0,81.0,44.0,0.9206745772612113,0.9216269841269841,0.12201654878047559,0.39562958411071525,0.12900793703781613,0.0034509464318816544,1.8274329271494187,,,,0.4452380952380952,0.5761904761904763,0.9404761904761905,0.986904761904762,0.892914653784219,0.9718713450292398,0.49885208724136965,0.6218150615788411,0.4837200023400447,0.5598239334825126,0.6044370297117628,0.6726333766121461,0.9226920822490813,0.9366799131708153,0.9220379818594104,0.9408021541950113,0.10926008387845926,0.12148478732728493,20260938,2,North America,268,168,V1-V10_financial_only
PONE2016_h2_target_North_America,20260727,KELM_risk_feature,cost_1,168,84,0.4989023662633029,"Same-horizon leave-one-region-out transfer; source regions=Asia,Europe; target region=North America; source-only fit/search/calibration; target labels untouched until final evaluation; V1-V10 financial ratios only.",OOF HistGB risk is a forced KELM input; no score-level fusion.,Platt_logistic_on_separate_calibration_partition,0.839264606286408,0.8452380952380952,0.8333333333333334,0.8352941176470589,0.8402366863905325,0.8372641509433962,0.8432304038004751,0.6786195183931516,0.7818823106639504,0.8392857142857143,0.16666666666666666,0.5059523809523809,71.0,14.0,70.0,13.0,0.9206745772612113,0.9216269841269841,0.12201654878047559,0.39562958411071525,0.12900793703781613,0.0034509464318816544,1.8274329271494187,1.0,0.16071428571428573,0.16071428571428573,0.7571428571428571,0.8809523809523809,0.7083333333333333,0.8952380952380953,0.7491315675206254,0.8933715925394549,0.7650802735884155,0.8826972293312562,0.5624193386963667,0.772089533311876,0.6990751140507355,0.8458220618141424,0.8568949412295503,0.930945274285705,0.8724631519274376,0.9362244897959183,0.11366080858277976,0.15055133151643738,20260938,2,North America,268,168,V1-V10_financial_only
PONE2016_h2_target_North_America,20260727,KELM_risk_feature,cost_2,168,84,0.23547860562820266,"Same-horizon leave-one-region-out transfer; source regions=Asia,Europe; target region=North America; source-only fit/search/calibration; target labels untouched until final evaluation; V1-V10 financial ratios only.",OOF HistGB risk is a forced KELM input; no score-level fusion.,Platt_logistic_on_separate_calibration_partition,0.6859457281375206,0.9880952380952381,0.47619047619047616,0.6535433070866141,0.7867298578199052,0.7010135135135135,0.896328293736501,0.5404690364262414,0.633553717045325,0.7321428571428572,0.5238095238095238,0.7559523809523809,83.0,44.0,40.0,1.0,0.9206745772612113,0.9216269841269841,0.12201654878047559,0.39562958411071525,0.12900793703781613,0.0034509464318816544,1.8274329271494187,2.0,0.27380952380952384,0.18253968253968253,0.9761904761904762,0.9988095238095238,0.42976190476190473,0.5440476190476191,0.6357293868921776,0.6840220385674931,0.8819104560622915,0.9070302418223644,0.4944142106534495,0.5921576967549793,0.597361930150467,0.6824962997783,0.8919449897229654,0.9468406993464105,0.8887471655328798,0.9481575963718821,0.111664804013391,0.13877398144957057,20260938,2,North America,268,168,V1-V10_financial_only
PONE2016_h2_target_North_America,20260727,KELM_risk_feature,cost_5,168,84,0.23547860562820266,"Same-horizon leave-one-region-out transfer; source regions=Asia,Europe; target region=North America; source-only fit/search/calibration; target labels untouched until final evaluation; V1-V10 financial ratios only.",OOF HistGB risk is a forced KELM input; no score-level fusion.,Platt_logistic_on_separate_calibration_partition,0.6859457281375206,0.9880952380952381,0.47619047619047616,0.6535433070866141,0.7867298578199052,0.7010135135135135,0.896328293736501,0.5404690364262414,0.633553717045325,0.7321428571428572,0.5238095238095238,0.7559523809523809,83.0,44.0,40.0,1.0,0.9206745772612113,0.9216269841269841,0.12201654878047559,0.39562958411071525,0.12900793703781613,0.0034509464318816544,1.8274329271494187,5.0,0.2916666666666667,0.09722222222222222,0.9761904761904762,0.9880952380952381,0.35833333333333334,0.5464285714285714,0.6036764705882353,0.6832449903038138,0.8697033898305084,0.8994751517139576,0.4274690391265369,0.5787499424189738,0.5309750292516157,0.6755062528155974,0.8955023903988354,0.932347704281663,0.8925595238095239,0.9277069160997732,0.11586421145845903,0.1385367275930023,20260938,2,North America,268,168,V1-V10_financial_only
PONE2016_h2_target_North_America,20260727,KELM_risk_feature,cost_10,168,84,0.23547860562820266,"Same-horizon leave-one-region-out transfer; source regions=Asia,Europe; target region=North America; source-only fit/search/calibration; target labels untouched until final evaluation; V1-V10 financial ratios only.",OOF HistGB risk is a forced KELM input; no score-level fusion.,Platt_logistic_on_separate_calibration_partition,0.6859457281375206,0.9880952380952381,0.47619047619047616,0.6535433070866141,0.7867298578199052,0.7010135135135135,0.896328293736501,0.5404690364262414,0.633553717045325,0.7321428571428572,0.5238095238095238,0.7559523809523809,83.0,44.0,40.0,1.0,0.9206745772612113,0.9216269841269841,0.12201654878047559,0.39562958411071525,0.12900793703781613,0.0034509464318816544,1.8274329271494187,10.0,0.32142857142857145,0.05844155844155844,0.9654761904761905,0.9988095238095238,0.44285714285714284,0.5095238095238095,0.6419429866412213,0.6634139994795732,0.8847886216597676,0.8992486813685957,0.5311048731748532,0.5482667292992012,0.617131237518032,0.6423365752208229,0.8869566469680576,0.9562633023892794,0.8985827664399093,0.9477749433106577,0.10103931945839326,0.12980587753648604,20260938,2,North America,268,168,V1-V10_financial_only
PONE2016_h2_target_North_America,20260727,KELM_risk_feature,cost_20,168,84,0.13476076564873252,"Same-horizon leave-one-region-out transfer; source regions=Asia,Europe; target region=North America; source-only fit/search/calibration; target labels untouched until final evaluation; V1-V10 financial ratios only.",OOF HistGB risk is a forced KELM input; no score-level fusion.,Platt_logistic_on_separate_calibration_partition,0.4225771273642583,1.0,0.17857142857142858,0.5490196078431373,0.7088607594936709,0.603448275862069,0.8588957055214724,0.3131121455425747,0.3823877424318187,0.5892857142857143,0.8214285714285714,0.9107142857142857,84.0,69.0,15.0,0.0,0.9206745772612113,0.9216269841269841,0.12201654878047559,0.39562958411071525,0.12900793703781613,0.0034509464318816544,1.8274329271494187,20.0,0.4107142857142857,0.0391156462585034,1.0,1.0,0.1261904761904762,0.21428571428571427,0.5337441705529646,0.56,0.8512477600053097,0.8641975308641975,0.25886385666813494,0.34641016151377546,0.319030500193326,0.4202695716429375,0.8953285779350033,0.938909455177148,0.9008219954648525,0.9480583900226758,0.10173639636179851,0.13353434986855847,20260938,2,North America,268,168,V1-V10_financial_only
PONE2016_h2_target_North_America,20260727,Full_PBMSBAINGO,triad,168,84,0.8916049630063596,"Same-horizon leave-one-region-out transfer; source regions=Asia,Europe; target region=North America; source-only fit/search/calibration; target labels untouched until final evaluation; V1-V10 financial ratios only.",Risk feature plus score fusion; alpha=0.70 selected only on search partition.,Platt_logistic_on_separate_calibration_partition,0.6192765144590454,0.39285714285714285,0.9761904761904762,0.9428571428571428,0.5546218487394958,0.7366071428571429,0.444743935309973,0.45436184163771115,0.5585435278523142,0.6845238095238095,0.023809523809523808,0.20833333333333334,33.0,2.0,82.0,51.0,0.8490051198319515,0.842687074829932,0.16897687345854098,0.5072952471065223,0.08539097877266323,0.08719884073247279,0.7327181860530046,,,,0.35833333333333334,0.49404761904761907,0.9654761904761905,0.9988095238095238,0.93375,0.996875,0.4089673913043478,0.5453963254593176,0.4274690391265369,0.5211342779002026,0.5309750292516157,0.6286754492123549,0.8233715976098177,0.8981199908067882,0.8253259637188208,0.8872590702947847,0.1421590898144021,0.1792263706890964,20261034,2,North America,268,168,V1-V10_financial_only
PONE2016_h2_target_North_America,20260727,Full_PBMSBAINGO,cost_1,168,84,0.254009167560086,"Same-horizon leave-one-region-out transfer; source regions=Asia,Europe; target region=North America; source-only fit/search/calibration; target labels untouched until final evaluation; V1-V10 financial ratios only.",Risk feature plus score fusion; alpha=0.70 selected only on search partition.,Platt_logistic_on_separate_calibration_partition,0.7263856100046095,0.8690476190476191,0.6071428571428571,0.6886792452830188,0.7684210526315789,0.718503937007874,0.8257918552036199,0.49341371149144836,0.6385308618452195,0.7380952380952381,0.39285714285714285,0.6309523809523809,73.0,33.0,51.0,11.0,0.8490051198319515,0.842687074829932,0.16897687345854098,0.5072952471065223,0.08539097877266323,0.08719884073247279,0.7327181860530046,1.0,0.2619047619047619,0.2619047619047619,0.7928571428571428,0.9357142857142857,0.5428571428571428,0.6523809523809524,0.6551785714285714,0.707328167115903,0.770568341895923,0.8783684146735617,0.43081357112200414,0.5770294500698284,0.5873535414899531,0.6903484981873935,0.815109597715263,0.8819043097796551,0.8134637188208617,0.8754393424036281,0.1460812422055986,0.19136526789654099,20261034,2,North America,268,168,V1-V10_financial_only
PONE2016_h2_target_North_America,20260727,Full_PBMSBAINGO,cost_2,168,84,0.254009167560086,"Same-horizon leave-one-region-out transfer; source regions=Asia,Europe; target region=North America; source-only fit/search/calibration; target labels untouched until final evaluation; V1-V10 financial ratios only.",Risk feature plus score fusion; alpha=0.70 selected only on search partition.,Platt_logistic_on_separate_calibration_partition,0.7263856100046095,0.8690476190476191,0.6071428571428571,0.6886792452830188,0.7684210526315789,0.718503937007874,0.8257918552036199,0.49341371149144836,0.6385308618452195,0.7380952380952381,0.39285714285714285,0.6309523809523809,73.0,33.0,51.0,11.0,0.8490051198319515,0.842687074829932,0.16897687345854098,0.5072952471065223,0.08539097877266323,0.08719884073247279,0.7327181860530046,2.0,0.3273809523809524,0.21825396825396826,0.8357142857142857,0.955952380952381,0.5738095238095238,0.7297619047619048,0.6727622377622378,0.7796116504854369,0.7973570547099958,0.9145785876993165,0.44400947624651027,0.7039587196804864,0.6044606902629448,0.7887676450003541,0.8015675834059357,0.9143359073613235,0.8089569160997733,0.9188492063492063,0.11946299372344926,0.18870024127730625,20261034,2,North America,268,168,V1-V10_financial_only
PONE2016_h2_target_North_America,20260727,Full_PBMSBAINGO,cost_5,168,84,0.23183727801160944,"Same-horizon leave-one-region-out transfer; source regions=Asia,Europe; target region=North America; source-only fit/search/calibration; target labels untouched until final evaluation; V1-V10 financial ratios only.",Risk feature plus score fusion; alpha=0.70 selected only on search partition.,Platt_logistic_on_separate_calibration_partition,0.7192289269996769,0.8690476190476191,0.5952380952380952,0.6822429906542056,0.7643979057591623,0.712890625,0.8239277652370203,0.48273390272128724,0.6297198224628711,0.7321428571428572,0.40476190476190477,0.6369047619047619,73.0,34.0,50.0,11.0,0.8490051198319515,0.842687074829932,0.16897687345854098,0.5072952471065223,0.08539097877266323,0.08719884073247279,0.7327181860530046,5.0,0.5297619047619048,0.1765873015873016,0.8583333333333333,0.9023809523809524,0.5238095238095238,0.6273809523809524,0.6431731984829331,0.7008216783216783,0.8045060451797645,0.8497706889523033,0.40551435212411036,0.5247205015889203,0.5670321390881159,0.6566117362055482,0.8154536830759432,0.8463808880712661,0.8165391156462586,0.8418509070294784,0.1692786003959827,0.18569139211844596,20261034,2,North America,268,168,V1-V10_financial_only
PONE2016_h2_target_North_America,20260727,Full_PBMSBAINGO,cost_10,168,84,0.23183727801160944,"Same-horizon leave-one-region-out transfer; source regions=Asia,Europe; target region=North America; source-only fit/search/calibration; target labels untouched until final evaluation; V1-V10 financial ratios only.",Risk feature plus score fusion; alpha=0.70 selected only on search partition.,Platt_logistic_on_separate_calibration_partition,0.7192289269996769,0.8690476190476191,0.5952380952380952,0.6822429906542056,0.7643979057591623,0.712890625,0.8239277652370203,0.48273390272128724,0.6297198224628711,0.7321428571428572,0.40476190476190477,0.6369047619047619,73.0,34.0,50.0,11.0,0.8490051198319515,0.842687074829932,0.16897687345854098,0.5072952471065223,0.08539097877266323,0.08719884073247279,0.7327181860530046,10.0,0.8571428571428571,0.15584415584415584,0.8583333333333333,0.925,0.5273809523809524,0.6309523809523809,0.6511748120300752,0.7142290049400142,0.8202632245001265,0.8724694020866773,0.437988993446185,0.5789545524265745,0.5884124435236608,0.6958289474776197,0.8315117234365428,0.8711416501804904,0.8177295918367348,0.8710034013605441,0.14536729031126208,0.1800703393442588,20261034,2,North America,268,168,V1-V10_financial_only
PONE2016_h2_target_North_America,20260727,Full_PBMSBAINGO,cost_20,168,84,0.23183727801160944,"Same-horizon leave-one-region-out transfer; source regions=Asia,Europe; target region=North America; source-only fit/search/calibration; target labels untouched until final evaluation; V1-V10 financial ratios only.",Risk feature plus score fusion; alpha=0.70 selected only on search partition.,Platt_logistic_on_separate_calibration_partition,0.7192289269996769,0.8690476190476191,0.5952380952380952,0.6822429906542056,0.7643979057591623,0.712890625,0.8239277652370203,0.48273390272128724,0.6297198224628711,0.7321428571428572,0.40476190476190477,0.6369047619047619,73.0,34.0,50.0,11.0,0.8490051198319515,0.842687074829932,0.16897687345854098,0.5072952471065223,0.08539097877266323,0.08719884073247279,0.7327181860530046,20.0,1.5119047619047619,0.14399092970521543,0.8,0.8928571428571429,0.575,0.6642857142857143,0.6683673469387754,0.7139911634756996,0.7743771351943892,0.849765581908439,0.43590704316719486,0.5501299211302344,0.6025560328717268,0.6796727766907348,0.8415354874191217,0.8797479492049249,0.8374007936507937,0.8506944444444443,0.16406027928582478,0.17642808631480464,20261034,2,North America,268,168,V1-V10_financial_only
PONE2016_h2_target_North_America,20260727,Uncertainty_gated_fusion,triad,168,84,0.753310034819481,"Same-horizon leave-one-region-out transfer; source regions=Asia,Europe; target region=North America; source-only fit/search/calibration; target labels untouched until final evaluation; V1-V10 financial ratios only.","One-standard-error paired-bootstrap gate selected KELM_risk_feature; search utility difference=-0.0251, required margin=0.0347.",Platt_logistic_on_separate_calibration_partition,0.6776309271789384,0.47619047619047616,0.9642857142857143,0.9302325581395349,0.6299212598425197,0.78125,0.5277044854881267,0.5046758112081504,0.6142327602895948,0.7202380952380952,0.03571428571428571,0.25595238095238093,40.0,3.0,81.0,44.0,0.9206745772612113,0.9216269841269841,0.12201654878047559,0.39562958411071525,0.12900793703781613,0.0034509464318816544,1.8274329271494187,,,,0.39404761904761904,0.4869047619047619,0.9428571428571428,0.9761904761904762,0.8821357943309163,0.9514285714285714,0.4458459492856781,0.5384363686995266,0.4311704130081741,0.5215734606421426,0.5574416206010254,0.6238142049686088,0.8858044170502334,0.9385029531479535,0.881703514739229,0.9393282312925171,0.11289794595128737,0.14539256303195958,20261080,2,North America,268,168,V1-V10_financial_only
PONE2016_h2_target_North_America,20260727,Uncertainty_gated_fusion,cost_1,168,84,0.4989023662633029,"Same-horizon leave-one-region-out transfer; source regions=Asia,Europe; target region=North America; source-only fit/search/calibration; target labels untouched until final evaluation; V1-V10 financial ratios only.","One-standard-error paired-bootstrap gate selected KELM_risk_feature; search utility difference=-0.0251, required margin=0.0347.",Platt_logistic_on_separate_calibration_partition,0.839264606286408,0.8452380952380952,0.8333333333333334,0.8352941176470589,0.8402366863905325,0.8372641509433962,0.8432304038004751,0.6786195183931516,0.7818823106639504,0.8392857142857143,0.16666666666666666,0.5059523809523809,71.0,14.0,70.0,13.0,0.9206745772612113,0.9216269841269841,0.12201654878047559,0.39562958411071525,0.12900793703781613,0.0034509464318816544,1.8274329271494187,1.0,0.16071428571428573,0.16071428571428573,0.7738095238095238,0.8678571428571429,0.8333333333333334,0.8904761904761905,0.8244143750909356,0.8855263157894736,0.7837027722540648,0.8632668333418372,0.6119784304060143,0.7457138297871773,0.7345185698664799,0.8279558292366951,0.9081332692095221,0.9485295250014618,0.8985119047619048,0.9442602040816326,0.10927047410863613,0.13536755046990678,20261080,2,North America,268,168,V1-V10_financial_only
PONE2016_h2_target_North_America,20260727,Uncertainty_gated_fusion,cost_2,168,84,0.23547860562820266,"Same-horizon leave-one-region-out transfer; source regions=Asia,Europe; target region=North America; source-only fit/search/calibration; target labels untouched until final evaluation; V1-V10 financial ratios only.","One-standard-error paired-bootstrap gate selected KELM_risk_feature; search utility difference=-0.0251, required margin=0.0347.",Platt_logistic_on_separate_calibration_partition,0.6859457281375206,0.9880952380952381,0.47619047619047616,0.6535433070866141,0.7867298578199052,0.7010135135135135,0.896328293736501,0.5404690364262414,0.633553717045325,0.7321428571428572,0.5238095238095238,0.7559523809523809,83.0,44.0,40.0,1.0,0.9206745772612113,0.9216269841269841,0.12201654878047559,0.39562958411071525,0.12900793703781613,0.0034509464318816544,1.8274329271494187,2.0,0.27380952380952384,0.18253968253968253,0.9773809523809524,1.0,0.35833333333333334,0.5452380952380953,0.6092392227949923,0.6874140666314119,0.8847265669596985,0.9166318587431176,0.46428290413092654,0.6122073141540365,0.5495202875776743,0.693673278270042,0.904834407453131,0.9363303677483141,0.9097647392290249,0.9341269841269841,0.11647950031791966,0.13427355242605482,20261080,2,North America,268,168,V1-V10_financial_only
PONE2016_h2_target_North_America,20260727,Uncertainty_gated_fusion,cost_5,168,84,0.23547860562820266,"Same-horizon leave-one-region-out transfer; source regions=Asia,Europe; target region=North America; source-only fit/search/calibration; target labels untouched until final evaluation; V1-V10 financial ratios only.","One-standard-error paired-bootstrap gate selected KELM_risk_feature; search utility difference=-0.0251, required margin=0.0347.",Platt_logistic_on_separate_calibration_partition,0.6859457281375206,0.9880952380952381,0.47619047619047616,0.6535433070866141,0.7867298578199052,0.7010135135135135,0.896328293736501,0.5404690364262414,0.633553717045325,0.7321428571428572,0.5238095238095238,0.7559523809523809,83.0,44.0,40.0,1.0,0.9206745772612113,0.9216269841269841,0.12201654878047559,0.39562958411071525,0.12900793703781613,0.0034509464318816544,1.8274329271494187,5.0,0.2916666666666667,0.09722222222222222,0.9678571428571429,1.0,0.42142857142857143,0.5095238095238095,0.6327067669172932,0.6709417322834647,0.8785132777670092,0.9106693590326224,0.49668341097911184,0.5846821584770078,0.598624768123331,0.6678628064479392,0.9093699470528454,0.9293534692214327,0.8961876417233561,0.9362244897959183,0.11686024014856947,0.1365162775365971,20261080,2,North America,268,168,V1-V10_financial_only
PONE2016_h2_target_North_America,20260727,Uncertainty_gated_fusion,cost_10,168,84,0.23547860562820266,"Same-horizon leave-one-region-out transfer; source regions=Asia,Europe; target region=North America; source-only fit/search/calibration; target labels untouched until final evaluation; V1-V10 financial ratios only.","One-standard-error paired-bootstrap gate selected KELM_risk_feature; search utility difference=-0.0251, required margin=0.0347.",Platt_logistic_on_separate_calibration_partition,0.6859457281375206,0.9880952380952381,0.47619047619047616,0.6535433070866141,0.7867298578199052,0.7010135135135135,0.896328293736501,0.5404690364262414,0.633553717045325,0.7321428571428572,0.5238095238095238,0.7559523809523809,83.0,44.0,40.0,1.0,0.9206745772612113,0.9216269841269841,0.12201654878047559,0.39562958411071525,0.12900793703781613,0.0034509464318816544,1.8274329271494187,10.0,0.32142857142857145,0.05844155844155844,0.9666666666666667,0.9988095238095238,0.3904761904761905,0.5333333333333333,0.6181333333333333,0.6794950819672131,0.8787828545900862,0.9105679697638511,0.46847149584802517,0.5872627061331568,0.564666908926018,0.6766633903334709,0.8863004388086354,0.9512650775321974,0.8940192743764173,0.9495039682539683,0.10692380238381967,0.1390492797135352,20261080,2,North America,268,168,V1-V10_financial_only
PONE2016_h2_target_North_America,20260727,Uncertainty_gated_fusion,cost_20,168,84,0.13476076564873252,"Same-horizon leave-one-region-out transfer; source regions=Asia,Europe; target region=North America; source-only fit/search/calibration; target labels untouched until final evaluation; V1-V10 financial ratios only.","One-standard-error paired-bootstrap gate selected KELM_risk_feature; search utility difference=-0.0251, required margin=0.0347.",Platt_logistic_on_separate_calibration_partition,0.4225771273642583,1.0,0.17857142857142858,0.5490196078431373,0.7088607594936709,0.603448275862069,0.8588957055214724,0.3131121455425747,0.3823877424318187,0.5892857142857143,0.8214285714285714,0.9107142857142857,84.0,69.0,15.0,0.0,0.9206745772612113,0.9216269841269841,0.12201654878047559,0.39562958411071525,0.12900793703781613,0.0034509464318816544,1.8274329271494187,20.0,0.4107142857142857,0.0391156462585034,1.0,1.0,0.13333333333333333,0.2130952380952381,0.535722210807479,0.5596291390728477,0.8522739947864812,0.8640200775724389,0.2671864118874713,0.3453225030866188,0.3289680355986724,0.41904027007691963,0.9123185004349474,0.9424448320547627,0.9065334467120182,0.9406746031746033,0.1102903036048361,0.13051001565004988,20261080,2,North America,268,168,V1-V10_financial_only
PONE2016_h2_target_North_America,20260727,Full_random_search,triad,168,84,0.694003571907685,"Same-horizon leave-one-region-out transfer; source regions=Asia,Europe; target region=North America; source-only fit/search/calibration; target labels untouched until final evaluation; V1-V10 financial ratios only.",Same full architecture and 81 evaluations as PBMSBAINGO; alpha=0.70.,Platt_logistic_on_separate_calibration_partition,0.746021192090157,0.6071428571428571,0.9166666666666666,0.8793103448275862,0.7183098591549296,0.8069620253164557,0.6472081218274112,0.5508613944197478,0.674292333784159,0.7619047619047619,0.08333333333333333,0.34523809523809523,51.0,7.0,77.0,33.0,0.8833036487010397,0.8706065759637187,0.150150257027493,0.4507652667661468,0.07756443411905733,0.10697750679127566,0.8903169813862389,,,,0.5607142857142857,0.6714285714285715,0.8690476190476191,0.9238095238095239,0.8227787209960385,0.8890866873065015,0.599081644515054,0.699786486282216,0.4662188221090492,0.5649453370815387,0.6129511530029821,0.6896077777792856,0.860942129404983,0.8823026156698792,0.8399943310657596,0.8680697278911564,0.15293240726780682,0.1723897239748547,20261128,2,North America,268,168,V1-V10_financial_only
PONE2016_h2_target_North_America,20260727,Full_random_search,cost_1,168,84,0.23884038972642724,"Same-horizon leave-one-region-out transfer; source regions=Asia,Europe; target region=North America; source-only fit/search/calibration; target labels untouched until final evaluation; V1-V10 financial ratios only.",Same full architecture and 81 evaluations as PBMSBAINGO; alpha=0.70.,Platt_logistic_on_separate_calibration_partition,0.7576144084141581,0.8928571428571429,0.6428571428571429,0.7142857142857143,0.7936507936507936,0.7440476190476191,0.8503401360544217,0.5532833351724881,0.6822570208641113,0.7678571428571429,0.35714285714285715,0.625,75.0,30.0,54.0,9.0,0.8833036487010397,0.8706065759637187,0.150150257027493,0.4507652667661468,0.07756443411905733,0.10697750679127566,0.8903169813862389,1.0,0.23214285714285715,0.23214285714285715,0.8821428571428571,0.9273809523809524,0.5797619047619047,0.6904761904761905,0.67756993006993,0.749757281553398,0.8318640440277211,0.8854265893559743,0.48455292724212284,0.6359693735842314,0.6279833651088176,0.7412181917716357,0.860786642421792,0.8936018251041192,0.8421201814058957,0.8911989795918367,0.1363905680116693,0.16997311779657676,20261128,2,North America,268,168,V1-V10_financial_only
PONE2016_h2_target_North_America,20260727,Full_random_search,cost_2,168,84,0.23884038972642724,"Same-horizon leave-one-region-out transfer; source regions=Asia,Europe; target region=North America; source-only fit/search/calibration; target labels untouched until final evaluation; V1-V10 financial ratios only.",Same full architecture and 81 evaluations as PBMSBAINGO; alpha=0.70.,Platt_logistic_on_separate_calibration_partition,0.7576144084141581,0.8928571428571429,0.6428571428571429,0.7142857142857143,0.7936507936507936,0.7440476190476191,0.8503401360544217,0.5532833351724881,0.6822570208641113,0.7678571428571429,0.35714285714285715,0.625,75.0,30.0,54.0,9.0,0.8833036487010397,0.8706065759637187,0.150150257027493,0.4507652667661468,0.07756443411905733,0.10697750679127566,0.8903169813862389,2.0,0.2857142857142857,0.19047619047619047,0.8345238095238096,0.9273809523809524,0.5964285714285714,0.7095238095238096,0.6920727636849132,0.7578557855785578,0.8057471264367816,0.879959749918274,0.4972106640616086,0.6354145708118223,0.646927368559996,0.7424543301245908,0.8572249870333912,0.9081638015460293,0.840688775510204,0.8954790249433107,0.13238397676066366,0.17289529029232215,20261128,2,North America,268,168,V1-V10_financial_only
PONE2016_h2_target_North_America,20260727,Full_random_search,cost_5,168,84,0.23884038972642724,"Same-horizon leave-one-region-out transfer; source regions=Asia,Europe; target region=North America; source-only fit/search/calibration; target labels untouched until final evaluation; V1-V10 financial ratios only.",Same full architecture and 81 evaluations as PBMSBAINGO; alpha=0.70.,Platt_logistic_on_separate_calibration_partition,0.7576144084141581,0.8928571428571429,0.6428571428571429,0.7142857142857143,0.7936507936507936,0.7440476190476191,0.8503401360544217,0.5532833351724881,0.6822570208641113,0.7678571428571429,0.35714285714285715,0.625,75.0,30.0,54.0,9.0,0.8833036487010397,0.8706065759637187,0.150150257027493,0.4507652667661468,0.07756443411905733,0.10697750679127566,0.8903169813862389,5.0,0.44642857142857145,0.1488095238095238,0.8940476190476191,0.9511904761904761,0.6107142857142857,0.6773809523809524,0.7067840453938585,0.7459741193386052,0.8551563470697867,0.9008107263785875,0.5750534560771093,0.6492555369467219,0.6929052378633382,0.7469092033971806,0.8698902203716259,0.935690642957475,0.869827097505669,0.9204648526077097,0.11433461593799706,0.1552796745190247,20261128,2,North America,268,168,V1-V10_financial_only
PONE2016_h2_target_North_America,20260727,Full_random_search,cost_10,168,84,0.23884038972642724,"Same-horizon leave-one-region-out transfer; source regions=Asia,Europe; target region=North America; source-only fit/search/calibration; target labels untouched until final evaluation; V1-V10 financial ratios only.",Same full architecture and 81 evaluations as PBMSBAINGO; alpha=0.70.,Platt_logistic_on_separate_calibration_partition,0.7576144084141581,0.8928571428571429,0.6428571428571429,0.7142857142857143,0.7936507936507936,0.7440476190476191,0.8503401360544217,0.5532833351724881,0.6822570208641113,0.7678571428571429,0.35714285714285715,0.625,75.0,30.0,54.0,9.0,0.8833036487010397,0.8706065759637187,0.150150257027493,0.4507652667661468,0.07756443411905733,0.10697750679127566,0.8903169813862389,10.0,0.7142857142857143,0.12987012987012986,0.85,0.9369047619047619,0.655952380952381,0.6892857142857143,0.7221153846153846,0.7445411247481223,0.8231025614108755,0.8908590069986292,0.5444060420789367,0.637179419640036,0.6823938031732383,0.7398935106854132,0.8809153702924879,0.9168261541278381,0.8666383219954648,0.9053854875283447,0.1246359508739477,0.15427454637807136,20261128,2,North America,268,168,V1-V10_financial_only
PONE2016_h2_target_North_America,20260727,Full_random_search,cost_20,168,84,0.23884038972642724,"Same-horizon leave-one-region-out transfer; source regions=Asia,Europe; target region=North America; source-only fit/search/calibration; target labels untouched until final evaluation; V1-V10 financial ratios only.",Same full architecture and 81 evaluations as PBMSBAINGO; alpha=0.70.,Platt_logistic_on_separate_calibration_partition,0.7576144084141581,0.8928571428571429,0.6428571428571429,0.7142857142857143,0.7936507936507936,0.7440476190476191,0.8503401360544217,0.5532833351724881,0.6822570208641113,0.7678571428571429,0.35714285714285715,0.625,75.0,30.0,54.0,9.0,0.8833036487010397,0.8706065759637187,0.150150257027493,0.4507652667661468,0.07756443411905733,0.10697750679127566,0.8903169813862389,20.0,1.25,0.11904761904761904,0.8047619047619048,0.9166666666666666,0.6095238095238095,0.7571428571428571,0.6742962962962963,0.782689236665602,0.776595346549475,0.8796178902014142,0.4282234657305841,0.6433167209109112,0.5951722495437582,0.749888436555499,0.8610725667006585,0.9279135244096304,0.8475765306122448,0.9167375283446711,0.1213294889764177,0.16630446447145134,20261128,2,North America,268,168,V1-V10_financial_only
PONE2016_h2_target_North_America,20260727,Balanced_logistic,triad,168,84,0.5317546278954266,"Same-horizon leave-one-region-out transfer; source regions=Asia,Europe; target region=North America; source-only fit/search/calibration; target labels untouched until final evaluation; V1-V10 financial ratios only.",Class-weighted logistic reference using the same source-only fit/search/calibration and untouched regional target.,Platt_logistic_on_separate_calibration_partition,0.7313439311146509,0.6071428571428571,0.8809523809523809,0.8360655737704918,0.7034482758620689,0.7774390243902439,0.6423173803526449,0.507489487476225,0.6474756764403397,0.7440476190476191,0.11904761904761904,0.3630952380952381,51.0,10.0,74.0,33.0,0.8528008169831593,0.8068310657596371,0.17699276610789785,0.5997167552036056,0.09361066313979331,0.14590917504964335,0.5555701548229026,,,,0.5523809523809524,0.6666666666666666,0.8345238095238096,0.8928571428571429,0.7711594202898551,0.8606305170239597,0.5858585858585859,0.6975647301499338,0.4074612758999617,0.5701941919884734,0.5733535207024122,0.6958404578390844,0.8248393594866759,0.8826311103149187,0.805640589569161,0.8442885487528345,0.15605641661201905,0.1857357492820606,20262028,2,North America,268,168,V1-V10_financial_only
PONE2016_h2_target_North_America,20260727,Balanced_logistic,cost_1,168,84,0.532154806787383,"Same-horizon leave-one-region-out transfer; source regions=Asia,Europe; target region=North America; source-only fit/search/calibration; target labels untouched until final evaluation; V1-V10 financial ratios only.",Class-weighted logistic reference using the same source-only fit/search/calibration and untouched regional target.,Platt_logistic_on_separate_calibration_partition,0.7313439311146509,0.6071428571428571,0.8809523809523809,0.8360655737704918,0.7034482758620689,0.7774390243902439,0.6423173803526449,0.507489487476225,0.6474756764403397,0.7440476190476191,0.11904761904761904,0.3630952380952381,51.0,10.0,74.0,33.0,0.8528008169831593,0.8068310657596371,0.17699276610789785,0.5997167552036056,0.09361066313979331,0.14590917504964335,0.5555701548229026,1.0,0.25595238095238093,0.25595238095238093,0.525,0.6035714285714285,0.8702380952380953,0.9619047619047619,0.8090744101633394,0.9335459183673469,0.5728098873137041,0.6434010152284264,0.44358939351690774,0.5531448709184945,0.5965495992451575,0.6727388651217491,0.8094661990643838,0.8454337564294612,0.7522108843537415,0.8014739229024944,0.18289929361865628,0.2047682746415933,20262028,2,North America,268,168,V1-V10_financial_only
PONE2016_h2_target_North_America,20260727,Balanced_logistic,cost_2,168,84,0.532154806787383,"Same-horizon leave-one-region-out transfer; source regions=Asia,Europe; target region=North America; source-only fit/search/calibration; target labels untouched until final evaluation; V1-V10 financial ratios only.",Class-weighted logistic reference using the same source-only fit/search/calibration and untouched regional target.,Platt_logistic_on_separate_calibration_partition,0.7313439311146509,0.6071428571428571,0.8809523809523809,0.8360655737704918,0.7034482758620689,0.7774390243902439,0.6423173803526449,0.507489487476225,0.6474756764403397,0.7440476190476191,0.11904761904761904,0.3630952380952381,51.0,10.0,74.0,33.0,0.8528008169831593,0.8068310657596371,0.17699276610789785,0.5997167552036056,0.09361066313979331,0.14590917504964335,0.5555701548229026,2.0,0.4523809523809524,0.30158730158730157,0.5511904761904762,0.6404761904761905,0.730952380952381,0.9035714285714286,0.6744794188861986,0.8657142857142858,0.5718775332044647,0.6746791220475431,0.28769027854894846,0.5526144411052342,0.4860921339542599,0.6814284140044455,0.782122351956443,0.8733251273455227,0.7215136054421768,0.8308956916099772,0.16527605609136212,0.21892787247797063,20262028,2,North America,268,168,V1-V10_financial_only
PONE2016_h2_target_North_America,20260727,Balanced_logistic,cost_5,168,84,0.532154806787383,"Same-horizon leave-one-region-out transfer; source regions=Asia,Europe; target region=North America; source-only fit/search/calibration; target labels untouched until final evaluation; V1-V10 financial ratios only.",Class-weighted logistic reference using the same source-only fit/search/calibration and untouched regional target.,Platt_logistic_on_separate_calibration_partition,0.7313439311146509,0.6071428571428571,0.8809523809523809,0.8360655737704918,0.7034482758620689,0.7774390243902439,0.6423173803526449,0.507489487476225,0.6474756764403397,0.7440476190476191,0.11904761904761904,0.3630952380952381,51.0,10.0,74.0,33.0,0.8528008169831593,0.8068310657596371,0.17699276610789785,0.5997167552036056,0.09361066313979331,0.14590917504964335,0.5555701548229026,5.0,1.0416666666666667,0.3472222222222222,0.5047619047619047,0.6964285714285714,0.8357142857142857,0.9011904761904762,0.7807017543859649,0.8666834677419355,0.5431395576433744,0.7169834502586282,0.3881252675127843,0.564719948890548,0.5518847281651751,0.6900924743691926,0.7773803257083587,0.877616513311186,0.7031037414965986,0.8452239229024942,0.15970564432631887,0.22828551870786534,20262028,2,North America,268,168,V1-V10_financial_only
PONE2016_h2_target_North_America,20260727,Balanced_logistic,cost_10,168,84,0.12640589858809995,"Same-horizon leave-one-region-out transfer; source regions=Asia,Europe; target region=North America; source-only fit/search/calibration; target labels untouched until final evaluation; V1-V10 financial ratios only.",Class-weighted logistic reference using the same source-only fit/search/calibration and untouched regional target.,Platt_logistic_on_separate_calibration_partition,0.497727260961116,0.9047619047619048,0.27380952380952384,0.5547445255474452,0.6877828054298643,0.6012658227848101,0.8033826638477801,0.23017074772966023,0.384896824658886,0.5892857142857143,0.7261904761904762,0.8154761904761905,76.0,61.0,23.0,8.0,0.8528008169831593,0.8068310657596371,0.17699276610789785,0.5997167552036056,0.09361066313979331,0.14590917504964335,0.5555701548229026,10.0,0.8392857142857143,0.1525974025974026,0.8702380952380953,0.9392857142857143,0.1976190476190476,0.2976190476190476,0.5234916964473407,0.5711875405580792,0.774312294133357,0.8319327731092437,0.10664984804972429,0.3053065050720917,0.26428986086991435,0.4385885750559868,0.7867685846954738,0.8597599477231346,0.7262613378684807,0.821031746031746,0.16948253434325686,0.21888539593523457,20262028,2,North America,268,168,V1-V10_financial_only
PONE2016_h2_target_North_America,20260727,Balanced_logistic,cost_20,168,84,0.12640589858809995,"Same-horizon leave-one-region-out transfer; source regions=Asia,Europe; target region=North America; source-only fit/search/calibration; target labels untouched until final evaluation; V1-V10 financial ratios only.",Class-weighted logistic reference using the same source-only fit/search/calibration and untouched regional target.,Platt_logistic_on_separate_calibration_partition,0.497727260961116,0.9047619047619048,0.27380952380952384,0.5547445255474452,0.6877828054298643,0.6012658227848101,0.8033826638477801,0.23017074772966023,0.384896824658886,0.5892857142857143,0.7261904761904762,0.8154761904761905,76.0,61.0,23.0,8.0,0.8528008169831593,0.8068310657596371,0.17699276610789785,0.5997167552036056,0.09361066313979331,0.14590917504964335,0.5555701548229026,20.0,1.3154761904761905,0.12528344671201813,0.8726190476190476,0.9595238095238096,0.20595238095238094,0.31547619047619047,0.5330342660178427,0.5833333333333334,0.7746719476186653,0.8498696947133284,0.1413025492100108,0.35806241074151085,0.3067538910729641,0.47565875650584427,0.8282441085594701,0.8912208140528048,0.7810515873015873,0.8608701814058956,0.1515396319570111,0.1936274477411002,20262028,2,North America,268,168,V1-V10_financial_only
PONE2016_h3_target_Asia,20260727,HistGB,triad,92,46,0.6709265333781654,"Same-horizon leave-one-region-out transfer; source regions=Europe,North America; target region=Asia; source-only fit/search/calibration; target labels untouched until final evaluation; V1-V10 financial ratios only.",No metaheuristic; threshold and Platt calibration use calibration partition.,Platt_logistic_on_separate_calibration_partition,0.7216605509868622,0.6304347826086957,0.8260869565217391,0.7837837837837838,0.6987951807228916,0.7474226804123711,0.6561085972850679,0.4655186534475463,0.6235448161107481,0.7282608695652174,0.17391304347826086,0.40217391304347827,29.0,8.0,38.0,17.0,0.8237646623820232,0.8204158790170132,0.17996340120077292,0.5442493149076687,0.11134177814570416,-0.21260631635643545,1.5468870500660459,,,,0.6326086956521739,0.7130434782608696,0.7869565217391304,0.8478260869565217,0.7554878048780488,0.8152916073968706,0.6601461038961038,0.7298198198198198,0.4436740030387743,0.545027063228384,0.6104223164496201,0.6852902185701023,0.7909663219004504,0.8489448645704145,0.775992438563327,0.8579867674858224,0.16063264894138948,0.19944713767955127,20260727,3,Asia,328,92,V1-V10_financial_only
PONE2016_h3_target_Asia,20260727,HistGB,cost_1,92,46,0.4198779450563744,"Same-horizon leave-one-region-out transfer; source regions=Europe,North America; target region=Asia; source-only fit/search/calibration; target labels untouched until final evaluation; V1-V10 financial ratios only.",No metaheuristic; threshold and Platt calibration use calibration partition.,Platt_logistic_on_separate_calibration_partition,0.7655137765938699,0.8695652173913043,0.6739130434782609,0.7272727272727273,0.7920792079207921,0.7518796992481203,0.8368200836820083,0.5541888731518408,0.6873658336893972,0.7717391304347826,0.32608695652173914,0.5978260869565217,40.0,15.0,31.0,6.0,0.8237646623820232,0.8204158790170132,0.17996340120077292,0.5442493149076687,0.11134177814570416,-0.21260631635643545,1.5468870500660459,1.0,0.22826086956521738,0.22826086956521738,0.8304347826086956,0.932608695652174,0.6739130434782609,0.7565217391304349,0.7368421052631579,0.773430881786677,0.8182937650531501,0.8900414937759337,0.5887751866335821,0.6447940744890888,0.7177700139313994,0.7470956462797733,0.8260791122388778,0.8778963337030101,0.8214083175803403,0.8657372400756144,0.15929861149817462,0.17955277909302472,20260727,3,Asia,328,92,V1-V10_financial_only
PONE2016_h3_target_Asia,20260727,HistGB,cost_2,92,46,0.331078950975251,"Same-horizon leave-one-region-out transfer; source regions=Europe,North America; target region=Asia; source-only fit/search/calibration; target labels untouched until final evaluation; V1-V10 financial ratios only.",No metaheuristic; threshold and Platt calibration use calibration partition.,Platt_logistic_on_separate_calibration_partition,0.6456192349964129,0.9130434782608695,0.45652173913043476,0.6268656716417911,0.7433628318584071,0.6687898089171974,0.8366533864541833,0.41537611081143777,0.5573544579622493,0.6847826086956521,0.5434782608695652,0.7282608695652174,42.0,25.0,21.0,4.0,0.8237646623820232,0.8204158790170132,0.17996340120077292,0.5442493149076687,0.11134177814570416,-0.21260631635643545,1.5468870500660459,2.0,0.358695652173913,0.2391304347826087,0.8695652173913043,0.9717391304347827,0.41304347826086957,0.5847826086956522,0.5981829980532122,0.6768361581920903,0.7990986872183398,0.8802480470573589,0.32352977821916457,0.5062747312492933,0.488674002951804,0.6226088983101665,0.7914956846072765,0.8462890847651992,0.7924858223062381,0.8464555765595463,0.17124437071730633,0.19129193104346534,20260727,3,Asia,328,92,V1-V10_financial_only
PONE2016_h3_target_Asia,20260727,HistGB,cost_5,92,46,0.28814121141372634,"Same-horizon leave-one-region-out transfer; source regions=Europe,North America; target region=Asia; source-only fit/search/calibration; target labels untouched until final evaluation; V1-V10 financial ratios only.",No metaheuristic; threshold and Platt calibration use calibration partition.,Platt_logistic_on_separate_calibration_partition,0.5199243801348433,0.9565217391304348,0.2826086956521739,0.5714285714285714,0.7154471544715447,0.6214689265536724,0.842911877394636,0.3236694374850748,0.44394314342772645,0.6195652173913043,0.717391304347826,0.8369565217391305,44.0,33.0,13.0,2.0,0.8237646623820232,0.8204158790170132,0.17996340120077292,0.5442493149076687,0.11134177814570416,-0.21260631635643545,1.5468870500660459,5.0,0.4673913043478261,0.15579710144927536,0.9586956521739131,1.0,0.2608695652173913,0.408695652173913,0.5717857142857142,0.6279340984820436,0.8457419017763845,0.8926567731427021,0.3300323271986415,0.502993209525697,0.4461242027632246,0.5896833848485878,0.8181952309071255,0.9355265457219498,0.8114366729678639,0.9340264650283553,0.13432482650119992,0.18764295706784312,20260727,3,Asia,328,92,V1-V10_financial_only
PONE2016_h3_target_Asia,20260727,HistGB,cost_10,92,46,0.0,"Same-horizon leave-one-region-out transfer; source regions=Europe,North America; target region=Asia; source-only fit/search/calibration; target labels untouched until final evaluation; V1-V10 financial ratios only.",No metaheuristic; threshold and Platt calibration use calibration partition.,Platt_logistic_on_separate_calibration_partition,0.0,1.0,0.0,0.5,0.6666666666666666,0.5555555555555556,0.8333333333333334,0.0,0.0,0.5,1.0,1.0,46.0,46.0,0.0,0.0,0.8237646623820232,0.8204158790170132,0.17996340120077292,0.5442493149076687,0.11134177814570416,-0.21260631635643545,1.5468870500660459,10.0,0.5,0.09090909090909091,1.0,1.0,0.0,0.0,0.5,0.5,0.8333333333333334,0.8333333333333334,0.0,0.0,0.0,0.0,0.7767189824540714,0.9113839270779309,0.771975425330813,0.9084120982986766,0.14606342875751874,0.19476673737089686,20260727,3,Asia,328,92,V1-V10_financial_only
PONE2016_h3_target_Asia,20260727,HistGB,cost_20,92,46,0.0,"Same-horizon leave-one-region-out transfer; source regions=Europe,North America; target region=Asia; source-only fit/search/calibration; target labels untouched until final evaluation; V1-V10 financial ratios only.",No metaheuristic; threshold and Platt calibration use calibration partition.,Platt_logistic_on_separate_calibration_partition,0.0,1.0,0.0,0.5,0.6666666666666666,0.5555555555555556,0.8333333333333334,0.0,0.0,0.5,1.0,1.0,46.0,46.0,0.0,0.0,0.8237646623820232,0.8204158790170132,0.17996340120077292,0.5442493149076687,0.11134177814570416,-0.21260631635643545,1.5468870500660459,20.0,0.5,0.047619047619047616,1.0,1.0,0.0,0.0,0.5,0.5,0.8333333333333334,0.8333333333333334,0.0,0.0,0.0,0.0,0.7597634140637046,0.886239806443549,0.7433364839319471,0.8851134215500945,0.16210303844750962,0.2090735952799456,20260727,3,Asia,328,92,V1-V10_financial_only
PONE2016_h3_target_Asia,20260727,KELM_PBMSBAINGO,triad,92,46,0.6901133803696251,"Same-horizon leave-one-region-out transfer; source regions=Europe,North America; target region=Asia; source-only fit/search/calibration; target labels untouched until final evaluation; V1-V10 financial ratios only.",Plain KELM; hyperparameters/features selected only on search partition.,Platt_logistic_on_separate_calibration_partition,0.8249419983047946,0.782608695652174,0.8695652173913043,0.8571428571428571,0.8181818181818182,0.8411214953271028,0.7964601769911505,0.6546536707079771,0.7637527940284898,0.8260869565217391,0.13043478260869565,0.45652173913043476,36.0,6.0,40.0,10.0,0.8824652127539181,0.8851606805293005,0.17520649876847424,0.5267755296280174,0.2045888009259948,-1.2812604019765315,2.1558312650037643,,,,0.7239130434782608,0.932608695652174,0.8108695652173913,0.932608695652174,0.8072340425531915,0.932608695652174,0.7505483214448023,0.932608695652174,0.5926716484589017,0.8652173913043478,0.720817497974339,0.909574203395741,0.8515544326137724,0.9655770066576816,0.8485822306238185,0.9617674858223062,0.1412452753653749,0.19470976924049138,20260828,3,Asia,328,92,V1-V10_financial_only
PONE2016_h3_target_Asia,20260727,KELM_PBMSBAINGO,cost_1,92,46,0.6111579651030044,"Same-horizon leave-one-region-out transfer; source regions=Europe,North America; target region=Asia; source-only fit/search/calibration; target labels untouched until final evaluation; V1-V10 financial ratios only.",Plain KELM; hyperparameters/features selected only on search partition.,Platt_logistic_on_separate_calibration_partition,0.7996336590325879,0.8913043478260869,0.717391304347826,0.7592592592592593,0.82,0.7824427480916031,0.8613445378151261,0.6181150999636871,0.7338666671451816,0.8043478260869565,0.2826086956521739,0.5869565217391305,41.0,13.0,33.0,5.0,0.8824652127539181,0.8851606805293005,0.17520649876847424,0.5267755296280174,0.2045888009259948,-1.2812604019765315,2.1558312650037643,1.0,0.1956521739130435,0.1956521739130435,0.8934782608695652,0.9565217391304348,0.6978260869565217,0.7804347826086957,0.7472727272727273,0.8129629629629629,0.8598326359832635,0.9235994397759104,0.6029574939892028,0.7467811666131521,0.7217116950397271,0.8222271253643157,0.8674823625038566,0.9516937225269,0.8857277882797732,0.9426748582230624,0.15553171326405069,0.17957794389044404,20260828,3,Asia,328,92,V1-V10_financial_only
PONE2016_h3_target_Asia,20260727,KELM_PBMSBAINGO,cost_2,92,46,0.3511538509823902,"Same-horizon leave-one-region-out transfer; source regions=Europe,North America; target region=Asia; source-only fit/search/calibration; target labels untouched until final evaluation; V1-V10 financial ratios only.",Plain KELM; hyperparameters/features selected only on search partition.,Platt_logistic_on_separate_calibration_partition,0.5257994183672967,0.9782608695652174,0.2826086956521739,0.5769230769230769,0.7258064516129032,0.6284916201117319,0.8587786259541985,0.36313651960128146,0.46476852577377686,0.6304347826086957,0.717391304347826,0.8478260869565217,45.0,33.0,13.0,1.0,0.8824652127539181,0.8851606805293005,0.17520649876847424,0.5267755296280174,0.2045888009259948,-1.2812604019765315,2.1558312650037643,2.0,0.3804347826086957,0.2536231884057971,0.9369565217391305,0.9978260869565218,0.18478260869565216,0.40217391304347827,0.5354700854700855,0.6207278481012658,0.8148040638606677,0.8784680964828897,0.18516803236946608,0.46747310528466046,0.3172136306167898,0.5674861823555549,0.8130058444442857,0.9049013903809656,0.8149338374291114,0.8887996219281663,0.16726634281121905,0.19718276295431694,20260828,3,Asia,328,92,V1-V10_financial_only
PONE2016_h3_target_Asia,20260727,KELM_PBMSBAINGO,cost_5,92,46,0.0,"Same-horizon leave-one-region-out transfer; source regions=Europe,North America; target region=Asia; source-only fit/search/calibration; target labels untouched until final evaluation; V1-V10 financial ratios only.",Plain KELM; hyperparameters/features selected only on search partition.,Platt_logistic_on_separate_calibration_partition,0.0,1.0,0.0,0.5,0.6666666666666666,0.5555555555555556,0.8333333333333334,0.0,0.0,0.5,1.0,1.0,46.0,46.0,0.0,0.0,0.8824652127539181,0.8851606805293005,0.17520649876847424,0.5267755296280174,0.2045888009259948,-1.2812604019765315,2.1558312650037643,5.0,0.5,0.16666666666666666,1.0,1.0,0.0,0.0,0.5,0.5,0.8333333333333334,0.8333333333333334,0.0,0.0,0.0,0.0,0.8544073873374584,0.9424342110937711,0.8839792060491494,0.9393667296786389,0.1598862101978372,0.18319623373839986,20260828,3,Asia,328,92,V1-V10_financial_only
PONE2016_h3_target_Asia,20260727,KELM_PBMSBAINGO,cost_10,92,46,0.0,"Same-horizon leave-one-region-out transfer; source regions=Europe,North America; target region=Asia; source-only fit/search/calibration; target labels untouched until final evaluation; V1-V10 financial ratios only.",Plain KELM; hyperparameters/features selected only on search partition.,Platt_logistic_on_separate_calibration_partition,0.0,1.0,0.0,0.5,0.6666666666666666,0.5555555555555556,0.8333333333333334,0.0,0.0,0.5,1.0,1.0,46.0,46.0,0.0,0.0,0.8824652127539181,0.8851606805293005,0.17520649876847424,0.5267755296280174,0.2045888009259948,-1.2812604019765315,2.1558312650037643,10.0,0.5,0.09090909090909091,1.0,1.0,0.0,0.0,0.5,0.5,0.8333333333333334,0.8333333333333334,0.0,0.0,0.0,0.0,0.8592965643596407,0.9250200219194326,0.8527882797731569,0.9198487712665407,0.16354767905391487,0.18854514805229758,20260828,3,Asia,328,92,V1-V10_financial_only
PONE2016_h3_target_Asia,20260727,KELM_PBMSBAINGO,cost_20,92,46,0.0,"Same-horizon leave-one-region-out transfer; source regions=Europe,North America; target region=Asia; source-only fit/search/calibration; target labels untouched until final evaluation; V1-V10 financial ratios only.",Plain KELM; hyperparameters/features selected only on search partition.,Platt_logistic_on_separate_calibration_partition,0.0,1.0,0.0,0.5,0.6666666666666666,0.5555555555555556,0.8333333333333334,0.0,0.0,0.5,1.0,1.0,46.0,46.0,0.0,0.0,0.8824652127539181,0.8851606805293005,0.17520649876847424,0.5267755296280174,0.2045888009259948,-1.2812604019765315,2.1558312650037643,20.0,0.5,0.047619047619047616,1.0,1.0,0.0,0.0,0.5,0.5,0.8333333333333334,0.8333333333333334,0.0,0.0,0.0,0.0,0.8196047637373152,0.9309226549674877,0.8447542533081286,0.9161153119092628,0.15948163603109122,0.18380382177371096,20260828,3,Asia,328,92,V1-V10_financial_only
PONE2016_h3_target_Asia,20260727,KELM_score_fusion,triad,92,46,0.5934822586580315,"Same-horizon leave-one-region-out transfer; source regions=Europe,North America; target region=Asia; source-only fit/search/calibration; target labels untouched until final evaluation; V1-V10 financial ratios only.",Plain KELM plus HistGB score-level fusion; alpha=0.30 selected only on search partition.,Platt_logistic_on_separate_calibration_partition,0.7492907799832211,0.717391304347826,0.782608695652174,0.7674418604651163,0.7415730337078652,0.7568807339449541,0.7268722466960352,0.5010667310928438,0.6552375561141197,0.75,0.21739130434782608,0.4673913043478261,33.0,10.0,36.0,13.0,0.8422528387638375,0.8393194706994329,0.1738610249545392,0.5296866119971952,0.1232787948060664,-0.31556345339751457,1.5622381907945737,,,,0.6217391304347827,0.8239130434782609,0.7630434782608696,0.8456521739130435,0.7244147157190636,0.8409523809523809,0.6402436604627169,0.82715967343839,0.39304972984459124,0.6675346731570926,0.5718712741192739,0.7740902068930876,0.8221918308396301,0.9035079567492557,0.8200850661625709,0.897069943289225,0.14931289928324656,0.18320806632746486,20260830,3,Asia,328,92,V1-V10_financial_only
PONE2016_h3_target_Asia,20260727,KELM_score_fusion,cost_1,92,46,0.4868979668173249,"Same-horizon leave-one-region-out transfer; source regions=Europe,North America; target region=Asia; source-only fit/search/calibration; target labels untouched until final evaluation; V1-V10 financial ratios only.",Plain KELM plus HistGB score-level fusion; alpha=0.30 selected only on search partition.,Platt_logistic_on_separate_calibration_partition,0.7698230960706858,0.8260869565217391,0.717391304347826,0.7450980392156863,0.7835051546391752,0.76,0.8085106382978723,0.5467175210508692,0.6868284691929263,0.7717391304347826,0.2826086956521739,0.5543478260869565,38.0,13.0,33.0,8.0,0.8422528387638375,0.8393194706994329,0.1738610249545392,0.5296866119971952,0.1232787948060664,-0.31556345339751457,1.5622381907945737,1.0,0.22826086956521738,0.22826086956521738,0.7891304347826087,0.9108695652173913,0.591304347826087,0.7804347826086957,0.6602773497688752,0.7947579031612645,0.7615152549068903,0.8649007657446476,0.3958210415063437,0.6374963930719325,0.5704222449213558,0.7489800401771035,0.8033943176491409,0.8916901351416712,0.7945652173913044,0.8822778827977316,0.15267859568684725,0.19527755413221767,20260830,3,Asia,328,92,V1-V10_financial_only
PONE2016_h3_target_Asia,20260727,KELM_score_fusion,cost_2,92,46,0.30172848586342815,"Same-horizon leave-one-region-out transfer; source regions=Europe,North America; target region=Asia; source-only fit/search/calibration; target labels untouched until final evaluation; V1-V10 financial ratios only.",Plain KELM plus HistGB score-level fusion; alpha=0.30 selected only on search partition.,Platt_logistic_on_separate_calibration_partition,0.5456478433917884,0.9782608695652174,0.30434782608695654,0.5844155844155844,0.7317073170731707,0.635593220338983,0.8620689655172413,0.38251842611872483,0.48472164731195483,0.6413043478260869,0.6956521739130435,0.8369565217391305,45.0,32.0,14.0,1.0,0.8422528387638375,0.8393194706994329,0.1738610249545392,0.5296866119971952,0.1232787948060664,-0.31556345339751457,1.5622381907945737,2.0,0.3695652173913043,0.2463768115942029,0.9782608695652174,0.9978260869565218,0.2608695652173913,0.3826086956521739,0.5701582278481013,0.6132360789895036,0.8558398397817316,0.8750589553118736,0.34523645927020497,0.449551367820981,0.446180117771367,0.5516280129484092,0.801083205679388,0.8914091581718656,0.7983459357277882,0.8813799621928167,0.15941422016777676,0.1932642463757946,20260830,3,Asia,328,92,V1-V10_financial_only
PONE2016_h3_target_Asia,20260727,KELM_score_fusion,cost_5,92,46,0.30172848586342815,"Same-horizon leave-one-region-out transfer; source regions=Europe,North America; target region=Asia; source-only fit/search/calibration; target labels untouched until final evaluation; V1-V10 financial ratios only.",Plain KELM plus HistGB score-level fusion; alpha=0.30 selected only on search partition.,Platt_logistic_on_separate_calibration_partition,0.5456478433917884,0.9782608695652174,0.30434782608695654,0.5844155844155844,0.7317073170731707,0.635593220338983,0.8620689655172413,0.38251842611872483,0.48472164731195483,0.6413043478260869,0.6956521739130435,0.8369565217391305,45.0,32.0,14.0,1.0,0.8422528387638375,0.8393194706994329,0.1738610249545392,0.5296866119971952,0.1232787948060664,-0.31556345339751457,1.5622381907945737,5.0,0.40217391304347827,0.13405797101449277,0.9782608695652174,0.9978260869565218,0.2391304347826087,0.3652173913043478,0.5630401234567901,0.6065078236130867,0.8532523510971787,0.8716761737604213,0.32732513752506076,0.43470532296020575,0.42488859442934535,0.5374637762890994,0.8262421258100898,0.9247257524847481,0.8198960302457465,0.9046786389413989,0.14789717533447197,0.18579467240832534,20260830,3,Asia,328,92,V1-V10_financial_only
PONE2016_h3_target_Asia,20260727,KELM_score_fusion,cost_10,92,46,0.0,"Same-horizon leave-one-region-out transfer; source regions=Europe,North America; target region=Asia; source-only fit/search/calibration; target labels untouched until final evaluation; V1-V10 financial ratios only.",Plain KELM plus HistGB score-level fusion; alpha=0.30 selected only on search partition.,Platt_logistic_on_separate_calibration_partition,0.0,1.0,0.0,0.5,0.6666666666666666,0.5555555555555556,0.8333333333333334,0.0,0.0,0.5,1.0,1.0,46.0,46.0,0.0,0.0,0.8422528387638375,0.8393194706994329,0.1738610249545392,0.5296866119971952,0.1232787948060664,-0.31556345339751457,1.5622381907945737,10.0,0.5,0.09090909090909091,1.0,1.0,0.0,0.0,0.5,0.5,0.8333333333333334,0.8333333333333334,0.0,0.0,0.0,0.0,0.7415563924997526,0.8711442067040622,0.7945652173913044,0.8732514177693762,0.15863032932996257,0.1899168130691164,20260830,3,Asia,328,92,V1-V10_financial_only
PONE2016_h3_target_Asia,20260727,KELM_score_fusion,cost_20,92,46,0.0,"Same-horizon leave-one-region-out transfer; source regions=Europe,North America; target region=Asia; source-only fit/search/calibration; target labels untouched until final evaluation; V1-V10 financial ratios only.",Plain KELM plus HistGB score-level fusion; alpha=0.30 selected only on search partition.,Platt_logistic_on_separate_calibration_partition,0.0,1.0,0.0,0.5,0.6666666666666666,0.5555555555555556,0.8333333333333334,0.0,0.0,0.5,1.0,1.0,46.0,46.0,0.0,0.0,0.8422528387638375,0.8393194706994329,0.1738610249545392,0.5296866119971952,0.1232787948060664,-0.31556345339751457,1.5622381907945737,20.0,0.5,0.047619047619047616,1.0,1.0,0.0,0.0,0.5,0.5,0.8333333333333334,0.8333333333333334,0.0,0.0,0.0,0.0,0.8301680946530425,0.8980806009025685,0.8358695652173913,0.9035916824196597,0.14874393941247746,0.1772129212223073,20260830,3,Asia,328,92,V1-V10_financial_only
PONE2016_h3_target_Asia,20260727,KELM_risk_feature,triad,92,46,0.6230216435612687,"Same-horizon leave-one-region-out transfer; source regions=Europe,North America; target region=Asia; source-only fit/search/calibration; target labels untouched until final evaluation; V1-V10 financial ratios only.",OOF HistGB risk is a forced KELM input; no score-level fusion.,Platt_logistic_on_separate_calibration_partition,0.8145649563128345,0.8478260869565217,0.782608695652174,0.7959183673469388,0.8210526315789474,0.8057851239669421,0.8369098712446352,0.6317797913779336,0.7484090977151009,0.8152173913043479,0.21739130434782608,0.532608695652174,39.0,10.0,36.0,7.0,0.8753836879688855,0.8799621928166351,0.16950355771112705,0.514315815553633,0.15214149209518926,-1.1162070672362276,2.0542775491333267,,,,0.8478260869565217,0.9130434782608695,0.7630434782608696,0.8260869565217391,0.7827692307692308,0.8329787234042554,0.8344155844155845,0.8932383699963937,0.6173163176102232,0.719665056552995,0.7377447168171827,0.8077807400955109,0.884580680930242,0.9322084809341236,0.8851606805293005,0.9314744801512287,0.14887743584040586,0.17230045851034598,20260938,3,Asia,328,92,V1-V10_financial_only
PONE2016_h3_target_Asia,20260727,KELM_risk_feature,cost_1,92,46,0.4646584035092295,"Same-horizon leave-one-region-out transfer; source regions=Europe,North America; target region=Asia; source-only fit/search/calibration; target labels untouched until final evaluation; V1-V10 financial ratios only.",OOF HistGB risk is a forced KELM input; no score-level fusion.,Platt_logistic_on_separate_calibration_partition,0.6686328912708565,0.9347826086956522,0.4782608695652174,0.6417910447761194,0.7610619469026548,0.6847133757961783,0.8565737051792829,0.46424388855395987,0.5920711361135071,0.7065217391304348,0.5217391304347826,0.7282608695652174,43.0,24.0,22.0,3.0,0.8753836879688855,0.8799621928166351,0.16950355771112705,0.514315815553633,0.15214149209518926,-1.1162070672362276,2.0542775491333267,1.0,0.29347826086956524,0.29347826086956524,0.8760869565217391,0.9978260869565218,0.458695652173913,0.6413043478260869,0.6190635451505017,0.7236245110821381,0.8112449799196787,0.9103613777526821,0.3749662831133193,0.6101192776342944,0.5324054952535476,0.7155553527506628,0.8445477092184214,0.9429682820270546,0.8698960302457467,0.9465028355387524,0.14352585894184555,0.16617346990319323,20260938,3,Asia,328,92,V1-V10_financial_only
PONE2016_h3_target_Asia,20260727,KELM_risk_feature,cost_2,92,46,0.4646584035092295,"Same-horizon leave-one-region-out transfer; source regions=Europe,North America; target region=Asia; source-only fit/search/calibration; target labels untouched until final evaluation; V1-V10 financial ratios only.",OOF HistGB risk is a forced KELM input; no score-level fusion.,Platt_logistic_on_separate_calibration_partition,0.6686328912708565,0.9347826086956522,0.4782608695652174,0.6417910447761194,0.7610619469026548,0.6847133757961783,0.8565737051792829,0.46424388855395987,0.5920711361135071,0.7065217391304348,0.5217391304347826,0.7282608695652174,43.0,24.0,22.0,3.0,0.8753836879688855,0.8799621928166351,0.16950355771112705,0.514315815553633,0.15214149209518926,-1.1162070672362276,2.0542775491333267,2.0,0.32608695652173914,0.21739130434782608,0.8717391304347826,0.9956521739130435,0.37173913043478257,0.49782608695652175,0.6030291337063476,0.6471610915492958,0.8084677419354839,0.8973678187228199,0.3790145741515798,0.5319875135988068,0.5218607423299109,0.6230993978568594,0.8627304083287921,0.9295755098255621,0.8538279773156899,0.9387523629489603,0.15452079756375364,0.17816430921748655,20260938,3,Asia,328,92,V1-V10_financial_only
PONE2016_h3_target_Asia,20260727,KELM_risk_feature,cost_5,92,46,0.20692328357681442,"Same-horizon leave-one-region-out transfer; source regions=Europe,North America; target region=Asia; source-only fit/search/calibration; target labels untouched until final evaluation; V1-V10 financial ratios only.",OOF HistGB risk is a forced KELM input; no score-level fusion.,Platt_logistic_on_separate_calibration_partition,0.14744195615489714,1.0,0.021739130434782608,0.5054945054945055,0.6715328467153284,0.5609756097560976,0.8363636363636363,0.10482848367219183,0.13159533400842757,0.5108695652173914,0.9782608695652174,0.9891304347826086,46.0,45.0,1.0,0.0,0.8753836879688855,0.8799621928166351,0.16950355771112705,0.514315815553633,0.15214149209518926,-1.1162070672362276,2.0542775491333267,5.0,0.4891304347826087,0.16304347826086957,1.0,1.0,0.0,0.041304347826086954,0.5,0.5105494505494506,0.8333333333333334,0.8391108161911082,0.0,0.14464692701720658,0.0,0.18096179575494414,0.8525158051145626,0.9375252314957059,0.8655009451795841,0.9335066162570889,0.1456933474554781,0.1780196603074771,20260938,3,Asia,328,92,V1-V10_financial_only
PONE2016_h3_target_Asia,20260727,KELM_risk_feature,cost_10,92,46,0.0,"Same-horizon leave-one-region-out transfer; source regions=Europe,North America; target region=Asia; source-only fit/search/calibration; target labels untouched until final evaluation; V1-V10 financial ratios only.",OOF HistGB risk is a forced KELM input; no score-level fusion.,Platt_logistic_on_separate_calibration_partition,0.0,1.0,0.0,0.5,0.6666666666666666,0.5555555555555556,0.8333333333333334,0.0,0.0,0.5,1.0,1.0,46.0,46.0,0.0,0.0,0.8753836879688855,0.8799621928166351,0.16950355771112705,0.514315815553633,0.15214149209518926,-1.1162070672362276,2.0542775491333267,10.0,0.5,0.09090909090909091,1.0,1.0,0.0,0.0,0.5,0.5,0.8333333333333334,0.8333333333333334,0.0,0.0,0.0,0.0,0.8451434549362555,0.9280642631820453,0.8544423440453686,0.9185727788279773,0.15835326662388974,0.18045870362569588,20260938,3,Asia,328,92,V1-V10_financial_only
PONE2016_h3_target_Asia,20260727,KELM_risk_feature,cost_20,92,46,0.0,"Same-horizon leave-one-region-out transfer; source regions=Europe,North America; target region=Asia; source-only fit/search/calibration; target labels untouched until final evaluation; V1-V10 financial ratios only.",OOF HistGB risk is a forced KELM input; no score-level fusion.,Platt_logistic_on_separate_calibration_partition,0.0,1.0,0.0,0.5,0.6666666666666666,0.5555555555555556,0.8333333333333334,0.0,0.0,0.5,1.0,1.0,46.0,46.0,0.0,0.0,0.8753836879688855,0.8799621928166351,0.16950355771112705,0.514315815553633,0.15214149209518926,-1.1162070672362276,2.0542775491333267,20.0,0.5,0.047619047619047616,1.0,1.0,0.0,0.0,0.5,0.5,0.8333333333333334,0.8333333333333334,0.0,0.0,0.0,0.0,0.8130485649228446,0.9669303750169527,0.8063327032136105,0.9538279773156899,0.12411584826021396,0.1990589333024861,20260938,3,Asia,328,92,V1-V10_financial_only
PONE2016_h3_target_Asia,20260727,Full_PBMSBAINGO,triad,92,46,0.7047879436931632,"Same-horizon leave-one-region-out transfer; source regions=Europe,North America; target region=Asia; source-only fit/search/calibration; target labels untouched until final evaluation; V1-V10 financial ratios only.",Risk feature plus score fusion; alpha=0.70 selected only on search partition.,Platt_logistic_on_separate_calibration_partition,0.7091089752304387,0.6086956521739131,0.8260869565217391,0.7777777777777778,0.6829268292682927,0.7368421052631579,0.6363636363636364,0.445435403187374,0.6073003976029996,0.7173913043478262,0.17391304347826086,0.391304347826087,28.0,8.0,38.0,18.0,0.8709987297364266,0.8771266540642721,0.15542455475650324,0.48199470756802676,0.1533714823693125,-0.6833299268521794,1.5820576264050765,,,,0.5239130434782608,0.6956521739130435,0.8260869565217391,0.8695652173913043,0.7905263157894737,0.8385398981324278,0.5628124320799825,0.7200772200772201,0.41932110029847236,0.5691911004137887,0.5759184259129837,0.6996827895641059,0.872624299599344,0.8937083323522738,0.8838374291115312,0.9011342155009451,0.14183745065857026,0.15775093731992498,20261034,3,Asia,328,92,V1-V10_financial_only
PONE2016_h3_target_Asia,20260727,Full_PBMSBAINGO,cost_1,92,46,0.33805092749148985,"Same-horizon leave-one-region-out transfer; source regions=Europe,North America; target region=Asia; source-only fit/search/calibration; target labels untouched until final evaluation; V1-V10 financial ratios only.",Risk feature plus score fusion; alpha=0.70 selected only on search partition.,Platt_logistic_on_separate_calibration_partition,0.6756639246921762,1.0,0.45652173913043476,0.647887323943662,0.7863247863247863,0.696969696969697,0.9019607843137255,0.5438516782058541,0.6285125857192836,0.7282608695652174,0.5434782608695652,0.7717391304347826,46.0,25.0,21.0,0.0,0.8709987297364266,0.8771266540642721,0.15542455475650324,0.48199470756802676,0.1533714823693125,-0.6833299268521794,1.5820576264050765,1.0,0.2717391304347826,0.2717391304347826,1.0,1.0,0.41739130434782606,0.582608695652174,0.631912020065599,0.7055797933409874,0.8956435492484932,0.9229587673402775,0.5135386473981871,0.6411377701500932,0.5984171241235361,0.7201502356501226,0.847348559425779,0.9339991458449084,0.8603024574669187,0.9319470699432892,0.12686887512702927,0.16558099356468015,20261034,3,Asia,328,92,V1-V10_financial_only
PONE2016_h3_target_Asia,20260727,Full_PBMSBAINGO,cost_2,92,46,0.33805092749148985,"Same-horizon leave-one-region-out transfer; source regions=Europe,North America; target region=Asia; source-only fit/search/calibration; target labels untouched until final evaluation; V1-V10 financial ratios only.",Risk feature plus score fusion; alpha=0.70 selected only on search partition.,Platt_logistic_on_separate_calibration_partition,0.6756639246921762,1.0,0.45652173913043476,0.647887323943662,0.7863247863247863,0.696969696969697,0.9019607843137255,0.5438516782058541,0.6285125857192836,0.7282608695652174,0.5434782608695652,0.7717391304347826,46.0,25.0,21.0,0.0,0.8709987297364266,0.8771266540642721,0.15542455475650324,0.48199470756802676,0.1533714823693125,-0.6833299268521794,1.5820576264050765,2.0,0.2717391304347826,0.18115942028985507,1.0,1.0,0.39565217391304347,0.6130434782608696,0.6233483483483483,0.7219315895372233,0.8921693313953488,0.9282527585933159,0.49658189339393766,0.6650054613395142,0.581294547970342,0.7409591621443646,0.8480646778566671,0.8998264449123068,0.8559073724007562,0.903875236294896,0.14338901247649907,0.1713661846714579,20261034,3,Asia,328,92,V1-V10_financial_only
PONE2016_h3_target_Asia,20260727,Full_PBMSBAINGO,cost_5,92,46,0.2852779249964317,"Same-horizon leave-one-region-out transfer; source regions=Europe,North America; target region=Asia; source-only fit/search/calibration; target labels untouched until final evaluation; V1-V10 financial ratios only.",Risk feature plus score fusion; alpha=0.70 selected only on search partition.,Platt_logistic_on_separate_calibration_partition,0.5710402407201608,1.0,0.32608695652173914,0.5974025974025974,0.7479674796747967,0.6497175141242938,0.8812260536398467,0.4413674147523748,0.5240562418805986,0.6630434782608696,0.6739130434782609,0.8369565217391305,46.0,31.0,15.0,0.0,0.8709987297364266,0.8771266540642721,0.15542455475650324,0.48199470756802676,0.1533714823693125,-0.6833299268521794,1.5820576264050765,5.0,0.33695652173913043,0.11231884057971014,1.0,1.0,0.2826086956521739,0.3695652173913043,0.5822784810126582,0.6133333333333333,0.8745247148288974,0.888030888030888,0.4056562116192928,0.4760952285695233,0.4857892316679609,0.560352920230425,0.8468998206287901,0.8865952857773163,0.8485349716446126,0.8893194706994328,0.146671995458168,0.16881618897438197,20261034,3,Asia,328,92,V1-V10_financial_only
PONE2016_h3_target_Asia,20260727,Full_PBMSBAINGO,cost_10,92,46,0.15950147984763008,"Same-horizon leave-one-region-out transfer; source regions=Europe,North America; target region=Asia; source-only fit/search/calibration; target labels untouched until final evaluation; V1-V10 financial ratios only.",Risk feature plus score fusion; alpha=0.70 selected only on search partition.,Platt_logistic_on_separate_calibration_partition,0.29488391230979427,1.0,0.08695652173913043,0.5227272727272727,0.6865671641791045,0.5778894472361809,0.8455882352941176,0.21320071635561041,0.2646652601577163,0.5434782608695652,0.9130434782608695,0.9565217391304348,46.0,42.0,4.0,0.0,0.8709987297364266,0.8771266540642721,0.15542455475650324,0.48199470756802676,0.1533714823693125,-0.6833299268521794,1.5820576264050765,10.0,0.45652173913043476,0.08300395256916997,1.0,1.0,0.06739130434782609,0.10869565217391304,0.51744126659857,0.5287356321839081,0.84280058177117,0.8487084870848709,0.1865573882033293,0.23973165074269207,0.23236455621549418,0.2964689278814738,0.7803173427372204,0.8913245987315066,0.793241965973535,0.9050094517958411,0.1378006604823026,0.18499869320386156,20261034,3,Asia,328,92,V1-V10_financial_only
PONE2016_h3_target_Asia,20260727,Full_PBMSBAINGO,cost_20,92,46,0.15950147984763008,"Same-horizon leave-one-region-out transfer; source regions=Europe,North America; target region=Asia; source-only fit/search/calibration; target labels untouched until final evaluation; V1-V10 financial ratios only.",Risk feature plus score fusion; alpha=0.70 selected only on search partition.,Platt_logistic_on_separate_calibration_partition,0.29488391230979427,1.0,0.08695652173913043,0.5227272727272727,0.6865671641791045,0.5778894472361809,0.8455882352941176,0.21320071635561041,0.2646652601577163,0.5434782608695652,0.9130434782608695,0.9565217391304348,46.0,42.0,4.0,0.0,0.8709987297364266,0.8771266540642721,0.15542455475650324,0.48199470756802676,0.1533714823693125,-0.6833299268521794,1.5820576264050765,20.0,0.45652173913043476,0.043478260869565216,1.0,1.0,0.06739130434782609,0.08695652173913043,0.51744126659857,0.5227272727272727,0.84280058177117,0.8455882352941176,0.1865573882033293,0.21320071635561041,0.23236455621549418,0.2646652601577163,0.851005981344446,0.8953483370486107,0.8733931947069944,0.8959357277882798,0.14504168361715356,0.15921248621959302,20261034,3,Asia,328,92,V1-V10_financial_only
PONE2016_h3_target_Asia,20260727,Uncertainty_gated_fusion,triad,92,46,0.6230216435612687,"Same-horizon leave-one-region-out transfer; source regions=Europe,North America; target region=Asia; source-only fit/search/calibration; target labels untouched until final evaluation; V1-V10 financial ratios only.","One-standard-error paired-bootstrap gate selected KELM_risk_feature; search utility difference=0.0346, required margin=0.0908.",Platt_logistic_on_separate_calibration_partition,0.8145649563128345,0.8478260869565217,0.782608695652174,0.7959183673469388,0.8210526315789474,0.8057851239669421,0.8369098712446352,0.6317797913779336,0.7484090977151009,0.8152173913043479,0.21739130434782608,0.532608695652174,39.0,10.0,36.0,7.0,0.8753836879688855,0.8799621928166351,0.16950355771112705,0.514315815553633,0.15214149209518926,-1.1162070672362276,2.0542775491333267,,,,0.8282608695652174,0.8891304347826087,0.7217391304347825,0.9239130434782609,0.7525510204081632,0.9208827717133364,0.8165326980432095,0.880934374468246,0.5718998184229025,0.7973496677390471,0.7040539522443288,0.8625866991179024,0.8154238569357959,0.9317212406308857,0.826039697542533,0.9215028355387525,0.1365967791183973,0.19171025633378072,20261080,3,Asia,328,92,V1-V10_financial_only
PONE2016_h3_target_Asia,20260727,Uncertainty_gated_fusion,cost_1,92,46,0.4646584035092295,"Same-horizon leave-one-region-out transfer; source regions=Europe,North America; target region=Asia; source-only fit/search/calibration; target labels untouched until final evaluation; V1-V10 financial ratios only.","One-standard-error paired-bootstrap gate selected KELM_risk_feature; search utility difference=0.0346, required margin=0.0908.",Platt_logistic_on_separate_calibration_partition,0.6686328912708565,0.9347826086956522,0.4782608695652174,0.6417910447761194,0.7610619469026548,0.6847133757961783,0.8565737051792829,0.46424388855395987,0.5920711361135071,0.7065217391304348,0.5217391304347826,0.7282608695652174,43.0,24.0,22.0,3.0,0.8753836879688855,0.8799621928166351,0.16950355771112705,0.514315815553633,0.15214149209518926,-1.1162070672362276,2.0542775491333267,1.0,0.29347826086956524,0.29347826086956524,0.9130434782608695,0.9739130434782609,0.3282608695652174,0.6304347826086957,0.5767123287671233,0.7176969092721834,0.8187418936446174,0.883844934428592,0.30073210358299063,0.5963572622066836,0.44863964266036915,0.7037855306154409,0.8062859050110661,0.9406645602436974,0.8106332703213611,0.9271266540642723,0.14303031844054592,0.20067944380487462,20261080,3,Asia,328,92,V1-V10_financial_only
PONE2016_h3_target_Asia,20260727,Uncertainty_gated_fusion,cost_2,92,46,0.4646584035092295,"Same-horizon leave-one-region-out transfer; source regions=Europe,North America; target region=Asia; source-only fit/search/calibration; target labels untouched until final evaluation; V1-V10 financial ratios only.","One-standard-error paired-bootstrap gate selected KELM_risk_feature; search utility difference=0.0346, required margin=0.0908.",Platt_logistic_on_separate_calibration_partition,0.6686328912708565,0.9347826086956522,0.4782608695652174,0.6417910447761194,0.7610619469026548,0.6847133757961783,0.8565737051792829,0.46424388855395987,0.5920711361135071,0.7065217391304348,0.5217391304347826,0.7282608695652174,43.0,24.0,22.0,3.0,0.8753836879688855,0.8799621928166351,0.16950355771112705,0.514315815553633,0.15214149209518926,-1.1162070672362276,2.0542775491333267,2.0,0.32608695652173914,0.21739130434782608,0.8913043478260869,0.9717391304347827,0.31521739130434784,0.5782608695652174,0.5663490172721859,0.6848895224518888,0.8005601230074056,0.8861095426312817,0.2551470319095375,0.528733911357488,0.4150619468022806,0.6539136090919284,0.861143016521382,0.9229216284691721,0.8591209829867674,0.9010869565217391,0.1565695074776379,0.18177081482472063,20261080,3,Asia,328,92,V1-V10_financial_only
PONE2016_h3_target_Asia,20260727,Uncertainty_gated_fusion,cost_5,92,46,0.20692328357681442,"Same-horizon leave-one-region-out transfer; source regions=Europe,North America; target region=Asia; source-only fit/search/calibration; target labels untouched until final evaluation; V1-V10 financial ratios only.","One-standard-error paired-bootstrap gate selected KELM_risk_feature; search utility difference=0.0346, required margin=0.0908.",Platt_logistic_on_separate_calibration_partition,0.14744195615489714,1.0,0.021739130434782608,0.5054945054945055,0.6715328467153284,0.5609756097560976,0.8363636363636363,0.10482848367219183,0.13159533400842757,0.5108695652173914,0.9782608695652174,0.9891304347826086,46.0,45.0,1.0,0.0,0.8753836879688855,0.8799621928166351,0.16950355771112705,0.514315815553633,0.15214149209518926,-1.1162070672362276,2.0542775491333267,5.0,0.4891304347826087,0.16304347826086957,1.0,1.0,0.021739130434782608,0.021739130434782608,0.5054945054945055,0.5054945054945055,0.8363636363636363,0.8363636363636363,0.10482848367219183,0.10482848367219183,0.13159533400842757,0.13159533400842757,0.8469445667544099,0.9477225848863815,0.8589792060491492,0.9366257088846881,0.14447439125882627,0.17260302586393544,20261080,3,Asia,328,92,V1-V10_financial_only
PONE2016_h3_target_Asia,20260727,Uncertainty_gated_fusion,cost_10,92,46,0.0,"Same-horizon leave-one-region-out transfer; source regions=Europe,North America; target region=Asia; source-only fit/search/calibration; target labels untouched until final evaluation; V1-V10 financial ratios only.","One-standard-error paired-bootstrap gate selected KELM_risk_feature; search utility difference=0.0346, required margin=0.0908.",Platt_logistic_on_separate_calibration_partition,0.0,1.0,0.0,0.5,0.6666666666666666,0.5555555555555556,0.8333333333333334,0.0,0.0,0.5,1.0,1.0,46.0,46.0,0.0,0.0,0.8753836879688855,0.8799621928166351,0.16950355771112705,0.514315815553633,0.15214149209518926,-1.1162070672362276,2.0542775491333267,10.0,0.5,0.09090909090909091,1.0,1.0,0.0,0.0,0.5,0.5,0.8333333333333334,0.8333333333333334,0.0,0.0,0.0,0.0,0.8523582481950368,0.9513438121323463,0.9003780718336483,0.94234404536862,0.14417822171923825,0.16279787207092764,20261080,3,Asia,328,92,V1-V10_financial_only
PONE2016_h3_target_Asia,20260727,Uncertainty_gated_fusion,cost_20,92,46,0.0,"Same-horizon leave-one-region-out transfer; source regions=Europe,North America; target region=Asia; source-only fit/search/calibration; target labels untouched until final evaluation; V1-V10 financial ratios only.","One-standard-error paired-bootstrap gate selected KELM_risk_feature; search utility difference=0.0346, required margin=0.0908.",Platt_logistic_on_separate_calibration_partition,0.0,1.0,0.0,0.5,0.6666666666666666,0.5555555555555556,0.8333333333333334,0.0,0.0,0.5,1.0,1.0,46.0,46.0,0.0,0.0,0.8753836879688855,0.8799621928166351,0.16950355771112705,0.514315815553633,0.15214149209518926,-1.1162070672362276,2.0542775491333267,20.0,0.5,0.047619047619047616,1.0,1.0,0.0,0.0,0.5,0.5,0.8333333333333334,0.8333333333333334,0.0,0.0,0.0,0.0,0.8292383455301844,0.9191020876232133,0.8370037807183366,0.9043478260869565,0.1591254491622729,0.18743793345426815,20261080,3,Asia,328,92,V1-V10_financial_only
PONE2016_h3_target_Asia,20260727,Full_random_search,triad,92,46,0.7301576114251886,"Same-horizon leave-one-region-out transfer; source regions=Europe,North America; target region=Asia; source-only fit/search/calibration; target labels untouched until final evaluation; V1-V10 financial ratios only.",Same full architecture and 81 evaluations as PBMSBAINGO; alpha=0.70.,Platt_logistic_on_separate_calibration_partition,0.6521739130434783,0.43478260869565216,0.9782608695652174,0.9523809523809523,0.5970149253731343,0.7692307692307693,0.4878048780487805,0.49205628028148707,0.5937184456048611,0.7065217391304348,0.021739130434782608,0.22826086956521738,20.0,1.0,45.0,26.0,0.8687959118046233,0.8586956521739131,0.16465963692379632,0.5031506040594741,0.13884216156878632,-0.2531181674679335,1.626374187003454,,,,0.25434782608695655,0.5152173913043478,0.9782608695652174,1.0,0.9480861244019139,1.0,0.29818112921561196,0.5702016430171769,0.37730931618652963,0.5856967264938043,0.4564088654632633,0.6701402818464516,0.8409034366763642,0.8942338370236821,0.8199432892249527,0.8669187145557656,0.16647647975407642,0.1780656794126175,20261128,3,Asia,328,92,V1-V10_financial_only
PONE2016_h3_target_Asia,20260727,Full_random_search,cost_1,92,46,0.2883194345825005,"Same-horizon leave-one-region-out transfer; source regions=Europe,North America; target region=Asia; source-only fit/search/calibration; target labels untouched until final evaluation; V1-V10 financial ratios only.",Same full architecture and 81 evaluations as PBMSBAINGO; alpha=0.70.,Platt_logistic_on_separate_calibration_partition,0.5710402407201608,1.0,0.32608695652173914,0.5974025974025974,0.7479674796747967,0.6497175141242938,0.8812260536398467,0.4413674147523748,0.5240562418805986,0.6630434782608696,0.6739130434782609,0.8369565217391305,46.0,31.0,15.0,0.0,0.8687959118046233,0.8586956521739131,0.16465963692379632,0.5031506040594741,0.13884216156878632,-0.2531181674679335,1.626374187003454,1.0,0.33695652173913043,0.33695652173913043,1.0,1.0,0.2673913043478261,0.508695652173913,0.5772402597402597,0.6709856915739268,0.8722135144548938,0.9105758582502769,0.392705242633905,0.5839993693990113,0.47158398729249745,0.6668732265005921,0.8649803657461828,0.9352094380037737,0.8663043478260869,0.928875236294896,0.1304644765244751,0.15770460584117738,20261128,3,Asia,328,92,V1-V10_financial_only
PONE2016_h3_target_Asia,20260727,Full_random_search,cost_2,92,46,0.2883194345825005,"Same-horizon leave-one-region-out transfer; source regions=Europe,North America; target region=Asia; source-only fit/search/calibration; target labels untouched until final evaluation; V1-V10 financial ratios only.",Same full architecture and 81 evaluations as PBMSBAINGO; alpha=0.70.,Platt_logistic_on_separate_calibration_partition,0.5710402407201608,1.0,0.32608695652173914,0.5974025974025974,0.7479674796747967,0.6497175141242938,0.8812260536398467,0.4413674147523748,0.5240562418805986,0.6630434782608696,0.6739130434782609,0.8369565217391305,46.0,31.0,15.0,0.0,0.8687959118046233,0.8586956521739131,0.16465963692379632,0.5031506040594741,0.13884216156878632,-0.2531181674679335,1.626374187003454,2.0,0.33695652173913043,0.2246376811594203,1.0,1.0,0.24565217391304348,0.3673913043478261,0.5700854700854701,0.6125263157894736,0.8689183350136829,0.8876893376893377,0.3740284063223562,0.4743688524866833,0.45102253970173034,0.5585599722178483,0.8202871246012915,0.9172640482437144,0.8136578449905482,0.8976843100189036,0.1525105422998585,0.18535596378843047,20261128,3,Asia,328,92,V1-V10_financial_only
PONE2016_h3_target_Asia,20260727,Full_random_search,cost_5,92,46,0.22393192737556344,"Same-horizon leave-one-region-out transfer; source regions=Europe,North America; target region=Asia; source-only fit/search/calibration; target labels untouched until final evaluation; V1-V10 financial ratios only.",Same full architecture and 81 evaluations as PBMSBAINGO; alpha=0.70.,Platt_logistic_on_separate_calibration_partition,0.20851441405707477,1.0,0.043478260869565216,0.5111111111111111,0.6764705882352942,0.5665024630541872,0.8394160583941606,0.14907119849998599,0.18644695817122375,0.5217391304347826,0.9565217391304348,0.9782608695652174,46.0,44.0,2.0,0.0,0.8687959118046233,0.8586956521739131,0.16465963692379632,0.5031506040594741,0.13884216156878632,-0.2531181674679335,1.626374187003454,5.0,0.4782608695652174,0.15942028985507245,1.0,1.0,0.0,0.041304347826086954,0.5,0.5105494505494506,0.8333333333333334,0.8391108161911082,0.0,0.14464692701720658,0.0,0.18096179575494414,0.8002729967920679,0.8815588890609282,0.7552457466918715,0.8650756143667295,0.16208656923687828,0.20115045688127933,20261128,3,Asia,328,92,V1-V10_financial_only
PONE2016_h3_target_Asia,20260727,Full_random_search,cost_10,92,46,0.22393192737556344,"Same-horizon leave-one-region-out transfer; source regions=Europe,North America; target region=Asia; source-only fit/search/calibration; target labels untouched until final evaluation; V1-V10 financial ratios only.",Same full architecture and 81 evaluations as PBMSBAINGO; alpha=0.70.,Platt_logistic_on_separate_calibration_partition,0.20851441405707477,1.0,0.043478260869565216,0.5111111111111111,0.6764705882352942,0.5665024630541872,0.8394160583941606,0.14907119849998599,0.18644695817122375,0.5217391304347826,0.9565217391304348,0.9782608695652174,46.0,44.0,2.0,0.0,0.8687959118046233,0.8586956521739131,0.16465963692379632,0.5031506040594741,0.13884216156878632,-0.2531181674679335,1.626374187003454,10.0,0.4782608695652174,0.08695652173913043,1.0,1.0,0.002173913043478261,0.08478260869565217,0.5005494505494505,0.5221399387129724,0.8336363636363636,0.8452784960137901,0.010482848367219183,0.2102403465609125,0.013159533400842758,0.26107629305302493,0.7433087298377076,0.8754109881306807,0.719234404536862,0.8968809073724008,0.14828779474680062,0.21300808291864265,20261128,3,Asia,328,92,V1-V10_financial_only
PONE2016_h3_target_Asia,20260727,Full_random_search,cost_20,92,46,0.22393192737556344,"Same-horizon leave-one-region-out transfer; source regions=Europe,North America; target region=Asia; source-only fit/search/calibration; target labels untouched until final evaluation; V1-V10 financial ratios only.",Same full architecture and 81 evaluations as PBMSBAINGO; alpha=0.70.,Platt_logistic_on_separate_calibration_partition,0.20851441405707477,1.0,0.043478260869565216,0.5111111111111111,0.6764705882352942,0.5665024630541872,0.8394160583941606,0.14907119849998599,0.18644695817122375,0.5217391304347826,0.9565217391304348,0.9782608695652174,46.0,44.0,2.0,0.0,0.8687959118046233,0.8586956521739131,0.16465963692379632,0.5031506040594741,0.13884216156878632,-0.2531181674679335,1.626374187003454,20.0,0.4782608695652174,0.045548654244306416,1.0,1.0,0.04565217391304348,0.08695652173913043,0.5116853932584269,0.5227272727272727,0.8397235368038287,0.8455882352941176,0.15252378049085052,0.21320071635561041,0.19067982126518165,0.2646652601577163,0.8298714462336524,0.8756856534905352,0.8137996219281662,0.869187145557656,0.16182519222791775,0.18390256772456864,20261128,3,Asia,328,92,V1-V10_financial_only
PONE2016_h3_target_Asia,20260727,Balanced_logistic,triad,92,46,0.5333770210991071,"Same-horizon leave-one-region-out transfer; source regions=Europe,North America; target region=Asia; source-only fit/search/calibration; target labels untouched until final evaluation; V1-V10 financial ratios only.",Class-weighted logistic reference using the same source-only fit/search/calibration and untouched regional target.,Platt_logistic_on_separate_calibration_partition,0.7624207789891383,0.8913043478260869,0.6521739130434783,0.7192982456140351,0.7961165048543689,0.7481751824817519,0.8506224066390041,0.5597170785495562,0.6877849507673821,0.7717391304347826,0.34782608695652173,0.6195652173913043,41.0,16.0,30.0,5.0,0.8711984264910638,0.8591682419659735,0.19214069286212937,0.5701067771998118,0.17601968801234982,-0.9670171221337317,3.0179152732371053,,,,0.8282608695652174,0.8913043478260869,0.6108695652173913,0.782608695652174,0.6864791288566243,0.8026960784313726,0.8101123193589927,0.8698171267803764,0.47612740566606626,0.6710639330772643,0.6284864821618653,0.7744808686714152,0.8135156651785554,0.8809491091065293,0.807561436672968,0.8743383742911153,0.1810103262185985,0.2033886804142368,20262028,3,Asia,328,92,V1-V10_financial_only
PONE2016_h3_target_Asia,20260727,Balanced_logistic,cost_1,92,46,0.44870833887999534,"Same-horizon leave-one-region-out transfer; source regions=Europe,North America; target region=Asia; source-only fit/search/calibration; target labels untouched until final evaluation; V1-V10 financial ratios only.",Class-weighted logistic reference using the same source-only fit/search/calibration and untouched regional target.,Platt_logistic_on_separate_calibration_partition,0.6285579258609113,0.9565217391304348,0.41304347826086957,0.6197183098591549,0.7521367521367521,0.6666666666666666,0.8627450980392157,0.44026088235712,0.5582133747103968,0.6847826086956522,0.5869565217391305,0.7717391304347826,44.0,27.0,19.0,2.0,0.8711984264910638,0.8591682419659735,0.19214069286212937,0.5701067771998118,0.17601968801234982,-0.9670171221337317,3.0179152732371053,1.0,0.31521739130434784,0.31521739130434784,0.9195652173913043,1.0,0.391304347826087,0.4891304347826087,0.6164383561643836,0.6437006237006238,0.846584782710609,0.8914728682170543,0.4538323153534664,0.4931969619160719,0.559062053574682,0.5902257128919499,0.8512389725659496,0.930325700247211,0.8177221172022684,0.9239603024574669,0.17890774557171296,0.20001550809610733,20262028,3,Asia,328,92,V1-V10_financial_only
PONE2016_h3_target_Asia,20260727,Balanced_logistic,cost_2,92,46,0.44870833887999534,"Same-horizon leave-one-region-out transfer; source regions=Europe,North America; target region=Asia; source-only fit/search/calibration; target labels untouched until final evaluation; V1-V10 financial ratios only.",Class-weighted logistic reference using the same source-only fit/search/calibration and untouched regional target.,Platt_logistic_on_separate_calibration_partition,0.6285579258609113,0.9565217391304348,0.41304347826086957,0.6197183098591549,0.7521367521367521,0.6666666666666666,0.8627450980392157,0.44026088235712,0.5582133747103968,0.6847826086956522,0.5869565217391305,0.7717391304347826,44.0,27.0,19.0,2.0,0.8711984264910638,0.8591682419659735,0.19214069286212937,0.5701067771998118,0.17601968801234982,-0.9670171221337317,3.0179152732371053,2.0,0.33695652173913043,0.2246376811594203,0.8934782608695652,0.9782608695652174,0.3282608695652174,0.5934782608695652,0.5708333333333333,0.7066252587991718,0.802734375,0.908073350797809,0.2687936011143123,0.6177141771664618,0.42869185317290354,0.7090410779000426,0.7825039403078295,0.8959418640202823,0.7637996219281664,0.8764177693761814,0.1845988426173833,0.2170924453159194,20262028,3,Asia,328,92,V1-V10_financial_only
PONE2016_h3_target_Asia,20260727,Balanced_logistic,cost_5,92,46,0.0,"Same-horizon leave-one-region-out transfer; source regions=Europe,North America; target region=Asia; source-only fit/search/calibration; target labels untouched until final evaluation; V1-V10 financial ratios only.",Class-weighted logistic reference using the same source-only fit/search/calibration and untouched regional target.,Platt_logistic_on_separate_calibration_partition,0.0,1.0,0.0,0.5,0.6666666666666666,0.5555555555555556,0.8333333333333334,0.0,0.0,0.5,1.0,1.0,46.0,46.0,0.0,0.0,0.8711984264910638,0.8591682419659735,0.19214069286212937,0.5701067771998118,0.17601968801234982,-0.9670171221337317,3.0179152732371053,5.0,0.5,0.16666666666666666,1.0,1.0,0.0,0.0,0.5,0.5,0.8333333333333334,0.8333333333333334,0.0,0.0,0.0,0.0,0.8204643118360228,0.9035747836993587,0.8102551984877127,0.8813799621928167,0.1882324021935747,0.20519866459861288,20262028,3,Asia,328,92,V1-V10_financial_only
PONE2016_h3_target_Asia,20260727,Balanced_logistic,cost_10,92,46,0.0,"Same-horizon leave-one-region-out transfer; source regions=Europe,North America; target region=Asia; source-only fit/search/calibration; target labels untouched until final evaluation; V1-V10 financial ratios only.",Class-weighted logistic reference using the same source-only fit/search/calibration and untouched regional target.,Platt_logistic_on_separate_calibration_partition,0.0,1.0,0.0,0.5,0.6666666666666666,0.5555555555555556,0.8333333333333334,0.0,0.0,0.5,1.0,1.0,46.0,46.0,0.0,0.0,0.8711984264910638,0.8591682419659735,0.19214069286212937,0.5701067771998118,0.17601968801234982,-0.9670171221337317,3.0179152732371053,10.0,0.5,0.09090909090909091,1.0,1.0,0.0,0.0,0.5,0.5,0.8333333333333334,0.8333333333333334,0.0,0.0,0.0,0.0,0.7875224453838994,0.9047401711906458,0.7877599243856334,0.8914461247637052,0.18842189254371916,0.21044386847437377,20262028,3,Asia,328,92,V1-V10_financial_only
PONE2016_h3_target_Asia,20260727,Balanced_logistic,cost_20,92,46,0.0,"Same-horizon leave-one-region-out transfer; source regions=Europe,North America; target region=Asia; source-only fit/search/calibration; target labels untouched until final evaluation; V1-V10 financial ratios only.",Class-weighted logistic reference using the same source-only fit/search/calibration and untouched regional target.,Platt_logistic_on_separate_calibration_partition,0.0,1.0,0.0,0.5,0.6666666666666666,0.5555555555555556,0.8333333333333334,0.0,0.0,0.5,1.0,1.0,46.0,46.0,0.0,0.0,0.8711984264910638,0.8591682419659735,0.19214069286212937,0.5701067771998118,0.17601968801234982,-0.9670171221337317,3.0179152732371053,20.0,0.5,0.047619047619047616,1.0,1.0,0.0,0.0,0.5,0.5,0.8333333333333334,0.8333333333333334,0.0,0.0,0.0,0.0,0.8265032833523575,0.9338502441280059,0.7881379962192816,0.9232986767485822,0.17536587110344876,0.20776261922938297,20262028,3,Asia,328,92,V1-V10_financial_only
PONE2016_h3_target_Europe,20260727,HistGB,triad,168,84,0.7595289484492843,"Same-horizon leave-one-region-out transfer; source regions=Asia,North America; target region=Europe; source-only fit/search/calibration; target labels untouched until final evaluation; V1-V10 financial ratios only.",No metaheuristic; threshold and Platt calibration use calibration partition.,Platt_logistic_on_separate_calibration_partition,0.497727260961116,0.27380952380952384,0.9047619047619048,0.7419354838709677,0.4,0.5528846153846154,0.3133514986376022,0.23017074772966023,0.384896824658886,0.5892857142857143,0.09523809523809523,0.18452380952380953,23.0,8.0,76.0,61.0,0.6848273561418168,0.7117346938775511,0.22336429148369166,0.6383367200630187,0.04439133991856714,-0.07423413155645105,0.8757479395462406,,,,0.21428571428571427,0.2619047619047619,0.8833333333333333,0.9630952380952381,0.6879807692307692,0.8540372670807453,0.24896699011096152,0.3011241810601548,0.16630947607996746,0.2689514305779043,0.3202092826808768,0.38404600800774635,0.6648838352336697,0.7462631926059426,0.6559807256235828,0.7797477324263039,0.20239078020306378,0.23609279182428328,20260727,3,Europe,252,168,V1-V10_financial_only
PONE2016_h3_target_Europe,20260727,HistGB,cost_1,168,84,0.7586372157906407,"Same-horizon leave-one-region-out transfer; source regions=Asia,North America; target region=Europe; source-only fit/search/calibration; target labels untouched until final evaluation; V1-V10 financial ratios only.",No metaheuristic; threshold and Platt calibration use calibration partition.,Platt_logistic_on_separate_calibration_partition,0.497727260961116,0.27380952380952384,0.9047619047619048,0.7419354838709677,0.4,0.5528846153846154,0.3133514986376022,0.23017074772966023,0.384896824658886,0.5892857142857143,0.09523809523809523,0.18452380952380953,23.0,8.0,76.0,61.0,0.6848273561418168,0.7117346938775511,0.22336429148369166,0.6383367200630187,0.04439133991856714,-0.07423413155645105,0.8757479395462406,1.0,0.4107142857142857,0.4107142857142857,0.22023809523809523,0.32142857142857145,0.8714285714285714,0.9511904761904761,0.6676470588235294,0.8510416666666667,0.25422157694884967,0.36655118363998596,0.1490567578764839,0.3309315564097953,0.3078367784934805,0.4621351699615492,0.651514808867057,0.7493236811951521,0.6552579365079365,0.76875,0.21452757593973848,0.23981388646624202,20260727,3,Europe,252,168,V1-V10_financial_only
PONE2016_h3_target_Europe,20260727,HistGB,cost_2,168,84,0.30619313005375537,"Same-horizon leave-one-region-out transfer; source regions=Asia,North America; target region=Europe; source-only fit/search/calibration; target labels untouched until final evaluation; V1-V10 financial ratios only.",No metaheuristic; threshold and Platt calibration use calibration partition.,Platt_logistic_on_separate_calibration_partition,0.4727554678967805,0.9880952380952381,0.2261904761904762,0.5608108108108109,0.7155172413793104,0.613905325443787,0.8574380165289256,0.33084657994221345,0.41972669369068555,0.6071428571428572,0.7738095238095238,0.8809523809523809,83.0,65.0,19.0,1.0,0.6848273561418168,0.7117346938775511,0.22336429148369166,0.6383367200630187,0.04439133991856714,-0.07423413155645105,0.8757479395462406,2.0,0.39880952380952384,0.26587301587301587,0.9678571428571429,1.0,0.17023809523809524,0.24761904761904763,0.53841059602649,0.5706615532118887,0.8347022587268993,0.8692066337965038,0.228952323294684,0.37587751723695695,0.33489239343727634,0.4531534254072817,0.6178359310125819,0.7312456758805217,0.6482426303854875,0.7712443310657596,0.20439803862311415,0.24049308236208494,20260727,3,Europe,252,168,V1-V10_financial_only
PONE2016_h3_target_Europe,20260727,HistGB,cost_5,168,84,0.30060884409840904,"Same-horizon leave-one-region-out transfer; source regions=Asia,North America; target region=Europe; source-only fit/search/calibration; target labels untouched until final evaluation; V1-V10 financial ratios only.",No metaheuristic; threshold and Platt calibration use calibration partition.,Platt_logistic_on_separate_calibration_partition,0.28867513459481287,1.0,0.08333333333333333,0.5217391304347826,0.6857142857142857,0.5769230769230769,0.8450704225352113,0.20851441405707474,0.2590110417589152,0.5416666666666666,0.9166666666666666,0.9583333333333334,84.0,77.0,7.0,0.0,0.6848273561418168,0.7117346938775511,0.22336429148369166,0.6383367200630187,0.04439133991856714,-0.07423413155645105,0.8757479395462406,5.0,0.4583333333333333,0.1527777777777778,1.0,1.0,0.039285714285714285,0.10714285714285714,0.51003367003367,0.5283018867924528,0.8388283673616622,0.8484848484848485,0.14060098421637107,0.23791547571544322,0.17593839184674742,0.29430341755691586,0.6550721300837373,0.7141770209911894,0.6752551020408163,0.706547619047619,0.22497066353825185,0.2429099659540851,20260727,3,Europe,252,168,V1-V10_financial_only
PONE2016_h3_target_Europe,20260727,HistGB,cost_10,168,84,0.30060884409840904,"Same-horizon leave-one-region-out transfer; source regions=Asia,North America; target region=Europe; source-only fit/search/calibration; target labels untouched until final evaluation; V1-V10 financial ratios only.",No metaheuristic; threshold and Platt calibration use calibration partition.,Platt_logistic_on_separate_calibration_partition,0.28867513459481287,1.0,0.08333333333333333,0.5217391304347826,0.6857142857142857,0.5769230769230769,0.8450704225352113,0.20851441405707474,0.2590110417589152,0.5416666666666666,0.9166666666666666,0.9583333333333334,84.0,77.0,7.0,0.0,0.6848273561418168,0.7117346938775511,0.22336429148369166,0.6383367200630187,0.04439133991856714,-0.07423413155645105,0.8757479395462406,10.0,0.4583333333333333,0.08333333333333333,1.0,1.0,0.049999999999999996,0.10595238095238095,0.5128274616079495,0.5279716981132075,0.8403373493975903,0.8483137829912024,0.159801394672733,0.2364846079188968,0.19962819737457005,0.2925912892221824,0.658999151717981,0.7369354916110072,0.6766723356009071,0.7327239229024943,0.2147089950695797,0.23977891181236358,20260727,3,Europe,252,168,V1-V10_financial_only
PONE2016_h3_target_Europe,20260727,HistGB,cost_20,168,84,0.30060884409840904,"Same-horizon leave-one-region-out transfer; source regions=Asia,North America; target region=Europe; source-only fit/search/calibration; target labels untouched until final evaluation; V1-V10 financial ratios only.",No metaheuristic; threshold and Platt calibration use calibration partition.,Platt_logistic_on_separate_calibration_partition,0.28867513459481287,1.0,0.08333333333333333,0.5217391304347826,0.6857142857142857,0.5769230769230769,0.8450704225352113,0.20851441405707474,0.2590110417589152,0.5416666666666666,0.9166666666666666,0.9583333333333334,84.0,77.0,7.0,0.0,0.6848273561418168,0.7117346938775511,0.22336429148369166,0.6383367200630187,0.04439133991856714,-0.07423413155645105,0.8757479395462406,20.0,0.4583333333333333,0.04365079365079365,1.0,1.0,0.07142857142857142,0.10595238095238095,0.5185185185185185,0.5279716981132075,0.8433734939759037,0.8483137829912024,0.19245008972987526,0.2364846079188968,0.23955028620984734,0.2925912892221824,0.6473575525821705,0.7349595343000902,0.6751417233560092,0.7448837868480725,0.21136636423215646,0.23618461403651203,20260727,3,Europe,252,168,V1-V10_financial_only
PONE2016_h3_target_Europe,20260727,KELM_PBMSBAINGO,triad,168,84,0.6321883573552288,"Same-horizon leave-one-region-out transfer; source regions=Asia,North America; target region=Europe; source-only fit/search/calibration; target labels untouched until final evaluation; V1-V10 financial ratios only.",Plain KELM; hyperparameters/features selected only on search partition.,Platt_logistic_on_separate_calibration_partition,0.6338656910463875,0.5357142857142857,0.75,0.6818181818181818,0.6,0.646551724137931,0.5597014925373134,0.29250896965085227,0.48982907450273083,0.6428571428571428,0.25,0.39285714285714285,45.0,21.0,63.0,39.0,0.7601503707728279,0.7264739229024944,0.2247914499296662,0.6425099735704828,0.12495628543547666,-0.045741307421763786,0.5562208475730647,,,,0.5119047619047619,0.5904761904761905,0.7523809523809524,0.8095238095238095,0.7032350352112676,0.7406232914160743,0.5418359213085483,0.6106144975491709,0.31036920045300526,0.367999087216171,0.5002840630108494,0.5465176128265339,0.7636262174985156,0.7938639669077153,0.7319160997732427,0.7563775510204082,0.20753249374394042,0.22959648242780986,20260828,3,Europe,252,168,V1-V10_financial_only
PONE2016_h3_target_Europe,20260727,KELM_PBMSBAINGO,cost_1,168,84,0.6219946266166445,"Same-horizon leave-one-region-out transfer; source regions=Asia,North America; target region=Europe; source-only fit/search/calibration; target labels untouched until final evaluation; V1-V10 financial ratios only.",Plain KELM; hyperparameters/features selected only on search partition.,Platt_logistic_on_separate_calibration_partition,0.6408699444616558,0.5476190476190477,0.75,0.6865671641791045,0.609271523178808,0.6534090909090909,0.5707196029776674,0.3039078516045339,0.49975894539699184,0.6488095238095238,0.25,0.39880952380952384,46.0,21.0,63.0,38.0,0.7601503707728279,0.7264739229024944,0.2247914499296662,0.6425099735704828,0.12495628543547666,-0.045741307421763786,0.5562208475730647,1.0,0.35119047619047616,0.35119047619047616,0.513095238095238,0.5714285714285714,0.75,0.8428571428571429,0.6728693181818182,0.7827729924979161,0.5394462025316455,0.603930978598843,0.27194461419858795,0.42778712709529665,0.4715846937748561,0.5899961959391609,0.7172860464392867,0.8005422907866119,0.6939342403628117,0.762797619047619,0.203019543622357,0.2368015492462979,20260828,3,Europe,252,168,V1-V10_financial_only
PONE2016_h3_target_Europe,20260727,KELM_PBMSBAINGO,cost_2,168,84,0.5074068849042358,"Same-horizon leave-one-region-out transfer; source regions=Asia,North America; target region=Europe; source-only fit/search/calibration; target labels untouched until final evaluation; V1-V10 financial ratios only.",Plain KELM; hyperparameters/features selected only on search partition.,Platt_logistic_on_separate_calibration_partition,0.6418643127004081,0.6785714285714286,0.6071428571428571,0.6333333333333333,0.6551724137931034,0.6418918918918919,0.6690140845070423,0.28644594961577313,0.49050455915989766,0.6428571428571428,0.39285714285714285,0.5357142857142857,57.0,33.0,51.0,27.0,0.7601503707728279,0.7264739229024944,0.2247914499296662,0.6425099735704828,0.12495628543547666,-0.045741307421763786,0.5562208475730647,2.0,0.5178571428571429,0.34523809523809523,0.5869047619047619,0.6892857142857143,0.5488095238095239,0.6166666666666667,0.5804938271604938,0.6300286669851888,0.5898098422670315,0.6765578147913065,0.17063513809521702,0.2857935547328148,0.3874626062631994,0.4894495856446306,0.7098856299444132,0.7604206355706221,0.650765306122449,0.7151927437641723,0.2218616084240272,0.2631515273195308,20260828,3,Europe,252,168,V1-V10_financial_only
PONE2016_h3_target_Europe,20260727,KELM_PBMSBAINGO,cost_5,168,84,0.08368722282765484,"Same-horizon leave-one-region-out transfer; source regions=Asia,North America; target region=Europe; source-only fit/search/calibration; target labels untouched until final evaluation; V1-V10 financial ratios only.",Plain KELM; hyperparameters/features selected only on search partition.,Platt_logistic_on_separate_calibration_partition,0.3253726278265821,0.9880952380952381,0.10714285714285714,0.5253164556962026,0.6859504132231405,0.5796089385474861,0.840080971659919,0.20126184217065105,0.27723059543132955,0.5476190476190477,0.8928571428571429,0.9404761904761905,83.0,75.0,9.0,1.0,0.7601503707728279,0.7264739229024944,0.2247914499296662,0.6425099735704828,0.12495628543547666,-0.045741307421763786,0.5562208475730647,5.0,0.47619047619047616,0.15873015873015872,0.9642857142857143,1.0,0.047619047619047616,0.10595238095238095,0.5037152764546736,0.5279716981132075,0.8153842080825031,0.8483137829912024,0.036872088201585024,0.2364846079188968,0.11694050828817198,0.2925912892221824,0.7205584438366832,0.763441883023127,0.6769274376417234,0.7384495464852608,0.21391110781291894,0.24722914542197302,20260828,3,Europe,252,168,V1-V10_financial_only
PONE2016_h3_target_Europe,20260727,KELM_PBMSBAINGO,cost_10,168,84,0.08368722282765484,"Same-horizon leave-one-region-out transfer; source regions=Asia,North America; target region=Europe; source-only fit/search/calibration; target labels untouched until final evaluation; V1-V10 financial ratios only.",Plain KELM; hyperparameters/features selected only on search partition.,Platt_logistic_on_separate_calibration_partition,0.3253726278265821,0.9880952380952381,0.10714285714285714,0.5253164556962026,0.6859504132231405,0.5796089385474861,0.840080971659919,0.20126184217065105,0.27723059543132955,0.5476190476190477,0.8928571428571429,0.9404761904761905,83.0,75.0,9.0,1.0,0.7601503707728279,0.7264739229024944,0.2247914499296662,0.6425099735704828,0.12495628543547666,-0.045741307421763786,0.5562208475730647,10.0,0.5059523809523809,0.09199134199134198,0.944047619047619,1.0,0.04880952380952381,0.1738095238095238,0.5067901234567902,0.5469478357380688,0.8108129238264534,0.8578546198178101,0.06990163350376977,0.30559247855986155,0.14915705148197403,0.3735793099443284,0.7220961946073623,0.7981701272978612,0.6490362811791384,0.7750425170068027,0.2031371072632176,0.26804131160964656,20260828,3,Europe,252,168,V1-V10_financial_only
PONE2016_h3_target_Europe,20260727,KELM_PBMSBAINGO,cost_20,168,84,0.08368722282765484,"Same-horizon leave-one-region-out transfer; source regions=Asia,North America; target region=Europe; source-only fit/search/calibration; target labels untouched until final evaluation; V1-V10 financial ratios only.",Plain KELM; hyperparameters/features selected only on search partition.,Platt_logistic_on_separate_calibration_partition,0.3253726278265821,0.9880952380952381,0.10714285714285714,0.5253164556962026,0.6859504132231405,0.5796089385474861,0.840080971659919,0.20126184217065105,0.27723059543132955,0.5476190476190477,0.8928571428571429,0.9404761904761905,83.0,75.0,9.0,1.0,0.7601503707728279,0.7264739229024944,0.2247914499296662,0.6425099735704828,0.12495628543547666,-0.045741307421763786,0.5562208475730647,20.0,0.5654761904761905,0.053854875283446714,0.9880952380952381,1.0,0.06428571428571428,0.14166666666666666,0.5136427566807314,0.5378205128205128,0.8340080971659919,0.853312925841809,0.13559623805499024,0.2747728185726845,0.20425148081904737,0.337876547045969,0.6800203569487637,0.8408609740332595,0.656703514739229,0.8247590702947845,0.1758604110830827,0.25504504449655674,20260828,3,Europe,252,168,V1-V10_financial_only
PONE2016_h3_target_Europe,20260727,KELM_score_fusion,triad,168,84,0.6395001474453016,"Same-horizon leave-one-region-out transfer; source regions=Asia,North America; target region=Europe; source-only fit/search/calibration; target labels untouched until final evaluation; V1-V10 financial ratios only.",Plain KELM plus HistGB score-level fusion; alpha=1.00 selected only on search partition.,Platt_logistic_on_separate_calibration_partition,0.6338656910463875,0.5357142857142857,0.75,0.6818181818181818,0.6,0.646551724137931,0.5597014925373134,0.29250896965085227,0.48982907450273083,0.6428571428571428,0.25,0.39285714285714285,45.0,21.0,63.0,39.0,0.7601503707728279,0.7264739229024944,0.22511802806893036,0.643647485678463,0.13249858310827625,-0.036538994864167916,0.560459674234114,,,,0.46785714285714286,0.555952380952381,0.694047619047619,0.8297619047619048,0.6440674394099052,0.7524014778325123,0.5000731589393863,0.5729524778772046,0.23420489840369724,0.36763340562887764,0.440660758396523,0.5415273807035497,0.7226267125896254,0.7729246042594796,0.6707199546485261,0.7478458049886622,0.21448246881486335,0.25442633387856406,20260830,3,Europe,252,168,V1-V10_financial_only
PONE2016_h3_target_Europe,20260727,KELM_score_fusion,cost_1,168,84,0.6295366995753503,"Same-horizon leave-one-region-out transfer; source regions=Asia,North America; target region=Europe; source-only fit/search/calibration; target labels untouched until final evaluation; V1-V10 financial ratios only.",Plain KELM plus HistGB score-level fusion; alpha=1.00 selected only on search partition.,Platt_logistic_on_separate_calibration_partition,0.6408699444616558,0.5476190476190477,0.75,0.6865671641791045,0.609271523178808,0.6534090909090909,0.5707196029776674,0.3039078516045339,0.49975894539699184,0.6488095238095238,0.25,0.39880952380952384,46.0,21.0,63.0,38.0,0.7601503707728279,0.7264739229024944,0.22511802806893036,0.643647485678463,0.13249858310827625,-0.036538994864167916,0.560459674234114,1.0,0.35119047619047616,0.35119047619047616,0.46904761904761905,0.5821428571428572,0.7035714285714285,0.8083333333333333,0.640066889632107,0.7481043956043956,0.5013200417324037,0.608698841132463,0.23256205411759664,0.3918462282947321,0.4410013243252104,0.5668351579310503,0.7304246629040733,0.7831420203868106,0.6947137188208616,0.7353316326530612,0.22178992137935025,0.24483613057933676,20260830,3,Europe,252,168,V1-V10_financial_only
PONE2016_h3_target_Europe,20260727,KELM_score_fusion,cost_2,168,84,0.5145711555126805,"Same-horizon leave-one-region-out transfer; source regions=Asia,North America; target region=Europe; source-only fit/search/calibration; target labels untouched until final evaluation; V1-V10 financial ratios only.",Plain KELM plus HistGB score-level fusion; alpha=1.00 selected only on search partition.,Platt_logistic_on_separate_calibration_partition,0.6418643127004081,0.6785714285714286,0.6071428571428571,0.6333333333333333,0.6551724137931034,0.6418918918918919,0.6690140845070423,0.28644594961577313,0.49050455915989766,0.6428571428571428,0.39285714285714285,0.5357142857142857,57.0,33.0,51.0,27.0,0.7601503707728279,0.7264739229024944,0.22511802806893036,0.643647485678463,0.13249858310827625,-0.036538994864167916,0.560459674234114,2.0,0.5178571428571429,0.34523809523809523,0.5916666666666667,0.7488095238095238,0.5845238095238096,0.6285714285714286,0.5993433395872421,0.6677748226950355,0.5930857322142913,0.7310615848406545,0.19656444326284744,0.37899158485476936,0.41244468778487786,0.5625178938402718,0.7358360565350495,0.7886940018969194,0.6918083900226757,0.7658730158730158,0.2031530614494194,0.24093879042314445,20260830,3,Europe,252,168,V1-V10_financial_only
PONE2016_h3_target_Europe,20260727,KELM_score_fusion,cost_5,168,84,0.08156634358958213,"Same-horizon leave-one-region-out transfer; source regions=Asia,North America; target region=Europe; source-only fit/search/calibration; target labels untouched until final evaluation; V1-V10 financial ratios only.",Plain KELM plus HistGB score-level fusion; alpha=1.00 selected only on search partition.,Platt_logistic_on_separate_calibration_partition,0.3253726278265821,0.9880952380952381,0.10714285714285714,0.5253164556962026,0.6859504132231405,0.5796089385474861,0.840080971659919,0.20126184217065105,0.27723059543132955,0.5476190476190477,0.8928571428571429,0.9404761904761905,83.0,75.0,9.0,1.0,0.7601503707728279,0.7264739229024944,0.22511802806893036,0.643647485678463,0.13249858310827625,-0.036538994864167916,0.560459674234114,5.0,0.47619047619047616,0.15873015873015872,0.9773809523809524,1.0,0.10714285714285714,0.14285714285714285,0.5228938829467612,0.5381637717121588,0.8330000867542747,0.8531411677753141,0.1753898648357423,0.27412011386582935,0.263615335744824,0.3394041728556444,0.7247164606426799,0.8125361685924536,0.6842403628117915,0.7843395691609977,0.19494788042022565,0.25084810683071135,20260830,3,Europe,252,168,V1-V10_financial_only
PONE2016_h3_target_Europe,20260727,KELM_score_fusion,cost_10,168,84,0.08156634358958213,"Same-horizon leave-one-region-out transfer; source regions=Asia,North America; target region=Europe; source-only fit/search/calibration; target labels untouched until final evaluation; V1-V10 financial ratios only.",Plain KELM plus HistGB score-level fusion; alpha=1.00 selected only on search partition.,Platt_logistic_on_separate_calibration_partition,0.3253726278265821,0.9880952380952381,0.10714285714285714,0.5253164556962026,0.6859504132231405,0.5796089385474861,0.840080971659919,0.20126184217065105,0.27723059543132955,0.5476190476190477,0.8928571428571429,0.9404761904761905,83.0,75.0,9.0,1.0,0.7601503707728279,0.7264739229024944,0.22511802806893036,0.643647485678463,0.13249858310827625,-0.036538994864167916,0.560459674234114,10.0,0.5059523809523809,0.09199134199134198,0.9773809523809524,1.0,0.060714285714285714,0.11785714285714285,0.515356476012651,0.5256085686465434,0.8335010060362174,0.84320448125166,0.1515592165678638,0.20038066692657347,0.21851471348059343,0.27793418965473005,0.747891716724238,0.8303235822779825,0.7136621315192744,0.7992772108843537,0.1944580664700713,0.23007565115988185,20260830,3,Europe,252,168,V1-V10_financial_only
PONE2016_h3_target_Europe,20260727,KELM_score_fusion,cost_20,168,84,0.08156634358958213,"Same-horizon leave-one-region-out transfer; source regions=Asia,North America; target region=Europe; source-only fit/search/calibration; target labels untouched until final evaluation; V1-V10 financial ratios only.",Plain KELM plus HistGB score-level fusion; alpha=1.00 selected only on search partition.,Platt_logistic_on_separate_calibration_partition,0.3253726278265821,0.9880952380952381,0.10714285714285714,0.5253164556962026,0.6859504132231405,0.5796089385474861,0.840080971659919,0.20126184217065105,0.27723059543132955,0.5476190476190477,0.8928571428571429,0.9404761904761905,83.0,75.0,9.0,1.0,0.7601503707728279,0.7264739229024944,0.22511802806893036,0.643647485678463,0.13249858310827625,-0.036538994864167916,0.560459674234114,20.0,0.5654761904761905,0.053854875283446714,0.9773809523809524,1.0,0.03809523809523809,0.1738095238095238,0.5039953040975536,0.5476208317721993,0.822812291249165,0.8581988327380878,0.044355630966674324,0.30827047844714545,0.11581427219189357,0.3767541509196204,0.744643698675381,0.8355457002975459,0.7017148526077096,0.8152777777777779,0.18106315086499686,0.2413001948339276,20260830,3,Europe,252,168,V1-V10_financial_only
PONE2016_h3_target_Europe,20260727,KELM_risk_feature,triad,168,84,0.7829330111384961,"Same-horizon leave-one-region-out transfer; source regions=Asia,North America; target region=Europe; source-only fit/search/calibration; target labels untouched until final evaluation; V1-V10 financial ratios only.",OOF HistGB risk is a forced KELM input; no score-level fusion.,Platt_logistic_on_separate_calibration_partition,0.4670248868079293,0.2261904761904762,0.9642857142857143,0.8636363636363636,0.3584905660377358,0.5523255813953488,0.26536312849162014,0.2823138692962342,0.39488510635452834,0.5952380952380952,0.03571428571428571,0.13095238095238096,19.0,3.0,81.0,65.0,0.6799785705137968,0.6595804988662132,0.23663544364036382,0.6679328002459306,0.11622654430004177,0.12557313115631288,0.6167224241780447,,,,0.15,0.2369047619047619,0.9523809523809523,0.975,0.7568181818181818,0.9012422360248448,0.17854875571356016,0.27730702308778665,0.17070174258110676,0.3048116213216249,0.2893958316083916,0.4073304559317951,0.6202101859651313,0.7124065838231014,0.5857709750566894,0.6601473922902493,0.2315479604897351,0.26202522044647775,20260938,3,Europe,252,168,V1-V10_financial_only
PONE2016_h3_target_Europe,20260727,KELM_risk_feature,cost_1,168,84,0.5500766768299026,"Same-horizon leave-one-region-out transfer; source regions=Asia,North America; target region=Europe; source-only fit/search/calibration; target labels untouched until final evaluation; V1-V10 financial ratios only.",OOF HistGB risk is a forced KELM input; no score-level fusion.,Platt_logistic_on_separate_calibration_partition,0.5639390134441434,0.39285714285714285,0.8095238095238095,0.673469387755102,0.49624060150375937,0.5892857142857143,0.42857142857142855,0.22262677784970844,0.4136952747380583,0.6011904761904762,0.19047619047619047,0.2916666666666667,33.0,16.0,68.0,51.0,0.6799785705137968,0.6595804988662132,0.23663544364036382,0.6679328002459306,0.11622654430004177,0.12557313115631288,0.6167224241780447,1.0,0.39880952380952384,0.39880952380952384,0.28452380952380957,0.4369047619047619,0.7761904761904762,0.875,0.5809615384615384,0.7778983933999132,0.31682439900525006,0.47888169271981285,0.09349321133247906,0.3471108430205302,0.2752091338309669,0.5097041820429714,0.6361668792302246,0.731643720299348,0.5953373015873016,0.6945578231292516,0.2216701396589923,0.25684852159314303,20260938,3,Europe,252,168,V1-V10_financial_only
PONE2016_h3_target_Europe,20260727,KELM_risk_feature,cost_2,168,84,0.3235295571540613,"Same-horizon leave-one-region-out transfer; source regions=Asia,North America; target region=Europe; source-only fit/search/calibration; target labels untouched until final evaluation; V1-V10 financial ratios only.",OOF HistGB risk is a forced KELM input; no score-level fusion.,Platt_logistic_on_separate_calibration_partition,0.5900968443520823,0.75,0.4642857142857143,0.5833333333333334,0.65625,0.6104651162790697,0.7094594594594594,0.22360679774997896,0.42701571891626083,0.6071428571428572,0.5357142857142857,0.6428571428571429,63.0,45.0,39.0,21.0,0.6799785705137968,0.6595804988662132,0.23663544364036382,0.6679328002459306,0.11622654430004177,0.12557313115631288,0.6167224241780447,2.0,0.5178571428571429,0.34523809523809523,0.6845238095238095,0.7857142857142857,0.3785714285714286,0.5428571428571429,0.5567354214413038,0.6274206245080032,0.659632599050362,0.740112519301035,0.17136845614787385,0.3233835848893702,0.36964175486869444,0.5129732665163161,0.630714278643643,0.7476595552596806,0.6160997732426304,0.7376984126984125,0.21052600135133717,0.2583241008460234,20260938,3,Europe,252,168,V1-V10_financial_only
PONE2016_h3_target_Europe,20260727,KELM_risk_feature,cost_5,168,84,0.0,"Same-horizon leave-one-region-out transfer; source regions=Asia,North America; target region=Europe; source-only fit/search/calibration; target labels untouched until final evaluation; V1-V10 financial ratios only.",OOF HistGB risk is a forced KELM input; no score-level fusion.,Platt_logistic_on_separate_calibration_partition,0.0,1.0,0.0,0.5,0.6666666666666666,0.5555555555555556,0.8333333333333334,0.0,0.0,0.5,1.0,1.0,84.0,84.0,0.0,0.0,0.6799785705137968,0.6595804988662132,0.23663544364036382,0.6679328002459306,0.11622654430004177,0.12557313115631288,0.6167224241780447,5.0,0.5,0.16666666666666666,1.0,1.0,0.0,0.0,0.5,0.5,0.8333333333333334,0.8333333333333334,0.0,0.0,0.0,0.0,0.6590598400867309,0.7521997173403293,0.6304846938775509,0.7273384353741497,0.2143219408185132,0.24504536490541898,20260938,3,Europe,252,168,V1-V10_financial_only
PONE2016_h3_target_Europe,20260727,KELM_risk_feature,cost_10,168,84,0.0,"Same-horizon leave-one-region-out transfer; source regions=Asia,North America; target region=Europe; source-only fit/search/calibration; target labels untouched until final evaluation; V1-V10 financial ratios only.",OOF HistGB risk is a forced KELM input; no score-level fusion.,Platt_logistic_on_separate_calibration_partition,0.0,1.0,0.0,0.5,0.6666666666666666,0.5555555555555556,0.8333333333333334,0.0,0.0,0.5,1.0,1.0,84.0,84.0,0.0,0.0,0.6799785705137968,0.6595804988662132,0.23663544364036382,0.6679328002459306,0.11622654430004177,0.12557313115631288,0.6167224241780447,10.0,0.5,0.09090909090909091,1.0,1.0,0.0,0.0,0.5,0.5,0.8333333333333334,0.8333333333333334,0.0,0.0,0.0,0.0,0.6094948710758519,0.7356797199465678,0.5649801587301586,0.6837159863945579,0.22497392134599142,0.26921699434132956,20260938,3,Europe,252,168,V1-V10_financial_only
PONE2016_h3_target_Europe,20260727,KELM_risk_feature,cost_20,168,84,0.0,"Same-horizon leave-one-region-out transfer; source regions=Asia,North America; target region=Europe; source-only fit/search/calibration; target labels untouched until final evaluation; V1-V10 financial ratios only.",OOF HistGB risk is a forced KELM input; no score-level fusion.,Platt_logistic_on_separate_calibration_partition,0.0,1.0,0.0,0.5,0.6666666666666666,0.5555555555555556,0.8333333333333334,0.0,0.0,0.5,1.0,1.0,84.0,84.0,0.0,0.0,0.6799785705137968,0.6595804988662132,0.23663544364036382,0.6679328002459306,0.11622654430004177,0.12557313115631288,0.6167224241780447,20.0,0.5,0.047619047619047616,1.0,1.0,0.0,0.0,0.5,0.5,0.8333333333333334,0.8333333333333334,0.0,0.0,0.0,0.0,0.6400346279769649,0.731038050124294,0.6336309523809526,0.6939484126984127,0.22688503595722612,0.2509647232871694,20260938,3,Europe,252,168,V1-V10_financial_only
PONE2016_h3_target_Europe,20260727,Full_PBMSBAINGO,triad,168,84,0.6356242407394314,"Same-horizon leave-one-region-out transfer; source regions=Asia,North America; target region=Europe; source-only fit/search/calibration; target labels untouched until final evaluation; V1-V10 financial ratios only.",Risk feature plus score fusion; alpha=0.70 selected only on search partition.,Platt_logistic_on_separate_calibration_partition,0.57476703355111,0.44047619047619047,0.75,0.6379310344827587,0.5211267605633803,0.5854430379746836,0.46954314720812185,0.20031323433445375,0.40448067923177955,0.5952380952380952,0.25,0.34523809523809523,37.0,21.0,63.0,47.0,0.6279024315543436,0.6770124716553287,0.22853111763998027,0.6502557571355743,0.062218182962766204,-0.03690698690286649,0.7966641237521979,,,,0.3333333333333333,0.48928571428571427,0.7392857142857143,0.8202380952380952,0.5635744680851065,0.7198092443140132,0.3629783952704988,0.5220031237797735,0.08223642032492717,0.3155008766274496,0.2724130702856813,0.49928159519501186,0.5786053337937256,0.715296291092974,0.6334608843537415,0.7321995464852606,0.21082221052392883,0.24195265808908514,20261034,3,Europe,252,168,V1-V10_financial_only
PONE2016_h3_target_Europe,20260727,Full_PBMSBAINGO,cost_1,168,84,0.6383076910194785,"Same-horizon leave-one-region-out transfer; source regions=Asia,North America; target region=Europe; source-only fit/search/calibration; target labels untouched until final evaluation; V1-V10 financial ratios only.",Risk feature plus score fusion; alpha=0.70 selected only on search partition.,Platt_logistic_on_separate_calibration_partition,0.5669467095138409,0.42857142857142855,0.75,0.631578947368421,0.5106382978723404,0.5769230769230769,0.4580152671755725,0.18857857160117855,0.39281880787076023,0.5892857142857143,0.25,0.3392857142857143,36.0,21.0,63.0,48.0,0.6279024315543436,0.6770124716553287,0.22853111763998027,0.6502557571355743,0.062218182962766204,-0.03690698690286649,0.7966641237521979,1.0,0.4107142857142857,0.4107142857142857,0.3369047619047619,0.4928571428571428,0.7321428571428571,0.8416666666666667,0.6373106060606061,0.7007575757575758,0.37194353070175434,0.5174755419144447,0.16465981717426378,0.24254065677993839,0.35520869218702295,0.43723660472656,0.5978985393944394,0.7263134416454726,0.6191326530612244,0.7356859410430839,0.21039288055536584,0.2463794537815736,20261034,3,Europe,252,168,V1-V10_financial_only
PONE2016_h3_target_Europe,20260727,Full_PBMSBAINGO,cost_2,168,84,0.2880268740284808,"Same-horizon leave-one-region-out transfer; source regions=Asia,North America; target region=Europe; source-only fit/search/calibration; target labels untouched until final evaluation; V1-V10 financial ratios only.",Risk feature plus score fusion; alpha=0.70 selected only on search partition.,Platt_logistic_on_separate_calibration_partition,0.4732049265321855,0.9404761904761905,0.23809523809523808,0.5524475524475524,0.6960352422907489,0.6021341463414634,0.824634655532359,0.2508726030021272,0.38298689795714114,0.5892857142857143,0.7619047619047619,0.8511904761904762,79.0,64.0,20.0,5.0,0.6279024315543436,0.6770124716553287,0.22853111763998027,0.6502557571355743,0.062218182962766204,-0.03690698690286649,0.7966641237521979,2.0,0.44047619047619047,0.29365079365079366,0.8857142857142857,0.9642857142857143,0.16785714285714284,0.25476190476190474,0.5159246575342465,0.5637902097902098,0.7746628630705394,0.844293667362561,0.0788818604005941,0.30908877819001007,0.22531974418357484,0.42234047444084677,0.5645397569286126,0.6643439322270714,0.6154620181405895,0.6947278911564625,0.22280482705925944,0.24902443396911017,20261034,3,Europe,252,168,V1-V10_financial_only
PONE2016_h3_target_Europe,20260727,Full_PBMSBAINGO,cost_5,168,84,0.2880268740284808,"Same-horizon leave-one-region-out transfer; source regions=Asia,North America; target region=Europe; source-only fit/search/calibration; target labels untouched until final evaluation; V1-V10 financial ratios only.",Risk feature plus score fusion; alpha=0.70 selected only on search partition.,Platt_logistic_on_separate_calibration_partition,0.4732049265321855,0.9404761904761905,0.23809523809523808,0.5524475524475524,0.6960352422907489,0.6021341463414634,0.824634655532359,0.2508726030021272,0.38298689795714114,0.5892857142857143,0.7619047619047619,0.8511904761904762,79.0,64.0,20.0,5.0,0.6279024315543436,0.6770124716553287,0.22853111763998027,0.6502557571355743,0.062218182962766204,-0.03690698690286649,0.7966641237521979,5.0,0.5297619047619048,0.1765873015873016,0.8952380952380953,0.9523809523809523,0.21666666666666665,0.3166666666666667,0.5482977437550363,0.5739017677569599,0.7969572664983772,0.8380503144654088,0.21569926827953273,0.30677392639329765,0.36977043854247127,0.44240089713069336,0.6494141553910476,0.7127580550075691,0.6766014739229025,0.7246031746031746,0.21260541929895005,0.22866479970421985,20261034,3,Europe,252,168,V1-V10_financial_only
PONE2016_h3_target_Europe,20260727,Full_PBMSBAINGO,cost_10,168,84,0.2880268740284808,"Same-horizon leave-one-region-out transfer; source regions=Asia,North America; target region=Europe; source-only fit/search/calibration; target labels untouched until final evaluation; V1-V10 financial ratios only.",Risk feature plus score fusion; alpha=0.70 selected only on search partition.,Platt_logistic_on_separate_calibration_partition,0.4732049265321855,0.9404761904761905,0.23809523809523808,0.5524475524475524,0.6960352422907489,0.6021341463414634,0.824634655532359,0.2508726030021272,0.38298689795714114,0.5892857142857143,0.7619047619047619,0.8511904761904762,79.0,64.0,20.0,5.0,0.6279024315543436,0.6770124716553287,0.22853111763998027,0.6502557571355743,0.062218182962766204,-0.03690698690286649,0.7966641237521979,10.0,0.6785714285714286,0.12337662337662338,0.9428571428571428,0.986904761904762,0.16785714285714284,0.27142857142857146,0.5373867201115371,0.5690140845070423,0.8268860670315225,0.8500968859318198,0.22173128631752842,0.3246273571023684,0.3309573134664841,0.43821197637514375,0.6058565200627212,0.6835215796478142,0.6525793650793651,0.7215702947845805,0.21432389297418442,0.23478496916313954,20261034,3,Europe,252,168,V1-V10_financial_only
PONE2016_h3_target_Europe,20260727,Full_PBMSBAINGO,cost_20,168,84,0.2880268740284808,"Same-horizon leave-one-region-out transfer; source regions=Asia,North America; target region=Europe; source-only fit/search/calibration; target labels untouched until final evaluation; V1-V10 financial ratios only.",Risk feature plus score fusion; alpha=0.70 selected only on search partition.,Platt_logistic_on_separate_calibration_partition,0.4732049265321855,0.9404761904761905,0.23809523809523808,0.5524475524475524,0.6960352422907489,0.6021341463414634,0.824634655532359,0.2508726030021272,0.38298689795714114,0.5892857142857143,0.7619047619047619,0.8511904761904762,79.0,64.0,20.0,5.0,0.6279024315543436,0.6770124716553287,0.22853111763998027,0.6502557571355743,0.062218182962766204,-0.03690698690286649,0.7966641237521979,20.0,0.9761904761904762,0.09297052154195011,0.9178571428571428,0.9642857142857143,0.21428571428571427,0.27142857142857146,0.5480802623962956,0.5620471014492754,0.8126026163868438,0.8432259316770186,0.23206948944655997,0.30256505842090947,0.3695435263489799,0.4171980533461512,0.6025493489771238,0.6558946379037958,0.6240646258503402,0.7000708616780045,0.22088083006169176,0.24565431086790704,20261034,3,Europe,252,168,V1-V10_financial_only
PONE2016_h3_target_Europe,20260727,Uncertainty_gated_fusion,triad,168,84,0.7829330111384961,"Same-horizon leave-one-region-out transfer; source regions=Asia,North America; target region=Europe; source-only fit/search/calibration; target labels untouched until final evaluation; V1-V10 financial ratios only.","One-standard-error paired-bootstrap gate selected KELM_risk_feature; search utility difference=-0.3350, required margin=0.1459.",Platt_logistic_on_separate_calibration_partition,0.4670248868079293,0.2261904761904762,0.9642857142857143,0.8636363636363636,0.3584905660377358,0.5523255813953488,0.26536312849162014,0.2823138692962342,0.39488510635452834,0.5952380952380952,0.03571428571428571,0.13095238095238096,19.0,3.0,81.0,65.0,0.6799785705137968,0.6595804988662132,0.23663544364036382,0.6679328002459306,0.11622654430004177,0.12557313115631288,0.6167224241780447,,,,0.14761904761904762,0.2357142857142857,0.9523809523809523,0.975,0.7568181818181818,0.8849999999999999,0.17600796096558807,0.2751396648044693,0.17070174258110676,0.27189198684050037,0.28931871169441215,0.3926061530905646,0.6479277595547849,0.680567328827573,0.6147675736961452,0.6691326530612244,0.24279200347275307,0.25169667276086793,20261080,3,Europe,252,168,V1-V10_financial_only
PONE2016_h3_target_Europe,20260727,Uncertainty_gated_fusion,cost_1,168,84,0.5500766768299026,"Same-horizon leave-one-region-out transfer; source regions=Asia,North America; target region=Europe; source-only fit/search/calibration; target labels untouched until final evaluation; V1-V10 financial ratios only.","One-standard-error paired-bootstrap gate selected KELM_risk_feature; search utility difference=-0.3350, required margin=0.1459.",Platt_logistic_on_separate_calibration_partition,0.5639390134441434,0.39285714285714285,0.8095238095238095,0.673469387755102,0.49624060150375937,0.5892857142857143,0.42857142857142855,0.22262677784970844,0.4136952747380583,0.6011904761904762,0.19047619047619047,0.2916666666666667,33.0,16.0,68.0,51.0,0.6799785705137968,0.6595804988662132,0.23663544364036382,0.6679328002459306,0.11622654430004177,0.12557313115631288,0.6167224241780447,1.0,0.39880952380952384,0.39880952380952384,0.3607142857142857,0.5011904761904762,0.719047619047619,0.8452380952380952,0.5622641509433962,0.7228029602220167,0.38857029859600556,0.533022786612865,0.0854763403859865,0.318535789997298,0.2790796392840976,0.5037782623718209,0.6071979061773984,0.7102429329222991,0.6129251700680272,0.7104166666666667,0.21793397858858524,0.25732785242309053,20261080,3,Europe,252,168,V1-V10_financial_only
PONE2016_h3_target_Europe,20260727,Uncertainty_gated_fusion,cost_2,168,84,0.3235295571540613,"Same-horizon leave-one-region-out transfer; source regions=Asia,North America; target region=Europe; source-only fit/search/calibration; target labels untouched until final evaluation; V1-V10 financial ratios only.","One-standard-error paired-bootstrap gate selected KELM_risk_feature; search utility difference=-0.3350, required margin=0.1459.",Platt_logistic_on_separate_calibration_partition,0.5900968443520823,0.75,0.4642857142857143,0.5833333333333334,0.65625,0.6104651162790697,0.7094594594594594,0.22360679774997896,0.42701571891626083,0.6071428571428572,0.5357142857142857,0.6428571428571429,63.0,45.0,39.0,21.0,0.6799785705137968,0.6595804988662132,0.23663544364036382,0.6679328002459306,0.11622654430004177,0.12557313115631288,0.6167224241780447,2.0,0.5178571428571429,0.34523809523809523,0.6928571428571428,0.7488095238095238,0.375,0.5416666666666667,0.5435100845803513,0.6170476190476191,0.6586795557383792,0.7102030414612328,0.123893740151191,0.28529932696874466,0.3293461491889272,0.4848092675295094,0.6325190754378927,0.7196088285299889,0.616609977324263,0.6848356009070296,0.23357117441093678,0.25122136262360506,20261080,3,Europe,252,168,V1-V10_financial_only
PONE2016_h3_target_Europe,20260727,Uncertainty_gated_fusion,cost_5,168,84,0.0,"Same-horizon leave-one-region-out transfer; source regions=Asia,North America; target region=Europe; source-only fit/search/calibration; target labels untouched until final evaluation; V1-V10 financial ratios only.","One-standard-error paired-bootstrap gate selected KELM_risk_feature; search utility difference=-0.3350, required margin=0.1459.",Platt_logistic_on_separate_calibration_partition,0.0,1.0,0.0,0.5,0.6666666666666666,0.5555555555555556,0.8333333333333334,0.0,0.0,0.5,1.0,1.0,84.0,84.0,0.0,0.0,0.6799785705137968,0.6595804988662132,0.23663544364036382,0.6679328002459306,0.11622654430004177,0.12557313115631288,0.6167224241780447,5.0,0.5,0.16666666666666666,1.0,1.0,0.0,0.0,0.5,0.5,0.8333333333333334,0.8333333333333334,0.0,0.0,0.0,0.0,0.6327617737211659,0.7560666245469629,0.6371173469387754,0.7306122448979592,0.2112350201866046,0.2506649293912976,20261080,3,Europe,252,168,V1-V10_financial_only
PONE2016_h3_target_Europe,20260727,Uncertainty_gated_fusion,cost_10,168,84,0.0,"Same-horizon leave-one-region-out transfer; source regions=Asia,North America; target region=Europe; source-only fit/search/calibration; target labels untouched until final evaluation; V1-V10 financial ratios only.","One-standard-error paired-bootstrap gate selected KELM_risk_feature; search utility difference=-0.3350, required margin=0.1459.",Platt_logistic_on_separate_calibration_partition,0.0,1.0,0.0,0.5,0.6666666666666666,0.5555555555555556,0.8333333333333334,0.0,0.0,0.5,1.0,1.0,84.0,84.0,0.0,0.0,0.6799785705137968,0.6595804988662132,0.23663544364036382,0.6679328002459306,0.11622654430004177,0.12557313115631288,0.6167224241780447,10.0,0.5,0.09090909090909091,1.0,1.0,0.0,0.0,0.5,0.5,0.8333333333333334,0.8333333333333334,0.0,0.0,0.0,0.0,0.6260273736431182,0.8013262226440353,0.6136763038548753,0.7645691609977323,0.19790820808992984,0.2568775102590934,20261080,3,Europe,252,168,V1-V10_financial_only
PONE2016_h3_target_Europe,20260727,Uncertainty_gated_fusion,cost_20,168,84,0.0,"Same-horizon leave-one-region-out transfer; source regions=Asia,North America; target region=Europe; source-only fit/search/calibration; target labels untouched until final evaluation; V1-V10 financial ratios only.","One-standard-error paired-bootstrap gate selected KELM_risk_feature; search utility difference=-0.3350, required margin=0.1459.",Platt_logistic_on_separate_calibration_partition,0.0,1.0,0.0,0.5,0.6666666666666666,0.5555555555555556,0.8333333333333334,0.0,0.0,0.5,1.0,1.0,84.0,84.0,0.0,0.0,0.6799785705137968,0.6595804988662132,0.23663544364036382,0.6679328002459306,0.11622654430004177,0.12557313115631288,0.6167224241780447,20.0,0.5,0.047619047619047616,1.0,1.0,0.0,0.0,0.5,0.5,0.8333333333333334,0.8333333333333334,0.0,0.0,0.0,0.0,0.626351516637949,0.7274503406133498,0.6254960317460316,0.6870181405895692,0.22486149620556714,0.25806701146278316,20261080,3,Europe,252,168,V1-V10_financial_only
PONE2016_h3_target_Europe,20260727,Full_random_search,triad,168,84,0.5863262210355054,"Same-horizon leave-one-region-out transfer; source regions=Asia,North America; target region=Europe; source-only fit/search/calibration; target labels untouched until final evaluation; V1-V10 financial ratios only.",Same full architecture and 81 evaluations as PBMSBAINGO; alpha=0.70.,Platt_logistic_on_separate_calibration_partition,0.5194624816493197,0.3333333333333333,0.8095238095238095,0.6363636363636364,0.4375,0.5384615384615384,0.3684210526315789,0.1624591083221647,0.3526014920589861,0.5714285714285714,0.19047619047619047,0.2619047619047619,28.0,16.0,68.0,56.0,0.5986079486031938,0.6510770975056689,0.2328741324093272,0.6587787497881373,0.12068674619312066,0.03798889819416143,1.314790881593944,,,,0.22976190476190478,0.3904761904761905,0.7404761904761905,0.8559523809523809,0.5013513513513513,0.7148829431438126,0.25816988852829126,0.4287951350839455,0.0014363606211965716,0.2614255616940252,0.013666820323864735,0.4400689709678242,0.5363721078049389,0.6383585223745418,0.5823554421768707,0.6823837868480725,0.22929974986948168,0.24586001880678723,20261128,3,Europe,252,168,V1-V10_financial_only
PONE2016_h3_target_Europe,20260727,Full_random_search,cost_1,168,84,0.5855544051681912,"Same-horizon leave-one-region-out transfer; source regions=Asia,North America; target region=Europe; source-only fit/search/calibration; target labels untouched until final evaluation; V1-V10 financial ratios only.",Same full architecture and 81 evaluations as PBMSBAINGO; alpha=0.70.,Platt_logistic_on_separate_calibration_partition,0.5286572216946314,0.34523809523809523,0.8095238095238095,0.6444444444444445,0.4496124031007752,0.5492424242424242,0.3805774278215223,0.17473686501819422,0.3655198437460189,0.5773809523809523,0.19047619047619047,0.26785714285714285,29.0,16.0,68.0,55.0,0.5986079486031938,0.6510770975056689,0.2328741324093272,0.6587787497881373,0.12068674619312066,0.03798889819416143,1.314790881593944,1.0,0.4226190476190476,0.4226190476190476,0.29166666666666663,0.39166666666666666,0.775,0.8511904761904762,0.5653690596562184,0.7081632653061225,0.3229185373468345,0.42527937179099967,0.07739801155048492,0.24233578590946017,0.257676539773426,0.4199338818341505,0.5640828851753308,0.6929466054079612,0.6084325396825397,0.6962159863945578,0.22414291765785982,0.24063677557283328,20261128,3,Europe,252,168,V1-V10_financial_only
PONE2016_h3_target_Europe,20260727,Full_random_search,cost_2,168,84,0.3409010693172676,"Same-horizon leave-one-region-out transfer; source regions=Asia,North America; target region=Europe; source-only fit/search/calibration; target labels untouched until final evaluation; V1-V10 financial ratios only.",Same full architecture and 81 evaluations as PBMSBAINGO; alpha=0.70.,Platt_logistic_on_separate_calibration_partition,0.3324819058040224,0.9285714285714286,0.11904761904761904,0.5131578947368421,0.6610169491525424,0.5635838150289018,0.7991803278688525,0.08111071056538126,0.20774858711877198,0.5238095238095238,0.8809523809523809,0.9047619047619048,78.0,74.0,10.0,6.0,0.5986079486031938,0.6510770975056689,0.2328741324093272,0.6587787497881373,0.12068674619312066,0.03798889819416143,1.314790881593944,2.0,0.5119047619047619,0.3412698412698413,0.8761904761904762,0.9630952380952381,0.07261904761904761,0.10595238095238095,0.48831847133757966,0.5156299114897841,0.7560476297798813,0.8206517257870347,-0.06687570980649798,0.11752951560199046,0.011736119787527486,0.22100938701460876,0.550898449484702,0.6216275664513445,0.5851190476190476,0.6525651927437641,0.23166819078451234,0.24465875969959106,20261128,3,Europe,252,168,V1-V10_financial_only
PONE2016_h3_target_Europe,20260727,Full_random_search,cost_5,168,84,0.0,"Same-horizon leave-one-region-out transfer; source regions=Asia,North America; target region=Europe; source-only fit/search/calibration; target labels untouched until final evaluation; V1-V10 financial ratios only.",Same full architecture and 81 evaluations as PBMSBAINGO; alpha=0.70.,Platt_logistic_on_separate_calibration_partition,0.0,1.0,0.0,0.5,0.6666666666666666,0.5555555555555556,0.8333333333333334,0.0,0.0,0.5,1.0,1.0,84.0,84.0,0.0,0.0,0.5986079486031938,0.6510770975056689,0.2328741324093272,0.6587787497881373,0.12068674619312066,0.03798889819416143,1.314790881593944,5.0,0.5,0.16666666666666666,1.0,1.0,0.0,0.0,0.5,0.5,0.8333333333333334,0.8333333333333334,0.0,0.0,0.0,0.0,0.5437153401046958,0.6297822591030712,0.5650226757369614,0.691156462585034,0.2270016573370836,0.24600600897636837,20261128,3,Europe,252,168,V1-V10_financial_only
PONE2016_h3_target_Europe,20260727,Full_random_search,cost_10,168,84,0.0,"Same-horizon leave-one-region-out transfer; source regions=Asia,North America; target region=Europe; source-only fit/search/calibration; target labels untouched until final evaluation; V1-V10 financial ratios only.",Same full architecture and 81 evaluations as PBMSBAINGO; alpha=0.70.,Platt_logistic_on_separate_calibration_partition,0.0,1.0,0.0,0.5,0.6666666666666666,0.5555555555555556,0.8333333333333334,0.0,0.0,0.5,1.0,1.0,84.0,84.0,0.0,0.0,0.5986079486031938,0.6510770975056689,0.2328741324093272,0.6587787497881373,0.12068674619312066,0.03798889819416143,1.314790881593944,10.0,0.5,0.09090909090909091,1.0,1.0,0.0,0.0,0.5,0.5,0.8333333333333334,0.8333333333333334,0.0,0.0,0.0,0.0,0.5850700958646201,0.6668832944385497,0.643296485260771,0.7035997732426305,0.22277114135954268,0.23473004465604091,20261128,3,Europe,252,168,V1-V10_financial_only
PONE2016_h3_target_Europe,20260727,Full_random_search,cost_20,168,84,0.0,"Same-horizon leave-one-region-out transfer; source regions=Asia,North America; target region=Europe; source-only fit/search/calibration; target labels untouched until final evaluation; V1-V10 financial ratios only.",Same full architecture and 81 evaluations as PBMSBAINGO; alpha=0.70.,Platt_logistic_on_separate_calibration_partition,0.0,1.0,0.0,0.5,0.6666666666666666,0.5555555555555556,0.8333333333333334,0.0,0.0,0.5,1.0,1.0,84.0,84.0,0.0,0.0,0.5986079486031938,0.6510770975056689,0.2328741324093272,0.6587787497881373,0.12068674619312066,0.03798889819416143,1.314790881593944,20.0,0.5,0.047619047619047616,1.0,1.0,0.0,0.0,0.5,0.5,0.8333333333333334,0.8333333333333334,0.0,0.0,0.0,0.0,0.561764137860034,0.6357017780652128,0.6190334467120183,0.6803713151927437,0.22851062489403615,0.23808966145392257,20261128,3,Europe,252,168,V1-V10_financial_only
PONE2016_h3_target_Europe,20260727,Balanced_logistic,triad,168,84,0.5771444855158407,"Same-horizon leave-one-region-out transfer; source regions=Asia,North America; target region=Europe; source-only fit/search/calibration; target labels untouched until final evaluation; V1-V10 financial ratios only.",Class-weighted logistic reference using the same source-only fit/search/calibration and untouched regional target.,Platt_logistic_on_separate_calibration_partition,0.6308400618805605,0.4642857142857143,0.8571428571428571,0.7647058823529411,0.5777777777777777,0.6770833333333334,0.5038759689922481,0.34953103682127784,0.5181332052617411,0.6607142857142857,0.14285714285714285,0.30357142857142855,39.0,12.0,72.0,45.0,0.7060280793778807,0.7069160997732427,0.2156010218854695,0.6598787179446952,0.09693431959229246,0.042646477351054195,0.5505817481614894,,,,0.3964285714285714,0.5297619047619048,0.8369047619047619,0.9035714285714286,0.7342880523731588,0.8457835964574509,0.4388179695088766,0.5725136046472807,0.30948588903292834,0.4671343042535646,0.4781953261852939,0.6068705982551796,0.711949270563766,0.7919642459732671,0.7146116780045351,0.771485260770975,0.19556860233154774,0.21346677487038776,20262028,3,Europe,252,168,V1-V10_financial_only
PONE2016_h3_target_Europe,20260727,Balanced_logistic,cost_1,168,84,0.5345129515327319,"Same-horizon leave-one-region-out transfer; source regions=Asia,North America; target region=Europe; source-only fit/search/calibration; target labels untouched until final evaluation; V1-V10 financial ratios only.",Class-weighted logistic reference using the same source-only fit/search/calibration and untouched regional target.,Platt_logistic_on_separate_calibration_partition,0.6285894658306708,0.4880952380952381,0.8095238095238095,0.7192982456140351,0.5815602836879432,0.657051282051282,0.5216284987277354,0.3142976193352976,0.4989133169552204,0.6488095238095238,0.19047619047619047,0.3392857142857143,41.0,16.0,68.0,43.0,0.7060280793778807,0.7069160997732427,0.2156010218854695,0.6598787179446952,0.09693431959229246,0.042646477351054195,0.5505817481614894,1.0,0.35119047619047616,0.35119047619047616,0.4654761904761905,0.580952380952381,0.7452380952380953,0.8654761904761905,0.6839525691699605,0.7836601307189542,0.5005286914226426,0.6115288220551378,0.29282091004669597,0.4254134088215131,0.48076363951712386,0.5899453903764224,0.6692834842844382,0.7271338665354612,0.6694302721088435,0.7644841269841269,0.19784740323124073,0.22572110527922826,20262028,3,Europe,252,168,V1-V10_financial_only
PONE2016_h3_target_Europe,20260727,Balanced_logistic,cost_2,168,84,0.35140803298069884,"Same-horizon leave-one-region-out transfer; source regions=Asia,North America; target region=Europe; source-only fit/search/calibration; target labels untouched until final evaluation; V1-V10 financial ratios only.",Class-weighted logistic reference using the same source-only fit/search/calibration and untouched regional target.,Platt_logistic_on_separate_calibration_partition,0.5927328230716478,0.7976190476190477,0.44047619047619047,0.5877192982456141,0.6767676767676768,0.6203703703703703,0.7444444444444445,0.25490637096729085,0.4474036761818191,0.6190476190476191,0.5595238095238095,0.6785714285714286,67.0,47.0,37.0,17.0,0.7060280793778807,0.7069160997732427,0.2156010218854695,0.6598787179446952,0.09693431959229246,0.042646477351054195,0.5505817481614894,2.0,0.48214285714285715,0.32142857142857145,0.763095238095238,0.844047619047619,0.31666666666666665,0.4714285714285714,0.5375724137931035,0.6139855072463768,0.7095512150895796,0.7851801065857549,0.12593386907295487,0.3376095226524878,0.31612985378369507,0.5110602197850068,0.6429986954703832,0.734229586383679,0.6481150793650793,0.7213577097505668,0.20932598181108197,0.24019775196691595,20262028,3,Europe,252,168,V1-V10_financial_only
PONE2016_h3_target_Europe,20260727,Balanced_logistic,cost_5,168,84,0.1047854823637771,"Same-horizon leave-one-region-out transfer; source regions=Asia,North America; target region=Europe; source-only fit/search/calibration; target labels untouched until final evaluation; V1-V10 financial ratios only.",Class-weighted logistic reference using the same source-only fit/search/calibration and untouched regional target.,Platt_logistic_on_separate_calibration_partition,0.2672612419124244,1.0,0.07142857142857142,0.5185185185185185,0.6829268292682927,0.5737704918032787,0.8433734939759037,0.19245008972987526,0.23955028620984734,0.5357142857142857,0.9285714285714286,0.9642857142857143,84.0,78.0,6.0,0.0,0.7060280793778807,0.7069160997732427,0.2156010218854695,0.6598787179446952,0.09693431959229246,0.042646477351054195,0.5505817481614894,5.0,0.4642857142857143,0.15476190476190477,1.0,1.0,0.015476190476190475,0.08095238095238094,0.5039141229735651,0.5210989597225927,0.8354910536779324,0.8447317169550368,0.08526146711693292,0.20517720875396872,0.10709085123389238,0.2549553696825515,0.6272504203809551,0.7613824855781439,0.6255102040816326,0.7302012471655329,0.20428712744034133,0.23768889627117207,20262028,3,Europe,252,168,V1-V10_financial_only
PONE2016_h3_target_Europe,20260727,Balanced_logistic,cost_10,168,84,0.1047854823637771,"Same-horizon leave-one-region-out transfer; source regions=Asia,North America; target region=Europe; source-only fit/search/calibration; target labels untouched until final evaluation; V1-V10 financial ratios only.",Class-weighted logistic reference using the same source-only fit/search/calibration and untouched regional target.,Platt_logistic_on_separate_calibration_partition,0.2672612419124244,1.0,0.07142857142857142,0.5185185185185185,0.6829268292682927,0.5737704918032787,0.8433734939759037,0.19245008972987526,0.23955028620984734,0.5357142857142857,0.9285714285714286,0.9642857142857143,84.0,78.0,6.0,0.0,0.7060280793778807,0.7069160997732427,0.2156010218854695,0.6598787179446952,0.09693431959229246,0.042646477351054195,0.5505817481614894,10.0,0.4642857142857143,0.08441558441558442,1.0,1.0,0.02738095238095238,0.10357142857142856,0.5069554290782763,0.5273235499650594,0.8371563844821117,0.847973713033954,0.11630207009332277,0.23336893711688642,0.1458144223779529,0.288828104422209,0.6556207529177944,0.7960638645772278,0.6724773242630385,0.7559098639455782,0.19268415120315813,0.22475058466442266,20262028,3,Europe,252,168,V1-V10_financial_only
PONE2016_h3_target_Europe,20260727,Balanced_logistic,cost_20,168,84,0.1047854823637771,"Same-horizon leave-one-region-out transfer; source regions=Asia,North America; target region=Europe; source-only fit/search/calibration; target labels untouched until final evaluation; V1-V10 financial ratios only.",Class-weighted logistic reference using the same source-only fit/search/calibration and untouched regional target.,Platt_logistic_on_separate_calibration_partition,0.2672612419124244,1.0,0.07142857142857142,0.5185185185185185,0.6829268292682927,0.5737704918032787,0.8433734939759037,0.19245008972987526,0.23955028620984734,0.5357142857142857,0.9285714285714286,0.9642857142857143,84.0,78.0,6.0,0.0,0.7060280793778807,0.7069160997732427,0.2156010218854695,0.6598787179446952,0.09693431959229246,0.042646477351054195,0.5505817481614894,20.0,0.4642857142857143,0.04421768707482993,1.0,1.0,0.047619047619047616,0.15714285714285714,0.5121951219512195,0.5427609427609427,0.84,0.8557659208261618,0.15617376188860607,0.29060521909297476,0.1951924097262059,0.35607371521786674,0.6626202714176197,0.7749769863676291,0.6611961451247166,0.7527777777777779,0.20179261808731785,0.23495544738684626,20262028,3,Europe,252,168,V1-V10_financial_only
PONE2016_h3_target_North_America,20260727,HistGB,triad,160,81,0.7244882805777724,"Same-horizon leave-one-region-out transfer; source regions=Asia,Europe; target region=North America; source-only fit/search/calibration; target labels untouched until final evaluation; V1-V10 financial ratios only.",No metaheuristic; threshold and Platt calibration use calibration partition.,Platt_logistic_on_separate_calibration_partition,0.49279858500414847,0.25925925925925924,0.9367088607594937,0.8076923076923077,0.3925233644859813,0.5675675675675675,0.3,0.2655843061641402,0.4010333014187511,0.5979840600093764,0.06329113924050633,0.1625,21.0,5.0,74.0,60.0,0.7468475699906321,0.7591811220503204,0.211326935402111,0.6123105393950088,0.08630696583873526,0.4082806374710065,0.9151072977520479,,,,0.21234567901234566,0.3061728395061728,0.9240506329113924,0.9620253164556962,0.7458625525946704,0.8846153846153846,0.2478386167146974,0.34975855130784705,0.19798008405361728,0.33335701587109784,0.33872763520015525,0.4498968709417557,0.7247292879962183,0.8336318941564839,0.7453820909517112,0.8185185185185185,0.1831316564579738,0.2200409564629903,20260727,3,North America,260,160,V1-V10_financial_only
PONE2016_h3_target_North_America,20260727,HistGB,cost_1,160,81,0.2288034888502473,"Same-horizon leave-one-region-out transfer; source regions=Asia,Europe; target region=North America; source-only fit/search/calibration; target labels untouched until final evaluation; V1-V10 financial ratios only.",No metaheuristic; threshold and Platt calibration use calibration partition.,Platt_logistic_on_separate_calibration_partition,0.6631411704215857,0.8271604938271605,0.5316455696202531,0.6442307692307693,0.7243243243243244,0.6740442655935613,0.7827102803738317,0.376101569256947,0.5489157719066385,0.6794030317237068,0.46835443037974683,0.65,67.0,37.0,42.0,14.0,0.7468475699906321,0.7591811220503204,0.211326935402111,0.6123105393950088,0.08630696583873526,0.4082806374710065,0.9151072977520479,1.0,0.31875,0.31875,0.791358024691358,0.8493827160493828,0.43670886075949367,0.5936708860759493,0.591743119266055,0.6694193141173995,0.7421412387946981,0.7957285669366468,0.24999035389564048,0.40594581733283625,0.4423422256408767,0.5780672207312395,0.6642994108146966,0.7920653995743392,0.6768557587122989,0.7784185028910767,0.19784332570713536,0.24396867787527873,20260727,3,North America,260,160,V1-V10_financial_only
PONE2016_h3_target_North_America,20260727,HistGB,cost_2,160,81,0.2288034888502473,"Same-horizon leave-one-region-out transfer; source regions=Asia,Europe; target region=North America; source-only fit/search/calibration; target labels untouched until final evaluation; V1-V10 financial ratios only.",No metaheuristic; threshold and Platt calibration use calibration partition.,Platt_logistic_on_separate_calibration_partition,0.6631411704215857,0.8271604938271605,0.5316455696202531,0.6442307692307693,0.7243243243243244,0.6740442655935613,0.7827102803738317,0.376101569256947,0.5489157719066385,0.6794030317237068,0.46835443037974683,0.65,67.0,37.0,42.0,14.0,0.7468475699906321,0.7591811220503204,0.211326935402111,0.6123105393950088,0.08630696583873526,0.4082806374710065,0.9151072977520479,2.0,0.40625,0.2697095435684647,0.7790123456790123,0.9246913580246914,0.4772151898734177,0.6177215189873417,0.6408045977011495,0.698583056979198,0.7560465912983898,0.86715355410251,0.39400882351932615,0.5422900766833056,0.567903263917408,0.6654342911763073,0.718444160590244,0.8794261748064027,0.7417408970151587,0.8663384903891231,0.15928041775919194,0.2210782954828177,20260727,3,North America,260,160,V1-V10_financial_only
PONE2016_h3_target_North_America,20260727,HistGB,cost_5,160,81,0.2288034888502473,"Same-horizon leave-one-region-out transfer; source regions=Asia,Europe; target region=North America; source-only fit/search/calibration; target labels untouched until final evaluation; V1-V10 financial ratios only.",No metaheuristic; threshold and Platt calibration use calibration partition.,Platt_logistic_on_separate_calibration_partition,0.6631411704215857,0.8271604938271605,0.5316455696202531,0.6442307692307693,0.7243243243243244,0.6740442655935613,0.7827102803738317,0.376101569256947,0.5489157719066385,0.6794030317237068,0.46835443037974683,0.65,67.0,37.0,42.0,14.0,0.7468475699906321,0.7591811220503204,0.211326935402111,0.6123105393950088,0.08630696583873526,0.4082806374710065,0.9151072977520479,5.0,0.66875,0.22107438016528927,0.791358024691358,0.8728395061728395,0.4240506329113924,0.5683544303797469,0.5945806995364518,0.6663551401869159,0.7479796147248978,0.8211115105170854,0.27045839258531224,0.44488978340411744,0.45526833475958395,0.596546967394293,0.7041389146810151,0.7869674161799519,0.7340365682137834,0.7768557587122987,0.2047341119189191,0.2152527157145081,20260727,3,North America,260,160,V1-V10_financial_only
PONE2016_h3_target_North_America,20260727,HistGB,cost_10,160,81,0.2288034888502473,"Same-horizon leave-one-region-out transfer; source regions=Asia,Europe; target region=North America; source-only fit/search/calibration; target labels untouched until final evaluation; V1-V10 financial ratios only.",No metaheuristic; threshold and Platt calibration use calibration partition.,Platt_logistic_on_separate_calibration_partition,0.6631411704215857,0.8271604938271605,0.5316455696202531,0.6442307692307693,0.7243243243243244,0.6740442655935613,0.7827102803738317,0.376101569256947,0.5489157719066385,0.6794030317237068,0.46835443037974683,0.65,67.0,37.0,42.0,14.0,0.7468475699906321,0.7591811220503204,0.211326935402111,0.6123105393950088,0.08630696583873526,0.4082806374710065,0.9151072977520479,10.0,1.10625,0.19910011248593926,0.7851851851851852,0.8876543209876543,0.47215189873417723,0.5873417721518986,0.6187142113482561,0.6797163500133797,0.7465114762649974,0.8260632841473999,0.3037873769970829,0.4595588071488325,0.4931516504017671,0.6128921532504177,0.7416258467781232,0.8253769123035868,0.72322237849664,0.82181590873574,0.18768513073985524,0.22727815839501708,20260727,3,North America,260,160,V1-V10_financial_only
PONE2016_h3_target_North_America,20260727,HistGB,cost_20,160,81,0.2288034888502473,"Same-horizon leave-one-region-out transfer; source regions=Asia,Europe; target region=North America; source-only fit/search/calibration; target labels untouched until final evaluation; V1-V10 financial ratios only.",No metaheuristic; threshold and Platt calibration use calibration partition.,Platt_logistic_on_separate_calibration_partition,0.6631411704215857,0.8271604938271605,0.5316455696202531,0.6442307692307693,0.7243243243243244,0.6740442655935613,0.7827102803738317,0.376101569256947,0.5489157719066385,0.6794030317237068,0.46835443037974683,0.65,67.0,37.0,42.0,14.0,0.7468475699906321,0.7591811220503204,0.211326935402111,0.6123105393950088,0.08630696583873526,0.4082806374710065,0.9151072977520479,20.0,1.98125,0.18658034137728075,0.8024691358024691,0.8728395061728395,0.44050632911392407,0.5898734177215189,0.6053184105500607,0.6694479236920705,0.7638168679535646,0.8191025076056427,0.30136734140233457,0.44300604274609606,0.4802425079133194,0.5956342942281602,0.7075414002107597,0.7904903963729641,0.7260040631348649,0.781372089388967,0.20080319956302053,0.2274345253022919,20260727,3,North America,260,160,V1-V10_financial_only
PONE2016_h3_target_North_America,20260727,KELM_PBMSBAINGO,triad,160,81,0.5040661006247225,"Same-horizon leave-one-region-out transfer; source regions=Asia,Europe; target region=North America; source-only fit/search/calibration; target labels untouched until final evaluation; V1-V10 financial ratios only.",Plain KELM; hyperparameters/features selected only on search partition.,Platt_logistic_on_separate_calibration_partition,0.7141986418029074,0.6296296296296297,0.810126582278481,0.7727272727272727,0.6938775510204082,0.7391304347826086,0.6538461538461539,0.4466138053037711,0.610740510532117,0.7198781059540553,0.189873417721519,0.4125,51.0,15.0,64.0,30.0,0.7887918393583916,0.7926238474761681,0.19488063699246155,0.5778782665743255,0.1139869040808624,0.09020272689292344,1.1819387733656423,,,,0.5728395061728395,0.6777777777777778,0.7265822784810126,0.8734177215189873,0.7171428571428572,0.8321428571428572,0.6098410087719298,0.6857349013253669,0.40244058335201477,0.5028561797245714,0.5822471759639436,0.6468828204083634,0.7586782646011626,0.810816558717997,0.7755274261603375,0.8263947491795592,0.1895693935416232,0.20657863497336057,20260828,3,North America,260,160,V1-V10_financial_only
PONE2016_h3_target_North_America,20260727,KELM_PBMSBAINGO,cost_1,160,81,0.45644473748154324,"Same-horizon leave-one-region-out transfer; source regions=Asia,Europe; target region=North America; source-only fit/search/calibration; target labels untouched until final evaluation; V1-V10 financial ratios only.",Plain KELM; hyperparameters/features selected only on search partition.,Platt_logistic_on_separate_calibration_partition,0.7306390432152817,0.7530864197530864,0.7088607594936709,0.7261904761904762,0.7393939393939394,0.7314148681055156,0.7475490196078431,0.4624895619382676,0.6273393974211944,0.7309735896233787,0.2911392405063291,0.525,61.0,23.0,56.0,20.0,0.7887918393583916,0.7926238474761681,0.19488063699246155,0.5778782665743255,0.1139869040808624,0.09020272689292344,1.1819387733656423,1.0,0.26875,0.26875,0.6728395061728395,0.7765432098765432,0.6506329113924051,0.759493670886076,0.6910843373493976,0.7628614916286148,0.6845722525823281,0.7680066245106896,0.4152829131231017,0.5212306808795516,0.5903477083583718,0.6704810341553743,0.7048984221642767,0.8248641542342604,0.7283794342866072,0.8221597124550711,0.18635921402477543,0.21961332616939633,20260828,3,North America,260,160,V1-V10_financial_only
PONE2016_h3_target_North_America,20260727,KELM_PBMSBAINGO,cost_2,160,81,0.45644473748154324,"Same-horizon leave-one-region-out transfer; source regions=Asia,Europe; target region=North America; source-only fit/search/calibration; target labels untouched until final evaluation; V1-V10 financial ratios only.",Plain KELM; hyperparameters/features selected only on search partition.,Platt_logistic_on_separate_calibration_partition,0.7306390432152817,0.7530864197530864,0.7088607594936709,0.7261904761904762,0.7393939393939394,0.7314148681055156,0.7475490196078431,0.4624895619382676,0.6273393974211944,0.7309735896233787,0.2911392405063291,0.525,61.0,23.0,56.0,20.0,0.7887918393583916,0.7926238474761681,0.19488063699246155,0.5778782665743255,0.1139869040808624,0.09020272689292344,1.1819387733656423,2.0,0.39375,0.26141078838174275,0.7209876543209877,0.8580246913580246,0.660759493670886,0.7784810126582278,0.6853820148749155,0.7824160704457898,0.7135676000452115,0.8359040324082697,0.38254996778168443,0.5881598018412891,0.5668499819465792,0.7148871225044889,0.7445041477917748,0.8479182990148376,0.7596499453039537,0.8492576965150804,0.17252550990248514,0.20853186226802126,20260828,3,North America,260,160,V1-V10_financial_only
PONE2016_h3_target_North_America,20260727,KELM_PBMSBAINGO,cost_5,160,81,0.3812136677061866,"Same-horizon leave-one-region-out transfer; source regions=Asia,Europe; target region=North America; source-only fit/search/calibration; target labels untouched until final evaluation; V1-V10 financial ratios only.",Plain KELM; hyperparameters/features selected only on search partition.,Platt_logistic_on_separate_calibration_partition,0.7066093440647031,0.8765432098765432,0.569620253164557,0.6761904761904762,0.7634408602150538,0.7085828343313373,0.8275058275058275,0.46964971509489606,0.6166578605715097,0.7230817315205501,0.43037974683544306,0.65625,71.0,34.0,45.0,10.0,0.7887918393583916,0.7926238474761681,0.19488063699246155,0.5778782665743255,0.1139869040808624,0.09020272689292344,1.1819387733656423,5.0,0.525,0.17355371900826447,0.808641975308642,0.8888888888888888,0.5316455696202531,0.7,0.6504205607476635,0.7526934984520124,0.7710649870857593,0.8577767319909912,0.3761192980535208,0.6005971867520784,0.5523387966045147,0.7201676777071325,0.7326585274842802,0.8431999256897467,0.7588529457727768,0.8516486951086106,0.18081681248927023,0.21105838323291556,20260828,3,North America,260,160,V1-V10_financial_only
PONE2016_h3_target_North_America,20260727,KELM_PBMSBAINGO,cost_10,160,81,0.3812136677061866,"Same-horizon leave-one-region-out transfer; source regions=Asia,Europe; target region=North America; source-only fit/search/calibration; target labels untouched until final evaluation; V1-V10 financial ratios only.",Plain KELM; hyperparameters/features selected only on search partition.,Platt_logistic_on_separate_calibration_partition,0.7066093440647031,0.8765432098765432,0.569620253164557,0.6761904761904762,0.7634408602150538,0.7085828343313373,0.8275058275058275,0.46964971509489606,0.6166578605715097,0.7230817315205501,0.43037974683544306,0.65625,71.0,34.0,45.0,10.0,0.7887918393583916,0.7926238474761681,0.19488063699246155,0.5778782665743255,0.1139869040808624,0.09020272689292344,1.1819387733656423,10.0,0.8375,0.15073115860517436,0.8160493827160493,0.9086419753086419,0.5101265822784811,0.6759493670886075,0.6307628294036061,0.7420342034203421,0.7707620248603856,0.8695869837296621,0.3430250137749034,0.6020885157640662,0.5226226753606997,0.7176282714532922,0.7228464110287324,0.8498692132366703,0.7124238162212846,0.8572745741522112,0.17061684621222592,0.2200055277847741,20260828,3,North America,260,160,V1-V10_financial_only
PONE2016_h3_target_North_America,20260727,KELM_PBMSBAINGO,cost_20,160,81,0.3812136677061866,"Same-horizon leave-one-region-out transfer; source regions=Asia,Europe; target region=North America; source-only fit/search/calibration; target labels untouched until final evaluation; V1-V10 financial ratios only.",Plain KELM; hyperparameters/features selected only on search partition.,Platt_logistic_on_separate_calibration_partition,0.7066093440647031,0.8765432098765432,0.569620253164557,0.6761904761904762,0.7634408602150538,0.7085828343313373,0.8275058275058275,0.46964971509489606,0.6166578605715097,0.7230817315205501,0.43037974683544306,0.65625,71.0,34.0,45.0,10.0,0.7887918393583916,0.7926238474761681,0.19488063699246155,0.5778782665743255,0.1139869040808624,0.09020272689292344,1.1819387733656423,20.0,1.4625,0.13772807533843437,0.854320987654321,0.9358024691358025,0.5227848101265823,0.591139240506329,0.6554370629370629,0.6888568179830316,0.8084165984753865,0.8716572429720475,0.42966289405973024,0.5339316307404892,0.5877070498011969,0.6528591445575822,0.737499709406185,0.806091832145106,0.7648695108610719,0.80168776371308,0.1892756986066017,0.20943542405978943,20260828,3,North America,260,160,V1-V10_financial_only
PONE2016_h3_target_North_America,20260727,KELM_score_fusion,triad,160,81,0.7244882805777724,"Same-horizon leave-one-region-out transfer; source regions=Asia,Europe; target region=North America; source-only fit/search/calibration; target labels untouched until final evaluation; V1-V10 financial ratios only.",Plain KELM plus HistGB score-level fusion; alpha=0.00 selected only on search partition.,Platt_logistic_on_separate_calibration_partition,0.49279858500414847,0.25925925925925924,0.9367088607594937,0.8076923076923077,0.3925233644859813,0.5675675675675675,0.3,0.2655843061641402,0.4010333014187511,0.5979840600093764,0.06329113924050633,0.1625,21.0,5.0,74.0,60.0,0.7468475699906321,0.7591811220503204,0.211326935402111,0.6123105393950088,0.08630696583873526,0.4082806374710065,0.9151072977520479,,,,0.23580246913580247,0.2716049382716049,0.8873417721518987,0.9481012658227848,0.7003703703703703,0.843019943019943,0.2721611721611722,0.3141961741961742,0.17876666208208436,0.2973313795826912,0.336250747531842,0.42461105944212696,0.6988151931385844,0.7724777817104984,0.7185654008438818,0.791436161900297,0.20377052664560008,0.22240676912530083,20260830,3,North America,260,160,V1-V10_financial_only
PONE2016_h3_target_North_America,20260727,KELM_score_fusion,cost_1,160,81,0.2288034888502473,"Same-horizon leave-one-region-out transfer; source regions=Asia,Europe; target region=North America; source-only fit/search/calibration; target labels untouched until final evaluation; V1-V10 financial ratios only.",Plain KELM plus HistGB score-level fusion; alpha=0.00 selected only on search partition.,Platt_logistic_on_separate_calibration_partition,0.6631411704215857,0.8271604938271605,0.5316455696202531,0.6442307692307693,0.7243243243243244,0.6740442655935613,0.7827102803738317,0.376101569256947,0.5489157719066385,0.6794030317237068,0.46835443037974683,0.65,67.0,37.0,42.0,14.0,0.7468475699906321,0.7591811220503204,0.211326935402111,0.6123105393950088,0.08630696583873526,0.4082806374710065,0.9151072977520479,1.0,0.31875,0.31875,0.8407407407407407,0.9098765432098765,0.46202531645569617,0.5810126582278481,0.6186152291105121,0.6849358974358974,0.7907563473437166,0.8537772585669782,0.33988681734310566,0.5123015778514265,0.5110784520158289,0.6431677354387149,0.713030659106081,0.7880433318471352,0.7476011876855758,0.8148616971401782,0.18937763340743283,0.2177507164878883,20260830,3,North America,260,160,V1-V10_financial_only
PONE2016_h3_target_North_America,20260727,KELM_score_fusion,cost_2,160,81,0.2288034888502473,"Same-horizon leave-one-region-out transfer; source regions=Asia,Europe; target region=North America; source-only fit/search/calibration; target labels untouched until final evaluation; V1-V10 financial ratios only.",Plain KELM plus HistGB score-level fusion; alpha=0.00 selected only on search partition.,Platt_logistic_on_separate_calibration_partition,0.6631411704215857,0.8271604938271605,0.5316455696202531,0.6442307692307693,0.7243243243243244,0.6740442655935613,0.7827102803738317,0.376101569256947,0.5489157719066385,0.6794030317237068,0.46835443037974683,0.65,67.0,37.0,42.0,14.0,0.7468475699906321,0.7591811220503204,0.211326935402111,0.6123105393950088,0.08630696583873526,0.4082806374710065,0.9151072977520479,2.0,0.40625,0.2697095435684647,0.7666666666666666,0.8604938271604938,0.4835443037974684,0.5949367088607594,0.6035122786978869,0.6853238265002971,0.7273394465151566,0.8186328372123997,0.2611069398268486,0.47320781442113025,0.45909102680120106,0.6233454844940427,0.6928616450032692,0.7896568200760642,0.7185654008438819,0.7913267698077824,0.19707663724607888,0.2295371087145173,20260830,3,North America,260,160,V1-V10_financial_only
PONE2016_h3_target_North_America,20260727,KELM_score_fusion,cost_5,160,81,0.2288034888502473,"Same-horizon leave-one-region-out transfer; source regions=Asia,Europe; target region=North America; source-only fit/search/calibration; target labels untouched until final evaluation; V1-V10 financial ratios only.",Plain KELM plus HistGB score-level fusion; alpha=0.00 selected only on search partition.,Platt_logistic_on_separate_calibration_partition,0.6631411704215857,0.8271604938271605,0.5316455696202531,0.6442307692307693,0.7243243243243244,0.6740442655935613,0.7827102803738317,0.376101569256947,0.5489157719066385,0.6794030317237068,0.46835443037974683,0.65,67.0,37.0,42.0,14.0,0.7468475699906321,0.7591811220503204,0.211326935402111,0.6123105393950088,0.08630696583873526,0.4082806374710065,0.9151072977520479,5.0,0.66875,0.22107438016528927,0.791358024691358,0.8740740740740741,0.4379746835443038,0.6063291139240506,0.592329255861366,0.6880966828478965,0.7425079731661718,0.8281046708300807,0.2511529335426775,0.4852854098887811,0.44335990539090314,0.6308485463520503,0.6900286517741279,0.7866013188141795,0.7214877324581965,0.7908892014377246,0.20507292370341368,0.22373989800732028,20260830,3,North America,260,160,V1-V10_financial_only
PONE2016_h3_target_North_America,20260727,KELM_score_fusion,cost_10,160,81,0.2288034888502473,"Same-horizon leave-one-region-out transfer; source regions=Asia,Europe; target region=North America; source-only fit/search/calibration; target labels untouched until final evaluation; V1-V10 financial ratios only.",Plain KELM plus HistGB score-level fusion; alpha=0.00 selected only on search partition.,Platt_logistic_on_separate_calibration_partition,0.6631411704215857,0.8271604938271605,0.5316455696202531,0.6442307692307693,0.7243243243243244,0.6740442655935613,0.7827102803738317,0.376101569256947,0.5489157719066385,0.6794030317237068,0.46835443037974683,0.65,67.0,37.0,42.0,14.0,0.7468475699906321,0.7591811220503204,0.211326935402111,0.6123105393950088,0.08630696583873526,0.4082806374710065,0.9151072977520479,10.0,1.10625,0.19910011248593926,0.7679012345679012,0.8358024691358025,0.46962025316455697,0.5772151898734177,0.6035657546337158,0.6603051121438674,0.7286899021903843,0.7820833424334418,0.26392755893945574,0.3887012953648057,0.46100159641929866,0.5642867548738602,0.7151230920869721,0.7851223892533381,0.6987185497734021,0.7711361150179715,0.20542942266959402,0.236362365569368,20260830,3,North America,260,160,V1-V10_financial_only
PONE2016_h3_target_North_America,20260727,KELM_score_fusion,cost_20,160,81,0.2288034888502473,"Same-horizon leave-one-region-out transfer; source regions=Asia,Europe; target region=North America; source-only fit/search/calibration; target labels untouched until final evaluation; V1-V10 financial ratios only.",Plain KELM plus HistGB score-level fusion; alpha=0.00 selected only on search partition.,Platt_logistic_on_separate_calibration_partition,0.6631411704215857,0.8271604938271605,0.5316455696202531,0.6442307692307693,0.7243243243243244,0.6740442655935613,0.7827102803738317,0.376101569256947,0.5489157719066385,0.6794030317237068,0.46835443037974683,0.65,67.0,37.0,42.0,14.0,0.7468475699906321,0.7591811220503204,0.211326935402111,0.6123105393950088,0.08630696583873526,0.4082806374710065,0.9151072977520479,20.0,1.98125,0.18658034137728075,0.7790123456790123,0.8395061728395061,0.48227848101265824,0.5683544303797469,0.6244308528712199,0.6642857142857143,0.7470950655143573,0.7970135628586332,0.3344453658728563,0.4185145198834234,0.5179907682787811,0.582345278204639,0.7124799465118061,0.8010417016219006,0.7247382403500546,0.8049851539303016,0.19702761602074242,0.22671332487486542,20260830,3,North America,260,160,V1-V10_financial_only
PONE2016_h3_target_North_America,20260727,KELM_risk_feature,triad,160,81,0.5673083085264505,"Same-horizon leave-one-region-out transfer; source regions=Asia,Europe; target region=North America; source-only fit/search/calibration; target labels untouched until final evaluation; V1-V10 financial ratios only.",OOF HistGB risk is a forced KELM input; no score-level fusion.,Platt_logistic_on_separate_calibration_partition,0.6584111444933165,0.4691358024691358,0.9240506329113924,0.8636363636363636,0.608,0.7392996108949417,0.5163043478260869,0.4402498826047599,0.575746356726486,0.696593217690264,0.0759493670886076,0.275,38.0,6.0,73.0,43.0,0.8155934787686656,0.7884044381934676,0.19319383256776085,0.5694958582511764,0.1236507410354823,0.27294726039688316,1.4536101851001415,,,,0.38271604938271603,0.5111111111111111,0.8164556962025317,0.9493670886075949,0.6842995169082126,0.8985714285714286,0.4202025144922081,0.5534505494505495,0.22569438666708946,0.45263776336007044,0.41422420634858587,0.5835073088321933,0.7192564779166365,0.8224461654873931,0.6936865135177372,0.8018752930145334,0.1903119326937136,0.22717689189208343,20260938,3,North America,260,160,V1-V10_financial_only
PONE2016_h3_target_North_America,20260727,KELM_risk_feature,cost_1,160,81,0.4082600603692679,"Same-horizon leave-one-region-out transfer; source regions=Asia,Europe; target region=North America; source-only fit/search/calibration; target labels untouched until final evaluation; V1-V10 financial ratios only.",OOF HistGB risk is a forced KELM input; no score-level fusion.,Platt_logistic_on_separate_calibration_partition,0.7531773608496143,0.8148148148148148,0.6962025316455697,0.7333333333333333,0.7719298245614035,0.7482993197278912,0.7971014492753623,0.515016831736881,0.6635474419196683,0.7555086732301922,0.3037974683544304,0.5625,66.0,24.0,55.0,15.0,0.8155934787686656,0.7884044381934676,0.19319383256776085,0.5694958582511764,0.1236507410354823,0.27294726039688316,1.4536101851001415,1.0,0.24375,0.24375,0.7679012345679012,0.8716049382716049,0.6379746835443039,0.7455696202531645,0.7109101123595505,0.756069200226886,0.7646739584203055,0.8340665820029027,0.4802297981842804,0.5369201529268567,0.6388637230789344,0.6800962344404838,0.7945820400389914,0.8348566291847094,0.7679793717768402,0.8137834036568213,0.18399189239424893,0.20093095457539126,20260938,3,North America,260,160,V1-V10_financial_only
PONE2016_h3_target_North_America,20260727,KELM_risk_feature,cost_2,160,81,0.4082600603692679,"Same-horizon leave-one-region-out transfer; source regions=Asia,Europe; target region=North America; source-only fit/search/calibration; target labels untouched until final evaluation; V1-V10 financial ratios only.",OOF HistGB risk is a forced KELM input; no score-level fusion.,Platt_logistic_on_separate_calibration_partition,0.7531773608496143,0.8148148148148148,0.6962025316455697,0.7333333333333333,0.7719298245614035,0.7482993197278912,0.7971014492753623,0.515016831736881,0.6635474419196683,0.7555086732301922,0.3037974683544304,0.5625,66.0,24.0,55.0,15.0,0.8155934787686656,0.7884044381934676,0.19319383256776085,0.5694958582511764,0.1236507410354823,0.27294726039688316,1.4536101851001415,2.0,0.3375,0.22406639004149378,0.8049382716049382,0.8765432098765432,0.6037974683544304,0.7569620253164557,0.6870737073707371,0.7863440860215053,0.7876982097186701,0.8568710249191951,0.46567252803786857,0.6375204539037854,0.619635790462002,0.7502268629542151,0.7783803252002677,0.8630394478688126,0.7607438662290983,0.8487107360525081,0.17197604687362766,0.20379314474605073,20260938,3,North America,260,160,V1-V10_financial_only
PONE2016_h3_target_North_America,20260727,KELM_risk_feature,cost_5,160,81,0.3710981818667592,"Same-horizon leave-one-region-out transfer; source regions=Asia,Europe; target region=North America; source-only fit/search/calibration; target labels untouched until final evaluation; V1-V10 financial ratios only.",OOF HistGB risk is a forced KELM input; no score-level fusion.,Platt_logistic_on_separate_calibration_partition,0.7093684695322275,0.8641975308641975,0.5822784810126582,0.6796116504854369,0.7608695652173914,0.7099391480730223,0.819672131147541,0.46612043717696117,0.6167094958104424,0.7232380059384278,0.4177215189873418,0.64375,70.0,33.0,46.0,11.0,0.8155934787686656,0.7884044381934676,0.19319383256776085,0.5694958582511764,0.1236507410354823,0.27294726039688316,1.4536101851001415,5.0,0.55,0.18181818181818182,0.828395061728395,0.9,0.4860759493670886,0.6151898734177215,0.6410776942355889,0.6889571768437748,0.7928591598425327,0.8333333333333334,0.3938453498680151,0.46194907088462284,0.5595864866330232,0.6160232422347052,0.789878227019207,0.8256375499259503,0.7496796374433505,0.7863103609939053,0.18989494817962724,0.20113983852139167,20260938,3,North America,260,160,V1-V10_financial_only
PONE2016_h3_target_North_America,20260727,KELM_risk_feature,cost_10,160,81,0.3710981818667592,"Same-horizon leave-one-region-out transfer; source regions=Asia,Europe; target region=North America; source-only fit/search/calibration; target labels untouched until final evaluation; V1-V10 financial ratios only.",OOF HistGB risk is a forced KELM input; no score-level fusion.,Platt_logistic_on_separate_calibration_partition,0.7093684695322275,0.8641975308641975,0.5822784810126582,0.6796116504854369,0.7608695652173914,0.7099391480730223,0.819672131147541,0.46612043717696117,0.6167094958104424,0.7232380059384278,0.4177215189873418,0.64375,70.0,33.0,46.0,11.0,0.8155934787686656,0.7884044381934676,0.19319383256776085,0.5694958582511764,0.1236507410354823,0.27294726039688316,1.4536101851001415,10.0,0.89375,0.1608548931383577,0.8395061728395061,0.9259259259259259,0.5329113924050632,0.5936708860759493,0.653882099209202,0.7002855659397715,0.7947654776008073,0.8698682005671565,0.4041280481950511,0.5522047679523795,0.569551399275639,0.6720561245905022,0.7738284307704925,0.8052840164745605,0.7548366932333177,0.8097984060009376,0.19179941004702156,0.20624028814132575,20260938,3,North America,260,160,V1-V10_financial_only
PONE2016_h3_target_North_America,20260727,KELM_risk_feature,cost_20,160,81,0.3710981818667592,"Same-horizon leave-one-region-out transfer; source regions=Asia,Europe; target region=North America; source-only fit/search/calibration; target labels untouched until final evaluation; V1-V10 financial ratios only.",OOF HistGB risk is a forced KELM input; no score-level fusion.,Platt_logistic_on_separate_calibration_partition,0.7093684695322275,0.8641975308641975,0.5822784810126582,0.6796116504854369,0.7608695652173914,0.7099391480730223,0.819672131147541,0.46612043717696117,0.6167094958104424,0.7232380059384278,0.4177215189873418,0.64375,70.0,33.0,46.0,11.0,0.8155934787686656,0.7884044381934676,0.19319383256776085,0.5694958582511764,0.1236507410354823,0.27294726039688316,1.4536101851001415,20.0,1.58125,0.1489111241907004,0.808641975308642,0.9012345679012346,0.4949367088607595,0.6392405063291139,0.6271017699115045,0.7117250673854447,0.7663496035788635,0.8474775158320472,0.3346621075265558,0.5219499603340727,0.5154638701677504,0.6614859216167109,0.7361932112861528,0.8498336458152775,0.706938584153774,0.8143147366776058,0.18271043124958902,0.21937110006970764,20260938,3,North America,260,160,V1-V10_financial_only
PONE2016_h3_target_North_America,20260727,Full_PBMSBAINGO,triad,160,81,0.765576468847028,"Same-horizon leave-one-region-out transfer; source regions=Asia,Europe; target region=North America; source-only fit/search/calibration; target labels untouched until final evaluation; V1-V10 financial ratios only.",Risk feature plus score fusion; alpha=0.70 selected only on search partition.,Platt_logistic_on_separate_calibration_partition,0.4023683597419086,0.1728395061728395,0.9367088607594937,0.7368421052631579,0.28,0.445859872611465,0.20408163265306123,0.16930726965015055,0.30151418619186426,0.5547741834661666,0.06329113924050633,0.11875,14.0,5.0,74.0,67.0,0.7345127202408558,0.7612126894827317,0.21391861882130686,0.6245970596980348,0.14143347782487167,0.49307148885201285,0.7518573091185498,,,,0.09382716049382715,0.25555555555555554,0.9126582278481012,0.9734177215189873,0.7,0.8657142857142858,0.11348541854344409,0.2945528656126482,0.10470116622658902,0.2687041739999164,0.21095970416844192,0.38659391209241767,0.7291145686850462,0.81614491918407,0.7446319737458977,0.831301765900922,0.17715021244484103,0.2273519650287012,20261034,3,North America,260,160,V1-V10_financial_only
PONE2016_h3_target_North_America,20260727,Full_PBMSBAINGO,cost_1,160,81,0.28947184936094106,"Same-horizon leave-one-region-out transfer; source regions=Asia,Europe; target region=North America; source-only fit/search/calibration; target labels untouched until final evaluation; V1-V10 financial ratios only.",Risk feature plus score fusion; alpha=0.70 selected only on search partition.,Platt_logistic_on_separate_calibration_partition,0.7211665984342982,0.7901234567901234,0.6582278481012658,0.7032967032967034,0.7441860465116279,0.7191011235955056,0.7710843373493976,0.45261532196297594,0.6174476656134897,0.7241756524456946,0.34177215189873417,0.56875,64.0,27.0,52.0,17.0,0.7345127202408558,0.7612126894827317,0.21391861882130686,0.6245970596980348,0.14143347782487167,0.49307148885201285,0.7518573091185498,1.0,0.275,0.275,0.7209876543209877,0.8024691358024691,0.6468354430379747,0.720253164556962,0.6957498778700537,0.7462774294670846,0.7163381739652926,0.7905623272624194,0.4024926682936971,0.5247546334574335,0.5824160794916506,0.6718742953200297,0.7138869082931424,0.7664205092944044,0.7426004063134863,0.7853570870448506,0.20562921785266516,0.23427471748115214,20261034,3,North America,260,160,V1-V10_financial_only
PONE2016_h3_target_North_America,20260727,Full_PBMSBAINGO,cost_2,160,81,0.28947184936094106,"Same-horizon leave-one-region-out transfer; source regions=Asia,Europe; target region=North America; source-only fit/search/calibration; target labels untouched until final evaluation; V1-V10 financial ratios only.",Risk feature plus score fusion; alpha=0.70 selected only on search partition.,Platt_logistic_on_separate_calibration_partition,0.7211665984342982,0.7901234567901234,0.6582278481012658,0.7032967032967034,0.7441860465116279,0.7191011235955056,0.7710843373493976,0.45261532196297594,0.6174476656134897,0.7241756524456946,0.34177215189873417,0.56875,64.0,27.0,52.0,17.0,0.7345127202408558,0.7612126894827317,0.21391861882130686,0.6245970596980348,0.14143347782487167,0.49307148885201285,0.7518573091185498,2.0,0.38125,0.25311203319502074,0.7246913580246913,0.8135802469135802,0.5873417721518988,0.7392405063291139,0.669047619047619,0.7588874680306905,0.71745707852519,0.793283924205379,0.3895265755146361,0.5418970886360872,0.571716689703172,0.6844951175685227,0.687684390459846,0.7741833212831819,0.7264572589467104,0.796171276761994,0.21249583321608836,0.22762833771867988,20261034,3,North America,260,160,V1-V10_financial_only
PONE2016_h3_target_North_America,20260727,Full_PBMSBAINGO,cost_5,160,81,0.2004151408411469,"Same-horizon leave-one-region-out transfer; source regions=Asia,Europe; target region=North America; source-only fit/search/calibration; target labels untouched until final evaluation; V1-V10 financial ratios only.",Risk feature plus score fusion; alpha=0.70 selected only on search partition.,Platt_logistic_on_separate_calibration_partition,0.7042833253344255,0.8518518518518519,0.5822784810126582,0.6764705882352942,0.7540983606557377,0.7055214723926381,0.8098591549295775,0.4515045213230094,0.6072753299531748,0.717065166432255,0.4177215189873418,0.6375,69.0,33.0,46.0,12.0,0.7345127202408558,0.7612126894827317,0.21391861882130686,0.6245970596980348,0.14143347782487167,0.49307148885201285,0.7518573091185498,5.0,0.58125,0.1921487603305785,0.8148148148148148,0.8753086419753087,0.520253164556962,0.640506329113924,0.6484276729559748,0.7008469324519727,0.7827388376153654,0.8292620782374881,0.4058339671802334,0.48975840883708566,0.5682263405484955,0.6346304500034572,0.7456516147529091,0.7628423809807724,0.7501797155805594,0.7813564619471791,0.20245992253539358,0.2219072736279299,20261034,3,North America,260,160,V1-V10_financial_only
PONE2016_h3_target_North_America,20260727,Full_PBMSBAINGO,cost_10,160,81,0.2004151408411469,"Same-horizon leave-one-region-out transfer; source regions=Asia,Europe; target region=North America; source-only fit/search/calibration; target labels untouched until final evaluation; V1-V10 financial ratios only.",Risk feature plus score fusion; alpha=0.70 selected only on search partition.,Platt_logistic_on_separate_calibration_partition,0.7042833253344255,0.8518518518518519,0.5822784810126582,0.6764705882352942,0.7540983606557377,0.7055214723926381,0.8098591549295775,0.4515045213230094,0.6072753299531748,0.717065166432255,0.4177215189873418,0.6375,69.0,33.0,46.0,12.0,0.7345127202408558,0.7612126894827317,0.21391861882130686,0.6245970596980348,0.14143347782487167,0.49307148885201285,0.7518573091185498,10.0,0.95625,0.172103487064117,0.7716049382716049,0.8518518518518519,0.5607594936708861,0.6582278481012658,0.6654322162985529,0.7165379213483146,0.7549286804447861,0.8204621848739495,0.42655198627460444,0.5148004947400228,0.5891002367286864,0.6586848464249355,0.7344431828833112,0.7667698018417903,0.7602906704172527,0.7827160493827159,0.2060056602792599,0.22424447119911536,20261034,3,North America,260,160,V1-V10_financial_only
PONE2016_h3_target_North_America,20260727,Full_PBMSBAINGO,cost_20,160,81,0.2004151408411469,"Same-horizon leave-one-region-out transfer; source regions=Asia,Europe; target region=North America; source-only fit/search/calibration; target labels untouched until final evaluation; V1-V10 financial ratios only.",Risk feature plus score fusion; alpha=0.70 selected only on search partition.,Platt_logistic_on_separate_calibration_partition,0.7042833253344255,0.8518518518518519,0.5822784810126582,0.6764705882352942,0.7540983606557377,0.7055214723926381,0.8098591549295775,0.4515045213230094,0.6072753299531748,0.717065166432255,0.4177215189873418,0.6375,69.0,33.0,46.0,12.0,0.7345127202408558,0.7612126894827317,0.21391861882130686,0.6245970596980348,0.14143347782487167,0.49307148885201285,0.7518573091185498,20.0,1.70625,0.16068275456150677,0.8172839506172839,0.9209876543209876,0.5126582278481013,0.6443037974683544,0.6581052631578947,0.7155576382380505,0.7812317931250841,0.8544722950872761,0.4050596844823017,0.5340561883013085,0.5728626218057186,0.6697256471080683,0.7107588134373068,0.8372854117470011,0.7260978277855914,0.8402406626035317,0.1787534613006434,0.22835366890550052,20261034,3,North America,260,160,V1-V10_financial_only
PONE2016_h3_target_North_America,20260727,Uncertainty_gated_fusion,triad,160,81,0.5673083085264505,"Same-horizon leave-one-region-out transfer; source regions=Asia,Europe; target region=North America; source-only fit/search/calibration; target labels untouched until final evaluation; V1-V10 financial ratios only.","One-standard-error paired-bootstrap gate selected KELM_risk_feature; search utility difference=-0.1046, required margin=0.1018.",Platt_logistic_on_separate_calibration_partition,0.6584111444933165,0.4691358024691358,0.9240506329113924,0.8636363636363636,0.608,0.7392996108949417,0.5163043478260869,0.4402498826047599,0.575746356726486,0.696593217690264,0.0759493670886076,0.275,38.0,6.0,73.0,43.0,0.8155934787686656,0.7884044381934676,0.19319383256776085,0.5694958582511764,0.1236507410354823,0.27294726039688316,1.4536101851001415,,,,0.4012345679012346,0.5432098765432098,0.9126582278481012,0.9481012658227848,0.8441692466460268,0.9136363636363636,0.44833650333605046,0.5909247311827958,0.38213275564531424,0.5324372941739489,0.5214301151423848,0.6490530223351085,0.7969299865140019,0.8367913667349122,0.7673855289889044,0.7987185497734021,0.1889883394089472,0.2008607871740895,20261080,3,North America,260,160,V1-V10_financial_only
PONE2016_h3_target_North_America,20260727,Uncertainty_gated_fusion,cost_1,160,81,0.4082600603692679,"Same-horizon leave-one-region-out transfer; source regions=Asia,Europe; target region=North America; source-only fit/search/calibration; target labels untouched until final evaluation; V1-V10 financial ratios only.","One-standard-error paired-bootstrap gate selected KELM_risk_feature; search utility difference=-0.1046, required margin=0.1018.",Platt_logistic_on_separate_calibration_partition,0.7531773608496143,0.8148148148148148,0.6962025316455697,0.7333333333333333,0.7719298245614035,0.7482993197278912,0.7971014492753623,0.515016831736881,0.6635474419196683,0.7555086732301922,0.3037974683544304,0.5625,66.0,24.0,55.0,15.0,0.8155934787686656,0.7884044381934676,0.19319383256776085,0.5694958582511764,0.1236507410354823,0.27294726039688316,1.4536101851001415,1.0,0.24375,0.24375,0.7679012345679012,0.8617283950617284,0.6734177215189874,0.7936708860759494,0.7274621212121213,0.8051146384479718,0.7665587918015102,0.8333333333333334,0.4923566165885225,0.6291643483788381,0.6481937280071176,0.7467627803694519,0.779219948836312,0.8378165822093233,0.7721518987341771,0.8160650101578372,0.18835449454060071,0.20275703427769756,20261080,3,North America,260,160,V1-V10_financial_only
PONE2016_h3_target_North_America,20260727,Uncertainty_gated_fusion,cost_2,160,81,0.4082600603692679,"Same-horizon leave-one-region-out transfer; source regions=Asia,Europe; target region=North America; source-only fit/search/calibration; target labels untouched until final evaluation; V1-V10 financial ratios only.","One-standard-error paired-bootstrap gate selected KELM_risk_feature; search utility difference=-0.1046, required margin=0.1018.",Platt_logistic_on_separate_calibration_partition,0.7531773608496143,0.8148148148148148,0.6962025316455697,0.7333333333333333,0.7719298245614035,0.7482993197278912,0.7971014492753623,0.515016831736881,0.6635474419196683,0.7555086732301922,0.3037974683544304,0.5625,66.0,24.0,55.0,15.0,0.8155934787686656,0.7884044381934676,0.19319383256776085,0.5694958582511764,0.1236507410354823,0.27294726039688316,1.4536101851001415,2.0,0.3375,0.22406639004149378,0.7666666666666666,0.8506172839506173,0.639240506329114,0.7329113924050633,0.705766492643569,0.755,0.75769368723099,0.8208839892849783,0.4663602221911529,0.5601300382536155,0.628932843952978,0.6960782538527076,0.7512217617634724,0.8519352137250507,0.7165182059696826,0.8308798249726519,0.18442563405367202,0.21881882758489185,20261080,3,North America,260,160,V1-V10_financial_only
PONE2016_h3_target_North_America,20260727,Uncertainty_gated_fusion,cost_5,160,81,0.3710981818667592,"Same-horizon leave-one-region-out transfer; source regions=Asia,Europe; target region=North America; source-only fit/search/calibration; target labels untouched until final evaluation; V1-V10 financial ratios only.","One-standard-error paired-bootstrap gate selected KELM_risk_feature; search utility difference=-0.1046, required margin=0.1018.",Platt_logistic_on_separate_calibration_partition,0.7093684695322275,0.8641975308641975,0.5822784810126582,0.6796116504854369,0.7608695652173914,0.7099391480730223,0.819672131147541,0.46612043717696117,0.6167094958104424,0.7232380059384278,0.4177215189873418,0.64375,70.0,33.0,46.0,11.0,0.8155934787686656,0.7884044381934676,0.19319383256776085,0.5694958582511764,0.1236507410354823,0.27294726039688316,1.4536101851001415,5.0,0.55,0.18181818181818182,0.7975308641975308,0.9,0.5481012658227848,0.6443037974683544,0.6629110512129379,0.7195686274509804,0.7720428308515978,0.8560324209407388,0.42902150131463285,0.5551648823217319,0.5889370866016088,0.6817434423783303,0.7871777710549062,0.8874695615672964,0.7530864197530863,0.8472573839662448,0.17078969609309408,0.20499679213392977,20261080,3,North America,260,160,V1-V10_financial_only
PONE2016_h3_target_North_America,20260727,Uncertainty_gated_fusion,cost_10,160,81,0.3710981818667592,"Same-horizon leave-one-region-out transfer; source regions=Asia,Europe; target region=North America; source-only fit/search/calibration; target labels untouched until final evaluation; V1-V10 financial ratios only.","One-standard-error paired-bootstrap gate selected KELM_risk_feature; search utility difference=-0.1046, required margin=0.1018.",Platt_logistic_on_separate_calibration_partition,0.7093684695322275,0.8641975308641975,0.5822784810126582,0.6796116504854369,0.7608695652173914,0.7099391480730223,0.819672131147541,0.46612043717696117,0.6167094958104424,0.7232380059384278,0.4177215189873418,0.64375,70.0,33.0,46.0,11.0,0.8155934787686656,0.7884044381934676,0.19319383256776085,0.5694958582511764,0.1236507410354823,0.27294726039688316,1.4536101851001415,10.0,0.89375,0.1608548931383577,0.8271604938271605,0.8641975308641975,0.49240506329113926,0.6316455696202532,0.6361950185479597,0.6971971649484535,0.79591392376428,0.8208045442466118,0.38277788343506425,0.4772059442378825,0.5458273188606642,0.6263971656122559,0.7662202431886925,0.8216790969298002,0.7424285044538209,0.7814345991561181,0.19392747954565978,0.20785647160443324,20261080,3,North America,260,160,V1-V10_financial_only
PONE2016_h3_target_North_America,20260727,Uncertainty_gated_fusion,cost_20,160,81,0.3710981818667592,"Same-horizon leave-one-region-out transfer; source regions=Asia,Europe; target region=North America; source-only fit/search/calibration; target labels untouched until final evaluation; V1-V10 financial ratios only.","One-standard-error paired-bootstrap gate selected KELM_risk_feature; search utility difference=-0.1046, required margin=0.1018.",Platt_logistic_on_separate_calibration_partition,0.7093684695322275,0.8641975308641975,0.5822784810126582,0.6796116504854369,0.7608695652173914,0.7099391480730223,0.819672131147541,0.46612043717696117,0.6167094958104424,0.7232380059384278,0.4177215189873418,0.64375,70.0,33.0,46.0,11.0,0.8155934787686656,0.7884044381934676,0.19319383256776085,0.5694958582511764,0.1236507410354823,0.27294726039688316,1.4536101851001415,20.0,1.58125,0.1489111241907004,0.8407407407407407,0.8864197530864197,0.4949367088607595,0.7,0.6305555555555555,0.7521052631578947,0.7881944444444445,0.8558168595487908,0.3583147385714086,0.5976753042317872,0.530248462658028,0.718315931354781,0.7714460529841457,0.85553555075641,0.7477418346616659,0.8434599156118142,0.1798089890136639,0.20609805460832542,20261080,3,North America,260,160,V1-V10_financial_only
PONE2016_h3_target_North_America,20260727,Full_random_search,triad,160,81,0.6110624355046033,"Same-horizon leave-one-region-out transfer; source regions=Asia,Europe; target region=North America; source-only fit/search/calibration; target labels untouched until final evaluation; V1-V10 financial ratios only.",Same full architecture and 81 evaluations as PBMSBAINGO; alpha=0.50.,Platt_logistic_on_separate_calibration_partition,0.6484862824371399,0.48148148148148145,0.8734177215189873,0.7959183673469388,0.6,0.703971119133574,0.5227882037533512,0.3849475409789841,0.5450057017050974,0.6774496015002344,0.12658227848101267,0.30625,39.0,10.0,69.0,42.0,0.6895285007140919,0.7394905453977184,0.2189980816863834,0.6310829288165347,0.12651181979621848,0.42605585691986236,0.8412369392109856,,,,0.4839506172839506,0.5296296296296297,0.850632911392405,0.9227848101265823,0.7844055944055944,0.8657142857142858,0.5307172829792814,0.5668543578062772,0.40085969213087297,0.46523581142650267,0.5652201508531887,0.6030686676710068,0.6911868025840168,0.7832024669690749,0.7302234724175652,0.8069542115955617,0.19398535684395762,0.22483495666397332,20261128,3,North America,260,160,V1-V10_financial_only
PONE2016_h3_target_North_America,20260727,Full_random_search,cost_1,160,81,0.34018928852063,"Same-horizon leave-one-region-out transfer; source regions=Asia,Europe; target region=North America; source-only fit/search/calibration; target labels untouched until final evaluation; V1-V10 financial ratios only.",Same full architecture and 81 evaluations as PBMSBAINGO; alpha=0.50.,Platt_logistic_on_separate_calibration_partition,0.6687730436898939,0.6666666666666666,0.6708860759493671,0.675,0.6708074534161491,0.6733167082294265,0.6683168316831684,0.33752637027780713,0.5324617429546186,0.6687763713080168,0.3291139240506329,0.5,54.0,26.0,53.0,27.0,0.6895285007140919,0.7394905453977184,0.2189980816863834,0.6310829288165347,0.12651181979621848,0.42605585691986236,0.8412369392109856,1.0,0.33125,0.33125,0.6172839506172839,0.662962962962963,0.549367088607595,0.7316455696202532,0.6009756097560975,0.7027217358203273,0.617478331358733,0.6510268734979244,0.21230554434826768,0.35225305322705086,0.42586211165608595,0.5421941938434676,0.6390088028067952,0.6906088469045008,0.6752617596499453,0.7394749179559305,0.22586184177099583,0.24033880007213465,20261128,3,North America,260,160,V1-V10_financial_only
PONE2016_h3_target_North_America,20260727,Full_random_search,cost_2,160,81,0.34018928852063,"Same-horizon leave-one-region-out transfer; source regions=Asia,Europe; target region=North America; source-only fit/search/calibration; target labels untouched until final evaluation; V1-V10 financial ratios only.",Same full architecture and 81 evaluations as PBMSBAINGO; alpha=0.50.,Platt_logistic_on_separate_calibration_partition,0.6687730436898939,0.6666666666666666,0.6708860759493671,0.675,0.6708074534161491,0.6733167082294265,0.6683168316831684,0.33752637027780713,0.5324617429546186,0.6687763713080168,0.3291139240506329,0.5,54.0,26.0,53.0,27.0,0.6895285007140919,0.7394905453977184,0.2189980816863834,0.6310829288165347,0.12651181979621848,0.42605585691986236,0.8412369392109856,2.0,0.5,0.33195020746887965,0.6074074074074074,0.7432098765432099,0.5848101265822785,0.7772151898734176,0.6127833572453372,0.7719017094017094,0.6196260635915809,0.7481067568561136,0.22593598550815314,0.515755937166023,0.43907631863249375,0.6656264607401611,0.6445264519960557,0.8115487545376068,0.671104860134396,0.831161118924832,0.18123416902266032,0.24438252084742665,20261128,3,North America,260,160,V1-V10_financial_only
PONE2016_h3_target_North_America,20260727,Full_random_search,cost_5,160,81,0.21011607845430502,"Same-horizon leave-one-region-out transfer; source regions=Asia,Europe; target region=North America; source-only fit/search/calibration; target labels untouched until final evaluation; V1-V10 financial ratios only.",Same full architecture and 81 evaluations as PBMSBAINGO; alpha=0.50.,Platt_logistic_on_separate_calibration_partition,0.6437699559717804,0.8395061728395061,0.4936708860759494,0.6296296296296297,0.7195767195767195,0.6627680311890838,0.7870370370370371,0.35564572748335344,0.5282339802670666,0.6665885294577277,0.5063291139240507,0.675,68.0,40.0,39.0,13.0,0.6895285007140919,0.7394905453977184,0.2189980816863834,0.6310829288165347,0.12651181979621848,0.42605585691986236,0.8412369392109856,5.0,0.65625,0.21694214876033058,0.7802469135802469,0.8506172839506173,0.4481012658227848,0.5772151898734177,0.6114622840286557,0.6700915374556324,0.7443896512292739,0.7990697674418605,0.31251068239552626,0.431275495932562,0.49636540545865193,0.5929036691608089,0.6669461260007078,0.7797034090682307,0.6986872948898265,0.8054227223003594,0.18744829169728602,0.24088700928702184,20261128,3,North America,260,160,V1-V10_financial_only
PONE2016_h3_target_North_America,20260727,Full_random_search,cost_10,160,81,0.21011607845430502,"Same-horizon leave-one-region-out transfer; source regions=Asia,Europe; target region=North America; source-only fit/search/calibration; target labels untouched until final evaluation; V1-V10 financial ratios only.",Same full architecture and 81 evaluations as PBMSBAINGO; alpha=0.50.,Platt_logistic_on_separate_calibration_partition,0.6437699559717804,0.8395061728395061,0.4936708860759494,0.6296296296296297,0.7195767195767195,0.6627680311890838,0.7870370370370371,0.35564572748335344,0.5282339802670666,0.6665885294577277,0.5063291139240507,0.675,68.0,40.0,39.0,13.0,0.6895285007140919,0.7394905453977184,0.2189980816863834,0.6310829288165347,0.12651181979621848,0.42605585691986236,0.8412369392109856,10.0,1.0625,0.19122609673790777,0.8296296296296296,0.9098765432098765,0.48227848101265824,0.5683544303797469,0.6225535168195718,0.6749175824175825,0.7785241433021807,0.8430245553533224,0.3358137188651615,0.4676717417191819,0.5127740770046227,0.6137933688870406,0.685786951724693,0.7445488285117031,0.7605094546022815,0.7900922019065478,0.19843497237301924,0.22288165606186097,20261128,3,North America,260,160,V1-V10_financial_only
PONE2016_h3_target_North_America,20260727,Full_random_search,cost_20,160,81,0.21011607845430502,"Same-horizon leave-one-region-out transfer; source regions=Asia,Europe; target region=North America; source-only fit/search/calibration; target labels untouched until final evaluation; V1-V10 financial ratios only.",Same full architecture and 81 evaluations as PBMSBAINGO; alpha=0.50.,Platt_logistic_on_separate_calibration_partition,0.6437699559717804,0.8395061728395061,0.4936708860759494,0.6296296296296297,0.7195767195767195,0.6627680311890838,0.7870370370370371,0.35564572748335344,0.5282339802670666,0.6665885294577277,0.5063291139240507,0.675,68.0,40.0,39.0,13.0,0.6895285007140919,0.7394905453977184,0.2189980816863834,0.6310829288165347,0.12651181979621848,0.42605585691986236,0.8412369392109856,20.0,1.875,0.17657445556209536,0.7802469135802469,0.8987654320987655,0.37468354430379747,0.5050632911392405,0.5877322010766548,0.6502435064935065,0.7358968975597151,0.8340855282627997,0.2595202150450042,0.43878928009796253,0.45065124880992574,0.5836721038005759,0.6098152899777267,0.7007768253082537,0.6522112830129708,0.7455696202531645,0.21027832825863715,0.24771245290900915,20261128,3,North America,260,160,V1-V10_financial_only
PONE2016_h3_target_North_America,20260727,Balanced_logistic,triad,160,81,0.5167721991019103,"Same-horizon leave-one-region-out transfer; source regions=Asia,Europe; target region=North America; source-only fit/search/calibration; target labels untouched until final evaluation; V1-V10 financial ratios only.",Class-weighted logistic reference using the same source-only fit/search/calibration and untouched regional target.,Platt_logistic_on_separate_calibration_partition,0.6260481131969857,0.4074074074074074,0.9620253164556962,0.9166666666666666,0.5641025641025641,0.7333333333333333,0.4583333333333333,0.44231261326378085,0.5575899216841782,0.6847163619315518,0.0379746835443038,0.225,33.0,3.0,76.0,48.0,0.8164975790582474,0.7718393498984216,0.2040001411563545,0.5934143676695351,0.11345593033556048,0.6525097540391399,1.614943241752668,,,,0.3617283950617284,0.5037037037037038,0.9240506329113924,0.9860759493670886,0.8323809523809524,0.9676470588235294,0.4082024867337888,0.5542042241074584,0.35212039572217313,0.5200613168278887,0.490761711305949,0.6294696229182786,0.7804804236054416,0.8228800989751035,0.708782622284732,0.7883575558681043,0.19507748979928985,0.2187978822443091,20262028,3,North America,260,160,V1-V10_financial_only
PONE2016_h3_target_North_America,20260727,Balanced_logistic,cost_1,160,81,0.43851005548916033,"Same-horizon leave-one-region-out transfer; source regions=Asia,Europe; target region=North America; source-only fit/search/calibration; target labels untouched until final evaluation; V1-V10 financial ratios only.",Class-weighted logistic reference using the same source-only fit/search/calibration and untouched regional target.,Platt_logistic_on_separate_calibration_partition,0.6991611968078161,0.5679012345679012,0.8607594936708861,0.8070175438596491,0.6666666666666666,0.7443365695792881,0.6036745406824147,0.4475213017768304,0.602544947114762,0.7143303641193937,0.13924050632911392,0.35625,46.0,11.0,68.0,35.0,0.8164975790582474,0.7718393498984216,0.2040001411563545,0.5934143676695351,0.11345593033556048,0.6525097540391399,1.614943241752668,1.0,0.2875,0.2875,0.43827160493827155,0.5901234567901235,0.8354430379746836,0.9164556962025316,0.732175925925926,0.8793103448275862,0.4765785861358957,0.631637995512341,0.2988200225640834,0.5348963819676469,0.478545709679982,0.6611876922861517,0.7614969682519916,0.8504307309186541,0.7134083450539146,0.822737927801219,0.19074730406971072,0.22084775880857227,20262028,3,North America,260,160,V1-V10_financial_only
PONE2016_h3_target_North_America,20260727,Balanced_logistic,cost_2,160,81,0.43851005548916033,"Same-horizon leave-one-region-out transfer; source regions=Asia,Europe; target region=North America; source-only fit/search/calibration; target labels untouched until final evaluation; V1-V10 financial ratios only.",Class-weighted logistic reference using the same source-only fit/search/calibration and untouched regional target.,Platt_logistic_on_separate_calibration_partition,0.6991611968078161,0.5679012345679012,0.8607594936708861,0.8070175438596491,0.6666666666666666,0.7443365695792881,0.6036745406824147,0.4475213017768304,0.602544947114762,0.7143303641193937,0.13924050632911392,0.35625,46.0,11.0,68.0,35.0,0.8164975790582474,0.7718393498984216,0.2040001411563545,0.5934143676695351,0.11345593033556048,0.6525097540391399,1.614943241752668,2.0,0.50625,0.3360995850622407,0.5567901234567901,0.6728395061728395,0.7772151898734178,0.8987341772151899,0.7225672877846792,0.8566137566137566,0.5841023748000492,0.6947060573014772,0.3510151954489168,0.5141660931326701,0.5347204348371067,0.6558680110678609,0.7900578088613156,0.8535755560493289,0.7310048445069542,0.8260822003438038,0.18487454242780418,0.21443790790828762,20262028,3,North America,260,160,V1-V10_financial_only
PONE2016_h3_target_North_America,20260727,Balanced_logistic,cost_5,160,81,0.387172926070153,"Same-horizon leave-one-region-out transfer; source regions=Asia,Europe; target region=North America; source-only fit/search/calibration; target labels untouched until final evaluation; V1-V10 financial ratios only.",Class-weighted logistic reference using the same source-only fit/search/calibration and untouched regional target.,Platt_logistic_on_separate_calibration_partition,0.712446004457231,0.691358024691358,0.7341772151898734,0.7272727272727273,0.7088607594936709,0.7197943444730077,0.6982543640897756,0.42580149064395034,0.6001185196480083,0.7127676199406157,0.26582278481012656,0.48125,56.0,21.0,58.0,25.0,0.8164975790582474,0.7718393498984216,0.2040001411563545,0.5934143676695351,0.11345593033556048,0.6525097540391399,1.614943241752668,5.0,0.9125,0.30165289256198347,0.6580246913580247,0.8012345679012346,0.6544303797468355,0.8075949367088607,0.6635555555555556,0.8016367137355584,0.6590643274853801,0.7986829585556505,0.3150715031519272,0.5850627066296833,0.5139033628654203,0.7161531194928425,0.7477470469914294,0.8554534140296236,0.7186435380528207,0.8217065166432255,0.1895619815638477,0.2189371986842739,20262028,3,North America,260,160,V1-V10_financial_only
PONE2016_h3_target_North_America,20260727,Balanced_logistic,cost_10,160,81,0.387172926070153,"Same-horizon leave-one-region-out transfer; source regions=Asia,Europe; target region=North America; source-only fit/search/calibration; target labels untouched until final evaluation; V1-V10 financial ratios only.",Class-weighted logistic reference using the same source-only fit/search/calibration and untouched regional target.,Platt_logistic_on_separate_calibration_partition,0.712446004457231,0.691358024691358,0.7341772151898734,0.7272727272727273,0.7088607594936709,0.7197943444730077,0.6982543640897756,0.42580149064395034,0.6001185196480083,0.7127676199406157,0.26582278481012656,0.48125,56.0,21.0,58.0,25.0,0.8164975790582474,0.7718393498984216,0.2040001411563545,0.5934143676695351,0.11345593033556048,0.6525097540391399,1.614943241752668,10.0,1.69375,0.3048368953880765,0.6419753086419753,0.7135802469135802,0.6481012658227848,0.7468354430379747,0.6525324675324675,0.742914979757085,0.644045826028987,0.7192537313432836,0.29134254571138246,0.46056482862056325,0.4951659532079711,0.6260994199294171,0.7614863875225095,0.832029537059377,0.7018752930145336,0.7914674167838723,0.19520915358271762,0.22001097792270286,20262028,3,North America,260,160,V1-V10_financial_only
PONE2016_h3_target_North_America,20260727,Balanced_logistic,cost_20,160,81,0.387172926070153,"Same-horizon leave-one-region-out transfer; source regions=Asia,Europe; target region=North America; source-only fit/search/calibration; target labels untouched until final evaluation; V1-V10 financial ratios only.",Class-weighted logistic reference using the same source-only fit/search/calibration and untouched regional target.,Platt_logistic_on_separate_calibration_partition,0.712446004457231,0.691358024691358,0.7341772151898734,0.7272727272727273,0.7088607594936709,0.7197943444730077,0.6982543640897756,0.42580149064395034,0.6001185196480083,0.7127676199406157,0.26582278481012656,0.48125,56.0,21.0,58.0,25.0,0.8164975790582474,0.7718393498984216,0.2040001411563545,0.5934143676695351,0.11345593033556048,0.6525097540391399,1.614943241752668,20.0,3.25625,0.30665097115950557,0.691358024691358,0.774074074074074,0.7468354430379747,0.830379746835443,0.7381578947368421,0.8120405358983167,0.700528967254408,0.7725332878115397,0.44263358172515255,0.5532149499755505,0.6123974349296009,0.6914055956985875,0.8224248115942575,0.8461092402094438,0.7785904047507424,0.8090170339115487,0.1927349824976828,0.20257169428315633,20262028,3,North America,260,160,V1-V10_financial_only
