dataset,seed,method,policy,test_n,test_positive,threshold,design,selection_note,calibration,gmean,sensitivity,specificity,precision,f1,f05,f2,mcc,triad_score,balanced_accuracy,fpr,predicted_positive_rate,tp,fp,tn,fn,ap,auc,brier,log_loss,ece_10,calibration_intercept,calibration_slope,relative_cost_ratio,cost_per_observation,normalized_cost,sensitivity_ci_low,sensitivity_ci_high,specificity_ci_low,specificity_ci_high,precision_ci_low,precision_ci_high,f2_ci_low,f2_ci_high,mcc_ci_low,mcc_ci_high,triad_score_ci_low,triad_score_ci_high,ap_ci_low,ap_ci_high,auc_ci_low,auc_ci_high,brier_ci_low,brier_ci_high,model_seed,horizon,target_region,source_n,target_n,feature_set
PONE2016_h1_target_Asia,20260727,HistGB,triad,96,48,0.912513662804852,"Same-horizon leave-one-region-out transfer; source regions=Europe,North America; target region=Asia; source-only fit/search/calibration; target labels untouched until final evaluation; V1-V10 financial ratios only.",No metaheuristic; threshold and Platt calibration use calibration partition.,Platt_logistic_on_separate_calibration_partition,0.7822909731466078,0.625,0.9791666666666666,0.967741935483871,0.759493670886076,0.872093023255814,0.672645739910314,0.6460415830634638,0.7339486965277799,0.8020833333333333,0.020833333333333332,0.3229166666666667,30.0,1.0,47.0,18.0,0.9494823313405836,0.9396701388888888,0.10313829883689467,0.3404948699175872,0.10136757739892482,0.011800200139581224,1.034502923305926,,,,0.5645833333333333,0.7083333333333334,0.9395833333333333,1.0,0.9205754141238013,1.0,0.618142936837538,0.7512269583027398,0.6025912919837932,0.732827535942887,0.7036660805810598,0.8019258362900804,0.9053896251096236,0.9621712611496921,0.8877604166666667,0.9532552083333332,0.09996725408926928,0.14799054465684644,20260727,1,Asia,342,96,V1-V10_financial_only
PONE2016_h1_target_Asia,20260727,HistGB,cost_1,96,48,0.6967375898246699,"Same-horizon leave-one-region-out transfer; source regions=Europe,North America; target region=Asia; source-only fit/search/calibration; target labels untouched until final evaluation; V1-V10 financial ratios only.",No metaheuristic; threshold and Platt calibration use calibration partition.,Platt_logistic_on_separate_calibration_partition,0.8640183897219884,0.8333333333333334,0.8958333333333334,0.8888888888888888,0.8602150537634409,0.8771929824561403,0.8438818565400844,0.7305950062660077,0.8170354314983949,0.8645833333333334,0.10416666666666667,0.46875,40.0,5.0,43.0,8.0,0.9494823313405836,0.9396701388888888,0.10313829883689467,0.3404948699175872,0.10136757739892482,0.011800200139581224,1.034502923305926,1.0,0.13541666666666666,0.13541666666666666,0.7770833333333333,0.8916666666666667,0.85625,0.9166666666666666,0.8529139685476411,0.9136481577581733,0.7982742830463123,0.8957578847438556,0.6883772580681775,0.8064739321428467,0.7881743157712537,0.8696183983042898,0.9347176624462449,0.9725090567890764,0.9275173611111112,0.9620225694444445,0.08102588729895366,0.11302547414214997,20260727,1,Asia,342,96,V1-V10_financial_only
PONE2016_h1_target_Asia,20260727,HistGB,cost_2,96,48,0.6967375898246699,"Same-horizon leave-one-region-out transfer; source regions=Europe,North America; target region=Asia; source-only fit/search/calibration; target labels untouched until final evaluation; V1-V10 financial ratios only.",No metaheuristic; threshold and Platt calibration use calibration partition.,Platt_logistic_on_separate_calibration_partition,0.8640183897219884,0.8333333333333334,0.8958333333333334,0.8888888888888888,0.8602150537634409,0.8771929824561403,0.8438818565400844,0.7305950062660077,0.8170354314983949,0.8645833333333334,0.10416666666666667,0.46875,40.0,5.0,43.0,8.0,0.9494823313405836,0.9396701388888888,0.10313829883689467,0.3404948699175872,0.10136757739892482,0.011800200139581224,1.034502923305926,2.0,0.21875,0.14583333333333334,0.8333333333333334,0.9125,0.8208333333333333,0.9583333333333334,0.82405557967868,0.9563241106719368,0.8323580522750648,0.9209158239567014,0.6584762473333526,0.8718086861364517,0.7677156624456329,0.9135123314681144,0.9362042649514731,0.988627836560072,0.9104600694444445,0.9855902777777777,0.05063659711199161,0.14469305646851072,20260727,1,Asia,342,96,V1-V10_financial_only
PONE2016_h1_target_Asia,20260727,HistGB,cost_5,96,48,0.09839109526294543,"Same-horizon leave-one-region-out transfer; source regions=Europe,North America; target region=Asia; source-only fit/search/calibration; target labels untouched until final evaluation; V1-V10 financial ratios only.",No metaheuristic; threshold and Platt calibration use calibration partition.,Platt_logistic_on_separate_calibration_partition,0.6846531968814576,0.9375,0.5,0.6521739130434783,0.7692307692307693,0.6944444444444444,0.8620689655172413,0.48653363279984113,0.6109674162707742,0.71875,0.5,0.71875,45.0,24.0,24.0,3.0,0.9494823313405836,0.9396701388888888,0.10313829883689467,0.3404948699175872,0.10136757739892482,0.011800200139581224,1.034502923305926,5.0,0.40625,0.13541666666666666,0.91875,0.9770833333333333,0.42291666666666666,0.6020833333333333,0.6142857142857143,0.7106060606060607,0.8358778625954199,0.9089147286821705,0.393290884607625,0.6247585392159377,0.534493672735413,0.7162931294902076,0.9155996804231553,0.979310231619143,0.8977430555555556,0.9758246527777777,0.07404353264610652,0.14247109008953093,20260727,1,Asia,342,96,V1-V10_financial_only
PONE2016_h1_target_Asia,20260727,HistGB,cost_10,96,48,0.09839109526294543,"Same-horizon leave-one-region-out transfer; source regions=Europe,North America; target region=Asia; source-only fit/search/calibration; target labels untouched until final evaluation; V1-V10 financial ratios only.",No metaheuristic; threshold and Platt calibration use calibration partition.,Platt_logistic_on_separate_calibration_partition,0.6846531968814576,0.9375,0.5,0.6521739130434783,0.7692307692307693,0.6944444444444444,0.8620689655172413,0.48653363279984113,0.6109674162707742,0.71875,0.5,0.71875,45.0,24.0,24.0,3.0,0.9494823313405836,0.9396701388888888,0.10313829883689467,0.3404948699175872,0.10136757739892482,0.011800200139581224,1.034502923305926,10.0,0.5625,0.10227272727272728,0.9166666666666666,0.9583333333333334,0.4395833333333333,0.58125,0.6253571428571428,0.6959294436906378,0.8400163785791582,0.8911286701984377,0.4230351272494032,0.5825916334329455,0.5617855722875764,0.6871893941543903,0.931719411913358,0.9594950600481637,0.9158420138888889,0.9555555555555556,0.0855752993840052,0.1356661840671485,20260727,1,Asia,342,96,V1-V10_financial_only
PONE2016_h1_target_Asia,20260727,HistGB,cost_20,96,48,0.09839109526294543,"Same-horizon leave-one-region-out transfer; source regions=Europe,North America; target region=Asia; source-only fit/search/calibration; target labels untouched until final evaluation; V1-V10 financial ratios only.",No metaheuristic; threshold and Platt calibration use calibration partition.,Platt_logistic_on_separate_calibration_partition,0.6846531968814576,0.9375,0.5,0.6521739130434783,0.7692307692307693,0.6944444444444444,0.8620689655172413,0.48653363279984113,0.6109674162707742,0.71875,0.5,0.71875,45.0,24.0,24.0,3.0,0.9494823313405836,0.9396701388888888,0.10313829883689467,0.3404948699175872,0.10136757739892482,0.011800200139581224,1.034502923305926,20.0,0.875,0.08333333333333333,0.8979166666666667,0.95625,0.36875,0.6395833333333334,0.5921791044776119,0.7184110970996217,0.8245846167194482,0.8776249740101584,0.3379162518880258,0.5815982811692771,0.4841963251045439,0.6990745959616816,0.929528858499532,0.9671381119568928,0.9078993055555555,0.957421875,0.0864660681120632,0.13336110347337893,20260727,1,Asia,342,96,V1-V10_financial_only
PONE2016_h1_target_Asia,20260727,KELM_PBMSBAINGO,triad,96,48,0.8994312477725885,"Same-horizon leave-one-region-out transfer; source regions=Europe,North America; target region=Asia; source-only fit/search/calibration; target labels untouched until final evaluation; V1-V10 financial ratios only.",Plain KELM; hyperparameters/features selected only on search partition.,Platt_logistic_on_separate_calibration_partition,0.7421463804398698,0.5625,0.9791666666666666,0.9642857142857143,0.7105263157894737,0.84375,0.6136363636363636,0.5958540230683373,0.6897732389653396,0.7708333333333333,0.020833333333333332,0.2916666666666667,27.0,1.0,47.0,21.0,0.9452957206502607,0.9388020833333334,0.10065145704053191,0.31627874958782254,0.05745614743399246,-0.27089567789140984,1.0569057874111707,,,,0.5416666666666666,0.6979166666666667,0.9583333333333334,0.9791666666666666,0.9292626728110599,0.9629629629629629,0.5911789124117891,0.736075053103611,0.5529378589666437,0.6798260345059921,0.6601060828122404,0.7688052250861337,0.935513907791282,0.9527034674086178,0.9207465277777778,0.9477864583333333,0.09858244103974695,0.11138453174943959,20260828,1,Asia,342,96,V1-V10_financial_only
PONE2016_h1_target_Asia,20260727,KELM_PBMSBAINGO,cost_1,96,48,0.4884552291865194,"Same-horizon leave-one-region-out transfer; source regions=Europe,North America; target region=Asia; source-only fit/search/calibration; target labels untouched until final evaluation; V1-V10 financial ratios only.",Plain KELM; hyperparameters/features selected only on search partition.,Platt_logistic_on_separate_calibration_partition,0.8541666666666666,0.8541666666666666,0.8541666666666666,0.8541666666666666,0.8541666666666666,0.8541666666666666,0.8541666666666666,0.7083333333333334,0.8024924825455735,0.8541666666666666,0.14583333333333334,0.5,41.0,7.0,41.0,7.0,0.9452957206502607,0.9388020833333334,0.10065145704053191,0.31627874958782254,0.05745614743399246,-0.27089567789140984,1.0569057874111707,1.0,0.14583333333333334,0.14583333333333334,0.8354166666666667,0.8958333333333334,0.7333333333333333,0.93125,0.7588749126484976,0.9263914656771799,0.8211136306374401,0.8903029382990926,0.5762128219113354,0.792086985490664,0.7078252036036116,0.8585907413929489,0.9180444425607845,0.9683688978033718,0.8907118055555555,0.9658420138888888,0.07890474458644658,0.14817863847270818,20260828,1,Asia,342,96,V1-V10_financial_only
PONE2016_h1_target_Asia,20260727,KELM_PBMSBAINGO,cost_2,96,48,0.17143366131137835,"Same-horizon leave-one-region-out transfer; source regions=Europe,North America; target region=Asia; source-only fit/search/calibration; target labels untouched until final evaluation; V1-V10 financial ratios only.",Plain KELM; hyperparameters/features selected only on search partition.,Platt_logistic_on_separate_calibration_partition,0.7282732622061889,0.9791666666666666,0.5416666666666666,0.6811594202898551,0.8034188034188035,0.7253086419753086,0.9003831417624522,0.5792067057140966,0.6747467024452576,0.7604166666666666,0.4583333333333333,0.71875,47.0,22.0,26.0,1.0,0.9452957206502607,0.9388020833333334,0.10065145704053191,0.31627874958782254,0.05745614743399246,-0.27089567789140984,1.0569057874111707,2.0,0.25,0.16666666666666666,0.9604166666666667,0.9979166666666667,0.3875,0.6583333333333333,0.616017316017316,0.7411255411255412,0.8753926399815568,0.9203208556149732,0.45774357091520423,0.6714804786194188,0.5579190233415394,0.755480334800374,0.8878292773552261,0.9688467674371941,0.8630642361111112,0.965407986111111,0.07992061339982699,0.157403735812108,20260828,1,Asia,342,96,V1-V10_financial_only
PONE2016_h1_target_Asia,20260727,KELM_PBMSBAINGO,cost_5,96,48,0.17143366131137835,"Same-horizon leave-one-region-out transfer; source regions=Europe,North America; target region=Asia; source-only fit/search/calibration; target labels untouched until final evaluation; V1-V10 financial ratios only.",Plain KELM; hyperparameters/features selected only on search partition.,Platt_logistic_on_separate_calibration_partition,0.7282732622061889,0.9791666666666666,0.5416666666666666,0.6811594202898551,0.8034188034188035,0.7253086419753086,0.9003831417624522,0.5792067057140966,0.6747467024452576,0.7604166666666666,0.4583333333333333,0.71875,47.0,22.0,26.0,1.0,0.9452957206502607,0.9388020833333334,0.10065145704053191,0.31627874958782254,0.05745614743399246,-0.27089567789140984,1.0569057874111707,5.0,0.28125,0.09375,0.9583333333333334,0.9791666666666666,0.39375,0.6395833333333334,0.6180073657685597,0.7306344696969697,0.8750484419629402,0.9165564903846154,0.4567242847078582,0.6562067489329833,0.5591959729389743,0.7425538772205262,0.9017950249991938,0.9654536066309429,0.8940972222222223,0.9569878472222223,0.08335934656102865,0.140729432603661,20260828,1,Asia,342,96,V1-V10_financial_only
PONE2016_h1_target_Asia,20260727,KELM_PBMSBAINGO,cost_10,96,48,0.17143366131137835,"Same-horizon leave-one-region-out transfer; source regions=Europe,North America; target region=Asia; source-only fit/search/calibration; target labels untouched until final evaluation; V1-V10 financial ratios only.",Plain KELM; hyperparameters/features selected only on search partition.,Platt_logistic_on_separate_calibration_partition,0.7282732622061889,0.9791666666666666,0.5416666666666666,0.6811594202898551,0.8034188034188035,0.7253086419753086,0.9003831417624522,0.5792067057140966,0.6747467024452576,0.7604166666666666,0.4583333333333333,0.71875,47.0,22.0,26.0,1.0,0.9452957206502607,0.9388020833333334,0.10065145704053191,0.31627874958782254,0.05745614743399246,-0.27089567789140984,1.0569057874111707,10.0,0.3333333333333333,0.06060606060606061,0.9791666666666666,1.0,0.48125,0.6645833333333333,0.6541666666666667,0.7448660714285714,0.8920454545454546,0.921365787694388,0.5340489990004038,0.6781863370488239,0.6317740527846681,0.7613448501620614,0.9062981623188123,0.9572157053974918,0.892578125,0.95390625,0.08196390985015577,0.13927468286813244,20260828,1,Asia,342,96,V1-V10_financial_only
PONE2016_h1_target_Asia,20260727,KELM_PBMSBAINGO,cost_20,96,48,0.17143366131137835,"Same-horizon leave-one-region-out transfer; source regions=Europe,North America; target region=Asia; source-only fit/search/calibration; target labels untouched until final evaluation; V1-V10 financial ratios only.",Plain KELM; hyperparameters/features selected only on search partition.,Platt_logistic_on_separate_calibration_partition,0.7282732622061889,0.9791666666666666,0.5416666666666666,0.6811594202898551,0.8034188034188035,0.7253086419753086,0.9003831417624522,0.5792067057140966,0.6747467024452576,0.7604166666666666,0.4583333333333333,0.71875,47.0,22.0,26.0,1.0,0.9452957206502607,0.9388020833333334,0.10065145704053191,0.31627874958782254,0.05745614743399246,-0.27089567789140984,1.0569057874111707,20.0,0.4375,0.041666666666666664,0.9583333333333334,0.9979166666666667,0.36250000000000004,0.5583333333333333,0.6053213909378292,0.6927536231884057,0.8681691125087352,0.9166013584117032,0.4306766249657303,0.6162759348797987,0.534079413230252,0.6996933634377166,0.9158802805359297,0.9660016347819009,0.8990885416666666,0.9641059027777777,0.0879644971228028,0.13280019818958777,20260828,1,Asia,342,96,V1-V10_financial_only
PONE2016_h1_target_Asia,20260727,KELM_score_fusion,triad,96,48,0.8973319230874706,"Same-horizon leave-one-region-out transfer; source regions=Europe,North America; target region=Asia; source-only fit/search/calibration; target labels untouched until final evaluation; V1-V10 financial ratios only.",Plain KELM plus HistGB score-level fusion; alpha=1.00 selected only on search partition.,Platt_logistic_on_separate_calibration_partition,0.7421463804398698,0.5625,0.9791666666666666,0.9642857142857143,0.7105263157894737,0.84375,0.6136363636363636,0.5958540230683373,0.6897732389653396,0.7708333333333333,0.020833333333333332,0.2916666666666667,27.0,1.0,47.0,21.0,0.9452957206502607,0.9388020833333334,0.10069598949896076,0.31637720245997963,0.05324507521997617,-0.27096765160594705,1.0652007581829503,,,,0.48541666666666666,0.58125,0.91875,1.0,0.8703225806451613,1.0,0.5399539073957678,0.626666257141102,0.5006651491450039,0.6255432421712243,0.6280843600158623,0.705981446626545,0.9044297580807166,0.95424146548304,0.8916666666666667,0.9425347222222221,0.09678621486636999,0.146315853803448,20260830,1,Asia,342,96,V1-V10_financial_only
PONE2016_h1_target_Asia,20260727,KELM_score_fusion,cost_1,96,48,0.4902860316059462,"Same-horizon leave-one-region-out transfer; source regions=Europe,North America; target region=Asia; source-only fit/search/calibration; target labels untouched until final evaluation; V1-V10 financial ratios only.",Plain KELM plus HistGB score-level fusion; alpha=1.00 selected only on search partition.,Platt_logistic_on_separate_calibration_partition,0.8541666666666666,0.8541666666666666,0.8541666666666666,0.8541666666666666,0.8541666666666666,0.8541666666666666,0.8541666666666666,0.7083333333333334,0.8024924825455735,0.8541666666666666,0.14583333333333334,0.5,41.0,7.0,41.0,7.0,0.9452957206502607,0.9388020833333334,0.10069598949896076,0.31637720245997963,0.05324507521997617,-0.27096765160594705,1.0652007581829503,1.0,0.14583333333333334,0.14583333333333334,0.8333333333333334,0.9479166666666667,0.75625,0.93125,0.7957931034482759,0.925592885375494,0.8340336134453782,0.9148644067796611,0.6667246124982639,0.7874093534392544,0.7736044211827554,0.8544861867882368,0.9349561879074393,0.9680059842121429,0.9281684027777778,0.9674913194444444,0.08335915993101944,0.11154692147468401,20260830,1,Asia,342,96,V1-V10_financial_only
PONE2016_h1_target_Asia,20260727,KELM_score_fusion,cost_2,96,48,0.1728419953992021,"Same-horizon leave-one-region-out transfer; source regions=Europe,North America; target region=Asia; source-only fit/search/calibration; target labels untouched until final evaluation; V1-V10 financial ratios only.",Plain KELM plus HistGB score-level fusion; alpha=1.00 selected only on search partition.,Platt_logistic_on_separate_calibration_partition,0.7282732622061889,0.9791666666666666,0.5416666666666666,0.6811594202898551,0.8034188034188035,0.7253086419753086,0.9003831417624522,0.5792067057140966,0.6747467024452576,0.7604166666666666,0.4583333333333333,0.71875,47.0,22.0,26.0,1.0,0.9452957206502607,0.9388020833333334,0.10069598949896076,0.31637720245997963,0.05324507521997617,-0.27096765160594705,1.0652007581829503,2.0,0.25,0.16666666666666666,0.9395833333333333,0.9770833333333333,0.5208333333333334,0.5604166666666667,0.6622549019607843,0.6860263897901795,0.8669687592101385,0.8991479163892957,0.5070527729546614,0.5780017758543035,0.6283747698946021,0.6746390894065032,0.914298172841377,0.939537299111965,0.90625,0.9254774305555556,0.11526765491383818,0.12972129933816584,20260830,1,Asia,342,96,V1-V10_financial_only
PONE2016_h1_target_Asia,20260727,KELM_score_fusion,cost_5,96,48,0.1728419953992021,"Same-horizon leave-one-region-out transfer; source regions=Europe,North America; target region=Asia; source-only fit/search/calibration; target labels untouched until final evaluation; V1-V10 financial ratios only.",Plain KELM plus HistGB score-level fusion; alpha=1.00 selected only on search partition.,Platt_logistic_on_separate_calibration_partition,0.7282732622061889,0.9791666666666666,0.5416666666666666,0.6811594202898551,0.8034188034188035,0.7253086419753086,0.9003831417624522,0.5792067057140966,0.6747467024452576,0.7604166666666666,0.4583333333333333,0.71875,47.0,22.0,26.0,1.0,0.9452957206502607,0.9388020833333334,0.10069598949896076,0.31637720245997963,0.05324507521997617,-0.27096765160594705,1.0652007581829503,5.0,0.28125,0.09375,0.9625,1.0,0.5020833333333333,0.58125,0.6666666666666666,0.7048593350383632,0.8840125391849529,0.9227232537577366,0.5373181792502345,0.6400743773448956,0.6448806608727713,0.7192170862472067,0.9444231722975874,0.9674051798788066,0.93671875,0.9617187500000001,0.08107255285960513,0.10234398691431729,20260830,1,Asia,342,96,V1-V10_financial_only
PONE2016_h1_target_Asia,20260727,KELM_score_fusion,cost_10,96,48,0.1728419953992021,"Same-horizon leave-one-region-out transfer; source regions=Europe,North America; target region=Asia; source-only fit/search/calibration; target labels untouched until final evaluation; V1-V10 financial ratios only.",Plain KELM plus HistGB score-level fusion; alpha=1.00 selected only on search partition.,Platt_logistic_on_separate_calibration_partition,0.7282732622061889,0.9791666666666666,0.5416666666666666,0.6811594202898551,0.8034188034188035,0.7253086419753086,0.9003831417624522,0.5792067057140966,0.6747467024452576,0.7604166666666666,0.4583333333333333,0.71875,47.0,22.0,26.0,1.0,0.9452957206502607,0.9388020833333334,0.10069598949896076,0.31637720245997963,0.05324507521997617,-0.27096765160594705,1.0652007581829503,10.0,0.3333333333333333,0.06060606060606061,0.9604166666666667,1.0,0.525,0.5833333333333334,0.6771074206432626,0.7058823529411765,0.8896124146124146,0.9230769230769231,0.5697807493142416,0.641688947919748,0.6739138673833514,0.7206877128717247,0.9447879363089591,0.9708785837407926,0.9440538194444444,0.9717013888888888,0.07309115819805313,0.09592429591093177,20260830,1,Asia,342,96,V1-V10_financial_only
PONE2016_h1_target_Asia,20260727,KELM_score_fusion,cost_20,96,48,0.1728419953992021,"Same-horizon leave-one-region-out transfer; source regions=Europe,North America; target region=Asia; source-only fit/search/calibration; target labels untouched until final evaluation; V1-V10 financial ratios only.",Plain KELM plus HistGB score-level fusion; alpha=1.00 selected only on search partition.,Platt_logistic_on_separate_calibration_partition,0.7282732622061889,0.9791666666666666,0.5416666666666666,0.6811594202898551,0.8034188034188035,0.7253086419753086,0.9003831417624522,0.5792067057140966,0.6747467024452576,0.7604166666666666,0.4583333333333333,0.71875,47.0,22.0,26.0,1.0,0.9452957206502607,0.9388020833333334,0.10069598949896076,0.31637720245997963,0.05324507521997617,-0.27096765160594705,1.0652007581829503,20.0,0.4375,0.041666666666666664,0.9583333333333334,1.0,0.5,0.6395833333333334,0.6571428571428571,0.7352036199095023,0.8778625954198473,0.9327746183777312,0.5156879540323449,0.6857054522909625,0.627515602411019,0.7597028382001442,0.9333223032049053,0.9565191560230393,0.9224826388888889,0.9565538194444444,0.08180881466325775,0.11016690895855684,20260830,1,Asia,342,96,V1-V10_financial_only
PONE2016_h1_target_Asia,20260727,KELM_risk_feature,triad,96,48,0.9255015150411597,"Same-horizon leave-one-region-out transfer; source regions=Europe,North America; target region=Asia; source-only fit/search/calibration; target labels untouched until final evaluation; V1-V10 financial ratios only.",OOF HistGB risk is a forced KELM input; no score-level fusion.,Platt_logistic_on_separate_calibration_partition,0.6454972243679028,0.4166666666666667,1.0,1.0,0.5882352941176471,0.78125,0.4716981132075472,0.5129891760425771,0.5979051855226436,0.7083333333333334,0.0,0.20833333333333334,20.0,0.0,48.0,28.0,0.9593440392940052,0.95703125,0.08946696882086065,0.2996910942394627,0.08845109124039298,-0.34971606542990236,1.6423196318835884,,,,0.46041666666666664,0.5770833333333334,1.0,1.0,1.0,1.0,0.5161051945229298,0.6303309593632174,0.5468557434504323,0.6368591360374658,0.6314435259315555,0.7162292941159618,0.9477973184262042,0.9861088039278069,0.9408420138888889,0.9833767361111111,0.070535750193296,0.10265672455099918,20260938,1,Asia,342,96,V1-V10_financial_only
PONE2016_h1_target_Asia,20260727,KELM_risk_feature,cost_1,96,48,0.5091817058775759,"Same-horizon leave-one-region-out transfer; source regions=Europe,North America; target region=Asia; source-only fit/search/calibration; target labels untouched until final evaluation; V1-V10 financial ratios only.",OOF HistGB risk is a forced KELM input; no score-level fusion.,Platt_logistic_on_separate_calibration_partition,0.8853553900364908,0.8958333333333334,0.875,0.8775510204081632,0.8865979381443299,0.8811475409836066,0.8921161825726142,0.7710006693460141,0.8454670280665832,0.8854166666666667,0.125,0.5104166666666666,43.0,6.0,42.0,5.0,0.9593440392940052,0.95703125,0.08946696882086065,0.2996910942394627,0.08845109124039298,-0.34971606542990236,1.6423196318835884,1.0,0.11458333333333333,0.11458333333333333,0.8541666666666666,0.8958333333333334,0.85625,0.975,0.8612340425531915,0.9728787878787879,0.8584644174920113,0.9087582294438997,0.7314576508010724,0.8716578572977702,0.818316141392776,0.9123894472991201,0.9409387253201881,0.9837899255978613,0.944140625,0.9791232638888888,0.07449854010218267,0.09997821390726795,20260938,1,Asia,342,96,V1-V10_financial_only
PONE2016_h1_target_Asia,20260727,KELM_risk_feature,cost_2,96,48,0.39650782027848575,"Same-horizon leave-one-region-out transfer; source regions=Europe,North America; target region=Asia; source-only fit/search/calibration; target labels untouched until final evaluation; V1-V10 financial ratios only.",OOF HistGB risk is a forced KELM input; no score-level fusion.,Platt_logistic_on_separate_calibration_partition,0.8500919067959652,0.9375,0.7708333333333334,0.8035714285714286,0.8653846153846154,0.8272058823529411,0.907258064516129,0.7183811165192391,0.8037029399616166,0.8541666666666667,0.22916666666666666,0.5833333333333334,45.0,11.0,37.0,3.0,0.9593440392940052,0.95703125,0.08946696882086065,0.2996910942394627,0.08845109124039298,-0.34971606542990236,1.6423196318835884,2.0,0.17708333333333334,0.11805555555555555,0.8624999999999999,0.9583333333333334,0.6000000000000001,0.83125,0.704631217838765,0.8474842767295597,0.8422085113115014,0.9198367346938776,0.5866230326258696,0.7731376390229501,0.692831365982152,0.844598943692243,0.9359840331874453,0.979705221275301,0.9345052083333334,0.9778645833333333,0.07609263409371264,0.11542098304754327,20260938,1,Asia,342,96,V1-V10_financial_only
PONE2016_h1_target_Asia,20260727,KELM_risk_feature,cost_5,96,48,0.11580083407211826,"Same-horizon leave-one-region-out transfer; source regions=Europe,North America; target region=Asia; source-only fit/search/calibration; target labels untouched until final evaluation; V1-V10 financial ratios only.",OOF HistGB risk is a forced KELM input; no score-level fusion.,Platt_logistic_on_separate_calibration_partition,0.5204164998665332,1.0,0.2708333333333333,0.5783132530120482,0.732824427480916,0.631578947368421,0.8727272727272727,0.395760667606189,0.47501965689291414,0.6354166666666666,0.7291666666666666,0.8645833333333334,48.0,35.0,13.0,0.0,0.9593440392940052,0.95703125,0.08946696882086065,0.2996910942394627,0.08845109124039298,-0.34971606542990236,1.6423196318835884,5.0,0.3645833333333333,0.12152777777777778,1.0,1.0,0.14791666666666667,0.26875,0.5399387129724208,0.5776247848537005,0.854397559735638,0.8724110671936759,0.2825553047255026,0.3939810481464928,0.34698614163709274,0.47306509874143554,0.9450514933856927,0.982346566089166,0.9447916666666667,0.9746961805555556,0.07597111262082822,0.09994346507563688,20260938,1,Asia,342,96,V1-V10_financial_only
PONE2016_h1_target_Asia,20260727,KELM_risk_feature,cost_10,96,48,0.11580083407211826,"Same-horizon leave-one-region-out transfer; source regions=Europe,North America; target region=Asia; source-only fit/search/calibration; target labels untouched until final evaluation; V1-V10 financial ratios only.",OOF HistGB risk is a forced KELM input; no score-level fusion.,Platt_logistic_on_separate_calibration_partition,0.5204164998665332,1.0,0.2708333333333333,0.5783132530120482,0.732824427480916,0.631578947368421,0.8727272727272727,0.395760667606189,0.47501965689291414,0.6354166666666666,0.7291666666666666,0.8645833333333334,48.0,35.0,13.0,0.0,0.9593440392940052,0.95703125,0.08946696882086065,0.2996910942394627,0.08845109124039298,-0.34971606542990236,1.6423196318835884,10.0,0.3645833333333333,0.06628787878787878,1.0,1.0,0.23333333333333334,0.3729166666666667,0.5660666194188518,0.6146056475170399,0.8670561207745323,0.888560885608856,0.3633406871436446,0.4787345778099598,0.43920351134081287,0.563064686848751,0.9419058325060022,0.9742498441849543,0.9367621527777779,0.9750868055555556,0.07250308835009739,0.10976277864363744,20260938,1,Asia,342,96,V1-V10_financial_only
PONE2016_h1_target_Asia,20260727,KELM_risk_feature,cost_20,96,48,0.11580083407211826,"Same-horizon leave-one-region-out transfer; source regions=Europe,North America; target region=Asia; source-only fit/search/calibration; target labels untouched until final evaluation; V1-V10 financial ratios only.",OOF HistGB risk is a forced KELM input; no score-level fusion.,Platt_logistic_on_separate_calibration_partition,0.5204164998665332,1.0,0.2708333333333333,0.5783132530120482,0.732824427480916,0.631578947368421,0.8727272727272727,0.395760667606189,0.47501965689291414,0.6354166666666666,0.7291666666666666,0.8645833333333334,48.0,35.0,13.0,0.0,0.9593440392940052,0.95703125,0.08946696882086065,0.2996910942394627,0.08845109124039298,-0.34971606542990236,1.6423196318835884,20.0,0.3645833333333333,0.034722222222222224,1.0,1.0,0.15833333333333333,0.37083333333333335,0.5432245837281711,0.6138461538461538,0.8559560012940796,0.888235294117647,0.29198023702834514,0.47706737482373107,0.35758603103784176,0.561318126189182,0.9395512582394532,0.9866762505250096,0.9247395833333333,0.9853298611111111,0.06898119557244484,0.11421065999638078,20260938,1,Asia,342,96,V1-V10_financial_only
PONE2016_h1_target_Asia,20260727,Full_PBMSBAINGO,triad,96,48,0.8831423716952648,"Same-horizon leave-one-region-out transfer; source regions=Europe,North America; target region=Asia; source-only fit/search/calibration; target labels untouched until final evaluation; V1-V10 financial ratios only.",Risk feature plus score fusion; alpha=0.20 selected only on search partition.,Platt_logistic_on_separate_calibration_partition,0.8449708246113853,0.7291666666666666,0.9791666666666666,0.9722222222222222,0.8333333333333334,0.9114583333333334,0.7675438596491229,0.7315635209502899,0.8053385522987825,0.8541666666666666,0.020833333333333332,0.375,35.0,1.0,47.0,13.0,0.9496047865316364,0.9396701388888888,0.10130451133614997,0.3342672246441558,0.10863813579874425,0.026476525520407496,1.0459648358959925,,,,0.73125,0.8291666666666667,0.9416666666666667,1.0,0.931443638760712,1.0,0.772435219206279,0.8581131512165995,0.7382519092824131,0.8391139500226775,0.8179960877990411,0.8854759868593526,0.9463052036901156,0.9877977561150895,0.9354166666666667,0.9868489583333333,0.061931838094543216,0.11926410783746275,20261034,1,Asia,342,96,V1-V10_financial_only
PONE2016_h1_target_Asia,20260727,Full_PBMSBAINGO,cost_1,96,48,0.6610467997623838,"Same-horizon leave-one-region-out transfer; source regions=Europe,North America; target region=Asia; source-only fit/search/calibration; target labels untouched until final evaluation; V1-V10 financial ratios only.",Risk feature plus score fusion; alpha=0.20 selected only on search partition.,Platt_logistic_on_separate_calibration_partition,0.8640183897219884,0.8333333333333334,0.8958333333333334,0.8888888888888888,0.8602150537634409,0.8771929824561403,0.8438818565400844,0.7305950062660077,0.8170354314983949,0.8645833333333334,0.10416666666666667,0.46875,40.0,5.0,43.0,8.0,0.9496047865316364,0.9396701388888888,0.10130451133614997,0.3342672246441558,0.10863813579874425,0.026476525520407496,1.0459648358959925,1.0,0.13541666666666666,0.13541666666666666,0.6812499999999999,0.9291666666666667,0.8229166666666666,0.9166666666666666,0.8201388888888889,0.9176417233560091,0.7128289473684211,0.9267468529509603,0.6047176684690384,0.8461512129870221,0.7194955205436994,0.8964891314026778,0.9170194842962893,0.9730536378006431,0.9092447916666667,0.9696614583333333,0.07216453134578274,0.13954502673841948,20261034,1,Asia,342,96,V1-V10_financial_only
PONE2016_h1_target_Asia,20260727,Full_PBMSBAINGO,cost_2,96,48,0.6610467997623838,"Same-horizon leave-one-region-out transfer; source regions=Europe,North America; target region=Asia; source-only fit/search/calibration; target labels untouched until final evaluation; V1-V10 financial ratios only.",Risk feature plus score fusion; alpha=0.20 selected only on search partition.,Platt_logistic_on_separate_calibration_partition,0.8640183897219884,0.8333333333333334,0.8958333333333334,0.8888888888888888,0.8602150537634409,0.8771929824561403,0.8438818565400844,0.7305950062660077,0.8170354314983949,0.8645833333333334,0.10416666666666667,0.46875,40.0,5.0,43.0,8.0,0.9496047865316364,0.9396701388888888,0.10130451133614997,0.3342672246441558,0.10863813579874425,0.026476525520407496,1.0459648358959925,2.0,0.21875,0.14583333333333334,0.775,0.9291666666666667,0.8354166666666667,0.9541666666666667,0.8365384615384616,0.944957264957265,0.8034063394232885,0.9164159230822438,0.6710805708506027,0.7922212477898977,0.7765170559470026,0.8586085503626645,0.9303705560445589,0.9759370737114768,0.9119791666666667,0.9695746527777778,0.07931927527618704,0.11699137474445562,20261034,1,Asia,342,96,V1-V10_financial_only
PONE2016_h1_target_Asia,20260727,Full_PBMSBAINGO,cost_5,96,48,0.09241444903295098,"Same-horizon leave-one-region-out transfer; source regions=Europe,North America; target region=Asia; source-only fit/search/calibration; target labels untouched until final evaluation; V1-V10 financial ratios only.",Risk feature plus score fusion; alpha=0.20 selected only on search partition.,Platt_logistic_on_separate_calibration_partition,0.6387379048648288,0.9791666666666666,0.4166666666666667,0.6266666666666667,0.7642276422764228,0.6752873563218391,0.8801498127340824,0.4787549991450211,0.5802113679446962,0.6979166666666666,0.5833333333333334,0.78125,47.0,28.0,20.0,1.0,0.9496047865316364,0.9396701388888888,0.10130451133614997,0.3342672246441558,0.10863813579874425,0.026476525520407496,1.0459648358959925,5.0,0.34375,0.11458333333333333,0.9791666666666666,1.0,0.31875,0.5333333333333333,0.5948717948717949,0.6815264187866927,0.87988803649181,0.9133163698049194,0.4353367807622678,0.5997544692771946,0.5175755702302607,0.6832819319358875,0.9507801242625624,0.971454146186444,0.9420138888888889,0.9600260416666666,0.07158853386776964,0.10373689735773853,20261034,1,Asia,342,96,V1-V10_financial_only
PONE2016_h1_target_Asia,20260727,Full_PBMSBAINGO,cost_10,96,48,0.09241444903295098,"Same-horizon leave-one-region-out transfer; source regions=Europe,North America; target region=Asia; source-only fit/search/calibration; target labels untouched until final evaluation; V1-V10 financial ratios only.",Risk feature plus score fusion; alpha=0.20 selected only on search partition.,Platt_logistic_on_separate_calibration_partition,0.6387379048648288,0.9791666666666666,0.4166666666666667,0.6266666666666667,0.7642276422764228,0.6752873563218391,0.8801498127340824,0.4787549991450211,0.5802113679446962,0.6979166666666666,0.5833333333333334,0.78125,47.0,28.0,20.0,1.0,0.9496047865316364,0.9396701388888888,0.10130451133614997,0.3342672246441558,0.10863813579874425,0.026476525520407496,1.0459648358959925,10.0,0.3958333333333333,0.07196969696969698,0.9791666666666666,0.9791666666666666,0.38125,0.47708333333333336,0.6128641628641629,0.6518835616438357,0.8745912178215055,0.8898156089193825,0.4495767037059026,0.5275639811605962,0.5514883537107077,0.6269533982457627,0.9276307683149653,0.9804122021715793,0.9211371527777779,0.9723090277777778,0.05996620640239839,0.13256483919037565,20261034,1,Asia,342,96,V1-V10_financial_only
PONE2016_h1_target_Asia,20260727,Full_PBMSBAINGO,cost_20,96,48,0.09241444903295098,"Same-horizon leave-one-region-out transfer; source regions=Europe,North America; target region=Asia; source-only fit/search/calibration; target labels untouched until final evaluation; V1-V10 financial ratios only.",Risk feature plus score fusion; alpha=0.20 selected only on search partition.,Platt_logistic_on_separate_calibration_partition,0.6387379048648288,0.9791666666666666,0.4166666666666667,0.6266666666666667,0.7642276422764228,0.6752873563218391,0.8801498127340824,0.4787549991450211,0.5802113679446962,0.6979166666666666,0.5833333333333334,0.78125,47.0,28.0,20.0,1.0,0.9496047865316364,0.9396701388888888,0.10130451133614997,0.3342672246441558,0.10863813579874425,0.026476525520407496,1.0459648358959925,20.0,0.5,0.047619047619047616,0.9791666666666666,1.0,0.2791666666666667,0.47291666666666665,0.5766131522074714,0.6544474885844749,0.8592584050145171,0.9036552252314977,0.36319731527187604,0.5530541608376005,0.4637502092598481,0.6389712914236197,0.9063310708561496,0.9679256362567602,0.8921440972222222,0.9660156249999999,0.059756161177072636,0.12741389973535366,20261034,1,Asia,342,96,V1-V10_financial_only
PONE2016_h1_target_Asia,20260727,Uncertainty_gated_fusion,triad,96,48,0.9255015150411597,"Same-horizon leave-one-region-out transfer; source regions=Europe,North America; target region=Asia; source-only fit/search/calibration; target labels untouched until final evaluation; V1-V10 financial ratios only.","One-standard-error paired-bootstrap gate selected KELM_risk_feature; search utility difference=-0.0040, required margin=0.0592.",Platt_logistic_on_separate_calibration_partition,0.6454972243679028,0.4166666666666667,1.0,1.0,0.5882352941176471,0.78125,0.4716981132075472,0.5129891760425771,0.5979051855226436,0.7083333333333334,0.0,0.20833333333333334,20.0,0.0,48.0,28.0,0.9593440392940052,0.95703125,0.08946696882086065,0.2996910942394627,0.08845109124039298,-0.34971606542990236,1.6423196318835884,,,,0.35833333333333334,0.47291666666666665,1.0,1.0,1.0,1.0,0.41105240481643573,0.528565160157964,0.46717132645954107,0.5564775785273561,0.5510761199542762,0.6407406731814145,0.9365284441847407,0.9644406366743987,0.9311631944444444,0.9627170138888891,0.07979234162867828,0.1096294637501791,20261080,1,Asia,342,96,V1-V10_financial_only
PONE2016_h1_target_Asia,20260727,Uncertainty_gated_fusion,cost_1,96,48,0.5091817058775759,"Same-horizon leave-one-region-out transfer; source regions=Europe,North America; target region=Asia; source-only fit/search/calibration; target labels untouched until final evaluation; V1-V10 financial ratios only.","One-standard-error paired-bootstrap gate selected KELM_risk_feature; search utility difference=-0.0040, required margin=0.0592.",Platt_logistic_on_separate_calibration_partition,0.8853553900364908,0.8958333333333334,0.875,0.8775510204081632,0.8865979381443299,0.8811475409836066,0.8921161825726142,0.7710006693460141,0.8454670280665832,0.8854166666666667,0.125,0.5104166666666666,43.0,6.0,42.0,5.0,0.9593440392940052,0.95703125,0.08946696882086065,0.2996910942394627,0.08845109124039298,-0.34971606542990236,1.6423196318835884,1.0,0.11458333333333333,0.11458333333333333,0.79375,0.95625,0.875,0.9541666666666667,0.8682352941176471,0.9541666666666667,0.8130477117818891,0.9550925925925926,0.6913553375204854,0.9083333333333333,0.7897206591794365,0.9386145201240409,0.9205740995772879,0.9943542601322591,0.9182291666666667,0.9939236111111112,0.052606329927346526,0.11340745578839058,20261080,1,Asia,342,96,V1-V10_financial_only
PONE2016_h1_target_Asia,20260727,Uncertainty_gated_fusion,cost_2,96,48,0.39650782027848575,"Same-horizon leave-one-region-out transfer; source regions=Europe,North America; target region=Asia; source-only fit/search/calibration; target labels untouched until final evaluation; V1-V10 financial ratios only.","One-standard-error paired-bootstrap gate selected KELM_risk_feature; search utility difference=-0.0040, required margin=0.0592.",Platt_logistic_on_separate_calibration_partition,0.8500919067959652,0.9375,0.7708333333333334,0.8035714285714286,0.8653846153846154,0.8272058823529411,0.907258064516129,0.7183811165192391,0.8037029399616166,0.8541666666666667,0.22916666666666666,0.5833333333333334,45.0,11.0,37.0,3.0,0.9593440392940052,0.95703125,0.08946696882086065,0.2996910942394627,0.08845109124039298,-0.34971606542990236,1.6423196318835884,2.0,0.17708333333333334,0.11805555555555555,0.9208333333333333,0.9791666666666666,0.7083333333333334,0.7916666666666666,0.759807801017524,0.8242481203007519,0.8847419354838709,0.9430230883694138,0.6465385389698296,0.7823399698286798,0.7503932663588254,0.8458367408743112,0.9594199645318695,0.984089029693979,0.9513888888888888,0.9825520833333333,0.07272784755795116,0.100359431694724,20261080,1,Asia,342,96,V1-V10_financial_only
PONE2016_h1_target_Asia,20260727,Uncertainty_gated_fusion,cost_5,96,48,0.11580083407211826,"Same-horizon leave-one-region-out transfer; source regions=Europe,North America; target region=Asia; source-only fit/search/calibration; target labels untouched until final evaluation; V1-V10 financial ratios only.","One-standard-error paired-bootstrap gate selected KELM_risk_feature; search utility difference=-0.0040, required margin=0.0592.",Platt_logistic_on_separate_calibration_partition,0.5204164998665332,1.0,0.2708333333333333,0.5783132530120482,0.732824427480916,0.631578947368421,0.8727272727272727,0.395760667606189,0.47501965689291414,0.6354166666666666,0.7291666666666666,0.8645833333333334,48.0,35.0,13.0,0.0,0.9593440392940052,0.95703125,0.08946696882086065,0.2996910942394627,0.08845109124039298,-0.34971606542990236,1.6423196318835884,5.0,0.3645833333333333,0.12152777777777778,1.0,1.0,0.22916666666666666,0.3333333333333333,0.5647058823529412,0.6,0.8664259927797834,0.8823529411764706,0.35973846709225077,0.4472135954999579,0.4352239396128016,0.5302303478369093,0.9044669080447498,0.962926600094032,0.9152343749999999,0.9639322916666666,0.08215475658509143,0.12225578555644413,20261080,1,Asia,342,96,V1-V10_financial_only
PONE2016_h1_target_Asia,20260727,Uncertainty_gated_fusion,cost_10,96,48,0.11580083407211826,"Same-horizon leave-one-region-out transfer; source regions=Europe,North America; target region=Asia; source-only fit/search/calibration; target labels untouched until final evaluation; V1-V10 financial ratios only.","One-standard-error paired-bootstrap gate selected KELM_risk_feature; search utility difference=-0.0040, required margin=0.0592.",Platt_logistic_on_separate_calibration_partition,0.5204164998665332,1.0,0.2708333333333333,0.5783132530120482,0.732824427480916,0.631578947368421,0.8727272727272727,0.395760667606189,0.47501965689291414,0.6354166666666666,0.7291666666666666,0.8645833333333334,48.0,35.0,13.0,0.0,0.9593440392940052,0.95703125,0.08946696882086065,0.2996910942394627,0.08845109124039298,-0.34971606542990236,1.6423196318835884,10.0,0.3645833333333333,0.06628787878787878,1.0,1.0,0.21458333333333335,0.425,0.5601569066965536,0.6352592592592593,0.8642511445389143,0.8969008519570317,0.34647351952233196,0.5192683842828197,0.4202474193467475,0.6038551870381279,0.9654501019967798,0.9768623146373188,0.9643663194444445,0.9755208333333333,0.07279281817803147,0.09049292096286267,20261080,1,Asia,342,96,V1-V10_financial_only
PONE2016_h1_target_Asia,20260727,Uncertainty_gated_fusion,cost_20,96,48,0.11580083407211826,"Same-horizon leave-one-region-out transfer; source regions=Europe,North America; target region=Asia; source-only fit/search/calibration; target labels untouched until final evaluation; V1-V10 financial ratios only.","One-standard-error paired-bootstrap gate selected KELM_risk_feature; search utility difference=-0.0040, required margin=0.0592.",Platt_logistic_on_separate_calibration_partition,0.5204164998665332,1.0,0.2708333333333333,0.5783132530120482,0.732824427480916,0.631578947368421,0.8727272727272727,0.395760667606189,0.47501965689291414,0.6354166666666666,0.7291666666666666,0.8645833333333334,48.0,35.0,13.0,0.0,0.9593440392940052,0.95703125,0.08946696882086065,0.2996910942394627,0.08845109124039298,-0.34971606542990236,1.6423196318835884,20.0,0.3645833333333333,0.034722222222222224,1.0,1.0,0.2708333333333333,0.3104166666666667,0.5783132530120482,0.5918699186991869,0.8727272727272727,0.8788000320847036,0.395760667606189,0.4286180281478085,0.47501965689291414,0.5104931452834999,0.9301691557284855,0.9862959560637561,0.9335069444444444,0.9850260416666666,0.06671741351138935,0.11030950940934736,20261080,1,Asia,342,96,V1-V10_financial_only
PONE2016_h1_target_Asia,20260727,Full_random_search,triad,96,48,0.8857278260307819,"Same-horizon leave-one-region-out transfer; source regions=Europe,North America; target region=Asia; source-only fit/search/calibration; target labels untouched until final evaluation; V1-V10 financial ratios only.",Same full architecture and 81 evaluations as PBMSBAINGO; alpha=0.05.,Platt_logistic_on_separate_calibration_partition,0.8449708246113853,0.7291666666666666,0.9791666666666666,0.9722222222222222,0.8333333333333334,0.9114583333333334,0.7675438596491229,0.7315635209502899,0.8053385522987825,0.8541666666666666,0.020833333333333332,0.375,35.0,1.0,47.0,13.0,0.9490416090248612,0.9401041666666666,0.10240947790470034,0.3380126982222165,0.11067664679025196,0.012888130145663578,1.040169703759874,,,,0.6479166666666667,0.7895833333333333,0.9583333333333334,1.0,0.939572192513369,1.0,0.6907964601769911,0.8239130434782609,0.6377590008953539,0.8051670701719564,0.7343339012072106,0.8592551385401215,0.9041717144670283,0.9569567982492388,0.8825520833333332,0.9447916666666668,0.09210952582821512,0.14676383140833954,20261128,1,Asia,342,96,V1-V10_financial_only
PONE2016_h1_target_Asia,20260727,Full_random_search,cost_1,96,48,0.6921863528203241,"Same-horizon leave-one-region-out transfer; source regions=Europe,North America; target region=Asia; source-only fit/search/calibration; target labels untouched until final evaluation; V1-V10 financial ratios only.",Same full architecture and 81 evaluations as PBMSBAINGO; alpha=0.05.,Platt_logistic_on_separate_calibration_partition,0.8640183897219884,0.8333333333333334,0.8958333333333334,0.8888888888888888,0.8602150537634409,0.8771929824561403,0.8438818565400844,0.7305950062660077,0.8170354314983949,0.8645833333333334,0.10416666666666667,0.46875,40.0,5.0,43.0,8.0,0.9490416090248612,0.9401041666666666,0.10240947790470034,0.3380126982222165,0.11067664679025196,0.012888130145663578,1.040169703759874,1.0,0.13541666666666666,0.13541666666666666,0.7374999999999999,0.9500000000000001,0.8958333333333334,0.9166666666666666,0.8897435897435897,0.9124368048533872,0.7647969052224372,0.9400871459694989,0.6648043301940741,0.8494913553764223,0.7659605378868556,0.898098508797246,0.9381502027580846,0.9747516047864443,0.9221788194444445,0.9670572916666668,0.07652104254137691,0.12027618011071499,20261128,1,Asia,342,96,V1-V10_financial_only
PONE2016_h1_target_Asia,20260727,Full_random_search,cost_2,96,48,0.6921863528203241,"Same-horizon leave-one-region-out transfer; source regions=Europe,North America; target region=Asia; source-only fit/search/calibration; target labels untouched until final evaluation; V1-V10 financial ratios only.",Same full architecture and 81 evaluations as PBMSBAINGO; alpha=0.05.,Platt_logistic_on_separate_calibration_partition,0.8640183897219884,0.8333333333333334,0.8958333333333334,0.8888888888888888,0.8602150537634409,0.8771929824561403,0.8438818565400844,0.7305950062660077,0.8170354314983949,0.8645833333333334,0.10416666666666667,0.46875,40.0,5.0,43.0,8.0,0.9490416090248612,0.9401041666666666,0.10240947790470034,0.3380126982222165,0.11067664679025196,0.012888130145663578,1.040169703759874,2.0,0.21875,0.14583333333333334,0.75625,0.85,0.8583333333333333,0.9354166666666667,0.8516798418972332,0.9268253968253969,0.7802086351782092,0.8618143459915611,0.6681338528626566,0.7707018577063613,0.7737588007651182,0.8442745807117669,0.9191875543078164,0.9528146554199222,0.9138888888888889,0.943359375,0.09625370020232299,0.12172298239639855,20261128,1,Asia,342,96,V1-V10_financial_only
PONE2016_h1_target_Asia,20260727,Full_random_search,cost_5,96,48,0.09872438523332905,"Same-horizon leave-one-region-out transfer; source regions=Europe,North America; target region=Asia; source-only fit/search/calibration; target labels untouched until final evaluation; V1-V10 financial ratios only.",Same full architecture and 81 evaluations as PBMSBAINGO; alpha=0.05.,Platt_logistic_on_separate_calibration_partition,0.6987712429686843,0.9375,0.5208333333333334,0.6617647058823529,0.7758620689655172,0.703125,0.8653846153846154,0.5041841733655162,0.6267385649119733,0.7291666666666667,0.4791666666666667,0.7083333333333334,45.0,23.0,25.0,3.0,0.9490416090248612,0.9401041666666666,0.10240947790470034,0.3380126982222165,0.11067664679025196,0.012888130145663578,1.040169703759874,5.0,0.3958333333333333,0.13194444444444445,0.8791666666666667,0.9583333333333334,0.3854166666666667,0.51875,0.5987714987714988,0.6571002132196162,0.815264906452177,0.8775288073607523,0.35273139791865865,0.5139639882732523,0.4991647056754341,0.625934411547545,0.9063435560984823,0.9592397446415213,0.8892361111111111,0.953689236111111,0.09611505796649926,0.1408216070549774,20261128,1,Asia,342,96,V1-V10_financial_only
PONE2016_h1_target_Asia,20260727,Full_random_search,cost_10,96,48,0.09872438523332905,"Same-horizon leave-one-region-out transfer; source regions=Europe,North America; target region=Asia; source-only fit/search/calibration; target labels untouched until final evaluation; V1-V10 financial ratios only.",Same full architecture and 81 evaluations as PBMSBAINGO; alpha=0.05.,Platt_logistic_on_separate_calibration_partition,0.6987712429686843,0.9375,0.5208333333333334,0.6617647058823529,0.7758620689655172,0.703125,0.8653846153846154,0.5041841733655162,0.6267385649119733,0.7291666666666667,0.4791666666666667,0.7083333333333334,45.0,23.0,25.0,3.0,0.9490416090248612,0.9401041666666666,0.10240947790470034,0.3380126982222165,0.11067664679025196,0.012888130145663578,1.040169703759874,10.0,0.5520833333333334,0.10037878787878787,0.91875,0.9770833333333333,0.46041666666666664,0.6166666666666667,0.630503018108652,0.7184162895927602,0.8419320873914188,0.9114187369051182,0.4283872203401654,0.6364393345788101,0.5666719163996048,0.726401761604748,0.914402833578046,0.9620165714593448,0.9004774305555555,0.9594618055555555,0.08831443975736493,0.15396135610589518,20261128,1,Asia,342,96,V1-V10_financial_only
PONE2016_h1_target_Asia,20260727,Full_random_search,cost_20,96,48,0.09872438523332905,"Same-horizon leave-one-region-out transfer; source regions=Europe,North America; target region=Asia; source-only fit/search/calibration; target labels untouched until final evaluation; V1-V10 financial ratios only.",Same full architecture and 81 evaluations as PBMSBAINGO; alpha=0.05.,Platt_logistic_on_separate_calibration_partition,0.6987712429686843,0.9375,0.5208333333333334,0.6617647058823529,0.7758620689655172,0.703125,0.8653846153846154,0.5041841733655162,0.6267385649119733,0.7291666666666667,0.4791666666666667,0.7083333333333334,45.0,23.0,25.0,3.0,0.9490416090248612,0.9401041666666666,0.10240947790470034,0.3380126982222165,0.11067664679025196,0.012888130145663578,1.040169703759874,20.0,0.8645833333333334,0.08234126984126984,0.8958333333333334,0.95625,0.3666666666666667,0.5604166666666667,0.5912352941176471,0.6760110294117647,0.8242653414001728,0.8826923076923077,0.33606372131346673,0.5454356057317857,0.48255385378832805,0.655305269058912,0.9255598376562668,0.96233129757609,0.9098090277777777,0.9530381944444444,0.09434519138004006,0.1258341783094801,20261128,1,Asia,342,96,V1-V10_financial_only
PONE2016_h1_target_Asia,20260727,Balanced_logistic,triad,96,48,0.9029763223175306,"Same-horizon leave-one-region-out transfer; source regions=Europe,North America; target region=Asia; source-only fit/search/calibration; target labels untouched until final evaluation; V1-V10 financial ratios only.",Class-weighted logistic reference using the same source-only fit/search/calibration and untouched regional target.,Platt_logistic_on_separate_calibration_partition,0.8079466429027214,0.6666666666666666,0.9791666666666666,0.9696969696969697,0.7901234567901234,0.8888888888888888,0.7111111111111111,0.6798834181250946,0.7627811232264889,0.8229166666666666,0.020833333333333332,0.34375,32.0,1.0,47.0,16.0,0.9543744904577071,0.9440104166666666,0.10232066833679222,0.3235760106814021,0.08586438083412934,-0.6868715380360546,1.263824887137421,,,,0.6479166666666667,0.7270833333333333,0.9604166666666667,0.9979166666666667,0.9441176470588235,0.9972222222222222,0.6963569982935831,0.7656793415256202,0.6571288540230809,0.7298263719879787,0.7490390071384366,0.8039277616876049,0.9212172933373108,0.9792177394294538,0.8995659722222222,0.9735677083333333,0.07060459466080114,0.14081754542150138,20262028,1,Asia,342,96,V1-V10_financial_only
PONE2016_h1_target_Asia,20260727,Balanced_logistic,cost_1,96,48,0.6593644179556826,"Same-horizon leave-one-region-out transfer; source regions=Europe,North America; target region=Asia; source-only fit/search/calibration; target labels untouched until final evaluation; V1-V10 financial ratios only.",Class-weighted logistic reference using the same source-only fit/search/calibration and untouched regional target.,Platt_logistic_on_separate_calibration_partition,0.853149801226803,0.8125,0.8958333333333334,0.8863636363636364,0.8478260869565217,0.8705357142857143,0.826271186440678,0.7108057085060271,0.8027873090508576,0.8541666666666667,0.10416666666666667,0.4583333333333333,39.0,5.0,43.0,9.0,0.9543744904577071,0.9440104166666666,0.10232066833679222,0.3235760106814021,0.08586438083412934,-0.6868715380360546,1.263824887137421,1.0,0.14583333333333334,0.14583333333333334,0.7104166666666667,0.8270833333333334,0.81875,0.9375,0.7976744186046512,0.9246052631578948,0.7271507863089732,0.8360439003187482,0.5362506143297381,0.7174379056467206,0.6793614580512527,0.803589217269614,0.9091369334090275,0.9565934528305007,0.8839843749999999,0.9408854166666667,0.10009405297553832,0.14385263949134067,20262028,1,Asia,342,96,V1-V10_financial_only
PONE2016_h1_target_Asia,20260727,Balanced_logistic,cost_2,96,48,0.2439325672092018,"Same-horizon leave-one-region-out transfer; source regions=Europe,North America; target region=Asia; source-only fit/search/calibration; target labels untouched until final evaluation; V1-V10 financial ratios only.",Class-weighted logistic reference using the same source-only fit/search/calibration and untouched regional target.,Platt_logistic_on_separate_calibration_partition,0.699702317656111,0.9791666666666666,0.5,0.6619718309859155,0.7899159663865546,0.7078313253012049,0.8935361216730038,0.5459195627691725,0.6441471566101725,0.7395833333333333,0.5,0.7395833333333334,47.0,24.0,24.0,1.0,0.9543744904577071,0.9440104166666666,0.10232066833679222,0.3235760106814021,0.08586438083412934,-0.6868715380360546,1.263824887137421,2.0,0.2708333333333333,0.18055555555555555,0.9604166666666667,1.0,0.4583333333333333,0.5770833333333334,0.6486486486486487,0.6948783610755442,0.8920202378838985,0.9115183395751737,0.5452497568062706,0.5924824009340482,0.6298816763894876,0.6874326894800284,0.955328533039268,0.9675440039931054,0.9427517361111111,0.9596354166666666,0.08976568948559341,0.09922621013237863,20262028,1,Asia,342,96,V1-V10_financial_only
PONE2016_h1_target_Asia,20260727,Balanced_logistic,cost_5,96,48,0.2439325672092018,"Same-horizon leave-one-region-out transfer; source regions=Europe,North America; target region=Asia; source-only fit/search/calibration; target labels untouched until final evaluation; V1-V10 financial ratios only.",Class-weighted logistic reference using the same source-only fit/search/calibration and untouched regional target.,Platt_logistic_on_separate_calibration_partition,0.699702317656111,0.9791666666666666,0.5,0.6619718309859155,0.7899159663865546,0.7078313253012049,0.8935361216730038,0.5459195627691725,0.6441471566101725,0.7395833333333333,0.5,0.7395833333333334,47.0,24.0,24.0,1.0,0.9543744904577071,0.9440104166666666,0.10232066833679222,0.3235760106814021,0.08586438083412934,-0.6868715380360546,1.263824887137421,5.0,0.3020833333333333,0.10069444444444445,0.9604166666666667,0.9791666666666666,0.38125,0.6,0.6128641628641629,0.7100267379679145,0.8745912178215055,0.9101520572450804,0.4495767037059026,0.6259132867759571,0.5514883537107077,0.716401304836895,0.9326502309244119,0.95740987141967,0.9145833333333332,0.9506076388888889,0.09660604744238223,0.1288509040645207,20262028,1,Asia,342,96,V1-V10_financial_only
PONE2016_h1_target_Asia,20260727,Balanced_logistic,cost_10,96,48,0.2439325672092018,"Same-horizon leave-one-region-out transfer; source regions=Europe,North America; target region=Asia; source-only fit/search/calibration; target labels untouched until final evaluation; V1-V10 financial ratios only.",Class-weighted logistic reference using the same source-only fit/search/calibration and untouched regional target.,Platt_logistic_on_separate_calibration_partition,0.699702317656111,0.9791666666666666,0.5,0.6619718309859155,0.7899159663865546,0.7078313253012049,0.8935361216730038,0.5459195627691725,0.6441471566101725,0.7395833333333333,0.5,0.7395833333333334,47.0,24.0,24.0,1.0,0.9543744904577071,0.9440104166666666,0.10232066833679222,0.3235760106814021,0.08586438083412934,-0.6868715380360546,1.263824887137421,10.0,0.3541666666666667,0.06439393939393939,0.9604166666666667,1.0,0.5229166666666667,0.61875,0.6681159420289855,0.720334448160535,0.8831417624521073,0.9191892603316663,0.5375038229026816,0.6439917489742398,0.6462652235089605,0.7311519715376564,0.9040704176488633,0.9915890452891188,0.8912326388888889,0.990234375,0.07126924488413244,0.1393874614057479,20262028,1,Asia,342,96,V1-V10_financial_only
PONE2016_h1_target_Asia,20260727,Balanced_logistic,cost_20,96,48,0.07769473059692372,"Same-horizon leave-one-region-out transfer; source regions=Europe,North America; target region=Asia; source-only fit/search/calibration; target labels untouched until final evaluation; V1-V10 financial ratios only.",Class-weighted logistic reference using the same source-only fit/search/calibration and untouched regional target.,Platt_logistic_on_separate_calibration_partition,0.3535533905932738,1.0,0.125,0.5333333333333333,0.6956521739130435,0.5882352941176471,0.851063829787234,0.25819888974716115,0.31838660973658534,0.5625,0.875,0.9375,48.0,42.0,6.0,0.0,0.9543744904577071,0.9440104166666666,0.10232066833679222,0.3235760106814021,0.08586438083412934,-0.6868715380360546,1.263824887137421,20.0,0.4375,0.041666666666666664,1.0,1.0,0.06458333333333333,0.14375000000000002,0.5166900420757363,0.5387265917602996,0.8424017790956263,0.8537896570000757,0.1824962132298049,0.27822405924244237,0.22741680978729092,0.3419227263222088,0.934457366980672,0.9626011887900627,0.9185329861111112,0.9563802083333333,0.09590447870210686,0.11596427231818489,20262028,1,Asia,342,96,V1-V10_financial_only
PONE2016_h1_target_Europe,20260727,HistGB,triad,171,86,0.9289184500299371,"Same-horizon leave-one-region-out transfer; source regions=Asia,North America; target region=Europe; source-only fit/search/calibration; target labels untouched until final evaluation; V1-V10 financial ratios only.",No metaheuristic; threshold and Platt calibration use calibration partition.,Platt_logistic_on_separate_calibration_partition,0.7448868109646665,0.6046511627906976,0.9176470588235294,0.8813559322033898,0.7172413793103448,0.8074534161490683,0.6451612903225806,0.5493412588939887,0.6729884269341517,0.7611491108071136,0.08235294117647059,0.34502923976608185,52.0,7.0,78.0,34.0,0.8607584204467822,0.8808481532147743,0.14984046276283483,0.4779763713993825,0.09354868242583984,-0.12502369375106423,0.7323014741694593,,,,0.5604651162790698,0.6267441860465116,0.8858823529411765,0.9411764705882353,0.847094298245614,0.9129798308392973,0.6064247441848779,0.6615086333040678,0.5274027413380622,0.5872509450334652,0.6561629877521731,0.6980838323123344,0.8462175572043965,0.8888857546411814,0.8618878248974008,0.9043912448700411,0.11138633996292699,0.1685983184092392,20260727,1,Europe,267,171,V1-V10_financial_only
PONE2016_h1_target_Europe,20260727,HistGB,cost_1,171,86,0.38111438505307244,"Same-horizon leave-one-region-out transfer; source regions=Asia,North America; target region=Europe; source-only fit/search/calibration; target labels untouched until final evaluation; V1-V10 financial ratios only.",No metaheuristic; threshold and Platt calibration use calibration partition.,Platt_logistic_on_separate_calibration_partition,0.8187274500607025,0.813953488372093,0.8235294117647058,0.8235294117647058,0.8187134502923976,0.8215962441314554,0.8158508158508159,0.6374829001367989,0.7532094281968701,0.8187414500683994,0.17647058823529413,0.49707602339181284,70.0,15.0,70.0,16.0,0.8607584204467822,0.8808481532147743,0.14984046276283483,0.4779763713993825,0.09354868242583984,-0.12502369375106423,0.7323014741694593,1.0,0.18128654970760233,0.18128654970760233,0.758139534883721,0.8662790697674418,0.7776470588235295,0.9141176470588235,0.7866886979510905,0.9064171122994652,0.7663238722062251,0.8698486786372772,0.5674102251687064,0.7525244020550769,0.7036610896037517,0.8326834816713596,0.8281657511322192,0.9163025066819273,0.8534610123119015,0.9203419972640219,0.1101650136532019,0.17520389509961004,20260727,1,Europe,267,171,V1-V10_financial_only
PONE2016_h1_target_Europe,20260727,HistGB,cost_2,171,86,0.38111438505307244,"Same-horizon leave-one-region-out transfer; source regions=Asia,North America; target region=Europe; source-only fit/search/calibration; target labels untouched until final evaluation; V1-V10 financial ratios only.",No metaheuristic; threshold and Platt calibration use calibration partition.,Platt_logistic_on_separate_calibration_partition,0.8187274500607025,0.813953488372093,0.8235294117647058,0.8235294117647058,0.8187134502923976,0.8215962441314554,0.8158508158508159,0.6374829001367989,0.7532094281968701,0.8187414500683994,0.17647058823529413,0.49707602339181284,70.0,15.0,70.0,16.0,0.8607584204467822,0.8808481532147743,0.14984046276283483,0.4779763713993825,0.09354868242583984,-0.12502369375106423,0.7323014741694593,2.0,0.27485380116959063,0.1828793774319066,0.780232558139535,0.8569767441860465,0.7764705882352941,0.88,0.7823371647509579,0.8776672694394213,0.7891730156379414,0.8605955227124539,0.5708090077170855,0.7335388062196356,0.706045872097839,0.8197506119823671,0.8350716302424617,0.8896104764774799,0.8746374829001368,0.9183447332421341,0.11888021268352679,0.1620253725578652,20260727,1,Europe,267,171,V1-V10_financial_only
PONE2016_h1_target_Europe,20260727,HistGB,cost_5,171,86,0.14144495664992965,"Same-horizon leave-one-region-out transfer; source regions=Asia,North America; target region=Europe; source-only fit/search/calibration; target labels untouched until final evaluation; V1-V10 financial ratios only.",No metaheuristic; threshold and Platt calibration use calibration partition.,Platt_logistic_on_separate_calibration_partition,0.8251352332889285,0.9186046511627907,0.7411764705882353,0.7821782178217822,0.8449197860962567,0.8061224489795918,0.8876404494382022,0.6708862122510577,0.7701341412605366,0.8298905608755129,0.25882352941176473,0.5906432748538012,79.0,22.0,63.0,7.0,0.8607584204467822,0.8808481532147743,0.14984046276283483,0.4779763713993825,0.09354868242583984,-0.12502369375106423,0.7323014741694593,5.0,0.3333333333333333,0.11067961165048544,0.863953488372093,0.927906976744186,0.6423529411764706,0.7870588235294117,0.7187841719951812,0.8114583333333333,0.8377857174891244,0.8904181008301276,0.5649377451911267,0.6981454926682321,0.689121379856353,0.7924933283935317,0.8317461688072971,0.9079273359751542,0.8405061559507523,0.9054582763337893,0.1244433108421201,0.20587209334690046,20260727,1,Europe,267,171,V1-V10_financial_only
PONE2016_h1_target_Europe,20260727,HistGB,cost_10,171,86,0.14144495664992965,"Same-horizon leave-one-region-out transfer; source regions=Asia,North America; target region=Europe; source-only fit/search/calibration; target labels untouched until final evaluation; V1-V10 financial ratios only.",No metaheuristic; threshold and Platt calibration use calibration partition.,Platt_logistic_on_separate_calibration_partition,0.8251352332889285,0.9186046511627907,0.7411764705882353,0.7821782178217822,0.8449197860962567,0.8061224489795918,0.8876404494382022,0.6708862122510577,0.7701341412605366,0.8298905608755129,0.25882352941176473,0.5906432748538012,79.0,22.0,63.0,7.0,0.8607584204467822,0.8808481532147743,0.14984046276283483,0.4779763713993825,0.09354868242583984,-0.12502369375106423,0.7323014741694593,10.0,0.5380116959064327,0.09735449735449736,0.8337209302325581,0.963953488372093,0.6835294117647059,0.7741176470588236,0.7490439852525079,0.7953937432578209,0.8242112325888631,0.9171148347333955,0.6058807785998659,0.7180895610376657,0.7293492773443329,0.8000132819268215,0.844692339980649,0.8910876258133412,0.8673324213406293,0.9065663474692203,0.12318164718640318,0.15430030960582672,20260727,1,Europe,267,171,V1-V10_financial_only
PONE2016_h1_target_Europe,20260727,HistGB,cost_20,171,86,0.11403605001720103,"Same-horizon leave-one-region-out transfer; source regions=Asia,North America; target region=Europe; source-only fit/search/calibration; target labels untouched until final evaluation; V1-V10 financial ratios only.",No metaheuristic; threshold and Platt calibration use calibration partition.,Platt_logistic_on_separate_calibration_partition,0.43133109281375365,0.9883720930232558,0.18823529411764706,0.551948051948052,0.7083333333333334,0.6054131054131054,0.8534136546184738,0.29510918904744216,0.38007393568656334,0.5883036935704514,0.8117647058823529,0.9005847953216374,85.0,69.0,16.0,1.0,0.8607584204467822,0.8808481532147743,0.14984046276283483,0.4779763713993825,0.09354868242583984,-0.12502369375106423,0.7323014741694593,20.0,0.52046783625731,0.049307479224376734,0.9662790697674419,1.0,0.13058823529411767,0.23529411764705882,0.5295936466983794,0.5689586203831282,0.8301703366176014,0.8679905265075606,0.17958808822294864,0.3617818426178007,0.2828059380699093,0.43921721639089906,0.7554630656109669,0.9024439720789932,0.8064295485636115,0.9104240766073872,0.12929814614544335,0.19644126757954716,20260727,1,Europe,267,171,V1-V10_financial_only
PONE2016_h1_target_Europe,20260727,KELM_PBMSBAINGO,triad,171,86,0.7689780668804712,"Same-horizon leave-one-region-out transfer; source regions=Asia,North America; target region=Europe; source-only fit/search/calibration; target labels untouched until final evaluation; V1-V10 financial ratios only.",Plain KELM; hyperparameters/features selected only on search partition.,Platt_logistic_on_separate_calibration_partition,0.7663404607473011,0.6162790697674418,0.9529411764705882,0.9298245614035088,0.7412587412587412,0.8439490445859873,0.6608478802992519,0.6037389203907001,0.7077788189747871,0.784610123119015,0.047058823529411764,0.3333333333333333,53.0,4.0,81.0,33.0,0.8621831019754258,0.8727770177838576,0.14420737451512675,0.4731165508813007,0.07931311931545512,-0.24397421171813605,0.822898784557685,,,,0.5616279069767441,0.7034883720930233,0.9305882352941177,0.9752941176470588,0.9042825361512792,0.9601553829078802,0.6110671810732392,0.7401146614956581,0.573151939732637,0.6754864288563375,0.6774815708389049,0.7667805225821889,0.809195904791139,0.905281525306875,0.8542134062927496,0.9158413132694938,0.12023071994947114,0.1531803473236419,20260828,1,Europe,267,171,V1-V10_financial_only
PONE2016_h1_target_Europe,20260727,KELM_PBMSBAINGO,cost_1,171,86,0.5514252244804607,"Same-horizon leave-one-region-out transfer; source regions=Asia,North America; target region=Europe; source-only fit/search/calibration; target labels untouched until final evaluation; V1-V10 financial ratios only.",Plain KELM; hyperparameters/features selected only on search partition.,Platt_logistic_on_separate_calibration_partition,0.8128583604111403,0.813953488372093,0.8117647058823529,0.813953488372093,0.813953488372093,0.813953488372093,0.813953488372093,0.625718194254446,0.7449655315221659,0.8128590971272229,0.18823529411764706,0.5029239766081871,70.0,16.0,69.0,16.0,0.8621831019754258,0.8727770177838576,0.14420737451512675,0.4731165508813007,0.07931311931545512,-0.24397421171813605,0.822898784557685,1.0,0.1871345029239766,0.1871345029239766,0.7488372093023256,0.8465116279069766,0.8011764705882354,0.8894117647058823,0.8,0.8836337209302325,0.7584993622729472,0.8476799034664326,0.5604553373029384,0.7186519760782355,0.6980477594083517,0.808805171329399,0.8220375645502548,0.9251347540223602,0.8370588235294119,0.90593707250342,0.12074717850496813,0.16377295826070726,20260828,1,Europe,267,171,V1-V10_financial_only
PONE2016_h1_target_Europe,20260727,KELM_PBMSBAINGO,cost_2,171,86,0.30788152061183754,"Same-horizon leave-one-region-out transfer; source regions=Asia,North America; target region=Europe; source-only fit/search/calibration; target labels untouched until final evaluation; V1-V10 financial ratios only.",Plain KELM; hyperparameters/features selected only on search partition.,Platt_logistic_on_separate_calibration_partition,0.7050724948416411,0.9186046511627907,0.5411764705882353,0.6694915254237288,0.7745098039215687,0.7078853046594982,0.854978354978355,0.49708526032158024,0.6275275692920974,0.729890560875513,0.4588235294117647,0.6900584795321637,79.0,39.0,46.0,7.0,0.8621831019754258,0.8727770177838576,0.14420737451512675,0.4731165508813007,0.07931311931545512,-0.24397421171813605,0.822898784557685,2.0,0.30994152046783624,0.20622568093385213,0.8976744186046512,0.9302325581395349,0.49411764705882355,0.6094117647058824,0.6425406504065041,0.7067333589842247,0.8324203463043639,0.8748921401772477,0.4303036338924683,0.5704014408651925,0.5759588135555688,0.686364754728873,0.8226618314990611,0.8615561254789904,0.8235430916552667,0.880547195622435,0.13672192291497312,0.1714749133131453,20260828,1,Europe,267,171,V1-V10_financial_only
PONE2016_h1_target_Europe,20260727,KELM_PBMSBAINGO,cost_5,171,86,0.2449644129918953,"Same-horizon leave-one-region-out transfer; source regions=Asia,North America; target region=Europe; source-only fit/search/calibration; target labels untouched until final evaluation; V1-V10 financial ratios only.",Plain KELM; hyperparameters/features selected only on search partition.,Platt_logistic_on_separate_calibration_partition,0.6492129297700212,0.9186046511627907,0.4588235294117647,0.632,0.7488151658767772,0.674061433447099,0.8422174840085288,0.4255583238431701,0.563955024533245,0.6887140902872777,0.5411764705882353,0.7309941520467836,79.0,46.0,39.0,7.0,0.8621831019754258,0.8727770177838576,0.14420737451512675,0.4731165508813007,0.07931311931545512,-0.24397421171813605,0.822898784557685,5.0,0.47368421052631576,0.15728155339805824,0.8220930232558139,0.9418604651162791,0.40588235294117647,0.5164705882352941,0.6044693130630631,0.6564624543883234,0.7738754889178618,0.8665011797760471,0.341076005007048,0.494218924010652,0.4989514972180689,0.6155509978365673,0.8419393536375349,0.8955782393290228,0.8179616963064296,0.9000820793433653,0.13077993843753385,0.17115194469764664,20260828,1,Europe,267,171,V1-V10_financial_only
PONE2016_h1_target_Europe,20260727,KELM_PBMSBAINGO,cost_10,171,86,0.008955844333889391,"Same-horizon leave-one-region-out transfer; source regions=Asia,North America; target region=Europe; source-only fit/search/calibration; target labels untouched until final evaluation; V1-V10 financial ratios only.",Plain KELM; hyperparameters/features selected only on search partition.,Platt_logistic_on_separate_calibration_partition,0.1533929977694741,1.0,0.023529411764705882,0.5088757396449705,0.6745098039215687,0.5643044619422573,0.8382066276803118,0.1094237031688097,0.13705897914633877,0.5117647058823529,0.9764705882352941,0.9883040935672515,86.0,83.0,2.0,0.0,0.8621831019754258,0.8727770177838576,0.14420737451512675,0.4731165508813007,0.07931311931545512,-0.24397421171813605,0.822898784557685,10.0,0.4853801169590643,0.08783068783068783,1.0,1.0,0.023529411764705882,0.047058823529411764,0.5088757396449705,0.5149700598802395,0.8382066276803118,0.8414872798434442,0.1094237031688097,0.15567236482701355,0.13705897914633877,0.19421563814684406,0.8015926361844302,0.9128372495303837,0.831641586867305,0.9043638850889193,0.12667797781645787,0.1678275720852325,20260828,1,Europe,267,171,V1-V10_financial_only
PONE2016_h1_target_Europe,20260727,KELM_PBMSBAINGO,cost_20,171,86,0.008955844333889391,"Same-horizon leave-one-region-out transfer; source regions=Asia,North America; target region=Europe; source-only fit/search/calibration; target labels untouched until final evaluation; V1-V10 financial ratios only.",Plain KELM; hyperparameters/features selected only on search partition.,Platt_logistic_on_separate_calibration_partition,0.1533929977694741,1.0,0.023529411764705882,0.5088757396449705,0.6745098039215687,0.5643044619422573,0.8382066276803118,0.1094237031688097,0.13705897914633877,0.5117647058823529,0.9764705882352941,0.9883040935672515,86.0,83.0,2.0,0.0,0.8621831019754258,0.8727770177838576,0.14420737451512675,0.4731165508813007,0.07931311931545512,-0.24397421171813605,0.822898784557685,20.0,0.4853801169590643,0.04598337950138504,1.0,1.0,0.011764705882352941,0.04588235294117647,0.5058823529411764,0.5146635300826917,0.8365758754863813,0.8413229268590997,0.07714633558002354,0.1535465668427603,0.0968200848233264,0.1915969143625847,0.8286291025222771,0.895851901040125,0.8480164158686732,0.8832010943912448,0.13653616095609575,0.15700010722232388,20260828,1,Europe,267,171,V1-V10_financial_only
PONE2016_h1_target_Europe,20260727,KELM_score_fusion,triad,171,86,0.9274506616989435,"Same-horizon leave-one-region-out transfer; source regions=Asia,North America; target region=Europe; source-only fit/search/calibration; target labels untouched until final evaluation; V1-V10 financial ratios only.",Plain KELM plus HistGB score-level fusion; alpha=0.10 selected only on search partition.,Platt_logistic_on_separate_calibration_partition,0.7568203338863575,0.6162790697674418,0.9294117647058824,0.8983050847457628,0.7310344827586207,0.8229813664596274,0.6575682382133995,0.5739450711702778,0.6901634746997506,0.7728454172366621,0.07058823529411765,0.34502923976608185,53.0,6.0,79.0,33.0,0.8634661986434632,0.8857729138166894,0.1492846367942992,0.4761188076529444,0.08889221060409566,-0.13104615577780418,0.7318127529776778,,,,0.5953488372093023,0.6697674418604651,0.9188235294117647,0.9529411764705882,0.8813793103448275,0.9349179400113186,0.636980310417985,0.7098546614675647,0.5437757230684149,0.6476046265583315,0.6679460376139764,0.7444208964641573,0.8415080515561655,0.9275864750577067,0.8814774281805746,0.9352530779753763,0.10750109428798,0.1577966059555502,20260830,1,Europe,267,171,V1-V10_financial_only
PONE2016_h1_target_Europe,20260727,KELM_score_fusion,cost_1,171,86,0.38260322388707074,"Same-horizon leave-one-region-out transfer; source regions=Asia,North America; target region=Europe; source-only fit/search/calibration; target labels untouched until final evaluation; V1-V10 financial ratios only.",Plain KELM plus HistGB score-level fusion; alpha=0.10 selected only on search partition.,Platt_logistic_on_separate_calibration_partition,0.8187274500607025,0.813953488372093,0.8235294117647058,0.8235294117647058,0.8187134502923976,0.8215962441314554,0.8158508158508159,0.6374829001367989,0.7532094281968701,0.8187414500683994,0.17647058823529413,0.49707602339181284,70.0,15.0,70.0,16.0,0.8634661986434632,0.8857729138166894,0.1492846367942992,0.4761188076529444,0.08889221060409566,-0.13104615577780418,0.7318127529776778,1.0,0.18128654970760233,0.18128654970760233,0.8069767441860465,0.8697674418604651,0.8,0.8576470588235293,0.8111111111111111,0.8522306397306397,0.8146896177825969,0.8655456120092379,0.6497266370115798,0.7137079911067202,0.7612868987982301,0.8059922186030077,0.873762714780869,0.9159938659366041,0.8926265389876881,0.9204651162790699,0.1252108762849364,0.1554513479814177,20260830,1,Europe,267,171,V1-V10_financial_only
PONE2016_h1_target_Europe,20260727,KELM_score_fusion,cost_2,171,86,0.38260322388707074,"Same-horizon leave-one-region-out transfer; source regions=Asia,North America; target region=Europe; source-only fit/search/calibration; target labels untouched until final evaluation; V1-V10 financial ratios only.",Plain KELM plus HistGB score-level fusion; alpha=0.10 selected only on search partition.,Platt_logistic_on_separate_calibration_partition,0.8187274500607025,0.813953488372093,0.8235294117647058,0.8235294117647058,0.8187134502923976,0.8215962441314554,0.8158508158508159,0.6374829001367989,0.7532094281968701,0.8187414500683994,0.17647058823529413,0.49707602339181284,70.0,15.0,70.0,16.0,0.8634661986434632,0.8857729138166894,0.1492846367942992,0.4761188076529444,0.08889221060409566,-0.13104615577780418,0.7318127529776778,2.0,0.27485380116959063,0.1828793774319066,0.6848837209302325,0.8709302325581395,0.7552941176470588,0.8223529411764705,0.7560470779220779,0.8273138006571742,0.6984068266144509,0.8519078398665555,0.46692133792039114,0.670435660403274,0.6292224113221425,0.7759813201587304,0.7858391402272543,0.8746730393800065,0.8076470588235293,0.8934199726402189,0.14511936696655275,0.20755064162544223,20260830,1,Europe,267,171,V1-V10_financial_only
PONE2016_h1_target_Europe,20260727,KELM_score_fusion,cost_5,171,86,0.1409326715399222,"Same-horizon leave-one-region-out transfer; source regions=Asia,North America; target region=Europe; source-only fit/search/calibration; target labels untouched until final evaluation; V1-V10 financial ratios only.",Plain KELM plus HistGB score-level fusion; alpha=0.10 selected only on search partition.,Platt_logistic_on_separate_calibration_partition,0.8067770403813291,0.9069767441860465,0.7176470588235294,0.7647058823529411,0.8297872340425532,0.7894736842105263,0.874439461883408,0.6365794100860579,0.7455095584219774,0.8123119015047879,0.2823529411764706,0.5964912280701754,78.0,24.0,61.0,8.0,0.8634661986434632,0.8857729138166894,0.1492846367942992,0.4761188076529444,0.08889221060409566,-0.13104615577780418,0.7318127529776778,5.0,0.3742690058479532,0.12427184466019417,0.8558139534883721,0.9406976744186046,0.64,0.7376470588235294,0.7231384445670159,0.7796613306190432,0.8311247575953458,0.8969680360746406,0.5639096763973593,0.6695057019882636,0.6961552116817968,0.768574254116224,0.7760908795129758,0.8647579732915797,0.8222024623803009,0.891983584131327,0.1353488810141586,0.1915263518500443,20260830,1,Europe,267,171,V1-V10_financial_only
PONE2016_h1_target_Europe,20260727,KELM_score_fusion,cost_10,171,86,0.11440486922277499,"Same-horizon leave-one-region-out transfer; source regions=Asia,North America; target region=Europe; source-only fit/search/calibration; target labels untouched until final evaluation; V1-V10 financial ratios only.",Plain KELM plus HistGB score-level fusion; alpha=0.10 selected only on search partition.,Platt_logistic_on_separate_calibration_partition,0.5772712829016592,0.9767441860465116,0.3411764705882353,0.6,0.7433628318584071,0.6501547987616099,0.8677685950413223,0.41260317967192234,0.5161360087997913,0.6589603283173735,0.6588235294117647,0.8187134502923976,84.0,56.0,29.0,2.0,0.8634661986434632,0.8857729138166894,0.1492846367942992,0.4761188076529444,0.08889221060409566,-0.13104615577780418,0.7318127529776778,10.0,0.4444444444444444,0.08042328042328042,0.9558139534883721,1.0,0.3070588235294118,0.38235294117647056,0.5858841158841159,0.6210094253572515,0.8486389940095371,0.891200252200363,0.35488381664672625,0.48719928650021854,0.47520781858554395,0.5710052526079281,0.7765568931750785,0.8999591943428022,0.8429411764705883,0.9112995896032831,0.13646660248361223,0.17823711530483397,20260830,1,Europe,267,171,V1-V10_financial_only
PONE2016_h1_target_Europe,20260727,KELM_score_fusion,cost_20,171,86,0.11440486922277499,"Same-horizon leave-one-region-out transfer; source regions=Asia,North America; target region=Europe; source-only fit/search/calibration; target labels untouched until final evaluation; V1-V10 financial ratios only.",Plain KELM plus HistGB score-level fusion; alpha=0.10 selected only on search partition.,Platt_logistic_on_separate_calibration_partition,0.5772712829016592,0.9767441860465116,0.3411764705882353,0.6,0.7433628318584071,0.6501547987616099,0.8677685950413223,0.41260317967192234,0.5161360087997913,0.6589603283173735,0.6588235294117647,0.8187134502923976,84.0,56.0,29.0,2.0,0.8634661986434632,0.8857729138166894,0.1492846367942992,0.4761188076529444,0.08889221060409566,-0.13104615577780418,0.7318127529776778,20.0,0.5614035087719298,0.05318559556786703,0.9534883720930233,0.9883720930232558,0.3423529411764706,0.43411764705882355,0.5954968944099379,0.6305710955710956,0.8520580562704624,0.8813783820856623,0.38029140224684077,0.4630317808756174,0.4993562874051119,0.5741520947029379,0.8375114081425249,0.9157143166876155,0.870766073871409,0.9204787961696307,0.12147062378347555,0.15701120437408062,20260830,1,Europe,267,171,V1-V10_financial_only
PONE2016_h1_target_Europe,20260727,KELM_risk_feature,triad,171,86,0.8677128132312313,"Same-horizon leave-one-region-out transfer; source regions=Asia,North America; target region=Europe; source-only fit/search/calibration; target labels untouched until final evaluation; V1-V10 financial ratios only.",OOF HistGB risk is a forced KELM input; no score-level fusion.,Platt_logistic_on_separate_calibration_partition,0.6642111641550714,0.5,0.8823529411764706,0.8113207547169812,0.6187050359712231,0.7214765100671141,0.5415617128463476,0.41337497845843996,0.5670902438053329,0.6911764705882353,0.11764705882352941,0.30994152046783624,43.0,10.0,75.0,43.0,0.8125920235817495,0.8521203830369356,0.14868984552935852,0.46800134206283045,0.07262309393694175,-0.32071642750957047,0.9892353358795577,,,,0.4162790697674419,0.613953488372093,0.8164705882352941,0.9058823529411765,0.7694861660079051,0.8628717620722738,0.45981254683099504,0.6407572744368808,0.34834726789371806,0.5186593122394403,0.5052161893702541,0.6504771236726293,0.7952268285395436,0.8438020094033754,0.8343775649794801,0.8699863201094391,0.13329427715441172,0.15939941402429086,20260938,1,Europe,267,171,V1-V10_financial_only
PONE2016_h1_target_Europe,20260727,KELM_risk_feature,cost_1,171,86,0.549665330461415,"Same-horizon leave-one-region-out transfer; source regions=Asia,North America; target region=Europe; source-only fit/search/calibration; target labels untouched until final evaluation; V1-V10 financial ratios only.",OOF HistGB risk is a forced KELM input; no score-level fusion.,Platt_logistic_on_separate_calibration_partition,0.8049096949118356,0.8604651162790697,0.7529411764705882,0.7789473684210526,0.8176795580110497,0.7939914163090128,0.8428246013667426,0.617217621539811,0.7367342798357395,0.806703146374829,0.24705882352941178,0.5555555555555556,74.0,21.0,64.0,12.0,0.8125920235817495,0.8521203830369356,0.14868984552935852,0.46800134206283045,0.07262309393694175,-0.32071642750957047,0.9892353358795577,1.0,0.19298245614035087,0.19298245614035087,0.8151162790697675,0.8918604651162791,0.6741176470588235,0.8764705882352941,0.7344897959183673,0.8712418300653595,0.8168449197860963,0.8563831142686774,0.5627861752914278,0.7019532483584364,0.6960777535410579,0.7973797257326951,0.7322065259468418,0.8476419780570488,0.7844186046511628,0.8927633378932968,0.11936688946872381,0.1770502453637813,20260938,1,Europe,267,171,V1-V10_financial_only
PONE2016_h1_target_Europe,20260727,KELM_risk_feature,cost_2,171,86,0.549665330461415,"Same-horizon leave-one-region-out transfer; source regions=Asia,North America; target region=Europe; source-only fit/search/calibration; target labels untouched until final evaluation; V1-V10 financial ratios only.",OOF HistGB risk is a forced KELM input; no score-level fusion.,Platt_logistic_on_separate_calibration_partition,0.8049096949118356,0.8604651162790697,0.7529411764705882,0.7789473684210526,0.8176795580110497,0.7939914163090128,0.8428246013667426,0.617217621539811,0.7367342798357395,0.806703146374829,0.24705882352941178,0.5555555555555556,74.0,21.0,64.0,12.0,0.8125920235817495,0.8521203830369356,0.14868984552935852,0.46800134206283045,0.07262309393694175,-0.32071642750957047,0.9892353358795577,2.0,0.2631578947368421,0.17509727626459143,0.7953488372093023,0.913953488372093,0.6952941176470588,0.7847058823529411,0.7359497645211931,0.8020380434782609,0.784896239662974,0.8787540584415585,0.5227708684173097,0.6494777278077012,0.6707151961992929,0.759754497267153,0.7859706250870101,0.8537025155629497,0.8272913816689467,0.8900547195622436,0.13074597162734897,0.1712858659454287,20260938,1,Europe,267,171,V1-V10_financial_only
PONE2016_h1_target_Europe,20260727,KELM_risk_feature,cost_5,171,86,0.11319725685686093,"Same-horizon leave-one-region-out transfer; source regions=Asia,North America; target region=Europe; source-only fit/search/calibration; target labels untouched until final evaluation; V1-V10 financial ratios only.",OOF HistGB risk is a forced KELM input; no score-level fusion.,Platt_logistic_on_separate_calibration_partition,0.48507125007266594,1.0,0.23529411764705882,0.5695364238410596,0.7257383966244726,0.6231884057971014,0.8686868686868687,0.36607181032625746,0.4416305608626718,0.6176470588235294,0.7647058823529411,0.8830409356725146,86.0,65.0,20.0,0.0,0.8125920235817495,0.8521203830369356,0.14868984552935852,0.46800134206283045,0.07262309393694175,-0.32071642750957047,0.9892353358795577,5.0,0.38011695906432746,0.1262135922330097,1.0,1.0,0.2,0.3011764705882353,0.5584415584415584,0.591511224253645,0.8634538152610441,0.8786321382794708,0.3341980126935402,0.4219914657838559,0.4058304406108946,0.5026771669762291,0.7700277701046361,0.8536869384514848,0.8199316005471956,0.8768809849521203,0.1411244229496791,0.16830026930071798,20260938,1,Europe,267,171,V1-V10_financial_only
PONE2016_h1_target_Europe,20260727,KELM_risk_feature,cost_10,171,86,0.04682517159987936,"Same-horizon leave-one-region-out transfer; source regions=Asia,North America; target region=Europe; source-only fit/search/calibration; target labels untouched until final evaluation; V1-V10 financial ratios only.",OOF HistGB risk is a forced KELM input; no score-level fusion.,Platt_logistic_on_separate_calibration_partition,0.24253562503633297,1.0,0.058823529411764705,0.5180722891566265,0.6825396825396826,0.5733333333333334,0.8431372549019608,0.1745704457765549,0.21735715111420992,0.5294117647058824,0.9411764705882353,0.9707602339181286,86.0,80.0,5.0,0.0,0.8125920235817495,0.8521203830369356,0.14868984552935852,0.46800134206283045,0.07262309393694175,-0.32071642750957047,0.9892353358795577,10.0,0.4678362573099415,0.08465608465608465,1.0,1.0,0.015294117647058823,0.06941176470588235,0.5067911236350827,0.5208981380065718,0.8370670159220877,0.8446280673369544,0.08499893850472254,0.19008690734397,0.10655964015567816,0.23624417409656304,0.7011327196314415,0.8530524705953255,0.7617099863201094,0.8649931600547196,0.15131289568656867,0.19166724227269757,20260938,1,Europe,267,171,V1-V10_financial_only
PONE2016_h1_target_Europe,20260727,KELM_risk_feature,cost_20,171,86,0.04682517159987936,"Same-horizon leave-one-region-out transfer; source regions=Asia,North America; target region=Europe; source-only fit/search/calibration; target labels untouched until final evaluation; V1-V10 financial ratios only.",OOF HistGB risk is a forced KELM input; no score-level fusion.,Platt_logistic_on_separate_calibration_partition,0.24253562503633297,1.0,0.058823529411764705,0.5180722891566265,0.6825396825396826,0.5733333333333334,0.8431372549019608,0.1745704457765549,0.21735715111420992,0.5294117647058824,0.9411764705882353,0.9707602339181286,86.0,80.0,5.0,0.0,0.8125920235817495,0.8521203830369356,0.14868984552935852,0.46800134206283045,0.07262309393694175,-0.32071642750957047,0.9892353358795577,20.0,0.4678362573099415,0.0443213296398892,1.0,1.0,0.023529411764705882,0.05764705882352941,0.5088757396449705,0.5177620662289878,0.8382066276803118,0.8429722573961091,0.1094237031688097,0.17268063768160075,0.13705897914633877,0.21504299981747332,0.7778327943985546,0.8622123655638024,0.8322571819425445,0.888467852257182,0.12597912126264593,0.15512755581703325,20260938,1,Europe,267,171,V1-V10_financial_only
PONE2016_h1_target_Europe,20260727,Full_PBMSBAINGO,triad,171,86,0.8116247135024548,"Same-horizon leave-one-region-out transfer; source regions=Asia,North America; target region=Europe; source-only fit/search/calibration; target labels untouched until final evaluation; V1-V10 financial ratios only.",Risk feature plus score fusion; alpha=0.70 selected only on search partition.,Platt_logistic_on_separate_calibration_partition,0.7939580322946193,0.7441860465116279,0.8470588235294118,0.8311688311688312,0.7852760736196319,0.8121827411167513,0.7600950118764845,0.5941782969957782,0.7208373687612782,0.7956224350205199,0.15294117647058825,0.4502923976608187,64.0,13.0,72.0,22.0,0.8059760747173506,0.8590971272229823,0.14822801118807494,0.49803961480602205,0.10621754793749713,-0.24796776685324143,0.6760098583114764,,,,0.6255813953488372,0.8313953488372093,0.8352941176470589,0.8694117647058823,0.7946563478901787,0.8561507936507936,0.6536092784952274,0.8358328752061572,0.4749948648249748,0.6880358666964541,0.6291285650416217,0.7882830604735642,0.7826281673198117,0.8511557235806586,0.8306976744186046,0.8871682626538988,0.13008540498661159,0.18495722304478662,20261034,1,Europe,267,171,V1-V10_financial_only
PONE2016_h1_target_Europe,20260727,Full_PBMSBAINGO,cost_1,171,86,0.3376763195088386,"Same-horizon leave-one-region-out transfer; source regions=Asia,North America; target region=Europe; source-only fit/search/calibration; target labels untouched until final evaluation; V1-V10 financial ratios only.",Risk feature plus score fusion; alpha=0.70 selected only on search partition.,Platt_logistic_on_separate_calibration_partition,0.8210633391157744,0.8953488372093024,0.7529411764705882,0.7857142857142857,0.8369565217391305,0.805439330543933,0.8710407239819005,0.6553201957547747,0.7616152384155073,0.8241450068399453,0.24705882352941178,0.5730994152046783,77.0,21.0,64.0,9.0,0.8059760747173506,0.8590971272229823,0.14822801118807494,0.49803961480602205,0.10621754793749713,-0.24796776685324143,0.6760098583114764,1.0,0.17543859649122806,0.17543859649122806,0.827906976744186,0.9593023255813954,0.7305882352941176,0.8341176470588235,0.7740971239981141,0.8383681214421252,0.8284708410855199,0.9210934035971113,0.6291107376791252,0.7325282776561677,0.7457770928646456,0.8167321340049325,0.7200071144768938,0.872126019685089,0.8103693570451436,0.8910533515731872,0.13255430776674892,0.16696024737225793,20261034,1,Europe,267,171,V1-V10_financial_only
PONE2016_h1_target_Europe,20260727,Full_PBMSBAINGO,cost_2,171,86,0.3376763195088386,"Same-horizon leave-one-region-out transfer; source regions=Asia,North America; target region=Europe; source-only fit/search/calibration; target labels untouched until final evaluation; V1-V10 financial ratios only.",Risk feature plus score fusion; alpha=0.70 selected only on search partition.,Platt_logistic_on_separate_calibration_partition,0.8210633391157744,0.8953488372093024,0.7529411764705882,0.7857142857142857,0.8369565217391305,0.805439330543933,0.8710407239819005,0.6553201957547747,0.7616152384155073,0.8241450068399453,0.24705882352941178,0.5730994152046783,77.0,21.0,64.0,9.0,0.8059760747173506,0.8590971272229823,0.14822801118807494,0.49803961480602205,0.10621754793749713,-0.24796776685324143,0.6760098583114764,2.0,0.22807017543859648,0.1517509727626459,0.8616279069767442,0.9151162790697674,0.7305882352941176,0.8176470588235294,0.7731958762886598,0.8303717559036708,0.8453079862081819,0.8844415236328025,0.6188826723834606,0.7038774582510285,0.7368248308821833,0.7979685811845604,0.7535762864760932,0.8709867471673368,0.8375786593707251,0.8942818057455542,0.13070573840218405,0.156205408897438,20261034,1,Europe,267,171,V1-V10_financial_only
PONE2016_h1_target_Europe,20260727,Full_PBMSBAINGO,cost_5,171,86,0.08674501507165495,"Same-horizon leave-one-region-out transfer; source regions=Asia,North America; target region=Europe; source-only fit/search/calibration; target labels untouched until final evaluation; V1-V10 financial ratios only.",Risk feature plus score fusion; alpha=0.70 selected only on search partition.,Platt_logistic_on_separate_calibration_partition,0.6431795165899451,0.9767441860465116,0.4235294117647059,0.631578947368421,0.7671232876712328,0.6796116504854369,0.8805031446540881,0.4813910532002347,0.5839658825975542,0.7001367989056088,0.5764705882352941,0.7777777777777778,84.0,49.0,36.0,2.0,0.8059760747173506,0.8590971272229823,0.14822801118807494,0.49803961480602205,0.10621754793749713,-0.24796776685324143,0.6760098583114764,5.0,0.34502923976608185,0.1145631067961165,0.9767441860465116,0.9988372093023256,0.35764705882352943,0.5082352941176471,0.6089285714285714,0.6680352941176471,0.8783395706637559,0.8958022388059702,0.44679488213015456,0.5527205108357722,0.5404707897310391,0.6495321521347958,0.7645715185855977,0.8581309049481012,0.8208481532147742,0.8878796169630643,0.13041105773642986,0.17910686664855008,20261034,1,Europe,267,171,V1-V10_financial_only
PONE2016_h1_target_Europe,20260727,Full_PBMSBAINGO,cost_10,171,86,0.08674501507165495,"Same-horizon leave-one-region-out transfer; source regions=Asia,North America; target region=Europe; source-only fit/search/calibration; target labels untouched until final evaluation; V1-V10 financial ratios only.",Risk feature plus score fusion; alpha=0.70 selected only on search partition.,Platt_logistic_on_separate_calibration_partition,0.6431795165899451,0.9767441860465116,0.4235294117647059,0.631578947368421,0.7671232876712328,0.6796116504854369,0.8805031446540881,0.4813910532002347,0.5839658825975542,0.7001367989056088,0.5764705882352941,0.7777777777777778,84.0,49.0,36.0,2.0,0.8059760747173506,0.8590971272229823,0.14822801118807494,0.49803961480602205,0.10621754793749713,-0.24796776685324143,0.6760098583114764,10.0,0.40350877192982454,0.07301587301587302,0.9430232558139535,0.9860465116279069,0.36000000000000004,0.5352941176470588,0.5989081996434937,0.6781865548354301,0.8458728902953586,0.8977238701013528,0.3743272609897168,0.5585547097055921,0.5030761924438295,0.6612490776170541,0.790817997834458,0.8371789697436429,0.8341039671682626,0.8748700410396717,0.1431885534940652,0.16622762836322336,20261034,1,Europe,267,171,V1-V10_financial_only
PONE2016_h1_target_Europe,20260727,Full_PBMSBAINGO,cost_20,171,86,0.08674501507165495,"Same-horizon leave-one-region-out transfer; source regions=Asia,North America; target region=Europe; source-only fit/search/calibration; target labels untouched until final evaluation; V1-V10 financial ratios only.",Risk feature plus score fusion; alpha=0.70 selected only on search partition.,Platt_logistic_on_separate_calibration_partition,0.6431795165899451,0.9767441860465116,0.4235294117647059,0.631578947368421,0.7671232876712328,0.6796116504854369,0.8805031446540881,0.4813910532002347,0.5839658825975542,0.7001367989056088,0.5764705882352941,0.7777777777777778,84.0,49.0,36.0,2.0,0.8059760747173506,0.8590971272229823,0.14822801118807494,0.49803961480602205,0.10621754793749713,-0.24796776685324143,0.6760098583114764,20.0,0.52046783625731,0.049307479224376734,0.977906976744186,0.9988372093023256,0.36823529411764705,0.5011764705882352,0.6103260869565218,0.6695729961832061,0.8727740318118948,0.9093889384478144,0.43747116768870353,0.5775195951967996,0.5400347627708253,0.661180043713012,0.7773836995635708,0.8987663608709135,0.8499042407660738,0.9146785225718194,0.10852259813809355,0.15522513961151505,20261034,1,Europe,267,171,V1-V10_financial_only
PONE2016_h1_target_Europe,20260727,Uncertainty_gated_fusion,triad,171,86,0.8677128132312313,"Same-horizon leave-one-region-out transfer; source regions=Asia,North America; target region=Europe; source-only fit/search/calibration; target labels untouched until final evaluation; V1-V10 financial ratios only.","One-standard-error paired-bootstrap gate selected KELM_risk_feature; search utility difference=0.0397, required margin=0.0489.",Platt_logistic_on_separate_calibration_partition,0.6642111641550714,0.5,0.8823529411764706,0.8113207547169812,0.6187050359712231,0.7214765100671141,0.5415617128463476,0.41337497845843996,0.5670902438053329,0.6911764705882353,0.11764705882352941,0.30994152046783624,43.0,10.0,75.0,43.0,0.8125920235817495,0.8521203830369356,0.14868984552935852,0.46800134206283045,0.07262309393694175,-0.32071642750957047,0.9892353358795577,,,,0.4686046511627907,0.6,0.8611764705882352,0.9294117647058824,0.7836363636363637,0.8879999999999999,0.5107375036576212,0.6380792853154662,0.38215640844264104,0.5240479205856473,0.5401024182971867,0.6546000788890011,0.8267796734533324,0.8876282405080392,0.8604103967168263,0.8975239398084816,0.12093234376689392,0.1370016253170685,20261080,1,Europe,267,171,V1-V10_financial_only
PONE2016_h1_target_Europe,20260727,Uncertainty_gated_fusion,cost_1,171,86,0.549665330461415,"Same-horizon leave-one-region-out transfer; source regions=Asia,North America; target region=Europe; source-only fit/search/calibration; target labels untouched until final evaluation; V1-V10 financial ratios only.","One-standard-error paired-bootstrap gate selected KELM_risk_feature; search utility difference=0.0397, required margin=0.0489.",Platt_logistic_on_separate_calibration_partition,0.8049096949118356,0.8604651162790697,0.7529411764705882,0.7789473684210526,0.8176795580110497,0.7939914163090128,0.8428246013667426,0.617217621539811,0.7367342798357395,0.806703146374829,0.24705882352941178,0.5555555555555556,74.0,21.0,64.0,12.0,0.8125920235817495,0.8521203830369356,0.14868984552935852,0.46800134206283045,0.07262309393694175,-0.32071642750957047,0.9892353358795577,1.0,0.19298245614035087,0.19298245614035087,0.7872093023255814,0.9372093023255814,0.7082352941176471,0.7835294117647058,0.732518115942029,0.8073582995951417,0.775604670558799,0.901315388057273,0.49833818466326824,0.6878031953739651,0.6527173009596687,0.7852044805839689,0.7743115669578713,0.8715546543154257,0.8002325581395349,0.8957181942544459,0.12363187469336351,0.18122239280468636,20261080,1,Europe,267,171,V1-V10_financial_only
PONE2016_h1_target_Europe,20260727,Uncertainty_gated_fusion,cost_2,171,86,0.549665330461415,"Same-horizon leave-one-region-out transfer; source regions=Asia,North America; target region=Europe; source-only fit/search/calibration; target labels untouched until final evaluation; V1-V10 financial ratios only.","One-standard-error paired-bootstrap gate selected KELM_risk_feature; search utility difference=0.0397, required margin=0.0489.",Platt_logistic_on_separate_calibration_partition,0.8049096949118356,0.8604651162790697,0.7529411764705882,0.7789473684210526,0.8176795580110497,0.7939914163090128,0.8428246013667426,0.617217621539811,0.7367342798357395,0.806703146374829,0.24705882352941178,0.5555555555555556,74.0,21.0,64.0,12.0,0.8125920235817495,0.8521203830369356,0.14868984552935852,0.46800134206283045,0.07262309393694175,-0.32071642750957047,0.9892353358795577,2.0,0.2631578947368421,0.17509727626459143,0.813953488372093,0.9151162790697674,0.6729411764705882,0.7705882352941177,0.7389540664147942,0.7833753726209585,0.8000094909677624,0.8734501307507979,0.5392523806023577,0.6069600417907967,0.681655130428412,0.7210198369082047,0.7907854848274105,0.8641835200652693,0.8318331053351573,0.8814500683994528,0.14442506541623965,0.15999667665747416,20261080,1,Europe,267,171,V1-V10_financial_only
PONE2016_h1_target_Europe,20260727,Uncertainty_gated_fusion,cost_5,171,86,0.11319725685686093,"Same-horizon leave-one-region-out transfer; source regions=Asia,North America; target region=Europe; source-only fit/search/calibration; target labels untouched until final evaluation; V1-V10 financial ratios only.","One-standard-error paired-bootstrap gate selected KELM_risk_feature; search utility difference=0.0397, required margin=0.0489.",Platt_logistic_on_separate_calibration_partition,0.48507125007266594,1.0,0.23529411764705882,0.5695364238410596,0.7257383966244726,0.6231884057971014,0.8686868686868687,0.36607181032625746,0.4416305608626718,0.6176470588235294,0.7647058823529411,0.8830409356725146,86.0,65.0,20.0,0.0,0.8125920235817495,0.8521203830369356,0.14868984552935852,0.46800134206283045,0.07262309393694175,-0.32071642750957047,0.9892353358795577,5.0,0.38011695906432746,0.1262135922330097,1.0,1.0,0.2,0.25764705882352945,0.5584415584415584,0.5767964205816555,0.8634538152610441,0.8720343924251258,0.3341980126935402,0.3854928125169937,0.4058304406108946,0.46309866065427124,0.7714635157619808,0.844475386378209,0.8115458276333789,0.8631190150478797,0.14069080672818224,0.17361371914717985,20261080,1,Europe,267,171,V1-V10_financial_only
PONE2016_h1_target_Europe,20260727,Uncertainty_gated_fusion,cost_10,171,86,0.04682517159987936,"Same-horizon leave-one-region-out transfer; source regions=Asia,North America; target region=Europe; source-only fit/search/calibration; target labels untouched until final evaluation; V1-V10 financial ratios only.","One-standard-error paired-bootstrap gate selected KELM_risk_feature; search utility difference=0.0397, required margin=0.0489.",Platt_logistic_on_separate_calibration_partition,0.24253562503633297,1.0,0.058823529411764705,0.5180722891566265,0.6825396825396826,0.5733333333333334,0.8431372549019608,0.1745704457765549,0.21735715111420992,0.5294117647058824,0.9411764705882353,0.9707602339181286,86.0,80.0,5.0,0.0,0.8125920235817495,0.8521203830369356,0.14868984552935852,0.46800134206283045,0.07262309393694175,-0.32071642750957047,0.9892353358795577,10.0,0.4678362573099415,0.08465608465608465,1.0,1.0,0.036470588235294116,0.09058823529411764,0.5122112917023096,0.5266538546825338,0.8400081029843445,0.8476273349576517,0.13654018296873435,0.2180120305986958,0.17064712408850963,0.26993270753876386,0.7732476028350885,0.8840452242441993,0.8172913816689467,0.9108207934336525,0.11178473511267736,0.1729638152065026,20261080,1,Europe,267,171,V1-V10_financial_only
PONE2016_h1_target_Europe,20260727,Uncertainty_gated_fusion,cost_20,171,86,0.04682517159987936,"Same-horizon leave-one-region-out transfer; source regions=Asia,North America; target region=Europe; source-only fit/search/calibration; target labels untouched until final evaluation; V1-V10 financial ratios only.","One-standard-error paired-bootstrap gate selected KELM_risk_feature; search utility difference=0.0397, required margin=0.0489.",Platt_logistic_on_separate_calibration_partition,0.24253562503633297,1.0,0.058823529411764705,0.5180722891566265,0.6825396825396826,0.5733333333333334,0.8431372549019608,0.1745704457765549,0.21735715111420992,0.5294117647058824,0.9411764705882353,0.9707602339181286,86.0,80.0,5.0,0.0,0.8125920235817495,0.8521203830369356,0.14868984552935852,0.46800134206283045,0.07262309393694175,-0.32071642750957047,0.9892353358795577,20.0,0.4678362573099415,0.0443213296398892,1.0,1.0,0.036470588235294116,0.09294117647058824,0.5122112917023096,0.527285650157115,0.8400081029843445,0.8479592787587942,0.13654018296873435,0.22133600594538777,0.17064712408850963,0.2739670461753176,0.7610524434270673,0.8424745923474595,0.8261149110807113,0.8790834473324214,0.13108574338080978,0.15934890352671388,20261080,1,Europe,267,171,V1-V10_financial_only
PONE2016_h1_target_Europe,20260727,Full_random_search,triad,171,86,0.8032060076360128,"Same-horizon leave-one-region-out transfer; source regions=Asia,North America; target region=Europe; source-only fit/search/calibration; target labels untouched until final evaluation; V1-V10 financial ratios only.",Same full architecture and 81 evaluations as PBMSBAINGO; alpha=0.70.,Platt_logistic_on_separate_calibration_partition,0.7884251562996853,0.7441860465116279,0.8352941176470589,0.8205128205128205,0.7804878048780488,0.8040201005025126,0.7582938388625592,0.5817126221505409,0.7124315507063852,0.7897400820793434,0.16470588235294117,0.45614035087719296,64.0,14.0,71.0,22.0,0.8045747671484541,0.8465116279069768,0.14109757806284462,0.4700644244320708,0.0937979980548029,-0.1672205793498697,0.7915525775219681,,,,0.6744186046511628,0.8081395348837209,0.78,0.8564705882352941,0.7873172233338465,0.8326103500761035,0.695610819037078,0.8039532672191279,0.5046309729361403,0.5892470334015445,0.6547347874432494,0.7185852769109072,0.7221586734830632,0.8374166076289811,0.796265389876881,0.8672640218878249,0.12632152673586342,0.1730801347245354,20261128,1,Europe,267,171,V1-V10_financial_only
PONE2016_h1_target_Europe,20260727,Full_random_search,cost_1,171,86,0.8003629092149636,"Same-horizon leave-one-region-out transfer; source regions=Asia,North America; target region=Europe; source-only fit/search/calibration; target labels untouched until final evaluation; V1-V10 financial ratios only.",Same full architecture and 81 evaluations as PBMSBAINGO; alpha=0.70.,Platt_logistic_on_separate_calibration_partition,0.7884251562996853,0.7441860465116279,0.8352941176470589,0.8205128205128205,0.7804878048780488,0.8040201005025126,0.7582938388625592,0.5817126221505409,0.7124315507063852,0.7897400820793434,0.16470588235294117,0.45614035087719296,64.0,14.0,71.0,22.0,0.8045747671484541,0.8465116279069768,0.14109757806284462,0.4700644244320708,0.0937979980548029,-0.1672205793498697,0.7915525775219681,1.0,0.21052631578947367,0.21052631578947367,0.5883720930232559,0.822093023255814,0.7458823529411764,0.8764705882352941,0.7565625,0.8705962059620597,0.6165535886485741,0.8304032035349351,0.4189728150503569,0.6983237371000555,0.5858385482447722,0.794928472611697,0.7655333244453527,0.8553199515178543,0.8167715458276334,0.8846922024623802,0.11278311865296643,0.16578815001097946,20261128,1,Europe,267,171,V1-V10_financial_only
PONE2016_h1_target_Europe,20260727,Full_random_search,cost_2,171,86,0.8003629092149636,"Same-horizon leave-one-region-out transfer; source regions=Asia,North America; target region=Europe; source-only fit/search/calibration; target labels untouched until final evaluation; V1-V10 financial ratios only.",Same full architecture and 81 evaluations as PBMSBAINGO; alpha=0.70.,Platt_logistic_on_separate_calibration_partition,0.7884251562996853,0.7441860465116279,0.8352941176470589,0.8205128205128205,0.7804878048780488,0.8040201005025126,0.7582938388625592,0.5817126221505409,0.7124315507063852,0.7897400820793434,0.16470588235294117,0.45614035087719296,64.0,14.0,71.0,22.0,0.8045747671484541,0.8465116279069768,0.14109757806284462,0.4700644244320708,0.0937979980548029,-0.1672205793498697,0.7915525775219681,2.0,0.3391812865497076,0.22568093385214008,0.6988372093023256,0.7895348837209302,0.788235294117647,0.9011764705882352,0.7859663865546218,0.8806521739130435,0.7167070217917676,0.7997866912961253,0.5169193374330907,0.6484682760057554,0.6654668175760449,0.7594108820227334,0.7620522779968113,0.8650924052376275,0.8044733242134063,0.9031190150478795,0.11014414333125691,0.16031902515019245,20261128,1,Europe,267,171,V1-V10_financial_only
PONE2016_h1_target_Europe,20260727,Full_random_search,cost_5,171,86,0.09997981336550052,"Same-horizon leave-one-region-out transfer; source regions=Asia,North America; target region=Europe; source-only fit/search/calibration; target labels untouched until final evaluation; V1-V10 financial ratios only.",Same full architecture and 81 evaluations as PBMSBAINGO; alpha=0.70.,Platt_logistic_on_separate_calibration_partition,0.5801080139056326,0.9534883720930233,0.35294117647058826,0.5985401459854015,0.7354260089686099,0.6466876971608833,0.8523908523908524,0.38387478636447836,0.5055170088450591,0.6532147742818057,0.6470588235294118,0.8011695906432749,82.0,55.0,30.0,4.0,0.8045747671484541,0.8465116279069768,0.14109757806284462,0.4700644244320708,0.0937979980548029,-0.1672205793498697,0.7915525775219681,5.0,0.43859649122807015,0.14563106796116504,0.9651162790697675,0.9872093023255814,0.28823529411764703,0.41058823529411764,0.5810915405606549,0.6288888888888889,0.858927460021085,0.8862212943632568,0.36397376887851784,0.4878683497376998,0.46761165307104285,0.5825928766922838,0.7974619590120355,0.8434673717767104,0.8428317373461013,0.8869767441860464,0.12259142409725916,0.14273041176226436,20261128,1,Europe,267,171,V1-V10_financial_only
PONE2016_h1_target_Europe,20260727,Full_random_search,cost_10,171,86,0.09997981336550052,"Same-horizon leave-one-region-out transfer; source regions=Asia,North America; target region=Europe; source-only fit/search/calibration; target labels untouched until final evaluation; V1-V10 financial ratios only.",Same full architecture and 81 evaluations as PBMSBAINGO; alpha=0.70.,Platt_logistic_on_separate_calibration_partition,0.5801080139056326,0.9534883720930233,0.35294117647058826,0.5985401459854015,0.7354260089686099,0.6466876971608833,0.8523908523908524,0.38387478636447836,0.5055170088450591,0.6532147742818057,0.6470588235294118,0.8011695906432749,82.0,55.0,30.0,4.0,0.8045747671484541,0.8465116279069768,0.14109757806284462,0.4700644244320708,0.0937979980548029,-0.1672205793498697,0.7915525775219681,10.0,0.5555555555555556,0.10052910052910052,0.9220930232558139,0.9755813953488371,0.3094117647058824,0.40823529411764703,0.5819227738376674,0.6252085162423179,0.82670727245335,0.8772533124128312,0.32083803817934414,0.4669003954354118,0.463360508462528,0.5707339817724073,0.7124056124594117,0.8542632794200065,0.7893296853625171,0.89,0.11722837280446059,0.17790809690620377,20261128,1,Europe,267,171,V1-V10_financial_only
PONE2016_h1_target_Europe,20260727,Full_random_search,cost_20,171,86,0.09997981336550052,"Same-horizon leave-one-region-out transfer; source regions=Asia,North America; target region=Europe; source-only fit/search/calibration; target labels untouched until final evaluation; V1-V10 financial ratios only.",Same full architecture and 81 evaluations as PBMSBAINGO; alpha=0.70.,Platt_logistic_on_separate_calibration_partition,0.5801080139056326,0.9534883720930233,0.35294117647058826,0.5985401459854015,0.7354260089686099,0.6466876971608833,0.8523908523908524,0.38387478636447836,0.5055170088450591,0.6532147742818057,0.6470588235294118,0.8011695906432749,82.0,55.0,30.0,4.0,0.8045747671484541,0.8465116279069768,0.14109757806284462,0.4700644244320708,0.0937979980548029,-0.1672205793498697,0.7915525775219681,20.0,0.7894736842105263,0.07479224376731301,0.9430232558139535,0.9767441860465116,0.29764705882352943,0.4435294117647059,0.5845744680851064,0.6339250843245162,0.8532897461043913,0.8667247880386217,0.37352680499273244,0.4604985508037804,0.47743122806775623,0.5793597511392823,0.7718865838054705,0.832558812629699,0.8319562243502051,0.8541450068399452,0.13075296551760054,0.1444798923907077,20261128,1,Europe,267,171,V1-V10_financial_only
PONE2016_h1_target_Europe,20260727,Balanced_logistic,triad,171,86,0.8538780267520292,"Same-horizon leave-one-region-out transfer; source regions=Asia,North America; target region=Europe; source-only fit/search/calibration; target labels untouched until final evaluation; V1-V10 financial ratios only.",Class-weighted logistic reference using the same source-only fit/search/calibration and untouched regional target.,Platt_logistic_on_separate_calibration_partition,0.6654457584623561,0.45348837209302323,0.9764705882352941,0.9512195121951219,0.6141732283464567,0.78,0.5064935064935064,0.5035262172575005,0.6063859593728079,0.7149794801641587,0.023529411764705882,0.23976608187134502,39.0,2.0,83.0,47.0,0.8789238152502963,0.8859097127222983,0.13352675077783485,0.48494763020417864,0.06897534524538726,0.1763850505203446,0.708503481494626,,,,0.35348837209302325,0.541860465116279,0.9435294117647058,0.9988235294117647,0.8930830039525691,0.9971428571428571,0.40294506694288335,0.5960489212407372,0.40464274567633374,0.6032560660764574,0.5172415054713589,0.6879781653526431,0.8209991690465936,0.9415827467507694,0.8838850889192886,0.932640218878249,0.10378448287074367,0.13781683723841961,20262028,1,Europe,267,171,V1-V10_financial_only
PONE2016_h1_target_Europe,20260727,Balanced_logistic,cost_1,171,86,0.4790664672290006,"Same-horizon leave-one-region-out transfer; source regions=Asia,North America; target region=Europe; source-only fit/search/calibration; target labels untouched until final evaluation; V1-V10 financial ratios only.",Class-weighted logistic reference using the same source-only fit/search/calibration and untouched regional target.,Platt_logistic_on_separate_calibration_partition,0.7963665779037872,0.7093023255813954,0.8941176470588236,0.8714285714285714,0.782051282051282,0.8333333333333334,0.7367149758454107,0.6135764217788545,0.7300706748481421,0.8017099863201095,0.10588235294117647,0.4093567251461988,61.0,9.0,76.0,25.0,0.8789238152502963,0.8859097127222983,0.13352675077783485,0.48494763020417864,0.06897534524538726,0.1763850505203446,0.708503481494626,1.0,0.19883040935672514,0.19883040935672514,0.6767441860465117,0.7651162790697674,0.8952941176470589,0.916470588235294,0.8721645021645021,0.8951593384429205,0.7095780665835855,0.7874493927125507,0.597756528922427,0.6773698810263481,0.7156820723306001,0.777208484016763,0.8326846778872127,0.919831943299376,0.8572640218878249,0.9224623803009576,0.10966264992074781,0.15106912673132783,20262028,1,Europe,267,171,V1-V10_financial_only
PONE2016_h1_target_Europe,20260727,Balanced_logistic,cost_2,171,86,0.39680890077479075,"Same-horizon leave-one-region-out transfer; source regions=Asia,North America; target region=Europe; source-only fit/search/calibration; target labels untouched until final evaluation; V1-V10 financial ratios only.",Class-weighted logistic reference using the same source-only fit/search/calibration and untouched regional target.,Platt_logistic_on_separate_calibration_partition,0.8179752119303013,0.7790697674418605,0.8588235294117647,0.8481012658227848,0.8121212121212121,0.8333333333333334,0.7919621749408984,0.6397337567110021,0.7536329030534981,0.8189466484268126,0.1411764705882353,0.4619883040935672,67.0,12.0,73.0,19.0,0.8789238152502963,0.8859097127222983,0.13352675077783485,0.48494763020417864,0.06897534524538726,0.1763850505203446,0.708503481494626,2.0,0.29239766081871343,0.19455252918287938,0.7023255813953488,0.8348837209302326,0.871764705882353,0.9047058823529411,0.8470498667681766,0.8928888888888888,0.7271574335619992,0.8450952579613406,0.582172131273914,0.7301079161668015,0.7089920587897167,0.8168308963562166,0.8981228409239923,0.9455199786010489,0.8751846785225718,0.9453761969904241,0.09995884359038466,0.14576231253397318,20262028,1,Europe,267,171,V1-V10_financial_only
PONE2016_h1_target_Europe,20260727,Balanced_logistic,cost_5,171,86,0.12298160169267286,"Same-horizon leave-one-region-out transfer; source regions=Asia,North America; target region=Europe; source-only fit/search/calibration; target labels untouched until final evaluation; V1-V10 financial ratios only.",Class-weighted logistic reference using the same source-only fit/search/calibration and untouched regional target.,Platt_logistic_on_separate_calibration_partition,0.6488967802846215,0.9418604651162791,0.4470588235294118,0.6328125,0.7570093457943925,0.677257525083612,0.8580508474576272,0.44820733399595897,0.5736012191341155,0.6944596443228455,0.5529411764705883,0.7485380116959064,81.0,47.0,38.0,5.0,0.8789238152502963,0.8859097127222983,0.13352675077783485,0.48494763020417864,0.06897534524538726,0.1763850505203446,0.708503481494626,5.0,0.42105263157894735,0.13980582524271845,0.9418604651162791,0.9860465116279069,0.35058823529411764,0.5164705882352941,0.5949074859955865,0.6693484886969774,0.8434199364431922,0.9007771245032392,0.3629215730079439,0.5628395623718548,0.4927345003045763,0.6552866627505088,0.8299020084764831,0.9367489575168773,0.8577564979480164,0.9266621067031464,0.103932208607879,0.15380233498035345,20262028,1,Europe,267,171,V1-V10_financial_only
PONE2016_h1_target_Europe,20260727,Balanced_logistic,cost_10,171,86,0.12298160169267286,"Same-horizon leave-one-region-out transfer; source regions=Asia,North America; target region=Europe; source-only fit/search/calibration; target labels untouched until final evaluation; V1-V10 financial ratios only.",Class-weighted logistic reference using the same source-only fit/search/calibration and untouched regional target.,Platt_logistic_on_separate_calibration_partition,0.6488967802846215,0.9418604651162791,0.4470588235294118,0.6328125,0.7570093457943925,0.677257525083612,0.8580508474576272,0.44820733399595897,0.5736012191341155,0.6944596443228455,0.5529411764705883,0.7485380116959064,81.0,47.0,38.0,5.0,0.8789238152502963,0.8859097127222983,0.13352675077783485,0.48494763020417864,0.06897534524538726,0.1763850505203446,0.708503481494626,10.0,0.5672514619883041,0.10264550264550265,0.9313953488372093,0.9860465116279069,0.39176470588235296,0.4776470588235294,0.6104279930595721,0.6445549357264128,0.84959398137091,0.8892552135054618,0.40008310794292956,0.5058650331307023,0.5284744445763045,0.6018516717722479,0.8683915661787038,0.9085196685666561,0.863830369357045,0.893720930232558,0.12737099111107933,0.15212186150853288,20262028,1,Europe,267,171,V1-V10_financial_only
PONE2016_h1_target_Europe,20260727,Balanced_logistic,cost_20,171,86,0.12298160169267286,"Same-horizon leave-one-region-out transfer; source regions=Asia,North America; target region=Europe; source-only fit/search/calibration; target labels untouched until final evaluation; V1-V10 financial ratios only.",Class-weighted logistic reference using the same source-only fit/search/calibration and untouched regional target.,Platt_logistic_on_separate_calibration_partition,0.6488967802846215,0.9418604651162791,0.4470588235294118,0.6328125,0.7570093457943925,0.677257525083612,0.8580508474576272,0.44820733399595897,0.5736012191341155,0.6944596443228455,0.5529411764705883,0.7485380116959064,81.0,47.0,38.0,5.0,0.8789238152502963,0.8859097127222983,0.13352675077783485,0.48494763020417864,0.06897534524538726,0.1763850505203446,0.708503481494626,20.0,0.8596491228070176,0.0814404432132964,0.9220930232558139,0.9755813953488371,0.40588235294117647,0.5588235294117647,0.6109855769230769,0.6911933884297521,0.836864406779661,0.9013893665313982,0.38332356796311096,0.5887571046500198,0.5233128245917429,0.6846210772137922,0.8814201508444677,0.9441201854024798,0.8819151846785226,0.940547195622435,0.1014472105991076,0.13554575583402512,20262028,1,Europe,267,171,V1-V10_financial_only
PONE2016_h1_target_North_America,20260727,HistGB,triad,171,86,0.6906479030893146,"Same-horizon leave-one-region-out transfer; source regions=Asia,Europe; target region=North America; source-only fit/search/calibration; target labels untouched until final evaluation; V1-V10 financial ratios only.",No metaheuristic; threshold and Platt calibration use calibration partition.,Platt_logistic_on_separate_calibration_partition,0.8179752119303013,0.7790697674418605,0.8588235294117647,0.8481012658227848,0.8121212121212121,0.8333333333333334,0.7919621749408984,0.6397337567110021,0.7536329030534981,0.8189466484268126,0.1411764705882353,0.4619883040935672,67.0,12.0,73.0,19.0,0.9192924561283295,0.9073871409028728,0.13800578931405347,0.4358467176219614,0.08524867383820418,-0.30199415503347077,1.0520519148822234,,,,0.7232558139534884,0.8709302325581395,0.8270588235294117,0.9247058823529412,0.8351851851851853,0.908968253968254,0.7479677629134152,0.8636962812131604,0.6160483699570238,0.7170173807254593,0.7337605962408029,0.808432458342913,0.9112010650182605,0.9443742527722246,0.8884268125854994,0.93515731874145,0.1173859342662524,0.15465525530000265,20260727,1,North America,267,171,V1-V10_financial_only
PONE2016_h1_target_North_America,20260727,HistGB,cost_1,171,86,0.6834646257429122,"Same-horizon leave-one-region-out transfer; source regions=Asia,Europe; target region=North America; source-only fit/search/calibration; target labels untouched until final evaluation; V1-V10 financial ratios only.",No metaheuristic; threshold and Platt calibration use calibration partition.,Platt_logistic_on_separate_calibration_partition,0.8240568957552994,0.7906976744186046,0.8588235294117647,0.85,0.8192771084337349,0.8374384236453202,0.8018867924528302,0.6508581271053144,0.7617285661018269,0.8247606019151846,0.1411764705882353,0.4678362573099415,68.0,12.0,73.0,18.0,0.9192924561283295,0.9073871409028728,0.13800578931405347,0.4358467176219614,0.08524867383820418,-0.30199415503347077,1.0520519148822234,1.0,0.17543859649122806,0.17543859649122806,0.6825581395348836,0.8744186046511628,0.8035294117647059,0.8705882352941177,0.7973652514302921,0.8575213675213674,0.7082523388921097,0.8680184331797235,0.5555217576777762,0.7132166902090368,0.6890360597275478,0.80521105514789,0.8985742047512189,0.9387736466150095,0.8795622435020519,0.9301367989056087,0.12471497184857606,0.16604083157313368,20260727,1,North America,267,171,V1-V10_financial_only
PONE2016_h1_target_North_America,20260727,HistGB,cost_2,171,86,0.17872842155100468,"Same-horizon leave-one-region-out transfer; source regions=Asia,Europe; target region=North America; source-only fit/search/calibration; target labels untouched until final evaluation; V1-V10 financial ratios only.",No metaheuristic; threshold and Platt calibration use calibration partition.,Platt_logistic_on_separate_calibration_partition,0.6734154528172214,0.9883720930232558,0.4588235294117647,0.648854961832061,0.783410138248848,0.6967213114754098,0.8947368421052632,0.5281905034792509,0.6210390585506578,0.7235978112175102,0.5411764705882353,0.7660818713450293,85.0,46.0,39.0,1.0,0.9192924561283295,0.9073871409028728,0.13800578931405347,0.4358467176219614,0.08524867383820418,-0.30199415503347077,1.0520519148822234,2.0,0.2807017543859649,0.1867704280155642,0.9767441860465116,0.9883720930232558,0.38941176470588235,0.5164705882352941,0.6210144927536232,0.6717291338582677,0.88293016685795,0.9023354564755839,0.47081599979130595,0.5653027190363351,0.5652081306856149,0.6562717242593764,0.91117807297205,0.9535859200514263,0.8951778385772913,0.9417236662106703,0.10203071432908203,0.14832316120262695,20260727,1,North America,267,171,V1-V10_financial_only
PONE2016_h1_target_North_America,20260727,HistGB,cost_5,171,86,0.17872842155100468,"Same-horizon leave-one-region-out transfer; source regions=Asia,Europe; target region=North America; source-only fit/search/calibration; target labels untouched until final evaluation; V1-V10 financial ratios only.",No metaheuristic; threshold and Platt calibration use calibration partition.,Platt_logistic_on_separate_calibration_partition,0.6734154528172214,0.9883720930232558,0.4588235294117647,0.648854961832061,0.783410138248848,0.6967213114754098,0.8947368421052632,0.5281905034792509,0.6210390585506578,0.7235978112175102,0.5411764705882353,0.7660818713450293,85.0,46.0,39.0,1.0,0.9192924561283295,0.9073871409028728,0.13800578931405347,0.4358467176219614,0.08524867383820418,-0.30199415503347077,1.0520519148822234,5.0,0.2982456140350877,0.09902912621359224,0.977906976744186,1.0,0.33647058823529413,0.5623529411764706,0.6015061169939344,0.693593388429752,0.8761355695317959,0.9154824953573149,0.43116629539230233,0.6086859903641096,0.5234428818233866,0.6910597534064397,0.9000347622956613,0.9448979269373231,0.8687414500683994,0.9344322845417238,0.11680858893960691,0.15933528949203707,20260727,1,North America,267,171,V1-V10_financial_only
PONE2016_h1_target_North_America,20260727,HistGB,cost_10,171,86,0.17130180353029828,"Same-horizon leave-one-region-out transfer; source regions=Asia,Europe; target region=North America; source-only fit/search/calibration; target labels untouched until final evaluation; V1-V10 financial ratios only.",No metaheuristic; threshold and Platt calibration use calibration partition.,Platt_logistic_on_separate_calibration_partition,0.4338609156373123,1.0,0.18823529411764706,0.5548387096774193,0.7136929460580913,0.6090651558073654,0.8617234468937875,0.32317213324169025,0.39328886805333707,0.5941176470588235,0.8117647058823529,0.9064327485380117,86.0,69.0,16.0,0.0,0.9192924561283295,0.9073871409028728,0.13800578931405347,0.4358467176219614,0.08524867383820418,-0.30199415503347077,1.0520519148822234,10.0,0.40350877192982454,0.07301587301587302,1.0,1.0,0.13647058823529412,0.21176470588235294,0.5395941558441558,0.5620915032679739,0.8542025243832473,0.8651911468812877,0.2707858625730365,0.3450089011438866,0.3325222801366145,0.41804974202107886,0.9212746922913668,0.9508445212127372,0.9050683994528044,0.9400683994528044,0.11061003073326887,0.14282008886950726,20260727,1,North America,267,171,V1-V10_financial_only
PONE2016_h1_target_North_America,20260727,HistGB,cost_20,171,86,0.17130180353029828,"Same-horizon leave-one-region-out transfer; source regions=Asia,Europe; target region=North America; source-only fit/search/calibration; target labels untouched until final evaluation; V1-V10 financial ratios only.",No metaheuristic; threshold and Platt calibration use calibration partition.,Platt_logistic_on_separate_calibration_partition,0.4338609156373123,1.0,0.18823529411764706,0.5548387096774193,0.7136929460580913,0.6090651558073654,0.8617234468937875,0.32317213324169025,0.39328886805333707,0.5941176470588235,0.8117647058823529,0.9064327485380117,86.0,69.0,16.0,0.0,0.9192924561283295,0.9073871409028728,0.13800578931405347,0.4358467176219614,0.08524867383820418,-0.30199415503347077,1.0520519148822234,20.0,0.40350877192982454,0.03822714681440443,1.0,1.0,0.15529411764705883,0.21176470588235294,0.5450016228497241,0.5620915032679739,0.8569163346613546,0.8651911468812877,0.29086272291866294,0.3450089011438866,0.3560767032454598,0.41804974202107886,0.9120441618688312,0.9419178541707031,0.8975102599179207,0.9312790697674419,0.11201772961987704,0.15865365021725736,20260727,1,North America,267,171,V1-V10_financial_only
PONE2016_h1_target_North_America,20260727,KELM_PBMSBAINGO,triad,171,86,0.9103034915742914,"Same-horizon leave-one-region-out transfer; source regions=Asia,Europe; target region=North America; source-only fit/search/calibration; target labels untouched until final evaluation; V1-V10 financial ratios only.",Plain KELM; hyperparameters/features selected only on search partition.,Platt_logistic_on_separate_calibration_partition,0.7292970211147444,0.5581395348837209,0.9529411764705882,0.9230769230769231,0.6956521739130435,0.8163265306122449,0.6060606060606061,0.5554858832760924,0.6660302715627872,0.7555403556771545,0.047058823529411764,0.30409356725146197,48.0,4.0,81.0,38.0,0.8830620486960558,0.8694938440492477,0.14323398405581636,0.4597618120543212,0.07689482230139078,-0.1670231133287326,0.6699021145024753,,,,0.486046511627907,0.6581395348837209,0.9094117647058824,0.9870588235294118,0.8806100795755968,0.9790972992970773,0.5387695025022079,0.6930597623131288,0.5286487208475161,0.6365897393712466,0.6309888250625089,0.7241902066954679,0.8790098664458222,0.9158098016098022,0.8608960328317372,0.8912722298221614,0.12377030908660247,0.14827651113852638,20260828,1,North America,267,171,V1-V10_financial_only
PONE2016_h1_target_North_America,20260727,KELM_PBMSBAINGO,cost_1,171,86,0.32536611060711157,"Same-horizon leave-one-region-out transfer; source regions=Asia,Europe; target region=North America; source-only fit/search/calibration; target labels untouched until final evaluation; V1-V10 financial ratios only.",Plain KELM; hyperparameters/features selected only on search partition.,Platt_logistic_on_separate_calibration_partition,0.7804905679608093,0.8488372093023255,0.7176470588235294,0.7525773195876289,0.7978142076502732,0.770042194092827,0.8276643990929705,0.5716692273789673,0.7035474248103508,0.7832421340629274,0.2823529411764706,0.5672514619883041,73.0,24.0,61.0,13.0,0.8830620486960558,0.8694938440492477,0.14323398405581636,0.4597618120543212,0.07689482230139078,-0.1670231133287326,0.6699021145024753,1.0,0.21637426900584794,0.21637426900584794,0.813953488372093,0.8813953488372093,0.6847058823529412,0.7411764705882353,0.738036003236246,0.7608695652173914,0.8027522935779816,0.8488110783807585,0.537630499663598,0.5837739389141131,0.679978000008606,0.7111383819242787,0.8569226000904662,0.8882820202520763,0.8524418604651163,0.878419972640219,0.14051878637431325,0.16032344338044693,20260828,1,North America,267,171,V1-V10_financial_only
PONE2016_h1_target_North_America,20260727,KELM_PBMSBAINGO,cost_2,171,86,0.32536611060711157,"Same-horizon leave-one-region-out transfer; source regions=Asia,Europe; target region=North America; source-only fit/search/calibration; target labels untouched until final evaluation; V1-V10 financial ratios only.",Plain KELM; hyperparameters/features selected only on search partition.,Platt_logistic_on_separate_calibration_partition,0.7804905679608093,0.8488372093023255,0.7176470588235294,0.7525773195876289,0.7978142076502732,0.770042194092827,0.8276643990929705,0.5716692273789673,0.7035474248103508,0.7832421340629274,0.2823529411764706,0.5672514619883041,73.0,24.0,61.0,13.0,0.8830620486960558,0.8694938440492477,0.14323398405581636,0.4597618120543212,0.07689482230139078,-0.1670231133287326,0.6699021145024753,2.0,0.29239766081871343,0.19455252918287938,0.8162790697674419,0.8837209302325582,0.6847058823529412,0.7964705882352942,0.7393251946553878,0.8033045977011495,0.8128630244861503,0.8626659856996935,0.5709582684097729,0.6494289170457584,0.703535994258052,0.7589961151613679,0.893397163073031,0.9105763396274894,0.8792407660738716,0.8957729138166894,0.1263436454042674,0.1405867503637659,20260828,1,North America,267,171,V1-V10_financial_only
PONE2016_h1_target_North_America,20260727,KELM_PBMSBAINGO,cost_5,171,86,0.32536611060711157,"Same-horizon leave-one-region-out transfer; source regions=Asia,Europe; target region=North America; source-only fit/search/calibration; target labels untouched until final evaluation; V1-V10 financial ratios only.",Plain KELM; hyperparameters/features selected only on search partition.,Platt_logistic_on_separate_calibration_partition,0.7804905679608093,0.8488372093023255,0.7176470588235294,0.7525773195876289,0.7978142076502732,0.770042194092827,0.8276643990929705,0.5716692273789673,0.7035474248103508,0.7832421340629274,0.2823529411764706,0.5672514619883041,73.0,24.0,61.0,13.0,0.8830620486960558,0.8694938440492477,0.14323398405581636,0.4597618120543212,0.07689482230139078,-0.1670231133287326,0.6699021145024753,5.0,0.52046783625731,0.17281553398058253,0.8372093023255814,0.9127906976744186,0.7176470588235294,0.7647058823529411,0.7528297917104986,0.7964426877470356,0.8222948347367098,0.8861934772172456,0.5726278446618515,0.6831463467562132,0.7043753440113549,0.7804837861759583,0.8697628969739588,0.9311691372950248,0.8658002735978112,0.921860465116279,0.10916020280687364,0.15123877771991773,20260828,1,North America,267,171,V1-V10_financial_only
PONE2016_h1_target_North_America,20260727,KELM_PBMSBAINGO,cost_10,171,86,0.07187912372124507,"Same-horizon leave-one-region-out transfer; source regions=Asia,Europe; target region=North America; source-only fit/search/calibration; target labels untouched until final evaluation; V1-V10 financial ratios only.",Plain KELM; hyperparameters/features selected only on search partition.,Platt_logistic_on_separate_calibration_partition,0.45208136986551456,0.9651162790697675,0.21176470588235294,0.5533333333333333,0.7033898305084746,0.6049562682215743,0.840080971659919,0.2694539531549366,0.3804573045221614,0.5884404924760602,0.788235294117647,0.8771929824561403,83.0,67.0,18.0,3.0,0.8830620486960558,0.8694938440492477,0.14323398405581636,0.4597618120543212,0.07689482230139078,-0.1670231133287326,0.6699021145024753,10.0,0.5672514619883041,0.10264550264550265,0.9325581395348838,0.9988372093023256,0.15647058823529414,0.27647058823529413,0.5409168662333219,0.5793780081451314,0.8150406504065041,0.8662696154158874,0.1961592357304462,0.37366510739008585,0.3311461315221975,0.46525882370566674,0.866671985095674,0.9025576390397205,0.8537414500683994,0.8917373461012311,0.1274080318372905,0.16115047888635137,20260828,1,North America,267,171,V1-V10_financial_only
PONE2016_h1_target_North_America,20260727,KELM_PBMSBAINGO,cost_20,171,86,0.07187912372124507,"Same-horizon leave-one-region-out transfer; source regions=Asia,Europe; target region=North America; source-only fit/search/calibration; target labels untouched until final evaluation; V1-V10 financial ratios only.",Plain KELM; hyperparameters/features selected only on search partition.,Platt_logistic_on_separate_calibration_partition,0.45208136986551456,0.9651162790697675,0.21176470588235294,0.5533333333333333,0.7033898305084746,0.6049562682215743,0.840080971659919,0.2694539531549366,0.3804573045221614,0.5884404924760602,0.788235294117647,0.8771929824561403,83.0,67.0,18.0,3.0,0.8830620486960558,0.8694938440492477,0.14323398405581636,0.4597618120543212,0.07689482230139078,-0.1670231133287326,0.6699021145024753,20.0,0.7426900584795322,0.0703601108033241,0.9325581395348838,0.9755813953488371,0.15411764705882353,0.2223529411764706,0.533414327607876,0.5563091692964132,0.815526873277223,0.8417748275455577,0.18049813968915118,0.27922719893643955,0.30033209685216766,0.39058425238473465,0.8614998424669573,0.9029630873188833,0.8366210670314637,0.877359781121751,0.13146419692414174,0.16152419027995119,20260828,1,North America,267,171,V1-V10_financial_only
PONE2016_h1_target_North_America,20260727,KELM_score_fusion,triad,171,86,0.6906479030893146,"Same-horizon leave-one-region-out transfer; source regions=Asia,Europe; target region=North America; source-only fit/search/calibration; target labels untouched until final evaluation; V1-V10 financial ratios only.",Plain KELM plus HistGB score-level fusion; alpha=0.00 selected only on search partition.,Platt_logistic_on_separate_calibration_partition,0.8179752119303013,0.7790697674418605,0.8588235294117647,0.8481012658227848,0.8121212121212121,0.8333333333333334,0.7919621749408984,0.6397337567110021,0.7536329030534981,0.8189466484268126,0.1411764705882353,0.4619883040935672,67.0,12.0,73.0,19.0,0.9192924561283295,0.9073871409028728,0.13800578931405347,0.4358467176219614,0.08524867383820418,-0.30199415503347077,1.0520519148822234,,,,0.6372093023255814,0.8093023255813954,0.8129411764705883,0.9011764705882352,0.7840946615299945,0.8880685563612393,0.6625404033967817,0.8183839881393624,0.4686587263267534,0.6788713496711412,0.6263971991868139,0.7787187274773097,0.8676193048732764,0.9351983356340923,0.8540492476060191,0.9221340629274967,0.12578233280948767,0.172641294170193,20260830,1,North America,267,171,V1-V10_financial_only
PONE2016_h1_target_North_America,20260727,KELM_score_fusion,cost_1,171,86,0.6834646257429122,"Same-horizon leave-one-region-out transfer; source regions=Asia,Europe; target region=North America; source-only fit/search/calibration; target labels untouched until final evaluation; V1-V10 financial ratios only.",Plain KELM plus HistGB score-level fusion; alpha=0.00 selected only on search partition.,Platt_logistic_on_separate_calibration_partition,0.8240568957552994,0.7906976744186046,0.8588235294117647,0.85,0.8192771084337349,0.8374384236453202,0.8018867924528302,0.6508581271053144,0.7617285661018269,0.8247606019151846,0.1411764705882353,0.4678362573099415,68.0,12.0,73.0,18.0,0.9192924561283295,0.9073871409028728,0.13800578931405347,0.4358467176219614,0.08524867383820418,-0.30199415503347077,1.0520519148822234,1.0,0.17543859649122806,0.17543859649122806,0.7453488372093023,0.8197674418604651,0.8482352941176471,0.9270588235294118,0.8355421686746989,0.9140410958904109,0.7676617000238671,0.8275704827958926,0.6091983781390817,0.7035931707297717,0.7315598873437723,0.7945154737097221,0.9110997604894246,0.9291275219546375,0.8980984952120382,0.9150068399452805,0.13164667194819732,0.14277566889738647,20260830,1,North America,267,171,V1-V10_financial_only
PONE2016_h1_target_North_America,20260727,KELM_score_fusion,cost_2,171,86,0.17872842155100468,"Same-horizon leave-one-region-out transfer; source regions=Asia,Europe; target region=North America; source-only fit/search/calibration; target labels untouched until final evaluation; V1-V10 financial ratios only.",Plain KELM plus HistGB score-level fusion; alpha=0.00 selected only on search partition.,Platt_logistic_on_separate_calibration_partition,0.6734154528172214,0.9883720930232558,0.4588235294117647,0.648854961832061,0.783410138248848,0.6967213114754098,0.8947368421052632,0.5281905034792509,0.6210390585506578,0.7235978112175102,0.5411764705882353,0.7660818713450293,85.0,46.0,39.0,1.0,0.9192924561283295,0.9073871409028728,0.13800578931405347,0.4358467176219614,0.08524867383820418,-0.30199415503347077,1.0520519148822234,2.0,0.2807017543859649,0.1867704280155642,0.977906976744186,0.9988372093023256,0.39294117647058824,0.5399999999999999,0.6247793396534815,0.6826341463414635,0.8910984107100915,0.9055007921542486,0.4936424166144059,0.5830611260336305,0.5785707060343253,0.6734238614260486,0.9067360975313331,0.9539682015043544,0.8839945280437757,0.9473939808481532,0.12583915724828876,0.14925673631410522,20260830,1,North America,267,171,V1-V10_financial_only
PONE2016_h1_target_North_America,20260727,KELM_score_fusion,cost_5,171,86,0.17872842155100468,"Same-horizon leave-one-region-out transfer; source regions=Asia,Europe; target region=North America; source-only fit/search/calibration; target labels untouched until final evaluation; V1-V10 financial ratios only.",Plain KELM plus HistGB score-level fusion; alpha=0.00 selected only on search partition.,Platt_logistic_on_separate_calibration_partition,0.6734154528172214,0.9883720930232558,0.4588235294117647,0.648854961832061,0.783410138248848,0.6967213114754098,0.8947368421052632,0.5281905034792509,0.6210390585506578,0.7235978112175102,0.5411764705882353,0.7660818713450293,85.0,46.0,39.0,1.0,0.9192924561283295,0.9073871409028728,0.13800578931405347,0.4358467176219614,0.08524867383820418,-0.30199415503347077,1.0520519148822234,5.0,0.2982456140350877,0.09902912621359224,0.9767441860465116,1.0,0.3788235294117647,0.49411764705882355,0.619056754596323,0.6661417322834645,0.8775651027359631,0.9073537927041111,0.4641054436348035,0.5704043844761308,0.565287982453869,0.6551200033509265,0.8672219855639148,0.9450773009702188,0.8514090287277702,0.936422708618331,0.12016810039098771,0.16977944581544563,20260830,1,North America,267,171,V1-V10_financial_only
PONE2016_h1_target_North_America,20260727,KELM_score_fusion,cost_10,171,86,0.17130180353029828,"Same-horizon leave-one-region-out transfer; source regions=Asia,Europe; target region=North America; source-only fit/search/calibration; target labels untouched until final evaluation; V1-V10 financial ratios only.",Plain KELM plus HistGB score-level fusion; alpha=0.00 selected only on search partition.,Platt_logistic_on_separate_calibration_partition,0.4338609156373123,1.0,0.18823529411764706,0.5548387096774193,0.7136929460580913,0.6090651558073654,0.8617234468937875,0.32317213324169025,0.39328886805333707,0.5941176470588235,0.8117647058823529,0.9064327485380117,86.0,69.0,16.0,0.0,0.9192924561283295,0.9073871409028728,0.13800578931405347,0.4358467176219614,0.08524867383820418,-0.30199415503347077,1.0520519148822234,10.0,0.40350877192982454,0.07301587301587302,1.0,1.0,0.15411764705882353,0.21882352941176472,0.5446504877852133,0.5643387314439946,0.8567446779747279,0.866241935483871,0.289708988766729,0.3512548860878732,0.3547477444741469,0.4250166872328123,0.8711936085123189,0.941231178198213,0.847482900136799,0.9308139534883721,0.11525066160006457,0.17334874270500691,20260830,1,North America,267,171,V1-V10_financial_only
PONE2016_h1_target_North_America,20260727,KELM_score_fusion,cost_20,171,86,0.17130180353029828,"Same-horizon leave-one-region-out transfer; source regions=Asia,Europe; target region=North America; source-only fit/search/calibration; target labels untouched until final evaluation; V1-V10 financial ratios only.",Plain KELM plus HistGB score-level fusion; alpha=0.00 selected only on search partition.,Platt_logistic_on_separate_calibration_partition,0.4338609156373123,1.0,0.18823529411764706,0.5548387096774193,0.7136929460580913,0.6090651558073654,0.8617234468937875,0.32317213324169025,0.39328886805333707,0.5941176470588235,0.8117647058823529,0.9064327485380117,86.0,69.0,16.0,0.0,0.9192924561283295,0.9073871409028728,0.13800578931405347,0.4358467176219614,0.08524867383820418,-0.30199415503347077,1.0520519148822234,20.0,0.40350877192982454,0.03822714681440443,1.0,1.0,0.16588235294117648,0.26705882352941174,0.5481218357014536,0.5799266153570789,0.8584550898203593,0.8734540527223454,0.30152193582364295,0.39348152933598524,0.3684317512600023,0.47182744365680906,0.8959030113024798,0.955083951842054,0.8766963064295485,0.9455403556771546,0.10466620678810007,0.16983267613507277,20260830,1,North America,267,171,V1-V10_financial_only
PONE2016_h1_target_North_America,20260727,KELM_risk_feature,triad,171,86,0.7144041729106446,"Same-horizon leave-one-region-out transfer; source regions=Asia,Europe; target region=North America; source-only fit/search/calibration; target labels untouched until final evaluation; V1-V10 financial ratios only.",OOF HistGB risk is a forced KELM input; no score-level fusion.,Platt_logistic_on_separate_calibration_partition,0.7126951217212784,0.5465116279069767,0.9294117647058824,0.8867924528301887,0.6762589928057554,0.7885906040268457,0.5919395465994962,0.5145372272117755,0.6393541051472417,0.7379616963064295,0.07058823529411765,0.30994152046783624,47.0,6.0,79.0,39.0,0.8917849470234145,0.8902872777017784,0.13701972259939146,0.4186318609831978,0.0660902990700506,0.27333366485009464,0.9484701318969782,,,,0.43372093023255814,0.613953488372093,0.8847058823529411,0.9729411764705882,0.7912330719885959,0.9571091644204852,0.47694240432933904,0.6531206269241534,0.3599032105413657,0.611043568537295,0.5169513508255729,0.7064107313920357,0.842377280567084,0.91678670743605,0.854247606019152,0.907311901504788,0.12340222194524099,0.16143592965734224,20260938,1,North America,267,171,V1-V10_financial_only
PONE2016_h1_target_North_America,20260727,KELM_risk_feature,cost_1,171,86,0.7097289803809677,"Same-horizon leave-one-region-out transfer; source regions=Asia,Europe; target region=North America; source-only fit/search/calibration; target labels untouched until final evaluation; V1-V10 financial ratios only.",OOF HistGB risk is a forced KELM input; no score-level fusion.,Platt_logistic_on_separate_calibration_partition,0.7202370790707734,0.5581395348837209,0.9294117647058824,0.8888888888888888,0.6857142857142857,0.7947019867549668,0.6030150753768844,0.5244320148789856,0.6479577906673972,0.7437756497948016,0.07058823529411765,0.3157894736842105,48.0,6.0,79.0,38.0,0.8917849470234145,0.8902872777017784,0.13701972259939146,0.4186318609831978,0.0660902990700506,0.27333366485009464,0.9484701318969782,1.0,0.2573099415204678,0.2573099415204678,0.49186046511627907,0.6011627906976744,0.8964705882352941,0.9517647058823528,0.8547131147540983,0.9119352088661551,0.5415774099318403,0.6390277777777778,0.49500998527234147,0.5205608887468721,0.6148737324581143,0.6545576886662157,0.8587732000130882,0.9038389206938111,0.8580848153214774,0.9102325581395349,0.12613556295250067,0.15747947439581736,20260938,1,North America,267,171,V1-V10_financial_only
PONE2016_h1_target_North_America,20260727,KELM_risk_feature,cost_2,171,86,0.5804454489670616,"Same-horizon leave-one-region-out transfer; source regions=Asia,Europe; target region=North America; source-only fit/search/calibration; target labels untouched until final evaluation; V1-V10 financial ratios only.",OOF HistGB risk is a forced KELM input; no score-level fusion.,Platt_logistic_on_separate_calibration_partition,0.7780328767595502,0.686046511627907,0.8823529411764706,0.855072463768116,0.7612903225806451,0.8149171270718232,0.7142857142857143,0.5792788981400724,0.7051711489894902,0.7841997264021887,0.11764705882352941,0.40350877192982454,59.0,10.0,75.0,27.0,0.8917849470234145,0.8902872777017784,0.13701972259939146,0.4186318609831978,0.0660902990700506,0.27333366485009464,0.9484701318969782,2.0,0.3742690058479532,0.2490272373540856,0.6534883720930234,0.708139534883721,0.8729411764705882,0.9270588235294118,0.8388059701492537,0.9051583710407239,0.6836982968369829,0.7358590122414521,0.5391937826462113,0.6322054254603002,0.6750075190059703,0.7384878112212132,0.8757329122006159,0.9096372267793073,0.8768467852257182,0.9044186046511627,0.1305580436452491,0.1446293006144495,20260938,1,North America,267,171,V1-V10_financial_only
PONE2016_h1_target_North_America,20260727,KELM_risk_feature,cost_5,171,86,0.07479124024271176,"Same-horizon leave-one-region-out transfer; source regions=Asia,Europe; target region=North America; source-only fit/search/calibration; target labels untouched until final evaluation; V1-V10 financial ratios only.",OOF HistGB risk is a forced KELM input; no score-level fusion.,Platt_logistic_on_separate_calibration_partition,0.6341835558335931,0.9767441860465116,0.4117647058823529,0.6268656716417911,0.7636363636363637,0.6752411575562701,0.8786610878661087,0.47174400561426555,0.5746174112922292,0.6942544459644322,0.5882352941176471,0.783625730994152,84.0,50.0,35.0,2.0,0.8917849470234145,0.8902872777017784,0.13701972259939146,0.4186318609831978,0.0660902990700506,0.27333366485009464,0.9484701318969782,5.0,0.3508771929824561,0.11650485436893204,0.9674418604651163,0.9988372093023256,0.3188235294117647,0.46352941176470586,0.5973591549295775,0.6509615384615385,0.8655735596707819,0.8955036919831224,0.4233167718829261,0.5318694248891285,0.5166403029620595,0.624477667985915,0.8325162651826837,0.9174027364502298,0.8395554035567716,0.913296853625171,0.1193886980833528,0.16633572991148318,20260938,1,North America,267,171,V1-V10_financial_only
PONE2016_h1_target_North_America,20260727,KELM_risk_feature,cost_10,171,86,0.07479124024271176,"Same-horizon leave-one-region-out transfer; source regions=Asia,Europe; target region=North America; source-only fit/search/calibration; target labels untouched until final evaluation; V1-V10 financial ratios only.",OOF HistGB risk is a forced KELM input; no score-level fusion.,Platt_logistic_on_separate_calibration_partition,0.6341835558335931,0.9767441860465116,0.4117647058823529,0.6268656716417911,0.7636363636363637,0.6752411575562701,0.8786610878661087,0.47174400561426555,0.5746174112922292,0.6942544459644322,0.5882352941176471,0.783625730994152,84.0,50.0,35.0,2.0,0.8917849470234145,0.8902872777017784,0.13701972259939146,0.4186318609831978,0.0660902990700506,0.27333366485009464,0.9484701318969782,10.0,0.4093567251461988,0.07407407407407407,0.9546511627906977,0.9883720930232558,0.34352941176470586,0.4435294117647059,0.5959336878323428,0.6395052516788153,0.8525622624111624,0.8841470620417988,0.38125852297477103,0.4976838712839352,0.5003380060911236,0.5987084417067607,0.848589588771411,0.913881376676457,0.842140902872777,0.9085225718194254,0.12534295858431196,0.16700114594080762,20260938,1,North America,267,171,V1-V10_financial_only
PONE2016_h1_target_North_America,20260727,KELM_risk_feature,cost_20,171,86,0.07479124024271176,"Same-horizon leave-one-region-out transfer; source regions=Asia,Europe; target region=North America; source-only fit/search/calibration; target labels untouched until final evaluation; V1-V10 financial ratios only.",OOF HistGB risk is a forced KELM input; no score-level fusion.,Platt_logistic_on_separate_calibration_partition,0.6341835558335931,0.9767441860465116,0.4117647058823529,0.6268656716417911,0.7636363636363637,0.6752411575562701,0.8786610878661087,0.47174400561426555,0.5746174112922292,0.6942544459644322,0.5882352941176471,0.783625730994152,84.0,50.0,35.0,2.0,0.8917849470234145,0.8902872777017784,0.13701972259939146,0.4186318609831978,0.0660902990700506,0.27333366485009464,0.9484701318969782,20.0,0.5263157894736842,0.04986149584487535,0.9546511627906977,0.9976744186046511,0.33647058823529413,0.5094117647058823,0.5928755503060238,0.668979104477612,0.8507952389615114,0.8991756697683132,0.37073533495788263,0.5545482676837086,0.49179970762890135,0.6513582398738785,0.8284343407855563,0.9216018877989547,0.8175581395348838,0.9200820793433653,0.11319345443560798,0.18106063831339025,20260938,1,North America,267,171,V1-V10_financial_only
PONE2016_h1_target_North_America,20260727,Full_PBMSBAINGO,triad,171,86,0.686629853438825,"Same-horizon leave-one-region-out transfer; source regions=Asia,Europe; target region=North America; source-only fit/search/calibration; target labels untouched until final evaluation; V1-V10 financial ratios only.",Risk feature plus score fusion; alpha=0.30 selected only on search partition.,Platt_logistic_on_separate_calibration_partition,0.8183932073645682,0.7906976744186046,0.8470588235294118,0.8395061728395061,0.8143712574850299,0.8292682926829268,0.8,0.6386307361897502,0.7534560935577185,0.8188782489740082,0.15294117647058825,0.47368421052631576,68.0,13.0,72.0,18.0,0.9050203787902075,0.9043775649794802,0.13642823211712202,0.4318143142762016,0.08795028837987531,-0.3021638924412925,1.0446217899298718,,,,0.7604651162790698,0.8802325581395349,0.8152941176470588,0.8929411764705882,0.8268115942028985,0.8834956183057449,0.7746882457732513,0.8692873906550032,0.61334121672333,0.698962886152762,0.7347488405972125,0.7944497820994368,0.8955418125861003,0.9434961714214227,0.897578659370725,0.9364911080711356,0.11617518981302749,0.14662024597589277,20261034,1,North America,267,171,V1-V10_financial_only
PONE2016_h1_target_North_America,20260727,Full_PBMSBAINGO,cost_1,171,86,0.6795040653861102,"Same-horizon leave-one-region-out transfer; source regions=Asia,Europe; target region=North America; source-only fit/search/calibration; target labels untouched until final evaluation; V1-V10 financial ratios only.",Risk feature plus score fusion; alpha=0.30 selected only on search partition.,Platt_logistic_on_separate_calibration_partition,0.8183932073645682,0.7906976744186046,0.8470588235294118,0.8395061728395061,0.8143712574850299,0.8292682926829268,0.8,0.6386307361897502,0.7534560935577185,0.8188782489740082,0.15294117647058825,0.47368421052631576,68.0,13.0,72.0,18.0,0.9050203787902075,0.9043775649794802,0.13642823211712202,0.4318143142762016,0.08795028837987531,-0.3021638924412925,1.0446217899298718,1.0,0.18128654970760233,0.18128654970760233,0.758139534883721,0.7999999999999999,0.7776470588235295,0.88,0.7845053475935828,0.8679270096991616,0.7695779397907058,0.7983224465558195,0.568477940604005,0.6622072626162943,0.7044604731266733,0.768562787986394,0.8459876055507767,0.9217418681561927,0.8632284541723666,0.9020793433652531,0.13264887335981135,0.1619829525982261,20261034,1,North America,267,171,V1-V10_financial_only
PONE2016_h1_target_North_America,20260727,Full_PBMSBAINGO,cost_2,171,86,0.6795040653861102,"Same-horizon leave-one-region-out transfer; source regions=Asia,Europe; target region=North America; source-only fit/search/calibration; target labels untouched until final evaluation; V1-V10 financial ratios only.",Risk feature plus score fusion; alpha=0.30 selected only on search partition.,Platt_logistic_on_separate_calibration_partition,0.8183932073645682,0.7906976744186046,0.8470588235294118,0.8395061728395061,0.8143712574850299,0.8292682926829268,0.8,0.6386307361897502,0.7534560935577185,0.8188782489740082,0.15294117647058825,0.47368421052631576,68.0,13.0,72.0,18.0,0.9050203787902075,0.9043775649794802,0.13642823211712202,0.4318143142762016,0.08795028837987531,-0.3021638924412925,1.0446217899298718,2.0,0.28654970760233917,0.19066147859922178,0.7383720930232558,0.8372093023255814,0.7870588235294118,0.9141176470588235,0.7786429018136335,0.9080580426057425,0.7460616781256258,0.8504644890620318,0.526066700828552,0.753346214587058,0.6733936073887365,0.8322773822396583,0.8706401574815323,0.9602819510001678,0.8745348837209302,0.9545896032831738,0.10035214687452057,0.15777507361171086,20261034,1,North America,267,171,V1-V10_financial_only
PONE2016_h1_target_North_America,20260727,Full_PBMSBAINGO,cost_5,171,86,0.16929504394432052,"Same-horizon leave-one-region-out transfer; source regions=Asia,Europe; target region=North America; source-only fit/search/calibration; target labels untouched until final evaluation; V1-V10 financial ratios only.",Risk feature plus score fusion; alpha=0.30 selected only on search partition.,Platt_logistic_on_separate_calibration_partition,0.6287677132370127,0.9883720930232558,0.4,0.625,0.7657657657657657,0.6746031746031746,0.8854166666666666,0.4812859987830362,0.5751677997820729,0.6941860465116279,0.6,0.7953216374269005,85.0,51.0,34.0,1.0,0.9050203787902075,0.9043775649794802,0.13642823211712202,0.4318143142762016,0.08795028837987531,-0.3021638924412925,1.0446217899298718,5.0,0.32748538011695905,0.1087378640776699,0.9569767441860465,0.9883720930232558,0.4,0.4564705882352941,0.6173872180451128,0.6478792400849451,0.862126572327044,0.8943616903894958,0.43074070969459405,0.5263238827882337,0.5482811680297361,0.6192312759881489,0.8862681556507891,0.9379864483120333,0.8966347469220246,0.9264911080711354,0.11853001388547858,0.15483798232858415,20261034,1,North America,267,171,V1-V10_financial_only
PONE2016_h1_target_North_America,20260727,Full_PBMSBAINGO,cost_10,171,86,0.16336949022475314,"Same-horizon leave-one-region-out transfer; source regions=Asia,Europe; target region=North America; source-only fit/search/calibration; target labels untouched until final evaluation; V1-V10 financial ratios only.",Risk feature plus score fusion; alpha=0.30 selected only on search partition.,Platt_logistic_on_separate_calibration_partition,0.4058397249567139,1.0,0.16470588235294117,0.5477707006369427,0.7078189300411523,0.6022408963585434,0.8582834331337326,0.30036820167170897,0.36710279248868943,0.5823529411764706,0.8352941176470589,0.9181286549707602,86.0,71.0,14.0,0.0,0.9050203787902075,0.9043775649794802,0.13642823211712202,0.4318143142762016,0.08795028837987531,-0.3021638924412925,1.0446217899298718,10.0,0.4152046783625731,0.07513227513227513,1.0,1.0,0.10941176470588235,0.2223529411764706,0.5318658280922433,0.5654196766425869,0.850309211922143,0.8667610501719998,0.241009462111786,0.354565221883157,0.2974382929705469,0.4287824234147384,0.8751225570607212,0.9205063853062924,0.8625581395348838,0.9206155950752394,0.12123774972156373,0.1645693508581358,20261034,1,North America,267,171,V1-V10_financial_only
PONE2016_h1_target_North_America,20260727,Full_PBMSBAINGO,cost_20,171,86,0.16336949022475314,"Same-horizon leave-one-region-out transfer; source regions=Asia,Europe; target region=North America; source-only fit/search/calibration; target labels untouched until final evaluation; V1-V10 financial ratios only.",Risk feature plus score fusion; alpha=0.30 selected only on search partition.,Platt_logistic_on_separate_calibration_partition,0.4058397249567139,1.0,0.16470588235294117,0.5477707006369427,0.7078189300411523,0.6022408963585434,0.8582834331337326,0.30036820167170897,0.36710279248868943,0.5823529411764706,0.8352941176470589,0.9181286549707602,86.0,71.0,14.0,0.0,0.9050203787902075,0.9043775649794802,0.13642823211712202,0.4318143142762016,0.08795028837987531,-0.3021638924412925,1.0446217899298718,20.0,0.4152046783625731,0.03933518005540166,1.0,1.0,0.12235294117647058,0.1988235294117647,0.5355224116786012,0.5580812735651445,0.8521649769767395,0.8632807784243185,0.2556525286976188,0.33309542474835524,0.3147745203578892,0.40457628335513884,0.8780585359307121,0.9302204208138087,0.8908823529411765,0.9159917920656636,0.11805545778155896,0.15200465046590586,20261034,1,North America,267,171,V1-V10_financial_only
PONE2016_h1_target_North_America,20260727,Uncertainty_gated_fusion,triad,171,86,0.7144041729106446,"Same-horizon leave-one-region-out transfer; source regions=Asia,Europe; target region=North America; source-only fit/search/calibration; target labels untouched until final evaluation; V1-V10 financial ratios only.","One-standard-error paired-bootstrap gate selected KELM_risk_feature; search utility difference=0.0000, required margin=0.0077.",Platt_logistic_on_separate_calibration_partition,0.7126951217212784,0.5465116279069767,0.9294117647058824,0.8867924528301887,0.6762589928057554,0.7885906040268457,0.5919395465994962,0.5145372272117755,0.6393541051472417,0.7379616963064295,0.07058823529411765,0.30994152046783624,47.0,6.0,79.0,39.0,0.8917849470234145,0.8902872777017784,0.13701972259939146,0.4186318609831978,0.0660902990700506,0.27333366485009464,0.9484701318969782,,,,0.422093023255814,0.627906976744186,0.9070588235294118,0.9635294117647059,0.8501509433962264,0.9441459502806736,0.4722625968992248,0.672346704763337,0.44086351453230155,0.6211640620122441,0.562177705388021,0.719991197952119,0.8781608312436174,0.9060887710186013,0.8728180574555403,0.906484268125855,0.12866152112683313,0.14924690653008904,20261080,1,North America,267,171,V1-V10_financial_only
PONE2016_h1_target_North_America,20260727,Uncertainty_gated_fusion,cost_1,171,86,0.7097289803809677,"Same-horizon leave-one-region-out transfer; source regions=Asia,Europe; target region=North America; source-only fit/search/calibration; target labels untouched until final evaluation; V1-V10 financial ratios only.","One-standard-error paired-bootstrap gate selected KELM_risk_feature; search utility difference=0.0000, required margin=0.0077.",Platt_logistic_on_separate_calibration_partition,0.7202370790707734,0.5581395348837209,0.9294117647058824,0.8888888888888888,0.6857142857142857,0.7947019867549668,0.6030150753768844,0.5244320148789856,0.6479577906673972,0.7437756497948016,0.07058823529411765,0.3157894736842105,48.0,6.0,79.0,38.0,0.8917849470234145,0.8902872777017784,0.13701972259939146,0.4186318609831978,0.0660902990700506,0.27333366485009464,0.9484701318969782,1.0,0.2573099415204678,0.2573099415204678,0.48255813953488375,0.5697674418604651,0.8952941176470589,0.9411764705882353,0.8375439831104856,0.9019607843137255,0.5276934969562277,0.610820585352539,0.42979217322286706,0.5202892399582982,0.5736775258147302,0.6398209093176136,0.8626878428878746,0.8945974654461525,0.863515731874145,0.8990492476060192,0.12905988869928375,0.1498468012188409,20261080,1,North America,267,171,V1-V10_financial_only
PONE2016_h1_target_North_America,20260727,Uncertainty_gated_fusion,cost_2,171,86,0.5804454489670616,"Same-horizon leave-one-region-out transfer; source regions=Asia,Europe; target region=North America; source-only fit/search/calibration; target labels untouched until final evaluation; V1-V10 financial ratios only.","One-standard-error paired-bootstrap gate selected KELM_risk_feature; search utility difference=0.0000, required margin=0.0077.",Platt_logistic_on_separate_calibration_partition,0.7780328767595502,0.686046511627907,0.8823529411764706,0.855072463768116,0.7612903225806451,0.8149171270718232,0.7142857142857143,0.5792788981400724,0.7051711489894902,0.7841997264021887,0.11764705882352941,0.40350877192982454,59.0,10.0,75.0,27.0,0.8917849470234145,0.8902872777017784,0.13701972259939146,0.4186318609831978,0.0660902990700506,0.27333366485009464,0.9484701318969782,2.0,0.3742690058479532,0.2490272373540856,0.6627906976744186,0.7069767441860465,0.8282352941176471,0.928235294117647,0.8018532818532819,0.9084654850746269,0.6969923054796491,0.7391392503261751,0.5194163801149009,0.6487505607137903,0.6657475633750453,0.7514234486533522,0.8813531082304275,0.9309720854586352,0.8659575923392613,0.9316347469220245,0.10898116650670829,0.15164764129051836,20261080,1,North America,267,171,V1-V10_financial_only
PONE2016_h1_target_North_America,20260727,Uncertainty_gated_fusion,cost_5,171,86,0.07479124024271176,"Same-horizon leave-one-region-out transfer; source regions=Asia,Europe; target region=North America; source-only fit/search/calibration; target labels untouched until final evaluation; V1-V10 financial ratios only.","One-standard-error paired-bootstrap gate selected KELM_risk_feature; search utility difference=0.0000, required margin=0.0077.",Platt_logistic_on_separate_calibration_partition,0.6341835558335931,0.9767441860465116,0.4117647058823529,0.6268656716417911,0.7636363636363637,0.6752411575562701,0.8786610878661087,0.47174400561426555,0.5746174112922292,0.6942544459644322,0.5882352941176471,0.783625730994152,84.0,50.0,35.0,2.0,0.8917849470234145,0.8902872777017784,0.13701972259939146,0.4186318609831978,0.0660902990700506,0.27333366485009464,0.9484701318969782,5.0,0.3508771929824561,0.11650485436893204,0.9767441860465116,0.9883720930232558,0.32588235294117646,0.46941176470588236,0.5971872571872572,0.6509320078111132,0.873103616792342,0.8943616903894958,0.4183417320303319,0.5273315035524281,0.5122221959033133,0.6209787763396298,0.8349374884214514,0.921913139917211,0.8350000000000001,0.9219151846785225,0.11527502621570453,0.17027074591660893,20261080,1,North America,267,171,V1-V10_financial_only
PONE2016_h1_target_North_America,20260727,Uncertainty_gated_fusion,cost_10,171,86,0.07479124024271176,"Same-horizon leave-one-region-out transfer; source regions=Asia,Europe; target region=North America; source-only fit/search/calibration; target labels untouched until final evaluation; V1-V10 financial ratios only.","One-standard-error paired-bootstrap gate selected KELM_risk_feature; search utility difference=0.0000, required margin=0.0077.",Platt_logistic_on_separate_calibration_partition,0.6341835558335931,0.9767441860465116,0.4117647058823529,0.6268656716417911,0.7636363636363637,0.6752411575562701,0.8786610878661087,0.47174400561426555,0.5746174112922292,0.6942544459644322,0.5882352941176471,0.783625730994152,84.0,50.0,35.0,2.0,0.8917849470234145,0.8902872777017784,0.13701972259939146,0.4186318609831978,0.0660902990700506,0.27333366485009464,0.9484701318969782,10.0,0.4093567251461988,0.07407407407407407,0.9651162790697675,0.9767441860465116,0.3764705882352941,0.45294117647058824,0.6105785744954917,0.6412919896640827,0.8647638308977036,0.8773232641999938,0.4243129897584506,0.4893906631773011,0.5367605815613614,0.5982247976189081,0.861769571764159,0.9067217983695014,0.8684473324213406,0.8980848153214774,0.13142594016582554,0.15380607735887614,20261080,1,North America,267,171,V1-V10_financial_only
PONE2016_h1_target_North_America,20260727,Uncertainty_gated_fusion,cost_20,171,86,0.07479124024271176,"Same-horizon leave-one-region-out transfer; source regions=Asia,Europe; target region=North America; source-only fit/search/calibration; target labels untouched until final evaluation; V1-V10 financial ratios only.","One-standard-error paired-bootstrap gate selected KELM_risk_feature; search utility difference=0.0000, required margin=0.0077.",Platt_logistic_on_separate_calibration_partition,0.6341835558335931,0.9767441860465116,0.4117647058823529,0.6268656716417911,0.7636363636363637,0.6752411575562701,0.8786610878661087,0.47174400561426555,0.5746174112922292,0.6942544459644322,0.5882352941176471,0.783625730994152,84.0,50.0,35.0,2.0,0.8917849470234145,0.8902872777017784,0.13701972259939146,0.4186318609831978,0.0660902990700506,0.27333366485009464,0.9484701318969782,20.0,0.5263157894736842,0.04986149584487535,0.9558139534883721,0.9767441860465116,0.32,0.43411764705882355,0.5923943661971831,0.635322692574601,0.8632618583495777,0.8818003192926439,0.39426699238022933,0.48810024126546175,0.4976098466361382,0.5904118439848575,0.8412371211792804,0.9253068784931732,0.8427906976744186,0.9180027359781122,0.11882895163128147,0.1661564097037604,20261080,1,North America,267,171,V1-V10_financial_only
PONE2016_h1_target_North_America,20260727,Full_random_search,triad,171,86,0.6823953814936382,"Same-horizon leave-one-region-out transfer; source regions=Asia,Europe; target region=North America; source-only fit/search/calibration; target labels untouched until final evaluation; V1-V10 financial ratios only.",Same full architecture and 81 evaluations as PBMSBAINGO; alpha=0.20.,Platt_logistic_on_separate_calibration_partition,0.8300940233198283,0.8023255813953488,0.8588235294117647,0.8518518518518519,0.8263473053892215,0.8414634146341463,0.8117647058823529,0.6620554157025017,0.76980897858159,0.8305745554035567,0.1411764705882353,0.47368421052631576,69.0,12.0,73.0,17.0,0.917621574635422,0.9086183310533515,0.13592159442939522,0.42839411494231766,0.09377922612438379,-0.32093481788072614,1.0347594238057467,,,,0.7697674418604652,0.8651162790697674,0.7705882352941176,0.8882352941176471,0.7769360269360269,0.8794871794871795,0.7775272331154685,0.8594033240876231,0.5592466073983856,0.6988712595261737,0.6977111346420126,0.7944452567549495,0.8767727876181927,0.9440967002052147,0.858563611491108,0.9329206566347469,0.12688377448503393,0.17924862861306673,20261128,1,North America,267,171,V1-V10_financial_only
PONE2016_h1_target_North_America,20260727,Full_random_search,cost_1,171,86,0.6752953882624858,"Same-horizon leave-one-region-out transfer; source regions=Asia,Europe; target region=North America; source-only fit/search/calibration; target labels untouched until final evaluation; V1-V10 financial ratios only.",Same full architecture and 81 evaluations as PBMSBAINGO; alpha=0.20.,Platt_logistic_on_separate_calibration_partition,0.8303411854581981,0.813953488372093,0.8470588235294118,0.8433734939759037,0.8284023668639053,0.8373205741626795,0.819672131147541,0.6612837562953572,0.7696625195378888,0.8305061559507524,0.15294117647058825,0.4853801169590643,70.0,13.0,72.0,16.0,0.917621574635422,0.9086183310533515,0.13592159442939522,0.42839411494231766,0.09377922612438379,-0.32093481788072614,1.0347594238057467,1.0,0.1695906432748538,0.1695906432748538,0.7476744186046511,0.8662790697674418,0.8129411764705883,0.9105882352941176,0.8105092728878422,0.8991345277862132,0.7598604977920513,0.8608410763198883,0.5749899153541584,0.7074810066833233,0.7081085205398947,0.8012507537196788,0.8937492910068732,0.9451384732304411,0.8780095759233926,0.9363201094391245,0.12293787457374965,0.15796787731657733,20261128,1,North America,267,171,V1-V10_financial_only
PONE2016_h1_target_North_America,20260727,Full_random_search,cost_2,171,86,0.17323798232088794,"Same-horizon leave-one-region-out transfer; source regions=Asia,Europe; target region=North America; source-only fit/search/calibration; target labels untouched until final evaluation; V1-V10 financial ratios only.",Same full architecture and 81 evaluations as PBMSBAINGO; alpha=0.20.,Platt_logistic_on_separate_calibration_partition,0.6734154528172214,0.9883720930232558,0.4588235294117647,0.648854961832061,0.783410138248848,0.6967213114754098,0.8947368421052632,0.5281905034792509,0.6210390585506578,0.7235978112175102,0.5411764705882353,0.7660818713450293,85.0,46.0,39.0,1.0,0.917621574635422,0.9086183310533515,0.13592159442939522,0.42839411494231766,0.09377922612438379,-0.32093481788072614,1.0347594238057467,2.0,0.2807017543859649,0.1867704280155642,0.9883720930232558,1.0,0.4117647058823529,0.4811764705882353,0.6296296296296297,0.6610334703464474,0.8872651356993737,0.9069820119920053,0.49073727534742323,0.5639784600693044,0.5845292031858759,0.6474212307749478,0.88966789580323,0.924822919985606,0.8943707250341997,0.9201299589603282,0.12240023498604645,0.1441930538340721,20261128,1,North America,267,171,V1-V10_financial_only
PONE2016_h1_target_North_America,20260727,Full_random_search,cost_5,171,86,0.1692266690830108,"Same-horizon leave-one-region-out transfer; source regions=Asia,Europe; target region=North America; source-only fit/search/calibration; target labels untouched until final evaluation; V1-V10 financial ratios only.",Same full architecture and 81 evaluations as PBMSBAINGO; alpha=0.20.,Platt_logistic_on_separate_calibration_partition,0.6039088361275575,1.0,0.36470588235294116,0.6142857142857143,0.7610619469026548,0.6656346749226006,0.8884297520661157,0.47332189199885755,0.5568007180312068,0.6823529411764706,0.6352941176470588,0.8187134502923976,86.0,54.0,31.0,0.0,0.917621574635422,0.9086183310533515,0.13592159442939522,0.42839411494231766,0.09377922612438379,-0.32093481788072614,1.0347594238057467,5.0,0.3157894736842105,0.10485436893203884,1.0,1.0,0.32,0.468235294117647,0.5980633802816901,0.6555013487918269,0.8815101531403899,0.9048835926293722,0.43745350190504634,0.5540036857073931,0.5192102918970816,0.6377497463228662,0.9022580347525541,0.9270778297480606,0.905376196990424,0.9164979480164158,0.1314502691123722,0.13727875619529178,20261128,1,North America,267,171,V1-V10_financial_only
PONE2016_h1_target_North_America,20260727,Full_random_search,cost_10,171,86,0.1692266690830108,"Same-horizon leave-one-region-out transfer; source regions=Asia,Europe; target region=North America; source-only fit/search/calibration; target labels untouched until final evaluation; V1-V10 financial ratios only.",Same full architecture and 81 evaluations as PBMSBAINGO; alpha=0.20.,Platt_logistic_on_separate_calibration_partition,0.6039088361275575,1.0,0.36470588235294116,0.6142857142857143,0.7610619469026548,0.6656346749226006,0.8884297520661157,0.47332189199885755,0.5568007180312068,0.6823529411764706,0.6352941176470588,0.8187134502923976,86.0,54.0,31.0,0.0,0.917621574635422,0.9086183310533515,0.13592159442939522,0.42839411494231766,0.09377922612438379,-0.32093481788072614,1.0347594238057467,10.0,0.3157894736842105,0.05714285714285714,1.0,1.0,0.35529411764705887,0.47411764705882353,0.6108066738098883,0.6581583380123526,0.8869650594437685,0.905852785599621,0.4658361239013498,0.5585058370910453,0.5490259995530852,0.6419915667633148,0.8904921692855623,0.9363466764772739,0.8924965800273598,0.9320246238030095,0.11331184965052585,0.14459132484555337,20261128,1,North America,267,171,V1-V10_financial_only
PONE2016_h1_target_North_America,20260727,Full_random_search,cost_20,171,86,0.16079766844316387,"Same-horizon leave-one-region-out transfer; source regions=Asia,Europe; target region=North America; source-only fit/search/calibration; target labels untouched until final evaluation; V1-V10 financial ratios only.",Same full architecture and 81 evaluations as PBMSBAINGO; alpha=0.20.,Platt_logistic_on_separate_calibration_partition,0.0,1.0,0.0,0.5029239766081871,0.669260700389105,0.5584415584415584,0.8349514563106796,0.0,0.0,0.5,1.0,1.0,86.0,85.0,0.0,0.0,0.917621574635422,0.9086183310533515,0.13592159442939522,0.42839411494231766,0.09377922612438379,-0.32093481788072614,1.0347594238057467,20.0,0.49707602339181284,0.04709141274238227,1.0,1.0,0.0,0.0,0.5029239766081871,0.5029239766081871,0.8349514563106796,0.8349514563106796,0.0,0.0,0.0,0.0,0.9108859835447403,0.933457992788328,0.8937209302325582,0.9191860465116279,0.12794862268761534,0.1454062655074358,20261128,1,North America,267,171,V1-V10_financial_only
PONE2016_h1_target_North_America,20260727,Balanced_logistic,triad,171,86,0.8650349181795917,"Same-horizon leave-one-region-out transfer; source regions=Asia,Europe; target region=North America; source-only fit/search/calibration; target labels untouched until final evaluation; V1-V10 financial ratios only.",Class-weighted logistic reference using the same source-only fit/search/calibration and untouched regional target.,Platt_logistic_on_separate_calibration_partition,0.7973965846863742,0.6511627906976745,0.9764705882352941,0.9655172413793104,0.7777777777777778,0.8805031446540881,0.6965174129353234,0.6628442637111425,0.7497562272231731,0.8138166894664842,0.023529411764705882,0.3391812865497076,56.0,2.0,83.0,30.0,0.9134370704739887,0.8811217510259918,0.13617659942514532,0.4761766750967566,0.09170516797810371,-0.38120384322773115,0.6158875907588395,,,,0.5,0.7011627906976744,0.9435294117647058,0.9988235294117647,0.9155980861244019,0.9976744186046511,0.5532099982601635,0.7406333136269583,0.5522293600603719,0.6942762932611235,0.6472152307550626,0.7780932708666747,0.8650838044160852,0.9256471438523435,0.8187824897400822,0.8965184678522572,0.12717784487164327,0.1838826258549503,20262028,1,North America,267,171,V1-V10_financial_only
PONE2016_h1_target_North_America,20260727,Balanced_logistic,cost_1,171,86,0.5804939897470687,"Same-horizon leave-one-region-out transfer; source regions=Asia,Europe; target region=North America; source-only fit/search/calibration; target labels untouched until final evaluation; V1-V10 financial ratios only.",Class-weighted logistic reference using the same source-only fit/search/calibration and untouched regional target.,Platt_logistic_on_separate_calibration_partition,0.7994526171100473,0.7441860465116279,0.8588235294117647,0.8421052631578947,0.7901234567901234,0.8205128205128205,0.7619047619047619,0.6067563059204921,0.7292334561753235,0.8015047879616963,0.1411764705882353,0.4444444444444444,64.0,12.0,73.0,22.0,0.9134370704739887,0.8811217510259918,0.13617659942514532,0.4761766750967566,0.09170516797810371,-0.38120384322773115,0.6158875907588395,1.0,0.19883040935672514,0.19883040935672514,0.7244186046511627,0.836046511627907,0.871764705882353,0.916470588235294,0.8659349593495935,0.9097268487674883,0.7498547890847399,0.849290780141844,0.6259719697357238,0.7514216708746513,0.7397919869201882,0.8307277789479,0.9103042470322997,0.9543980000451648,0.8552941176470588,0.9346922024623803,0.09944004871166438,0.14028643911032498,20262028,1,North America,267,171,V1-V10_financial_only
PONE2016_h1_target_North_America,20260727,Balanced_logistic,cost_2,171,86,0.36221656568404953,"Same-horizon leave-one-region-out transfer; source regions=Asia,Europe; target region=North America; source-only fit/search/calibration; target labels untouched until final evaluation; V1-V10 financial ratios only.",Class-weighted logistic reference using the same source-only fit/search/calibration and untouched regional target.,Platt_logistic_on_separate_calibration_partition,0.7698135222877858,0.8837209302325582,0.6705882352941176,0.7307692307692307,0.8,0.7569721115537849,0.8482142857142857,0.5677493912173089,0.6955194019301474,0.7771545827633379,0.32941176470588235,0.6081871345029239,76.0,28.0,57.0,10.0,0.9134370704739887,0.8811217510259918,0.13617659942514532,0.4761766750967566,0.09170516797810371,-0.38120384322773115,0.6158875907588395,2.0,0.2807017543859649,0.1867704280155642,0.8313953488372093,0.927906976744186,0.6152941176470589,0.7235294117647059,0.7027294621354028,0.7649831649831649,0.8035330836454432,0.8822389580295252,0.48688252480947863,0.6225761022203566,0.6390680593100989,0.7362230163676692,0.8876071833222949,0.9377740322479352,0.8491655266757866,0.9127906976744186,0.11926743930543925,0.1545580100046121,20262028,1,North America,267,171,V1-V10_financial_only
PONE2016_h1_target_North_America,20260727,Balanced_logistic,cost_5,171,86,0.30753990680477866,"Same-horizon leave-one-region-out transfer; source regions=Asia,Europe; target region=North America; source-only fit/search/calibration; target labels untouched until final evaluation; V1-V10 financial ratios only.",Class-weighted logistic reference using the same source-only fit/search/calibration and untouched regional target.,Platt_logistic_on_separate_calibration_partition,0.7541948352522734,0.8953488372093024,0.6352941176470588,0.7129629629629629,0.7938144329896907,0.7432432432432432,0.8517699115044248,0.5500205786711634,0.6788628070315224,0.7653214774281806,0.36470588235294116,0.631578947368421,77.0,31.0,54.0,9.0,0.9134370704739887,0.8811217510259918,0.13617659942514532,0.4761766750967566,0.09170516797810371,-0.38120384322773115,0.6158875907588395,5.0,0.4444444444444444,0.14757281553398058,0.872093023255814,0.8953488372093024,0.5317647058823529,0.5870588235294117,0.6586793737236215,0.6863175675675676,0.8209296174285233,0.8433825208357119,0.44968030682526017,0.5047547484680918,0.6004331016094392,0.6419902838626109,0.8746762401482763,0.9213371909285587,0.8218809849521204,0.8863816689466485,0.13311528412555584,0.17411422620343509,20262028,1,North America,267,171,V1-V10_financial_only
PONE2016_h1_target_North_America,20260727,Balanced_logistic,cost_10,171,86,0.046055449760079685,"Same-horizon leave-one-region-out transfer; source regions=Asia,Europe; target region=North America; source-only fit/search/calibration; target labels untouched until final evaluation; V1-V10 financial ratios only.",Class-weighted logistic reference using the same source-only fit/search/calibration and untouched regional target.,Platt_logistic_on_separate_calibration_partition,0.3177382450056355,0.9534883720930233,0.10588235294117647,0.5189873417721519,0.6721311475409836,0.5710306406685237,0.8167330677290837,0.11200330070781972,0.22445189104436636,0.5296853625170999,0.8941176470588236,0.9239766081871345,82.0,76.0,9.0,4.0,0.9134370704739887,0.8811217510259918,0.13617659942514532,0.4761766750967566,0.09170516797810371,-0.38120384322773115,0.6158875907588395,10.0,0.6783625730994152,0.12275132275132275,0.9220930232558139,0.9767441860465116,0.07058823529411765,0.16,0.5127837423312883,0.5281383647798742,0.8009848338795708,0.834331290364323,0.07694658294028578,0.1789726394034669,0.18087225372593857,0.27598703887474,0.8987338575847384,0.9278520297134859,0.852859097127223,0.9137756497948016,0.11837887966598298,0.15680076695071526,20262028,1,North America,267,171,V1-V10_financial_only
PONE2016_h1_target_North_America,20260727,Balanced_logistic,cost_20,171,86,0.046055449760079685,"Same-horizon leave-one-region-out transfer; source regions=Asia,Europe; target region=North America; source-only fit/search/calibration; target labels untouched until final evaluation; V1-V10 financial ratios only.",Class-weighted logistic reference using the same source-only fit/search/calibration and untouched regional target.,Platt_logistic_on_separate_calibration_partition,0.3177382450056355,0.9534883720930233,0.10588235294117647,0.5189873417721519,0.6721311475409836,0.5710306406685237,0.8167330677290837,0.11200330070781972,0.22445189104436636,0.5296853625170999,0.8941176470588236,0.9239766081871345,82.0,76.0,9.0,4.0,0.9134370704739887,0.8811217510259918,0.13617659942514532,0.4761766750967566,0.09170516797810371,-0.38120384322773115,0.6158875907588395,20.0,0.9122807017543859,0.08642659279778393,0.9232558139534883,0.9872093023255814,0.04941176470588235,0.12705882352941178,0.5064555468135327,0.5312760437141284,0.7941177630852256,0.8410910812196757,0.0318545493818128,0.20078130729574203,0.11656117614109848,0.29185523009545405,0.8721462080045813,0.9568254959620167,0.8264295485636115,0.9476812585499316,0.09937613396955179,0.16826296746319847,20262028,1,North America,267,171,V1-V10_financial_only
PONE2016_h2_target_Asia,20260727,HistGB,triad,96,48,0.710220443253912,"Same-horizon leave-one-region-out transfer; source regions=Europe,North America; target region=Asia; source-only fit/search/calibration; target labels untouched until final evaluation; V1-V10 financial ratios only.",No metaheuristic; threshold and Platt calibration use calibration partition.,Platt_logistic_on_separate_calibration_partition,0.7694243880258078,0.6458333333333334,0.9166666666666666,0.8857142857142857,0.7469879518072289,0.824468085106383,0.6828193832599119,0.5843389347222367,0.7019921246874938,0.78125,0.08333333333333333,0.3645833333333333,31.0,4.0,44.0,17.0,0.8322420966926936,0.8546006944444444,0.16570085082619865,0.5129137304205235,0.11547635034095505,-0.007898574333384345,1.6167949976510647,,,,0.625,0.7000000000000001,0.9,0.9770833333333333,0.8623376623376623,0.9654121863799283,0.6613803230543319,0.7383172055699787,0.5461647648149098,0.6842814936995332,0.6747163460821157,0.7718443013946359,0.7593460080106617,0.9118682016986205,0.8226128472222223,0.9119357638888889,0.14750205394168295,0.1746409812072366,20260727,2,Asia,338,96,V1-V10_financial_only
PONE2016_h2_target_Asia,20260727,HistGB,cost_1,96,48,0.5728332499733618,"Same-horizon leave-one-region-out transfer; source regions=Europe,North America; target region=Asia; source-only fit/search/calibration; target labels untouched until final evaluation; V1-V10 financial ratios only.",No metaheuristic; threshold and Platt calibration use calibration partition.,Platt_logistic_on_separate_calibration_partition,0.7778397792747695,0.7083333333333334,0.8541666666666666,0.8292682926829268,0.7640449438202247,0.8018867924528302,0.7296137339055794,0.5685785754425927,0.70068625248438,0.78125,0.14583333333333334,0.4270833333333333,34.0,7.0,41.0,14.0,0.8322420966926936,0.8546006944444444,0.16570085082619865,0.5129137304205235,0.11547635034095505,-0.007898574333384345,1.6167949976510647,1.0,0.21875,0.21875,0.6520833333333333,0.75,0.8145833333333333,0.8520833333333333,0.7788953488372093,0.8281596452328159,0.6742544768388339,0.7627118644067796,0.4749090380707053,0.5853694070049635,0.63237369699607,0.7152151075790331,0.7566164553796063,0.9011436409432778,0.7781250000000001,0.8974392361111111,0.1600695387891727,0.19070027962807098,20260727,2,Asia,338,96,V1-V10_financial_only
PONE2016_h2_target_Asia,20260727,HistGB,cost_2,96,48,0.29987481699537333,"Same-horizon leave-one-region-out transfer; source regions=Europe,North America; target region=Asia; source-only fit/search/calibration; target labels untouched until final evaluation; V1-V10 financial ratios only.",No metaheuristic; threshold and Platt calibration use calibration partition.,Platt_logistic_on_separate_calibration_partition,0.7312470322826768,0.9166666666666666,0.5833333333333334,0.6875,0.7857142857142857,0.7236842105263158,0.859375,0.5303300858899107,0.6569891028778054,0.75,0.4166666666666667,0.6666666666666666,44.0,20.0,28.0,4.0,0.8322420966926936,0.8546006944444444,0.16570085082619865,0.5129137304205235,0.11547635034095505,-0.007898574333384345,1.6167949976510647,2.0,0.2916666666666667,0.19444444444444445,0.8354166666666667,0.9729166666666667,0.5020833333333333,0.6854166666666667,0.637625754527163,0.7333333333333333,0.7885436432637571,0.8914840968072907,0.39014732070639946,0.6024640760767094,0.5548581332507603,0.7167215210765803,0.772847511029624,0.8837292289254176,0.794357638888889,0.8667534722222222,0.15590603279135543,0.18281736373989008,20260727,2,Asia,338,96,V1-V10_financial_only
PONE2016_h2_target_Asia,20260727,HistGB,cost_5,96,48,0.29240135737395034,"Same-horizon leave-one-region-out transfer; source regions=Europe,North America; target region=Asia; source-only fit/search/calibration; target labels untouched until final evaluation; V1-V10 financial ratios only.",No metaheuristic; threshold and Platt calibration use calibration partition.,Platt_logistic_on_separate_calibration_partition,0.6702378309227255,0.9375,0.4791666666666667,0.6428571428571429,0.7627118644067796,0.6859756097560976,0.8587786259541985,0.4688072309384954,0.5949549181041361,0.7083333333333334,0.5208333333333334,0.7291666666666666,45.0,25.0,23.0,3.0,0.8322420966926936,0.8546006944444444,0.16570085082619865,0.5129137304205235,0.11547635034095505,-0.007898574333384345,1.6167949976510647,5.0,0.4166666666666667,0.1388888888888889,0.85625,0.9375,0.4020833333333333,0.5750000000000001,0.6036597832754038,0.6748948106591864,0.795032377709543,0.8620689655172413,0.3428721491849829,0.48653363279984113,0.5102772785253255,0.6239302141061247,0.8115350831784726,0.8856670404047602,0.8319444444444444,0.86171875,0.16555384310797183,0.17233385141768942,20260727,2,Asia,338,96,V1-V10_financial_only
PONE2016_h2_target_Asia,20260727,HistGB,cost_10,96,48,0.29240135737395034,"Same-horizon leave-one-region-out transfer; source regions=Europe,North America; target region=Asia; source-only fit/search/calibration; target labels untouched until final evaluation; V1-V10 financial ratios only.",No metaheuristic; threshold and Platt calibration use calibration partition.,Platt_logistic_on_separate_calibration_partition,0.6702378309227255,0.9375,0.4791666666666667,0.6428571428571429,0.7627118644067796,0.6859756097560976,0.8587786259541985,0.4688072309384954,0.5949549181041361,0.7083333333333334,0.5208333333333334,0.7291666666666666,45.0,25.0,23.0,3.0,0.8322420966926936,0.8546006944444444,0.16570085082619865,0.5129137304205235,0.11547635034095505,-0.007898574333384345,1.6167949976510647,10.0,0.5729166666666666,0.10416666666666667,0.8958333333333334,0.975,0.4583333333333333,0.51875,0.6237267080745341,0.6609261630388391,0.8247126436781609,0.8897338403041825,0.39666715468149166,0.5364253095036217,0.5465100199155519,0.6391444807535867,0.7375944829672959,0.8916760304323588,0.7952256944444445,0.8799913194444444,0.15476855624926358,0.18308150052380245,20260727,2,Asia,338,96,V1-V10_financial_only
PONE2016_h2_target_Asia,20260727,HistGB,cost_20,96,48,0.29240135737395034,"Same-horizon leave-one-region-out transfer; source regions=Europe,North America; target region=Asia; source-only fit/search/calibration; target labels untouched until final evaluation; V1-V10 financial ratios only.",No metaheuristic; threshold and Platt calibration use calibration partition.,Platt_logistic_on_separate_calibration_partition,0.6702378309227255,0.9375,0.4791666666666667,0.6428571428571429,0.7627118644067796,0.6859756097560976,0.8587786259541985,0.4688072309384954,0.5949549181041361,0.7083333333333334,0.5208333333333334,0.7291666666666666,45.0,25.0,23.0,3.0,0.8322420966926936,0.8546006944444444,0.16570085082619865,0.5129137304205235,0.11547635034095505,-0.007898574333384345,1.6167949976510647,20.0,0.8854166666666666,0.08432539682539683,0.8791666666666667,0.9770833333333333,0.42083333333333334,0.5375,0.611764705882353,0.6750207125103563,0.8102564102564103,0.8926440479672418,0.3685014768761311,0.5496091446721513,0.5277809295877077,0.6570461282287319,0.8116642554269013,0.9434196566748216,0.8365017361111111,0.9328125,0.13186882976970085,0.1781170341696875,20260727,2,Asia,338,96,V1-V10_financial_only
PONE2016_h2_target_Asia,20260727,KELM_PBMSBAINGO,triad,96,48,0.6068311983724829,"Same-horizon leave-one-region-out transfer; source regions=Europe,North America; target region=Asia; source-only fit/search/calibration; target labels untouched until final evaluation; V1-V10 financial ratios only.",Plain KELM; hyperparameters/features selected only on search partition.,Platt_logistic_on_separate_calibration_partition,0.6849700926155665,0.4791666666666667,0.9791666666666666,0.9583333333333334,0.6388888888888888,0.7986111111111112,0.5324074074074074,0.529237746757157,0.6285377168625906,0.7291666666666666,0.020833333333333332,0.25,23.0,1.0,47.0,25.0,0.9112929211235707,0.9171006944444444,0.17311170700986592,0.5305380226915458,0.2072744577863096,-0.43535794742195566,4.964866738586472,,,,0.3770833333333333,0.5145833333333334,0.9395833333333333,1.0,0.863095238095238,1.0,0.42530538682330954,0.5669809717974855,0.3882805481407733,0.5592268356348669,0.5174115897149254,0.6549918747080584,0.8203643975442872,0.9459233520662916,0.8554253472222223,0.9449652777777778,0.16428542985083655,0.18943419537652115,20260828,2,Asia,338,96,V1-V10_financial_only
PONE2016_h2_target_Asia,20260727,KELM_PBMSBAINGO,cost_1,96,48,0.39674525389517673,"Same-horizon leave-one-region-out transfer; source regions=Europe,North America; target region=Asia; source-only fit/search/calibration; target labels untouched until final evaluation; V1-V10 financial ratios only.",Plain KELM; hyperparameters/features selected only on search partition.,Platt_logistic_on_separate_calibration_partition,0.6454972243679028,1.0,0.4166666666666667,0.631578947368421,0.7741935483870968,0.6818181818181818,0.8955223880597015,0.5129891760425771,0.5979051855226436,0.7083333333333334,0.5833333333333334,0.7916666666666666,48.0,28.0,20.0,0.0,0.9112929211235707,0.9171006944444444,0.17311170700986592,0.5305380226915458,0.2072744577863096,-0.43535794742195566,4.964866738586472,1.0,0.2916666666666667,0.2916666666666667,1.0,1.0,0.2791666666666667,0.49375,0.5812414213817294,0.6639999999999999,0.8740154310634015,0.9080694586312563,0.40257316338179466,0.572530268491955,0.4822872866468826,0.6562134171847971,0.8787227535270697,0.9582107616919117,0.8894965277777777,0.9500000000000001,0.16456589997200122,0.18301084803464143,20260828,2,Asia,338,96,V1-V10_financial_only
PONE2016_h2_target_Asia,20260727,KELM_PBMSBAINGO,cost_2,96,48,0.39674525389517673,"Same-horizon leave-one-region-out transfer; source regions=Europe,North America; target region=Asia; source-only fit/search/calibration; target labels untouched until final evaluation; V1-V10 financial ratios only.",Plain KELM; hyperparameters/features selected only on search partition.,Platt_logistic_on_separate_calibration_partition,0.6454972243679028,1.0,0.4166666666666667,0.631578947368421,0.7741935483870968,0.6818181818181818,0.8955223880597015,0.5129891760425771,0.5979051855226436,0.7083333333333334,0.5833333333333334,0.7916666666666666,48.0,28.0,20.0,0.0,0.9112929211235707,0.9171006944444444,0.17311170700986592,0.5305380226915458,0.2072744577863096,-0.43535794742195566,4.964866738586472,2.0,0.2916666666666667,0.19444444444444445,1.0,1.0,0.31666666666666665,0.51875,0.5940928270042194,0.6751173708920187,0.8797696768176473,0.9122018665744902,0.4336868971569662,0.5917867731061965,0.5158679332951327,0.6745832803910222,0.8729519628099106,0.9358674963138637,0.8972222222222223,0.9359809027777778,0.16251332825946344,0.1742553876451394,20260828,2,Asia,338,96,V1-V10_financial_only
PONE2016_h2_target_Asia,20260727,KELM_PBMSBAINGO,cost_5,96,48,0.39674525389517673,"Same-horizon leave-one-region-out transfer; source regions=Europe,North America; target region=Asia; source-only fit/search/calibration; target labels untouched until final evaluation; V1-V10 financial ratios only.",Plain KELM; hyperparameters/features selected only on search partition.,Platt_logistic_on_separate_calibration_partition,0.6454972243679028,1.0,0.4166666666666667,0.631578947368421,0.7741935483870968,0.6818181818181818,0.8955223880597015,0.5129891760425771,0.5979051855226436,0.7083333333333334,0.5833333333333334,0.7916666666666666,48.0,28.0,20.0,0.0,0.9112929211235707,0.9171006944444444,0.17311170700986592,0.5305380226915458,0.2072744577863096,-0.43535794742195566,4.964866738586472,5.0,0.2916666666666667,0.09722222222222222,1.0,1.0,0.29791666666666666,0.5,0.587588761963569,0.6666666666666666,0.8768820534920678,0.9090909090909091,0.41826580427982635,0.5773502691896257,0.4993228623279036,0.6609010760833647,0.8751555579070898,0.9614325658388474,0.8975694444444444,0.9578125,0.16466264318594037,0.17710905433856985,20260828,2,Asia,338,96,V1-V10_financial_only
PONE2016_h2_target_Asia,20260727,KELM_PBMSBAINGO,cost_10,96,48,0.24868176925555013,"Same-horizon leave-one-region-out transfer; source regions=Europe,North America; target region=Asia; source-only fit/search/calibration; target labels untouched until final evaluation; V1-V10 financial ratios only.",Plain KELM; hyperparameters/features selected only on search partition.,Platt_logistic_on_separate_calibration_partition,0.25,1.0,0.0625,0.5161290322580645,0.6808510638297872,0.5714285714285714,0.8421052631578947,0.1796053020267749,0.22390633956822156,0.53125,0.9375,0.96875,48.0,45.0,3.0,0.0,0.9112929211235707,0.9171006944444444,0.17311170700986592,0.5305380226915458,0.2072744577863096,-0.43535794742195566,4.964866738586472,10.0,0.46875,0.08522727272727272,1.0,1.0,0.004166666666666667,0.1,0.5010638297872341,0.5263381779510812,0.833916083916084,0.8474614097080156,0.014586499149789456,0.22892378412500042,0.018249316773400425,0.28349063111453265,0.8834523210729436,0.9712430641965998,0.8891059027777777,0.9690972222222223,0.156334792598385,0.18900877795920076,20260828,2,Asia,338,96,V1-V10_financial_only
PONE2016_h2_target_Asia,20260727,KELM_PBMSBAINGO,cost_20,96,48,0.24868176925555013,"Same-horizon leave-one-region-out transfer; source regions=Europe,North America; target region=Asia; source-only fit/search/calibration; target labels untouched until final evaluation; V1-V10 financial ratios only.",Plain KELM; hyperparameters/features selected only on search partition.,Platt_logistic_on_separate_calibration_partition,0.25,1.0,0.0625,0.5161290322580645,0.6808510638297872,0.5714285714285714,0.8421052631578947,0.1796053020267749,0.22390633956822156,0.53125,0.9375,0.96875,48.0,45.0,3.0,0.0,0.9112929211235707,0.9171006944444444,0.17311170700986592,0.5305380226915458,0.2072744577863096,-0.43535794742195566,4.964866738586472,20.0,0.46875,0.044642857142857144,1.0,1.0,0.0625,0.12291666666666666,0.5161290322580645,0.5327472527472528,0.8421052631578947,0.850763100518758,0.1796053020267749,0.2558193623193698,0.22390633956822156,0.31555905955822794,0.8557349193431514,0.9305268947971191,0.867578125,0.9331163194444445,0.16619820528035187,0.18225142056808907,20260828,2,Asia,338,96,V1-V10_financial_only
PONE2016_h2_target_Asia,20260727,KELM_score_fusion,triad,96,48,0.710220443253912,"Same-horizon leave-one-region-out transfer; source regions=Europe,North America; target region=Asia; source-only fit/search/calibration; target labels untouched until final evaluation; V1-V10 financial ratios only.",Plain KELM plus HistGB score-level fusion; alpha=0.00 selected only on search partition.,Platt_logistic_on_separate_calibration_partition,0.7694243880258078,0.6458333333333334,0.9166666666666666,0.8857142857142857,0.7469879518072289,0.824468085106383,0.6828193832599119,0.5843389347222367,0.7019921246874938,0.78125,0.08333333333333333,0.3645833333333333,31.0,4.0,44.0,17.0,0.8322420966926936,0.8546006944444444,0.16570085082619865,0.5129137304205235,0.11547635034095505,-0.007898574333384345,1.6167949976510647,,,,0.5499999999999999,0.7208333333333333,0.8208333333333333,0.9354166666666667,0.7813709677419355,0.9175187969924812,0.5910353585459741,0.7530645470216434,0.46513367762279756,0.6718945183651429,0.6115026724651261,0.7679332853045391,0.783656573708807,0.8550677634160879,0.8082465277777777,0.8852430555555555,0.15456902308544776,0.19167072552398354,20260830,2,Asia,338,96,V1-V10_financial_only
PONE2016_h2_target_Asia,20260727,KELM_score_fusion,cost_1,96,48,0.5728332499733618,"Same-horizon leave-one-region-out transfer; source regions=Europe,North America; target region=Asia; source-only fit/search/calibration; target labels untouched until final evaluation; V1-V10 financial ratios only.",Plain KELM plus HistGB score-level fusion; alpha=0.00 selected only on search partition.,Platt_logistic_on_separate_calibration_partition,0.7778397792747695,0.7083333333333334,0.8541666666666666,0.8292682926829268,0.7640449438202247,0.8018867924528302,0.7296137339055794,0.5685785754425927,0.70068625248438,0.78125,0.14583333333333334,0.4270833333333333,34.0,7.0,41.0,14.0,0.8322420966926936,0.8546006944444444,0.16570085082619865,0.5129137304205235,0.11547635034095505,-0.007898574333384345,1.6167949976510647,1.0,0.21875,0.21875,0.63125,0.76875,0.79375,0.8958333333333334,0.7535714285714286,0.8806620209059233,0.6524093722369585,0.7887916804225816,0.4307146776957294,0.6700244006618761,0.5997154519871106,0.7727355980799652,0.7620198486455342,0.912544841844145,0.7957899305555556,0.9060329861111112,0.1440761325316408,0.19669462218688283,20260830,2,Asia,338,96,V1-V10_financial_only
PONE2016_h2_target_Asia,20260727,KELM_score_fusion,cost_2,96,48,0.29987481699537333,"Same-horizon leave-one-region-out transfer; source regions=Europe,North America; target region=Asia; source-only fit/search/calibration; target labels untouched until final evaluation; V1-V10 financial ratios only.",Plain KELM plus HistGB score-level fusion; alpha=0.00 selected only on search partition.,Platt_logistic_on_separate_calibration_partition,0.7312470322826768,0.9166666666666666,0.5833333333333334,0.6875,0.7857142857142857,0.7236842105263158,0.859375,0.5303300858899107,0.6569891028778054,0.75,0.4166666666666667,0.6666666666666666,44.0,20.0,28.0,4.0,0.8322420966926936,0.8546006944444444,0.16570085082619865,0.5129137304205235,0.11547635034095505,-0.007898574333384345,1.6167949976510647,2.0,0.2916666666666667,0.19444444444444445,0.8166666666666667,0.9541666666666667,0.5208333333333334,0.68125,0.6422341417910448,0.7218749999999999,0.7934927591463415,0.8935358349420849,0.4056140301734476,0.6072418532523032,0.5663146119179201,0.7119944542254104,0.7592258091730973,0.8940762929229792,0.8032986111111111,0.8813368055555556,0.14961487962183703,0.18455782358706516,20260830,2,Asia,338,96,V1-V10_financial_only
PONE2016_h2_target_Asia,20260727,KELM_score_fusion,cost_5,96,48,0.29240135737395034,"Same-horizon leave-one-region-out transfer; source regions=Europe,North America; target region=Asia; source-only fit/search/calibration; target labels untouched until final evaluation; V1-V10 financial ratios only.",Plain KELM plus HistGB score-level fusion; alpha=0.00 selected only on search partition.,Platt_logistic_on_separate_calibration_partition,0.6702378309227255,0.9375,0.4791666666666667,0.6428571428571429,0.7627118644067796,0.6859756097560976,0.8587786259541985,0.4688072309384954,0.5949549181041361,0.7083333333333334,0.5208333333333334,0.7291666666666666,45.0,25.0,23.0,3.0,0.8322420966926936,0.8546006944444444,0.16570085082619865,0.5129137304205235,0.11547635034095505,-0.007898574333384345,1.6167949976510647,5.0,0.4166666666666667,0.1388888888888889,0.8791666666666667,0.9770833333333333,0.4395833333333333,0.58125,0.617854183927092,0.6953886693017128,0.8105732670371454,0.8994921144079123,0.3703620353087471,0.5837965632927385,0.5295384525854036,0.6872970071931447,0.7980831663264937,0.8641736786566169,0.8007812500000001,0.9002604166666667,0.1483811268743248,0.18721536147302048,20260830,2,Asia,338,96,V1-V10_financial_only
PONE2016_h2_target_Asia,20260727,KELM_score_fusion,cost_10,96,48,0.29240135737395034,"Same-horizon leave-one-region-out transfer; source regions=Europe,North America; target region=Asia; source-only fit/search/calibration; target labels untouched until final evaluation; V1-V10 financial ratios only.",Plain KELM plus HistGB score-level fusion; alpha=0.00 selected only on search partition.,Platt_logistic_on_separate_calibration_partition,0.6702378309227255,0.9375,0.4791666666666667,0.6428571428571429,0.7627118644067796,0.6859756097560976,0.8587786259541985,0.4688072309384954,0.5949549181041361,0.7083333333333334,0.5208333333333334,0.7291666666666666,45.0,25.0,23.0,3.0,0.8322420966926936,0.8546006944444444,0.16570085082619865,0.5129137304205235,0.11547635034095505,-0.007898574333384345,1.6167949976510647,10.0,0.5729166666666666,0.10416666666666667,0.8958333333333334,0.9770833333333333,0.4020833333333333,0.5583333333333333,0.6188977879481312,0.6713541666666667,0.8253636853448275,0.8807900154400412,0.40030942874843767,0.5281967435378471,0.5466866411795114,0.6413609847506069,0.7916671220393929,0.864810877575935,0.843359375,0.8694878472222222,0.15532861926778296,0.17159733174098915,20260830,2,Asia,338,96,V1-V10_financial_only
PONE2016_h2_target_Asia,20260727,KELM_score_fusion,cost_20,96,48,0.29240135737395034,"Same-horizon leave-one-region-out transfer; source regions=Europe,North America; target region=Asia; source-only fit/search/calibration; target labels untouched until final evaluation; V1-V10 financial ratios only.",Plain KELM plus HistGB score-level fusion; alpha=0.00 selected only on search partition.,Platt_logistic_on_separate_calibration_partition,0.6702378309227255,0.9375,0.4791666666666667,0.6428571428571429,0.7627118644067796,0.6859756097560976,0.8587786259541985,0.4688072309384954,0.5949549181041361,0.7083333333333334,0.5208333333333334,0.7291666666666666,45.0,25.0,23.0,3.0,0.8322420966926936,0.8546006944444444,0.16570085082619865,0.5129137304205235,0.11547635034095505,-0.007898574333384345,1.6167949976510647,20.0,0.8854166666666666,0.08432539682539683,0.9208333333333333,0.9791666666666666,0.41875,0.6395833333333334,0.6135135135135136,0.7268398268398268,0.8383458646616542,0.9009119927040584,0.39597832122343646,0.6308486293618133,0.5346576189025042,0.7284658028764035,0.8639450647400259,0.931693895925729,0.8719184027777778,0.9215277777777778,0.1385347443860985,0.1568345846053263,20260830,2,Asia,338,96,V1-V10_financial_only
PONE2016_h2_target_Asia,20260727,KELM_risk_feature,triad,96,48,0.66366050653376,"Same-horizon leave-one-region-out transfer; source regions=Europe,North America; target region=Asia; source-only fit/search/calibration; target labels untouched until final evaluation; V1-V10 financial ratios only.",OOF HistGB risk is a forced KELM input; no score-level fusion.,Platt_logistic_on_separate_calibration_partition,0.6627489050244527,0.4583333333333333,0.9583333333333334,0.9166666666666666,0.6111111111111112,0.7638888888888888,0.5092592592592593,0.4811252243246881,0.595642102748721,0.7083333333333334,0.041666666666666664,0.25,22.0,2.0,46.0,26.0,0.9101653855746861,0.9144965277777778,0.15916436446904653,0.5000044109235863,0.17768565257791868,-0.24580916617297896,3.380841787410293,,,,0.48125,0.6,0.9791666666666666,1.0,0.9604285714285714,1.0,0.5366948880077161,0.6494816734542762,0.547458568817044,0.6288822086862459,0.6442824581301719,0.7180221256030155,0.9196002778845553,0.967607634694152,0.9018229166666667,0.969921875,0.13843277722067396,0.16095845710462323,20260938,2,Asia,338,96,V1-V10_financial_only
PONE2016_h2_target_Asia,20260727,KELM_risk_feature,cost_1,96,48,0.5634800198755,"Same-horizon leave-one-region-out transfer; source regions=Europe,North America; target region=Asia; source-only fit/search/calibration; target labels untouched until final evaluation; V1-V10 financial ratios only.",OOF HistGB risk is a forced KELM input; no score-level fusion.,Platt_logistic_on_separate_calibration_partition,0.82915619758885,0.75,0.9166666666666666,0.9,0.8181818181818182,0.8653846153846154,0.7758620689655172,0.6761234037828132,0.7746393549757077,0.8333333333333333,0.08333333333333333,0.4166666666666667,36.0,4.0,44.0,12.0,0.9101653855746861,0.9144965277777778,0.15916436446904653,0.5000044109235863,0.17768565257791868,-0.24580916617297896,3.380841787410293,1.0,0.16666666666666666,0.16666666666666666,0.79375,0.8333333333333334,0.9166666666666666,0.9770833333333333,0.9049833887043189,0.9732868757259001,0.8137479541734861,0.8580022743112872,0.7158551177935802,0.8189446479328741,0.8045821684552183,0.873639124249229,0.9244709084389763,0.9632582098362786,0.9356770833333333,0.9622829861111112,0.13912531636240483,0.15428233275449302,20260938,2,Asia,338,96,V1-V10_financial_only
PONE2016_h2_target_Asia,20260727,KELM_risk_feature,cost_2,96,48,0.30859318994554746,"Same-horizon leave-one-region-out transfer; source regions=Europe,North America; target region=Asia; source-only fit/search/calibration; target labels untouched until final evaluation; V1-V10 financial ratios only.",OOF HistGB risk is a forced KELM input; no score-level fusion.,Platt_logistic_on_separate_calibration_partition,0.45643546458763845,1.0,0.20833333333333334,0.5581395348837209,0.7164179104477612,0.6122448979591837,0.8633093525179856,0.34099716973523675,0.41416161517495115,0.6041666666666666,0.7916666666666666,0.8958333333333334,48.0,38.0,10.0,0.0,0.9101653855746861,0.9144965277777778,0.15916436446904653,0.5000044109235863,0.17768565257791868,-0.24580916617297896,3.380841787410293,2.0,0.3958333333333333,0.2638888888888889,1.0,1.0,0.18958333333333333,0.36666666666666664,0.5523656776263031,0.6123827392120075,0.8605244836388953,0.8875912408759123,0.3235701013797283,0.47366570880080217,0.3943528525201333,0.5576898988371182,0.90848846259308,0.9547648877497766,0.9153645833333333,0.9484809027777777,0.14967417316965165,0.15924030012870563,20260938,2,Asia,338,96,V1-V10_financial_only
PONE2016_h2_target_Asia,20260727,KELM_risk_feature,cost_5,96,48,0.2729913923269331,"Same-horizon leave-one-region-out transfer; source regions=Europe,North America; target region=Asia; source-only fit/search/calibration; target labels untouched until final evaluation; V1-V10 financial ratios only.",OOF HistGB risk is a forced KELM input; no score-level fusion.,Platt_logistic_on_separate_calibration_partition,0.25,1.0,0.0625,0.5161290322580645,0.6808510638297872,0.5714285714285714,0.8421052631578947,0.1796053020267749,0.22390633956822156,0.53125,0.9375,0.96875,48.0,45.0,3.0,0.0,0.9101653855746861,0.9144965277777778,0.15916436446904653,0.5000044109235863,0.17768565257791868,-0.24580916617297896,3.380841787410293,5.0,0.46875,0.15625,1.0,1.0,0.025,0.12291666666666666,0.5063497453310696,0.5327472527472528,0.8368237667339079,0.850763100518758,0.11029858189034136,0.2558193623193698,0.1383239245304161,0.31555905955822794,0.8872253906107175,0.9390609202668992,0.8799479166666666,0.9450954861111112,0.15022370670565705,0.1688742603898923,20260938,2,Asia,338,96,V1-V10_financial_only
PONE2016_h2_target_Asia,20260727,KELM_risk_feature,cost_10,96,48,0.24502746060763866,"Same-horizon leave-one-region-out transfer; source regions=Europe,North America; target region=Asia; source-only fit/search/calibration; target labels untouched until final evaluation; V1-V10 financial ratios only.",OOF HistGB risk is a forced KELM input; no score-level fusion.,Platt_logistic_on_separate_calibration_partition,0.2041241452319315,1.0,0.041666666666666664,0.5106382978723404,0.676056338028169,0.5660377358490566,0.8391608391608392,0.14586499149789456,0.18249316773400426,0.5208333333333334,0.9583333333333334,0.9791666666666666,48.0,46.0,2.0,0.0,0.9101653855746861,0.9144965277777778,0.15916436446904653,0.5000044109235863,0.17768565257791868,-0.24580916617297896,3.380841787410293,10.0,0.4791666666666667,0.08712121212121213,1.0,1.0,0.022916666666666665,0.041666666666666664,0.5058006718924972,0.5106382978723404,0.8365293243342024,0.8391608391608392,0.10692455083745332,0.14586499149789456,0.13418260734699436,0.18249316773400426,0.8966259883426965,0.9491832979909207,0.8854166666666666,0.9504774305555556,0.14993592401440115,0.16995625366889458,20260938,2,Asia,338,96,V1-V10_financial_only
PONE2016_h2_target_Asia,20260727,KELM_risk_feature,cost_20,96,48,0.24502746060763866,"Same-horizon leave-one-region-out transfer; source regions=Europe,North America; target region=Asia; source-only fit/search/calibration; target labels untouched until final evaluation; V1-V10 financial ratios only.",OOF HistGB risk is a forced KELM input; no score-level fusion.,Platt_logistic_on_separate_calibration_partition,0.2041241452319315,1.0,0.041666666666666664,0.5106382978723404,0.676056338028169,0.5660377358490566,0.8391608391608392,0.14586499149789456,0.18249316773400426,0.5208333333333334,0.9583333333333334,0.9791666666666666,48.0,46.0,2.0,0.0,0.9101653855746861,0.9144965277777778,0.15916436446904653,0.5000044109235863,0.17768565257791868,-0.24580916617297896,3.380841787410293,20.0,0.4791666666666667,0.04563492063492063,1.0,1.0,0.041666666666666664,0.1,0.5106382978723404,0.5263381779510812,0.8391608391608392,0.8474614097080156,0.14586499149789456,0.22892378412500042,0.18249316773400426,0.28349063111453265,0.8939165836749067,0.9358212724012641,0.8912326388888889,0.9332899305555555,0.1486666058300866,0.1622618140351952,20260938,2,Asia,338,96,V1-V10_financial_only
PONE2016_h2_target_Asia,20260727,Full_PBMSBAINGO,triad,96,48,0.6994835668060283,"Same-horizon leave-one-region-out transfer; source regions=Europe,North America; target region=Asia; source-only fit/search/calibration; target labels untouched until final evaluation; V1-V10 financial ratios only.",Risk feature plus score fusion; alpha=0.50 selected only on search partition.,Platt_logistic_on_separate_calibration_partition,0.7180703308172536,0.5625,0.9166666666666666,0.8709677419354839,0.6835443037974683,0.7848837209302325,0.6053811659192825,0.5123778072572299,0.6416646175353837,0.7395833333333333,0.08333333333333333,0.3229166666666667,27.0,4.0,44.0,21.0,0.8183871326793701,0.8398437499999999,0.1634301625943308,0.5044056186656943,0.11715187289622096,0.04000205269099456,1.3379377387512479,,,,0.5,0.6395833333333334,0.8770833333333333,0.95625,0.8239350912778904,0.9268199233716474,0.543482303353375,0.676484347588788,0.4358524190730507,0.5826207819616296,0.5812691560888307,0.6991599694245157,0.7664319873420632,0.8871940154208889,0.8170572916666666,0.8995659722222222,0.1437814539980078,0.17640220121131972,20261034,2,Asia,338,96,V1-V10_financial_only
PONE2016_h2_target_Asia,20260727,Full_PBMSBAINGO,cost_1,96,48,0.46228820566044715,"Same-horizon leave-one-region-out transfer; source regions=Europe,North America; target region=Asia; source-only fit/search/calibration; target labels untouched until final evaluation; V1-V10 financial ratios only.",Risk feature plus score fusion; alpha=0.50 selected only on search partition.,Platt_logistic_on_separate_calibration_partition,0.7708333333333334,0.7708333333333334,0.7708333333333334,0.7708333333333334,0.7708333333333334,0.7708333333333334,0.7708333333333334,0.5416666666666666,0.6853057272490326,0.7708333333333334,0.22916666666666666,0.5,37.0,11.0,37.0,11.0,0.8183871326793701,0.8398437499999999,0.1634301625943308,0.5044056186656943,0.11715187289622096,0.04000205269099456,1.3379377387512479,1.0,0.22916666666666666,0.22916666666666666,0.7520833333333333,0.8520833333333333,0.6166666666666666,0.8833333333333333,0.6836388792805257,0.8704081632653061,0.7510373443983402,0.8327424993901944,0.45244235347171935,0.6654902967193042,0.6124399241908147,0.7697658497349074,0.7264286570794897,0.9132692934520457,0.7716145833333333,0.9139322916666666,0.13266864918854634,0.1875280897072073,20261034,2,Asia,338,96,V1-V10_financial_only
PONE2016_h2_target_Asia,20260727,Full_PBMSBAINGO,cost_2,96,48,0.3077097868621864,"Same-horizon leave-one-region-out transfer; source regions=Europe,North America; target region=Asia; source-only fit/search/calibration; target labels untouched until final evaluation; V1-V10 financial ratios only.",Risk feature plus score fusion; alpha=0.50 selected only on search partition.,Platt_logistic_on_separate_calibration_partition,0.7180703308172536,0.9166666666666666,0.5625,0.676923076923077,0.7787610619469026,0.7142857142857143,0.8560311284046692,0.5123778072572299,0.6416646175353838,0.7395833333333333,0.4375,0.6770833333333334,44.0,21.0,27.0,4.0,0.8183871326793701,0.8398437499999999,0.1634301625943308,0.5044056186656943,0.11715187289622096,0.04000205269099456,1.3379377387512479,2.0,0.3020833333333333,0.2013888888888889,0.8166666666666667,0.9541666666666667,0.5229166666666667,0.6208333333333333,0.632258064516129,0.7074596774193549,0.7716535433070866,0.8827680193821926,0.35719761033260633,0.5646619148084602,0.5348663917327681,0.6842709963488379,0.728846328559553,0.8839277823819557,0.7774305555555556,0.8773871527777776,0.1422328629337448,0.18942217960211946,20261034,2,Asia,338,96,V1-V10_financial_only
PONE2016_h2_target_Asia,20260727,Full_PBMSBAINGO,cost_5,96,48,0.2010509574848174,"Same-horizon leave-one-region-out transfer; source regions=Europe,North America; target region=Asia; source-only fit/search/calibration; target labels untouched until final evaluation; V1-V10 financial ratios only.",Risk feature plus score fusion; alpha=0.50 selected only on search partition.,Platt_logistic_on_separate_calibration_partition,0.3498511588280555,0.9791666666666666,0.125,0.5280898876404494,0.6861313868613139,0.5816831683168316,0.8362989323843416,0.20032077005375098,0.29051208604232526,0.5520833333333333,0.875,0.9270833333333334,47.0,42.0,6.0,1.0,0.8183871326793701,0.8398437499999999,0.1634301625943308,0.5044056186656943,0.11715187289622096,0.04000205269099456,1.3379377387512479,5.0,0.4895833333333333,0.16319444444444445,0.9604166666666667,1.0,0.10625000000000001,0.20208333333333334,0.5232017982017982,0.5557346723044397,0.8229156075241484,0.8617840709764344,0.15571218206536874,0.33033781430863784,0.265136452346437,0.4045893436300864,0.8285232546923983,0.9039495595550613,0.8621961805555555,0.8958767361111111,0.13614124351377957,0.1514560837813054,20261034,2,Asia,338,96,V1-V10_financial_only
PONE2016_h2_target_Asia,20260727,Full_PBMSBAINGO,cost_10,96,48,0.2010509574848174,"Same-horizon leave-one-region-out transfer; source regions=Europe,North America; target region=Asia; source-only fit/search/calibration; target labels untouched until final evaluation; V1-V10 financial ratios only.",Risk feature plus score fusion; alpha=0.50 selected only on search partition.,Platt_logistic_on_separate_calibration_partition,0.3498511588280555,0.9791666666666666,0.125,0.5280898876404494,0.6861313868613139,0.5816831683168316,0.8362989323843416,0.20032077005375098,0.29051208604232526,0.5520833333333333,0.875,0.9270833333333334,47.0,42.0,6.0,1.0,0.8183871326793701,0.8398437499999999,0.1634301625943308,0.5044056186656943,0.11715187289622096,0.04000205269099456,1.3379377387512479,10.0,0.5416666666666666,0.09848484848484848,0.9583333333333334,1.0,0.06458333333333333,0.16666666666666666,0.5071189679885332,0.5396952686447474,0.8141825762005237,0.8504644890620318,0.06265248096857878,0.25739495991866024,0.15287257405657365,0.34186747863864586,0.788581700918012,0.8751774400658877,0.8252170138888889,0.8835069444444444,0.14832340825525225,0.170967182923794,20261034,2,Asia,338,96,V1-V10_financial_only
PONE2016_h2_target_Asia,20260727,Full_PBMSBAINGO,cost_20,96,48,0.2010509574848174,"Same-horizon leave-one-region-out transfer; source regions=Europe,North America; target region=Asia; source-only fit/search/calibration; target labels untouched until final evaluation; V1-V10 financial ratios only.",Risk feature plus score fusion; alpha=0.50 selected only on search partition.,Platt_logistic_on_separate_calibration_partition,0.3498511588280555,0.9791666666666666,0.125,0.5280898876404494,0.6861313868613139,0.5816831683168316,0.8362989323843416,0.20032077005375098,0.29051208604232526,0.5520833333333333,0.875,0.9270833333333334,47.0,42.0,6.0,1.0,0.8183871326793701,0.8398437499999999,0.1634301625943308,0.5044056186656943,0.11715187289622096,0.04000205269099456,1.3379377387512479,20.0,0.6458333333333334,0.061507936507936505,0.9583333333333334,1.0,0.12916666666666665,0.22499999999999998,0.5239429175475687,0.5634077079107505,0.8220195272353545,0.8658048988781492,0.15613993524410782,0.35592799642815953,0.26809630982740373,0.4309167335407034,0.7978469645191696,0.8657221010205874,0.7995225694444443,0.8689236111111112,0.14677976784098903,0.18142459296670282,20261034,2,Asia,338,96,V1-V10_financial_only
PONE2016_h2_target_Asia,20260727,Uncertainty_gated_fusion,triad,96,48,0.66366050653376,"Same-horizon leave-one-region-out transfer; source regions=Europe,North America; target region=Asia; source-only fit/search/calibration; target labels untouched until final evaluation; V1-V10 financial ratios only.","One-standard-error paired-bootstrap gate selected KELM_risk_feature; search utility difference=-0.0346, required margin=0.0347.",Platt_logistic_on_separate_calibration_partition,0.6627489050244527,0.4583333333333333,0.9583333333333334,0.9166666666666666,0.6111111111111112,0.7638888888888888,0.5092592592592593,0.4811252243246881,0.595642102748721,0.7083333333333334,0.041666666666666664,0.25,22.0,2.0,46.0,26.0,0.9101653855746861,0.9144965277777778,0.15916436446904653,0.5000044109235863,0.17768565257791868,-0.24580916617297896,3.380841787410293,,,,0.35625,0.60625,0.9395833333333333,0.9958333333333333,0.855,0.9913043478260869,0.4033018867924528,0.6569453174104336,0.3642223149902297,0.653148932050439,0.4958007534605401,0.7326637297758132,0.883506494238476,0.9521302015753629,0.8887586805555556,0.9435763888888888,0.1456543840778391,0.16975998166494322,20261080,2,Asia,338,96,V1-V10_financial_only
PONE2016_h2_target_Asia,20260727,Uncertainty_gated_fusion,cost_1,96,48,0.5634800198755,"Same-horizon leave-one-region-out transfer; source regions=Europe,North America; target region=Asia; source-only fit/search/calibration; target labels untouched until final evaluation; V1-V10 financial ratios only.","One-standard-error paired-bootstrap gate selected KELM_risk_feature; search utility difference=-0.0346, required margin=0.0347.",Platt_logistic_on_separate_calibration_partition,0.82915619758885,0.75,0.9166666666666666,0.9,0.8181818181818182,0.8653846153846154,0.7758620689655172,0.6761234037828132,0.7746393549757077,0.8333333333333333,0.08333333333333333,0.4166666666666667,36.0,4.0,44.0,12.0,0.9101653855746861,0.9144965277777778,0.15916436446904653,0.5000044109235863,0.17768565257791868,-0.24580916617297896,3.380841787410293,1.0,0.16666666666666666,0.16666666666666666,0.7125,0.83125,0.8958333333333334,0.9729166666666667,0.8814935064935064,0.9680487804878048,0.7428035982008995,0.8551593074852696,0.642313019927641,0.8102327189259733,0.7486876262624995,0.8678648965300172,0.9072854413752925,0.9555479471542693,0.9067708333333334,0.9583333333333333,0.14479394963922432,0.1612177589767395,20261080,2,Asia,338,96,V1-V10_financial_only
PONE2016_h2_target_Asia,20260727,Uncertainty_gated_fusion,cost_2,96,48,0.30859318994554746,"Same-horizon leave-one-region-out transfer; source regions=Europe,North America; target region=Asia; source-only fit/search/calibration; target labels untouched until final evaluation; V1-V10 financial ratios only.","One-standard-error paired-bootstrap gate selected KELM_risk_feature; search utility difference=-0.0346, required margin=0.0347.",Platt_logistic_on_separate_calibration_partition,0.45643546458763845,1.0,0.20833333333333334,0.5581395348837209,0.7164179104477612,0.6122448979591837,0.8633093525179856,0.34099716973523675,0.41416161517495115,0.6041666666666666,0.7916666666666666,0.8958333333333334,48.0,38.0,10.0,0.0,0.9101653855746861,0.9144965277777778,0.15916436446904653,0.5000044109235863,0.17768565257791868,-0.24580916617297896,3.380841787410293,2.0,0.3958333333333333,0.2638888888888889,1.0,1.0,0.12708333333333333,0.22916666666666666,0.533932584269663,0.5647058823529412,0.8513666994775498,0.8664259927797834,0.26042390857997016,0.35973846709225077,0.32100173380165464,0.4352239396128016,0.8861144112348002,0.9329781516773248,0.883984375,0.927560763888889,0.15665553904229593,0.16651262925692203,20261080,2,Asia,338,96,V1-V10_financial_only
PONE2016_h2_target_Asia,20260727,Uncertainty_gated_fusion,cost_5,96,48,0.2729913923269331,"Same-horizon leave-one-region-out transfer; source regions=Europe,North America; target region=Asia; source-only fit/search/calibration; target labels untouched until final evaluation; V1-V10 financial ratios only.","One-standard-error paired-bootstrap gate selected KELM_risk_feature; search utility difference=-0.0346, required margin=0.0347.",Platt_logistic_on_separate_calibration_partition,0.25,1.0,0.0625,0.5161290322580645,0.6808510638297872,0.5714285714285714,0.8421052631578947,0.1796053020267749,0.22390633956822156,0.53125,0.9375,0.96875,48.0,45.0,3.0,0.0,0.9101653855746861,0.9144965277777778,0.15916436446904653,0.5000044109235863,0.17768565257791868,-0.24580916617297896,3.380841787410293,5.0,0.46875,0.15625,1.0,1.0,0.041666666666666664,0.12083333333333333,0.5106382978723404,0.5321739130434783,0.8391608391608392,0.8504644890620318,0.14586499149789456,0.2532304421781525,0.18249316773400426,0.3124490529388183,0.8843714507241094,0.9539954736363337,0.8861111111111112,0.9433159722222223,0.14934021335493666,0.16837536495067906,20261080,2,Asia,338,96,V1-V10_financial_only
PONE2016_h2_target_Asia,20260727,Uncertainty_gated_fusion,cost_10,96,48,0.24502746060763866,"Same-horizon leave-one-region-out transfer; source regions=Europe,North America; target region=Asia; source-only fit/search/calibration; target labels untouched until final evaluation; V1-V10 financial ratios only.","One-standard-error paired-bootstrap gate selected KELM_risk_feature; search utility difference=-0.0346, required margin=0.0347.",Platt_logistic_on_separate_calibration_partition,0.2041241452319315,1.0,0.041666666666666664,0.5106382978723404,0.676056338028169,0.5660377358490566,0.8391608391608392,0.14586499149789456,0.18249316773400426,0.5208333333333334,0.9583333333333334,0.9791666666666666,48.0,46.0,2.0,0.0,0.9101653855746861,0.9144965277777778,0.15916436446904653,0.5000044109235863,0.17768565257791868,-0.24580916617297896,3.380841787410293,10.0,0.4791666666666667,0.08712121212121213,1.0,1.0,0.0020833333333333333,0.08124999999999999,0.5005263157894737,0.5211781206171108,0.8336236933797909,0.8447739065974796,0.010259783520851542,0.20562350285404477,0.012881476730399327,0.25550057153984584,0.8628861721332537,0.9372205524549149,0.8884982638888889,0.9475260416666668,0.1477643740530372,0.16509970735133056,20261080,2,Asia,338,96,V1-V10_financial_only
PONE2016_h2_target_Asia,20260727,Uncertainty_gated_fusion,cost_20,96,48,0.24502746060763866,"Same-horizon leave-one-region-out transfer; source regions=Europe,North America; target region=Asia; source-only fit/search/calibration; target labels untouched until final evaluation; V1-V10 financial ratios only.","One-standard-error paired-bootstrap gate selected KELM_risk_feature; search utility difference=-0.0346, required margin=0.0347.",Platt_logistic_on_separate_calibration_partition,0.2041241452319315,1.0,0.041666666666666664,0.5106382978723404,0.676056338028169,0.5660377358490566,0.8391608391608392,0.14586499149789456,0.18249316773400426,0.5208333333333334,0.9583333333333334,0.9791666666666666,48.0,46.0,2.0,0.0,0.9101653855746861,0.9144965277777778,0.15916436446904653,0.5000044109235863,0.17768565257791868,-0.24580916617297896,3.380841787410293,20.0,0.4791666666666667,0.04563492063492063,1.0,1.0,0.025,0.1375,0.5063497453310696,0.5370061616527727,0.8368237667339079,0.8528938003371418,0.11029858189034136,0.27036470047040373,0.1383239245304161,0.3324746993053725,0.8980253445393381,0.966307805405895,0.9117621527777778,0.9607638888888889,0.1455231301002422,0.16298372829715288,20261080,2,Asia,338,96,V1-V10_financial_only
PONE2016_h2_target_Asia,20260727,Full_random_search,triad,96,48,0.7197939362767893,"Same-horizon leave-one-region-out transfer; source regions=Europe,North America; target region=Asia; source-only fit/search/calibration; target labels untouched until final evaluation; V1-V10 financial ratios only.",Same full architecture and 81 evaluations as PBMSBAINGO; alpha=0.50.,Platt_logistic_on_separate_calibration_partition,0.7569125885243729,0.625,0.9166666666666666,0.8823529411764706,0.7317073170731707,0.8152173913043478,0.6637168141592921,0.5662888944297417,0.6871367351323243,0.7708333333333333,0.08333333333333333,0.3541666666666667,30.0,4.0,44.0,18.0,0.8509137536727072,0.8754340277777778,0.1511769530473285,0.47663193588513164,0.1127122931837094,0.03210268901909833,1.5511105670177265,,,,0.5854166666666667,0.7645833333333334,0.8770833333333333,0.975,0.8463869463869463,0.9682076813655761,0.6244444444444445,0.7981488513385229,0.5088159774355546,0.7564922708878018,0.6442781722792826,0.8261266940875391,0.8288749285640767,0.930005006451143,0.8658854166666667,0.9430121527777777,0.10901672598271105,0.1543316041774355,20261128,2,Asia,338,96,V1-V10_financial_only
PONE2016_h2_target_Asia,20260727,Full_random_search,cost_1,96,48,0.5731313646070741,"Same-horizon leave-one-region-out transfer; source regions=Europe,North America; target region=Asia; source-only fit/search/calibration; target labels untouched until final evaluation; V1-V10 financial ratios only.",Same full architecture and 81 evaluations as PBMSBAINGO; alpha=0.50.,Platt_logistic_on_separate_calibration_partition,0.7778397792747695,0.7083333333333334,0.8541666666666666,0.8292682926829268,0.7640449438202247,0.8018867924528302,0.7296137339055794,0.5685785754425927,0.70068625248438,0.78125,0.14583333333333334,0.4270833333333333,34.0,7.0,41.0,14.0,0.8509137536727072,0.8754340277777778,0.1511769530473285,0.47663193588513164,0.1127122931837094,0.03210268901909833,1.5511105670177265,1.0,0.21875,0.21875,0.5708333333333333,0.7625000000000001,0.7979166666666666,0.9354166666666667,0.7672932330827067,0.9195967741935485,0.6122343536751803,0.7887931034482759,0.46688263905122657,0.7014780314246687,0.6264127469987046,0.7919164474330508,0.8187830567506886,0.9121253395879978,0.8438802083333334,0.9040364583333333,0.13106820649884277,0.16676843499269703,20261128,2,Asia,338,96,V1-V10_financial_only
PONE2016_h2_target_Asia,20260727,Full_random_search,cost_2,96,48,0.25475585045757254,"Same-horizon leave-one-region-out transfer; source regions=Europe,North America; target region=Asia; source-only fit/search/calibration; target labels untouched until final evaluation; V1-V10 financial ratios only.",Same full architecture and 81 evaluations as PBMSBAINGO; alpha=0.50.,Platt_logistic_on_separate_calibration_partition,0.67700320038633,1.0,0.4583333333333333,0.6486486486486487,0.7868852459016393,0.6976744186046512,0.9022556390977443,0.5452497568062706,0.6298816763894876,0.7291666666666666,0.5416666666666666,0.7708333333333334,48.0,26.0,22.0,0.0,0.8509137536727072,0.8754340277777778,0.1511769530473285,0.47663193588513164,0.1127122931837094,0.03210268901909833,1.5511105670177265,2.0,0.2708333333333333,0.18055555555555555,1.0,1.0,0.32708333333333334,0.5395833333333333,0.5981981981981982,0.684748490945674,0.8814343551185656,0.9156822337677415,0.44182331030136873,0.6078435431077323,0.5240865054908216,0.689622831397866,0.893954490405929,0.9296817776897028,0.8952690972222223,0.9172309027777777,0.1325666949013446,0.14883877650427693,20261128,2,Asia,338,96,V1-V10_financial_only
PONE2016_h2_target_Asia,20260727,Full_random_search,cost_5,96,48,0.25475585045757254,"Same-horizon leave-one-region-out transfer; source regions=Europe,North America; target region=Asia; source-only fit/search/calibration; target labels untouched until final evaluation; V1-V10 financial ratios only.",Same full architecture and 81 evaluations as PBMSBAINGO; alpha=0.50.,Platt_logistic_on_separate_calibration_partition,0.67700320038633,1.0,0.4583333333333333,0.6486486486486487,0.7868852459016393,0.6976744186046512,0.9022556390977443,0.5452497568062706,0.6298816763894876,0.7291666666666666,0.5416666666666666,0.7708333333333334,48.0,26.0,22.0,0.0,0.8509137536727072,0.8754340277777778,0.1511769530473285,0.47663193588513164,0.1127122931837094,0.03210268901909833,1.5511105670177265,5.0,0.2708333333333333,0.09027777777777778,1.0,1.0,0.31666666666666665,0.55,0.5940928270042194,0.6900869565217391,0.8797696768176473,0.9174738473459899,0.4336868971569662,0.6159039441753936,0.5158679332951327,0.6967857506736594,0.8408354716815061,0.8956066029001257,0.831640625,0.9000434027777778,0.14088595452600644,0.17816444117149519,20261128,2,Asia,338,96,V1-V10_financial_only
PONE2016_h2_target_Asia,20260727,Full_random_search,cost_10,96,48,0.25475585045757254,"Same-horizon leave-one-region-out transfer; source regions=Europe,North America; target region=Asia; source-only fit/search/calibration; target labels untouched until final evaluation; V1-V10 financial ratios only.",Same full architecture and 81 evaluations as PBMSBAINGO; alpha=0.50.,Platt_logistic_on_separate_calibration_partition,0.67700320038633,1.0,0.4583333333333333,0.6486486486486487,0.7868852459016393,0.6976744186046512,0.9022556390977443,0.5452497568062706,0.6298816763894876,0.7291666666666666,0.5416666666666666,0.7708333333333334,48.0,26.0,22.0,0.0,0.8509137536727072,0.8754340277777778,0.1511769530473285,0.47663193588513164,0.1127122931837094,0.03210268901909833,1.5511105670177265,10.0,0.2708333333333333,0.04924242424242424,1.0,1.0,0.36250000000000004,0.5166666666666667,0.6108354430379747,0.6742041288828864,0.886935610929143,0.9118588134012483,0.4704120890473127,0.5901827085120227,0.5543288076991076,0.6730431899637025,0.7768627320649614,0.8829464146979484,0.8314670138888888,0.8711805555555555,0.1463360546430788,0.16586605688511674,20261128,2,Asia,338,96,V1-V10_financial_only
PONE2016_h2_target_Asia,20260727,Full_random_search,cost_20,96,48,0.25475585045757254,"Same-horizon leave-one-region-out transfer; source regions=Europe,North America; target region=Asia; source-only fit/search/calibration; target labels untouched until final evaluation; V1-V10 financial ratios only.",Same full architecture and 81 evaluations as PBMSBAINGO; alpha=0.50.,Platt_logistic_on_separate_calibration_partition,0.67700320038633,1.0,0.4583333333333333,0.6486486486486487,0.7868852459016393,0.6976744186046512,0.9022556390977443,0.5452497568062706,0.6298816763894876,0.7291666666666666,0.5416666666666666,0.7708333333333334,48.0,26.0,22.0,0.0,0.8509137536727072,0.8754340277777778,0.1511769530473285,0.47663193588513164,0.1127122931837094,0.03210268901909833,1.5511105670177265,20.0,0.2708333333333333,0.025793650793650792,1.0,1.0,0.39999999999999997,0.5395833333333333,0.6250389610389611,0.684748490945674,0.8928616181446055,0.9156822337677415,0.4999833989229736,0.6078435431077323,0.5847502973942055,0.689622831397866,0.7660534144520987,0.8821473578249015,0.8029947916666667,0.9143663194444445,0.13066390647559267,0.1805327407032202,20261128,2,Asia,338,96,V1-V10_financial_only
PONE2016_h2_target_Asia,20260727,Balanced_logistic,triad,96,48,0.5018955893315805,"Same-horizon leave-one-region-out transfer; source regions=Europe,North America; target region=Asia; source-only fit/search/calibration; target labels untouched until final evaluation; V1-V10 financial ratios only.",Class-weighted logistic reference using the same source-only fit/search/calibration and untouched regional target.,Platt_logistic_on_separate_calibration_partition,0.8212668060177927,0.7708333333333334,0.875,0.8604651162790697,0.8131868131868132,0.8409090909090909,0.7872340425531915,0.6493659782899173,0.7594269826011288,0.8229166666666667,0.125,0.4479166666666667,37.0,6.0,42.0,11.0,0.9124399524683342,0.9144965277777777,0.21907467623175195,0.6304146150301188,0.28332597523044223,0.19947533420876737,15.215925082689253,,,,0.65625,0.9083333333333333,0.8395833333333333,0.9145833333333333,0.8476495726495726,0.8988888888888888,0.6894283121597096,0.895863595490074,0.5706815190974935,0.7504155287323443,0.6953492430346518,0.8300638378899767,0.8591126891516361,0.9530856863154675,0.8889322916666667,0.9511284722222223,0.21231628007272565,0.22211790974478277,20262028,2,Asia,338,96,V1-V10_financial_only
PONE2016_h2_target_Asia,20260727,Balanced_logistic,cost_1,96,48,0.46054175687637255,"Same-horizon leave-one-region-out transfer; source regions=Europe,North America; target region=Asia; source-only fit/search/calibration; target labels untouched until final evaluation; V1-V10 financial ratios only.",Class-weighted logistic reference using the same source-only fit/search/calibration and untouched regional target.,Platt_logistic_on_separate_calibration_partition,0.6614378277661477,1.0,0.4375,0.64,0.7804878048780488,0.6896551724137931,0.898876404494382,0.529150262212918,0.6140244870976886,0.71875,0.5625,0.78125,48.0,27.0,21.0,0.0,0.9124399524683342,0.9144965277777777,0.21907467623175195,0.6304146150301188,0.28332597523044223,0.19947533420876737,15.215925082689253,1.0,0.28125,0.28125,1.0,1.0,0.3833333333333333,0.5520833333333334,0.6187110187110187,0.6909518213866039,0.8902255639097744,0.9178117708063261,0.48687099095436237,0.6175138936347289,0.5712832590444399,0.6983714696028392,0.9194444269745685,0.9698886099789629,0.9122395833333333,0.9654947916666666,0.21259505218190153,0.22061190791194857,20262028,2,Asia,338,96,V1-V10_financial_only
PONE2016_h2_target_Asia,20260727,Balanced_logistic,cost_2,96,48,0.46054175687637255,"Same-horizon leave-one-region-out transfer; source regions=Europe,North America; target region=Asia; source-only fit/search/calibration; target labels untouched until final evaluation; V1-V10 financial ratios only.",Class-weighted logistic reference using the same source-only fit/search/calibration and untouched regional target.,Platt_logistic_on_separate_calibration_partition,0.6614378277661477,1.0,0.4375,0.64,0.7804878048780488,0.6896551724137931,0.898876404494382,0.529150262212918,0.6140244870976886,0.71875,0.5625,0.78125,48.0,27.0,21.0,0.0,0.9124399524683342,0.9144965277777777,0.21907467623175195,0.6304146150301188,0.28332597523044223,0.19947533420876737,15.215925082689253,2.0,0.28125,0.1875,1.0,1.0,0.3395833333333333,0.47708333333333336,0.6023376623376623,0.6566456867826731,0.8833369779138421,0.905319903532416,0.4521664995834823,0.5597036366037255,0.5353570740181557,0.6439383222680989,0.8594295619164312,0.967001662830934,0.8575520833333333,0.9617621527777779,0.21030614483647897,0.2256423294769406,20262028,2,Asia,338,96,V1-V10_financial_only
PONE2016_h2_target_Asia,20260727,Balanced_logistic,cost_5,96,48,0.42475317511518035,"Same-horizon leave-one-region-out transfer; source regions=Europe,North America; target region=Asia; source-only fit/search/calibration; target labels untouched until final evaluation; V1-V10 financial ratios only.",Class-weighted logistic reference using the same source-only fit/search/calibration and untouched regional target.,Platt_logistic_on_separate_calibration_partition,0.3227486121839514,1.0,0.10416666666666667,0.5274725274725275,0.6906474820143885,0.5825242718446602,0.8480565371024735,0.2344036154692477,0.29011110795301165,0.5520833333333334,0.8958333333333334,0.9479166666666666,48.0,43.0,5.0,0.0,0.9124399524683342,0.9144965277777777,0.21907467623175195,0.6304146150301188,0.28332597523044223,0.19947533420876737,15.215925082689253,5.0,0.4479166666666667,0.14930555555555555,1.0,1.0,0.010416666666666668,0.16458333333333333,0.5027472527472527,0.5448416751787538,0.8348056537102474,0.8568378240976106,0.023440361546924773,0.2994051179275124,0.029011110795301165,0.3665724716356098,0.8689575414526013,0.9214780181858777,0.8759982638888889,0.9320312499999999,0.21479616025981332,0.22402281599924195,20262028,2,Asia,338,96,V1-V10_financial_only
PONE2016_h2_target_Asia,20260727,Balanced_logistic,cost_10,96,48,0.42475317511518035,"Same-horizon leave-one-region-out transfer; source regions=Europe,North America; target region=Asia; source-only fit/search/calibration; target labels untouched until final evaluation; V1-V10 financial ratios only.",Class-weighted logistic reference using the same source-only fit/search/calibration and untouched regional target.,Platt_logistic_on_separate_calibration_partition,0.3227486121839514,1.0,0.10416666666666667,0.5274725274725275,0.6906474820143885,0.5825242718446602,0.8480565371024735,0.2344036154692477,0.29011110795301165,0.5520833333333334,0.8958333333333334,0.9479166666666666,48.0,43.0,5.0,0.0,0.9124399524683342,0.9144965277777777,0.21907467623175195,0.6304146150301188,0.28332597523044223,0.19947533420876737,15.215925082689253,10.0,0.4479166666666667,0.08143939393939394,1.0,1.0,0.04375,0.12291666666666666,0.5111873713109127,0.5327472527472528,0.8394552815605447,0.850763100518758,0.14923902255078259,0.2558193623193698,0.18663448491742599,0.31555905955822794,0.8967099348024583,0.9813512977735566,0.8934895833333333,0.9777777777777777,0.21253782960518197,0.224203536871716,20262028,2,Asia,338,96,V1-V10_financial_only
PONE2016_h2_target_Asia,20260727,Balanced_logistic,cost_20,96,48,0.42475317511518035,"Same-horizon leave-one-region-out transfer; source regions=Europe,North America; target region=Asia; source-only fit/search/calibration; target labels untouched until final evaluation; V1-V10 financial ratios only.",Class-weighted logistic reference using the same source-only fit/search/calibration and untouched regional target.,Platt_logistic_on_separate_calibration_partition,0.3227486121839514,1.0,0.10416666666666667,0.5274725274725275,0.6906474820143885,0.5825242718446602,0.8480565371024735,0.2344036154692477,0.29011110795301165,0.5520833333333334,0.8958333333333334,0.9479166666666666,48.0,43.0,5.0,0.0,0.9124399524683342,0.9144965277777777,0.21907467623175195,0.6304146150301188,0.28332597523044223,0.19947533420876737,15.215925082689253,20.0,0.4479166666666667,0.04265873015873016,1.0,1.0,0.08541666666666667,0.14583333333333334,0.5223124701385571,0.5393258426966292,0.8453690339919375,0.8540925266903915,0.21110333419829203,0.2804490780752514,0.26212104837832484,0.34453785038727813,0.8962533429725289,0.9305602963536609,0.9010416666666666,0.9290364583333333,0.2179977858491484,0.22285503350243024,20262028,2,Asia,338,96,V1-V10_financial_only
PONE2016_h2_target_Europe,20260727,HistGB,triad,171,86,0.7628023532066212,"Same-horizon leave-one-region-out transfer; source regions=Asia,North America; target region=Europe; source-only fit/search/calibration; target labels untouched until final evaluation; V1-V10 financial ratios only.",No metaheuristic; threshold and Platt calibration use calibration partition.,Platt_logistic_on_separate_calibration_partition,0.6651373247222817,0.4883720930232558,0.9058823529411765,0.84,0.6176470588235294,0.7342657342657343,0.5329949238578681,0.4333687592941463,0.5766249276106553,0.6971272229822161,0.09411764705882353,0.29239766081871343,42.0,8.0,77.0,44.0,0.7659263943051273,0.7586867305061559,0.20314842789294527,0.5928567766779367,0.06660238577295453,0.08463701987751243,0.903969980012157,,,,0.45348837209302323,0.5093023255813953,0.8952941176470589,0.94,0.8149234693877551,0.8857272727272727,0.49796181359141595,0.5559731855698067,0.39042029479537804,0.481455754966288,0.542094845381877,0.6104420735732348,0.7450852437799143,0.8164178144639117,0.7249794801641587,0.7792202462380302,0.19947033294331173,0.21511144434839144,20260727,2,Europe,263,171,V1-V10_financial_only
PONE2016_h2_target_Europe,20260727,HistGB,cost_1,171,86,0.76272191611171,"Same-horizon leave-one-region-out transfer; source regions=Asia,North America; target region=Europe; source-only fit/search/calibration; target labels untouched until final evaluation; V1-V10 financial ratios only.",No metaheuristic; threshold and Platt calibration use calibration partition.,Platt_logistic_on_separate_calibration_partition,0.6651373247222817,0.4883720930232558,0.9058823529411765,0.84,0.6176470588235294,0.7342657342657343,0.5329949238578681,0.4333687592941463,0.5766249276106553,0.6971272229822161,0.09411764705882353,0.29239766081871343,42.0,8.0,77.0,44.0,0.7659263943051273,0.7586867305061559,0.20314842789294527,0.5928567766779367,0.06660238577295453,0.08463701987751243,0.903969980012157,1.0,0.30409356725146197,0.30409356725146197,0.413953488372093,0.5581395348837209,0.8270588235294117,0.916470588235294,0.746403242147923,0.8533653846153846,0.4551092176000835,0.5976214255516001,0.3074755341263703,0.4770932377625181,0.47995715954780316,0.6182907056673438,0.665767717620375,0.7834187076524969,0.6665116279069766,0.752735978112175,0.2038012030247818,0.2453379079231715,20260727,2,Europe,263,171,V1-V10_financial_only
PONE2016_h2_target_Europe,20260727,HistGB,cost_2,171,86,0.29399766988036163,"Same-horizon leave-one-region-out transfer; source regions=Asia,North America; target region=Europe; source-only fit/search/calibration; target labels untouched until final evaluation; V1-V10 financial ratios only.",No metaheuristic; threshold and Platt calibration use calibration partition.,Platt_logistic_on_separate_calibration_partition,0.6632837103666549,0.7790697674418605,0.5647058823529412,0.6442307692307693,0.7052631578947368,0.6673306772908366,0.7477678571428571,0.35211111059454525,0.5370641096121351,0.6718878248974008,0.43529411764705883,0.6081871345029239,67.0,37.0,48.0,19.0,0.7659263943051273,0.7586867305061559,0.20314842789294527,0.5928567766779367,0.06660238577295453,0.08463701987751243,0.903969980012157,2.0,0.43859649122807015,0.2918287937743191,0.7488372093023256,0.8790697674418605,0.5329411764705883,0.6435294117647059,0.6369814078103434,0.6800926901200758,0.7336931869726935,0.8281814785524024,0.3498363791492585,0.4701817885014395,0.5319240621416267,0.6164868087417021,0.741121665387792,0.800282337319554,0.7445690834473324,0.8123939808481533,0.17541860754413138,0.20509958167979125,20260727,2,Europe,263,171,V1-V10_financial_only
PONE2016_h2_target_Europe,20260727,HistGB,cost_5,171,86,0.2262426109452136,"Same-horizon leave-one-region-out transfer; source regions=Asia,North America; target region=Europe; source-only fit/search/calibration; target labels untouched until final evaluation; V1-V10 financial ratios only.",No metaheuristic; threshold and Platt calibration use calibration partition.,Platt_logistic_on_separate_calibration_partition,0.3031977318006905,0.9767441860465116,0.09411764705882353,0.5217391304347826,0.680161943319838,0.5753424657534246,0.8316831683168316,0.15099345868058398,0.24032743048057134,0.5354309165526676,0.9058823529411765,0.9415204678362573,84.0,77.0,8.0,2.0,0.7659263943051273,0.7586867305061559,0.20314842789294527,0.5928567766779367,0.06660238577295453,0.08463701987751243,0.903969980012157,5.0,0.5087719298245614,0.16893203883495145,0.9534883720930233,1.0,0.05176470588235294,0.11764705882352941,0.5049900355593764,0.5335403726708075,0.8096469782328833,0.8511492569375281,0.014138730389598134,0.24789959586611904,0.0592785938507573,0.3056613688945577,0.7599852613121234,0.8388277081512928,0.7387277701778386,0.8196306429548563,0.17698193589713498,0.21311435492294808,20260727,2,Europe,263,171,V1-V10_financial_only
PONE2016_h2_target_Europe,20260727,HistGB,cost_10,171,86,0.2262426109452136,"Same-horizon leave-one-region-out transfer; source regions=Asia,North America; target region=Europe; source-only fit/search/calibration; target labels untouched until final evaluation; V1-V10 financial ratios only.",No metaheuristic; threshold and Platt calibration use calibration partition.,Platt_logistic_on_separate_calibration_partition,0.3031977318006905,0.9767441860465116,0.09411764705882353,0.5217391304347826,0.680161943319838,0.5753424657534246,0.8316831683168316,0.15099345868058398,0.24032743048057134,0.5354309165526676,0.9058823529411765,0.9415204678362573,84.0,77.0,8.0,2.0,0.7659263943051273,0.7586867305061559,0.20314842789294527,0.5928567766779367,0.06660238577295453,0.08463701987751243,0.903969980012157,10.0,0.5672514619883041,0.10264550264550265,0.9534883720930233,0.9883720930232558,0.06,0.11764705882352941,0.515170105967652,0.5222929936305732,0.8183632734530938,0.8379349228676718,0.11368507159916412,0.1636804568849378,0.19559457326347313,0.2441419611403646,0.7754958021132883,0.8268909810275188,0.7484131326949384,0.819015047879617,0.1770635779066912,0.20125461632924077,20260727,2,Europe,263,171,V1-V10_financial_only
PONE2016_h2_target_Europe,20260727,HistGB,cost_20,171,86,0.2262426109452136,"Same-horizon leave-one-region-out transfer; source regions=Asia,North America; target region=Europe; source-only fit/search/calibration; target labels untouched until final evaluation; V1-V10 financial ratios only.",No metaheuristic; threshold and Platt calibration use calibration partition.,Platt_logistic_on_separate_calibration_partition,0.3031977318006905,0.9767441860465116,0.09411764705882353,0.5217391304347826,0.680161943319838,0.5753424657534246,0.8316831683168316,0.15099345868058398,0.24032743048057134,0.5354309165526676,0.9058823529411765,0.9415204678362573,84.0,77.0,8.0,2.0,0.7659263943051273,0.7586867305061559,0.20314842789294527,0.5928567766779367,0.06660238577295453,0.08463701987751243,0.903969980012157,20.0,0.6842105263157895,0.06481994459833795,0.9453488372093023,0.9988372093023256,0.047058823529411764,0.1341176470588235,0.5065340909090909,0.5386217211228715,0.8057290204883525,0.8530451151359559,0.02930135429060022,0.2635772740203637,0.12151234321080952,0.3270532843486179,0.6862130194457713,0.8180547621445421,0.696593707250342,0.8056497948016416,0.19026758497416063,0.23065961878976815,20260727,2,Europe,263,171,V1-V10_financial_only
PONE2016_h2_target_Europe,20260727,KELM_PBMSBAINGO,triad,171,86,0.6767221281978353,"Same-horizon leave-one-region-out transfer; source regions=Asia,North America; target region=Europe; source-only fit/search/calibration; target labels untouched until final evaluation; V1-V10 financial ratios only.",Plain KELM; hyperparameters/features selected only on search partition.,Platt_logistic_on_separate_calibration_partition,0.6242916642718717,0.43023255813953487,0.9058823529411765,0.8222222222222222,0.5648854961832062,0.6954887218045113,0.4755784061696658,0.38164092390837956,0.5298382857864641,0.6680574555403557,0.09411764705882353,0.2631578947368421,37.0,8.0,77.0,49.0,0.8042652058100974,0.7857729138166896,0.18952418316565164,0.5528271779762554,0.07869289953617616,0.16330318264376423,0.8843549893064712,,,,0.40813953488372096,0.48372093023255813,0.8835294117647059,0.928235294117647,0.7867007672634272,0.8527371273712737,0.4552447552447552,0.5273242003188962,0.3447970524230885,0.41704314489974503,0.5034187760610037,0.5654397136440289,0.788895969901473,0.8250078214672251,0.7647879616963065,0.8143775649794803,0.17618412390662191,0.2021728486389387,20260828,2,Europe,263,171,V1-V10_financial_only
PONE2016_h2_target_Europe,20260727,KELM_PBMSBAINGO,cost_1,171,86,0.6751852756087965,"Same-horizon leave-one-region-out transfer; source regions=Asia,North America; target region=Europe; source-only fit/search/calibration; target labels untouched until final evaluation; V1-V10 financial ratios only.",Plain KELM; hyperparameters/features selected only on search partition.,Platt_logistic_on_separate_calibration_partition,0.6202245743050008,0.43023255813953487,0.8941176470588236,0.8043478260869565,0.5606060606060606,0.6851851851851852,0.47435897435897434,0.36571177449516357,0.5200905477180823,0.6621751025991792,0.10588235294117647,0.26900584795321636,37.0,9.0,76.0,49.0,0.8042652058100974,0.7857729138166896,0.18952418316565164,0.5528271779762554,0.07869289953617616,0.16330318264376423,0.8843549893064712,1.0,0.3391812865497076,0.3391812865497076,0.3488372093023256,0.5395348837209302,0.8411764705882353,0.96,0.7492874692874694,0.9234189723320158,0.39251968503937007,0.5815850515463917,0.2990557488073261,0.5013619922167376,0.45462133217715495,0.6144041679129879,0.754328242941135,0.8395204537081454,0.726580027359781,0.815047879616963,0.17722349773379797,0.21521897134904483,20260828,2,Europe,263,171,V1-V10_financial_only
PONE2016_h2_target_Europe,20260727,KELM_PBMSBAINGO,cost_2,171,86,0.65366154774179,"Same-horizon leave-one-region-out transfer; source regions=Asia,North America; target region=Europe; source-only fit/search/calibration; target labels untouched until final evaluation; V1-V10 financial ratios only.",Plain KELM; hyperparameters/features selected only on search partition.,Platt_logistic_on_separate_calibration_partition,0.6642111641550714,0.5,0.8823529411764706,0.8113207547169812,0.6187050359712231,0.7214765100671141,0.5415617128463476,0.41337497845843996,0.5670902438053329,0.6911764705882353,0.11764705882352941,0.30994152046783624,43.0,10.0,75.0,43.0,0.8042652058100974,0.7857729138166896,0.18952418316565164,0.5528271779762554,0.07869289953617616,0.16330318264376423,0.8843549893064712,2.0,0.5614035087719298,0.3735408560311284,0.4430232558139535,0.5581395348837209,0.8505882352941176,0.9494117647058823,0.7533468559837728,0.9138033395176253,0.48278351516721163,0.60105487599596,0.3244333216288654,0.5248537554758718,0.49655308866362174,0.6402068583747549,0.7773588183568102,0.8646033406685255,0.755608755129959,0.8424760601915184,0.16583088568634363,0.205589851282496,20260828,2,Europe,263,171,V1-V10_financial_only
PONE2016_h2_target_Europe,20260727,KELM_PBMSBAINGO,cost_5,171,86,0.1002278774874202,"Same-horizon leave-one-region-out transfer; source regions=Asia,North America; target region=Europe; source-only fit/search/calibration; target labels untouched until final evaluation; V1-V10 financial ratios only.",Plain KELM; hyperparameters/features selected only on search partition.,Platt_logistic_on_separate_calibration_partition,0.44460591382105025,0.9883720930232558,0.2,0.5555555555555556,0.7112970711297071,0.6088825214899714,0.8551307847082495,0.3068974527617131,0.3929294539053477,0.5941860465116279,0.8,0.8947368421052632,85.0,68.0,17.0,1.0,0.8042652058100974,0.7857729138166896,0.18952418316565164,0.5528271779762554,0.07869289953617616,0.16330318264376423,0.8843549893064712,5.0,0.4269005847953216,0.141747572815534,0.9767441860465116,0.9976744186046511,0.15764705882352942,0.30823529411764705,0.5402445236882323,0.5883943661971831,0.8408484848484848,0.8641231593038822,0.23562118685877637,0.3864264756823911,0.33154472969389515,0.4865792898172485,0.8142400278248062,0.8536866116785291,0.7753898768809849,0.8410807113543092,0.16678945801557912,0.19163142068018263,20260828,2,Europe,263,171,V1-V10_financial_only
PONE2016_h2_target_Europe,20260727,KELM_PBMSBAINGO,cost_10,171,86,0.1002278774874202,"Same-horizon leave-one-region-out transfer; source regions=Asia,North America; target region=Europe; source-only fit/search/calibration; target labels untouched until final evaluation; V1-V10 financial ratios only.",Plain KELM; hyperparameters/features selected only on search partition.,Platt_logistic_on_separate_calibration_partition,0.44460591382105025,0.9883720930232558,0.2,0.5555555555555556,0.7112970711297071,0.6088825214899714,0.8551307847082495,0.3068974527617131,0.3929294539053477,0.5941860465116279,0.8,0.8947368421052632,85.0,68.0,17.0,1.0,0.8042652058100974,0.7857729138166896,0.18952418316565164,0.5528271779762554,0.07869289953617616,0.16330318264376423,0.8843549893064712,10.0,0.45614035087719296,0.08253968253968254,0.9674418604651163,1.0,0.16470588235294117,0.2,0.5477707006369427,0.5549668874172186,0.8397157952268173,0.8582834331337326,0.2595009361203157,0.3062445276527127,0.36685747902454247,0.3903747402275323,0.7574763381216004,0.7938064244363654,0.7247058823529411,0.7625718194254446,0.1974515351710823,0.21502511584480635,20260828,2,Europe,263,171,V1-V10_financial_only
PONE2016_h2_target_Europe,20260727,KELM_PBMSBAINGO,cost_20,171,86,0.1002278774874202,"Same-horizon leave-one-region-out transfer; source regions=Asia,North America; target region=Europe; source-only fit/search/calibration; target labels untouched until final evaluation; V1-V10 financial ratios only.",Plain KELM; hyperparameters/features selected only on search partition.,Platt_logistic_on_separate_calibration_partition,0.44460591382105025,0.9883720930232558,0.2,0.5555555555555556,0.7112970711297071,0.6088825214899714,0.8551307847082495,0.3068974527617131,0.3929294539053477,0.5941860465116279,0.8,0.8947368421052632,85.0,68.0,17.0,1.0,0.8042652058100974,0.7857729138166896,0.18952418316565164,0.5528271779762554,0.07869289953617616,0.16330318264376423,0.8843549893064712,20.0,0.5146198830409356,0.04875346260387812,0.9883720930232558,1.0,0.14588235294117646,0.23294117647058823,0.5396610861576153,0.5687919317837511,0.8476376751060275,0.8683372965063106,0.2517958943624101,0.36396551940802035,0.3311838823597003,0.43927247897851246,0.7536002941203717,0.8315885460763112,0.7493296853625171,0.8063201094391245,0.1786845057457405,0.20421779233405457,20260828,2,Europe,263,171,V1-V10_financial_only
PONE2016_h2_target_Europe,20260727,KELM_score_fusion,triad,171,86,0.7628023532066212,"Same-horizon leave-one-region-out transfer; source regions=Asia,North America; target region=Europe; source-only fit/search/calibration; target labels untouched until final evaluation; V1-V10 financial ratios only.",Plain KELM plus HistGB score-level fusion; alpha=0.00 selected only on search partition.,Platt_logistic_on_separate_calibration_partition,0.6651373247222817,0.4883720930232558,0.9058823529411765,0.84,0.6176470588235294,0.7342657342657343,0.5329949238578681,0.4333687592941463,0.5766249276106553,0.6971272229822161,0.09411764705882353,0.29239766081871343,42.0,8.0,77.0,44.0,0.7659263943051273,0.7586867305061559,0.20314842789294527,0.5928567766779367,0.06660238577295453,0.08463701987751243,0.903969980012157,,,,0.4127906976744186,0.5546511627906977,0.8858823529411765,0.9623529411764706,0.7872727272727272,0.9267926356589147,0.45656390532937435,0.5983154087751023,0.3447574148982035,0.5078907027635955,0.5019751681313288,0.6372413296536525,0.7478322022531503,0.8283029205114815,0.7520383036935704,0.81484268125855,0.17929198976283345,0.21272934345681266,20260830,2,Europe,263,171,V1-V10_financial_only
PONE2016_h2_target_Europe,20260727,KELM_score_fusion,cost_1,171,86,0.76272191611171,"Same-horizon leave-one-region-out transfer; source regions=Asia,North America; target region=Europe; source-only fit/search/calibration; target labels untouched until final evaluation; V1-V10 financial ratios only.",Plain KELM plus HistGB score-level fusion; alpha=0.00 selected only on search partition.,Platt_logistic_on_separate_calibration_partition,0.6651373247222817,0.4883720930232558,0.9058823529411765,0.84,0.6176470588235294,0.7342657342657343,0.5329949238578681,0.4333687592941463,0.5766249276106553,0.6971272229822161,0.09411764705882353,0.29239766081871343,42.0,8.0,77.0,44.0,0.7659263943051273,0.7586867305061559,0.20314842789294527,0.5928567766779367,0.06660238577295453,0.08463701987751243,0.903969980012157,1.0,0.30409356725146197,0.30409356725146197,0.4883720930232558,0.5790697674418605,0.9058823529411765,0.928235294117647,0.8417142857142856,0.8747727272727273,0.5332668600435099,0.619851868477163,0.4365194881013459,0.514081499180515,0.5784964798667911,0.6463336314780093,0.7447332156392121,0.8050363759657733,0.7260601915184679,0.8039945280437756,0.1793885281078361,0.20900817709355962,20260830,2,Europe,263,171,V1-V10_financial_only
PONE2016_h2_target_Europe,20260727,KELM_score_fusion,cost_2,171,86,0.29399766988036163,"Same-horizon leave-one-region-out transfer; source regions=Asia,North America; target region=Europe; source-only fit/search/calibration; target labels untouched until final evaluation; V1-V10 financial ratios only.",Plain KELM plus HistGB score-level fusion; alpha=0.00 selected only on search partition.,Platt_logistic_on_separate_calibration_partition,0.6632837103666549,0.7790697674418605,0.5647058823529412,0.6442307692307693,0.7052631578947368,0.6673306772908366,0.7477678571428571,0.35211111059454525,0.5370641096121351,0.6718878248974008,0.43529411764705883,0.6081871345029239,67.0,37.0,48.0,19.0,0.7659263943051273,0.7586867305061559,0.20314842789294527,0.5928567766779367,0.06660238577295453,0.08463701987751243,0.903969980012157,2.0,0.43859649122807015,0.2918287937743191,0.7209302325581395,0.813953488372093,0.49647058823529416,0.5647058823529412,0.5940548340548341,0.6463963963963963,0.6913582729617358,0.7738257317903335,0.22770462585216522,0.3770039454266293,0.43466513492735126,0.5523999898463672,0.7275866833336766,0.8081270683963941,0.7008891928864569,0.7832010943912449,0.18933344637168437,0.22650386364375777,20260830,2,Europe,263,171,V1-V10_financial_only
PONE2016_h2_target_Europe,20260727,KELM_score_fusion,cost_5,171,86,0.2262426109452136,"Same-horizon leave-one-region-out transfer; source regions=Asia,North America; target region=Europe; source-only fit/search/calibration; target labels untouched until final evaluation; V1-V10 financial ratios only.",Plain KELM plus HistGB score-level fusion; alpha=0.00 selected only on search partition.,Platt_logistic_on_separate_calibration_partition,0.3031977318006905,0.9767441860465116,0.09411764705882353,0.5217391304347826,0.680161943319838,0.5753424657534246,0.8316831683168316,0.15099345868058398,0.24032743048057134,0.5354309165526676,0.9058823529411765,0.9415204678362573,84.0,77.0,8.0,2.0,0.7659263943051273,0.7586867305061559,0.20314842789294527,0.5928567766779367,0.06660238577295453,0.08463701987751243,0.903969980012157,5.0,0.5087719298245614,0.16893203883495145,0.9651162790697675,0.9872093023255814,0.058823529411764705,0.10470588235294118,0.509501720784079,0.5219585600185207,0.8190276603738141,0.8371150351768158,0.05998845085515306,0.16460469351098822,0.15014844698110308,0.2418337337053902,0.7452054810757862,0.7867214616234535,0.7352257181942545,0.7582079343365253,0.19881835534073333,0.2125929775149015,20260830,2,Europe,263,171,V1-V10_financial_only
PONE2016_h2_target_Europe,20260727,KELM_score_fusion,cost_10,171,86,0.2262426109452136,"Same-horizon leave-one-region-out transfer; source regions=Asia,North America; target region=Europe; source-only fit/search/calibration; target labels untouched until final evaluation; V1-V10 financial ratios only.",Plain KELM plus HistGB score-level fusion; alpha=0.00 selected only on search partition.,Platt_logistic_on_separate_calibration_partition,0.3031977318006905,0.9767441860465116,0.09411764705882353,0.5217391304347826,0.680161943319838,0.5753424657534246,0.8316831683168316,0.15099345868058398,0.24032743048057134,0.5354309165526676,0.9058823529411765,0.9415204678362573,84.0,77.0,8.0,2.0,0.7659263943051273,0.7586867305061559,0.20314842789294527,0.5928567766779367,0.06660238577295453,0.08463701987751243,0.903969980012157,10.0,0.5672514619883041,0.10264550264550265,0.9325581395348838,1.0,0.04823529411764706,0.10470588235294118,0.5040497008743672,0.5267453599440863,0.7973790721804631,0.8474623374518,0.01042111672708881,0.21612222250374166,0.059802322023364995,0.27064218153177955,0.6980449164258066,0.7942982908380296,0.6733652530779752,0.7940355677154584,0.19150754503834028,0.23618716808564263,20260830,2,Europe,263,171,V1-V10_financial_only
PONE2016_h2_target_Europe,20260727,KELM_score_fusion,cost_20,171,86,0.2262426109452136,"Same-horizon leave-one-region-out transfer; source regions=Asia,North America; target region=Europe; source-only fit/search/calibration; target labels untouched until final evaluation; V1-V10 financial ratios only.",Plain KELM plus HistGB score-level fusion; alpha=0.00 selected only on search partition.,Platt_logistic_on_separate_calibration_partition,0.3031977318006905,0.9767441860465116,0.09411764705882353,0.5217391304347826,0.680161943319838,0.5753424657534246,0.8316831683168316,0.15099345868058398,0.24032743048057134,0.5354309165526676,0.9058823529411765,0.9415204678362573,84.0,77.0,8.0,2.0,0.7659263943051273,0.7586867305061559,0.20314842789294527,0.5928567766779367,0.06660238577295453,0.08463701987751243,0.903969980012157,20.0,0.6842105263157895,0.06481994459833795,0.9767441860465116,0.9883720930232558,0.07176470588235294,0.12823529411764706,0.5183152664859982,0.5339622641509434,0.8302038899542128,0.8440987930683614,0.13397181047109283,0.225966007975069,0.21832244092223177,0.3057416582228228,0.754703768735429,0.8037015790088727,0.7259781121751026,0.802079343365253,0.17933013935413095,0.21875175360966956,20260830,2,Europe,263,171,V1-V10_financial_only
PONE2016_h2_target_Europe,20260727,KELM_risk_feature,triad,171,86,0.7310904892335413,"Same-horizon leave-one-region-out transfer; source regions=Asia,North America; target region=Europe; source-only fit/search/calibration; target labels untouched until final evaluation; V1-V10 financial ratios only.",OOF HistGB risk is a forced KELM input; no score-level fusion.,Platt_logistic_on_separate_calibration_partition,0.6363369866681609,0.43023255813953487,0.9411764705882353,0.8809523809523809,0.578125,0.7283464566929134,0.4792746113989637,0.43141142780823427,0.5590131099575653,0.6857045143638851,0.058823529411764705,0.24561403508771928,37.0,5.0,80.0,49.0,0.8063432283705269,0.7878248974008208,0.19652898555987366,0.5720999385883234,0.11555356822568175,0.272687900761038,0.765244491320408,,,,0.36744186046511623,0.47674418604651164,0.8964705882352941,0.9517647058823528,0.7829166666666667,0.9086363636363636,0.41108486757105944,0.5265889774933109,0.3120698646280008,0.4842364825288976,0.4683277101741412,0.6024247002825257,0.7587538184399952,0.841144327355052,0.7512995896032832,0.82,0.17877928173273427,0.22169634497593674,20260938,2,Europe,263,171,V1-V10_financial_only
PONE2016_h2_target_Europe,20260727,KELM_risk_feature,cost_1,171,86,0.7312706968246637,"Same-horizon leave-one-region-out transfer; source regions=Asia,North America; target region=Europe; source-only fit/search/calibration; target labels untouched until final evaluation; V1-V10 financial ratios only.",OOF HistGB risk is a forced KELM input; no score-level fusion.,Platt_logistic_on_separate_calibration_partition,0.6363369866681609,0.43023255813953487,0.9411764705882353,0.8809523809523809,0.578125,0.7283464566929134,0.4792746113989637,0.43141142780823427,0.5590131099575653,0.6857045143638851,0.058823529411764705,0.24561403508771928,37.0,5.0,80.0,49.0,0.8063432283705269,0.7878248974008208,0.19652898555987366,0.5720999385883234,0.11555356822568175,0.272687900761038,0.765244491320408,1.0,0.3157894736842105,0.3157894736842105,0.37209302325581395,0.48604651162790696,0.9199999999999999,0.9741176470588235,0.8579150579150578,0.9379679144385027,0.42028079823355413,0.5324624222869284,0.38423389161908345,0.47523530819122567,0.5136864063803647,0.5951857300226177,0.7786652492050756,0.8690826166552176,0.7504651162790698,0.8648153214774282,0.1656782312280469,0.21397291784883157,20260938,2,Europe,263,171,V1-V10_financial_only
PONE2016_h2_target_Europe,20260727,KELM_risk_feature,cost_2,171,86,0.29741111455110497,"Same-horizon leave-one-region-out transfer; source regions=Asia,North America; target region=Europe; source-only fit/search/calibration; target labels untouched until final evaluation; V1-V10 financial ratios only.",OOF HistGB risk is a forced KELM input; no score-level fusion.,Platt_logistic_on_separate_calibration_partition,0.6694424656191761,0.7325581395348837,0.611764705882353,0.65625,0.6923076923076923,0.6702127659574468,0.7159090909090909,0.3469431193204091,0.5377266963905099,0.6721614227086183,0.38823529411764707,0.5614035087719298,63.0,33.0,52.0,23.0,0.8063432283705269,0.7878248974008208,0.19652898555987366,0.5720999385883234,0.11555356822568175,0.272687900761038,0.765244491320408,2.0,0.4619883040935672,0.30739299610894943,0.686046511627907,0.7313953488372092,0.5882352941176471,0.6647058823529411,0.6284352836879432,0.6883400809716599,0.6738249340203595,0.7223391720995994,0.27794542175723363,0.397054771591219,0.4828505787354332,0.5778142810531639,0.7656076502005309,0.8358010657416706,0.7446374829001368,0.8236388508891929,0.17924022614711926,0.22170170512554868,20260938,2,Europe,263,171,V1-V10_financial_only
PONE2016_h2_target_Europe,20260727,KELM_risk_feature,cost_5,171,86,0.1671470748282468,"Same-horizon leave-one-region-out transfer; source regions=Asia,North America; target region=Europe; source-only fit/search/calibration; target labels untouched until final evaluation; V1-V10 financial ratios only.",OOF HistGB risk is a forced KELM input; no score-level fusion.,Platt_logistic_on_separate_calibration_partition,0.6150194907547304,0.9186046511627907,0.4117647058823529,0.6124031007751938,0.7348837209302326,0.6561461794019934,0.8350951374207188,0.3837416567797001,0.5255397478007905,0.6651846785225718,0.5882352941176471,0.7543859649122807,79.0,50.0,35.0,7.0,0.8063432283705269,0.7878248974008208,0.19652898555987366,0.5720999385883234,0.11555356822568175,0.272687900761038,0.765244491320408,5.0,0.49707602339181284,0.1650485436893204,0.8767441860465116,0.9534883720930233,0.25882352941176473,0.4541176470588235,0.5567266067266067,0.6335497835497835,0.7991939359517672,0.8606267507002802,0.23235107688952877,0.44110202907044155,0.38091132101496905,0.5715695252486873,0.7824271573581958,0.869314368594819,0.737482900136799,0.8371272229822161,0.16622437760132264,0.2143055277614008,20260938,2,Europe,263,171,V1-V10_financial_only
PONE2016_h2_target_Europe,20260727,KELM_risk_feature,cost_10,171,86,0.10611704910916796,"Same-horizon leave-one-region-out transfer; source regions=Asia,North America; target region=Europe; source-only fit/search/calibration; target labels untouched until final evaluation; V1-V10 financial ratios only.",OOF HistGB risk is a forced KELM input; no score-level fusion.,Platt_logistic_on_separate_calibration_partition,0.3887965929604765,0.9883720930232558,0.15294117647058825,0.5414012738853503,0.6995884773662552,0.5952380952380952,0.8483033932135728,0.25770793382630847,0.33899312981414736,0.570656634746922,0.8470588235294118,0.9181286549707602,85.0,72.0,13.0,1.0,0.8063432283705269,0.7878248974008208,0.19652898555987366,0.5720999385883234,0.11555356822568175,0.272687900761038,0.765244491320408,10.0,0.47953216374269003,0.08677248677248678,0.9767441860465116,0.9988372093023256,0.1188235294117647,0.17294117647058824,0.5318971617265508,0.5473458554512045,0.8368203831381062,0.8516815809837497,0.2017423362163887,0.2797778441088028,0.29515412909980776,0.3625755326150476,0.756312634211061,0.8410204579472216,0.7337893296853625,0.814404924760602,0.17671261718860254,0.22411562299676097,20260938,2,Europe,263,171,V1-V10_financial_only
PONE2016_h2_target_Europe,20260727,KELM_risk_feature,cost_20,171,86,0.10611704910916796,"Same-horizon leave-one-region-out transfer; source regions=Asia,North America; target region=Europe; source-only fit/search/calibration; target labels untouched until final evaluation; V1-V10 financial ratios only.",OOF HistGB risk is a forced KELM input; no score-level fusion.,Platt_logistic_on_separate_calibration_partition,0.3887965929604765,0.9883720930232558,0.15294117647058825,0.5414012738853503,0.6995884773662552,0.5952380952380952,0.8483033932135728,0.25770793382630847,0.33899312981414736,0.570656634746922,0.8470588235294118,0.9181286549707602,85.0,72.0,13.0,1.0,0.8063432283705269,0.7878248974008208,0.19652898555987366,0.5720999385883234,0.11555356822568175,0.272687900761038,0.765244491320408,20.0,0.5380116959064327,0.05096952908587258,0.977906976744186,1.0,0.10823529411764705,0.20823529411764705,0.5315277777777778,0.5607210626185958,0.8440163817324635,0.8639894925106193,0.23897825771931333,0.3388090590350384,0.2959604996166967,0.41292779001626806,0.7960482573214793,0.8493322956059987,0.7750889192886457,0.8291655266757866,0.17584980191587476,0.2012754110773591,20260938,2,Europe,263,171,V1-V10_financial_only
PONE2016_h2_target_Europe,20260727,Full_PBMSBAINGO,triad,171,86,0.7604454636274977,"Same-horizon leave-one-region-out transfer; source regions=Asia,North America; target region=Europe; source-only fit/search/calibration; target labels untouched until final evaluation; V1-V10 financial ratios only.",Risk feature plus score fusion; alpha=0.70 selected only on search partition.,Platt_logistic_on_separate_calibration_partition,0.6656513015586748,0.47674418604651164,0.9294117647058824,0.8723404255319149,0.6165413533834586,0.7481751824817519,0.5242966751918159,0.45487465328718063,0.5863115318913139,0.703077975376197,0.07058823529411765,0.27485380116959063,41.0,6.0,79.0,45.0,0.8165036987256955,0.8031463748290013,0.1905928735520939,0.5578737709129995,0.10258623303328837,0.16294373696958694,0.866912631038075,,,,0.4232558139534884,0.5313953488372093,0.8623529411764705,0.9388235294117647,0.7798627787307033,0.8753502854177478,0.47193011591988576,0.5732273722280384,0.3686485428507259,0.457644040729863,0.5316006173590329,0.6015654301182916,0.7726012454277918,0.8170031735140559,0.7600547195622436,0.8104240766073871,0.1867230772620538,0.21228300992149596,20261034,2,Europe,263,171,V1-V10_financial_only
PONE2016_h2_target_Europe,20260727,Full_PBMSBAINGO,cost_1,171,86,0.3252834939289452,"Same-horizon leave-one-region-out transfer; source regions=Asia,North America; target region=Europe; source-only fit/search/calibration; target labels untouched until final evaluation; V1-V10 financial ratios only.",Risk feature plus score fusion; alpha=0.70 selected only on search partition.,Platt_logistic_on_separate_calibration_partition,0.6884825400359377,0.7325581395348837,0.6470588235294118,0.6774193548387096,0.7039106145251397,0.6877729257641921,0.7208237986270023,0.38107944439748603,0.5652845665163423,0.6898084815321477,0.35294117647058826,0.543859649122807,63.0,30.0,55.0,23.0,0.8165036987256955,0.8031463748290013,0.1905928735520939,0.5578737709129995,0.10258623303328837,0.16294373696958694,0.866912631038075,1.0,0.30994152046783624,0.30994152046783624,0.6790697674418604,0.7999999999999999,0.5905882352941176,0.7988235294117647,0.6537145748987855,0.7748333333333334,0.6935267286793048,0.7690440759637188,0.3412889626874538,0.5069950874552973,0.533046209897818,0.6593290678936914,0.8067789808357814,0.8838797047111925,0.7754719562243503,0.8737893296853626,0.161367912361867,0.20010029637996443,20261034,2,Europe,263,171,V1-V10_financial_only
PONE2016_h2_target_Europe,20260727,Full_PBMSBAINGO,cost_2,171,86,0.3252834939289452,"Same-horizon leave-one-region-out transfer; source regions=Asia,North America; target region=Europe; source-only fit/search/calibration; target labels untouched until final evaluation; V1-V10 financial ratios only.",Risk feature plus score fusion; alpha=0.70 selected only on search partition.,Platt_logistic_on_separate_calibration_partition,0.6884825400359377,0.7325581395348837,0.6470588235294118,0.6774193548387096,0.7039106145251397,0.6877729257641921,0.7208237986270023,0.38107944439748603,0.5652845665163423,0.6898084815321477,0.35294117647058826,0.543859649122807,63.0,30.0,55.0,23.0,0.8165036987256955,0.8031463748290013,0.1905928735520939,0.5578737709129995,0.10258623303328837,0.16294373696958694,0.866912631038075,2.0,0.4444444444444444,0.29571984435797666,0.6686046511627907,0.7639534883720931,0.6,0.7647058823529411,0.6461984536082475,0.7673017902813299,0.6655821556633621,0.7645553987297107,0.311239974304745,0.5287722927849089,0.5111987137220788,0.6756510367456057,0.7969608952042947,0.8644999527159462,0.7857318741450068,0.8555129958960327,0.16589138824684196,0.20416745684881366,20261034,2,Europe,263,171,V1-V10_financial_only
PONE2016_h2_target_Europe,20260727,Full_PBMSBAINGO,cost_5,171,86,0.3252834939289452,"Same-horizon leave-one-region-out transfer; source regions=Asia,North America; target region=Europe; source-only fit/search/calibration; target labels untouched until final evaluation; V1-V10 financial ratios only.",Risk feature plus score fusion; alpha=0.70 selected only on search partition.,Platt_logistic_on_separate_calibration_partition,0.6884825400359377,0.7325581395348837,0.6470588235294118,0.6774193548387096,0.7039106145251397,0.6877729257641921,0.7208237986270023,0.38107944439748603,0.5652845665163423,0.6898084815321477,0.35294117647058826,0.543859649122807,63.0,30.0,55.0,23.0,0.8165036987256955,0.8031463748290013,0.1905928735520939,0.5578737709129995,0.10258623303328837,0.16294373696958694,0.866912631038075,5.0,0.847953216374269,0.2815533980582524,0.6604651162790698,0.7906976744186046,0.611764705882353,0.7470588235294118,0.633618867504728,0.7499874843554443,0.6565782177791416,0.7750346313683238,0.2777528562709916,0.4961365711271467,0.4826375279929109,0.6522022433264058,0.7674994533281236,0.8825441748504302,0.7564021887824898,0.8638166894664843,0.1543362605451548,0.21836645283477224,20261034,2,Europe,263,171,V1-V10_financial_only
PONE2016_h2_target_Europe,20260727,Full_PBMSBAINGO,cost_10,171,86,0.16539966667305822,"Same-horizon leave-one-region-out transfer; source regions=Asia,North America; target region=Europe; source-only fit/search/calibration; target labels untouched until final evaluation; V1-V10 financial ratios only.",Risk feature plus score fusion; alpha=0.70 selected only on search partition.,Platt_logistic_on_separate_calibration_partition,0.5359829304916209,0.9767441860465116,0.29411764705882354,0.5833333333333334,0.7304347826086957,0.6344410876132931,0.860655737704918,0.3714012607528791,0.4742948734439044,0.6354309165526676,0.7058823529411765,0.8421052631578947,84.0,60.0,25.0,2.0,0.8165036987256955,0.8031463748290013,0.1905928735520939,0.5578737709129995,0.10258623303328837,0.16294373696958694,0.866912631038075,10.0,0.4678362573099415,0.08465608465608465,0.9337209302325581,0.9767441860465116,0.22705882352941179,0.3129411764705882,0.5576803100482087,0.5873214806178956,0.824919239726542,0.8569955817378497,0.2689765929533445,0.36954670497896447,0.39453169770841073,0.4815628015467089,0.7608549342800658,0.8182131995746195,0.7527222982216142,0.813953488372093,0.18369780639475738,0.22263663008906504,20261034,2,Europe,263,171,V1-V10_financial_only
PONE2016_h2_target_Europe,20260727,Full_PBMSBAINGO,cost_20,171,86,0.16539966667305822,"Same-horizon leave-one-region-out transfer; source regions=Asia,North America; target region=Europe; source-only fit/search/calibration; target labels untouched until final evaluation; V1-V10 financial ratios only.",Risk feature plus score fusion; alpha=0.70 selected only on search partition.,Platt_logistic_on_separate_calibration_partition,0.5359829304916209,0.9767441860465116,0.29411764705882354,0.5833333333333334,0.7304347826086957,0.6344410876132931,0.860655737704918,0.3714012607528791,0.4742948734439044,0.6354309165526676,0.7058823529411765,0.8421052631578947,84.0,60.0,25.0,2.0,0.8165036987256955,0.8031463748290013,0.1905928735520939,0.5578737709129995,0.10258623303328837,0.16294373696958694,0.866912631038075,20.0,0.5847953216374269,0.055401662049861494,0.9767441860465116,1.0,0.28352941176470586,0.32823529411764707,0.5802834199338687,0.5970744680851063,0.859604073113655,0.8807878889260623,0.36495488507544643,0.43362014503448576,0.46664004243988655,0.5160756791309334,0.7794028011566749,0.8313800959680712,0.7754856361149111,0.8384131326949384,0.1751700298534025,0.21152022472740792,20261034,2,Europe,263,171,V1-V10_financial_only
PONE2016_h2_target_Europe,20260727,Uncertainty_gated_fusion,triad,171,86,0.7310904892335413,"Same-horizon leave-one-region-out transfer; source regions=Asia,North America; target region=Europe; source-only fit/search/calibration; target labels untouched until final evaluation; V1-V10 financial ratios only.","One-standard-error paired-bootstrap gate selected KELM_risk_feature; search utility difference=-0.0166, required margin=0.0195.",Platt_logistic_on_separate_calibration_partition,0.6363369866681609,0.43023255813953487,0.9411764705882353,0.8809523809523809,0.578125,0.7283464566929134,0.4792746113989637,0.43141142780823427,0.5590131099575653,0.6857045143638851,0.058823529411764705,0.24561403508771928,37.0,5.0,80.0,49.0,0.8063432283705269,0.7878248974008208,0.19652898555987366,0.5720999385883234,0.11555356822568175,0.272687900761038,0.765244491320408,,,,0.3651162790697674,0.46511627906976744,0.9423529411764706,0.9764705882352941,0.8839202657807309,0.9517374517374517,0.4140056371581521,0.5180008300866235,0.3936897087378426,0.5111686192149046,0.5167087727603354,0.614350780847108,0.7573394949089447,0.8654795308539173,0.7430642954856361,0.8467305061559508,0.16601115798070978,0.21859672571986574,20261080,2,Europe,263,171,V1-V10_financial_only
PONE2016_h2_target_Europe,20260727,Uncertainty_gated_fusion,cost_1,171,86,0.7312706968246637,"Same-horizon leave-one-region-out transfer; source regions=Asia,North America; target region=Europe; source-only fit/search/calibration; target labels untouched until final evaluation; V1-V10 financial ratios only.","One-standard-error paired-bootstrap gate selected KELM_risk_feature; search utility difference=-0.0166, required margin=0.0195.",Platt_logistic_on_separate_calibration_partition,0.6363369866681609,0.43023255813953487,0.9411764705882353,0.8809523809523809,0.578125,0.7283464566929134,0.4792746113989637,0.43141142780823427,0.5590131099575653,0.6857045143638851,0.058823529411764705,0.24561403508771928,37.0,5.0,80.0,49.0,0.8063432283705269,0.7878248974008208,0.19652898555987366,0.5720999385883234,0.11555356822568175,0.272687900761038,0.765244491320408,1.0,0.3157894736842105,0.3157894736842105,0.3546511627906977,0.5406976744186046,0.9305882352941177,0.9752941176470588,0.860064935064935,0.9446846846846847,0.4021322862346692,0.5867301677750222,0.3685964675070681,0.5145281418526066,0.498416411151822,0.6377675701637799,0.7735352789036062,0.8506530613449529,0.7447606019151847,0.8222845417236663,0.17031774740334946,0.21590743716069397,20261080,2,Europe,263,171,V1-V10_financial_only
PONE2016_h2_target_Europe,20260727,Uncertainty_gated_fusion,cost_2,171,86,0.29741111455110497,"Same-horizon leave-one-region-out transfer; source regions=Asia,North America; target region=Europe; source-only fit/search/calibration; target labels untouched until final evaluation; V1-V10 financial ratios only.","One-standard-error paired-bootstrap gate selected KELM_risk_feature; search utility difference=-0.0166, required margin=0.0195.",Platt_logistic_on_separate_calibration_partition,0.6694424656191761,0.7325581395348837,0.611764705882353,0.65625,0.6923076923076923,0.6702127659574468,0.7159090909090909,0.3469431193204091,0.5377266963905099,0.6721614227086183,0.38823529411764707,0.5614035087719298,63.0,33.0,52.0,23.0,0.8063432283705269,0.7878248974008208,0.19652898555987366,0.5720999385883234,0.11555356822568175,0.272687900761038,0.765244491320408,2.0,0.4619883040935672,0.30739299610894943,0.6976744186046512,0.7546511627906977,0.5317647058823529,0.6529411764705882,0.6125588697017269,0.6861702127659575,0.6793528791917188,0.7392367906066537,0.25602315544957127,0.4049403456272709,0.46252968576000836,0.5828452002180762,0.781448128294532,0.8551674134776541,0.7567852257181943,0.8292202462380301,0.17124167789729694,0.2099799242289562,20261080,2,Europe,263,171,V1-V10_financial_only
PONE2016_h2_target_Europe,20260727,Uncertainty_gated_fusion,cost_5,171,86,0.1671470748282468,"Same-horizon leave-one-region-out transfer; source regions=Asia,North America; target region=Europe; source-only fit/search/calibration; target labels untouched until final evaluation; V1-V10 financial ratios only.","One-standard-error paired-bootstrap gate selected KELM_risk_feature; search utility difference=-0.0166, required margin=0.0195.",Platt_logistic_on_separate_calibration_partition,0.6150194907547304,0.9186046511627907,0.4117647058823529,0.6124031007751938,0.7348837209302326,0.6561461794019934,0.8350951374207188,0.3837416567797001,0.5255397478007905,0.6651846785225718,0.5882352941176471,0.7543859649122807,79.0,50.0,35.0,7.0,0.8063432283705269,0.7878248974008208,0.19652898555987366,0.5720999385883234,0.11555356822568175,0.272687900761038,0.765244491320408,5.0,0.49707602339181284,0.1650485436893204,0.8744186046511628,0.9511627906976744,0.3247058823529412,0.45294117647058824,0.5807942485450188,0.63671875,0.7981283061643096,0.8647672128841691,0.29938038406937373,0.4622217590568458,0.4540048304823665,0.5827274828566804,0.7907670617863051,0.8794123281782865,0.7530916552667578,0.8641039671682625,0.15245327536948972,0.20802749219957548,20261080,2,Europe,263,171,V1-V10_financial_only
PONE2016_h2_target_Europe,20260727,Uncertainty_gated_fusion,cost_10,171,86,0.10611704910916796,"Same-horizon leave-one-region-out transfer; source regions=Asia,North America; target region=Europe; source-only fit/search/calibration; target labels untouched until final evaluation; V1-V10 financial ratios only.","One-standard-error paired-bootstrap gate selected KELM_risk_feature; search utility difference=-0.0166, required margin=0.0195.",Platt_logistic_on_separate_calibration_partition,0.3887965929604765,0.9883720930232558,0.15294117647058825,0.5414012738853503,0.6995884773662552,0.5952380952380952,0.8483033932135728,0.25770793382630847,0.33899312981414736,0.570656634746922,0.8470588235294118,0.9181286549707602,85.0,72.0,13.0,1.0,0.8063432283705269,0.7878248974008208,0.19652898555987366,0.5720999385883234,0.11555356822568175,0.272687900761038,0.765244491320408,10.0,0.47953216374269003,0.08677248677248678,0.977906976744186,0.9883720930232558,0.16470588235294117,0.1988235294117647,0.5448717948717948,0.5525632262474368,0.8470967741935485,0.8532426298379892,0.27055992467502604,0.2938993181482384,0.3531541802033156,0.3801295466455191,0.7606208825547931,0.8649696268484431,0.7419835841313269,0.8464432284541724,0.16777742619350522,0.22553750479617507,20261080,2,Europe,263,171,V1-V10_financial_only
PONE2016_h2_target_Europe,20260727,Uncertainty_gated_fusion,cost_20,171,86,0.10611704910916796,"Same-horizon leave-one-region-out transfer; source regions=Asia,North America; target region=Europe; source-only fit/search/calibration; target labels untouched until final evaluation; V1-V10 financial ratios only.","One-standard-error paired-bootstrap gate selected KELM_risk_feature; search utility difference=-0.0166, required margin=0.0195.",Platt_logistic_on_separate_calibration_partition,0.3887965929604765,0.9883720930232558,0.15294117647058825,0.5414012738853503,0.6995884773662552,0.5952380952380952,0.8483033932135728,0.25770793382630847,0.33899312981414736,0.570656634746922,0.8470588235294118,0.9181286549707602,85.0,72.0,13.0,1.0,0.8063432283705269,0.7878248974008208,0.19652898555987366,0.5720999385883234,0.11555356822568175,0.272687900761038,0.765244491320408,20.0,0.5380116959064327,0.05096952908587258,0.977906976744186,1.0,0.17647058823529413,0.24352941176470588,0.5457478005865102,0.571921052631579,0.844206485259676,0.8694008097165992,0.2587193768667502,0.37056527541437456,0.3547254572011201,0.4482776985915855,0.8029183170468199,0.8749401466449462,0.7849247606019152,0.8616142270861833,0.16786226925192632,0.20053829554180375,20261080,2,Europe,263,171,V1-V10_financial_only
PONE2016_h2_target_Europe,20260727,Full_random_search,triad,171,86,0.758572549076765,"Same-horizon leave-one-region-out transfer; source regions=Asia,North America; target region=Europe; source-only fit/search/calibration; target labels untouched until final evaluation; V1-V10 financial ratios only.",Same full architecture and 81 evaluations as PBMSBAINGO; alpha=0.70.,Platt_logistic_on_separate_calibration_partition,0.6614249013582713,0.47674418604651164,0.9176470588235294,0.8541666666666666,0.6119402985074627,0.737410071942446,0.5229591836734694,0.43884664196351925,0.5768877106098632,0.6971956224350205,0.08235294117647059,0.2807017543859649,41.0,7.0,78.0,45.0,0.7664404580031265,0.7883720930232558,0.19899694096554457,0.5879868721124674,0.11821656237857207,0.09113163613404807,0.7134103050492678,,,,0.47674418604651164,0.5523255813953488,0.9294117647058824,0.9858823529411765,0.8726063829787234,0.9720496894409938,0.5249758159627897,0.597841772967401,0.4558747926950768,0.5385318566658616,0.5872144237193838,0.6465304367228679,0.7588033121252898,0.8664408653963156,0.7502735978112175,0.8421340629274965,0.16568670462444055,0.21618522597006468,20261128,2,Europe,263,171,V1-V10_financial_only
PONE2016_h2_target_Europe,20260727,Full_random_search,cost_1,171,86,0.2820956317818105,"Same-horizon leave-one-region-out transfer; source regions=Asia,North America; target region=Europe; source-only fit/search/calibration; target labels untouched until final evaluation; V1-V10 financial ratios only.",Same full architecture and 81 evaluations as PBMSBAINGO; alpha=0.70.,Platt_logistic_on_separate_calibration_partition,0.6929387842275322,0.7558139534883721,0.6352941176470588,0.6770833333333334,0.7142857142857143,0.6914893617021277,0.7386363636363636,0.39408437748790215,0.5741071901863417,0.6955540355677154,0.36470588235294116,0.5614035087719298,65.0,31.0,54.0,21.0,0.7664404580031265,0.7883720930232558,0.19899694096554457,0.5879868721124674,0.11821656237857207,0.09113163613404807,0.7134103050492678,1.0,0.30409356725146197,0.30409356725146197,0.7220930232558139,0.822093023255814,0.5776470588235294,0.6705882352941176,0.6373737373737374,0.7162878787878787,0.7113834247017091,0.7984916888980094,0.31531803015649673,0.49869729961650555,0.511250534466684,0.6502076250742896,0.725575660881958,0.8364727757187536,0.7565663474692202,0.8268673050615595,0.17469907124382453,0.2126626324478607,20261128,2,Europe,263,171,V1-V10_financial_only
PONE2016_h2_target_Europe,20260727,Full_random_search,cost_2,171,86,0.2820956317818105,"Same-horizon leave-one-region-out transfer; source regions=Asia,North America; target region=Europe; source-only fit/search/calibration; target labels untouched until final evaluation; V1-V10 financial ratios only.",Same full architecture and 81 evaluations as PBMSBAINGO; alpha=0.70.,Platt_logistic_on_separate_calibration_partition,0.6929387842275322,0.7558139534883721,0.6352941176470588,0.6770833333333334,0.7142857142857143,0.6914893617021277,0.7386363636363636,0.39408437748790215,0.5741071901863417,0.6955540355677154,0.36470588235294116,0.5614035087719298,65.0,31.0,54.0,21.0,0.7664404580031265,0.7883720930232558,0.19899694096554457,0.5879868721124674,0.11821656237857207,0.09113163613404807,0.7134103050492678,2.0,0.4269005847953216,0.2840466926070039,0.7232558139534884,0.7976744186046512,0.66,0.7929411764705883,0.6835164835164835,0.7869778525371461,0.7149425287356322,0.7803727124652677,0.38522356966961974,0.5483678856794898,0.5689523579976143,0.6894897085708686,0.7928444765201911,0.8610356316263115,0.7950068399452803,0.8515731874145006,0.16899241221030833,0.19580733158297603,20261128,2,Europe,263,171,V1-V10_financial_only
PONE2016_h2_target_Europe,20260727,Full_random_search,cost_5,171,86,0.1761785379653309,"Same-horizon leave-one-region-out transfer; source regions=Asia,North America; target region=Europe; source-only fit/search/calibration; target labels untouched until final evaluation; V1-V10 financial ratios only.",Same full architecture and 81 evaluations as PBMSBAINGO; alpha=0.70.,Platt_logistic_on_separate_calibration_partition,0.49979475951793145,0.9651162790697675,0.25882352941176473,0.5684931506849316,0.7155172413793104,0.6194029850746269,0.8469387755102041,0.31691555700164437,0.42938050092132624,0.6119699042407661,0.7411764705882353,0.8538011695906432,83.0,63.0,22.0,3.0,0.7664404580031265,0.7883720930232558,0.19899694096554457,0.5879868721124674,0.11821656237857207,0.09113163613404807,0.7134103050492678,5.0,0.45614035087719296,0.15145631067961166,0.9767441860465116,0.9883720930232558,0.2247058823529412,0.3105882352941176,0.5603758389261746,0.5920120148308068,0.8503748840035805,0.8716278411102457,0.3062446563791788,0.4072944075839026,0.4065792972280849,0.49981991473667653,0.7473983840917053,0.8239417769404989,0.7509986320109439,0.8377564979480164,0.17225307068638868,0.2243945810918598,20261128,2,Europe,263,171,V1-V10_financial_only
PONE2016_h2_target_Europe,20260727,Full_random_search,cost_10,171,86,0.1761785379653309,"Same-horizon leave-one-region-out transfer; source regions=Asia,North America; target region=Europe; source-only fit/search/calibration; target labels untouched until final evaluation; V1-V10 financial ratios only.",Same full architecture and 81 evaluations as PBMSBAINGO; alpha=0.70.,Platt_logistic_on_separate_calibration_partition,0.49979475951793145,0.9651162790697675,0.25882352941176473,0.5684931506849316,0.7155172413793104,0.6194029850746269,0.8469387755102041,0.31691555700164437,0.42938050092132624,0.6119699042407661,0.7411764705882353,0.8538011695906432,83.0,63.0,22.0,3.0,0.7664404580031265,0.7883720930232558,0.19899694096554457,0.5879868721124674,0.11821656237857207,0.09113163613404807,0.7134103050492678,10.0,0.543859649122807,0.09841269841269841,0.9534883720930233,0.9872093023255814,0.21529411764705883,0.27999999999999997,0.5597520587182241,0.5779310344827586,0.8384458077709611,0.8586916188402929,0.29563942800091547,0.3565491238168587,0.40665036255750175,0.45883146183448986,0.7362708107181054,0.8530755814283872,0.7466757865937073,0.8443365253077976,0.16729084808853345,0.21866952230183684,20261128,2,Europe,263,171,V1-V10_financial_only
PONE2016_h2_target_Europe,20260727,Full_random_search,cost_20,171,86,0.1761785379653309,"Same-horizon leave-one-region-out transfer; source regions=Asia,North America; target region=Europe; source-only fit/search/calibration; target labels untouched until final evaluation; V1-V10 financial ratios only.",Same full architecture and 81 evaluations as PBMSBAINGO; alpha=0.70.,Platt_logistic_on_separate_calibration_partition,0.49979475951793145,0.9651162790697675,0.25882352941176473,0.5684931506849316,0.7155172413793104,0.6194029850746269,0.8469387755102041,0.31691555700164437,0.42938050092132624,0.6119699042407661,0.7411764705882353,0.8538011695906432,83.0,63.0,22.0,3.0,0.7664404580031265,0.7883720930232558,0.19899694096554457,0.5879868721124674,0.11821656237857207,0.09113163613404807,0.7134103050492678,20.0,0.7192982456140351,0.06814404432132964,0.9534883720930233,0.9988372093023256,0.2011764705882353,0.30000000000000004,0.5556291390728477,0.5899574870099197,0.8367346938775511,0.8769241214156103,0.2838107553844903,0.41403045720210063,0.39292340600628917,0.4968420110434112,0.7488650949068985,0.8487367791097391,0.7799179206566347,0.831108071135431,0.17545212104329763,0.20880411865696372,20261128,2,Europe,263,171,V1-V10_financial_only
PONE2016_h2_target_Europe,20260727,Balanced_logistic,triad,171,86,0.6598385431725452,"Same-horizon leave-one-region-out transfer; source regions=Asia,North America; target region=Europe; source-only fit/search/calibration; target labels untouched until final evaluation; V1-V10 financial ratios only.",Class-weighted logistic reference using the same source-only fit/search/calibration and untouched regional target.,Platt_logistic_on_separate_calibration_partition,0.6533089510325999,0.45348837209302323,0.9411764705882353,0.8863636363636364,0.6,0.7442748091603053,0.5025773195876289,0.45139727218926845,0.5775621385313132,0.6973324213406292,0.058823529411764705,0.2573099415204678,39.0,5.0,80.0,47.0,0.7869736092025974,0.8034199726402189,0.18427615164326513,0.6119615702880244,0.1017070533224419,0.15765545425553973,0.5700643957449046,,,,0.35930232558139535,0.5430232558139535,0.8976470588235295,0.9529411764705882,0.7795417348608839,0.921078431372549,0.402868014653794,0.5915654869542754,0.3060473259756724,0.5429631448915561,0.4624035886373297,0.6549415726105816,0.6953264455701424,0.8447360565655305,0.7465389876880986,0.8547058823529412,0.15634155657926108,0.22216313174660354,20262028,2,Europe,263,171,V1-V10_financial_only
PONE2016_h2_target_Europe,20260727,Balanced_logistic,cost_1,171,86,0.5550880261998463,"Same-horizon leave-one-region-out transfer; source regions=Asia,North America; target region=Europe; source-only fit/search/calibration; target labels untouched until final evaluation; V1-V10 financial ratios only.",Class-weighted logistic reference using the same source-only fit/search/calibration and untouched regional target.,Platt_logistic_on_separate_calibration_partition,0.7064293366365377,0.5581395348837209,0.8941176470588236,0.8421052631578947,0.6713286713286714,0.7643312101910829,0.5985037406483791,0.4796829778446658,0.6209127625607045,0.7261285909712722,0.10588235294117647,0.3333333333333333,48.0,9.0,76.0,38.0,0.7869736092025974,0.8034199726402189,0.18427615164326513,0.6119615702880244,0.1017070533224419,0.15765545425553973,0.5700643957449046,1.0,0.27485380116959063,0.27485380116959063,0.5372093023255814,0.5813953488372093,0.8400000000000001,0.9270588235294118,0.7801075268817204,0.8823607427055703,0.5818405732198836,0.6218905472636815,0.4168528714630525,0.514614487214274,0.581028201143129,0.6471552125267762,0.7386737930207425,0.8045594089722072,0.7490287277701779,0.8417236662106703,0.16998693547567822,0.20734319375698076,20262028,2,Europe,263,171,V1-V10_financial_only
PONE2016_h2_target_Europe,20260727,Balanced_logistic,cost_2,171,86,0.5550880261998463,"Same-horizon leave-one-region-out transfer; source regions=Asia,North America; target region=Europe; source-only fit/search/calibration; target labels untouched until final evaluation; V1-V10 financial ratios only.",Class-weighted logistic reference using the same source-only fit/search/calibration and untouched regional target.,Platt_logistic_on_separate_calibration_partition,0.7064293366365377,0.5581395348837209,0.8941176470588236,0.8421052631578947,0.6713286713286714,0.7643312101910829,0.5985037406483791,0.4796829778446658,0.6209127625607045,0.7261285909712722,0.10588235294117647,0.3333333333333333,48.0,9.0,76.0,38.0,0.7869736092025974,0.8034199726402189,0.18427615164326513,0.6119615702880244,0.1017070533224419,0.15765545425553973,0.5700643957449046,2.0,0.49707602339181284,0.33073929961089493,0.48372093023255813,0.6034883720930232,0.8941176470588236,0.928235294117647,0.8403571428571429,0.8862488007675088,0.5294132653061224,0.6437639731715107,0.44190695174498207,0.5458608557257674,0.5804143912774394,0.6703711990885748,0.7896354959362873,0.8562640866164748,0.7662790697674418,0.8380027359781121,0.16323118443849477,0.2002159355495731,20262028,2,Europe,263,171,V1-V10_financial_only
PONE2016_h2_target_Europe,20260727,Balanced_logistic,cost_5,171,86,0.2198669487403108,"Same-horizon leave-one-region-out transfer; source regions=Asia,North America; target region=Europe; source-only fit/search/calibration; target labels untouched until final evaluation; V1-V10 financial ratios only.",Class-weighted logistic reference using the same source-only fit/search/calibration and untouched regional target.,Platt_logistic_on_separate_calibration_partition,0.6283324292019848,0.9069767441860465,0.43529411764705883,0.6190476190476191,0.7358490566037735,0.6610169491525424,0.8297872340425532,0.38863068441952203,0.5353510749870221,0.6711354309165527,0.5647058823529412,0.7368421052631579,78.0,48.0,37.0,8.0,0.7869736092025974,0.8034199726402189,0.18427615164326513,0.6119615702880244,0.1017070533224419,0.15765545425553973,0.5700643957449046,5.0,0.5146198830409356,0.170873786407767,0.8616279069767442,0.927906976744186,0.4011764705882353,0.4576470588235294,0.5953917050691244,0.6298323596647193,0.7913256955810147,0.8476645435244161,0.3052903305590613,0.42934159228357666,0.47592237420157557,0.5630983506939106,0.7551854774170094,0.8419464008447501,0.752530779753762,0.821860465116279,0.17217230187820928,0.20527178236499677,20262028,2,Europe,263,171,V1-V10_financial_only
PONE2016_h2_target_Europe,20260727,Balanced_logistic,cost_10,171,86,0.0,"Same-horizon leave-one-region-out transfer; source regions=Asia,North America; target region=Europe; source-only fit/search/calibration; target labels untouched until final evaluation; V1-V10 financial ratios only.",Class-weighted logistic reference using the same source-only fit/search/calibration and untouched regional target.,Platt_logistic_on_separate_calibration_partition,0.0,1.0,0.0,0.5029239766081871,0.669260700389105,0.5584415584415584,0.8349514563106796,0.0,0.0,0.5,1.0,1.0,86.0,85.0,0.0,0.0,0.7869736092025974,0.8034199726402189,0.18427615164326513,0.6119615702880244,0.1017070533224419,0.15765545425553973,0.5700643957449046,10.0,0.49707602339181284,0.08994708994708994,1.0,1.0,0.0,0.0,0.5029239766081871,0.5029239766081871,0.8349514563106796,0.8349514563106796,0.0,0.0,0.0,0.0,0.7165183069026992,0.8192166202952956,0.7521887824897401,0.7999179206566348,0.1862129090879148,0.21029543544507906,20262028,2,Europe,263,171,V1-V10_financial_only
PONE2016_h2_target_Europe,20260727,Balanced_logistic,cost_20,171,86,0.0,"Same-horizon leave-one-region-out transfer; source regions=Asia,North America; target region=Europe; source-only fit/search/calibration; target labels untouched until final evaluation; V1-V10 financial ratios only.",Class-weighted logistic reference using the same source-only fit/search/calibration and untouched regional target.,Platt_logistic_on_separate_calibration_partition,0.0,1.0,0.0,0.5029239766081871,0.669260700389105,0.5584415584415584,0.8349514563106796,0.0,0.0,0.5,1.0,1.0,86.0,85.0,0.0,0.0,0.7869736092025974,0.8034199726402189,0.18427615164326513,0.6119615702880244,0.1017070533224419,0.15765545425553973,0.5700643957449046,20.0,0.49707602339181284,0.04709141274238227,1.0,1.0,0.0,0.0,0.5029239766081871,0.5029239766081871,0.8349514563106796,0.8349514563106796,0.0,0.0,0.0,0.0,0.8090559416557892,0.8589769676324064,0.7843912448700411,0.8672640218878249,0.15185761830602673,0.1922096152643351,20262028,2,Europe,263,171,V1-V10_financial_only
PONE2016_h2_target_North_America,20260727,HistGB,triad,167,84,0.6022894502386648,"Same-horizon leave-one-region-out transfer; source regions=Asia,Europe; target region=North America; source-only fit/search/calibration; target labels untouched until final evaluation; V1-V10 financial ratios only.",No metaheuristic; threshold and Platt calibration use calibration partition.,Platt_logistic_on_separate_calibration_partition,0.7416585281290365,0.7023809523809523,0.7831325301204819,0.7662337662337663,0.7329192546583851,0.7525510204081632,0.7142857142857143,0.48698251303711854,0.6446249619518555,0.7427567412507171,0.21686746987951808,0.46107784431137727,59.0,18.0,65.0,25.0,0.8572195571594456,0.8588640275387264,0.1666717408440504,0.5075168862349643,0.09783626790377388,-0.05270882288582465,0.7080735692920371,,,,0.6119047619047618,0.775,0.7253012048192771,0.8060240963855422,0.7098056694597967,0.8014172709294661,0.6306296366975979,0.780038510911425,0.3723229700988793,0.5814094252712168,0.5565121394692996,0.7132659980010922,0.7983304041925908,0.904714246825413,0.816566265060241,0.8743258749282845,0.1526534597041567,0.19886640904120448,20260727,2,North America,267,167,V1-V10_financial_only
PONE2016_h2_target_North_America,20260727,HistGB,cost_1,167,84,0.5931814404002551,"Same-horizon leave-one-region-out transfer; source regions=Asia,Europe; target region=North America; source-only fit/search/calibration; target labels untouched until final evaluation; V1-V10 financial ratios only.",No metaheuristic; threshold and Platt calibration use calibration partition.,Platt_logistic_on_separate_calibration_partition,0.7416585281290365,0.7023809523809523,0.7831325301204819,0.7662337662337663,0.7329192546583851,0.7525510204081632,0.7142857142857143,0.48698251303711854,0.6446249619518555,0.7427567412507171,0.21686746987951808,0.46107784431137727,59.0,18.0,65.0,25.0,0.8572195571594456,0.8588640275387264,0.1666717408440504,0.5075168862349643,0.09783626790377388,-0.05270882288582465,0.7080735692920371,1.0,0.25748502994011974,0.25748502994011974,0.6928571428571428,0.7595238095238095,0.7048192771084337,0.8783132530120481,0.7175697865353038,0.8554865424430641,0.7176151761517615,0.7596059113300492,0.44563428830835977,0.5981927796739919,0.6148669812178709,0.7204944572152123,0.8696785964307339,0.9001380644450611,0.8617183017785427,0.8853126792885828,0.15093913986730279,0.17932855292894292,20260727,2,North America,267,167,V1-V10_financial_only
PONE2016_h2_target_North_America,20260727,HistGB,cost_2,167,84,0.12813105690407156,"Same-horizon leave-one-region-out transfer; source regions=Asia,Europe; target region=North America; source-only fit/search/calibration; target labels untouched until final evaluation; V1-V10 financial ratios only.",No metaheuristic; threshold and Platt calibration use calibration partition.,Platt_logistic_on_separate_calibration_partition,0.7251327850387389,0.9285714285714286,0.5662650602409639,0.6842105263157895,0.7878787878787878,0.7222222222222222,0.8666666666666667,0.5315572493175232,0.6538252810971488,0.7474182444061963,0.43373493975903615,0.6826347305389222,78.0,36.0,47.0,6.0,0.8572195571594456,0.8588640275387264,0.1666717408440504,0.5075168862349643,0.09783626790377388,-0.05270882288582465,0.7080735692920371,2.0,0.2874251497005988,0.19123505976095617,0.8714285714285714,0.9511904761904761,0.5674698795180724,0.6132530120481927,0.6715596330275229,0.705191798941799,0.8224719101123595,0.8863958069369655,0.4621745628385946,0.577106029110987,0.6118017907576273,0.6882697275590791,0.8123073714061066,0.8901058370664822,0.8255163511187608,0.8961560527825587,0.13926640789584419,0.18940167685770432,20260727,2,North America,267,167,V1-V10_financial_only
PONE2016_h2_target_North_America,20260727,HistGB,cost_5,167,84,0.12813105690407156,"Same-horizon leave-one-region-out transfer; source regions=Asia,Europe; target region=North America; source-only fit/search/calibration; target labels untouched until final evaluation; V1-V10 financial ratios only.",No metaheuristic; threshold and Platt calibration use calibration partition.,Platt_logistic_on_separate_calibration_partition,0.7251327850387389,0.9285714285714286,0.5662650602409639,0.6842105263157895,0.7878787878787878,0.7222222222222222,0.8666666666666667,0.5315572493175232,0.6538252810971488,0.7474182444061963,0.43373493975903615,0.6826347305389222,78.0,36.0,47.0,6.0,0.8572195571594456,0.8588640275387264,0.1666717408440504,0.5075168862349643,0.09783626790377388,-0.05270882288582465,0.7080735692920371,5.0,0.39520958083832336,0.1312127236580517,0.9047619047619048,0.9714285714285714,0.4843373493975904,0.6373493975903614,0.6403361344537815,0.729956608811749,0.8373626373626374,0.9099439001264222,0.4325082526478026,0.6439709398780122,0.5748774246181335,0.735296827120586,0.8125163728793667,0.8838086325185234,0.8001147446930579,0.8950086058519793,0.1408157227877377,0.21288598247763624,20260727,2,North America,267,167,V1-V10_financial_only
PONE2016_h2_target_North_America,20260727,HistGB,cost_10,167,84,0.12813105690407156,"Same-horizon leave-one-region-out transfer; source regions=Asia,Europe; target region=North America; source-only fit/search/calibration; target labels untouched until final evaluation; V1-V10 financial ratios only.",No metaheuristic; threshold and Platt calibration use calibration partition.,Platt_logistic_on_separate_calibration_partition,0.7251327850387389,0.9285714285714286,0.5662650602409639,0.6842105263157895,0.7878787878787878,0.7222222222222222,0.8666666666666667,0.5315572493175232,0.6538252810971488,0.7474182444061963,0.43373493975903615,0.6826347305389222,78.0,36.0,47.0,6.0,0.8572195571594456,0.8588640275387264,0.1666717408440504,0.5075168862349643,0.09783626790377388,-0.05270882288582465,0.7080735692920371,10.0,0.5748502994011976,0.10400866738894908,0.9071428571428571,0.9726190476190476,0.4939759036144578,0.6132530120481927,0.6446610169491525,0.7110762548262548,0.8388302805471829,0.8993559013693242,0.4410467117422477,0.5875403028336792,0.5824674781072747,0.6968386210893243,0.8203246892591466,0.8963487179932546,0.8414084911072863,0.8846242111302351,0.1433546654012775,0.1816451739730183,20260727,2,North America,267,167,V1-V10_financial_only
PONE2016_h2_target_North_America,20260727,HistGB,cost_20,167,84,0.12813105690407156,"Same-horizon leave-one-region-out transfer; source regions=Asia,Europe; target region=North America; source-only fit/search/calibration; target labels untouched until final evaluation; V1-V10 financial ratios only.",No metaheuristic; threshold and Platt calibration use calibration partition.,Platt_logistic_on_separate_calibration_partition,0.7251327850387389,0.9285714285714286,0.5662650602409639,0.6842105263157895,0.7878787878787878,0.7222222222222222,0.8666666666666667,0.5315572493175232,0.6538252810971488,0.7474182444061963,0.43373493975903615,0.6826347305389222,78.0,36.0,47.0,6.0,0.8572195571594456,0.8588640275387264,0.1666717408440504,0.5075168862349643,0.09783626790377388,-0.05270882288582465,0.7080735692920371,20.0,0.9341317365269461,0.08848553601815087,0.9285714285714286,0.9857142857142858,0.463855421686747,0.5650602409638554,0.6502604166666667,0.6862176628010704,0.8649371766444938,0.8941639450098738,0.5214733660336625,0.5655839913793804,0.6217250468932518,0.6707250611671637,0.8242644710921874,0.9217835804084246,0.8368187033849683,0.9101118760757315,0.1384583036063533,0.1870223094099648,20260727,2,North America,267,167,V1-V10_financial_only
PONE2016_h2_target_North_America,20260727,KELM_PBMSBAINGO,triad,167,84,0.7977120855536204,"Same-horizon leave-one-region-out transfer; source regions=Asia,Europe; target region=North America; source-only fit/search/calibration; target labels untouched until final evaluation; V1-V10 financial ratios only.",Plain KELM; hyperparameters/features selected only on search partition.,Platt_logistic_on_separate_calibration_partition,0.4639932438624202,0.2261904761904762,0.9518072289156626,0.8260869565217391,0.35514018691588783,0.5397727272727273,0.2646239554317549,0.2582545181528334,0.3816720996172784,0.5889988525530694,0.04819277108433735,0.1377245508982036,19.0,4.0,79.0,65.0,0.8172701525102921,0.8587205966724039,0.16456814378652163,0.49565735073136236,0.12539860780426337,0.5693590106058469,1.0500392012118975,,,,0.20238095238095238,0.25,0.9301204819277108,0.9879518072289156,0.7461697722567288,0.9543290043290044,0.23690144581509484,0.2930523530231047,0.19312473108381106,0.3506900920233689,0.3311311445042373,0.4417408886689386,0.7978085711883437,0.8983992766406075,0.8425846242111302,0.915748709122203,0.13766689446799152,0.17450046807214808,20260828,2,North America,267,167,V1-V10_financial_only
PONE2016_h2_target_North_America,20260727,KELM_PBMSBAINGO,cost_1,167,84,0.37180025415287893,"Same-horizon leave-one-region-out transfer; source regions=Asia,Europe; target region=North America; source-only fit/search/calibration; target labels untouched until final evaluation; V1-V10 financial ratios only.",Plain KELM; hyperparameters/features selected only on search partition.,Platt_logistic_on_separate_calibration_partition,0.8100593888259855,0.8928571428571429,0.7349397590361446,0.7731958762886598,0.8287292817679558,0.7944915254237288,0.8660508083140878,0.6361550370480055,0.7473640958801604,0.8138984509466438,0.26506024096385544,0.5808383233532934,75.0,22.0,61.0,9.0,0.8172701525102921,0.8587205966724039,0.16456814378652163,0.49565735073136236,0.12539860780426337,0.5693590106058469,1.0500392012118975,1.0,0.18562874251497005,0.18562874251497005,0.8595238095238095,0.9035714285714286,0.6783132530120481,0.791566265060241,0.7372749099639856,0.8110347985347985,0.836993595432335,0.8783177205308353,0.5823696313055117,0.6781136048652038,0.7059495706937824,0.7797477586070984,0.787107271072774,0.9008444176843654,0.8283132530120482,0.9165519219736087,0.14306462131612366,0.1805865286429818,20260828,2,North America,267,167,V1-V10_financial_only
PONE2016_h2_target_North_America,20260727,KELM_PBMSBAINGO,cost_2,167,84,0.37180025415287893,"Same-horizon leave-one-region-out transfer; source regions=Asia,Europe; target region=North America; source-only fit/search/calibration; target labels untouched until final evaluation; V1-V10 financial ratios only.",Plain KELM; hyperparameters/features selected only on search partition.,Platt_logistic_on_separate_calibration_partition,0.8100593888259855,0.8928571428571429,0.7349397590361446,0.7731958762886598,0.8287292817679558,0.7944915254237288,0.8660508083140878,0.6361550370480055,0.7473640958801604,0.8138984509466438,0.26506024096385544,0.5808383233532934,75.0,22.0,61.0,9.0,0.8172701525102921,0.8587205966724039,0.16456814378652163,0.49565735073136236,0.12539860780426337,0.5693590106058469,1.0500392012118975,2.0,0.23952095808383234,0.1593625498007968,0.8928571428571429,0.9369047619047619,0.7240963855421687,0.8168674698795181,0.7669933319862599,0.8331700907787865,0.86526659201516,0.9024941184036356,0.6298483648794546,0.7234298229857422,0.7423359004275698,0.811270904547577,0.7735854526727969,0.8761503110677797,0.8345811818703385,0.9005737234652897,0.1389706083972079,0.17967896462189725,20260828,2,North America,267,167,V1-V10_financial_only
PONE2016_h2_target_North_America,20260727,KELM_PBMSBAINGO,cost_5,167,84,0.12656343203994544,"Same-horizon leave-one-region-out transfer; source regions=Asia,Europe; target region=North America; source-only fit/search/calibration; target labels untouched until final evaluation; V1-V10 financial ratios only.",Plain KELM; hyperparameters/features selected only on search partition.,Platt_logistic_on_separate_calibration_partition,0.668528667643131,0.9761904761904762,0.4578313253012048,0.6456692913385826,0.7772511848341233,0.6925675675675675,0.8855291576673866,0.5084618559145264,0.6102383301421707,0.7170109007458405,0.5421686746987951,0.7604790419161677,82.0,45.0,38.0,2.0,0.8172701525102921,0.8587205966724039,0.16456814378652163,0.49565735073136236,0.12539860780426337,0.5693590106058469,1.0500392012118975,5.0,0.32934131736526945,0.10934393638170974,0.9416666666666667,0.9988095238095238,0.40240963855421685,0.5156626506024097,0.6237062937062937,0.6728908436625349,0.8652355880863425,0.9038542455608853,0.4618779789889482,0.5707245884195422,0.5673768389392616,0.6605883289938043,0.8318687148043775,0.8699319279469216,0.8612306368330465,0.8963138267355135,0.14542390817334522,0.16230350272459526,20260828,2,North America,267,167,V1-V10_financial_only
PONE2016_h2_target_North_America,20260727,KELM_PBMSBAINGO,cost_10,167,84,0.12656343203994544,"Same-horizon leave-one-region-out transfer; source regions=Asia,Europe; target region=North America; source-only fit/search/calibration; target labels untouched until final evaluation; V1-V10 financial ratios only.",Plain KELM; hyperparameters/features selected only on search partition.,Platt_logistic_on_separate_calibration_partition,0.668528667643131,0.9761904761904762,0.4578313253012048,0.6456692913385826,0.7772511848341233,0.6925675675675675,0.8855291576673866,0.5084618559145264,0.6102383301421707,0.7170109007458405,0.5421686746987951,0.7604790419161677,82.0,45.0,38.0,2.0,0.8172701525102921,0.8587205966724039,0.16456814378652163,0.49565735073136236,0.12539860780426337,0.5693590106058469,1.0500392012118975,10.0,0.38922155688622756,0.07042253521126761,0.9654761904761905,1.0,0.363855421686747,0.5397590361445783,0.6140470397404705,0.6798181567709051,0.8881653230490439,0.8962151150178728,0.47266421587007174,0.5592781862686617,0.5560916351641256,0.6629973389281656,0.7591561153297381,0.8573553897466641,0.8231067125645439,0.8893430866322433,0.14973623315402687,0.1823643427688098,20260828,2,North America,267,167,V1-V10_financial_only
PONE2016_h2_target_North_America,20260727,KELM_PBMSBAINGO,cost_20,167,84,0.12656343203994544,"Same-horizon leave-one-region-out transfer; source regions=Asia,Europe; target region=North America; source-only fit/search/calibration; target labels untouched until final evaluation; V1-V10 financial ratios only.",Plain KELM; hyperparameters/features selected only on search partition.,Platt_logistic_on_separate_calibration_partition,0.668528667643131,0.9761904761904762,0.4578313253012048,0.6456692913385826,0.7772511848341233,0.6925675675675675,0.8855291576673866,0.5084618559145264,0.6102383301421707,0.7170109007458405,0.5421686746987951,0.7604790419161677,82.0,45.0,38.0,2.0,0.8172701525102921,0.8587205966724039,0.16456814378652163,0.49565735073136236,0.12539860780426337,0.5693590106058469,1.0500392012118975,20.0,0.5089820359281437,0.04821327283040272,0.9523809523809523,0.986904761904762,0.4469879518072289,0.5240963855421688,0.6408482142857143,0.6698857668067227,0.8702710333145116,0.8933189655172413,0.48360499468728807,0.5324611348029519,0.6001109807213263,0.6430811262161645,0.7443690885780472,0.865178366532616,0.826649454962708,0.8850401606425703,0.15371272485801027,0.18698744734129305,20260828,2,North America,267,167,V1-V10_financial_only
PONE2016_h2_target_North_America,20260727,KELM_score_fusion,triad,167,84,0.8011926537147626,"Same-horizon leave-one-region-out transfer; source regions=Asia,Europe; target region=North America; source-only fit/search/calibration; target labels untouched until final evaluation; V1-V10 financial ratios only.",Plain KELM plus HistGB score-level fusion; alpha=1.00 selected only on search partition.,Platt_logistic_on_separate_calibration_partition,0.4639932438624202,0.2261904761904762,0.9518072289156626,0.8260869565217391,0.35514018691588783,0.5397727272727273,0.2646239554317549,0.2582545181528334,0.3816720996172784,0.5889988525530694,0.04819277108433735,0.1377245508982036,19.0,4.0,79.0,65.0,0.8172701525102921,0.8587205966724039,0.16437747980670764,0.49500012225738915,0.129118158420324,0.5758323227228371,1.0673263805897417,,,,0.0988095238095238,0.2,0.9180722891566264,0.9626506024096385,0.6227272727272728,0.7704545454545454,0.1192831208583663,0.2347545665683259,0.07955353074693618,0.20734426830659586,0.20948643202159103,0.3389783906446346,0.7084732770219472,0.8225128369342535,0.775946643717728,0.877122776821572,0.16055689491671507,0.20162667307877727,20260830,2,North America,267,167,V1-V10_financial_only
PONE2016_h2_target_North_America,20260727,KELM_score_fusion,cost_1,167,84,0.3674781204189344,"Same-horizon leave-one-region-out transfer; source regions=Asia,Europe; target region=North America; source-only fit/search/calibration; target labels untouched until final evaluation; V1-V10 financial ratios only.",Plain KELM plus HistGB score-level fusion; alpha=1.00 selected only on search partition.,Platt_logistic_on_separate_calibration_partition,0.8100593888259855,0.8928571428571429,0.7349397590361446,0.7731958762886598,0.8287292817679558,0.7944915254237288,0.8660508083140878,0.6361550370480055,0.7473640958801604,0.8138984509466438,0.26506024096385544,0.5808383233532934,75.0,22.0,61.0,9.0,0.8172701525102921,0.8587205966724039,0.16437747980670764,0.49500012225738915,0.129118158420324,0.5758323227228371,1.0673263805897417,1.0,0.18562874251497005,0.18562874251497005,0.8464285714285714,0.9273809523809524,0.7361445783132531,0.8072289156626506,0.7645161290322581,0.829604209563029,0.8286713286713286,0.9060226595110316,0.5863701037915496,0.7403683675877555,0.714889448869446,0.8214222993096553,0.7999848964095938,0.8937312970746019,0.8359294320137693,0.9097963281698223,0.1323253455507516,0.18115804006290878,20260830,2,North America,267,167,V1-V10_financial_only
PONE2016_h2_target_North_America,20260727,KELM_score_fusion,cost_2,167,84,0.3674781204189344,"Same-horizon leave-one-region-out transfer; source regions=Asia,Europe; target region=North America; source-only fit/search/calibration; target labels untouched until final evaluation; V1-V10 financial ratios only.",Plain KELM plus HistGB score-level fusion; alpha=1.00 selected only on search partition.,Platt_logistic_on_separate_calibration_partition,0.8100593888259855,0.8928571428571429,0.7349397590361446,0.7731958762886598,0.8287292817679558,0.7944915254237288,0.8660508083140878,0.6361550370480055,0.7473640958801604,0.8138984509466438,0.26506024096385544,0.5808383233532934,75.0,22.0,61.0,9.0,0.8172701525102921,0.8587205966724039,0.16437747980670764,0.49500012225738915,0.129118158420324,0.5758323227228371,1.0673263805897417,2.0,0.23952095808383234,0.1593625498007968,0.9047619047619048,0.9261904761904762,0.6180722891566265,0.8012048192771085,0.7057142857142857,0.8251590261022154,0.8564380707237851,0.904038885009936,0.5462770294793526,0.733549695030815,0.6734640736471308,0.8164558049132252,0.7439158758070573,0.8392755706061426,0.8059954102122776,0.8900172117039586,0.15028105636964278,0.1827373766701683,20260830,2,North America,267,167,V1-V10_financial_only
PONE2016_h2_target_North_America,20260727,KELM_score_fusion,cost_5,167,84,0.1238859678120314,"Same-horizon leave-one-region-out transfer; source regions=Asia,Europe; target region=North America; source-only fit/search/calibration; target labels untouched until final evaluation; V1-V10 financial ratios only.",Plain KELM plus HistGB score-level fusion; alpha=1.00 selected only on search partition.,Platt_logistic_on_separate_calibration_partition,0.668528667643131,0.9761904761904762,0.4578313253012048,0.6456692913385826,0.7772511848341233,0.6925675675675675,0.8855291576673866,0.5084618559145264,0.6102383301421707,0.7170109007458405,0.5421686746987951,0.7604790419161677,82.0,45.0,38.0,2.0,0.8172701525102921,0.8587205966724039,0.16437747980670764,0.49500012225738915,0.129118158420324,0.5758323227228371,1.0673263805897417,5.0,0.32934131736526945,0.10934393638170974,0.9416666666666667,0.9761904761904762,0.41084337349397587,0.5602409638554218,0.6224379395323676,0.6915394312928982,0.8553459268116319,0.9015199191410646,0.4287627813843643,0.5879214556142417,0.5541107588804769,0.6842463091418582,0.7401046691560943,0.8507923625486081,0.796285140562249,0.889802065404475,0.15668817971447385,0.1988486619957558,20260830,2,North America,267,167,V1-V10_financial_only
PONE2016_h2_target_North_America,20260727,KELM_score_fusion,cost_10,167,84,0.1238859678120314,"Same-horizon leave-one-region-out transfer; source regions=Asia,Europe; target region=North America; source-only fit/search/calibration; target labels untouched until final evaluation; V1-V10 financial ratios only.",Plain KELM plus HistGB score-level fusion; alpha=1.00 selected only on search partition.,Platt_logistic_on_separate_calibration_partition,0.668528667643131,0.9761904761904762,0.4578313253012048,0.6456692913385826,0.7772511848341233,0.6925675675675675,0.8855291576673866,0.5084618559145264,0.6102383301421707,0.7170109007458405,0.5421686746987951,0.7604790419161677,82.0,45.0,38.0,2.0,0.8172701525102921,0.8587205966724039,0.16437747980670764,0.49500012225738915,0.129118158420324,0.5758323227228371,1.0673263805897417,10.0,0.38922155688622756,0.07042253521126761,0.944047619047619,0.986904761904762,0.3506024096385542,0.40963855421686746,0.6033877995642701,0.6250775286259542,0.8530281998831093,0.8807880631214283,0.41425624091804647,0.4681465732318969,0.5237188576782049,0.5705536982712067,0.7179611524110846,0.783500221569072,0.7883534136546185,0.8365892139988526,0.16570771642973045,0.19384834368858123,20260830,2,North America,267,167,V1-V10_financial_only
PONE2016_h2_target_North_America,20260727,KELM_score_fusion,cost_20,167,84,0.1238859678120314,"Same-horizon leave-one-region-out transfer; source regions=Asia,Europe; target region=North America; source-only fit/search/calibration; target labels untouched until final evaluation; V1-V10 financial ratios only.",Plain KELM plus HistGB score-level fusion; alpha=1.00 selected only on search partition.,Platt_logistic_on_separate_calibration_partition,0.668528667643131,0.9761904761904762,0.4578313253012048,0.6456692913385826,0.7772511848341233,0.6925675675675675,0.8855291576673866,0.5084618559145264,0.6102383301421707,0.7170109007458405,0.5421686746987951,0.7604790419161677,82.0,45.0,38.0,2.0,0.8172701525102921,0.8587205966724039,0.16437747980670764,0.49500012225738915,0.129118158420324,0.5758323227228371,1.0673263805897417,20.0,0.5089820359281437,0.04821327283040272,0.9654761904761905,1.0,0.36626506024096384,0.4915662650602409,0.6071877454831107,0.6607862903225806,0.8638939838591342,0.9042074112197632,0.4179734330529302,0.55353348839577,0.5294327374844137,0.6388691774547127,0.7263885520819716,0.8871153211751468,0.8141996557659208,0.8979776247848537,0.1439941930489323,0.18851163320604306,20260830,2,North America,267,167,V1-V10_financial_only
PONE2016_h2_target_North_America,20260727,KELM_risk_feature,triad,167,84,0.8295605255685509,"Same-horizon leave-one-region-out transfer; source regions=Asia,Europe; target region=North America; source-only fit/search/calibration; target labels untouched until final evaluation; V1-V10 financial ratios only.",OOF HistGB risk is a forced KELM input; no score-level fusion.,Platt_logistic_on_separate_calibration_partition,0.6731256247629892,0.4642857142857143,0.9759036144578314,0.9512195121951219,0.624,0.7862903225806451,0.5172413793103449,0.5113767730447555,0.6142017958334055,0.7200946643717728,0.024096385542168676,0.24550898203592814,39.0,2.0,81.0,45.0,0.8815502956824379,0.8578600114744692,0.15055851682054835,0.5121315190840847,0.09816383569985626,0.4452170231341181,0.7449134897934371,,,,0.4083333333333333,0.5226190476190476,0.9518072289156626,1.0,0.8955070603337613,1.0,0.45816252712804434,0.5750528395198166,0.4282898252818534,0.582751507756157,0.5500554629101169,0.6681315284580837,0.820950583031528,0.9185894208852275,0.8264486517498565,0.8865174985656913,0.1294713043428795,0.18017561116778114,20260938,2,North America,267,167,V1-V10_financial_only
PONE2016_h2_target_North_America,20260727,KELM_risk_feature,cost_1,167,84,0.36795893958526177,"Same-horizon leave-one-region-out transfer; source regions=Asia,Europe; target region=North America; source-only fit/search/calibration; target labels untouched until final evaluation; V1-V10 financial ratios only.",OOF HistGB risk is a forced KELM input; no score-level fusion.,Platt_logistic_on_separate_calibration_partition,0.7881618374689652,0.7261904761904762,0.8554216867469879,0.8356164383561644,0.7770700636942676,0.8111702127659575,0.7457212713936431,0.5862553411968332,0.7141222082307969,0.7908060814687321,0.14457831325301204,0.437125748502994,61.0,12.0,71.0,23.0,0.8815502956824379,0.8578600114744692,0.15055851682054835,0.5121315190840847,0.09816383569985626,0.4452170231341181,0.7449134897934371,1.0,0.20958083832335328,0.20958083832335328,0.6476190476190476,0.7559523809523809,0.8072289156626506,0.891566265060241,0.7879999999999999,0.864818763326226,0.680798712108739,0.7642679900744417,0.5161642539593717,0.5923721231478246,0.6641336077424088,0.714114942284896,0.8437344880388568,0.8977904907932216,0.8265060240963855,0.8745553643144004,0.1420391387326608,0.16744558977459661,20260938,2,North America,267,167,V1-V10_financial_only
PONE2016_h2_target_North_America,20260727,KELM_risk_feature,cost_2,167,84,0.2704273751527775,"Same-horizon leave-one-region-out transfer; source regions=Asia,Europe; target region=North America; source-only fit/search/calibration; target labels untouched until final evaluation; V1-V10 financial ratios only.",OOF HistGB risk is a forced KELM input; no score-level fusion.,Platt_logistic_on_separate_calibration_partition,0.7900703324611212,0.8095238095238095,0.7710843373493976,0.7816091954022989,0.7953216374269005,0.7870370370370371,0.8037825059101655,0.5811084555803209,0.7131752029089042,0.7903040734366036,0.2289156626506024,0.5209580838323353,68.0,19.0,64.0,16.0,0.8815502956824379,0.8578600114744692,0.15055851682054835,0.5121315190840847,0.09816383569985626,0.4452170231341181,0.7449134897934371,2.0,0.30538922155688625,0.20318725099601595,0.7869047619047619,0.8547619047619047,0.7361445783132531,0.8397590361445784,0.7593406593406593,0.8342378048780488,0.7910551619433198,0.8389765589091466,0.5610212659395262,0.639328945616924,0.6977671645309895,0.7539897611359238,0.8767060343979317,0.9081836743963096,0.8482644865174984,0.8895438898450946,0.1391388514602384,0.15407926318993334,20260938,2,North America,267,167,V1-V10_financial_only
PONE2016_h2_target_North_America,20260727,KELM_risk_feature,cost_5,167,84,0.2704273751527775,"Same-horizon leave-one-region-out transfer; source regions=Asia,Europe; target region=North America; source-only fit/search/calibration; target labels untouched until final evaluation; V1-V10 financial ratios only.",OOF HistGB risk is a forced KELM input; no score-level fusion.,Platt_logistic_on_separate_calibration_partition,0.7900703324611212,0.8095238095238095,0.7710843373493976,0.7816091954022989,0.7953216374269005,0.7870370370370371,0.8037825059101655,0.5811084555803209,0.7131752029089042,0.7903040734366036,0.2289156626506024,0.5209580838323353,68.0,19.0,64.0,16.0,0.8815502956824379,0.8578600114744692,0.15055851682054835,0.5121315190840847,0.09816383569985626,0.4452170231341181,0.7449134897934371,5.0,0.592814371257485,0.19681908548707752,0.7547619047619047,0.886904761904762,0.7361445783132531,0.8168674698795181,0.753664453524004,0.82269820971867,0.7603139140271493,0.8716867937931493,0.5348764502247958,0.6877268878625337,0.6797288459666324,0.7864179747187284,0.8517438191505835,0.9327991133367287,0.8348537005163511,0.9151893287435456,0.12054293372923751,0.16950532785820577,20260938,2,North America,267,167,V1-V10_financial_only
PONE2016_h2_target_North_America,20260727,KELM_risk_feature,cost_10,167,84,0.1386902074370166,"Same-horizon leave-one-region-out transfer; source regions=Asia,Europe; target region=North America; source-only fit/search/calibration; target labels untouched until final evaluation; V1-V10 financial ratios only.",OOF HistGB risk is a forced KELM input; no score-level fusion.,Platt_logistic_on_separate_calibration_partition,0.6879839088699877,0.8928571428571429,0.5301204819277109,0.6578947368421053,0.7575757575757576,0.6944444444444444,0.8333333333333334,0.45436589224271773,0.5991295792983687,0.7114888123924269,0.46987951807228917,0.6826347305389222,75.0,39.0,44.0,9.0,0.8815502956824379,0.8578600114744692,0.15055851682054835,0.5121315190840847,0.09816383569985626,0.4452170231341181,0.7449134897934371,10.0,0.7724550898203593,0.13976164680390032,0.8821428571428571,0.9404761904761905,0.4602409638554217,0.5518072289156627,0.6357435757244395,0.6784177601464754,0.8242472258469629,0.8723739899961523,0.41433434337088143,0.5303092479780998,0.5635018341959761,0.6486862907195056,0.8658869530249574,0.9461734833753954,0.8323293172690762,0.9314543889845096,0.10441873448698298,0.16488401907111916,20260938,2,North America,267,167,V1-V10_financial_only
PONE2016_h2_target_North_America,20260727,KELM_risk_feature,cost_20,167,84,0.1386902074370166,"Same-horizon leave-one-region-out transfer; source regions=Asia,Europe; target region=North America; source-only fit/search/calibration; target labels untouched until final evaluation; V1-V10 financial ratios only.",OOF HistGB risk is a forced KELM input; no score-level fusion.,Platt_logistic_on_separate_calibration_partition,0.6879839088699877,0.8928571428571429,0.5301204819277109,0.6578947368421053,0.7575757575757576,0.6944444444444444,0.8333333333333334,0.45436589224271773,0.5991295792983687,0.7114888123924269,0.46987951807228917,0.6826347305389222,75.0,39.0,44.0,9.0,0.8815502956824379,0.8578600114744692,0.15055851682054835,0.5121315190840847,0.09816383569985626,0.4452170231341181,0.7449134897934371,20.0,1.311377245508982,0.12422007941009643,0.8488095238095238,0.9154761904761904,0.4674698795180723,0.5891566265060241,0.6254046062869593,0.6927927927927928,0.800913275913276,0.860178970917226,0.3786439983477113,0.5344396565178341,0.5372771195126772,0.6605734266380989,0.8332505862282946,0.9088080040435993,0.7991394148020654,0.8827165806081468,0.14025354019386127,0.1832731910707965,20260938,2,North America,267,167,V1-V10_financial_only
PONE2016_h2_target_North_America,20260727,Full_PBMSBAINGO,triad,167,84,0.7298493344239881,"Same-horizon leave-one-region-out transfer; source regions=Asia,Europe; target region=North America; source-only fit/search/calibration; target labels untouched until final evaluation; V1-V10 financial ratios only.",Risk feature plus score fusion; alpha=0.70 selected only on search partition.,Platt_logistic_on_separate_calibration_partition,0.7618823505022837,0.6785714285714286,0.8554216867469879,0.8260869565217391,0.7450980392156863,0.7916666666666666,0.7037037037037037,0.5422215370652378,0.6802222965010861,0.7669965576592083,0.14457831325301204,0.41317365269461076,57.0,12.0,71.0,27.0,0.8614073842050292,0.8690476190476191,0.14795899101606405,0.4585750740134369,0.07063333901580118,-0.0806058489057581,0.840468731015822,,,,0.6488095238095238,0.7476190476190476,0.8096385542168675,0.8554216867469879,0.7756190476190477,0.8393333333333333,0.6710037399692572,0.7639902676399026,0.4665121268932594,0.6052328209552122,0.6263866084780471,0.7283694718857743,0.8349086296271111,0.8858226366403388,0.8331612162937464,0.8877653471026965,0.13376512148515224,0.1677129950334919,20261034,2,North America,267,167,V1-V10_financial_only
PONE2016_h2_target_North_America,20260727,Full_PBMSBAINGO,cost_1,167,84,0.28563903440169824,"Same-horizon leave-one-region-out transfer; source regions=Asia,Europe; target region=North America; source-only fit/search/calibration; target labels untouched until final evaluation; V1-V10 financial ratios only.",Risk feature plus score fusion; alpha=0.70 selected only on search partition.,Platt_logistic_on_separate_calibration_partition,0.7233503994221847,0.9047619047619048,0.5783132530120482,0.6846846846846847,0.7794871794871795,0.7196969696969697,0.8501118568232662,0.5116086641707829,0.6444834667206956,0.7415375788869765,0.42168674698795183,0.6646706586826348,76.0,35.0,48.0,8.0,0.8614073842050292,0.8690476190476191,0.14795899101606405,0.4585750740134369,0.07063333901580118,-0.0806058489057581,0.840468731015822,1.0,0.25748502994011974,0.25748502994011974,0.8690476190476191,0.9488095238095238,0.4963855421686747,0.6602409638554217,0.6481649069884364,0.7213688359127175,0.8318155992139405,0.8779405043226264,0.45577116213587354,0.5436947044743602,0.5919016988693148,0.6773285429540783,0.823483393507223,0.8880378280331374,0.8487951807228915,0.8867613310384395,0.14016895105568308,0.1602139211318471,20261034,2,North America,267,167,V1-V10_financial_only
PONE2016_h2_target_North_America,20260727,Full_PBMSBAINGO,cost_2,167,84,0.21442449040390188,"Same-horizon leave-one-region-out transfer; source regions=Asia,Europe; target region=North America; source-only fit/search/calibration; target labels untouched until final evaluation; V1-V10 financial ratios only.",Risk feature plus score fusion; alpha=0.70 selected only on search partition.,Platt_logistic_on_separate_calibration_partition,0.7127637255879793,0.9166666666666666,0.5542168674698795,0.6754385964912281,0.7777777777777778,0.7129629629629629,0.8555555555555555,0.5058267969592548,0.6357665443271145,0.7354417670682731,0.4457831325301205,0.6826347305389222,77.0,37.0,46.0,7.0,0.8614073842050292,0.8690476190476191,0.14795899101606405,0.4585750740134369,0.07063333901580118,-0.0806058489057581,0.840468731015822,2.0,0.30538922155688625,0.20318725099601595,0.8619047619047618,0.9607142857142857,0.4783132530120482,0.6204819277108434,0.6414648819371335,0.7126807650443167,0.812911316211878,0.8905038855615504,0.4336927440830071,0.5815597312413754,0.5816999009288092,0.694871997250439,0.7850344744171622,0.9168373749140151,0.8077022375215147,0.9145582329317269,0.11687681383104992,0.1910253161773009,20261034,2,North America,267,167,V1-V10_financial_only
PONE2016_h2_target_North_America,20260727,Full_PBMSBAINGO,cost_5,167,84,0.21442449040390188,"Same-horizon leave-one-region-out transfer; source regions=Asia,Europe; target region=North America; source-only fit/search/calibration; target labels untouched until final evaluation; V1-V10 financial ratios only.",Risk feature plus score fusion; alpha=0.70 selected only on search partition.,Platt_logistic_on_separate_calibration_partition,0.7127637255879793,0.9166666666666666,0.5542168674698795,0.6754385964912281,0.7777777777777778,0.7129629629629629,0.8555555555555555,0.5058267969592548,0.6357665443271145,0.7354417670682731,0.4457831325301205,0.6826347305389222,77.0,37.0,46.0,7.0,0.8614073842050292,0.8690476190476191,0.14795899101606405,0.4585750740134369,0.07063333901580118,-0.0806058489057581,0.840468731015822,5.0,0.4311377245508982,0.14314115308151093,0.8940476190476191,0.9523809523809523,0.4734939759036145,0.6012048192771084,0.6361157024793388,0.7059754810424617,0.8342696629213483,0.889309089491357,0.42495956374312077,0.5850254890088906,0.5680994952110214,0.6927318225587811,0.8465235919830486,0.875141770668129,0.8427854274239817,0.8817555938037865,0.13444181083472784,0.1687842572990768,20261034,2,North America,267,167,V1-V10_financial_only
PONE2016_h2_target_North_America,20260727,Full_PBMSBAINGO,cost_10,167,84,0.21442449040390188,"Same-horizon leave-one-region-out transfer; source regions=Asia,Europe; target region=North America; source-only fit/search/calibration; target labels untouched until final evaluation; V1-V10 financial ratios only.",Risk feature plus score fusion; alpha=0.70 selected only on search partition.,Platt_logistic_on_separate_calibration_partition,0.7127637255879793,0.9166666666666666,0.5542168674698795,0.6754385964912281,0.7777777777777778,0.7129629629629629,0.8555555555555555,0.5058267969592548,0.6357665443271145,0.7354417670682731,0.4457831325301205,0.6826347305389222,77.0,37.0,46.0,7.0,0.8614073842050292,0.8690476190476191,0.14795899101606405,0.4585750740134369,0.07063333901580118,-0.0806058489057581,0.840468731015822,10.0,0.6407185628742516,0.11592632719393282,0.9297619047619048,0.9511904761904761,0.45542168674698796,0.6096385542168674,0.6360413793103449,0.711552795031056,0.8574328604610985,0.891154577130187,0.4517117644684312,0.5974542145350428,0.5779119989957395,0.7023003621832068,0.8326319122644377,0.882456630914256,0.8349254159495122,0.8867039586919105,0.1319816933816576,0.17328677550039082,20261034,2,North America,267,167,V1-V10_financial_only
PONE2016_h2_target_North_America,20260727,Full_PBMSBAINGO,cost_20,167,84,0.21442449040390188,"Same-horizon leave-one-region-out transfer; source regions=Asia,Europe; target region=North America; source-only fit/search/calibration; target labels untouched until final evaluation; V1-V10 financial ratios only.",Risk feature plus score fusion; alpha=0.70 selected only on search partition.,Platt_logistic_on_separate_calibration_partition,0.7127637255879793,0.9166666666666666,0.5542168674698795,0.6754385964912281,0.7777777777777778,0.7129629629629629,0.8555555555555555,0.5058267969592548,0.6357665443271145,0.7354417670682731,0.4457831325301205,0.6826347305389222,77.0,37.0,46.0,7.0,0.8614073842050292,0.8690476190476191,0.14795899101606405,0.4585750740134369,0.07063333901580118,-0.0806058489057581,0.840468731015822,20.0,1.0598802395209581,0.10039705048213272,0.8273809523809523,0.9285714285714286,0.4867469879518072,0.6253012048192771,0.6211309523809524,0.7119369369369369,0.7767907643826761,0.8719466110405707,0.340533431243588,0.5675879307729372,0.5159877053659666,0.6876136854923178,0.8202163819802601,0.8785915170799534,0.8302495697074009,0.8789873780837636,0.14108647735090246,0.18154751857201634,20261034,2,North America,267,167,V1-V10_financial_only
PONE2016_h2_target_North_America,20260727,Uncertainty_gated_fusion,triad,167,84,0.8295605255685509,"Same-horizon leave-one-region-out transfer; source regions=Asia,Europe; target region=North America; source-only fit/search/calibration; target labels untouched until final evaluation; V1-V10 financial ratios only.","One-standard-error paired-bootstrap gate selected KELM_risk_feature; search utility difference=-0.0152, required margin=0.0612.",Platt_logistic_on_separate_calibration_partition,0.6731256247629892,0.4642857142857143,0.9759036144578314,0.9512195121951219,0.624,0.7862903225806451,0.5172413793103449,0.5113767730447555,0.6142017958334055,0.7200946643717728,0.024096385542168676,0.24550898203592814,39.0,2.0,81.0,45.0,0.8815502956824379,0.8578600114744692,0.15055851682054835,0.5121315190840847,0.09816383569985626,0.4452170231341181,0.7449134897934371,,,,0.3630952380952381,0.6202380952380953,0.9759036144578314,0.9987951807228915,0.9460881934566145,0.9977777777777778,0.4157693490968224,0.6677172067046606,0.46590472801997546,0.6387253245655206,0.5524629897192319,0.7285894467039824,0.8717592945726229,0.8931961858743919,0.8151462994836489,0.8674411933448078,0.1414894994357438,0.16903719385156366,20261080,2,North America,267,167,V1-V10_financial_only
PONE2016_h2_target_North_America,20260727,Uncertainty_gated_fusion,cost_1,167,84,0.36795893958526177,"Same-horizon leave-one-region-out transfer; source regions=Asia,Europe; target region=North America; source-only fit/search/calibration; target labels untouched until final evaluation; V1-V10 financial ratios only.","One-standard-error paired-bootstrap gate selected KELM_risk_feature; search utility difference=-0.0152, required margin=0.0612.",Platt_logistic_on_separate_calibration_partition,0.7881618374689652,0.7261904761904762,0.8554216867469879,0.8356164383561644,0.7770700636942676,0.8111702127659575,0.7457212713936431,0.5862553411968332,0.7141222082307969,0.7908060814687321,0.14457831325301204,0.437125748502994,61.0,12.0,71.0,23.0,0.8815502956824379,0.8578600114744692,0.15055851682054835,0.5121315190840847,0.09816383569985626,0.4452170231341181,0.7449134897934371,1.0,0.20958083832335328,0.20958083832335328,0.7142857142857143,0.7607142857142857,0.791566265060241,0.891566265060241,0.7776410256410257,0.8744565217391305,0.7262479871175523,0.7779358093602405,0.5101614677791626,0.6462194926665493,0.6611542552998797,0.7557220253620016,0.8851902294242909,0.905461723429437,0.8510613884107859,0.8844807802639127,0.14075488675444764,0.15248673786787476,20261080,2,North America,267,167,V1-V10_financial_only
PONE2016_h2_target_North_America,20260727,Uncertainty_gated_fusion,cost_2,167,84,0.2704273751527775,"Same-horizon leave-one-region-out transfer; source regions=Asia,Europe; target region=North America; source-only fit/search/calibration; target labels untouched until final evaluation; V1-V10 financial ratios only.","One-standard-error paired-bootstrap gate selected KELM_risk_feature; search utility difference=-0.0152, required margin=0.0612.",Platt_logistic_on_separate_calibration_partition,0.7900703324611212,0.8095238095238095,0.7710843373493976,0.7816091954022989,0.7953216374269005,0.7870370370370371,0.8037825059101655,0.5811084555803209,0.7131752029089042,0.7903040734366036,0.2289156626506024,0.5209580838323353,68.0,19.0,64.0,16.0,0.8815502956824379,0.8578600114744692,0.15055851682054835,0.5121315190840847,0.09816383569985626,0.4452170231341181,0.7449134897934371,2.0,0.30538922155688625,0.20318725099601595,0.7404761904761905,0.8202380952380952,0.7710843373493976,0.8048192771084338,0.7768723098995696,0.7944543828264758,0.7504680674017058,0.8128800411338638,0.5452540554585963,0.5933192811735344,0.6877395785770901,0.7216881000118117,0.8795953029350327,0.9069531294571719,0.8420826161790018,0.8636259323006311,0.14085798754145226,0.1639687669279053,20261080,2,North America,267,167,V1-V10_financial_only
PONE2016_h2_target_North_America,20260727,Uncertainty_gated_fusion,cost_5,167,84,0.2704273751527775,"Same-horizon leave-one-region-out transfer; source regions=Asia,Europe; target region=North America; source-only fit/search/calibration; target labels untouched until final evaluation; V1-V10 financial ratios only.","One-standard-error paired-bootstrap gate selected KELM_risk_feature; search utility difference=-0.0152, required margin=0.0612.",Platt_logistic_on_separate_calibration_partition,0.7900703324611212,0.8095238095238095,0.7710843373493976,0.7816091954022989,0.7953216374269005,0.7870370370370371,0.8037825059101655,0.5811084555803209,0.7131752029089042,0.7903040734366036,0.2289156626506024,0.5209580838323353,68.0,19.0,64.0,16.0,0.8815502956824379,0.8578600114744692,0.15055851682054835,0.5121315190840847,0.09816383569985626,0.4452170231341181,0.7449134897934371,5.0,0.592814371257485,0.19681908548707752,0.763095238095238,0.8083333333333333,0.7361445783132531,0.8180722891566264,0.7539325842696629,0.81125,0.7704326923076923,0.7993838862559242,0.5361087637340772,0.5912003341443763,0.6805856936740229,0.7202684055663038,0.8758692333189745,0.9045131891199613,0.8364314400458978,0.8680005737234653,0.15179922217264158,0.15927441981793958,20261080,2,North America,267,167,V1-V10_financial_only
PONE2016_h2_target_North_America,20260727,Uncertainty_gated_fusion,cost_10,167,84,0.1386902074370166,"Same-horizon leave-one-region-out transfer; source regions=Asia,Europe; target region=North America; source-only fit/search/calibration; target labels untouched until final evaluation; V1-V10 financial ratios only.","One-standard-error paired-bootstrap gate selected KELM_risk_feature; search utility difference=-0.0152, required margin=0.0612.",Platt_logistic_on_separate_calibration_partition,0.6879839088699877,0.8928571428571429,0.5301204819277109,0.6578947368421053,0.7575757575757576,0.6944444444444444,0.8333333333333334,0.45436589224271773,0.5991295792983687,0.7114888123924269,0.46987951807228917,0.6826347305389222,75.0,39.0,44.0,9.0,0.8815502956824379,0.8578600114744692,0.15055851682054835,0.5121315190840847,0.09816383569985626,0.4452170231341181,0.7449134897934371,10.0,0.7724550898203593,0.13976164680390032,0.8690476190476191,0.9154761904761904,0.3891566265060241,0.608433734939759,0.5989132556777511,0.7024464831804281,0.8004738617283226,0.8614257346102606,0.3268599764267751,0.5480717883711287,0.49144675293536716,0.6726471407731196,0.7996963976943547,0.9017747380026713,0.7843947217441194,0.8791021227768215,0.14425638869882124,0.19890786892380566,20261080,2,North America,267,167,V1-V10_financial_only
PONE2016_h2_target_North_America,20260727,Uncertainty_gated_fusion,cost_20,167,84,0.1386902074370166,"Same-horizon leave-one-region-out transfer; source regions=Asia,Europe; target region=North America; source-only fit/search/calibration; target labels untouched until final evaluation; V1-V10 financial ratios only.","One-standard-error paired-bootstrap gate selected KELM_risk_feature; search utility difference=-0.0152, required margin=0.0612.",Platt_logistic_on_separate_calibration_partition,0.6879839088699877,0.8928571428571429,0.5301204819277109,0.6578947368421053,0.7575757575757576,0.6944444444444444,0.8333333333333334,0.45436589224271773,0.5991295792983687,0.7114888123924269,0.46987951807228917,0.6826347305389222,75.0,39.0,44.0,9.0,0.8815502956824379,0.8578600114744692,0.15055851682054835,0.5121315190840847,0.09816383569985626,0.4452170231341181,0.7449134897934371,20.0,1.311377245508982,0.12422007941009643,0.8488095238095238,0.95,0.3963855421686747,0.5975903614457831,0.5884256642170718,0.6902559934985778,0.7805628550450207,0.8725007019820099,0.2773655245740352,0.5195382354924056,0.45337950768700275,0.6448740905394829,0.8739085509971167,0.9196534458243685,0.8127079747561675,0.8979202524383247,0.12575536313544847,0.1658411178749133,20261080,2,North America,267,167,V1-V10_financial_only
PONE2016_h2_target_North_America,20260727,Full_random_search,triad,167,84,0.9243073650301812,"Same-horizon leave-one-region-out transfer; source regions=Asia,Europe; target region=North America; source-only fit/search/calibration; target labels untouched until final evaluation; V1-V10 financial ratios only.",Same full architecture and 81 evaluations as PBMSBAINGO; alpha=0.70.,Platt_logistic_on_separate_calibration_partition,0.573861715987663,0.3333333333333333,0.9879518072289156,0.9655172413793104,0.49557522123893805,0.7,0.3835616438356164,0.42406339600694487,0.5188180743343249,0.6606425702811245,0.012048192771084338,0.17365269461077845,28.0,1.0,82.0,56.0,0.8830771991262653,0.877653471026965,0.1499059954674418,0.45578266284976293,0.10137931770105504,-0.12356447048089575,0.8065514943029797,,,,0.2869047619047619,0.3678571428571429,0.9662650602409638,1.0,0.9173624288425047,1.0,0.3346260387811634,0.41789896163193163,0.40784093086985584,0.44208611607444187,0.48925586571267365,0.5378725348647785,0.8623923700705015,0.899735153934646,0.8586775674125072,0.8864744693057945,0.15085411668689191,0.1668553215554632,20261128,2,North America,267,167,V1-V10_financial_only
PONE2016_h2_target_North_America,20260727,Full_random_search,cost_1,167,84,0.2531142923193041,"Same-horizon leave-one-region-out transfer; source regions=Asia,Europe; target region=North America; source-only fit/search/calibration; target labels untouched until final evaluation; V1-V10 financial ratios only.",Same full architecture and 81 evaluations as PBMSBAINGO; alpha=0.70.,Platt_logistic_on_separate_calibration_partition,0.7081202642653467,0.9047619047619048,0.5542168674698795,0.672566371681416,0.7715736040609137,0.7089552238805971,0.8463251670378619,0.49060863462975524,0.6265894490549068,0.7294893861158922,0.4457831325301205,0.6766467065868264,76.0,37.0,46.0,8.0,0.8830771991262653,0.877653471026965,0.1499059954674418,0.45578266284976293,0.10137931770105504,-0.12356447048089575,0.8065514943029797,1.0,0.2694610778443114,0.2694610778443114,0.8511904761904762,0.9488095238095238,0.44216867469879517,0.6000000000000001,0.6219095267875756,0.6871260683760684,0.8089250346603287,0.8806394867549668,0.39195491599877,0.5504040295583992,0.5398695216896883,0.6623827615045234,0.8245554373977556,0.8871478172417052,0.8392283419391853,0.8890849110728629,0.1385272821602816,0.1770536124064576,20261128,2,North America,267,167,V1-V10_financial_only
PONE2016_h2_target_North_America,20260727,Full_random_search,cost_2,167,84,0.2531142923193041,"Same-horizon leave-one-region-out transfer; source regions=Asia,Europe; target region=North America; source-only fit/search/calibration; target labels untouched until final evaluation; V1-V10 financial ratios only.",Same full architecture and 81 evaluations as PBMSBAINGO; alpha=0.70.,Platt_logistic_on_separate_calibration_partition,0.7081202642653467,0.9047619047619048,0.5542168674698795,0.672566371681416,0.7715736040609137,0.7089552238805971,0.8463251670378619,0.49060863462975524,0.6265894490549068,0.7294893861158922,0.4457831325301205,0.6766467065868264,76.0,37.0,46.0,8.0,0.8830771991262653,0.877653471026965,0.1499059954674418,0.45578266284976293,0.10137931770105504,-0.12356447048089575,0.8065514943029797,2.0,0.31736526946107785,0.21115537848605578,0.8583333333333333,0.9142857142857143,0.44819277108433736,0.5783132530120482,0.6144940027292969,0.6869318181818181,0.7986233278916206,0.8575182174887892,0.34965473547148485,0.5236193359524909,0.5146697706533762,0.6517426267473246,0.8305319545813244,0.916350927297701,0.8083476764199656,0.906368330464716,0.13376122747177693,0.20067459387330827,20261128,2,North America,267,167,V1-V10_financial_only
PONE2016_h2_target_North_America,20260727,Full_random_search,cost_5,167,84,0.1558533872075829,"Same-horizon leave-one-region-out transfer; source regions=Asia,Europe; target region=North America; source-only fit/search/calibration; target labels untouched until final evaluation; V1-V10 financial ratios only.",Same full architecture and 81 evaluations as PBMSBAINGO; alpha=0.70.,Platt_logistic_on_separate_calibration_partition,0.6970966755769257,0.9166666666666666,0.5301204819277109,0.6637931034482759,0.77,0.7025547445255474,0.8517699115044248,0.4850262896674861,0.6177087701584454,0.7233935742971888,0.46987951807228917,0.6946107784431138,77.0,39.0,44.0,7.0,0.8830771991262653,0.877653471026965,0.1499059954674418,0.45578266284976293,0.10137931770105504,-0.12356447048089575,0.8065514943029797,5.0,0.4431137724550898,0.147117296222664,0.9285714285714286,0.9845238095238096,0.4650602409638554,0.5987951807228916,0.6502604166666667,0.7037869458128079,0.8611176229268006,0.893452471772963,0.5017788427695254,0.5761072111450719,0.6207578254911613,0.6873984712803697,0.8615087607006141,0.9348211586823721,0.867986230636833,0.9290590935169248,0.11461671832944542,0.15475269260047933,20261128,2,North America,267,167,V1-V10_financial_only
PONE2016_h2_target_North_America,20260727,Full_random_search,cost_10,167,84,0.1558533872075829,"Same-horizon leave-one-region-out transfer; source regions=Asia,Europe; target region=North America; source-only fit/search/calibration; target labels untouched until final evaluation; V1-V10 financial ratios only.",Same full architecture and 81 evaluations as PBMSBAINGO; alpha=0.70.,Platt_logistic_on_separate_calibration_partition,0.6970966755769257,0.9166666666666666,0.5301204819277109,0.6637931034482759,0.77,0.7025547445255474,0.8517699115044248,0.4850262896674861,0.6177087701584454,0.7233935742971888,0.46987951807228917,0.6946107784431138,77.0,39.0,44.0,7.0,0.8830771991262653,0.877653471026965,0.1499059954674418,0.45578266284976293,0.10137931770105504,-0.12356447048089575,0.8065514943029797,10.0,0.6526946107784432,0.1180931744312026,0.8654761904761904,0.9630952380952381,0.4951807228915662,0.5975903614457831,0.6530578512396694,0.7078497525865947,0.8128906594970121,0.8983002207505519,0.42758896588536666,0.6031787044914234,0.5834076010390697,0.7027718221303918,0.8670334215422622,0.9240071811137307,0.8578313253012049,0.9193775100401606,0.11702780999144216,0.166056729441896,20261128,2,North America,267,167,V1-V10_financial_only
PONE2016_h2_target_North_America,20260727,Full_random_search,cost_20,167,84,0.1558533872075829,"Same-horizon leave-one-region-out transfer; source regions=Asia,Europe; target region=North America; source-only fit/search/calibration; target labels untouched until final evaluation; V1-V10 financial ratios only.",Same full architecture and 81 evaluations as PBMSBAINGO; alpha=0.70.,Platt_logistic_on_separate_calibration_partition,0.6970966755769257,0.9166666666666666,0.5301204819277109,0.6637931034482759,0.77,0.7025547445255474,0.8517699115044248,0.4850262896674861,0.6177087701584454,0.7233935742971888,0.46987951807228917,0.6946107784431138,77.0,39.0,44.0,7.0,0.8830771991262653,0.877653471026965,0.1499059954674418,0.45578266284976293,0.10137931770105504,-0.12356447048089575,0.8065514943029797,20.0,1.0718562874251496,0.10153148043108338,0.8595238095238095,0.9285714285714286,0.47951807228915666,0.6000000000000001,0.6267622825755264,0.6914564552146224,0.800335603987295,0.8685968819599109,0.3698814575736465,0.541815910869236,0.5350376592607011,0.6626386119816681,0.8618380370683623,0.9345483941373295,0.8442340791738383,0.9223895582329317,0.11272703463106036,0.17060850269407524,20261128,2,North America,267,167,V1-V10_financial_only
PONE2016_h2_target_North_America,20260727,Balanced_logistic,triad,167,84,0.5526900982000511,"Same-horizon leave-one-region-out transfer; source regions=Asia,Europe; target region=North America; source-only fit/search/calibration; target labels untouched until final evaluation; V1-V10 financial ratios only.",Class-weighted logistic reference using the same source-only fit/search/calibration and untouched regional target.,Platt_logistic_on_separate_calibration_partition,0.7162766287094263,0.5833333333333334,0.8795180722891566,0.8305084745762712,0.6853146853146853,0.765625,0.620253164556962,0.4841527384287163,0.6286100471391216,0.731425702811245,0.12048192771084337,0.3532934131736527,49.0,10.0,73.0,35.0,0.8534941456966716,0.8073723465289729,0.17868133891589966,0.5959567668017041,0.09898043245424734,0.13840026463894178,0.5605383650644322,,,,0.5166666666666666,0.6654761904761904,0.8686746987951808,0.9120481927710843,0.7991228070175438,0.8846153846153846,0.5559502838128793,0.7001575009843811,0.41126361852007176,0.5954221240701768,0.5693065423391206,0.7122630990993263,0.8411414135035918,0.8989585000163437,0.7995553643144004,0.8698938611589214,0.14658780502232976,0.18280773778883075,20262028,2,North America,267,167,V1-V10_financial_only
PONE2016_h2_target_North_America,20260727,Balanced_logistic,cost_1,167,84,0.548031587102932,"Same-horizon leave-one-region-out transfer; source regions=Asia,Europe; target region=North America; source-only fit/search/calibration; target labels untouched until final evaluation; V1-V10 financial ratios only.",Class-weighted logistic reference using the same source-only fit/search/calibration and untouched regional target.,Platt_logistic_on_separate_calibration_partition,0.7185757571479554,0.5952380952380952,0.8674698795180723,0.819672131147541,0.6896551724137931,0.7621951219512195,0.6297229219143576,0.4804717122573639,0.6283539005554196,0.7313539873780838,0.13253012048192772,0.3652694610778443,50.0,11.0,72.0,34.0,0.8534941456966716,0.8073723465289729,0.17868133891589966,0.5959567668017041,0.09898043245424734,0.13840026463894178,0.5605383650644322,1.0,0.2694610778443114,0.2694610778443114,0.5011904761904762,0.5904761904761905,0.8349397590361446,0.9265060240963855,0.7671424323520666,0.8769736842105262,0.5477430555555556,0.6310432569974554,0.3893092836309847,0.5321220881827311,0.5587736427850959,0.6584919301657899,0.8062683928168102,0.8398725757928169,0.748881239242685,0.7989816408491108,0.1856929697555626,0.2101459281916578,20262028,2,North America,267,167,V1-V10_financial_only
PONE2016_h2_target_North_America,20260727,Balanced_logistic,cost_2,167,84,0.5280682451838186,"Same-horizon leave-one-region-out transfer; source regions=Asia,Europe; target region=North America; source-only fit/search/calibration; target labels untouched until final evaluation; V1-V10 financial ratios only.",Class-weighted logistic reference using the same source-only fit/search/calibration and untouched regional target.,Platt_logistic_on_separate_calibration_partition,0.7225568167373793,0.6190476190476191,0.8433734939759037,0.8,0.697986577181208,0.7558139534883721,0.6483790523690773,0.47419784906565876,0.6279154874059706,0.7312105565117614,0.1566265060240964,0.38922155688622756,52.0,13.0,70.0,32.0,0.8534941456966716,0.8073723465289729,0.17868133891589966,0.5959567668017041,0.09898043245424734,0.13840026463894178,0.5605383650644322,2.0,0.46107784431137727,0.30677290836653387,0.5619047619047619,0.6428571428571429,0.7722891566265061,0.9325301204819277,0.7159090909090909,0.9027197802197802,0.5873694029850746,0.6721615079947191,0.34570532276955995,0.5736172536588179,0.5320448078396887,0.6885674993224247,0.8168432871458478,0.8812576613343165,0.7597389558232932,0.8422403901319565,0.16076370871267925,0.20061444801415063,20262028,2,North America,267,167,V1-V10_financial_only
PONE2016_h2_target_North_America,20260727,Balanced_logistic,cost_5,167,84,0.5280682451838186,"Same-horizon leave-one-region-out transfer; source regions=Asia,Europe; target region=North America; source-only fit/search/calibration; target labels untouched until final evaluation; V1-V10 financial ratios only.",Class-weighted logistic reference using the same source-only fit/search/calibration and untouched regional target.,Platt_logistic_on_separate_calibration_partition,0.7225568167373793,0.6190476190476191,0.8433734939759037,0.8,0.697986577181208,0.7558139534883721,0.6483790523690773,0.47419784906565876,0.6279154874059706,0.7312105565117614,0.1566265060240964,0.38922155688622756,52.0,13.0,70.0,32.0,0.8534941456966716,0.8073723465289729,0.17868133891589966,0.5959567668017041,0.09898043245424734,0.13840026463894178,0.5605383650644322,5.0,1.035928143712575,0.34393638170974156,0.5071428571428571,0.7333333333333334,0.7518072289156627,0.8951807228915662,0.6761904761904761,0.8697823303457106,0.5338345864661653,0.744428460109093,0.2696065311761345,0.6002203077689047,0.46824650557754915,0.7192858465928935,0.7672186770342163,0.8950432834649946,0.6966293746414229,0.8597963281698221,0.15319574263808053,0.2375187678007632,20262028,2,North America,267,167,V1-V10_financial_only
PONE2016_h2_target_North_America,20260727,Balanced_logistic,cost_10,167,84,0.12835317694666543,"Same-horizon leave-one-region-out transfer; source regions=Asia,Europe; target region=North America; source-only fit/search/calibration; target labels untouched until final evaluation; V1-V10 financial ratios only.",Class-weighted logistic reference using the same source-only fit/search/calibration and untouched regional target.,Platt_logistic_on_separate_calibration_partition,0.4897105354095492,0.9047619047619048,0.26506024096385544,0.5547445255474452,0.6877828054298643,0.6012658227848101,0.8033826638477801,0.2211831822974264,0.37573097455962756,0.5849110728628801,0.7349397590361446,0.8203592814371258,76.0,61.0,22.0,8.0,0.8534941456966716,0.8073723465289729,0.17868133891589966,0.5959567668017041,0.09898043245424734,0.13840026463894178,0.5605383650644322,10.0,0.844311377245509,0.15276273022751896,0.8714285714285714,0.9380952380952381,0.1542168674698795,0.27590361445783135,0.5172159851684005,0.5594023779724656,0.7780326287943802,0.826165371809101,0.06895444040901963,0.2615561651624695,0.20971109269644267,0.3954044857241073,0.8094237007611066,0.8733573492365446,0.7448795180722892,0.835671256454389,0.163916827977229,0.21098093976173893,20262028,2,North America,267,167,V1-V10_financial_only
PONE2016_h2_target_North_America,20260727,Balanced_logistic,cost_20,167,84,0.12835317694666543,"Same-horizon leave-one-region-out transfer; source regions=Asia,Europe; target region=North America; source-only fit/search/calibration; target labels untouched until final evaluation; V1-V10 financial ratios only.",Class-weighted logistic reference using the same source-only fit/search/calibration and untouched regional target.,Platt_logistic_on_separate_calibration_partition,0.4897105354095492,0.9047619047619048,0.26506024096385544,0.5547445255474452,0.6877828054298643,0.6012658227848101,0.8033826638477801,0.2211831822974264,0.37573097455962756,0.5849110728628801,0.7349397590361446,0.8203592814371258,76.0,61.0,22.0,8.0,0.8534941456966716,0.8073723465289729,0.17868133891589966,0.5959567668017041,0.09898043245424734,0.13840026463894178,0.5605383650644322,20.0,1.3233532934131738,0.12535450935904707,0.8607142857142857,0.9607142857142857,0.21807228915662652,0.29638554216867474,0.5277372262773723,0.5798561151079137,0.7642706131078224,0.8489583792116274,0.105753209035957,0.34251408073385603,0.2705213257281527,0.45964669273986675,0.8113122856238753,0.878434811744923,0.7626506024096387,0.8395582329317269,0.16080702205313266,0.2060186241765519,20262028,2,North America,267,167,V1-V10_financial_only
PONE2016_h3_target_Asia,20260727,HistGB,triad,92,46,0.706293898492192,"Same-horizon leave-one-region-out transfer; source regions=Europe,North America; target region=Asia; source-only fit/search/calibration; target labels untouched until final evaluation; V1-V10 financial ratios only.",No metaheuristic; threshold and Platt calibration use calibration partition.,Platt_logistic_on_separate_calibration_partition,0.6874516652539955,0.5434782608695652,0.8695652173913043,0.8064516129032258,0.6493506493506493,0.7352941176470589,0.5813953488372093,0.43692594732736023,0.5910588498969954,0.7065217391304348,0.13043478260869565,0.33695652173913043,25.0,6.0,40.0,21.0,0.8355040774194233,0.833648393194707,0.17638899877835587,0.5364223499824375,0.10922445446777926,-0.24563289080124787,1.5675160386211098,,,,0.5260869565217391,0.6478260869565218,0.8282608695652174,0.8695652173913043,0.7560810810810811,0.8229946524064171,0.5601851851851852,0.6750799119930259,0.3742770809618635,0.5084098953719391,0.5466752336401556,0.6541365931391221,0.8131428949092946,0.865279515445876,0.7976843100189036,0.8773156899810964,0.15511837388471653,0.19534365861719946,20260727,3,Asia,324,92,V1-V10_financial_only
PONE2016_h3_target_Asia,20260727,HistGB,cost_1,92,46,0.2940099216897724,"Same-horizon leave-one-region-out transfer; source regions=Europe,North America; target region=Asia; source-only fit/search/calibration; target labels untouched until final evaluation; V1-V10 financial ratios only.",No metaheuristic; threshold and Platt calibration use calibration partition.,Platt_logistic_on_separate_calibration_partition,0.5051717408096631,0.9782608695652174,0.2608695652173913,0.569620253164557,0.72,0.6215469613259669,0.8555133079847909,0.34324756367786313,0.44411473910443255,0.6195652173913043,0.7391304347826086,0.8586956521739131,45.0,34.0,12.0,1.0,0.8355040774194233,0.833648393194707,0.17638899877835587,0.5364223499824375,0.10922445446777926,-0.24563289080124787,1.5675160386211098,1.0,0.3804347826086957,0.3804347826086957,0.9391304347826087,1.0,0.15869565217391304,0.34347826086956523,0.5426143790849673,0.5885785447429284,0.8378239483151018,0.8644023852735286,0.28842595389037456,0.37918809829533123,0.35695939341862254,0.48466589794995274,0.8409157489043656,0.8883764562549707,0.8362948960302458,0.8865784499054821,0.15394683806806922,0.1732530581712097,20260727,3,Asia,324,92,V1-V10_financial_only
PONE2016_h3_target_Asia,20260727,HistGB,cost_2,92,46,0.2940099216897724,"Same-horizon leave-one-region-out transfer; source regions=Europe,North America; target region=Asia; source-only fit/search/calibration; target labels untouched until final evaluation; V1-V10 financial ratios only.",No metaheuristic; threshold and Platt calibration use calibration partition.,Platt_logistic_on_separate_calibration_partition,0.5051717408096631,0.9782608695652174,0.2608695652173913,0.569620253164557,0.72,0.6215469613259669,0.8555133079847909,0.34324756367786313,0.44411473910443255,0.6195652173913043,0.7391304347826086,0.8586956521739131,45.0,34.0,12.0,1.0,0.8355040774194233,0.833648393194707,0.17638899877835587,0.5364223499824375,0.10922445446777926,-0.24563289080124787,1.5675160386211098,2.0,0.391304347826087,0.2608695652173913,0.9586956521739131,1.0,0.21956521739130436,0.3021739130434783,0.5616681722372779,0.5819453697534976,0.8470897923369406,0.8738646961761963,0.34333516739066106,0.40194197701686796,0.4254956567725359,0.4836539754950125,0.802039190237612,0.855138799147553,0.7988185255198488,0.8620510396975425,0.1658978751562436,0.18989759999908692,20260727,3,Asia,324,92,V1-V10_financial_only
PONE2016_h3_target_Asia,20260727,HistGB,cost_5,92,46,0.2940099216897724,"Same-horizon leave-one-region-out transfer; source regions=Europe,North America; target region=Asia; source-only fit/search/calibration; target labels untouched until final evaluation; V1-V10 financial ratios only.",No metaheuristic; threshold and Platt calibration use calibration partition.,Platt_logistic_on_separate_calibration_partition,0.5051717408096631,0.9782608695652174,0.2608695652173913,0.569620253164557,0.72,0.6215469613259669,0.8555133079847909,0.34324756367786313,0.44411473910443255,0.6195652173913043,0.7391304347826086,0.8586956521739131,45.0,34.0,12.0,1.0,0.8355040774194233,0.833648393194707,0.17638899877835587,0.5364223499824375,0.10922445446777926,-0.24563289080124787,1.5675160386211098,5.0,0.42391304347826086,0.14130434782608695,0.9782608695652174,1.0,0.2391304347826087,0.3673913043478261,0.5679012345679012,0.612,0.8567544300165004,0.8861003861003861,0.34577419386958125,0.47049410823341126,0.44420356076129985,0.5566034975424988,0.826907529901802,0.9480168807509276,0.818289224952741,0.94617202268431,0.12845899490584645,0.18663165597182205,20260727,3,Asia,324,92,V1-V10_financial_only
PONE2016_h3_target_Asia,20260727,HistGB,cost_10,92,46,0.0,"Same-horizon leave-one-region-out transfer; source regions=Europe,North America; target region=Asia; source-only fit/search/calibration; target labels untouched until final evaluation; V1-V10 financial ratios only.",No metaheuristic; threshold and Platt calibration use calibration partition.,Platt_logistic_on_separate_calibration_partition,0.0,1.0,0.0,0.5,0.6666666666666666,0.5555555555555556,0.8333333333333334,0.0,0.0,0.5,1.0,1.0,46.0,46.0,0.0,0.0,0.8355040774194233,0.833648393194707,0.17638899877835587,0.5364223499824375,0.10922445446777926,-0.24563289080124787,1.5675160386211098,10.0,0.5,0.09090909090909091,1.0,1.0,0.0,0.0,0.5,0.5,0.8333333333333334,0.8333333333333334,0.0,0.0,0.0,0.0,0.7936932909073501,0.9161016479392085,0.79031190926276,0.9155482041587901,0.14119170466322714,0.19282947603210673,20260727,3,Asia,324,92,V1-V10_financial_only
PONE2016_h3_target_Asia,20260727,HistGB,cost_20,92,46,0.0,"Same-horizon leave-one-region-out transfer; source regions=Europe,North America; target region=Asia; source-only fit/search/calibration; target labels untouched until final evaluation; V1-V10 financial ratios only.",No metaheuristic; threshold and Platt calibration use calibration partition.,Platt_logistic_on_separate_calibration_partition,0.0,1.0,0.0,0.5,0.6666666666666666,0.5555555555555556,0.8333333333333334,0.0,0.0,0.5,1.0,1.0,46.0,46.0,0.0,0.0,0.8355040774194233,0.833648393194707,0.17638899877835587,0.5364223499824375,0.10922445446777926,-0.24563289080124787,1.5675160386211098,20.0,0.5,0.047619047619047616,1.0,1.0,0.0,0.0,0.5,0.5,0.8333333333333334,0.8333333333333334,0.0,0.0,0.0,0.0,0.77247713216468,0.8895664173721606,0.7695652173913043,0.8949905482041587,0.1568431626374204,0.20508899183337398,20260727,3,Asia,324,92,V1-V10_financial_only
PONE2016_h3_target_Asia,20260727,KELM_PBMSBAINGO,triad,92,46,0.626260598080661,"Same-horizon leave-one-region-out transfer; source regions=Europe,North America; target region=Asia; source-only fit/search/calibration; target labels untouched until final evaluation; V1-V10 financial ratios only.",Plain KELM; hyperparameters/features selected only on search partition.,Platt_logistic_on_separate_calibration_partition,0.8363210461596237,0.8695652173913043,0.8043478260869565,0.8163265306122449,0.8421052631578947,0.8264462809917356,0.8583690987124464,0.6753508114729635,0.7787985949981192,0.8369565217391304,0.1956521739130435,0.532608695652174,40.0,9.0,37.0,6.0,0.8642062102796939,0.8804347826086956,0.1705421195209216,0.5187753196801881,0.1666800402040513,-1.0488465522781638,2.186810015594066,,,,0.8521739130434782,0.9565217391304348,0.7869565217391304,0.908695652173913,0.8065081351689612,0.9129999999999999,0.8469743022934512,0.947465369879163,0.674458080550009,0.8662722500903173,0.7787001041295809,0.9097300074431446,0.8300137448246855,0.9641993655077388,0.8418241965973534,0.9620510396975425,0.1324352834242029,0.191420745082768,20260828,3,Asia,324,92,V1-V10_financial_only
PONE2016_h3_target_Asia,20260727,KELM_PBMSBAINGO,cost_1,92,46,0.4598387864100644,"Same-horizon leave-one-region-out transfer; source regions=Europe,North America; target region=Asia; source-only fit/search/calibration; target labels untouched until final evaluation; V1-V10 financial ratios only.",Plain KELM; hyperparameters/features selected only on search partition.,Platt_logistic_on_separate_calibration_partition,0.6983642784438701,0.9347826086956522,0.5217391304347826,0.6615384615384615,0.7747747747747747,0.7026143790849673,0.8634538152610441,0.501280411827603,0.6252901528663537,0.7282608695652174,0.4782608695652174,0.7065217391304348,43.0,22.0,24.0,3.0,0.8642062102796939,0.8804347826086956,0.1705421195209216,0.5187753196801881,0.1666800402040513,-1.0488465522781638,2.186810015594066,1.0,0.2717391304347826,0.2717391304347826,0.9152173913043478,0.9565217391304348,0.4391304347826087,0.5630434782608695,0.6205882352941177,0.6864423076923077,0.8366935483870968,0.886740510428812,0.40596049262043643,0.5651541789054799,0.5467097834396264,0.6726600587790094,0.8459660021493464,0.9460305160329174,0.8736294896030246,0.9414933837429112,0.1478013315949921,0.17828997351504206,20260828,3,Asia,324,92,V1-V10_financial_only
PONE2016_h3_target_Asia,20260727,KELM_PBMSBAINGO,cost_2,92,46,0.3632257104571358,"Same-horizon leave-one-region-out transfer; source regions=Europe,North America; target region=Asia; source-only fit/search/calibration; target labels untouched until final evaluation; V1-V10 financial ratios only.",Plain KELM; hyperparameters/features selected only on search partition.,Platt_logistic_on_separate_calibration_partition,0.5051717408096631,0.9782608695652174,0.2608695652173913,0.569620253164557,0.72,0.6215469613259669,0.8555133079847909,0.34324756367786313,0.44411473910443255,0.6195652173913043,0.7391304347826086,0.8586956521739131,45.0,34.0,12.0,1.0,0.8642062102796939,0.8804347826086956,0.1705421195209216,0.5187753196801881,0.1666800402040513,-1.0488465522781638,2.186810015594066,2.0,0.391304347826087,0.2608695652173913,0.9369565217391305,0.9978260869565218,0.18043478260869564,0.3630434782608695,0.5345679012345679,0.6051920341394026,0.8148040638606677,0.8716761737604213,0.18508042865666813,0.4314089560923619,0.3151814375333854,0.5335013406666687,0.7821859771047993,0.9019704336809743,0.8192816635160681,0.887570888468809,0.16313263032734693,0.19038469846469452,20260828,3,Asia,324,92,V1-V10_financial_only
PONE2016_h3_target_Asia,20260727,KELM_PBMSBAINGO,cost_5,92,46,0.3632257104571358,"Same-horizon leave-one-region-out transfer; source regions=Europe,North America; target region=Asia; source-only fit/search/calibration; target labels untouched until final evaluation; V1-V10 financial ratios only.",Plain KELM; hyperparameters/features selected only on search partition.,Platt_logistic_on_separate_calibration_partition,0.5051717408096631,0.9782608695652174,0.2608695652173913,0.569620253164557,0.72,0.6215469613259669,0.8555133079847909,0.34324756367786313,0.44411473910443255,0.6195652173913043,0.7391304347826086,0.8586956521739131,45.0,34.0,12.0,1.0,0.8642062102796939,0.8804347826086956,0.1705421195209216,0.5187753196801881,0.1666800402040513,-1.0488465522781638,2.186810015594066,5.0,0.42391304347826086,0.14130434782608695,0.9782608695652174,1.0,0.18043478260869564,0.3391304347826087,0.5442018072289156,0.6022368421052632,0.8436542390194075,0.8832750582750583,0.2627798071967449,0.4516781544290854,0.3589672904246751,0.5347564697724627,0.8225215498643262,0.9098071582824563,0.8680529300567108,0.9156899810964083,0.16026240192091235,0.17526861513510195,20260828,3,Asia,324,92,V1-V10_financial_only
PONE2016_h3_target_Asia,20260727,KELM_PBMSBAINGO,cost_10,92,46,0.0,"Same-horizon leave-one-region-out transfer; source regions=Europe,North America; target region=Asia; source-only fit/search/calibration; target labels untouched until final evaluation; V1-V10 financial ratios only.",Plain KELM; hyperparameters/features selected only on search partition.,Platt_logistic_on_separate_calibration_partition,0.0,1.0,0.0,0.5,0.6666666666666666,0.5555555555555556,0.8333333333333334,0.0,0.0,0.5,1.0,1.0,46.0,46.0,0.0,0.0,0.8642062102796939,0.8804347826086956,0.1705421195209216,0.5187753196801881,0.1666800402040513,-1.0488465522781638,2.186810015594066,10.0,0.5,0.09090909090909091,1.0,1.0,0.0,0.0,0.5,0.5,0.8333333333333334,0.8333333333333334,0.0,0.0,0.0,0.0,0.8342585053349213,0.9176634084045708,0.8320888468809073,0.9155009451795841,0.15847484919043373,0.18662256460369145,20260828,3,Asia,324,92,V1-V10_financial_only
PONE2016_h3_target_Asia,20260727,KELM_PBMSBAINGO,cost_20,92,46,0.0,"Same-horizon leave-one-region-out transfer; source regions=Europe,North America; target region=Asia; source-only fit/search/calibration; target labels untouched until final evaluation; V1-V10 financial ratios only.",Plain KELM; hyperparameters/features selected only on search partition.,Platt_logistic_on_separate_calibration_partition,0.0,1.0,0.0,0.5,0.6666666666666666,0.5555555555555556,0.8333333333333334,0.0,0.0,0.5,1.0,1.0,46.0,46.0,0.0,0.0,0.8642062102796939,0.8804347826086956,0.1705421195209216,0.5187753196801881,0.1666800402040513,-1.0488465522781638,2.186810015594066,20.0,0.5,0.047619047619047616,1.0,1.0,0.0,0.0,0.5,0.5,0.8333333333333334,0.8333333333333334,0.0,0.0,0.0,0.0,0.7994236536288379,0.9203434197241673,0.834640831758034,0.905718336483932,0.1560635819208294,0.18122445396138998,20260828,3,Asia,324,92,V1-V10_financial_only
PONE2016_h3_target_Asia,20260727,KELM_score_fusion,triad,92,46,0.6391146308070563,"Same-horizon leave-one-region-out transfer; source regions=Europe,North America; target region=Asia; source-only fit/search/calibration; target labels untouched until final evaluation; V1-V10 financial ratios only.",Plain KELM plus HistGB score-level fusion; alpha=1.00 selected only on search partition.,Platt_logistic_on_separate_calibration_partition,0.8363210461596237,0.8695652173913043,0.8043478260869565,0.8163265306122449,0.8421052631578947,0.8264462809917356,0.8583690987124464,0.6753508114729635,0.7787985949981192,0.8369565217391304,0.1956521739130435,0.532608695652174,40.0,9.0,37.0,6.0,0.8642062102796939,0.8804347826086956,0.17018182857809153,0.5169288890281392,0.1712393510197544,-1.064565971237087,2.108153753679141,,,,0.8695652173913043,0.8913043478260869,0.7630434782608696,0.8478260869565217,0.7896153846153846,0.8538563829787233,0.8554376657824934,0.8821230274693161,0.6549676550852066,0.7376031220664229,0.7637860617164431,0.8222961971585926,0.8743499611305708,0.8894735741212635,0.8871455576559545,0.918241965973535,0.14897629810219257,0.18400124213399205,20260830,3,Asia,324,92,V1-V10_financial_only
PONE2016_h3_target_Asia,20260727,KELM_score_fusion,cost_1,92,46,0.4598950326280845,"Same-horizon leave-one-region-out transfer; source regions=Europe,North America; target region=Asia; source-only fit/search/calibration; target labels untouched until final evaluation; V1-V10 financial ratios only.",Plain KELM plus HistGB score-level fusion; alpha=1.00 selected only on search partition.,Platt_logistic_on_separate_calibration_partition,0.6983642784438701,0.9347826086956522,0.5217391304347826,0.6615384615384615,0.7747747747747747,0.7026143790849673,0.8634538152610441,0.501280411827603,0.6252901528663537,0.7282608695652174,0.4782608695652174,0.7065217391304348,43.0,22.0,24.0,3.0,0.8642062102796939,0.8804347826086956,0.17018182857809153,0.5169288890281392,0.1712393510197544,-1.064565971237087,2.108153753679141,1.0,0.2717391304347826,0.2717391304347826,0.8956521739130434,0.9760869565217392,0.4826086956521739,0.6065217391304348,0.6348564867967853,0.7042674993494665,0.8287189574625031,0.895841734277465,0.42141653016401115,0.5848853386196637,0.5674168457638704,0.6899069247712011,0.8071835666659342,0.9637853514974571,0.8157844990548204,0.9514177693761816,0.14336369196737622,0.19599752556615563,20260830,3,Asia,324,92,V1-V10_financial_only
PONE2016_h3_target_Asia,20260727,KELM_score_fusion,cost_2,92,46,0.3514709693084554,"Same-horizon leave-one-region-out transfer; source regions=Europe,North America; target region=Asia; source-only fit/search/calibration; target labels untouched until final evaluation; V1-V10 financial ratios only.",Plain KELM plus HistGB score-level fusion; alpha=1.00 selected only on search partition.,Platt_logistic_on_separate_calibration_partition,0.5051717408096631,0.9782608695652174,0.2608695652173913,0.569620253164557,0.72,0.6215469613259669,0.8555133079847909,0.34324756367786313,0.44411473910443255,0.6195652173913043,0.7391304347826086,0.8586956521739131,45.0,34.0,12.0,1.0,0.8642062102796939,0.8804347826086956,0.17018182857809153,0.5169288890281392,0.1712393510197544,-1.064565971237087,2.108153753679141,2.0,0.391304347826087,0.2608695652173913,0.9565217391304348,0.9782608695652174,0.21956521739130436,0.3456521739130435,0.55125,0.5943456614509246,0.833969465648855,0.8641174716756113,0.26264037740588514,0.39968954455071815,0.3817913146521593,0.504002392141634,0.7974361129798655,0.9316598647084396,0.8413988657844991,0.9175803402646502,0.15728209245977895,0.17825082313384974,20260830,3,Asia,324,92,V1-V10_financial_only
PONE2016_h3_target_Asia,20260727,KELM_score_fusion,cost_5,92,46,0.3514709693084554,"Same-horizon leave-one-region-out transfer; source regions=Europe,North America; target region=Asia; source-only fit/search/calibration; target labels untouched until final evaluation; V1-V10 financial ratios only.",Plain KELM plus HistGB score-level fusion; alpha=1.00 selected only on search partition.,Platt_logistic_on_separate_calibration_partition,0.5051717408096631,0.9782608695652174,0.2608695652173913,0.569620253164557,0.72,0.6215469613259669,0.8555133079847909,0.34324756367786313,0.44411473910443255,0.6195652173913043,0.7391304347826086,0.8586956521739131,45.0,34.0,12.0,1.0,0.8642062102796939,0.8804347826086956,0.17018182857809153,0.5169288890281392,0.1712393510197544,-1.064565971237087,2.108153753679141,5.0,0.42391304347826086,0.14130434782608695,0.9782608695652174,1.0,0.18043478260869564,0.3652173913043478,0.5491071428571429,0.607037557037557,0.8528663500678426,0.8803127506014434,0.31002089115016057,0.44107040322523255,0.38175121710720217,0.5394632978608809,0.8288562752938354,0.9592829241698833,0.8440926275992437,0.9497164461247638,0.14671234906806518,0.18753350802727717,20260830,3,Asia,324,92,V1-V10_financial_only
PONE2016_h3_target_Asia,20260727,KELM_score_fusion,cost_10,92,46,0.0,"Same-horizon leave-one-region-out transfer; source regions=Europe,North America; target region=Asia; source-only fit/search/calibration; target labels untouched until final evaluation; V1-V10 financial ratios only.",Plain KELM plus HistGB score-level fusion; alpha=1.00 selected only on search partition.,Platt_logistic_on_separate_calibration_partition,0.0,1.0,0.0,0.5,0.6666666666666666,0.5555555555555556,0.8333333333333334,0.0,0.0,0.5,1.0,1.0,46.0,46.0,0.0,0.0,0.8642062102796939,0.8804347826086956,0.17018182857809153,0.5169288890281392,0.1712393510197544,-1.064565971237087,2.108153753679141,10.0,0.5,0.09090909090909091,1.0,1.0,0.0,0.0,0.5,0.5,0.8333333333333334,0.8333333333333334,0.0,0.0,0.0,0.0,0.7704703337971684,0.8717423574564234,0.8005198487712666,0.9036389413988658,0.15555114594188624,0.20476043221447288,20260830,3,Asia,324,92,V1-V10_financial_only
PONE2016_h3_target_Asia,20260727,KELM_score_fusion,cost_20,92,46,0.0,"Same-horizon leave-one-region-out transfer; source regions=Europe,North America; target region=Asia; source-only fit/search/calibration; target labels untouched until final evaluation; V1-V10 financial ratios only.",Plain KELM plus HistGB score-level fusion; alpha=1.00 selected only on search partition.,Platt_logistic_on_separate_calibration_partition,0.0,1.0,0.0,0.5,0.6666666666666666,0.5555555555555556,0.8333333333333334,0.0,0.0,0.5,1.0,1.0,46.0,46.0,0.0,0.0,0.8642062102796939,0.8804347826086956,0.17018182857809153,0.5169288890281392,0.1712393510197544,-1.064565971237087,2.108153753679141,20.0,0.5,0.047619047619047616,1.0,1.0,0.0,0.0,0.5,0.5,0.8333333333333334,0.8333333333333334,0.0,0.0,0.0,0.0,0.8431972702674752,0.9466194314297309,0.9036389413988658,0.9497164461247637,0.14818653327807935,0.16529784678338508,20260830,3,Asia,324,92,V1-V10_financial_only
PONE2016_h3_target_Asia,20260727,KELM_risk_feature,triad,92,46,0.6686323344355575,"Same-horizon leave-one-region-out transfer; source regions=Europe,North America; target region=Asia; source-only fit/search/calibration; target labels untouched until final evaluation; V1-V10 financial ratios only.",OOF HistGB risk is a forced KELM input; no score-level fusion.,Platt_logistic_on_separate_calibration_partition,0.7969696860792765,0.6956521739130435,0.9130434782608695,0.8888888888888888,0.7804878048780488,0.8421052631578947,0.7272727272727273,0.6236095644623236,0.7343990802164854,0.8043478260869565,0.08695652173913043,0.391304347826087,32.0,4.0,42.0,14.0,0.9198378134514025,0.9135160680529301,0.15517982782920792,0.47728796599919393,0.18052873536475827,-1.1044790197749306,2.4898417350194286,,,,0.717391304347826,0.8608695652173913,0.8934782608695652,0.9543478260869566,0.8766891891891891,0.9442982456140351,0.7469457013574661,0.8705547652916074,0.644352535018549,0.7800713401875953,0.7509836300554255,0.8507486772729841,0.9074954396473465,0.956531463787017,0.891398865784499,0.9489130434782608,0.13507019956297414,0.16639890259997364,20260938,3,Asia,324,92,V1-V10_financial_only
PONE2016_h3_target_Asia,20260727,KELM_risk_feature,cost_1,92,46,0.4970313996010771,"Same-horizon leave-one-region-out transfer; source regions=Europe,North America; target region=Asia; source-only fit/search/calibration; target labels untouched until final evaluation; V1-V10 financial ratios only.",OOF HistGB risk is a forced KELM input; no score-level fusion.,Platt_logistic_on_separate_calibration_partition,0.7454968782383585,0.9130434782608695,0.6086956521739131,0.7,0.7924528301886793,0.7342657342657343,0.860655737704918,0.5477225575051662,0.6726938056206144,0.7608695652173914,0.391304347826087,0.6521739130434783,42.0,18.0,28.0,4.0,0.9198378134514025,0.9135160680529301,0.15517982782920792,0.47728796599919393,0.18052873536475827,-1.1044790197749306,2.4898417350194286,1.0,0.2391304347826087,0.2391304347826087,0.8934782608695652,0.9739130434782609,0.6739130434782609,0.7152173913043478,0.7326127819548872,0.7673426150121065,0.8558869294605809,0.9229166666666667,0.5816088662125797,0.6991124651716806,0.7048555766517058,0.7802698872238774,0.9234174151990618,0.9712300533772017,0.9239603024574669,0.9667769376181474,0.13449895504036113,0.14992572425986114,20260938,3,Asia,324,92,V1-V10_financial_only
PONE2016_h3_target_Asia,20260727,KELM_risk_feature,cost_2,92,46,0.4970313996010771,"Same-horizon leave-one-region-out transfer; source regions=Europe,North America; target region=Asia; source-only fit/search/calibration; target labels untouched until final evaluation; V1-V10 financial ratios only.",OOF HistGB risk is a forced KELM input; no score-level fusion.,Platt_logistic_on_separate_calibration_partition,0.7454968782383585,0.9130434782608695,0.6086956521739131,0.7,0.7924528301886793,0.7342657342657343,0.860655737704918,0.5477225575051662,0.6726938056206144,0.7608695652173914,0.391304347826087,0.6521739130434783,42.0,18.0,28.0,4.0,0.9198378134514025,0.9135160680529301,0.15517982782920792,0.47728796599919393,0.18052873536475827,-1.1044790197749306,2.4898417350194286,2.0,0.2826086956521739,0.18840579710144928,0.8934782608695652,0.9543478260869566,0.5869565217391305,0.7086956521739131,0.6848412698412698,0.7622578692493948,0.8422131147540983,0.8953188259109311,0.5066433656922786,0.6598263281649213,0.6436515236159677,0.7576801218326482,0.9130144475184903,0.9459768967232552,0.9122400756143667,0.9387996219281664,0.14162281202512256,0.1604217559877253,20260938,3,Asia,324,92,V1-V10_financial_only
PONE2016_h3_target_Asia,20260727,KELM_risk_feature,cost_5,92,46,0.3348767907029825,"Same-horizon leave-one-region-out transfer; source regions=Europe,North America; target region=Asia; source-only fit/search/calibration; target labels untouched until final evaluation; V1-V10 financial ratios only.",OOF HistGB risk is a forced KELM input; no score-level fusion.,Platt_logistic_on_separate_calibration_partition,0.4662524041201569,1.0,0.21739130434782608,0.5609756097560976,0.71875,0.6149732620320856,0.8646616541353384,0.34921514788478913,0.42342686984676964,0.6086956521739131,0.782608695652174,0.8913043478260869,46.0,36.0,10.0,0.0,0.9198378134514025,0.9135160680529301,0.15517982782920792,0.47728796599919393,0.18052873536475827,-1.1044790197749306,2.4898417350194286,5.0,0.391304347826087,0.13043478260869565,1.0,1.0,0.11956521739130435,0.3,0.531959629941127,0.5882692307692308,0.8503038037899177,0.8771975479990747,0.25068000045690175,0.4200231790434197,0.3091647220780034,0.5012542900416882,0.9037001324373338,0.9792738229259256,0.8949432892249527,0.9752835538752362,0.1244482348430352,0.1690514121565641,20260938,3,Asia,324,92,V1-V10_financial_only
PONE2016_h3_target_Asia,20260727,KELM_risk_feature,cost_10,92,46,0.0,"Same-horizon leave-one-region-out transfer; source regions=Europe,North America; target region=Asia; source-only fit/search/calibration; target labels untouched until final evaluation; V1-V10 financial ratios only.",OOF HistGB risk is a forced KELM input; no score-level fusion.,Platt_logistic_on_separate_calibration_partition,0.0,1.0,0.0,0.5,0.6666666666666666,0.5555555555555556,0.8333333333333334,0.0,0.0,0.5,1.0,1.0,46.0,46.0,0.0,0.0,0.9198378134514025,0.9135160680529301,0.15517982782920792,0.47728796599919393,0.18052873536475827,-1.1044790197749306,2.4898417350194286,10.0,0.5,0.09090909090909091,1.0,1.0,0.0,0.0,0.5,0.5,0.8333333333333334,0.8333333333333334,0.0,0.0,0.0,0.0,0.8926187389394902,0.9616550384082767,0.8775992438563327,0.9508979206049148,0.1451004847112492,0.17193564255003574,20260938,3,Asia,324,92,V1-V10_financial_only
PONE2016_h3_target_Asia,20260727,KELM_risk_feature,cost_20,92,46,0.0,"Same-horizon leave-one-region-out transfer; source regions=Europe,North America; target region=Asia; source-only fit/search/calibration; target labels untouched until final evaluation; V1-V10 financial ratios only.",OOF HistGB risk is a forced KELM input; no score-level fusion.,Platt_logistic_on_separate_calibration_partition,0.0,1.0,0.0,0.5,0.6666666666666666,0.5555555555555556,0.8333333333333334,0.0,0.0,0.5,1.0,1.0,46.0,46.0,0.0,0.0,0.9198378134514025,0.9135160680529301,0.15517982782920792,0.47728796599919393,0.18052873536475827,-1.1044790197749306,2.4898417350194286,20.0,0.5,0.047619047619047616,1.0,1.0,0.0,0.0,0.5,0.5,0.8333333333333334,0.8333333333333334,0.0,0.0,0.0,0.0,0.876791249137101,0.9686473144488496,0.8692344045368618,0.9660680529300567,0.12453061792032472,0.17223539902641138,20260938,3,Asia,324,92,V1-V10_financial_only
PONE2016_h3_target_Asia,20260727,Full_PBMSBAINGO,triad,92,46,0.6670802598365732,"Same-horizon leave-one-region-out transfer; source regions=Europe,North America; target region=Asia; source-only fit/search/calibration; target labels untouched until final evaluation; V1-V10 financial ratios only.",Risk feature plus score fusion; alpha=0.70 selected only on search partition.,Platt_logistic_on_separate_calibration_partition,0.7580693814853345,0.6956521739130435,0.8260869565217391,0.8,0.7441860465116279,0.7766990291262136,0.7142857142857143,0.5262348115842176,0.6712214530214689,0.7608695652173914,0.17391304347826086,0.43478260869565216,32.0,8.0,38.0,14.0,0.8465786584069314,0.8653119092627599,0.15351358123155576,0.47786476918829063,0.11312256719514004,-0.2892397900270975,1.3650033288607493,,,,0.5891304347826087,0.8,0.8065217391304348,0.8695652173913043,0.755,0.8586291309669523,0.6161996679119967,0.8105726872246696,0.4078189111799357,0.6666366074539575,0.57910670083975,0.7726908637729972,0.8429638964075341,0.8799535505074981,0.8607277882797731,0.9010396975425331,0.13313096066162283,0.15820918564481432,20261034,3,Asia,324,92,V1-V10_financial_only
PONE2016_h3_target_Asia,20260727,Full_PBMSBAINGO,cost_1,92,46,0.6662820354465391,"Same-horizon leave-one-region-out transfer; source regions=Europe,North America; target region=Asia; source-only fit/search/calibration; target labels untouched until final evaluation; V1-V10 financial ratios only.",Risk feature plus score fusion; alpha=0.70 selected only on search partition.,Platt_logistic_on_separate_calibration_partition,0.7580693814853345,0.6956521739130435,0.8260869565217391,0.8,0.7441860465116279,0.7766990291262136,0.7142857142857143,0.5262348115842176,0.6712214530214689,0.7608695652173914,0.17391304347826086,0.43478260869565216,32.0,8.0,38.0,14.0,0.8465786584069314,0.8653119092627599,0.15351358123155576,0.47786476918829063,0.11312256719514004,-0.2892397900270975,1.3650033288607493,1.0,0.2391304347826087,0.2391304347826087,0.717391304347826,0.8021739130434783,0.7391304347826086,0.8913043478260869,0.7407275953859804,0.8770860077021823,0.7368594720496895,0.7993991416309013,0.484898557727483,0.6719482634891388,0.6440353693736675,0.7745636204688112,0.8219730649246422,0.9433718964720228,0.8357750472589792,0.9468809073724007,0.11781272282976638,0.16619679685362992,20261034,3,Asia,324,92,V1-V10_financial_only
PONE2016_h3_target_Asia,20260727,Full_PBMSBAINGO,cost_2,92,46,0.3082064656717922,"Same-horizon leave-one-region-out transfer; source regions=Europe,North America; target region=Asia; source-only fit/search/calibration; target labels untouched until final evaluation; V1-V10 financial ratios only.",Risk feature plus score fusion; alpha=0.70 selected only on search partition.,Platt_logistic_on_separate_calibration_partition,0.6993786061802353,0.9782608695652174,0.5,0.6617647058823529,0.7894736842105263,0.7075471698113207,0.8928571428571429,0.5445811486371709,0.6434217882197042,0.7391304347826086,0.5,0.7391304347826086,45.0,23.0,23.0,1.0,0.8465786584069314,0.8653119092627599,0.15351358123155576,0.47786476918829063,0.11312256719514004,-0.2892397900270975,1.3650033288607493,2.0,0.2717391304347826,0.18115942028985507,0.9586956521739131,0.9782608695652174,0.4782608695652174,0.6173913043478261,0.6521739130434783,0.7194022770398482,0.8777774278380549,0.9124564459930314,0.5145150894624083,0.6387691235215291,0.6261784077768862,0.7276900075669528,0.8305805777068332,0.8989777766105916,0.8436672967863894,0.9037807183364839,0.14254871053467333,0.16806946711411827,20261034,3,Asia,324,92,V1-V10_financial_only
PONE2016_h3_target_Asia,20260727,Full_PBMSBAINGO,cost_5,92,46,0.20744954968663193,"Same-horizon leave-one-region-out transfer; source regions=Europe,North America; target region=Asia; source-only fit/search/calibration; target labels untouched until final evaluation; V1-V10 financial ratios only.",Risk feature plus score fusion; alpha=0.70 selected only on search partition.,Platt_logistic_on_separate_calibration_partition,0.5257994183672967,0.9782608695652174,0.2826086956521739,0.5769230769230769,0.7258064516129032,0.6284916201117319,0.8587786259541985,0.36313651960128146,0.46476852577377686,0.6304347826086957,0.717391304347826,0.8478260869565217,45.0,33.0,13.0,1.0,0.8465786584069314,0.8653119092627599,0.15351358123155576,0.47786476918829063,0.11312256719514004,-0.2892397900270975,1.3650033288607493,5.0,0.41304347826086957,0.13768115942028986,0.9565217391304348,0.9978260869565218,0.1782608695652174,0.3630434782608695,0.5429518072289157,0.6003604902667627,0.8342696629213483,0.866735188312165,0.25632483495306585,0.3993409756997163,0.3544270292302194,0.516397825711816,0.8114776815684567,0.8667993068488056,0.8414461247637051,0.8844045368620037,0.13986758282180556,0.16752277975545368,20261034,3,Asia,324,92,V1-V10_financial_only
PONE2016_h3_target_Asia,20260727,Full_PBMSBAINGO,cost_10,92,46,0.20744954968663193,"Same-horizon leave-one-region-out transfer; source regions=Europe,North America; target region=Asia; source-only fit/search/calibration; target labels untouched until final evaluation; V1-V10 financial ratios only.",Risk feature plus score fusion; alpha=0.70 selected only on search partition.,Platt_logistic_on_separate_calibration_partition,0.5257994183672967,0.9782608695652174,0.2826086956521739,0.5769230769230769,0.7258064516129032,0.6284916201117319,0.8587786259541985,0.36313651960128146,0.46476852577377686,0.6304347826086957,0.717391304347826,0.8478260869565217,45.0,33.0,13.0,1.0,0.8465786584069314,0.8653119092627599,0.15351358123155576,0.47786476918829063,0.11312256719514004,-0.2892397900270975,1.3650033288607493,10.0,0.4673913043478261,0.08498023715415019,0.9391304347826087,1.0,0.24347826086956523,0.3826086956521739,0.5635833333333333,0.6137688795223042,0.8323315198315199,0.8776249740101584,0.3095303178559411,0.453187461645723,0.4248077110249433,0.553675727813149,0.7565726897374955,0.8730998366500224,0.7831758034026466,0.8973534971644612,0.139339516574542,0.1843067746317291,20261034,3,Asia,324,92,V1-V10_financial_only
PONE2016_h3_target_Asia,20260727,Full_PBMSBAINGO,cost_20,92,46,0.20744954968663193,"Same-horizon leave-one-region-out transfer; source regions=Europe,North America; target region=Asia; source-only fit/search/calibration; target labels untouched until final evaluation; V1-V10 financial ratios only.",Risk feature plus score fusion; alpha=0.70 selected only on search partition.,Platt_logistic_on_separate_calibration_partition,0.5257994183672967,0.9782608695652174,0.2826086956521739,0.5769230769230769,0.7258064516129032,0.6284916201117319,0.8587786259541985,0.36313651960128146,0.46476852577377686,0.6304347826086957,0.717391304347826,0.8478260869565217,45.0,33.0,13.0,1.0,0.8465786584069314,0.8653119092627599,0.15351358123155576,0.47786476918829063,0.11312256719514004,-0.2892397900270975,1.3650033288607493,20.0,0.5760869565217391,0.054865424430641824,0.9369565217391305,0.9978260869565218,0.2217391304347826,0.30434782608695654,0.5519620253164558,0.588663967611336,0.8304375804375804,0.8756276666763417,0.26318516262106123,0.41570570566192977,0.3839374220223765,0.501122583357265,0.8203061333739086,0.8893038774458971,0.8473534971644612,0.8906899810964083,0.14524378247426734,0.16307948617019025,20261034,3,Asia,324,92,V1-V10_financial_only
PONE2016_h3_target_Asia,20260727,Uncertainty_gated_fusion,triad,92,46,0.6686323344355575,"Same-horizon leave-one-region-out transfer; source regions=Europe,North America; target region=Asia; source-only fit/search/calibration; target labels untouched until final evaluation; V1-V10 financial ratios only.","One-standard-error paired-bootstrap gate selected KELM_risk_feature; search utility difference=-0.0374, required margin=0.0461.",Platt_logistic_on_separate_calibration_partition,0.7969696860792765,0.6956521739130435,0.9130434782608695,0.8888888888888888,0.7804878048780488,0.8421052631578947,0.7272727272727273,0.6236095644623236,0.7343990802164854,0.8043478260869565,0.08695652173913043,0.391304347826087,32.0,4.0,42.0,14.0,0.9198378134514025,0.9135160680529301,0.15517982782920792,0.47728796599919393,0.18052873536475827,-1.1044790197749306,2.4898417350194286,,,,0.5695652173913043,0.7369565217391304,0.8521739130434782,0.9782608695652174,0.8068421052631579,0.969023569023569,0.6184293103075159,0.7635135135135135,0.48282235088675063,0.6985237725468266,0.6304438749922353,0.7802054499068953,0.8834133550097731,0.961719230481811,0.8733931947069943,0.9586011342155011,0.13402886658741092,0.1742163962240134,20261080,3,Asia,324,92,V1-V10_financial_only
PONE2016_h3_target_Asia,20260727,Uncertainty_gated_fusion,cost_1,92,46,0.4970313996010771,"Same-horizon leave-one-region-out transfer; source regions=Europe,North America; target region=Asia; source-only fit/search/calibration; target labels untouched until final evaluation; V1-V10 financial ratios only.","One-standard-error paired-bootstrap gate selected KELM_risk_feature; search utility difference=-0.0374, required margin=0.0461.",Platt_logistic_on_separate_calibration_partition,0.7454968782383585,0.9130434782608695,0.6086956521739131,0.7,0.7924528301886793,0.7342657342657343,0.860655737704918,0.5477225575051662,0.6726938056206144,0.7608695652173914,0.391304347826087,0.6521739130434783,42.0,18.0,28.0,4.0,0.9198378134514025,0.9135160680529301,0.15517982782920792,0.47728796599919393,0.18052873536475827,-1.1044790197749306,2.4898417350194286,1.0,0.2391304347826087,0.2391304347826087,0.8934782608695652,0.9521739130434783,0.46739130434782605,0.6673913043478261,0.6416549789621318,0.7326494201605709,0.8446251129177959,0.8711888868843587,0.4802586525832968,0.5969360360792701,0.5975678834383552,0.7129385724590415,0.8870525619856301,0.9502093153336817,0.8769376181474481,0.9388941398865784,0.13974481080039258,0.17804128899461583,20261080,3,Asia,324,92,V1-V10_financial_only
PONE2016_h3_target_Asia,20260727,Uncertainty_gated_fusion,cost_2,92,46,0.4970313996010771,"Same-horizon leave-one-region-out transfer; source regions=Europe,North America; target region=Asia; source-only fit/search/calibration; target labels untouched until final evaluation; V1-V10 financial ratios only.","One-standard-error paired-bootstrap gate selected KELM_risk_feature; search utility difference=-0.0374, required margin=0.0461.",Platt_logistic_on_separate_calibration_partition,0.7454968782383585,0.9130434782608695,0.6086956521739131,0.7,0.7924528301886793,0.7342657342657343,0.860655737704918,0.5477225575051662,0.6726938056206144,0.7608695652173914,0.391304347826087,0.6521739130434783,42.0,18.0,28.0,4.0,0.9198378134514025,0.9135160680529301,0.15517982782920792,0.47728796599919393,0.18052873536475827,-1.1044790197749306,2.4898417350194286,2.0,0.2826086956521739,0.18840579710144928,0.9152173913043478,0.9565217391304348,0.46739130434782605,0.7065217391304347,0.6416549789621318,0.7615632318501171,0.8552492046659597,0.8949596774193549,0.4802586525832968,0.6588280505302392,0.5975678834383552,0.7575919361515896,0.9292385618122392,0.9464787391106471,0.9174858223062381,0.9408790170132324,0.1445864465422098,0.16568757604074058,20261080,3,Asia,324,92,V1-V10_financial_only
PONE2016_h3_target_Asia,20260727,Uncertainty_gated_fusion,cost_5,92,46,0.3348767907029825,"Same-horizon leave-one-region-out transfer; source regions=Europe,North America; target region=Asia; source-only fit/search/calibration; target labels untouched until final evaluation; V1-V10 financial ratios only.","One-standard-error paired-bootstrap gate selected KELM_risk_feature; search utility difference=-0.0374, required margin=0.0461.",Platt_logistic_on_separate_calibration_partition,0.4662524041201569,1.0,0.21739130434782608,0.5609756097560976,0.71875,0.6149732620320856,0.8646616541353384,0.34921514788478913,0.42342686984676964,0.6086956521739131,0.782608695652174,0.8913043478260869,46.0,36.0,10.0,0.0,0.9198378134514025,0.9135160680529301,0.15517982782920792,0.47728796599919393,0.18052873536475827,-1.1044790197749306,2.4898417350194286,5.0,0.391304347826087,0.13043478260869565,1.0,1.0,0.1760869565217391,0.3565217391304347,0.5482788296041309,0.6087901234567901,0.8585303817988709,0.886020252057988,0.31067530792867254,0.4653370922720754,0.37957458031698177,0.5488179237746931,0.8849855860350812,0.9524457459117545,0.8773156899810964,0.938421550094518,0.13775715613876197,0.1695438260748849,20261080,3,Asia,324,92,V1-V10_financial_only
PONE2016_h3_target_Asia,20260727,Uncertainty_gated_fusion,cost_10,92,46,0.0,"Same-horizon leave-one-region-out transfer; source regions=Europe,North America; target region=Asia; source-only fit/search/calibration; target labels untouched until final evaluation; V1-V10 financial ratios only.","One-standard-error paired-bootstrap gate selected KELM_risk_feature; search utility difference=-0.0374, required margin=0.0461.",Platt_logistic_on_separate_calibration_partition,0.0,1.0,0.0,0.5,0.6666666666666666,0.5555555555555556,0.8333333333333334,0.0,0.0,0.5,1.0,1.0,46.0,46.0,0.0,0.0,0.9198378134514025,0.9135160680529301,0.15517982782920792,0.47728796599919393,0.18052873536475827,-1.1044790197749306,2.4898417350194286,10.0,0.5,0.09090909090909091,1.0,1.0,0.0,0.0,0.5,0.5,0.8333333333333334,0.8333333333333334,0.0,0.0,0.0,0.0,0.8939328776294191,0.9693781678479426,0.896077504725898,0.9684782608695652,0.129826075380081,0.15957510578724124,20261080,3,Asia,324,92,V1-V10_financial_only
PONE2016_h3_target_Asia,20260727,Uncertainty_gated_fusion,cost_20,92,46,0.0,"Same-horizon leave-one-region-out transfer; source regions=Europe,North America; target region=Asia; source-only fit/search/calibration; target labels untouched until final evaluation; V1-V10 financial ratios only.","One-standard-error paired-bootstrap gate selected KELM_risk_feature; search utility difference=-0.0374, required margin=0.0461.",Platt_logistic_on_separate_calibration_partition,0.0,1.0,0.0,0.5,0.6666666666666666,0.5555555555555556,0.8333333333333334,0.0,0.0,0.5,1.0,1.0,46.0,46.0,0.0,0.0,0.9198378134514025,0.9135160680529301,0.15517982782920792,0.47728796599919393,0.18052873536475827,-1.1044790197749306,2.4898417350194286,20.0,0.5,0.047619047619047616,1.0,1.0,0.0,0.0,0.5,0.5,0.8333333333333334,0.8333333333333334,0.0,0.0,0.0,0.0,0.867995270449658,0.9607536458659828,0.875047258979206,0.9533553875236295,0.13863356574598135,0.17505121735305454,20261080,3,Asia,324,92,V1-V10_financial_only
PONE2016_h3_target_Asia,20260727,Full_random_search,triad,92,46,0.7064981061561265,"Same-horizon leave-one-region-out transfer; source regions=Europe,North America; target region=Asia; source-only fit/search/calibration; target labels untouched until final evaluation; V1-V10 financial ratios only.",Same full architecture and 81 evaluations as PBMSBAINGO; alpha=0.50.,Platt_logistic_on_separate_calibration_partition,0.6922471012213329,0.5652173913043478,0.8478260869565217,0.7878787878787878,0.6582278481012658,0.7303370786516854,0.5990783410138248,0.43059662864436976,0.5909231065217745,0.7065217391304348,0.15217391304347827,0.358695652173913,26.0,7.0,39.0,20.0,0.8410091271223659,0.8369565217391305,0.17647499274710615,0.5363433091179304,0.09690148220589008,-0.2794280934983049,1.5435225693157897,,,,0.46304347826086956,0.5847826086956522,0.7847826086956522,0.8891304347826087,0.7155844155844155,0.8171328671328671,0.505299539170507,0.6198156682027649,0.3362416930992106,0.47138999346331,0.5225404331334187,0.6206451745501038,0.7858844629706142,0.8524283238425087,0.7831758034026464,0.8306238185255198,0.18197930782318292,0.1913744036187164,20261128,3,Asia,324,92,V1-V10_financial_only
PONE2016_h3_target_Asia,20260727,Full_random_search,cost_1,92,46,0.6029379664398765,"Same-horizon leave-one-region-out transfer; source regions=Europe,North America; target region=Asia; source-only fit/search/calibration; target labels untouched until final evaluation; V1-V10 financial ratios only.",Same full architecture and 81 evaluations as PBMSBAINGO; alpha=0.50.,Platt_logistic_on_separate_calibration_partition,0.7378505542816148,0.6956521739130435,0.782608695652174,0.7619047619047619,0.7272727272727273,0.7476635514018691,0.7079646017699115,0.4800793585191832,0.6393666064698755,0.7391304347826086,0.21739130434782608,0.45652173913043476,32.0,10.0,36.0,14.0,0.8410091271223659,0.8369565217391305,0.17647499274710615,0.5363433091179304,0.09690148220589008,-0.2794280934983049,1.5435225693157897,1.0,0.2608695652173913,0.2608695652173913,0.6978260869565217,0.8043478260869565,0.7847826086956522,0.8673913043478261,0.7785714285714286,0.8419856459330143,0.7216574982061708,0.8106979405034325,0.525711315664197,0.6483816540678715,0.6726236213087816,0.7605002573381202,0.8068609360872739,0.9156430610531848,0.8378071833648393,0.9151701323251418,0.14044409737338506,0.1685901846624357,20261128,3,Asia,324,92,V1-V10_financial_only
PONE2016_h3_target_Asia,20260727,Full_random_search,cost_2,92,46,0.29368332672483227,"Same-horizon leave-one-region-out transfer; source regions=Europe,North America; target region=Asia; source-only fit/search/calibration; target labels untouched until final evaluation; V1-V10 financial ratios only.",Same full architecture and 81 evaluations as PBMSBAINGO; alpha=0.50.,Platt_logistic_on_separate_calibration_partition,0.5257994183672967,0.9782608695652174,0.2826086956521739,0.5769230769230769,0.7258064516129032,0.6284916201117319,0.8587786259541985,0.36313651960128146,0.46476852577377686,0.6304347826086957,0.717391304347826,0.8478260869565217,45.0,33.0,13.0,1.0,0.8410091271223659,0.8369565217391305,0.17647499274710615,0.5363433091179304,0.09690148220589008,-0.2794280934983049,1.5435225693157897,2.0,0.3804347826086957,0.2536231884057971,0.9586956521739131,0.9978260869565218,0.2391304347826087,0.32608695652173914,0.55751582278481,0.5968728639781271,0.8380789837538888,0.8796419098143236,0.2850298853811853,0.4373784267044856,0.4027096743024885,0.5220567203088171,0.7859650745593509,0.8812332009492571,0.7889886578449906,0.8718809073724008,0.16604207125452927,0.19445399084459775,20261128,3,Asia,324,92,V1-V10_financial_only
PONE2016_h3_target_Asia,20260727,Full_random_search,cost_5,92,46,0.24102804158353072,"Same-horizon leave-one-region-out transfer; source regions=Europe,North America; target region=Asia; source-only fit/search/calibration; target labels untouched until final evaluation; V1-V10 financial ratios only.",Same full architecture and 81 evaluations as PBMSBAINGO; alpha=0.50.,Platt_logistic_on_separate_calibration_partition,0.29488391230979427,1.0,0.08695652173913043,0.5227272727272727,0.6865671641791045,0.5778894472361809,0.8455882352941176,0.21320071635561041,0.2646652601577163,0.5434782608695652,0.9130434782608695,0.9565217391304348,46.0,42.0,4.0,0.0,0.8410091271223659,0.8369565217391305,0.17647499274710615,0.5363433091179304,0.09690148220589008,-0.2794280934983049,1.5435225693157897,5.0,0.45652173913043476,0.15217391304347827,1.0,1.0,0.002173913043478261,0.12608695652173912,0.5005494505494505,0.5336680761099365,0.8336363636363636,0.8512254901960784,0.010482848367219183,0.25904181634347945,0.013159533400842758,0.31931914719038756,0.7669675822975996,0.8383640406622945,0.731663516068053,0.8315689981096408,0.18029127271857118,0.2193477868890558,20261128,3,Asia,324,92,V1-V10_financial_only
PONE2016_h3_target_Asia,20260727,Full_random_search,cost_10,92,46,0.24102804158353072,"Same-horizon leave-one-region-out transfer; source regions=Europe,North America; target region=Asia; source-only fit/search/calibration; target labels untouched until final evaluation; V1-V10 financial ratios only.",Same full architecture and 81 evaluations as PBMSBAINGO; alpha=0.50.,Platt_logistic_on_separate_calibration_partition,0.29488391230979427,1.0,0.08695652173913043,0.5227272727272727,0.6865671641791045,0.5778894472361809,0.8455882352941176,0.21320071635561041,0.2646652601577163,0.5434782608695652,0.9130434782608695,0.9565217391304348,46.0,42.0,4.0,0.0,0.8410091271223659,0.8369565217391305,0.17647499274710615,0.5363433091179304,0.09690148220589008,-0.2794280934983049,1.5435225693157897,10.0,0.45652173913043476,0.08300395256916997,1.0,1.0,0.043478260869565216,0.12608695652173912,0.5111111111111111,0.5336680761099365,0.8394160583941606,0.8512254901960784,0.14907119849998599,0.25904181634347945,0.18644695817122375,0.31931914719038756,0.750897807789865,0.875393251182714,0.7142249527410207,0.8899338374291115,0.15684228281811455,0.22440916335789626,20261128,3,Asia,324,92,V1-V10_financial_only
PONE2016_h3_target_Asia,20260727,Full_random_search,cost_20,92,46,0.24102804158353072,"Same-horizon leave-one-region-out transfer; source regions=Europe,North America; target region=Asia; source-only fit/search/calibration; target labels untouched until final evaluation; V1-V10 financial ratios only.",Same full architecture and 81 evaluations as PBMSBAINGO; alpha=0.50.,Platt_logistic_on_separate_calibration_partition,0.29488391230979427,1.0,0.08695652173913043,0.5227272727272727,0.6865671641791045,0.5778894472361809,0.8455882352941176,0.21320071635561041,0.2646652601577163,0.5434782608695652,0.9130434782608695,0.9565217391304348,46.0,42.0,4.0,0.0,0.8410091271223659,0.8369565217391305,0.17647499274710615,0.5363433091179304,0.09690148220589008,-0.2794280934983049,1.5435225693157897,20.0,0.45652173913043476,0.043478260869565216,1.0,1.0,0.04565217391304348,0.12826086956521737,0.5116853932584269,0.5342689120556,0.8397235368038287,0.8515375153751538,0.15252378049085052,0.2616949097821876,0.19067982126518165,0.3224995139627633,0.7818708811035141,0.8572866744816706,0.7762287334593573,0.8512759924385633,0.17231353903684865,0.20108371492099542,20261128,3,Asia,324,92,V1-V10_financial_only
PONE2016_h3_target_Asia,20260727,Balanced_logistic,triad,92,46,0.5396887244560646,"Same-horizon leave-one-region-out transfer; source regions=Europe,North America; target region=Asia; source-only fit/search/calibration; target labels untouched until final evaluation; V1-V10 financial ratios only.",Class-weighted logistic reference using the same source-only fit/search/calibration and untouched regional target.,Platt_logistic_on_separate_calibration_partition,0.7624207789891383,0.8913043478260869,0.6521739130434783,0.7192982456140351,0.7961165048543689,0.7481751824817519,0.8506224066390041,0.5597170785495562,0.6877849507673821,0.7717391304347826,0.34782608695652173,0.6195652173913043,41.0,16.0,30.0,5.0,0.8712030268600253,0.8563327032136107,0.19557827651003587,0.5775951833113209,0.18245462299692733,-1.0466272369390177,3.1750868289988445,,,,0.8282608695652174,0.8913043478260869,0.6108695652173913,0.782608695652174,0.6864791288566243,0.8026960784313726,0.8101123193589927,0.8698171267803764,0.47612740566606626,0.6710639330772643,0.6284864821618653,0.7744808686714152,0.8167469016734297,0.8816146858289085,0.8050094517958413,0.8739130434782608,0.18482166276953288,0.20606442920883603,20262028,3,Asia,324,92,V1-V10_financial_only
PONE2016_h3_target_Asia,20260727,Balanced_logistic,cost_1,92,46,0.45733072386988805,"Same-horizon leave-one-region-out transfer; source regions=Europe,North America; target region=Asia; source-only fit/search/calibration; target labels untouched until final evaluation; V1-V10 financial ratios only.",Class-weighted logistic reference using the same source-only fit/search/calibration and untouched regional target.,Platt_logistic_on_separate_calibration_partition,0.611793359976969,0.9565217391304348,0.391304347826087,0.6111111111111112,0.7457627118644068,0.6586826347305389,0.859375,0.4216370213557839,0.5404009265128608,0.6739130434782609,0.6086956521739131,0.782608695652174,44.0,28.0,18.0,2.0,0.8712030268600253,0.8563327032136107,0.19557827651003587,0.5775951833113209,0.18245462299692733,-1.0466272369390177,3.1750868289988445,1.0,0.32608695652173914,0.32608695652173914,0.9195652173913043,1.0,0.3695652173913043,0.4891304347826087,0.6133333333333333,0.6431822971548999,0.846584782710609,0.888030888030888,0.4538323153534664,0.4760952285695233,0.559062053574682,0.5884720258486118,0.8457503978441032,0.9290608500476153,0.8118620037807182,0.9227788279773158,0.18308782883850605,0.2031880320634597,20262028,3,Asia,324,92,V1-V10_financial_only
PONE2016_h3_target_Asia,20260727,Balanced_logistic,cost_2,92,46,0.45733072386988805,"Same-horizon leave-one-region-out transfer; source regions=Europe,North America; target region=Asia; source-only fit/search/calibration; target labels untouched until final evaluation; V1-V10 financial ratios only.",Class-weighted logistic reference using the same source-only fit/search/calibration and untouched regional target.,Platt_logistic_on_separate_calibration_partition,0.611793359976969,0.9565217391304348,0.391304347826087,0.6111111111111112,0.7457627118644068,0.6586826347305389,0.859375,0.4216370213557839,0.5404009265128608,0.6739130434782609,0.6086956521739131,0.782608695652174,44.0,28.0,18.0,2.0,0.8712030268600253,0.8563327032136107,0.19557827651003587,0.5775951833113209,0.18245462299692733,-1.0466272369390177,3.1750868289988445,2.0,0.34782608695652173,0.2318840579710145,0.8934782608695652,0.9782608695652174,0.26521739130434785,0.5499999999999999,0.5535328046142755,0.6855769230769231,0.7986680634540557,0.9011436370481928,0.23064013309285306,0.5845203204321003,0.3818457071999325,0.6795742642736321,0.7829353080695725,0.8943678114838799,0.7602551984877126,0.8724007561436673,0.1884119312665755,0.21950784456313754,20262028,3,Asia,324,92,V1-V10_financial_only
PONE2016_h3_target_Asia,20260727,Balanced_logistic,cost_5,92,46,0.2986686210049496,"Same-horizon leave-one-region-out transfer; source regions=Europe,North America; target region=Asia; source-only fit/search/calibration; target labels untouched until final evaluation; V1-V10 financial ratios only.",Class-weighted logistic reference using the same source-only fit/search/calibration and untouched regional target.,Platt_logistic_on_separate_calibration_partition,0.14744195615489714,1.0,0.021739130434782608,0.5054945054945055,0.6715328467153284,0.5609756097560976,0.8363636363636363,0.10482848367219183,0.13159533400842757,0.5108695652173914,0.9782608695652174,0.9891304347826086,46.0,45.0,1.0,0.0,0.8712030268600253,0.8563327032136107,0.19557827651003587,0.5775951833113209,0.18245462299692733,-1.0466272369390177,3.1750868289988445,5.0,0.4891304347826087,0.16304347826086957,1.0,1.0,0.002173913043478261,0.06304347826086956,0.5005494505494505,0.5162796504369538,0.8336363636363636,0.8421833640811743,0.010482848367219183,0.18014443641776684,0.013159533400842758,0.22454272601684494,0.8189882523920429,0.9008200698927239,0.8091209829867675,0.8751417769376183,0.19187065936339603,0.20797950456820802,20262028,3,Asia,324,92,V1-V10_financial_only
PONE2016_h3_target_Asia,20260727,Balanced_logistic,cost_10,92,46,0.2986686210049496,"Same-horizon leave-one-region-out transfer; source regions=Europe,North America; target region=Asia; source-only fit/search/calibration; target labels untouched until final evaluation; V1-V10 financial ratios only.",Class-weighted logistic reference using the same source-only fit/search/calibration and untouched regional target.,Platt_logistic_on_separate_calibration_partition,0.14744195615489714,1.0,0.021739130434782608,0.5054945054945055,0.6715328467153284,0.5609756097560976,0.8363636363636363,0.10482848367219183,0.13159533400842757,0.5108695652173914,0.9782608695652174,0.9891304347826086,46.0,45.0,1.0,0.0,0.8712030268600253,0.8563327032136107,0.19557827651003587,0.5775951833113209,0.18245462299692733,-1.0466272369390177,3.1750868289988445,10.0,0.4891304347826087,0.08893280632411067,1.0,1.0,0.002173913043478261,0.0608695652173913,0.5005494505494505,0.5157179898752933,0.8336363636363636,0.8418781218781218,0.010482848367219183,0.1757201649349874,0.013159533400842758,0.2190575636005653,0.7843674078116064,0.9022021501061847,0.7840737240075615,0.8871455576559547,0.1920404192226146,0.21310178474785282,20262028,3,Asia,324,92,V1-V10_financial_only
PONE2016_h3_target_Asia,20260727,Balanced_logistic,cost_20,92,46,0.2986686210049496,"Same-horizon leave-one-region-out transfer; source regions=Europe,North America; target region=Asia; source-only fit/search/calibration; target labels untouched until final evaluation; V1-V10 financial ratios only.",Class-weighted logistic reference using the same source-only fit/search/calibration and untouched regional target.,Platt_logistic_on_separate_calibration_partition,0.14744195615489714,1.0,0.021739130434782608,0.5054945054945055,0.6715328467153284,0.5609756097560976,0.8363636363636363,0.10482848367219183,0.13159533400842757,0.5108695652173914,0.9782608695652174,0.9891304347826086,46.0,45.0,1.0,0.0,0.8712030268600253,0.8563327032136107,0.19557827651003587,0.5775951833113209,0.18245462299692733,-1.0466272369390177,3.1750868289988445,20.0,0.4891304347826087,0.046583850931677016,1.0,1.0,0.0,0.041304347826086954,0.5,0.5105494505494506,0.8333333333333334,0.8391108161911082,0.0,0.14464692701720658,0.0,0.18096179575494414,0.8204015285296555,0.9325963213601525,0.7828922495274102,0.9214083175803403,0.1793386040900716,0.21080500974880115,20262028,3,Asia,324,92,V1-V10_financial_only
PONE2016_h3_target_Europe,20260727,HistGB,triad,165,84,0.7638956524400771,"Same-horizon leave-one-region-out transfer; source regions=Asia,North America; target region=Europe; source-only fit/search/calibration; target labels untouched until final evaluation; V1-V10 financial ratios only.",No metaheuristic; threshold and Platt calibration use calibration partition.,Platt_logistic_on_separate_calibration_partition,0.4967560848924943,0.27380952380952384,0.9012345679012346,0.7419354838709677,0.4,0.5528846153846154,0.3133514986376022,0.22402493650936356,0.3809438073437102,0.5875220458553791,0.09876543209876543,0.18787878787878787,23.0,8.0,73.0,61.0,0.6782673122876944,0.7042915931804822,0.225475287988643,0.6429027879985254,0.061470745101988605,-0.03781222423616698,0.8352038306828387,,,,0.20357142857142857,0.25833333333333336,0.865432098765432,0.9790123456790123,0.6266206896551725,0.9253703703703703,0.23656889158729555,0.29570713238886176,0.10722231214998085,0.3123031116312984,0.2702903733514742,0.41069309877032617,0.613269101591927,0.7913994279398752,0.6450470311581423,0.7796149323927101,0.19950207077536408,0.24786386229837523,20260727,3,Europe,251,165,V1-V10_financial_only
PONE2016_h3_target_Europe,20260727,HistGB,cost_1,165,84,0.7635574272289302,"Same-horizon leave-one-region-out transfer; source regions=Asia,North America; target region=Europe; source-only fit/search/calibration; target labels untouched until final evaluation; V1-V10 financial ratios only.",No metaheuristic; threshold and Platt calibration use calibration partition.,Platt_logistic_on_separate_calibration_partition,0.5074402337506597,0.2857142857142857,0.9012345679012346,0.75,0.41379310344827586,0.5660377358490566,0.32608695652173914,0.23637641911347512,0.39336101450918665,0.5934744268077601,0.09876543209876543,0.19393939393939394,24.0,8.0,73.0,60.0,0.6782673122876944,0.7042915931804822,0.225475287988643,0.6429027879985254,0.061470745101988605,-0.03781222423616698,0.8352038306828387,1.0,0.4121212121212121,0.4121212121212121,0.2511904761904762,0.37380952380952376,0.8666666666666666,0.9469135802469135,0.6699999999999999,0.8502164502164502,0.28800701941445644,0.41719321702500844,0.15984368614897243,0.31449100727247603,0.33046675422751715,0.4695961934247264,0.6263035377798367,0.7374939025747861,0.6319370958259847,0.7469135802469136,0.2122642227567418,0.2484115491063398,20260727,3,Europe,251,165,V1-V10_financial_only
PONE2016_h3_target_Europe,20260727,HistGB,cost_2,165,84,0.30874686904176524,"Same-horizon leave-one-region-out transfer; source regions=Asia,North America; target region=Europe; source-only fit/search/calibration; target labels untouched until final evaluation; V1-V10 financial ratios only.",No metaheuristic; threshold and Platt calibration use calibration partition.,Platt_logistic_on_separate_calibration_partition,0.4553877610713407,0.9880952380952381,0.20987654320987653,0.564625850340136,0.7186147186147186,0.6175595238095238,0.8592132505175983,0.3174611048113189,0.40378583292045295,0.5989858906525574,0.7901234567901234,0.8909090909090909,83.0,64.0,17.0,1.0,0.6782673122876944,0.7042915931804822,0.225475287988643,0.6429027879985254,0.061470745101988605,-0.03781222423616698,0.8352038306828387,2.0,0.4,0.26506024096385544,0.9678571428571429,1.0,0.14938271604938272,0.2074074074074074,0.5441637057507567,0.5668108108108108,0.8374359623047246,0.8674114886236098,0.21824029761129424,0.34282579924503565,0.3224067521237694,0.41423857762863486,0.6249091209629654,0.695589941847961,0.6472075249853028,0.6889476778365667,0.22827304950843558,0.2450102108052651,20260727,3,Europe,251,165,V1-V10_financial_only
PONE2016_h3_target_Europe,20260727,HistGB,cost_5,165,84,0.30191007430789435,"Same-horizon leave-one-region-out transfer; source regions=Asia,North America; target region=Europe; source-only fit/search/calibration; target labels untouched until final evaluation; V1-V10 financial ratios only.",No metaheuristic; threshold and Platt calibration use calibration partition.,Platt_logistic_on_separate_calibration_partition,0.22089551053066775,0.9880952380952381,0.04938271604938271,0.51875,0.680327868852459,0.5732044198895028,0.8366935483870968,0.10929820622314844,0.17471449519789728,0.5187389770723104,0.9506172839506173,0.9696969696969697,83.0,77.0,4.0,1.0,0.6782673122876944,0.7042915931804822,0.225475287988643,0.6429027879985254,0.061470745101988605,-0.03781222423616698,0.8352038306828387,5.0,0.49696969696969695,0.16367265469061876,0.9773809523809524,0.9880952380952381,0.025925925925925925,0.10864197530864196,0.5126639061421671,0.5348017259091843,0.8287878787878789,0.8448709633442534,0.04988831852954594,0.20441074354901612,0.10916683256640586,0.2798352066374655,0.6370451854597609,0.6951849408316827,0.6411081716637272,0.7392269253380365,0.2164046003925334,0.24686144805485538,20260727,3,Europe,251,165,V1-V10_financial_only
PONE2016_h3_target_Europe,20260727,HistGB,cost_10,165,84,0.30191007430789435,"Same-horizon leave-one-region-out transfer; source regions=Asia,North America; target region=Europe; source-only fit/search/calibration; target labels untouched until final evaluation; V1-V10 financial ratios only.",No metaheuristic; threshold and Platt calibration use calibration partition.,Platt_logistic_on_separate_calibration_partition,0.22089551053066775,0.9880952380952381,0.04938271604938271,0.51875,0.680327868852459,0.5732044198895028,0.8366935483870968,0.10929820622314844,0.17471449519789728,0.5187389770723104,0.9506172839506173,0.9696969696969697,83.0,77.0,4.0,1.0,0.6782673122876944,0.7042915931804822,0.225475287988643,0.6429027879985254,0.061470745101988605,-0.03781222423616698,0.8352038306828387,10.0,0.5272727272727272,0.09446254071661238,0.9761904761904762,0.9988095238095238,0.014814814814814814,0.04814814814814814,0.509532208588957,0.5211180124223602,0.8266129032258065,0.8440643863179075,0.005670479418941658,0.15263206373374308,0.03733798957498852,0.1938538464296891,0.6490413136303061,0.7350981004005495,0.6351557907113464,0.7198265726043505,0.22233775519483395,0.2470197218580196,20260727,3,Europe,251,165,V1-V10_financial_only
PONE2016_h3_target_Europe,20260727,HistGB,cost_20,165,84,0.30191007430789435,"Same-horizon leave-one-region-out transfer; source regions=Asia,North America; target region=Europe; source-only fit/search/calibration; target labels untouched until final evaluation; V1-V10 financial ratios only.",No metaheuristic; threshold and Platt calibration use calibration partition.,Platt_logistic_on_separate_calibration_partition,0.22089551053066775,0.9880952380952381,0.04938271604938271,0.51875,0.680327868852459,0.5732044198895028,0.8366935483870968,0.10929820622314844,0.17471449519789728,0.5187389770723104,0.9506172839506173,0.9696969696969697,83.0,77.0,4.0,1.0,0.6782673122876944,0.7042915931804822,0.225475287988643,0.6429027879985254,0.061470745101988605,-0.03781222423616698,0.8352038306828387,20.0,0.5878787878787879,0.055082339579784215,0.9547619047619047,1.0,0.0382716049382716,0.06172839506172839,0.5133903133903134,0.5243987341772152,0.8147032684901747,0.8464341235911388,0.03735928808568396,0.17587650778158148,0.12725387150048315,0.21866651736934584,0.6561033430739092,0.7316444156206044,0.6765138154027043,0.7376690182245738,0.214725584928332,0.2348941188437616,20260727,3,Europe,251,165,V1-V10_financial_only
PONE2016_h3_target_Europe,20260727,KELM_PBMSBAINGO,triad,165,84,0.5444585694971952,"Same-horizon leave-one-region-out transfer; source regions=Asia,North America; target region=Europe; source-only fit/search/calibration; target labels untouched until final evaluation; V1-V10 financial ratios only.",Plain KELM; hyperparameters/features selected only on search partition.,Platt_logistic_on_separate_calibration_partition,0.6071298888541358,0.5238095238095238,0.7037037037037037,0.6470588235294118,0.5789473684210527,0.6179775280898876,0.5445544554455446,0.23107261563795864,0.4399843568112136,0.6137566137566137,0.2962962962962963,0.4121212121212121,44.0,24.0,57.0,40.0,0.7139442448148506,0.682392710170488,0.25524352208727247,0.7373760897679176,0.1686821672388926,0.12092793756041628,0.388897670255682,,,,0.45476190476190476,0.5845238095238096,0.5987654320987654,0.7246913580246913,0.5525709747865792,0.6633333333333333,0.48071793731940426,0.5984402803500745,0.07674283810122866,0.2777529931627493,0.27825110424284044,0.4815094562233207,0.6514377025446633,0.7403955758136435,0.6216784244562022,0.7153439153439154,0.23580396002983636,0.2888260417621183,20260828,3,Europe,251,165,V1-V10_financial_only
PONE2016_h3_target_Europe,20260727,KELM_PBMSBAINGO,cost_1,165,84,0.5456279092087453,"Same-horizon leave-one-region-out transfer; source regions=Asia,North America; target region=Europe; source-only fit/search/calibration; target labels untouched until final evaluation; V1-V10 financial ratios only.",Plain KELM; hyperparameters/features selected only on search partition.,Platt_logistic_on_separate_calibration_partition,0.6071298888541358,0.5238095238095238,0.7037037037037037,0.6470588235294118,0.5789473684210527,0.6179775280898876,0.5445544554455446,0.23107261563795864,0.4399843568112136,0.6137566137566137,0.2962962962962963,0.4121212121212121,44.0,24.0,57.0,40.0,0.7139442448148506,0.682392710170488,0.25524352208727247,0.7373760897679176,0.1686821672388926,0.12092793756041628,0.388897670255682,1.0,0.3878787878787879,0.3878787878787879,0.4523809523809524,0.5452380952380953,0.7074074074074074,0.7777777777777778,0.6193052109181142,0.6986567164179104,0.4781176289611322,0.5685104855726688,0.16930058616278248,0.2930529790476064,0.378441574134231,0.49101189370765963,0.690141048770597,0.751952017599777,0.6653439153439155,0.7337301587301588,0.23514813444129487,0.27029741169179655,20260828,3,Europe,251,165,V1-V10_financial_only
PONE2016_h3_target_Europe,20260727,KELM_PBMSBAINGO,cost_2,165,84,0.4186964550025396,"Same-horizon leave-one-region-out transfer; source regions=Asia,North America; target region=Europe; source-only fit/search/calibration; target labels untouched until final evaluation; V1-V10 financial ratios only.",Plain KELM; hyperparameters/features selected only on search partition.,Platt_logistic_on_separate_calibration_partition,0.6060395619242064,0.5833333333333334,0.6296296296296297,0.620253164556962,0.6012269938650306,0.6125,0.5903614457831325,0.2131196340376095,0.4277681750774331,0.6064814814814815,0.37037037037037035,0.47878787878787876,49.0,30.0,51.0,35.0,0.7139442448148506,0.682392710170488,0.25524352208727247,0.7373760897679176,0.1686821672388926,0.12092793756041628,0.388897670255682,2.0,0.6060606060606061,0.40160642570281124,0.5261904761904762,0.6071428571428571,0.545679012345679,0.6271604938271605,0.5544913832545372,0.6196736312337959,0.5320010351669207,0.6084469826116604,0.09091184273554984,0.21301266718903522,0.30016155735903494,0.42769648798490495,0.6938371766038123,0.7381866566614723,0.638697824808936,0.6972810111699,0.2473797575752968,0.2833784821327493,20260828,3,Europe,251,165,V1-V10_financial_only
PONE2016_h3_target_Europe,20260727,KELM_PBMSBAINGO,cost_5,165,84,0.3347262575059833,"Same-horizon leave-one-region-out transfer; source regions=Asia,North America; target region=Europe; source-only fit/search/calibration; target labels untouched until final evaluation; V1-V10 financial ratios only.",Plain KELM; hyperparameters/features selected only on search partition.,Platt_logistic_on_separate_calibration_partition,0.6293572395543122,0.6547619047619048,0.6049382716049383,0.632183908045977,0.6432748538011696,0.6365740740740741,0.6501182033096927,0.26004437820957466,0.46875650907794647,0.6298500881834215,0.3950617283950617,0.5272727272727272,55.0,32.0,49.0,29.0,0.7139442448148506,0.682392710170488,0.25524352208727247,0.7373760897679176,0.1686821672388926,0.12092793756041628,0.388897670255682,5.0,1.0727272727272728,0.3532934131736527,0.6142857142857142,0.7238095238095238,0.519753086419753,0.6271604938271605,0.6022534013605442,0.6399461610486892,0.6174185357596276,0.7033890168970813,0.22438154992139986,0.2966893407943208,0.434323049399759,0.49636299026023284,0.6538016634247052,0.724066000052014,0.6615667254556143,0.6961493239271018,0.24828834061766053,0.26627748316385924,20260828,3,Europe,251,165,V1-V10_financial_only
PONE2016_h3_target_Europe,20260727,KELM_PBMSBAINGO,cost_10,165,84,0.07633360406755496,"Same-horizon leave-one-region-out transfer; source regions=Asia,North America; target region=Europe; source-only fit/search/calibration; target labels untouched until final evaluation; V1-V10 financial ratios only.",Plain KELM; hyperparameters/features selected only on search partition.,Platt_logistic_on_separate_calibration_partition,0.33134326579600165,0.9880952380952381,0.1111111111111111,0.535483870967742,0.694560669456067,0.5894886363636364,0.845213849287169,0.20785274830263498,0.28364209822653885,0.5496031746031746,0.8888888888888888,0.9393939393939394,83.0,72.0,9.0,1.0,0.7139442448148506,0.682392710170488,0.25524352208727247,0.7373760897679176,0.1686821672388926,0.12092793756041628,0.388897670255682,10.0,0.49696969696969695,0.08903365906623235,0.9535714285714285,1.0,0.07777777777777778,0.145679012345679,0.5284518305635386,0.5417419354838711,0.8225530458590007,0.8547059186570388,0.14200151287166762,0.25358035292921466,0.24543339969725678,0.315875074318652,0.6873970432801448,0.7512026213153904,0.64564961787184,0.7216784244562022,0.23639332946476435,0.2709125599682596,20260828,3,Europe,251,165,V1-V10_financial_only
PONE2016_h3_target_Europe,20260727,KELM_PBMSBAINGO,cost_20,165,84,0.07633360406755496,"Same-horizon leave-one-region-out transfer; source regions=Asia,North America; target region=Europe; source-only fit/search/calibration; target labels untouched until final evaluation; V1-V10 financial ratios only.",Plain KELM; hyperparameters/features selected only on search partition.,Platt_logistic_on_separate_calibration_partition,0.33134326579600165,0.9880952380952381,0.1111111111111111,0.535483870967742,0.694560669456067,0.5894886363636364,0.845213849287169,0.20785274830263498,0.28364209822653885,0.5496031746031746,0.8888888888888888,0.9393939393939394,83.0,72.0,9.0,1.0,0.7139442448148506,0.682392710170488,0.25524352208727247,0.7373760897679176,0.1686821672388926,0.12092793756041628,0.388897670255682,20.0,0.5575757575757576,0.05224304372515616,0.9773809523809524,1.0,0.09012345679012346,0.1580246913580247,0.5323771165543317,0.5488955351420637,0.8408414185346269,0.8550730395580407,0.20846926812206398,0.2657820142963193,0.26823328998848533,0.34524731369061024,0.6618841946175781,0.8034500048530108,0.6196942974720753,0.753586125808348,0.2134302496110805,0.2904094483786289,20260828,3,Europe,251,165,V1-V10_financial_only
PONE2016_h3_target_Europe,20260727,KELM_score_fusion,triad,165,84,0.5437244831473698,"Same-horizon leave-one-region-out transfer; source regions=Asia,North America; target region=Europe; source-only fit/search/calibration; target labels untouched until final evaluation; V1-V10 financial ratios only.",Plain KELM plus HistGB score-level fusion; alpha=1.00 selected only on search partition.,Platt_logistic_on_separate_calibration_partition,0.6071298888541358,0.5238095238095238,0.7037037037037037,0.6470588235294118,0.5789473684210527,0.6179775280898876,0.5445544554455446,0.23107261563795864,0.4399843568112136,0.6137566137566137,0.2962962962962963,0.4121212121212121,44.0,24.0,57.0,40.0,0.7139442448148506,0.682392710170488,0.255731981328806,0.736096794800908,0.1761579903152964,0.12354288566791155,0.3930894763597242,,,,0.3738095238095238,0.5357142857142857,0.7185185185185184,0.7864197530864198,0.6270833333333333,0.6892533936651584,0.40792410714285715,0.5606806004790006,0.16708928154062358,0.2914995711832411,0.3711033759451184,0.4890561506826244,0.6355208671777275,0.7402310319976927,0.6263815402704291,0.7073045267489713,0.24435805574990513,0.2903999253859445,20260830,3,Europe,251,165,V1-V10_financial_only
PONE2016_h3_target_Europe,20260727,KELM_score_fusion,cost_1,165,84,0.5449401939634784,"Same-horizon leave-one-region-out transfer; source regions=Asia,North America; target region=Europe; source-only fit/search/calibration; target labels untouched until final evaluation; V1-V10 financial ratios only.",Plain KELM plus HistGB score-level fusion; alpha=1.00 selected only on search partition.,Platt_logistic_on_separate_calibration_partition,0.6071298888541358,0.5238095238095238,0.7037037037037037,0.6470588235294118,0.5789473684210527,0.6179775280898876,0.5445544554455446,0.23107261563795864,0.4399843568112136,0.6137566137566137,0.2962962962962963,0.4121212121212121,44.0,24.0,57.0,40.0,0.7139442448148506,0.682392710170488,0.255731981328806,0.736096794800908,0.1761579903152964,0.12354288566791155,0.3930894763597242,1.0,0.3878787878787879,0.3878787878787879,0.4666666666666667,0.5464285714285715,0.6555555555555556,0.7283950617283951,0.6219594594594594,0.6496487119437939,0.4934439372991673,0.5600251076040172,0.19527014989240302,0.22089066546222139,0.4068632593495598,0.4282668036350545,0.6759754031690852,0.7292969390573594,0.6465314520870077,0.6821869488536155,0.25679993549124996,0.27261078962709817,20260830,3,Europe,251,165,V1-V10_financial_only
PONE2016_h3_target_Europe,20260727,KELM_score_fusion,cost_2,165,84,0.4136525554522012,"Same-horizon leave-one-region-out transfer; source regions=Asia,North America; target region=Europe; source-only fit/search/calibration; target labels untouched until final evaluation; V1-V10 financial ratios only.",Plain KELM plus HistGB score-level fusion; alpha=1.00 selected only on search partition.,Platt_logistic_on_separate_calibration_partition,0.6060395619242064,0.5833333333333334,0.6296296296296297,0.620253164556962,0.6012269938650306,0.6125,0.5903614457831325,0.2131196340376095,0.4277681750774331,0.6064814814814815,0.37037037037037035,0.47878787878787876,49.0,30.0,51.0,35.0,0.7139442448148506,0.682392710170488,0.255731981328806,0.736096794800908,0.1761579903152964,0.12354288566791155,0.3930894763597242,2.0,0.6060606060606061,0.40160642570281124,0.55,0.6488095238095238,0.5876543209876544,0.7,0.5943389998349563,0.6662650602409638,0.5645850231369368,0.6510785975349636,0.1687690936144049,0.3058679490477414,0.38587268688311704,0.5068438432432136,0.7019583990611576,0.7485752145470943,0.6342445620223398,0.7252057613168724,0.23428848778840083,0.28913281105622646,20260830,3,Europe,251,165,V1-V10_financial_only
PONE2016_h3_target_Europe,20260727,KELM_score_fusion,cost_5,165,84,0.3284618712375275,"Same-horizon leave-one-region-out transfer; source regions=Asia,North America; target region=Europe; source-only fit/search/calibration; target labels untouched until final evaluation; V1-V10 financial ratios only.",Plain KELM plus HistGB score-level fusion; alpha=1.00 selected only on search partition.,Platt_logistic_on_separate_calibration_partition,0.6293572395543122,0.6547619047619048,0.6049382716049383,0.632183908045977,0.6432748538011696,0.6365740740740741,0.6501182033096927,0.26004437820957466,0.46875650907794647,0.6298500881834215,0.3950617283950617,0.5272727272727272,55.0,32.0,49.0,29.0,0.7139442448148506,0.682392710170488,0.255731981328806,0.736096794800908,0.1761579903152964,0.12354288566791155,0.3930894763597242,5.0,1.0727272727272728,0.3532934131736527,0.5761904761904761,0.6880952380952381,0.5728395061728395,0.6283950617283951,0.6153846153846154,0.6508846700245383,0.5837916364013698,0.6803115004867195,0.2047706036303496,0.3062346108111694,0.4198585739861115,0.5066497742776168,0.6799348207406881,0.7573375139601507,0.6241181657848325,0.7006025867136979,0.236883282999561,0.287083877469776,20260830,3,Europe,251,165,V1-V10_financial_only
PONE2016_h3_target_Europe,20260727,KELM_score_fusion,cost_10,165,84,0.08239795029457202,"Same-horizon leave-one-region-out transfer; source regions=Asia,North America; target region=Europe; source-only fit/search/calibration; target labels untouched until final evaluation; V1-V10 financial ratios only.",Plain KELM plus HistGB score-level fusion; alpha=1.00 selected only on search partition.,Platt_logistic_on_separate_calibration_partition,0.33134326579600165,0.9880952380952381,0.1111111111111111,0.535483870967742,0.694560669456067,0.5894886363636364,0.845213849287169,0.20785274830263498,0.28364209822653885,0.5496031746031746,0.8888888888888888,0.9393939393939394,83.0,72.0,9.0,1.0,0.7139442448148506,0.682392710170488,0.255731981328806,0.736096794800908,0.1761579903152964,0.12354288566791155,0.3930894763597242,10.0,0.49696969696969695,0.08903365906623235,0.9773809523809524,1.0,0.04074074074074074,0.19135802469135801,0.5191983122362869,0.5586770981507824,0.84008926793655,0.8567144577910127,0.14014178072975572,0.29616616674941093,0.17767732518199675,0.38171614610661303,0.6743555165120325,0.7441422441975891,0.6282039976484421,0.6935773074661963,0.2471925951208906,0.28015527613588503,20260830,3,Europe,251,165,V1-V10_financial_only
PONE2016_h3_target_Europe,20260727,KELM_score_fusion,cost_20,165,84,0.08239795029457202,"Same-horizon leave-one-region-out transfer; source regions=Asia,North America; target region=Europe; source-only fit/search/calibration; target labels untouched until final evaluation; V1-V10 financial ratios only.",Plain KELM plus HistGB score-level fusion; alpha=1.00 selected only on search partition.,Platt_logistic_on_separate_calibration_partition,0.33134326579600165,0.9880952380952381,0.1111111111111111,0.535483870967742,0.694560669456067,0.5894886363636364,0.845213849287169,0.20785274830263498,0.28364209822653885,0.5496031746031746,0.8888888888888888,0.9393939393939394,83.0,72.0,9.0,1.0,0.7139442448148506,0.682392710170488,0.255731981328806,0.736096794800908,0.1761579903152964,0.12354288566791155,0.3930894763597242,20.0,0.5575757575757576,0.05224304372515616,0.9773809523809524,0.9880952380952381,0.08641975308641975,0.1567901234567901,0.5286624203821656,0.5485980906510708,0.8357059938941516,0.8516343292964003,0.1586831389224364,0.26227234850913944,0.24557318233580513,0.34362170409527704,0.6720477676893346,0.7583068440943151,0.6231481481481481,0.7274985302763081,0.22693744994860718,0.28352869628208316,20260830,3,Europe,251,165,V1-V10_financial_only
PONE2016_h3_target_Europe,20260727,KELM_risk_feature,triad,165,84,0.5870719289626825,"Same-horizon leave-one-region-out transfer; source regions=Asia,North America; target region=Europe; source-only fit/search/calibration; target labels untouched until final evaluation; V1-V10 financial ratios only.",OOF HistGB risk is a forced KELM input; no score-level fusion.,Platt_logistic_on_separate_calibration_partition,0.603731294205118,0.47619047619047616,0.7654320987654321,0.6779661016949152,0.5594405594405595,0.625,0.5063291139240507,0.2520233164512753,0.4512072120215174,0.6208112874779541,0.2345679012345679,0.3575757575757576,40.0,19.0,62.0,44.0,0.7168302617058938,0.708259847148736,0.22775280395095107,0.6476129419234462,0.13553738539360125,-0.06152222128841262,0.6379776081730114,,,,0.41785714285714287,0.4976190476190476,0.754320987654321,0.8493827160493828,0.6463680387409201,0.749468085106383,0.45714552139393616,0.5327757685352622,0.19691201083538262,0.34061134621571765,0.40007459770790554,0.5177412254675852,0.687328132208846,0.7578450390777411,0.6464726631393298,0.7389035861258084,0.2123840078246825,0.25083988344869895,20260938,3,Europe,251,165,V1-V10_financial_only
PONE2016_h3_target_Europe,20260727,KELM_risk_feature,cost_1,165,84,0.5842676551741253,"Same-horizon leave-one-region-out transfer; source regions=Asia,North America; target region=Europe; source-only fit/search/calibration; target labels untouched until final evaluation; V1-V10 financial ratios only.",OOF HistGB risk is a forced KELM input; no score-level fusion.,Platt_logistic_on_separate_calibration_partition,0.603731294205118,0.47619047619047616,0.7654320987654321,0.6779661016949152,0.5594405594405595,0.625,0.5063291139240507,0.2520233164512753,0.4512072120215174,0.6208112874779541,0.2345679012345679,0.3575757575757576,40.0,19.0,62.0,44.0,0.7168302617058938,0.708259847148736,0.22775280395095107,0.6476129419234462,0.13553738539360125,-0.06152222128841262,0.6379776081730114,1.0,0.38181818181818183,0.38181818181818183,0.375,0.5190476190476191,0.7037037037037037,0.8469135802469135,0.5719786096256684,0.7442307692307693,0.4031692461834577,0.5408604312207871,0.09254376904673722,0.3043877693896175,0.2884437465233347,0.4808905985446319,0.6223056886899644,0.7692049519991703,0.6125220458553792,0.7417254556143446,0.21422323738576904,0.2624668903023765,20260938,3,Europe,251,165,V1-V10_financial_only
PONE2016_h3_target_Europe,20260727,KELM_risk_feature,cost_2,165,84,0.34840563189928775,"Same-horizon leave-one-region-out transfer; source regions=Asia,North America; target region=Europe; source-only fit/search/calibration; target labels untouched until final evaluation; V1-V10 financial ratios only.",OOF HistGB risk is a forced KELM input; no score-level fusion.,Platt_logistic_on_separate_calibration_partition,0.621366569646446,0.8452380952380952,0.4567901234567901,0.6173913043478261,0.7135678391959799,0.6525735294117647,0.7871396895787139,0.328545672668528,0.5024550008943378,0.6510141093474426,0.5432098765432098,0.696969696969697,71.0,44.0,37.0,13.0,0.7168302617058938,0.708259847148736,0.22775280395095107,0.6476129419234462,0.13553738539360125,-0.06152222128841262,0.6379776081730114,2.0,0.42424242424242425,0.28112449799196787,0.8464285714285714,0.8690476190476191,0.4209876543209876,0.491358024691358,0.6025423728813559,0.6392468239564428,0.7830396475770924,0.8107522123893806,0.2961965357701841,0.39030072685049677,0.47256264732070796,0.5503013077023149,0.6957140427728082,0.7774775985401677,0.6671516754850089,0.7547912992357437,0.21343403182875503,0.24303846567433446,20260938,3,Europe,251,165,V1-V10_financial_only
PONE2016_h3_target_Europe,20260727,KELM_risk_feature,cost_5,165,84,0.18101489962140557,"Same-horizon leave-one-region-out transfer; source regions=Asia,North America; target region=Europe; source-only fit/search/calibration; target labels untouched until final evaluation; V1-V10 financial ratios only.",OOF HistGB risk is a forced KELM input; no score-level fusion.,Platt_logistic_on_separate_calibration_partition,0.15713484026367722,1.0,0.024691358024691357,0.5153374233128835,0.680161943319838,0.5706521739130435,0.8416833667334669,0.1128023972375602,0.14069794966113694,0.5123456790123457,0.9753086419753086,0.9878787878787879,84.0,79.0,2.0,0.0,0.7168302617058938,0.708259847148736,0.22775280395095107,0.6476129419234462,0.13553738539360125,-0.06152222128841262,0.6379776081730114,5.0,0.47878787878787876,0.15768463073852296,1.0,1.0,0.0012345679012345679,0.04814814814814814,0.5094013303769401,0.5214170692431562,0.8384910179640718,0.8449007296792805,0.007951978726894965,0.158321014024308,0.009938711029457481,0.19669770572084086,0.7032395714425215,0.7556504402273967,0.6985155790711346,0.7441945914168137,0.2161580606569764,0.23735450899118193,20260938,3,Europe,251,165,V1-V10_financial_only
PONE2016_h3_target_Europe,20260727,KELM_risk_feature,cost_10,165,84,0.18101489962140557,"Same-horizon leave-one-region-out transfer; source regions=Asia,North America; target region=Europe; source-only fit/search/calibration; target labels untouched until final evaluation; V1-V10 financial ratios only.",OOF HistGB risk is a forced KELM input; no score-level fusion.,Platt_logistic_on_separate_calibration_partition,0.15713484026367722,1.0,0.024691358024691357,0.5153374233128835,0.680161943319838,0.5706521739130435,0.8416833667334669,0.1128023972375602,0.14069794966113694,0.5123456790123457,0.9753086419753086,0.9878787878787879,84.0,79.0,2.0,0.0,0.7168302617058938,0.708259847148736,0.22775280395095107,0.6476129419234462,0.13553738539360125,-0.06152222128841262,0.6379776081730114,10.0,0.47878787878787876,0.08577633007600434,1.0,1.0,0.013580246913580247,0.06049382716049382,0.5125093520873859,0.5246739130434783,0.8401683366733467,0.8466038164470695,0.0828480482658107,0.17806996453829907,0.10351819423123101,0.22077621599820693,0.6741591936632901,0.7723074028415647,0.6512345679012346,0.7696502057613168,0.20396842258617986,0.24397933796116056,20260938,3,Europe,251,165,V1-V10_financial_only
PONE2016_h3_target_Europe,20260727,KELM_risk_feature,cost_20,165,84,0.18101489962140557,"Same-horizon leave-one-region-out transfer; source regions=Asia,North America; target region=Europe; source-only fit/search/calibration; target labels untouched until final evaluation; V1-V10 financial ratios only.",OOF HistGB risk is a forced KELM input; no score-level fusion.,Platt_logistic_on_separate_calibration_partition,0.15713484026367722,1.0,0.024691358024691357,0.5153374233128835,0.680161943319838,0.5706521739130435,0.8416833667334669,0.1128023972375602,0.14069794966113694,0.5123456790123457,0.9753086419753086,0.9878787878787879,84.0,79.0,2.0,0.0,0.7168302617058938,0.708259847148736,0.22775280395095107,0.6476129419234462,0.13553738539360125,-0.06152222128841262,0.6379776081730114,20.0,0.47878787878787876,0.044860874503123226,1.0,1.0,0.012345679012345678,0.024691358024691357,0.5121951219512195,0.5153374233128835,0.84,0.8416833667334669,0.07951978726894965,0.1128023972375602,0.0993871102945748,0.14069794966113694,0.6548841723827753,0.7410053888317425,0.6382422104644327,0.7446355085243974,0.21581998785655507,0.25580995831038567,20260938,3,Europe,251,165,V1-V10_financial_only
PONE2016_h3_target_Europe,20260727,Full_PBMSBAINGO,triad,165,84,0.7622795362617889,"Same-horizon leave-one-region-out transfer; source regions=Asia,North America; target region=Europe; source-only fit/search/calibration; target labels untouched until final evaluation; V1-V10 financial ratios only.",Risk feature plus score fusion; alpha=0.10 selected only on search partition.,Platt_logistic_on_separate_calibration_partition,0.5039526306789697,0.2857142857142857,0.8888888888888888,0.7272727272727273,0.41025641025641024,0.5555555555555556,0.3252032520325203,0.21821789023599236,0.38126177193226574,0.5873015873015872,0.1111111111111111,0.2,24.0,9.0,72.0,60.0,0.6906460538365762,0.7078189300411523,0.22529387174942986,0.6424853750025734,0.08727335025244293,-0.03736855934238466,0.8261879853348107,,,,0.20357142857142857,0.2833333333333333,0.8641975308641975,0.9123456790123456,0.646029776674938,0.732,0.2362567147732664,0.3211597661025437,0.12580044839268179,0.20863956931558778,0.2841638421424703,0.36700402710392377,0.6305306766159772,0.7143659429988293,0.6416960611405056,0.7226631393298061,0.223749835404364,0.24551549417843407,20261034,3,Europe,251,165,V1-V10_financial_only
PONE2016_h3_target_Europe,20260727,Full_PBMSBAINGO,cost_1,165,84,0.761486943124698,"Same-horizon leave-one-region-out transfer; source regions=Asia,North America; target region=Europe; source-only fit/search/calibration; target labels untouched until final evaluation; V1-V10 financial ratios only.",Risk feature plus score fusion; alpha=0.10 selected only on search partition.,Platt_logistic_on_separate_calibration_partition,0.5039526306789697,0.2857142857142857,0.8888888888888888,0.7272727272727273,0.41025641025641024,0.5555555555555556,0.3252032520325203,0.21821789023599236,0.38126177193226574,0.5873015873015872,0.1111111111111111,0.2,24.0,9.0,72.0,60.0,0.6906460538365762,0.7078189300411523,0.22529387174942986,0.6424853750025734,0.08727335025244293,-0.03736855934238466,0.8261879853348107,1.0,0.41818181818181815,0.41818181818181815,0.21547619047619046,0.32857142857142857,0.9024691358024691,0.9259259259259259,0.7326923076923076,0.7915708812260537,0.2512430939226519,0.37140722510327856,0.19248397478469284,0.28176734715957835,0.34046596916574373,0.43670099895433606,0.6721625859840274,0.7507091185565224,0.6893592004703117,0.7634773662551441,0.20332267922173952,0.23026331630926733,20261034,3,Europe,251,165,V1-V10_financial_only
PONE2016_h3_target_Europe,20260727,Full_PBMSBAINGO,cost_2,165,84,0.3095553436657431,"Same-horizon leave-one-region-out transfer; source regions=Asia,North America; target region=Europe; source-only fit/search/calibration; target labels untouched until final evaluation; V1-V10 financial ratios only.",Risk feature plus score fusion; alpha=0.10 selected only on search partition.,Platt_logistic_on_separate_calibration_partition,0.5085974535745149,0.9523809523809523,0.2716049382716049,0.5755395683453237,0.7174887892376681,0.625,0.8421052631578947,0.3073326781012956,0.42998407156317286,0.6119929453262787,0.7283950617283951,0.8424242424242424,80.0,59.0,22.0,4.0,0.6906460538365762,0.7078189300411523,0.22529387174942986,0.6424853750025734,0.08727335025244293,-0.03736855934238466,0.8261879853348107,2.0,0.40606060606060607,0.26907630522088355,0.9416666666666667,0.9761904761904762,0.21358024691358024,0.29506172839506173,0.5622170407072768,0.5885994853752035,0.8354430660266553,0.8619043459270583,0.2834748511292047,0.36819098508840653,0.3922606958292848,0.47184224654026424,0.60955609327614,0.7782624940495324,0.6124044679600236,0.7804379776601998,0.20316893723881504,0.25452566578102065,20261034,3,Europe,251,165,V1-V10_financial_only
PONE2016_h3_target_Europe,20260727,Full_PBMSBAINGO,cost_5,165,84,0.3095553436657431,"Same-horizon leave-one-region-out transfer; source regions=Asia,North America; target region=Europe; source-only fit/search/calibration; target labels untouched until final evaluation; V1-V10 financial ratios only.",Risk feature plus score fusion; alpha=0.10 selected only on search partition.,Platt_logistic_on_separate_calibration_partition,0.5085974535745149,0.9523809523809523,0.2716049382716049,0.5755395683453237,0.7174887892376681,0.625,0.8421052631578947,0.3073326781012956,0.42998407156317286,0.6119929453262787,0.7283950617283951,0.8424242424242424,80.0,59.0,22.0,4.0,0.6906460538365762,0.7078189300411523,0.22529387174942986,0.6424853750025734,0.08727335025244293,-0.03736855934238466,0.8261879853348107,5.0,0.47878787878787876,0.15768463073852296,0.9285714285714286,0.9976190476190476,0.16543209876543208,0.33209876543209876,0.5535328046142755,0.5986466165413533,0.8252275319265947,0.860577425080923,0.26907810874463495,0.3787365594001377,0.3657051350657722,0.4942656661805012,0.6517675858326843,0.7758671081934885,0.6745590828924163,0.7713844797178131,0.20361773525146476,0.2340120710368527,20261034,3,Europe,251,165,V1-V10_financial_only
PONE2016_h3_target_Europe,20260727,Full_PBMSBAINGO,cost_10,165,84,0.0,"Same-horizon leave-one-region-out transfer; source regions=Asia,North America; target region=Europe; source-only fit/search/calibration; target labels untouched until final evaluation; V1-V10 financial ratios only.",Risk feature plus score fusion; alpha=0.10 selected only on search partition.,Platt_logistic_on_separate_calibration_partition,0.0,1.0,0.0,0.509090909090909,0.6746987951807228,0.5645161290322581,0.8383233532934131,0.0,0.0,0.5,1.0,1.0,84.0,81.0,0.0,0.0,0.6906460538365762,0.7078189300411523,0.22529387174942986,0.6424853750025734,0.08727335025244293,-0.03736855934238466,0.8261879853348107,10.0,0.4909090909090909,0.08794788273615635,1.0,1.0,0.0,0.0,0.509090909090909,0.509090909090909,0.8383233532934131,0.8383233532934131,0.0,0.0,0.0,0.0,0.6406691529225483,0.7501176531564575,0.5990152851263963,0.7525426219870663,0.21141907409396715,0.25585206920987974,20261034,3,Europe,251,165,V1-V10_financial_only
PONE2016_h3_target_Europe,20260727,Full_PBMSBAINGO,cost_20,165,84,0.0,"Same-horizon leave-one-region-out transfer; source regions=Asia,North America; target region=Europe; source-only fit/search/calibration; target labels untouched until final evaluation; V1-V10 financial ratios only.",Risk feature plus score fusion; alpha=0.10 selected only on search partition.,Platt_logistic_on_separate_calibration_partition,0.0,1.0,0.0,0.509090909090909,0.6746987951807228,0.5645161290322581,0.8383233532934131,0.0,0.0,0.5,1.0,1.0,84.0,81.0,0.0,0.0,0.6906460538365762,0.7078189300411523,0.22529387174942986,0.6424853750025734,0.08727335025244293,-0.03736855934238466,0.8261879853348107,20.0,0.4909090909090909,0.04599659284497445,1.0,1.0,0.0,0.0,0.509090909090909,0.509090909090909,0.8383233532934131,0.8383233532934131,0.0,0.0,0.0,0.0,0.6575020004733698,0.7333955520347721,0.6714726631393299,0.7195473251028806,0.22168039592780697,0.23276720547536134,20261034,3,Europe,251,165,V1-V10_financial_only
PONE2016_h3_target_Europe,20260727,Uncertainty_gated_fusion,triad,165,84,0.5870719289626825,"Same-horizon leave-one-region-out transfer; source regions=Asia,North America; target region=Europe; source-only fit/search/calibration; target labels untouched until final evaluation; V1-V10 financial ratios only.","One-standard-error paired-bootstrap gate selected KELM_risk_feature; search utility difference=-0.0062, required margin=0.1388.",Platt_logistic_on_separate_calibration_partition,0.603731294205118,0.47619047619047616,0.7654320987654321,0.6779661016949152,0.5594405594405595,0.625,0.5063291139240507,0.2520233164512753,0.4512072120215174,0.6208112874779541,0.2345679012345679,0.3575757575757576,40.0,19.0,62.0,44.0,0.7168302617058938,0.708259847148736,0.22775280395095107,0.6476129419234462,0.13553738539360125,-0.06152222128841262,0.6379776081730114,,,,0.3595238095238095,0.5583333333333333,0.674074074074074,0.8802469135802469,0.5378351539225422,0.8218449197860962,0.3851781170483461,0.5875800815375656,0.040749482135384124,0.44711525638009963,0.20153658768600935,0.5978525288881479,0.6167767310154305,0.7707427021798237,0.623618459729571,0.7682980599647267,0.20053731901139724,0.26287995274694054,20261080,3,Europe,251,165,V1-V10_financial_only
PONE2016_h3_target_Europe,20260727,Uncertainty_gated_fusion,cost_1,165,84,0.5842676551741253,"Same-horizon leave-one-region-out transfer; source regions=Asia,North America; target region=Europe; source-only fit/search/calibration; target labels untouched until final evaluation; V1-V10 financial ratios only.","One-standard-error paired-bootstrap gate selected KELM_risk_feature; search utility difference=-0.0062, required margin=0.1388.",Platt_logistic_on_separate_calibration_partition,0.603731294205118,0.47619047619047616,0.7654320987654321,0.6779661016949152,0.5594405594405595,0.625,0.5063291139240507,0.2520233164512753,0.4512072120215174,0.6208112874779541,0.2345679012345679,0.3575757575757576,40.0,19.0,62.0,44.0,0.7168302617058938,0.708259847148736,0.22775280395095107,0.6476129419234462,0.13553738539360125,-0.06152222128841262,0.6379776081730114,1.0,0.38181818181818183,0.38181818181818183,0.46904761904761905,0.5678571428571428,0.6777777777777777,0.8518518518518519,0.6250793650793651,0.7887081339712919,0.5029556650246305,0.5945653412327674,0.19230066703766502,0.4052845101812113,0.40379812368254697,0.5688922417624678,0.6654197387402286,0.7729533629218792,0.6534832451499119,0.7989271017048795,0.19231245030175584,0.25304079461071216,20261080,3,Europe,251,165,V1-V10_financial_only
PONE2016_h3_target_Europe,20260727,Uncertainty_gated_fusion,cost_2,165,84,0.34840563189928775,"Same-horizon leave-one-region-out transfer; source regions=Asia,North America; target region=Europe; source-only fit/search/calibration; target labels untouched until final evaluation; V1-V10 financial ratios only.","One-standard-error paired-bootstrap gate selected KELM_risk_feature; search utility difference=-0.0062, required margin=0.1388.",Platt_logistic_on_separate_calibration_partition,0.621366569646446,0.8452380952380952,0.4567901234567901,0.6173913043478261,0.7135678391959799,0.6525735294117647,0.7871396895787139,0.328545672668528,0.5024550008943378,0.6510141093474426,0.5432098765432098,0.696969696969697,71.0,44.0,37.0,13.0,0.7168302617058938,0.708259847148736,0.22775280395095107,0.6476129419234462,0.13553738539360125,-0.06152222128841262,0.6379776081730114,2.0,0.42424242424242425,0.28112449799196787,0.8214285714285714,0.8892857142857143,0.3617283950617284,0.4925925925925926,0.5884668828161186,0.6356134895957904,0.7693166208791209,0.8091198583846032,0.25895976104202617,0.3721749127396679,0.4395559390190886,0.5388020446857978,0.6925957474507005,0.7681006921265491,0.688697824808936,0.7366402116402117,0.21503804690405434,0.23186786346678365,20261080,3,Europe,251,165,V1-V10_financial_only
PONE2016_h3_target_Europe,20260727,Uncertainty_gated_fusion,cost_5,165,84,0.18101489962140557,"Same-horizon leave-one-region-out transfer; source regions=Asia,North America; target region=Europe; source-only fit/search/calibration; target labels untouched until final evaluation; V1-V10 financial ratios only.","One-standard-error paired-bootstrap gate selected KELM_risk_feature; search utility difference=-0.0062, required margin=0.1388.",Platt_logistic_on_separate_calibration_partition,0.15713484026367722,1.0,0.024691358024691357,0.5153374233128835,0.680161943319838,0.5706521739130435,0.8416833667334669,0.1128023972375602,0.14069794966113694,0.5123456790123457,0.9753086419753086,0.9878787878787879,84.0,79.0,2.0,0.0,0.7168302617058938,0.708259847148736,0.22775280395095107,0.6476129419234462,0.13553738539360125,-0.06152222128841262,0.6379776081730114,5.0,0.47878787878787876,0.15768463073852296,1.0,1.0,0.012345679012345678,0.07037037037037036,0.5121951219512195,0.5273235499650594,0.84,0.847973713033954,0.07951978726894965,0.1918976297490899,0.0993871102945748,0.23748610335265674,0.6819647788452626,0.7855492567801291,0.6455467372134039,0.7935626102292769,0.19385886524403095,0.24890783836673014,20261080,3,Europe,251,165,V1-V10_financial_only
PONE2016_h3_target_Europe,20260727,Uncertainty_gated_fusion,cost_10,165,84,0.18101489962140557,"Same-horizon leave-one-region-out transfer; source regions=Asia,North America; target region=Europe; source-only fit/search/calibration; target labels untouched until final evaluation; V1-V10 financial ratios only.","One-standard-error paired-bootstrap gate selected KELM_risk_feature; search utility difference=-0.0062, required margin=0.1388.",Platt_logistic_on_separate_calibration_partition,0.15713484026367722,1.0,0.024691358024691357,0.5153374233128835,0.680161943319838,0.5706521739130435,0.8416833667334669,0.1128023972375602,0.14069794966113694,0.5123456790123457,0.9753086419753086,0.9878787878787879,84.0,79.0,2.0,0.0,0.7168302617058938,0.708259847148736,0.22775280395095107,0.6476129419234462,0.13553738539360125,-0.06152222128841262,0.6379776081730114,10.0,0.47878787878787876,0.08577633007600434,1.0,1.0,0.0012345679012345679,0.04814814814814814,0.5094013303769401,0.5214170692431562,0.8384910179640718,0.8449007296792805,0.007951978726894965,0.158321014024308,0.009938711029457481,0.19669770572084086,0.6814988295077186,0.7961502156056769,0.6579365079365078,0.7784685479129924,0.19843955965058077,0.2488740030048377,20261080,3,Europe,251,165,V1-V10_financial_only
PONE2016_h3_target_Europe,20260727,Uncertainty_gated_fusion,cost_20,165,84,0.18101489962140557,"Same-horizon leave-one-region-out transfer; source regions=Asia,North America; target region=Europe; source-only fit/search/calibration; target labels untouched until final evaluation; V1-V10 financial ratios only.","One-standard-error paired-bootstrap gate selected KELM_risk_feature; search utility difference=-0.0062, required margin=0.1388.",Platt_logistic_on_separate_calibration_partition,0.15713484026367722,1.0,0.024691358024691357,0.5153374233128835,0.680161943319838,0.5706521739130435,0.8416833667334669,0.1128023972375602,0.14069794966113694,0.5123456790123457,0.9753086419753086,0.9878787878787879,84.0,79.0,2.0,0.0,0.7168302617058938,0.708259847148736,0.22775280395095107,0.6476129419234462,0.13553738539360125,-0.06152222128841262,0.6379776081730114,20.0,0.47878787878787876,0.044860874503123226,1.0,1.0,0.012345679012345678,0.04814814814814814,0.5121951219512195,0.5214170692431562,0.84,0.8449007296792805,0.07951978726894965,0.158321014024308,0.0993871102945748,0.19669770572084086,0.6539349392652818,0.7731688308132936,0.662962962962963,0.7631393298059964,0.20720558579473156,0.2461082046195424,20261080,3,Europe,251,165,V1-V10_financial_only
PONE2016_h3_target_Europe,20260727,Full_random_search,triad,165,84,0.7608169853738486,"Same-horizon leave-one-region-out transfer; source regions=Asia,North America; target region=Europe; source-only fit/search/calibration; target labels untouched until final evaluation; V1-V10 financial ratios only.",Same full architecture and 81 evaluations as PBMSBAINGO; alpha=0.30.,Platt_logistic_on_separate_calibration_partition,0.5039526306789697,0.2857142857142857,0.8888888888888888,0.7272727272727273,0.41025641025641024,0.5555555555555556,0.3252032520325203,0.21821789023599236,0.38126177193226574,0.5873015873015872,0.1111111111111111,0.2,24.0,9.0,72.0,60.0,0.6786460742390332,0.6929747207524987,0.22599825907906554,0.6443804479390158,0.09940348479542217,-0.03556717140506345,0.8052179280766026,,,,0.24166666666666667,0.3607142857142857,0.865432098765432,0.9345679012345679,0.6676470588235294,0.824314765694076,0.2769827204253434,0.4048767123287671,0.1507867932084243,0.3156556059386015,0.3170585258250407,0.46852510555601035,0.6130714167782091,0.7352306026382627,0.5943856554967666,0.7447236919459143,0.20691995520252507,0.26001803504416804,20261128,3,Europe,251,165,V1-V10_financial_only
PONE2016_h3_target_Europe,20260727,Full_random_search,cost_1,165,84,0.7617293930658023,"Same-horizon leave-one-region-out transfer; source regions=Asia,North America; target region=Europe; source-only fit/search/calibration; target labels untouched until final evaluation; V1-V10 financial ratios only.",Same full architecture and 81 evaluations as PBMSBAINGO; alpha=0.30.,Platt_logistic_on_separate_calibration_partition,0.5039526306789697,0.2857142857142857,0.8888888888888888,0.7272727272727273,0.41025641025641024,0.5555555555555556,0.3252032520325203,0.21821789023599236,0.38126177193226574,0.5873015873015872,0.1111111111111111,0.2,24.0,9.0,72.0,60.0,0.6786460742390332,0.6929747207524987,0.22599825907906554,0.6443804479390158,0.09940348479542217,-0.03556717140506345,0.8052179280766026,1.0,0.41818181818181815,0.41818181818181815,0.2119047619047619,0.3535714285714286,0.7962962962962963,0.9444444444444444,0.5871100164203612,0.8691176470588236,0.24265782416467346,0.40115518744551004,0.07417855581226361,0.3678006185339337,0.2363566012131556,0.49665909954940335,0.6050919334911712,0.7656747140476693,0.6314520870076425,0.752689594356261,0.2031814978004798,0.24647102527121886,20261128,3,Europe,251,165,V1-V10_financial_only
PONE2016_h3_target_Europe,20260727,Full_random_search,cost_2,165,84,0.2922041772989187,"Same-horizon leave-one-region-out transfer; source regions=Asia,North America; target region=Europe; source-only fit/search/calibration; target labels untouched until final evaluation; V1-V10 financial ratios only.",Same full architecture and 81 evaluations as PBMSBAINGO; alpha=0.30.,Platt_logistic_on_separate_calibration_partition,0.38029043018129965,0.9761904761904762,0.14814814814814814,0.543046357615894,0.6978723404255319,0.5959302325581395,0.8418891170431212,0.22306720161928204,0.3183382595456476,0.5621693121693121,0.8518518518518519,0.9151515151515152,82.0,69.0,12.0,2.0,0.6786460742390332,0.6929747207524987,0.22599825907906554,0.6443804479390158,0.09940348479542217,-0.03556717140506345,0.8052179280766026,2.0,0.44242424242424244,0.2931726907630522,0.9642857142857143,0.9988095238095238,0.12469135802469135,0.2382716049382716,0.5339098989194841,0.5683471691073594,0.8311151412125088,0.8566441771780581,0.16884166931899794,0.30156912402079583,0.27359264020777324,0.4102535532376709,0.5920391030494169,0.7208283901385052,0.6209582598471488,0.749132863021752,0.20723519255966602,0.24687144872790373,20261128,3,Europe,251,165,V1-V10_financial_only
PONE2016_h3_target_Europe,20260727,Full_random_search,cost_5,165,84,0.2922041772989187,"Same-horizon leave-one-region-out transfer; source regions=Asia,North America; target region=Europe; source-only fit/search/calibration; target labels untouched until final evaluation; V1-V10 financial ratios only.",Same full architecture and 81 evaluations as PBMSBAINGO; alpha=0.30.,Platt_logistic_on_separate_calibration_partition,0.38029043018129965,0.9761904761904762,0.14814814814814814,0.543046357615894,0.6978723404255319,0.5959302325581395,0.8418891170431212,0.22306720161928204,0.3183382595456476,0.5621693121693121,0.8518518518518519,0.9151515151515152,82.0,69.0,12.0,2.0,0.6786460742390332,0.6929747207524987,0.22599825907906554,0.6443804479390158,0.09940348479542217,-0.03556717140506345,0.8052179280766026,5.0,0.47878787878787876,0.15768463073852296,0.9535714285714285,0.986904761904762,0.09876543209876543,0.20617283950617282,0.5234914611005693,0.5580919540229885,0.8195296523517382,0.8527181027181028,0.10431861791781508,0.2785509420680324,0.2137419794510193,0.3764465906104517,0.6345937347451039,0.7303185185125943,0.639212228101117,0.7193268665490888,0.2190431847621162,0.24522951489802644,20261128,3,Europe,251,165,V1-V10_financial_only
PONE2016_h3_target_Europe,20260727,Full_random_search,cost_10,165,84,0.28030585168825517,"Same-horizon leave-one-region-out transfer; source regions=Asia,North America; target region=Europe; source-only fit/search/calibration; target labels untouched until final evaluation; V1-V10 financial ratios only.",Same full architecture and 81 evaluations as PBMSBAINGO; alpha=0.30.,Platt_logistic_on_separate_calibration_partition,0.0,1.0,0.0,0.509090909090909,0.6746987951807228,0.5645161290322581,0.8383233532934131,0.0,0.0,0.5,1.0,1.0,84.0,81.0,0.0,0.0,0.6786460742390332,0.6929747207524987,0.22599825907906554,0.6443804479390158,0.09940348479542217,-0.03556717140506345,0.8052179280766026,10.0,0.4909090909090909,0.08794788273615635,1.0,1.0,0.0,0.0,0.509090909090909,0.509090909090909,0.8383233532934131,0.8383233532934131,0.0,0.0,0.0,0.0,0.6135097632272309,0.7368504155108359,0.6293209876543211,0.7247501469723693,0.21767187024950452,0.24774313753118715,20261128,3,Europe,251,165,V1-V10_financial_only
PONE2016_h3_target_Europe,20260727,Full_random_search,cost_20,165,84,0.28030585168825517,"Same-horizon leave-one-region-out transfer; source regions=Asia,North America; target region=Europe; source-only fit/search/calibration; target labels untouched until final evaluation; V1-V10 financial ratios only.",Same full architecture and 81 evaluations as PBMSBAINGO; alpha=0.30.,Platt_logistic_on_separate_calibration_partition,0.0,1.0,0.0,0.509090909090909,0.6746987951807228,0.5645161290322581,0.8383233532934131,0.0,0.0,0.5,1.0,1.0,84.0,81.0,0.0,0.0,0.6786460742390332,0.6929747207524987,0.22599825907906554,0.6443804479390158,0.09940348479542217,-0.03556717140506345,0.8052179280766026,20.0,0.4909090909090909,0.04599659284497445,1.0,1.0,0.0,0.0,0.509090909090909,0.509090909090909,0.8383233532934131,0.8383233532934131,0.0,0.0,0.0,0.0,0.6191475246093044,0.6777831183551943,0.6249118165784833,0.7383597883597884,0.20818991129776143,0.24323147164248193,20261128,3,Europe,251,165,V1-V10_financial_only
PONE2016_h3_target_Europe,20260727,Balanced_logistic,triad,165,84,0.5851531214556651,"Same-horizon leave-one-region-out transfer; source regions=Asia,North America; target region=Europe; source-only fit/search/calibration; target labels untouched until final evaluation; V1-V10 financial ratios only.",Class-weighted logistic reference using the same source-only fit/search/calibration and untouched regional target.,Platt_logistic_on_separate_calibration_partition,0.6169752314428771,0.44047619047619047,0.8641975308641975,0.7708333333333334,0.5606060606060606,0.6702898550724637,0.4817708333333333,0.33535408434020625,0.5035157034823443,0.652336860670194,0.13580246913580246,0.2909090909090909,37.0,11.0,70.0,47.0,0.7118554167414453,0.7091416813639035,0.21576791254240654,0.6611578058351401,0.09449866878647806,0.08037447190316642,0.5485781441129249,,,,0.3821428571428571,0.4821428571428571,0.8395061728395061,0.9222222222222222,0.7191215616681454,0.8398947368421052,0.4282204552454013,0.5247325213646457,0.26248260985841537,0.4055123121597131,0.44365036890744336,0.556660150498154,0.6777366789464254,0.7983282301929883,0.7024103468547913,0.7559964726631393,0.19826141913114134,0.22077178625569208,20262028,3,Europe,251,165,V1-V10_financial_only
PONE2016_h3_target_Europe,20260727,Balanced_logistic,cost_1,165,84,0.5343576017629494,"Same-horizon leave-one-region-out transfer; source regions=Asia,North America; target region=Europe; source-only fit/search/calibration; target labels untouched until final evaluation; V1-V10 financial ratios only.",Class-weighted logistic reference using the same source-only fit/search/calibration and untouched regional target.,Platt_logistic_on_separate_calibration_partition,0.6258445205509001,0.4880952380952381,0.8024691358024691,0.7192982456140351,0.5815602836879432,0.657051282051282,0.5216284987277354,0.30547467488707325,0.49276067322274575,0.6452821869488536,0.19753086419753085,0.34545454545454546,41.0,16.0,65.0,43.0,0.7118554167414453,0.7091416813639035,0.21576791254240654,0.6611578058351401,0.09449866878647806,0.08037447190316642,0.5485781441129249,1.0,0.3575757575757576,0.3575757575757576,0.49166666666666664,0.5821428571428572,0.791358024691358,0.8716049382716049,0.7427272727272727,0.8142857142857143,0.5275632102042799,0.6085074626865671,0.3362115884542871,0.4414016815139639,0.5148891951954089,0.5951629541000657,0.691423035676573,0.7910789786724952,0.7013962375073486,0.7669900058788948,0.19223435056015678,0.22251380159131476,20262028,3,Europe,251,165,V1-V10_financial_only
PONE2016_h3_target_Europe,20260727,Balanced_logistic,cost_2,165,84,0.35121809802522974,"Same-horizon leave-one-region-out transfer; source regions=Asia,North America; target region=Europe; source-only fit/search/calibration; target labels untouched until final evaluation; V1-V10 financial ratios only.",Class-weighted logistic reference using the same source-only fit/search/calibration and untouched regional target.,Platt_logistic_on_separate_calibration_partition,0.5953968042384461,0.7976190476190477,0.4444444444444444,0.5982142857142857,0.6836734693877551,0.6296992481203008,0.7477678571428571,0.2591579289043221,0.4512243205944816,0.621031746031746,0.5555555555555556,0.6787878787878788,67.0,45.0,36.0,17.0,0.7118554167414453,0.7091416813639035,0.21576791254240654,0.6611578058351401,0.09449866878647806,0.08037447190316642,0.5485781441129249,2.0,0.47878787878787876,0.3172690763052209,0.7380952380952381,0.8214285714285714,0.3234567901234568,0.4691358024691358,0.5319289749798225,0.6155262326169406,0.6848322295144196,0.7699177736239262,0.06812660003939347,0.3099138628072794,0.24694793276272187,0.4920207045967285,0.5875692888946784,0.7649933987281146,0.5754409171075838,0.7517342739564962,0.20130957868416233,0.26253433277230964,20262028,3,Europe,251,165,V1-V10_financial_only
PONE2016_h3_target_Europe,20260727,Balanced_logistic,cost_5,165,84,0.1050160200326777,"Same-horizon leave-one-region-out transfer; source regions=Asia,North America; target region=Europe; source-only fit/search/calibration; target labels untouched until final evaluation; V1-V10 financial ratios only.",Class-weighted logistic reference using the same source-only fit/search/calibration and untouched regional target.,Platt_logistic_on_separate_calibration_partition,0.2721655269759087,1.0,0.07407407407407407,0.5283018867924528,0.691358024691358,0.5833333333333334,0.8484848484848485,0.1978218215863388,0.24470723472325553,0.537037037037037,0.9259259259259259,0.9636363636363636,84.0,75.0,6.0,0.0,0.7118554167414453,0.7091416813639035,0.21576791254240654,0.6611578058351401,0.09449866878647806,0.08037447190316642,0.5485781441129249,5.0,0.45454545454545453,0.1497005988023952,1.0,1.0,0.01604938271604938,0.0839506172839506,0.5131495227995758,0.5309810126582278,0.8405070422535211,0.8498596055896566,0.08761925562015724,0.21091444660892006,0.10938707855613,0.2604481739903797,0.6957259232445637,0.7930878216097526,0.6842151675485009,0.7738830099941211,0.19613262287375302,0.2234035680143055,20262028,3,Europe,251,165,V1-V10_financial_only
PONE2016_h3_target_Europe,20260727,Balanced_logistic,cost_10,165,84,0.1050160200326777,"Same-horizon leave-one-region-out transfer; source regions=Asia,North America; target region=Europe; source-only fit/search/calibration; target labels untouched until final evaluation; V1-V10 financial ratios only.",Class-weighted logistic reference using the same source-only fit/search/calibration and untouched regional target.,Platt_logistic_on_separate_calibration_partition,0.2721655269759087,1.0,0.07407407407407407,0.5283018867924528,0.691358024691358,0.5833333333333334,0.8484848484848485,0.1978218215863388,0.24470723472325553,0.537037037037037,0.9259259259259259,0.9636363636363636,84.0,75.0,6.0,0.0,0.7118554167414453,0.7091416813639035,0.21576791254240654,0.6611578058351401,0.09449866878647806,0.08037447190316642,0.5485781441129249,10.0,0.45454545454545453,0.08143322475570032,1.0,1.0,0.025925925925925925,0.08518518518518518,0.515655532833447,0.5313112013374731,0.8418523794577105,0.8500306710833027,0.11538014783518916,0.21269457127197655,0.14387774679675,0.26260361560635037,0.6941100036414527,0.748595453141584,0.7027777777777778,0.7557172251616695,0.19933611059035544,0.21978451281758132,20262028,3,Europe,251,165,V1-V10_financial_only
PONE2016_h3_target_Europe,20260727,Balanced_logistic,cost_20,165,84,0.1050160200326777,"Same-horizon leave-one-region-out transfer; source regions=Asia,North America; target region=Europe; source-only fit/search/calibration; target labels untouched until final evaluation; V1-V10 financial ratios only.",Class-weighted logistic reference using the same source-only fit/search/calibration and untouched regional target.,Platt_logistic_on_separate_calibration_partition,0.2721655269759087,1.0,0.07407407407407407,0.5283018867924528,0.691358024691358,0.5833333333333334,0.8484848484848485,0.1978218215863388,0.24470723472325553,0.537037037037037,0.9259259259259259,0.9636363636363636,84.0,75.0,6.0,0.0,0.7118554167414453,0.7091416813639035,0.21576791254240654,0.6611578058351401,0.09449866878647806,0.08037447190316642,0.5485781441129249,20.0,0.45454545454545453,0.04258943781942078,1.0,1.0,0.0382716049382716,0.14320987654320985,0.5188405797101449,0.5476208317721993,0.8435431868318344,0.8581988327380878,0.14077335997056728,0.27966310873694294,0.17518500820655358,0.34178070347753753,0.6533758531125601,0.7578470246965935,0.6607583774250441,0.7459876543209877,0.20737692906157143,0.23694592736976658,20262028,3,Europe,251,165,V1-V10_financial_only
PONE2016_h3_target_North_America,20260727,HistGB,triad,159,81,0.7045357492619897,"Same-horizon leave-one-region-out transfer; source regions=Asia,Europe; target region=North America; source-only fit/search/calibration; target labels untouched until final evaluation; V1-V10 financial ratios only.",No metaheuristic; threshold and Platt calibration use calibration partition.,Platt_logistic_on_separate_calibration_partition,0.5229763603684908,0.2962962962962963,0.9230769230769231,0.8,0.43243243243243246,0.5970149253731343,0.3389830508474576,0.28029666917797874,0.424809301978894,0.6096866096866097,0.07692307692307693,0.18867924528301888,24.0,6.0,72.0,57.0,0.7425057484630788,0.7581513137068693,0.20819863601416055,0.6053359530164972,0.08778267966484377,0.41949899899776066,0.9980262905262238,,,,0.24074074074074073,0.3753086419753086,0.9371794871794872,0.9730769230769231,0.8010714285714285,0.9222222222222222,0.279877689360448,0.4241919227991651,0.2485668004561871,0.397582031321764,0.38255355713672584,0.5214268622479908,0.7427161150398007,0.8464444871432203,0.7668091168091168,0.8359607470718582,0.17657645089223395,0.2071101014574998,20260727,3,North America,257,159,V1-V10_financial_only
PONE2016_h3_target_North_America,20260727,HistGB,cost_1,159,81,0.24813772203518492,"Same-horizon leave-one-region-out transfer; source regions=Asia,Europe; target region=North America; source-only fit/search/calibration; target labels untouched until final evaluation; V1-V10 financial ratios only.",No metaheuristic; threshold and Platt calibration use calibration partition.,Platt_logistic_on_separate_calibration_partition,0.659385691644159,0.8271604938271605,0.5256410256410257,0.6442307692307693,0.7243243243243244,0.6740442655935613,0.7827102803738317,0.3707850740461613,0.5442524930069866,0.6764007597340931,0.47435897435897434,0.6540880503144654,67.0,37.0,41.0,14.0,0.7425057484630788,0.7581513137068693,0.20819863601416055,0.6053359530164972,0.08778267966484377,0.41949899899776066,0.9980262905262238,1.0,0.32075471698113206,0.32075471698113206,0.791358024691358,0.8481481481481481,0.41025641025641024,0.6012820512820513,0.5839189189189189,0.6797180727961287,0.7387199089134677,0.8004778213555764,0.22042517810141796,0.4266084721221815,0.41476394197463423,0.5934526616281461,0.6581988692195503,0.8008849509784549,0.6643241532130421,0.7929566318455208,0.1886793241138794,0.24280377879411014,20260727,3,North America,257,159,V1-V10_financial_only
PONE2016_h3_target_North_America,20260727,HistGB,cost_2,159,81,0.24813772203518492,"Same-horizon leave-one-region-out transfer; source regions=Asia,Europe; target region=North America; source-only fit/search/calibration; target labels untouched until final evaluation; V1-V10 financial ratios only.",No metaheuristic; threshold and Platt calibration use calibration partition.,Platt_logistic_on_separate_calibration_partition,0.659385691644159,0.8271604938271605,0.5256410256410257,0.6442307692307693,0.7243243243243244,0.6740442655935613,0.7827102803738317,0.3707850740461613,0.5442524930069866,0.6764007597340931,0.47435897435897434,0.6540880503144654,67.0,37.0,41.0,14.0,0.7425057484630788,0.7581513137068693,0.20819863601416055,0.6053359530164972,0.08778267966484377,0.41949899899776066,0.9980262905262238,2.0,0.4088050314465409,0.2708333333333333,0.7901234567901234,0.9246913580246914,0.4666666666666667,0.6230769230769231,0.6381379310344828,0.6938172043010753,0.7559838921315778,0.8653409090909091,0.3448826510333568,0.5271417309237182,0.5278278793783614,0.6536353015879627,0.7450617650974733,0.8600103982283548,0.7574074074074074,0.8596549540993985,0.1622273567339313,0.21033764562757204,20260727,3,North America,257,159,V1-V10_financial_only
PONE2016_h3_target_North_America,20260727,HistGB,cost_5,159,81,0.24813772203518492,"Same-horizon leave-one-region-out transfer; source regions=Asia,Europe; target region=North America; source-only fit/search/calibration; target labels untouched until final evaluation; V1-V10 financial ratios only.",No metaheuristic; threshold and Platt calibration use calibration partition.,Platt_logistic_on_separate_calibration_partition,0.659385691644159,0.8271604938271605,0.5256410256410257,0.6442307692307693,0.7243243243243244,0.6740442655935613,0.7827102803738317,0.3707850740461613,0.5442524930069866,0.6764007597340931,0.47435897435897434,0.6540880503144654,67.0,37.0,41.0,14.0,0.7425057484630788,0.7581513137068693,0.20819863601416055,0.6053359530164972,0.08778267966484377,0.41949899899776066,0.9980262905262238,5.0,0.6729559748427673,0.22153209109730848,0.7901234567901234,0.8728395061728395,0.41666666666666663,0.5628205128205128,0.5977944862155389,0.6745908460471568,0.746978789531981,0.8243805374952915,0.27737875040155546,0.45952961222409544,0.45845109391019634,0.6088364712878626,0.6959761445280059,0.8046937222882931,0.717505539727762,0.7904874960430516,0.19944585684264463,0.22592745478623408,20260727,3,North America,257,159,V1-V10_financial_only
PONE2016_h3_target_North_America,20260727,HistGB,cost_10,159,81,0.24813772203518492,"Same-horizon leave-one-region-out transfer; source regions=Asia,Europe; target region=North America; source-only fit/search/calibration; target labels untouched until final evaluation; V1-V10 financial ratios only.",No metaheuristic; threshold and Platt calibration use calibration partition.,Platt_logistic_on_separate_calibration_partition,0.659385691644159,0.8271604938271605,0.5256410256410257,0.6442307692307693,0.7243243243243244,0.6740442655935613,0.7827102803738317,0.3707850740461613,0.5442524930069866,0.6764007597340931,0.47435897435897434,0.6540880503144654,67.0,37.0,41.0,14.0,0.7425057484630788,0.7581513137068693,0.20819863601416055,0.6053359530164972,0.08778267966484377,0.41949899899776066,0.9980262905262238,10.0,1.1132075471698113,0.19932432432432431,0.7962962962962963,0.8876543209876543,0.441025641025641,0.5961538461538461,0.6196521739130435,0.6873551401869158,0.7601108866635149,0.8254858553821921,0.3409355723455205,0.46743697664235123,0.5123518891764595,0.6196834791263934,0.7490985482773146,0.8352601581465674,0.7420861031972142,0.8156062044950934,0.1857008115106589,0.21987629512506893,20260727,3,North America,257,159,V1-V10_financial_only
PONE2016_h3_target_North_America,20260727,HistGB,cost_20,159,81,0.24813772203518492,"Same-horizon leave-one-region-out transfer; source regions=Asia,Europe; target region=North America; source-only fit/search/calibration; target labels untouched until final evaluation; V1-V10 financial ratios only.",No metaheuristic; threshold and Platt calibration use calibration partition.,Platt_logistic_on_separate_calibration_partition,0.659385691644159,0.8271604938271605,0.5256410256410257,0.6442307692307693,0.7243243243243244,0.6740442655935613,0.7827102803738317,0.3707850740461613,0.5442524930069866,0.6764007597340931,0.47435897435897434,0.6540880503144654,67.0,37.0,41.0,14.0,0.7425057484630788,0.7581513137068693,0.20819863601416055,0.6053359530164972,0.08778267966484377,0.41949899899776066,0.9980262905262238,20.0,1.9937106918238994,0.18669022379269729,0.8024691358024691,0.8617283950617284,0.4423076923076923,0.6294871794871795,0.6095353675450762,0.6932524415507547,0.7622950819672131,0.8054643303599806,0.3045443184032588,0.4441684433709377,0.4831629755013973,0.6079200238212172,0.709800192670835,0.8009955998247914,0.7237100348211458,0.7962962962962963,0.19381059011809057,0.22198262368042648,20260727,3,North America,257,159,V1-V10_financial_only
PONE2016_h3_target_North_America,20260727,KELM_PBMSBAINGO,triad,159,81,0.7496178951275058,"Same-horizon leave-one-region-out transfer; source regions=Asia,Europe; target region=North America; source-only fit/search/calibration; target labels untouched until final evaluation; V1-V10 financial ratios only.",Plain KELM; hyperparameters/features selected only on search partition.,Platt_logistic_on_separate_calibration_partition,0.4387094371491774,0.19753086419753085,0.9743589743589743,0.8888888888888888,0.32323232323232326,0.5228758169934641,0.23391812865497075,0.2712028228247315,0.3737226212827587,0.5859449192782527,0.02564102564102564,0.11320754716981132,16.0,2.0,76.0,65.0,0.767370811659934,0.7562519784742008,0.2393843194761679,0.7535950957469835,0.19255416956558966,0.681254169175082,0.5426342922700231,,,,0.1271604938271605,0.2333333333333333,0.9628205128205128,0.9871794871794872,0.8145833333333333,0.9497368421052631,0.15304621848739497,0.27478557868330056,0.18688501197210222,0.33313500827746256,0.284716655712535,0.4249339778901285,0.7070344254699343,0.8480709265252547,0.7136593858816082,0.8322412155745489,0.1935578204605737,0.2670074963866869,20260828,3,North America,257,159,V1-V10_financial_only
PONE2016_h3_target_North_America,20260727,KELM_PBMSBAINGO,cost_1,159,81,0.4227414221233366,"Same-horizon leave-one-region-out transfer; source regions=Asia,Europe; target region=North America; source-only fit/search/calibration; target labels untouched until final evaluation; V1-V10 financial ratios only.",Plain KELM; hyperparameters/features selected only on search partition.,Platt_logistic_on_separate_calibration_partition,0.6334307917217433,0.48148148148148145,0.8333333333333334,0.75,0.5864661654135338,0.6747404844290658,0.5186170212765957,0.3354682411346398,0.5124874695663257,0.6574074074074074,0.16666666666666666,0.3270440251572327,39.0,13.0,65.0,42.0,0.767370811659934,0.7562519784742008,0.2393843194761679,0.7535950957469835,0.19255416956558966,0.681254169175082,0.5426342922700231,1.0,0.34591194968553457,0.34591194968553457,0.4135802469135802,0.5049382716049383,0.7487179487179487,0.8910256410256411,0.660564263322884,0.8219298245614035,0.4510895712466393,0.538015409364152,0.22536912429024633,0.414841293101036,0.4278315554441875,0.5664981134085265,0.7253626045138564,0.8304234865564996,0.6801994301994303,0.7893320671098447,0.2181022905402665,0.26156460476855165,20260828,3,North America,257,159,V1-V10_financial_only
PONE2016_h3_target_North_America,20260727,KELM_PBMSBAINGO,cost_2,159,81,0.19843830848146898,"Same-horizon leave-one-region-out transfer; source regions=Asia,Europe; target region=North America; source-only fit/search/calibration; target labels untouched until final evaluation; V1-V10 financial ratios only.",Plain KELM; hyperparameters/features selected only on search partition.,Platt_logistic_on_separate_calibration_partition,0.690114707560738,0.7283950617283951,0.6538461538461539,0.686046511627907,0.7065868263473054,0.6941176470588235,0.7195121951219512,0.38345699859233057,0.5673526376556439,0.6911206077872745,0.34615384615384615,0.5408805031446541,59.0,27.0,51.0,22.0,0.767370811659934,0.7562519784742008,0.2393843194761679,0.7535950957469835,0.19255416956558966,0.681254169175082,0.5426342922700231,2.0,0.44654088050314467,0.29583333333333334,0.7074074074074074,0.8320987654320987,0.6692307692307692,0.7051282051282052,0.6895008605851979,0.7454686489980608,0.7037505419858361,0.8131440186172563,0.37696410669695585,0.5424536819573447,0.5629312343590199,0.6826445992340885,0.7652402722486303,0.8523783144365985,0.7509496676163342,0.8332700221589111,0.19780479146490093,0.244247857410311,20260828,3,North America,257,159,V1-V10_financial_only
PONE2016_h3_target_North_America,20260727,KELM_PBMSBAINGO,cost_5,159,81,0.19843830848146898,"Same-horizon leave-one-region-out transfer; source regions=Asia,Europe; target region=North America; source-only fit/search/calibration; target labels untouched until final evaluation; V1-V10 financial ratios only.",Plain KELM; hyperparameters/features selected only on search partition.,Platt_logistic_on_separate_calibration_partition,0.690114707560738,0.7283950617283951,0.6538461538461539,0.686046511627907,0.7065868263473054,0.6941176470588235,0.7195121951219512,0.38345699859233057,0.5673526376556439,0.6911206077872745,0.34615384615384615,0.5408805031446541,59.0,27.0,51.0,22.0,0.767370811659934,0.7562519784742008,0.2393843194761679,0.7535950957469835,0.19255416956558966,0.681254169175082,0.5426342922700231,5.0,0.8616352201257862,0.2836438923395445,0.6802469135802469,0.7987654320987654,0.6807692307692308,0.7512820512820513,0.6969526488513831,0.7676929392446634,0.6836228287841191,0.7923375554601402,0.3737362917516265,0.5483927915241643,0.5607365380208419,0.689467979733572,0.7149370201003026,0.8259556586894183,0.7127097182652739,0.8193415637860082,0.20558226105691785,0.27154200432409953,20260828,3,North America,257,159,V1-V10_financial_only
PONE2016_h3_target_North_America,20260727,KELM_PBMSBAINGO,cost_10,159,81,0.19843830848146898,"Same-horizon leave-one-region-out transfer; source regions=Asia,Europe; target region=North America; source-only fit/search/calibration; target labels untouched until final evaluation; V1-V10 financial ratios only.",Plain KELM; hyperparameters/features selected only on search partition.,Platt_logistic_on_separate_calibration_partition,0.690114707560738,0.7283950617283951,0.6538461538461539,0.686046511627907,0.7065868263473054,0.6941176470588235,0.7195121951219512,0.38345699859233057,0.5673526376556439,0.6911206077872745,0.34615384615384615,0.5408805031446541,59.0,27.0,51.0,22.0,0.767370811659934,0.7562519784742008,0.2393843194761679,0.7535950957469835,0.19255416956558966,0.681254169175082,0.5426342922700231,10.0,1.5534591194968554,0.27815315315315314,0.6469135802469136,0.7876543209876543,0.6423076923076924,0.7371794871794872,0.6532926829268293,0.7563025210084033,0.6481734380334585,0.7809428856288277,0.29047435874585403,0.523250499949541,0.4943433547296296,0.6713574219907548,0.7354710541532828,0.8573244280137716,0.7005223171889838,0.8349952516619183,0.202204134847081,0.27332005125050457,20260828,3,North America,257,159,V1-V10_financial_only
PONE2016_h3_target_North_America,20260727,KELM_PBMSBAINGO,cost_20,159,81,0.19843830848146898,"Same-horizon leave-one-region-out transfer; source regions=Asia,Europe; target region=North America; source-only fit/search/calibration; target labels untouched until final evaluation; V1-V10 financial ratios only.",Plain KELM; hyperparameters/features selected only on search partition.,Platt_logistic_on_separate_calibration_partition,0.690114707560738,0.7283950617283951,0.6538461538461539,0.686046511627907,0.7065868263473054,0.6941176470588235,0.7195121951219512,0.38345699859233057,0.5673526376556439,0.6911206077872745,0.34615384615384615,0.5408805031446541,59.0,27.0,51.0,22.0,0.767370811659934,0.7562519784742008,0.2393843194761679,0.7535950957469835,0.19255416956558966,0.681254169175082,0.5426342922700231,20.0,2.9371069182389937,0.2750294464075383,0.7432098765432098,0.7987654320987654,0.6064102564102564,0.6884615384615385,0.6688888888888889,0.7187296824206051,0.7312748341472807,0.7770486050184243,0.3756461507094137,0.4582712035426405,0.5583925871094921,0.623278477185135,0.7792561000332622,0.8422789347882325,0.7593225704336815,0.8032921810699587,0.21114736767241696,0.23517557989453272,20260828,3,North America,257,159,V1-V10_financial_only
PONE2016_h3_target_North_America,20260727,KELM_score_fusion,triad,159,81,0.7370550238424024,"Same-horizon leave-one-region-out transfer; source regions=Asia,Europe; target region=North America; source-only fit/search/calibration; target labels untouched until final evaluation; V1-V10 financial ratios only.",Plain KELM plus HistGB score-level fusion; alpha=0.50 selected only on search partition.,Platt_logistic_on_separate_calibration_partition,0.46532162696807516,0.2222222222222222,0.9743589743589743,0.9,0.3564356435643564,0.5590062111801242,0.2616279069767442,0.29635304033495585,0.4003488828490402,0.5982905982905983,0.02564102564102564,0.12578616352201258,18.0,2.0,76.0,63.0,0.7736579804530473,0.7673314339981007,0.21036658469955163,0.6159088138393632,0.12830975050501706,0.5509035284688116,0.8656453559758998,,,,0.17530864197530863,0.2567901234567901,0.9615384615384616,0.9974358974358974,0.8442583732057416,0.99,0.20861773280740867,0.3013696908771048,0.24465959687665628,0.37415765769710485,0.34680258746144543,0.45672407784235364,0.7437644448306632,0.8047062487575811,0.7310699588477365,0.7897119341563785,0.1971690561464264,0.2217347689070703,20260830,3,North America,257,159,V1-V10_financial_only
PONE2016_h3_target_North_America,20260727,KELM_score_fusion,cost_1,159,81,0.27991195471175473,"Same-horizon leave-one-region-out transfer; source regions=Asia,Europe; target region=North America; source-only fit/search/calibration; target labels untouched until final evaluation; V1-V10 financial ratios only.",Plain KELM plus HistGB score-level fusion; alpha=0.50 selected only on search partition.,Platt_logistic_on_separate_calibration_partition,0.7220578379655755,0.7530864197530864,0.6923076923076923,0.7176470588235294,0.7349397590361446,0.7244655581947743,0.7457212713936431,0.44638434951763445,0.6151074365680882,0.7226970560303894,0.3076923076923077,0.5345911949685535,61.0,24.0,54.0,20.0,0.7736579804530473,0.7673314339981007,0.21036658469955163,0.6159088138393632,0.12830975050501706,0.5509035284688116,0.8656453559758998,1.0,0.27672955974842767,0.27672955974842767,0.7679012345679012,0.8716049382716049,0.6423076923076924,0.7884615384615384,0.6903296703296703,0.8106191222570532,0.7510214772132007,0.8586829423853731,0.4138401198303394,0.6629771846868177,0.5887638693173881,0.7693914682899406,0.7636456635510395,0.8501216238626984,0.751661918328585,0.8539411206077872,0.1742261966785229,0.2137352827985796,20260830,3,North America,257,159,V1-V10_financial_only
PONE2016_h3_target_North_America,20260727,KELM_score_fusion,cost_2,159,81,0.27991195471175473,"Same-horizon leave-one-region-out transfer; source regions=Asia,Europe; target region=North America; source-only fit/search/calibration; target labels untouched until final evaluation; V1-V10 financial ratios only.",Plain KELM plus HistGB score-level fusion; alpha=0.50 selected only on search partition.,Platt_logistic_on_separate_calibration_partition,0.7220578379655755,0.7530864197530864,0.6923076923076923,0.7176470588235294,0.7349397590361446,0.7244655581947743,0.7457212713936431,0.44638434951763445,0.6151074365680882,0.7226970560303894,0.3076923076923077,0.5345911949685535,61.0,24.0,54.0,20.0,0.7736579804530473,0.7673314339981007,0.21036658469955163,0.6159088138393632,0.12830975050501706,0.5509035284688116,0.8656453559758998,2.0,0.4025157232704403,0.26666666666666666,0.6925925925925925,0.762962962962963,0.6692307692307692,0.7166666666666667,0.6979069767441861,0.7362369337979094,0.6943069306930693,0.7569942611190817,0.3861148286119589,0.4790298380151415,0.5701883063488604,0.6394397372374981,0.7121167923029208,0.8276094926387031,0.7092434314656537,0.8047799936688825,0.19411612693163857,0.2317756858664977,20260830,3,North America,257,159,V1-V10_financial_only
PONE2016_h3_target_North_America,20260727,KELM_score_fusion,cost_5,159,81,0.18202419941799491,"Same-horizon leave-one-region-out transfer; source regions=Asia,Europe; target region=North America; source-only fit/search/calibration; target labels untouched until final evaluation; V1-V10 financial ratios only.",Plain KELM plus HistGB score-level fusion; alpha=0.50 selected only on search partition.,Platt_logistic_on_separate_calibration_partition,0.6657163216836423,0.8641975308641975,0.5128205128205128,0.6481481481481481,0.7407407407407407,0.682261208576998,0.8101851851851852,0.40378946193202336,0.5635223301852088,0.6885090218423551,0.48717948717948717,0.6792452830188679,70.0,38.0,40.0,11.0,0.7736579804530473,0.7673314339981007,0.21036658469955163,0.6159088138393632,0.12830975050501706,0.5509035284688116,0.8656453559758998,5.0,0.5849056603773585,0.19254658385093168,0.8074074074074075,0.9320987654320987,0.441025641025641,0.6012820512820513,0.6175569358178054,0.6947874199184624,0.7626837854628288,0.8659420289855072,0.3100896715368512,0.5102541719444291,0.49443648999889567,0.6403887485395604,0.7421122335156657,0.8017260817921206,0.7371794871794871,0.8035295979740423,0.20189359944197707,0.22246377063486403,20260830,3,North America,257,159,V1-V10_financial_only
PONE2016_h3_target_North_America,20260727,KELM_score_fusion,cost_10,159,81,0.18202419941799491,"Same-horizon leave-one-region-out transfer; source regions=Asia,Europe; target region=North America; source-only fit/search/calibration; target labels untouched until final evaluation; V1-V10 financial ratios only.",Plain KELM plus HistGB score-level fusion; alpha=0.50 selected only on search partition.,Platt_logistic_on_separate_calibration_partition,0.6657163216836423,0.8641975308641975,0.5128205128205128,0.6481481481481481,0.7407407407407407,0.682261208576998,0.8101851851851852,0.40378946193202336,0.5635223301852088,0.6885090218423551,0.48717948717948717,0.6792452830188679,70.0,38.0,40.0,11.0,0.7736579804530473,0.7673314339981007,0.21036658469955163,0.6159088138393632,0.12830975050501706,0.5509035284688116,0.8656453559758998,10.0,0.9308176100628931,0.16666666666666666,0.8395061728395061,0.8740740740740741,0.4269230769230769,0.5217948717948718,0.6130242311276793,0.6461598951507208,0.7859515388383749,0.8058130380012597,0.33728061334722925,0.38340680484618195,0.5012565714683168,0.5519657468862293,0.7240130651381997,0.8117268713272641,0.7047008547008545,0.8004273504273504,0.2002863745087316,0.23973906868763897,20260830,3,North America,257,159,V1-V10_financial_only
PONE2016_h3_target_North_America,20260727,KELM_score_fusion,cost_20,159,81,0.18202419941799491,"Same-horizon leave-one-region-out transfer; source regions=Asia,Europe; target region=North America; source-only fit/search/calibration; target labels untouched until final evaluation; V1-V10 financial ratios only.",Plain KELM plus HistGB score-level fusion; alpha=0.50 selected only on search partition.,Platt_logistic_on_separate_calibration_partition,0.6657163216836423,0.8641975308641975,0.5128205128205128,0.6481481481481481,0.7407407407407407,0.682261208576998,0.8101851851851852,0.40378946193202336,0.5635223301852088,0.6885090218423551,0.48717948717948717,0.6792452830188679,70.0,38.0,40.0,11.0,0.7736579804530473,0.7673314339981007,0.21036658469955163,0.6159088138393632,0.12830975050501706,0.5509035284688116,0.8656453559758998,20.0,1.6226415094339623,0.1519434628975265,0.8518518518518519,0.9012345679012346,0.41666666666666663,0.5512820512820513,0.6038888888888889,0.6746794871794872,0.7871504049607694,0.84375,0.30127899306676575,0.47855246598195217,0.47534402481098803,0.6182945337868571,0.7560116247526169,0.8606500561973054,0.7296771130104464,0.838366571699905,0.1891429489264372,0.2251488856783595,20260830,3,North America,257,159,V1-V10_financial_only
PONE2016_h3_target_North_America,20260727,KELM_risk_feature,triad,159,81,0.6580133878337578,"Same-horizon leave-one-region-out transfer; source regions=Asia,Europe; target region=North America; source-only fit/search/calibration; target labels untouched until final evaluation; V1-V10 financial ratios only.",OOF HistGB risk is a forced KELM input; no score-level fusion.,Platt_logistic_on_separate_calibration_partition,0.6267741517407062,0.41975308641975306,0.9358974358974359,0.8717948717948718,0.5666666666666667,0.7172995780590717,0.46831955922865015,0.41322856500133265,0.5455118179451167,0.6778252611585944,0.0641025641025641,0.24528301886792453,34.0,5.0,73.0,47.0,0.8079473451878776,0.775403608736942,0.1936878993547314,0.5774623758550703,0.10163232489861762,0.27979968791900295,0.9930598695545344,,,,0.345679012345679,0.4172839506172839,0.8525641025641025,0.9602564102564103,0.712051282051282,0.9155984555984557,0.3854796888504754,0.46789984966766635,0.23438257489440895,0.4459729501705915,0.41058076028380525,0.5626550158726527,0.6928818071804238,0.8447461022589808,0.6682811016144349,0.8266065210509654,0.1729020626846442,0.24053170766727747,20260938,3,North America,257,159,V1-V10_financial_only
PONE2016_h3_target_North_America,20260727,KELM_risk_feature,cost_1,159,81,0.36560089087326814,"Same-horizon leave-one-region-out transfer; source regions=Asia,Europe; target region=North America; source-only fit/search/calibration; target labels untouched until final evaluation; V1-V10 financial ratios only.",OOF HistGB risk is a forced KELM input; no score-level fusion.,Platt_logistic_on_separate_calibration_partition,0.7370277311900888,0.8148148148148148,0.6666666666666666,0.717391304347826,0.7630057803468208,0.734966592427617,0.7932692307692307,0.487458989550525,0.6421481669497503,0.7407407407407407,0.3333333333333333,0.5786163522012578,66.0,26.0,52.0,15.0,0.8079473451878776,0.775403608736942,0.1936878993547314,0.5774623758550703,0.10163232489861762,0.27979968791900295,0.9930598695545344,1.0,0.2578616352201258,0.2578616352201258,0.7358024691358025,0.8703703703703703,0.5833333333333333,0.6923076923076923,0.6698924731182796,0.745665286812537,0.7302718022142483,0.8412223268822921,0.4057126551370944,0.5717159062908402,0.5769844896518821,0.7005694658093264,0.7864511135186766,0.8413295335263419,0.7371320037986704,0.8112693890471667,0.17702878243253017,0.2088712957178146,20260938,3,North America,257,159,V1-V10_financial_only
PONE2016_h3_target_North_America,20260727,KELM_risk_feature,cost_2,159,81,0.36560089087326814,"Same-horizon leave-one-region-out transfer; source regions=Asia,Europe; target region=North America; source-only fit/search/calibration; target labels untouched until final evaluation; V1-V10 financial ratios only.",OOF HistGB risk is a forced KELM input; no score-level fusion.,Platt_logistic_on_separate_calibration_partition,0.7370277311900888,0.8148148148148148,0.6666666666666666,0.717391304347826,0.7630057803468208,0.734966592427617,0.7932692307692307,0.487458989550525,0.6421481669497503,0.7407407407407407,0.3333333333333333,0.5786163522012578,66.0,26.0,52.0,15.0,0.8079473451878776,0.775403608736942,0.1936878993547314,0.5774623758550703,0.10163232489861762,0.27979968791900295,0.9930598695545344,2.0,0.3522012578616352,0.23333333333333334,0.7790123456790123,0.8629629629629629,0.573076923076923,0.7397435897435898,0.6745035304501324,0.7592775041050903,0.7659656768950937,0.829014780243315,0.43778283659475,0.5341251435934313,0.5966693591936998,0.6786773298196284,0.7790923838155629,0.8741486028018314,0.7572174738841406,0.8396802785691675,0.16496785919848878,0.2016213814502119,20260938,3,North America,257,159,V1-V10_financial_only
PONE2016_h3_target_North_America,20260727,KELM_risk_feature,cost_5,159,81,0.2880331966824194,"Same-horizon leave-one-region-out transfer; source regions=Asia,Europe; target region=North America; source-only fit/search/calibration; target labels untouched until final evaluation; V1-V10 financial ratios only.",OOF HistGB risk is a forced KELM input; no score-level fusion.,Platt_logistic_on_separate_calibration_partition,0.6573421981221795,0.8641975308641975,0.5,0.6422018348623854,0.7368421052631579,0.6769825918762089,0.8083140877598153,0.3921286342301648,0.5533550283432013,0.6820987654320987,0.5,0.6855345911949685,70.0,39.0,39.0,11.0,0.8079473451878776,0.775403608736942,0.1936878993547314,0.5774623758550703,0.10163232489861762,0.27979968791900295,0.9930598695545344,5.0,0.5911949685534591,0.19461697722567287,0.8185185185185184,0.8987654320987655,0.45,0.5102564102564102,0.622658060244952,0.6468115942028986,0.7701907619762084,0.8293418000644885,0.3235484894966727,0.40521021495599907,0.5047086704460457,0.5624157904317807,0.7795352578308503,0.8336654698288036,0.735707502374169,0.7875276986388098,0.18775154309572437,0.20789756822692237,20260938,3,North America,257,159,V1-V10_financial_only
PONE2016_h3_target_North_America,20260727,KELM_risk_feature,cost_10,159,81,0.2880331966824194,"Same-horizon leave-one-region-out transfer; source regions=Asia,Europe; target region=North America; source-only fit/search/calibration; target labels untouched until final evaluation; V1-V10 financial ratios only.",OOF HistGB risk is a forced KELM input; no score-level fusion.,Platt_logistic_on_separate_calibration_partition,0.6573421981221795,0.8641975308641975,0.5,0.6422018348623854,0.7368421052631579,0.6769825918762089,0.8083140877598153,0.3921286342301648,0.5533550283432013,0.6820987654320987,0.5,0.6855345911949685,70.0,39.0,39.0,11.0,0.8079473451878776,0.775403608736942,0.1936878993547314,0.5774623758550703,0.10163232489861762,0.27979968791900295,0.9930598695545344,10.0,0.9371069182389937,0.1677927927927928,0.828395061728395,0.9222222222222222,0.39358974358974363,0.5358974358974359,0.5899715279974691,0.6735626535626535,0.7733615221987314,0.8588113777212776,0.2608076613130643,0.49861681275023423,0.441363537490116,0.626877347884059,0.7598055347388039,0.8384886804301096,0.7276828110161443,0.8232510288065843,0.17653438707496677,0.214381144668336,20260938,3,North America,257,159,V1-V10_financial_only
PONE2016_h3_target_North_America,20260727,KELM_risk_feature,cost_20,159,81,0.2880331966824194,"Same-horizon leave-one-region-out transfer; source regions=Asia,Europe; target region=North America; source-only fit/search/calibration; target labels untouched until final evaluation; V1-V10 financial ratios only.",OOF HistGB risk is a forced KELM input; no score-level fusion.,Platt_logistic_on_separate_calibration_partition,0.6573421981221795,0.8641975308641975,0.5,0.6422018348623854,0.7368421052631579,0.6769825918762089,0.8083140877598153,0.3921286342301648,0.5533550283432013,0.6820987654320987,0.5,0.6855345911949685,70.0,39.0,39.0,11.0,0.8079473451878776,0.775403608736942,0.1936878993547314,0.5774623758550703,0.10163232489861762,0.27979968791900295,0.9930598695545344,20.0,1.628930817610063,0.1525323910482921,0.8296296296296296,0.8876543209876543,0.44871794871794873,0.5807692307692308,0.6104625199362042,0.6797163500133797,0.7757506891399955,0.8260040567951318,0.30491271803131764,0.45509341011499954,0.4845170911233229,0.6090444605290527,0.7825902788674513,0.8472727444644225,0.735042735042735,0.8089585311807533,0.1776264386854942,0.2110010327470201,20260938,3,North America,257,159,V1-V10_financial_only
PONE2016_h3_target_North_America,20260727,Full_PBMSBAINGO,triad,159,81,0.6907773419754971,"Same-horizon leave-one-region-out transfer; source regions=Asia,Europe; target region=North America; source-only fit/search/calibration; target labels untouched until final evaluation; V1-V10 financial ratios only.",Risk feature plus score fusion; alpha=0.50 selected only on search partition.,Platt_logistic_on_separate_calibration_partition,0.48660434887015536,0.2716049382716049,0.8717948717948718,0.6875,0.3893805309734513,0.5263157894736842,0.3089887640449438,0.17879753918815863,0.348528130225607,0.5716999050332383,0.1282051282051282,0.20125786163522014,22.0,10.0,68.0,59.0,0.717973548491067,0.7617917062361507,0.20451737337961545,0.5967186311608415,0.13745183525246574,0.455250381441747,0.9821414718922651,,,,0.2716049382716049,0.345679012345679,0.8128205128205128,0.9576923076923077,0.6570142535633909,0.8885714285714286,0.3101232394366197,0.3852545769811066,0.17506320497558578,0.36463673796618945,0.3620182070559056,0.48618125860982286,0.6775139756650088,0.8395141428114414,0.7471035137701805,0.8431782209559987,0.17079205913635143,0.2034034049333095,20261034,3,North America,257,159,V1-V10_financial_only
PONE2016_h3_target_North_America,20260727,Full_PBMSBAINGO,cost_1,159,81,0.2885769538186034,"Same-horizon leave-one-region-out transfer; source regions=Asia,Europe; target region=North America; source-only fit/search/calibration; target labels untouched until final evaluation; V1-V10 financial ratios only.",Risk feature plus score fusion; alpha=0.50 selected only on search partition.,Platt_logistic_on_separate_calibration_partition,0.7134576668276652,0.8271604938271605,0.6153846153846154,0.6907216494845361,0.7528089887640449,0.7142857142857143,0.7957244655581948,0.453592269572924,0.6134803937385327,0.721272554605888,0.38461538461538464,0.610062893081761,67.0,30.0,48.0,14.0,0.717973548491067,0.7617917062361507,0.20451737337961545,0.5967186311608415,0.13745183525246574,0.455250381441747,0.9821414718922651,1.0,0.27672955974842767,0.27672955974842767,0.7679012345679012,0.8604938271604938,0.5653846153846154,0.6666666666666666,0.6649908680188408,0.7133116883116883,0.7539230751321273,0.8165284474445516,0.4081430921369808,0.47280158339291306,0.576536614377521,0.6309585445328282,0.7002459238787702,0.7564169450665794,0.7290123456790123,0.7789173789173789,0.19920528500623344,0.228545820909757,20261034,3,North America,257,159,V1-V10_financial_only
PONE2016_h3_target_North_America,20260727,Full_PBMSBAINGO,cost_2,159,81,0.2885769538186034,"Same-horizon leave-one-region-out transfer; source regions=Asia,Europe; target region=North America; source-only fit/search/calibration; target labels untouched until final evaluation; V1-V10 financial ratios only.",Risk feature plus score fusion; alpha=0.50 selected only on search partition.,Platt_logistic_on_separate_calibration_partition,0.7134576668276652,0.8271604938271605,0.6153846153846154,0.6907216494845361,0.7528089887640449,0.7142857142857143,0.7957244655581948,0.453592269572924,0.6134803937385327,0.721272554605888,0.38461538461538464,0.610062893081761,67.0,30.0,48.0,14.0,0.717973548491067,0.7617917062361507,0.20451737337961545,0.5967186311608415,0.13745183525246574,0.455250381441747,0.9821414718922651,2.0,0.36477987421383645,0.24166666666666667,0.7901234567901234,0.8617283950617284,0.49743589743589745,0.6525641025641026,0.6290048094709582,0.7137757437070938,0.7673916680609001,0.8205822044438468,0.3306724881665633,0.499944910728794,0.5120425702588303,0.6482589009804075,0.629942797371318,0.7428933415308575,0.6863564419119974,0.7788224121557454,0.20581054491311487,0.22890041067178413,20261034,3,North America,257,159,V1-V10_financial_only
PONE2016_h3_target_North_America,20260727,Full_PBMSBAINGO,cost_5,159,81,0.18066728295786239,"Same-horizon leave-one-region-out transfer; source regions=Asia,Europe; target region=North America; source-only fit/search/calibration; target labels untouched until final evaluation; V1-V10 financial ratios only.",Risk feature plus score fusion; alpha=0.50 selected only on search partition.,Platt_logistic_on_separate_calibration_partition,0.6395234059578777,0.9382716049382716,0.4358974358974359,0.6333333333333333,0.7562189054726368,0.6773618538324421,0.8558558558558559,0.4347451391469294,0.56231871890024,0.6870845204178537,0.5641025641025641,0.7547169811320755,76.0,44.0,34.0,5.0,0.717973548491067,0.7617917062361507,0.20451737337961545,0.5967186311608415,0.13745183525246574,0.455250381441747,0.9821414718922651,5.0,0.4339622641509434,0.14285714285714285,0.9061728395061729,0.9629629629629629,0.36538461538461536,0.47435897435897434,0.6090839254849242,0.6540826330532213,0.8353658536585367,0.8795733785810596,0.38909397403325124,0.4998492930666568,0.5142032910301038,0.6098169797831597,0.7348596157628089,0.79344115936306,0.7644191199746755,0.8086103197214308,0.18762606882508281,0.20340056955454966,20261034,3,North America,257,159,V1-V10_financial_only
PONE2016_h3_target_North_America,20260727,Full_PBMSBAINGO,cost_10,159,81,0.18066728295786239,"Same-horizon leave-one-region-out transfer; source regions=Asia,Europe; target region=North America; source-only fit/search/calibration; target labels untouched until final evaluation; V1-V10 financial ratios only.",Risk feature plus score fusion; alpha=0.50 selected only on search partition.,Platt_logistic_on_separate_calibration_partition,0.6395234059578777,0.9382716049382716,0.4358974358974359,0.6333333333333333,0.7562189054726368,0.6773618538324421,0.8558558558558559,0.4347451391469294,0.56231871890024,0.6870845204178537,0.5641025641025641,0.7547169811320755,76.0,44.0,34.0,5.0,0.717973548491067,0.7617917062361507,0.20451737337961545,0.5967186311608415,0.13745183525246574,0.455250381441747,0.9821414718922651,10.0,0.5911949685534591,0.10585585585585586,0.8925925925925926,0.9629629629629629,0.4371794871794872,0.48717948717948717,0.6315126050420168,0.6593780641546435,0.8277693789218631,0.8817580964970257,0.4124865551175921,0.5112239157409257,0.553144257908063,0.6196298893557924,0.6764645392827606,0.7767061968769848,0.7355175688509021,0.8026274137385248,0.19048074298289253,0.21496016983445748,20261034,3,North America,257,159,V1-V10_financial_only
PONE2016_h3_target_North_America,20260727,Full_PBMSBAINGO,cost_20,159,81,0.18066728295786239,"Same-horizon leave-one-region-out transfer; source regions=Asia,Europe; target region=North America; source-only fit/search/calibration; target labels untouched until final evaluation; V1-V10 financial ratios only.",Risk feature plus score fusion; alpha=0.50 selected only on search partition.,Platt_logistic_on_separate_calibration_partition,0.6395234059578777,0.9382716049382716,0.4358974358974359,0.6333333333333333,0.7562189054726368,0.6773618538324421,0.8558558558558559,0.4347451391469294,0.56231871890024,0.6870845204178537,0.5641025641025641,0.7547169811320755,76.0,44.0,34.0,5.0,0.717973548491067,0.7617917062361507,0.20451737337961545,0.5967186311608415,0.13745183525246574,0.455250381441747,0.9821414718922651,20.0,0.9056603773584906,0.08480565371024736,0.8925925925925926,0.9753086419753086,0.3730769230769231,0.45769230769230773,0.6142943670502726,0.6406327543424318,0.8197278911564626,0.8811099342730441,0.3601015436729905,0.47748151492233915,0.5125017868309703,0.5821243402596531,0.6938416512997707,0.8041745911900854,0.7182336182336182,0.8370212092434315,0.17503028205087112,0.21577618701909299,20261034,3,North America,257,159,V1-V10_financial_only
PONE2016_h3_target_North_America,20260727,Uncertainty_gated_fusion,triad,159,81,0.6580133878337578,"Same-horizon leave-one-region-out transfer; source regions=Asia,Europe; target region=North America; source-only fit/search/calibration; target labels untouched until final evaluation; V1-V10 financial ratios only.","One-standard-error paired-bootstrap gate selected KELM_risk_feature; search utility difference=-0.2423, required margin=0.1330.",Platt_logistic_on_separate_calibration_partition,0.6267741517407062,0.41975308641975306,0.9358974358974359,0.8717948717948718,0.5666666666666667,0.7172995780590717,0.46831955922865015,0.41322856500133265,0.5455118179451167,0.6778252611585944,0.0641025641025641,0.24528301886792453,34.0,5.0,73.0,47.0,0.8079473451878776,0.775403608736942,0.1936878993547314,0.5774623758550703,0.10163232489861762,0.27979968791900295,0.9930598695545344,,,,0.3419753086419753,0.4901234567901234,0.8628205128205128,0.9461538461538461,0.7204260651629073,0.8991516436903499,0.3820834465477161,0.5371714179933358,0.23884830591554856,0.46302328145954363,0.41237902106987845,0.5931034281621473,0.7260794868331687,0.8267315310782201,0.7000791389680278,0.7848369737258625,0.18910926172377776,0.22746927932345584,20261080,3,North America,257,159,V1-V10_financial_only
PONE2016_h3_target_North_America,20260727,Uncertainty_gated_fusion,cost_1,159,81,0.36560089087326814,"Same-horizon leave-one-region-out transfer; source regions=Asia,Europe; target region=North America; source-only fit/search/calibration; target labels untouched until final evaluation; V1-V10 financial ratios only.","One-standard-error paired-bootstrap gate selected KELM_risk_feature; search utility difference=-0.2423, required margin=0.1330.",Platt_logistic_on_separate_calibration_partition,0.7370277311900888,0.8148148148148148,0.6666666666666666,0.717391304347826,0.7630057803468208,0.734966592427617,0.7932692307692307,0.487458989550525,0.6421481669497503,0.7407407407407407,0.3333333333333333,0.5786163522012578,66.0,26.0,52.0,15.0,0.8079473451878776,0.775403608736942,0.1936878993547314,0.5774623758550703,0.10163232489861762,0.27979968791900295,0.9930598695545344,1.0,0.2578616352201258,0.2578616352201258,0.7666666666666666,0.8703703703703703,0.6307692307692307,0.7564102564102564,0.7068695652173913,0.7753667392883079,0.7657181571815718,0.8342223324260737,0.464226522206557,0.5674778061343339,0.6254445727223102,0.7030746350988146,0.7964821114770699,0.833863355716275,0.7729977841088952,0.8121240899018677,0.17952116173531207,0.19899840026771598,20261080,3,North America,257,159,V1-V10_financial_only
PONE2016_h3_target_North_America,20260727,Uncertainty_gated_fusion,cost_2,159,81,0.36560089087326814,"Same-horizon leave-one-region-out transfer; source regions=Asia,Europe; target region=North America; source-only fit/search/calibration; target labels untouched until final evaluation; V1-V10 financial ratios only.","One-standard-error paired-bootstrap gate selected KELM_risk_feature; search utility difference=-0.2423, required margin=0.1330.",Platt_logistic_on_separate_calibration_partition,0.7370277311900888,0.8148148148148148,0.6666666666666666,0.717391304347826,0.7630057803468208,0.734966592427617,0.7932692307692307,0.487458989550525,0.6421481669497503,0.7407407407407407,0.3333333333333333,0.5786163522012578,66.0,26.0,52.0,15.0,0.8079473451878776,0.775403608736942,0.1936878993547314,0.5774623758550703,0.10163232489861762,0.27979968791900295,0.9930598695545344,2.0,0.3522012578616352,0.23333333333333334,0.6888888888888889,0.8753086419753087,0.6423076923076924,0.6923076923076923,0.6663855421686747,0.7432464738226153,0.6841950646298472,0.8408410621556044,0.33179850677767597,0.5638349212584205,0.5271647585266587,0.6951377607485539,0.7332516799795239,0.8553950972928153,0.6953782842671731,0.8230610952833174,0.17541571769541273,0.22905874898815376,20261080,3,North America,257,159,V1-V10_financial_only
PONE2016_h3_target_North_America,20260727,Uncertainty_gated_fusion,cost_5,159,81,0.2880331966824194,"Same-horizon leave-one-region-out transfer; source regions=Asia,Europe; target region=North America; source-only fit/search/calibration; target labels untouched until final evaluation; V1-V10 financial ratios only.","One-standard-error paired-bootstrap gate selected KELM_risk_feature; search utility difference=-0.2423, required margin=0.1330.",Platt_logistic_on_separate_calibration_partition,0.6573421981221795,0.8641975308641975,0.5,0.6422018348623854,0.7368421052631579,0.6769825918762089,0.8083140877598153,0.3921286342301648,0.5533550283432013,0.6820987654320987,0.5,0.6855345911949685,70.0,39.0,39.0,11.0,0.8079473451878776,0.775403608736942,0.1936878993547314,0.5774623758550703,0.10163232489861762,0.27979968791900295,0.9930598695545344,5.0,0.5911949685534591,0.19461697722567287,0.8061728395061728,0.9222222222222222,0.4769230769230769,0.5628205128205128,0.6356794309817219,0.6815608919382504,0.7655060292147315,0.8613706998178116,0.3440104600851115,0.5130306082911349,0.5253844197519346,0.6393767032145798,0.7609289856550359,0.8791346972635427,0.7209559987337766,0.8485121874010763,0.16510331333001618,0.21475149278915293,20261080,3,North America,257,159,V1-V10_financial_only
PONE2016_h3_target_North_America,20260727,Uncertainty_gated_fusion,cost_10,159,81,0.2880331966824194,"Same-horizon leave-one-region-out transfer; source regions=Asia,Europe; target region=North America; source-only fit/search/calibration; target labels untouched until final evaluation; V1-V10 financial ratios only.","One-standard-error paired-bootstrap gate selected KELM_risk_feature; search utility difference=-0.2423, required margin=0.1330.",Platt_logistic_on_separate_calibration_partition,0.6573421981221795,0.8641975308641975,0.5,0.6422018348623854,0.7368421052631579,0.6769825918762089,0.8083140877598153,0.3921286342301648,0.5533550283432013,0.6820987654320987,0.5,0.6855345911949685,70.0,39.0,39.0,11.0,0.8079473451878776,0.775403608736942,0.1936878993547314,0.5774623758550703,0.10163232489861762,0.27979968791900295,0.9930598695545344,10.0,0.9371069182389937,0.1677927927927928,0.8148148148148148,0.8629629629629629,0.4641025641025641,0.5717948717948718,0.6134615384615385,0.6710349336820475,0.7646028037383177,0.806039009752438,0.30081259979043434,0.42925536767307604,0.48533010992611925,0.5908765583441445,0.765731420362481,0.8121512577534667,0.7235517568850901,0.788255777144666,0.19008541924279312,0.2127320795058586,20261080,3,North America,257,159,V1-V10_financial_only
PONE2016_h3_target_North_America,20260727,Uncertainty_gated_fusion,cost_20,159,81,0.2880331966824194,"Same-horizon leave-one-region-out transfer; source regions=Asia,Europe; target region=North America; source-only fit/search/calibration; target labels untouched until final evaluation; V1-V10 financial ratios only.","One-standard-error paired-bootstrap gate selected KELM_risk_feature; search utility difference=-0.2423, required margin=0.1330.",Platt_logistic_on_separate_calibration_partition,0.6573421981221795,0.8641975308641975,0.5,0.6422018348623854,0.7368421052631579,0.6769825918762089,0.8083140877598153,0.3921286342301648,0.5533550283432013,0.6820987654320987,0.5,0.6855345911949685,70.0,39.0,39.0,11.0,0.8079473451878776,0.775403608736942,0.1936878993547314,0.5774623758550703,0.10163232489861762,0.27979968791900295,0.9930598695545344,20.0,1.628930817610063,0.1525323910482921,0.8296296296296296,0.8876543209876543,0.32564102564102565,0.5705128205128205,0.5674948712103944,0.6822804718217562,0.7723570905806693,0.8372308984318222,0.20501411529826225,0.4844613665259693,0.3827523146071641,0.6259235845896902,0.7619358943179684,0.8686096383389836,0.7245647356758467,0.8426559037670148,0.16946410482945862,0.21520148347892587,20261080,3,North America,257,159,V1-V10_financial_only
PONE2016_h3_target_North_America,20260727,Full_random_search,triad,159,81,0.7492359359564112,"Same-horizon leave-one-region-out transfer; source regions=Asia,Europe; target region=North America; source-only fit/search/calibration; target labels untouched until final evaluation; V1-V10 financial ratios only.",Same full architecture and 81 evaluations as PBMSBAINGO; alpha=0.70.,Platt_logistic_on_separate_calibration_partition,0.5447670420505112,0.30864197530864196,0.9615384615384616,0.8928571428571429,0.45871559633027525,0.6476683937823834,0.35511363636363635,0.3545920927802393,0.47211764534380923,0.6350902184235517,0.038461538461538464,0.1761006289308176,25.0,3.0,75.0,56.0,0.8058523913869942,0.7856916745805634,0.19380710259934916,0.573786580717967,0.06456546009308885,0.3308686998562562,1.001239892347278,,,,0.3,0.39012345679012345,0.9397435897435897,0.9987179487179487,0.8577540106951872,0.9964285714285714,0.34780786011982284,0.44200736414423564,0.35131219743984304,0.45335250060659477,0.4826705819600417,0.5557795131717401,0.7912577725863128,0.8495465737314457,0.7438746438746437,0.8207660652105097,0.1780151660872357,0.21011819952839905,20261128,3,North America,257,159,V1-V10_financial_only
PONE2016_h3_target_North_America,20260727,Full_random_search,cost_1,159,81,0.2637635964066727,"Same-horizon leave-one-region-out transfer; source regions=Asia,Europe; target region=North America; source-only fit/search/calibration; target labels untouched until final evaluation; V1-V10 financial ratios only.",Same full architecture and 81 evaluations as PBMSBAINGO; alpha=0.70.,Platt_logistic_on_separate_calibration_partition,0.6642882549942685,0.8395061728395061,0.5256410256410257,0.6476190476190476,0.7311827956989247,0.6786427145708582,0.7925407925407926,0.3854484062479904,0.5540638311905094,0.682573599240266,0.47435897435897434,0.660377358490566,68.0,37.0,41.0,13.0,0.8058523913869942,0.7856916745805634,0.19380710259934916,0.573786580717967,0.06456546009308885,0.3308686998562562,1.001239892347278,1.0,0.31446540880503143,0.31446540880503143,0.8037037037037037,0.9197530864197531,0.4756410256410256,0.5602564102564103,0.6287773487773488,0.6709866220735786,0.7635427952329361,0.8505684116407298,0.3332895214846312,0.4604624278460884,0.5145842851747908,0.6021212428756931,0.7782570986844672,0.8232054490781603,0.7392371003482114,0.8176638176638176,0.18329378486121695,0.21406666522927775,20261128,3,North America,257,159,V1-V10_financial_only
PONE2016_h3_target_North_America,20260727,Full_random_search,cost_2,159,81,0.2637635964066727,"Same-horizon leave-one-region-out transfer; source regions=Asia,Europe; target region=North America; source-only fit/search/calibration; target labels untouched until final evaluation; V1-V10 financial ratios only.",Same full architecture and 81 evaluations as PBMSBAINGO; alpha=0.70.,Platt_logistic_on_separate_calibration_partition,0.6642882549942685,0.8395061728395061,0.5256410256410257,0.6476190476190476,0.7311827956989247,0.6786427145708582,0.7925407925407926,0.3854484062479904,0.5540638311905094,0.682573599240266,0.47435897435897434,0.660377358490566,68.0,37.0,41.0,13.0,0.8058523913869942,0.7856916745805634,0.19380710259934916,0.573786580717967,0.06456546009308885,0.3308686998562562,1.001239892347278,2.0,0.39622641509433965,0.2625,0.7925925925925925,0.8506172839506173,0.3807692307692308,0.5756410256410256,0.5708456243854474,0.675160163075131,0.7354277904907195,0.8079430068784802,0.19025856558787485,0.44290953758312657,0.38497498228203164,0.6004865327732418,0.7609082176890267,0.8541239626593518,0.7122665400443178,0.8261316872427983,0.172986256045063,0.22167336544283403,20261128,3,North America,257,159,V1-V10_financial_only
PONE2016_h3_target_North_America,20260727,Full_random_search,cost_5,159,81,0.20998115671420692,"Same-horizon leave-one-region-out transfer; source regions=Asia,Europe; target region=North America; source-only fit/search/calibration; target labels untouched until final evaluation; V1-V10 financial ratios only.",Same full architecture and 81 evaluations as PBMSBAINGO; alpha=0.70.,Platt_logistic_on_separate_calibration_partition,0.5592469952052407,0.9382716049382716,0.3333333333333333,0.59375,0.7272727272727273,0.6408094435075885,0.8407079646017699,0.34272172967356773,0.4750248395003088,0.6358024691358024,0.6666666666666666,0.8050314465408805,76.0,52.0,26.0,5.0,0.8058523913869942,0.7856916745805634,0.19380710259934916,0.573786580717967,0.06456546009308885,0.3308686998562562,1.001239892347278,5.0,0.48427672955974843,0.15942028985507245,0.9148148148148147,0.9493827160493827,0.25897435897435894,0.4025641025641025,0.5683424980361351,0.6172262396694215,0.8229694323144104,0.842672042878568,0.27105838946884697,0.3889407623262772,0.40445334654892184,0.5253761758353471,0.799160776470512,0.8445677436263381,0.7702912314023425,0.8191358024691356,0.17726629408546626,0.2091676659271331,20261128,3,North America,257,159,V1-V10_financial_only
PONE2016_h3_target_North_America,20260727,Full_random_search,cost_10,159,81,0.20998115671420692,"Same-horizon leave-one-region-out transfer; source regions=Asia,Europe; target region=North America; source-only fit/search/calibration; target labels untouched until final evaluation; V1-V10 financial ratios only.",Same full architecture and 81 evaluations as PBMSBAINGO; alpha=0.70.,Platt_logistic_on_separate_calibration_partition,0.5592469952052407,0.9382716049382716,0.3333333333333333,0.59375,0.7272727272727273,0.6408094435075885,0.8407079646017699,0.34272172967356773,0.4750248395003088,0.6358024691358024,0.6666666666666666,0.8050314465408805,76.0,52.0,26.0,5.0,0.8058523913869942,0.7856916745805634,0.19380710259934916,0.573786580717967,0.06456546009308885,0.3308686998562562,1.001239892347278,10.0,0.6415094339622641,0.11486486486486487,0.8938271604938272,0.9851851851851852,0.2858974358974359,0.358974358974359,0.5772235294117647,0.6089026162790697,0.8060480079188319,0.8688918814928819,0.2664237774384149,0.40510613808139184,0.4231336934795927,0.518670245642665,0.8213793230899885,0.8616801758296898,0.7967553023108578,0.8434947768281101,0.16730042144194318,0.18611516191362545,20261128,3,North America,257,159,V1-V10_financial_only
PONE2016_h3_target_North_America,20260727,Full_random_search,cost_20,159,81,0.20998115671420692,"Same-horizon leave-one-region-out transfer; source regions=Asia,Europe; target region=North America; source-only fit/search/calibration; target labels untouched until final evaluation; V1-V10 financial ratios only.",Same full architecture and 81 evaluations as PBMSBAINGO; alpha=0.70.,Platt_logistic_on_separate_calibration_partition,0.5592469952052407,0.9382716049382716,0.3333333333333333,0.59375,0.7272727272727273,0.6408094435075885,0.8407079646017699,0.34272172967356773,0.4750248395003088,0.6358024691358024,0.6666666666666666,0.8050314465408805,76.0,52.0,26.0,5.0,0.8058523913869942,0.7856916745805634,0.19380710259934916,0.573786580717967,0.06456546009308885,0.3308686998562562,1.001239892347278,20.0,0.9559748427672956,0.0895170789163722,0.9160493827160493,0.9617283950617284,0.25769230769230766,0.3666666666666667,0.5704761904761905,0.6010053993669708,0.8281174276357335,0.8554897067997504,0.2813409436680207,0.36892518407776387,0.41311834220210814,0.4872636507256515,0.7528690155987324,0.8246446077224924,0.714324153213042,0.80886356441912,0.17981232661145855,0.23025714221691657,20261128,3,North America,257,159,V1-V10_financial_only
PONE2016_h3_target_North_America,20260727,Balanced_logistic,triad,159,81,0.5092608819976476,"Same-horizon leave-one-region-out transfer; source regions=Asia,Europe; target region=North America; source-only fit/search/calibration; target labels untouched until final evaluation; V1-V10 financial ratios only.",Class-weighted logistic reference using the same source-only fit/search/calibration and untouched regional target.,Platt_logistic_on_separate_calibration_partition,0.6405126152203485,0.4444444444444444,0.9230769230769231,0.8571428571428571,0.5853658536585366,0.7228915662650602,0.4918032786885246,0.4167300599845326,0.555013314027592,0.6837606837606838,0.07692307692307693,0.2641509433962264,36.0,6.0,72.0,45.0,0.8210429428354262,0.7757201646090535,0.20203155821467056,0.5888620021054498,0.1047219503344946,0.589182782317282,1.6184727602513447,,,,0.40864197530864194,0.5061728395061729,0.8474358974358974,0.958974358974359,0.7750725689404935,0.9148319050758076,0.4550584457094152,0.5450681471866359,0.36674275775388127,0.44944794963602713,0.5168052495704745,0.5666401761810912,0.7808209037122973,0.8363030366575043,0.7155903767014878,0.8076448243114909,0.19646261427756898,0.21857889868447947,20262028,3,North America,257,159,V1-V10_financial_only
PONE2016_h3_target_North_America,20260727,Balanced_logistic,cost_1,159,81,0.4373537394499871,"Same-horizon leave-one-region-out transfer; source regions=Asia,Europe; target region=North America; source-only fit/search/calibration; target labels untouched until final evaluation; V1-V10 financial ratios only.",Class-weighted logistic reference using the same source-only fit/search/calibration and untouched regional target.,Platt_logistic_on_separate_calibration_partition,0.7172191381865587,0.6172839506172839,0.8333333333333334,0.7936507936507936,0.6944444444444444,0.7507507507507507,0.6459948320413437,0.4605658842819909,0.6187736835069007,0.7253086419753086,0.16666666666666666,0.39622641509433965,50.0,13.0,65.0,31.0,0.8210429428354262,0.7757201646090535,0.20203155821467056,0.5888620021054498,0.1047219503344946,0.589182782317282,1.6184727602513447,1.0,0.27672955974842767,0.27672955974842767,0.48765432098765427,0.6962962962962963,0.764102564102564,0.8576923076923076,0.6827586206896552,0.8353641456582633,0.5173188206117387,0.7202282075620946,0.262736842530568,0.5603308121509464,0.4604744489387455,0.6941607893408159,0.7493112587309202,0.8464011516380511,0.6921494143716365,0.8181228236783792,0.1905760446208746,0.2234514459482955,20262028,3,North America,257,159,V1-V10_financial_only
PONE2016_h3_target_North_America,20260727,Balanced_logistic,cost_2,159,81,0.4373537394499871,"Same-horizon leave-one-region-out transfer; source regions=Asia,Europe; target region=North America; source-only fit/search/calibration; target labels untouched until final evaluation; V1-V10 financial ratios only.",Class-weighted logistic reference using the same source-only fit/search/calibration and untouched regional target.,Platt_logistic_on_separate_calibration_partition,0.7172191381865587,0.6172839506172839,0.8333333333333334,0.7936507936507936,0.6944444444444444,0.7507507507507507,0.6459948320413437,0.4605658842819909,0.6187736835069007,0.7253086419753086,0.16666666666666666,0.39622641509433965,50.0,13.0,65.0,31.0,0.8210429428354262,0.7757201646090535,0.20203155821467056,0.5888620021054498,0.1047219503344946,0.589182782317282,1.6184727602513447,2.0,0.4716981132075472,0.3125,0.5814814814814815,0.7024691358024692,0.7474358974358974,0.8961538461538462,0.7067056024226693,0.8738636363636364,0.603420716112532,0.7298572561459159,0.3378411176868756,0.5998749659345773,0.5288243936562035,0.7193995041902611,0.7971713764392628,0.9019327765595705,0.7401709401709402,0.8691041468819247,0.17148800594800911,0.21104551821327824,20262028,3,North America,257,159,V1-V10_financial_only
PONE2016_h3_target_North_America,20260727,Balanced_logistic,cost_5,159,81,0.36803207641298624,"Same-horizon leave-one-region-out transfer; source regions=Asia,Europe; target region=North America; source-only fit/search/calibration; target labels untouched until final evaluation; V1-V10 financial ratios only.",Class-weighted logistic reference using the same source-only fit/search/calibration and untouched regional target.,Platt_logistic_on_separate_calibration_partition,0.6934323108546778,0.7654320987654321,0.6282051282051282,0.6813186813186813,0.7209302325581395,0.6966292134831461,0.7469879518072289,0.39775058033364374,0.576155426520437,0.6968186134852801,0.3717948717948718,0.5723270440251572,62.0,29.0,49.0,19.0,0.8210429428354262,0.7757201646090535,0.20203155821467056,0.5888620021054498,0.1047219503344946,0.589182782317282,1.6184727602513447,5.0,0.779874213836478,0.2567287784679089,0.7234567901234568,0.825925925925926,0.532051282051282,0.7384615384615385,0.6168206229860366,0.7593406593406593,0.7011107466434413,0.8062161690239218,0.26332830679121677,0.5335172359085636,0.46583312157957335,0.6787184215840508,0.760090308558515,0.8623590807645732,0.72673314339981,0.8332700221589111,0.1858722384219251,0.21633934298470348,20262028,3,North America,257,159,V1-V10_financial_only
PONE2016_h3_target_North_America,20260727,Balanced_logistic,cost_10,159,81,0.36803207641298624,"Same-horizon leave-one-region-out transfer; source regions=Asia,Europe; target region=North America; source-only fit/search/calibration; target labels untouched until final evaluation; V1-V10 financial ratios only.",Class-weighted logistic reference using the same source-only fit/search/calibration and untouched regional target.,Platt_logistic_on_separate_calibration_partition,0.6934323108546778,0.7654320987654321,0.6282051282051282,0.6813186813186813,0.7209302325581395,0.6966292134831461,0.7469879518072289,0.39775058033364374,0.576155426520437,0.6968186134852801,0.3717948717948718,0.5723270440251572,62.0,29.0,49.0,19.0,0.8210429428354262,0.7757201646090535,0.20203155821467056,0.5888620021054498,0.1047219503344946,0.589182782317282,1.6184727602513447,10.0,1.3773584905660377,0.24662162162162163,0.7283950617283951,0.8123456790123457,0.5038461538461538,0.6384615384615385,0.6039419978517723,0.6992833146696529,0.6995526473549073,0.7868986308252732,0.2385231777603964,0.45721101882760073,0.44393940889227024,0.6184853891950655,0.8011644211595901,0.8500042575864336,0.7352326685660019,0.8138809749920861,0.18762408346677903,0.20942817536720007,20262028,3,North America,257,159,V1-V10_financial_only
PONE2016_h3_target_North_America,20260727,Balanced_logistic,cost_20,159,81,0.36803207641298624,"Same-horizon leave-one-region-out transfer; source regions=Asia,Europe; target region=North America; source-only fit/search/calibration; target labels untouched until final evaluation; V1-V10 financial ratios only.",Class-weighted logistic reference using the same source-only fit/search/calibration and untouched regional target.,Platt_logistic_on_separate_calibration_partition,0.6934323108546778,0.7654320987654321,0.6282051282051282,0.6813186813186813,0.7209302325581395,0.6966292134831461,0.7469879518072289,0.39775058033364374,0.576155426520437,0.6968186134852801,0.3717948717948718,0.5723270440251572,62.0,29.0,49.0,19.0,0.8210429428354262,0.7757201646090535,0.20203155821467056,0.5888620021054498,0.1047219503344946,0.589182782317282,1.6184727602513447,20.0,2.5723270440251573,0.2408716136631331,0.7555555555555555,0.837037037037037,0.6333333333333333,0.7294871794871794,0.7034553075790189,0.7441576857629041,0.7531254892986619,0.806358927396045,0.4798489008409673,0.5086660914856169,0.6334299926684134,0.6603437831003025,0.8193146186773269,0.8474047695648448,0.7904874960430516,0.8066951566951566,0.19015809848096932,0.20466770262414075,20262028,3,North America,257,159,V1-V10_financial_only
