dataset,seed,method,policy,test_n,test_positive,threshold,design,selection_note,calibration,gmean,sensitivity,specificity,precision,f1,f05,f2,mcc,triad_score,balanced_accuracy,fpr,predicted_positive_rate,tp,fp,tn,fn,ap,auc,brier,log_loss,ece_10,calibration_intercept,calibration_slope,relative_cost_ratio,cost_per_observation,normalized_cost,sensitivity_ci_low,sensitivity_ci_high,specificity_ci_low,specificity_ci_high,precision_ci_low,precision_ci_high,f2_ci_low,f2_ci_high,mcc_ci_low,mcc_ci_high,triad_score_ci_low,triad_score_ci_high,ap_ci_low,ap_ci_high,auc_ci_low,auc_ci_high,brier_ci_low,brier_ci_high,model_seed,horizon,target_region,source_n,target_n,feature_set
PONE2016_h1_target_Asia,20260731,HistGB,triad,96,48,0.912513662804852,"Same-horizon leave-one-region-out transfer; source regions=Europe,North America; target region=Asia; source-only fit/search/calibration; target labels untouched until final evaluation; V1-V10 financial ratios only.",No metaheuristic; threshold and Platt calibration use calibration partition.,Platt_logistic_on_separate_calibration_partition,0.7822909731466078,0.625,0.9791666666666666,0.967741935483871,0.759493670886076,0.872093023255814,0.672645739910314,0.6460415830634638,0.7339486965277799,0.8020833333333333,0.020833333333333332,0.3229166666666667,30.0,1.0,47.0,18.0,0.9494823313405836,0.9396701388888888,0.10313829883689467,0.3404948699175872,0.10136757739892482,0.011800200139581224,1.034502923305926,,,,0.5270833333333333,0.7000000000000001,0.9208333333333333,0.9791666666666666,0.8978557504873295,0.967741935483871,0.5770470464265791,0.7324819652953791,0.5408361522998179,0.6460415830634638,0.6492544937470123,0.7446650713929026,0.9244046057857331,0.9602652299596179,0.9177951388888889,0.9548611111111112,0.08917164205430689,0.1300724001507315,20260731,1,Asia,342,96,V1-V10_financial_only
PONE2016_h1_target_Asia,20260731,HistGB,cost_1,96,48,0.6967375898246699,"Same-horizon leave-one-region-out transfer; source regions=Europe,North America; target region=Asia; source-only fit/search/calibration; target labels untouched until final evaluation; V1-V10 financial ratios only.",No metaheuristic; threshold and Platt calibration use calibration partition.,Platt_logistic_on_separate_calibration_partition,0.8640183897219884,0.8333333333333334,0.8958333333333334,0.8888888888888888,0.8602150537634409,0.8771929824561403,0.8438818565400844,0.7305950062660077,0.8170354314983949,0.8645833333333334,0.10416666666666667,0.46875,40.0,5.0,43.0,8.0,0.9494823313405836,0.9396701388888888,0.10313829883689467,0.3404948699175872,0.10136757739892482,0.011800200139581224,1.034502923305926,1.0,0.13541666666666666,0.13541666666666666,0.7583333333333333,0.89375,0.8375,0.9354166666666667,0.8241187384044527,0.931304347826087,0.7708288636201102,0.8915121592520616,0.5998919669310679,0.8119178979113132,0.7253971399709692,0.8726479140530001,0.9155996804231553,0.979310231619143,0.8977430555555556,0.9758246527777777,0.07404353264610652,0.14247109008953093,20260731,1,Asia,342,96,V1-V10_financial_only
PONE2016_h1_target_Asia,20260731,HistGB,cost_2,96,48,0.6967375898246699,"Same-horizon leave-one-region-out transfer; source regions=Europe,North America; target region=Asia; source-only fit/search/calibration; target labels untouched until final evaluation; V1-V10 financial ratios only.",No metaheuristic; threshold and Platt calibration use calibration partition.,Platt_logistic_on_separate_calibration_partition,0.8640183897219884,0.8333333333333334,0.8958333333333334,0.8888888888888888,0.8602150537634409,0.8771929824561403,0.8438818565400844,0.7305950062660077,0.8170354314983949,0.8645833333333334,0.10416666666666667,0.46875,40.0,5.0,43.0,8.0,0.9494823313405836,0.9396701388888888,0.10313829883689467,0.3404948699175872,0.10136757739892482,0.011800200139581224,1.034502923305926,2.0,0.21875,0.14583333333333334,0.6958333333333333,0.875,0.7999999999999999,0.9375,0.7960106382978723,0.9316666666666666,0.72872164721427,0.8849683544303797,0.5709096214937671,0.8076824205696248,0.7048585943608102,0.8697889185810813,0.9243245257883692,0.9746289372922256,0.9075520833333333,0.9672743055555556,0.08220107954469615,0.14855740436544454,20260731,1,Asia,342,96,V1-V10_financial_only
PONE2016_h1_target_Asia,20260731,HistGB,cost_5,96,48,0.09839109526294543,"Same-horizon leave-one-region-out transfer; source regions=Europe,North America; target region=Asia; source-only fit/search/calibration; target labels untouched until final evaluation; V1-V10 financial ratios only.",No metaheuristic; threshold and Platt calibration use calibration partition.,Platt_logistic_on_separate_calibration_partition,0.6846531968814576,0.9375,0.5,0.6521739130434783,0.7692307692307693,0.6944444444444444,0.8620689655172413,0.48653363279984113,0.6109674162707742,0.71875,0.5,0.71875,45.0,24.0,24.0,3.0,0.9494823313405836,0.9396701388888888,0.10313829883689467,0.3404948699175872,0.10136757739892482,0.011800200139581224,1.034502923305926,5.0,0.40625,0.13541666666666666,0.8604166666666666,0.9791666666666666,0.41875,0.6,0.6046188898094449,0.6976890756302521,0.793265574729453,0.9014765197349467,0.32911060294247757,0.5910979286748177,0.49828720013293204,0.6880100047659538,0.9212399481114791,0.9737432138241052,0.886328125,0.9682291666666667,0.0853413679896204,0.13821797262250898,20260731,1,Asia,342,96,V1-V10_financial_only
PONE2016_h1_target_Asia,20260731,HistGB,cost_10,96,48,0.09839109526294543,"Same-horizon leave-one-region-out transfer; source regions=Europe,North America; target region=Asia; source-only fit/search/calibration; target labels untouched until final evaluation; V1-V10 financial ratios only.",No metaheuristic; threshold and Platt calibration use calibration partition.,Platt_logistic_on_separate_calibration_partition,0.6846531968814576,0.9375,0.5,0.6521739130434783,0.7692307692307693,0.6944444444444444,0.8620689655172413,0.48653363279984113,0.6109674162707742,0.71875,0.5,0.71875,45.0,24.0,24.0,3.0,0.9494823313405836,0.9396701388888888,0.10313829883689467,0.3404948699175872,0.10136757739892482,0.011800200139581224,1.034502923305926,10.0,0.5625,0.10227272727272728,0.9375,0.9791666666666666,0.3770833333333333,0.5375,0.6013333333333333,0.6792406613594612,0.8439782970906139,0.8996984397535073,0.3830039993160169,0.5758779914196042,0.5138308126048569,0.6716867478617491,0.950665244333251,0.9847565133352986,0.9364583333333333,0.9784722222222222,0.05314735073249881,0.10643293452920961,20260731,1,Asia,342,96,V1-V10_financial_only
PONE2016_h1_target_Asia,20260731,HistGB,cost_20,96,48,0.09839109526294543,"Same-horizon leave-one-region-out transfer; source regions=Europe,North America; target region=Asia; source-only fit/search/calibration; target labels untouched until final evaluation; V1-V10 financial ratios only.",No metaheuristic; threshold and Platt calibration use calibration partition.,Platt_logistic_on_separate_calibration_partition,0.6846531968814576,0.9375,0.5,0.6521739130434783,0.7692307692307693,0.6944444444444444,0.8620689655172413,0.48653363279984113,0.6109674162707742,0.71875,0.5,0.71875,45.0,24.0,24.0,3.0,0.9494823313405836,0.9396701388888888,0.10313829883689467,0.3404948699175872,0.10136757739892482,0.011800200139581224,1.034502923305926,20.0,0.875,0.08333333333333333,0.8604166666666666,0.9770833333333333,0.40625,0.6020833333333333,0.6103742203742204,0.7056730769230769,0.8024852988502384,0.896746071821071,0.3804971560736252,0.5975951597278668,0.529638998807557,0.6991565207649589,0.918142301649123,0.979535577411813,0.9040364583333332,0.9741753472222221,0.07219749601575744,0.13609424968190575,20260731,1,Asia,342,96,V1-V10_financial_only
PONE2016_h1_target_Asia,20260731,KELM_PBMSBAINGO,triad,96,48,0.7266745504920412,"Same-horizon leave-one-region-out transfer; source regions=Europe,North America; target region=Asia; source-only fit/search/calibration; target labels untouched until final evaluation; V1-V10 financial ratios only.",Plain KELM; hyperparameters/features selected only on search partition.,Platt_logistic_on_separate_calibration_partition,0.7822909731466078,0.625,0.9791666666666666,0.967741935483871,0.759493670886076,0.872093023255814,0.672645739910314,0.6460415830634638,0.7339486965277799,0.8020833333333333,0.020833333333333332,0.3229166666666667,30.0,1.0,47.0,18.0,0.9434737229671488,0.935763888888889,0.10985255644928232,0.3637912338341427,0.11634719336019905,-0.09433960659847354,1.6115900557012868,,,,0.5708333333333333,0.6875,0.9583333333333334,1.0,0.9397402597402598,1.0,0.6211616161616161,0.7326872246696035,0.599870617940948,0.7220828561288261,0.6940844322162009,0.7910014018191027,0.9273773820532918,0.9544534658997674,0.9089843750000001,0.9355034722222223,0.1029555921463167,0.12605924308260416,20260832,1,Asia,342,96,V1-V10_financial_only
PONE2016_h1_target_Asia,20260731,KELM_PBMSBAINGO,cost_1,96,48,0.4745840536156561,"Same-horizon leave-one-region-out transfer; source regions=Europe,North America; target region=Asia; source-only fit/search/calibration; target labels untouched until final evaluation; V1-V10 financial ratios only.",Plain KELM; hyperparameters/features selected only on search partition.,Platt_logistic_on_separate_calibration_partition,0.8747519489673756,0.8541666666666666,0.8958333333333334,0.8913043478260869,0.8723404255319149,0.8836206896551724,0.8613445378151261,0.7506518906054691,0.8312585782992649,0.875,0.10416666666666667,0.4791666666666667,41.0,5.0,43.0,7.0,0.9434737229671488,0.935763888888889,0.10985255644928232,0.3637912338341427,0.11634719336019905,-0.09433960659847354,1.6115900557012868,1.0,0.125,0.125,0.8125,0.9125,0.8125,0.89375,0.81325,0.8922553191489361,0.8128399581589958,0.9060479269684291,0.627097353377639,0.7902193630097971,0.7459230263551017,0.8583351351834121,0.912436579714426,0.9526070597332239,0.8917100694444445,0.943923611111111,0.09855460573923389,0.1374201236479099,20260832,1,Asia,342,96,V1-V10_financial_only
PONE2016_h1_target_Asia,20260731,KELM_PBMSBAINGO,cost_2,96,48,0.4745840536156561,"Same-horizon leave-one-region-out transfer; source regions=Europe,North America; target region=Asia; source-only fit/search/calibration; target labels untouched until final evaluation; V1-V10 financial ratios only.",Plain KELM; hyperparameters/features selected only on search partition.,Platt_logistic_on_separate_calibration_partition,0.8747519489673756,0.8541666666666666,0.8958333333333334,0.8913043478260869,0.8723404255319149,0.8836206896551724,0.8613445378151261,0.7506518906054691,0.8312585782992649,0.875,0.10416666666666667,0.4791666666666667,41.0,5.0,43.0,7.0,0.9434737229671488,0.935763888888889,0.10985255644928232,0.3637912338341427,0.11634719336019905,-0.09433960659847354,1.6115900557012868,2.0,0.19791666666666666,0.13194444444444445,0.7770833333333333,0.9520833333333334,0.8395833333333333,0.9729166666666667,0.8380952380952381,0.9705591291439881,0.7948717948717948,0.9418100108476678,0.6671936840905293,0.8585389735095278,0.7736557495642917,0.9027568500521574,0.9190431945517501,0.9744381262378887,0.9047743055555556,0.9717881944444444,0.08551864922860097,0.12946603103703355,20260832,1,Asia,342,96,V1-V10_financial_only
PONE2016_h1_target_Asia,20260731,KELM_PBMSBAINGO,cost_5,96,48,0.17510679828322936,"Same-horizon leave-one-region-out transfer; source regions=Europe,North America; target region=Asia; source-only fit/search/calibration; target labels untouched until final evaluation; V1-V10 financial ratios only.",Plain KELM; hyperparameters/features selected only on search partition.,Platt_logistic_on_separate_calibration_partition,0.5149669622628448,0.9791666666666666,0.2708333333333333,0.573170731707317,0.7230769230769231,0.625,0.8576642335766423,0.3541688016605732,0.45455839106239876,0.625,0.7291666666666666,0.8541666666666666,47.0,35.0,13.0,1.0,0.9434737229671488,0.935763888888889,0.10985255644928232,0.3637912338341427,0.11634719336019905,-0.09433960659847354,1.6115900557012868,5.0,0.4166666666666667,0.1388888888888889,0.9791666666666666,1.0,0.19375,0.42291666666666666,0.5531782301620274,0.6301582069874753,0.8545454545454545,0.8827040228307996,0.32295782551134367,0.4874331309140156,0.39637699582130165,0.5863297492291702,0.8919346119201069,0.9541196722926455,0.8890625,0.9461805555555556,0.09973239497337336,0.14308603870119294,20260832,1,Asia,342,96,V1-V10_financial_only
PONE2016_h1_target_Asia,20260731,KELM_PBMSBAINGO,cost_10,96,48,0.08660263744210028,"Same-horizon leave-one-region-out transfer; source regions=Europe,North America; target region=Asia; source-only fit/search/calibration; target labels untouched until final evaluation; V1-V10 financial ratios only.",Plain KELM; hyperparameters/features selected only on search partition.,Platt_logistic_on_separate_calibration_partition,0.28565227501671014,0.9791666666666666,0.08333333333333333,0.5164835164835165,0.6762589928057554,0.5703883495145631,0.8303886925795053,0.14064216928154863,0.2255608090352672,0.53125,0.9166666666666666,0.9479166666666666,47.0,44.0,4.0,1.0,0.9434737229671488,0.935763888888889,0.10985255644928232,0.3637912338341427,0.11634719336019905,-0.09433960659847354,1.6115900557012868,10.0,0.5625,0.10227272727272728,0.9395833333333333,0.9979166666666667,0.022916666666666665,0.12083333333333333,0.4955812608444188,0.522102897102897,0.7976905603230692,0.835652109676069,-0.03620580738357209,0.1497443219881485,0.012881476730399327,0.2586814224546626,0.9066567313565187,0.9659874500841555,0.8837239583333333,0.9665364583333333,0.09141345544885064,0.1382624274776282,20260832,1,Asia,342,96,V1-V10_financial_only
PONE2016_h1_target_Asia,20260731,KELM_PBMSBAINGO,cost_20,96,48,0.08660263744210028,"Same-horizon leave-one-region-out transfer; source regions=Europe,North America; target region=Asia; source-only fit/search/calibration; target labels untouched until final evaluation; V1-V10 financial ratios only.",Plain KELM; hyperparameters/features selected only on search partition.,Platt_logistic_on_separate_calibration_partition,0.28565227501671014,0.9791666666666666,0.08333333333333333,0.5164835164835165,0.6762589928057554,0.5703883495145631,0.8303886925795053,0.14064216928154863,0.2255608090352672,0.53125,0.9166666666666666,0.9479166666666666,47.0,44.0,4.0,1.0,0.9434737229671488,0.935763888888889,0.10985255644928232,0.3637912338341427,0.11634719336019905,-0.09433960659847354,1.6115900557012868,20.0,0.6666666666666666,0.06349206349206349,0.9604166666666667,1.0,0.04583333333333333,0.16458333333333333,0.5070126227208976,0.5395402298850575,0.824391624221845,0.8504644890620318,0.07175013285532905,0.25739495991866024,0.14710695983721978,0.3417351713360365,0.9167839972115098,0.958186375742338,0.9028645833333335,0.9606770833333332,0.0998951598338435,0.12282632650332279,20260832,1,Asia,342,96,V1-V10_financial_only
PONE2016_h1_target_Asia,20260731,KELM_score_fusion,triad,96,48,0.7389176594026062,"Same-horizon leave-one-region-out transfer; source regions=Europe,North America; target region=Asia; source-only fit/search/calibration; target labels untouched until final evaluation; V1-V10 financial ratios only.",Plain KELM plus HistGB score-level fusion; alpha=1.00 selected only on search partition.,Platt_logistic_on_separate_calibration_partition,0.7822909731466078,0.625,0.9791666666666666,0.967741935483871,0.759493670886076,0.872093023255814,0.672645739910314,0.6460415830634638,0.7339486965277799,0.8020833333333333,0.020833333333333332,0.3229166666666667,30.0,1.0,47.0,18.0,0.9434737229671488,0.935763888888889,0.1085128949722672,0.35986997551488004,0.12155777624782337,-0.10254231222237842,1.5658245154715213,,,,0.6291666666666667,0.75,1.0,1.0,1.0,1.0,0.6795366795366795,0.7894736842105263,0.6774905543355727,0.7745966692414834,0.7525603536548706,0.8344089674985025,0.9339283172044363,0.9754982532021178,0.9144965277777778,0.9662760416666666,0.07949949091367789,0.11911134701744844,20260834,1,Asia,342,96,V1-V10_financial_only
PONE2016_h1_target_Asia,20260731,KELM_score_fusion,cost_1,96,48,0.4750008335332838,"Same-horizon leave-one-region-out transfer; source regions=Europe,North America; target region=Asia; source-only fit/search/calibration; target labels untouched until final evaluation; V1-V10 financial ratios only.",Plain KELM plus HistGB score-level fusion; alpha=1.00 selected only on search partition.,Platt_logistic_on_separate_calibration_partition,0.8747519489673756,0.8541666666666666,0.8958333333333334,0.8913043478260869,0.8723404255319149,0.8836206896551724,0.8613445378151261,0.7506518906054691,0.8312585782992649,0.875,0.10416666666666667,0.4791666666666667,41.0,5.0,43.0,7.0,0.9434737229671488,0.935763888888889,0.1085128949722672,0.35986997551488004,0.12155777624782337,-0.10254231222237842,1.5658245154715213,1.0,0.125,0.125,0.8145833333333333,0.8958333333333334,0.8770833333333333,0.9375,0.8688888888888889,0.9343276036400405,0.8248945147679325,0.902608543417367,0.6930215488008987,0.8298185572721358,0.7911078955144495,0.8852625931456983,0.9486716816561017,0.9762892296194643,0.9381510416666665,0.9770399305555556,0.09173088456981016,0.10667762665083276,20260834,1,Asia,342,96,V1-V10_financial_only
PONE2016_h1_target_Asia,20260731,KELM_score_fusion,cost_2,96,48,0.4750008335332838,"Same-horizon leave-one-region-out transfer; source regions=Europe,North America; target region=Asia; source-only fit/search/calibration; target labels untouched until final evaluation; V1-V10 financial ratios only.",Plain KELM plus HistGB score-level fusion; alpha=1.00 selected only on search partition.,Platt_logistic_on_separate_calibration_partition,0.8747519489673756,0.8541666666666666,0.8958333333333334,0.8913043478260869,0.8723404255319149,0.8836206896551724,0.8613445378151261,0.7506518906054691,0.8312585782992649,0.875,0.10416666666666667,0.4791666666666667,41.0,5.0,43.0,7.0,0.9434737229671488,0.935763888888889,0.1085128949722672,0.35986997551488004,0.12155777624782337,-0.10254231222237842,1.5658245154715213,2.0,0.19791666666666666,0.13194444444444445,0.8354166666666667,0.875,0.7791666666666667,0.95625,0.7983139301485348,0.9514728682170542,0.8388523610280932,0.8857036485480267,0.6531943050242187,0.8166590235822337,0.7622933384014592,0.8744411524490151,0.894470352636271,0.9705311818378313,0.865625,0.9688368055555555,0.09262682286216578,0.1517997373223538,20260834,1,Asia,342,96,V1-V10_financial_only
PONE2016_h1_target_Asia,20260731,KELM_score_fusion,cost_5,96,48,0.16728397523257663,"Same-horizon leave-one-region-out transfer; source regions=Europe,North America; target region=Asia; source-only fit/search/calibration; target labels untouched until final evaluation; V1-V10 financial ratios only.",Plain KELM plus HistGB score-level fusion; alpha=1.00 selected only on search partition.,Platt_logistic_on_separate_calibration_partition,0.5149669622628448,0.9791666666666666,0.2708333333333333,0.573170731707317,0.7230769230769231,0.625,0.8576642335766423,0.3541688016605732,0.45455839106239876,0.625,0.7291666666666666,0.8541666666666666,47.0,35.0,13.0,1.0,0.9434737229671488,0.935763888888889,0.1085128949722672,0.35986997551488004,0.12155777624782337,-0.10254231222237842,1.5658245154715213,5.0,0.4166666666666667,0.1388888888888889,0.9395833333333333,0.9791666666666666,0.1875,0.43125,0.5367940199335548,0.6326605826605826,0.8173320158102766,0.8824733767504263,0.19736378643297117,0.49055883116430893,0.32617774676447114,0.5915825991012323,0.9151276996517858,0.9754999278873564,0.8994791666666667,0.9681423611111111,0.08733126486426264,0.13428690479445138,20260834,1,Asia,342,96,V1-V10_financial_only
PONE2016_h1_target_Asia,20260731,KELM_score_fusion,cost_10,96,48,0.08389002658305592,"Same-horizon leave-one-region-out transfer; source regions=Europe,North America; target region=Asia; source-only fit/search/calibration; target labels untouched until final evaluation; V1-V10 financial ratios only.",Plain KELM plus HistGB score-level fusion; alpha=1.00 selected only on search partition.,Platt_logistic_on_separate_calibration_partition,0.28565227501671014,0.9791666666666666,0.08333333333333333,0.5164835164835165,0.6762589928057554,0.5703883495145631,0.8303886925795053,0.14064216928154863,0.2255608090352672,0.53125,0.9166666666666666,0.9479166666666666,47.0,44.0,4.0,1.0,0.9434737229671488,0.935763888888889,0.1085128949722672,0.35986997551488004,0.12155777624782337,-0.10254231222237842,1.5658245154715213,10.0,0.5625,0.10227272727272728,0.91875,1.0,0.027083333333333334,0.10208333333333333,0.5052986398580721,0.5217391304347826,0.789748593732063,0.8450704225352113,0.03616979144620886,0.20851441405707474,0.13056119123412796,0.2590110417589152,0.9233365998872255,0.9549905226089813,0.8935763888888888,0.9529947916666667,0.09898096018847863,0.12656860300714273,20260834,1,Asia,342,96,V1-V10_financial_only
PONE2016_h1_target_Asia,20260731,KELM_score_fusion,cost_20,96,48,0.08389002658305592,"Same-horizon leave-one-region-out transfer; source regions=Europe,North America; target region=Asia; source-only fit/search/calibration; target labels untouched until final evaluation; V1-V10 financial ratios only.",Plain KELM plus HistGB score-level fusion; alpha=1.00 selected only on search partition.,Platt_logistic_on_separate_calibration_partition,0.28565227501671014,0.9791666666666666,0.08333333333333333,0.5164835164835165,0.6762589928057554,0.5703883495145631,0.8303886925795053,0.14064216928154863,0.2255608090352672,0.53125,0.9166666666666666,0.9479166666666666,47.0,44.0,4.0,1.0,0.9434737229671488,0.935763888888889,0.1085128949722672,0.35986997551488004,0.12155777624782337,-0.10254231222237842,1.5658245154715213,20.0,0.6666666666666666,0.06349206349206349,0.9375,0.9791666666666666,0.041666666666666664,0.14375000000000002,0.4950549450549451,0.533490806945863,0.7956188775574362,0.838987036095577,-0.04219265078446458,0.22355223459536555,0.0,0.3156462183579063,0.9167677008421637,0.9381282948226987,0.887673611111111,0.9305989583333333,0.11432507219127026,0.13244999842175134,20260834,1,Asia,342,96,V1-V10_financial_only
PONE2016_h1_target_Asia,20260731,KELM_risk_feature,triad,96,48,0.7949595468944739,"Same-horizon leave-one-region-out transfer; source regions=Europe,North America; target region=Asia; source-only fit/search/calibration; target labels untouched until final evaluation; V1-V10 financial ratios only.",OOF HistGB risk is a forced KELM input; no score-level fusion.,Platt_logistic_on_separate_calibration_partition,0.8079466429027214,0.6666666666666666,0.9791666666666666,0.9696969696969697,0.7901234567901234,0.8888888888888888,0.7111111111111111,0.6798834181250946,0.7627811232264889,0.8229166666666666,0.020833333333333332,0.34375,32.0,1.0,47.0,16.0,0.9646303476651321,0.9631076388888888,0.08514964566993817,0.2874635214747983,0.09079615579266044,-0.34972866596086744,1.782936063410573,,,,0.5854166666666667,0.7083333333333334,0.9791666666666666,1.0,0.966969696969697,1.0,0.6380425880425881,0.7518810182838875,0.6304967792610983,0.737897671192337,0.7194927522275335,0.8049553366129606,0.9631119567168019,0.9865464593124239,0.9640625,0.985546875,0.06449872706920191,0.08841118621813335,20260942,1,Asia,342,96,V1-V10_financial_only
PONE2016_h1_target_Asia,20260731,KELM_risk_feature,cost_1,96,48,0.5376523074180253,"Same-horizon leave-one-region-out transfer; source regions=Europe,North America; target region=Asia; source-only fit/search/calibration; target labels untouched until final evaluation; V1-V10 financial ratios only.",OOF HistGB risk is a forced KELM input; no score-level fusion.,Platt_logistic_on_separate_calibration_partition,0.875,0.875,0.875,0.875,0.875,0.875,0.875,0.75,0.831174970143872,0.875,0.125,0.5,42.0,6.0,42.0,6.0,0.9646303476651321,0.9631076388888888,0.08514964566993817,0.2874635214747983,0.09079615579266044,-0.34972866596086744,1.782936063410573,1.0,0.125,0.125,0.7833333333333333,0.9354166666666667,0.8145833333333333,0.9333333333333333,0.8285444947209653,0.9318452380952381,0.7996532156368221,0.9339139344262295,0.6758237276653662,0.8627617809006382,0.7770355516064601,0.907718323854024,0.9562903082912743,0.9798210485409101,0.9546875,0.9745659722222224,0.07492721568435935,0.09697743075126944,20260942,1,Asia,342,96,V1-V10_financial_only
PONE2016_h1_target_Asia,20260731,KELM_risk_feature,cost_2,96,48,0.5376523074180253,"Same-horizon leave-one-region-out transfer; source regions=Europe,North America; target region=Asia; source-only fit/search/calibration; target labels untouched until final evaluation; V1-V10 financial ratios only.",OOF HistGB risk is a forced KELM input; no score-level fusion.,Platt_logistic_on_separate_calibration_partition,0.875,0.875,0.875,0.875,0.875,0.875,0.875,0.75,0.831174970143872,0.875,0.125,0.5,42.0,6.0,42.0,6.0,0.9646303476651321,0.9631076388888888,0.08514964566993817,0.2874635214747983,0.09079615579266044,-0.34972866596086744,1.782936063410573,2.0,0.1875,0.125,0.8145833333333333,0.8958333333333334,0.7916666666666666,0.9500000000000001,0.8011320754716982,0.9466666666666667,0.8231509572130976,0.9045704503008923,0.6318735899734683,0.8413364488853365,0.7488852254403183,0.8924007472160257,0.9300314686219655,0.9857138669834586,0.9275173611111112,0.9850260416666666,0.05671451160532208,0.11458448019915277,20260942,1,Asia,342,96,V1-V10_financial_only
PONE2016_h1_target_Asia,20260731,KELM_risk_feature,cost_5,96,48,0.21595539915779557,"Same-horizon leave-one-region-out transfer; source regions=Europe,North America; target region=Asia; source-only fit/search/calibration; target labels untouched until final evaluation; V1-V10 financial ratios only.",OOF HistGB risk is a forced KELM input; no score-level fusion.,Platt_logistic_on_separate_calibration_partition,0.75,1.0,0.5625,0.6956521739130435,0.8205128205128205,0.7407407407407407,0.9195402298850575,0.6255432421712243,0.705981446626545,0.78125,0.4375,0.71875,48.0,21.0,27.0,0.0,0.9646303476651321,0.9631076388888888,0.08514964566993817,0.2874635214747983,0.09079615579266044,-0.34972866596086744,1.782936063410573,5.0,0.21875,0.07291666666666667,1.0,1.0,0.525,0.70625,0.6780159216166565,0.7729646697388632,0.913246798653905,0.944511347846225,0.5966060704043564,0.7388531545051937,0.6790913174453403,0.8050738531272045,0.9705228599890189,0.981894213892866,0.9683159722222222,0.9812065972222221,0.06441338315372262,0.08394992613739077,20260942,1,Asia,342,96,V1-V10_financial_only
PONE2016_h1_target_Asia,20260731,KELM_risk_feature,cost_10,96,48,0.21595539915779557,"Same-horizon leave-one-region-out transfer; source regions=Europe,North America; target region=Asia; source-only fit/search/calibration; target labels untouched until final evaluation; V1-V10 financial ratios only.",OOF HistGB risk is a forced KELM input; no score-level fusion.,Platt_logistic_on_separate_calibration_partition,0.75,1.0,0.5625,0.6956521739130435,0.8205128205128205,0.7407407407407407,0.9195402298850575,0.6255432421712243,0.705981446626545,0.78125,0.4375,0.71875,48.0,21.0,27.0,0.0,0.9646303476651321,0.9631076388888888,0.08514964566993817,0.2874635214747983,0.09079615579266044,-0.34972866596086744,1.782936063410573,10.0,0.21875,0.03977272727272727,1.0,1.0,0.5458333333333333,0.6041666666666666,0.6877310924369748,0.7164179104477612,0.9167351732237228,0.9266409266409267,0.6126733549900144,0.657902592254752,0.694081250153629,0.7352574821921622,0.9662341166214437,0.9731338792244115,0.9604600694444444,0.9735677083333333,0.07357627264498062,0.09063006160895554,20260942,1,Asia,342,96,V1-V10_financial_only
PONE2016_h1_target_Asia,20260731,KELM_risk_feature,cost_20,96,48,0.07132430822205678,"Same-horizon leave-one-region-out transfer; source regions=Europe,North America; target region=Asia; source-only fit/search/calibration; target labels untouched until final evaluation; V1-V10 financial ratios only.",OOF HistGB risk is a forced KELM input; no score-level fusion.,Platt_logistic_on_separate_calibration_partition,0.3227486121839514,1.0,0.10416666666666667,0.5274725274725275,0.6906474820143885,0.5825242718446602,0.8480565371024735,0.2344036154692477,0.29011110795301165,0.5520833333333334,0.8958333333333334,0.9479166666666666,48.0,43.0,5.0,0.0,0.9646303476651321,0.9631076388888888,0.08514964566993817,0.2874635214747983,0.09079615579266044,-0.34972866596086744,1.782936063410573,20.0,0.4479166666666667,0.04265873015873016,1.0,1.0,0.0875,0.16666666666666666,0.5228985507246376,0.5454545454545454,0.8456697632604135,0.8571428571428571,0.21348286162608338,0.30151134457776363,0.26494859855668224,0.36902076288542446,0.962610597918611,0.9919245365003937,0.9609375,0.99140625,0.056189748737478645,0.08217063401495632,20260942,1,Asia,342,96,V1-V10_financial_only
PONE2016_h1_target_Asia,20260731,Full_PBMSBAINGO,triad,96,48,0.9133833177582396,"Same-horizon leave-one-region-out transfer; source regions=Europe,North America; target region=Asia; source-only fit/search/calibration; target labels untouched until final evaluation; V1-V10 financial ratios only.",Risk feature plus score fusion; alpha=0.05 selected only on search partition.,Platt_logistic_on_separate_calibration_partition,0.6123724356957945,0.375,1.0,1.0,0.5454545454545454,0.75,0.42857142857142855,0.4803844614152614,0.564772323783879,0.6875,0.0,0.1875,18.0,0.0,48.0,30.0,0.9519137340880335,0.9409722222222221,0.10283710299421685,0.33944921705244496,0.10083870103919523,0.01703083471243644,1.037706788406544,,,,0.36041666666666666,0.47500000000000003,1.0,1.0,1.0,1.0,0.413198519454726,0.5306911234850966,0.4687959804302786,0.5580936871443902,0.5527168775416031,0.642352603338919,0.9238100729903715,0.954232266179029,0.9008246527777778,0.9490451388888889,0.10097021694728232,0.13180001985115877,20261038,1,Asia,342,96,V1-V10_financial_only
PONE2016_h1_target_Asia,20260731,Full_PBMSBAINGO,cost_1,96,48,0.6903622840747071,"Same-horizon leave-one-region-out transfer; source regions=Europe,North America; target region=Asia; source-only fit/search/calibration; target labels untouched until final evaluation; V1-V10 financial ratios only.",Risk feature plus score fusion; alpha=0.05 selected only on search partition.,Platt_logistic_on_separate_calibration_partition,0.8640183897219884,0.8333333333333334,0.8958333333333334,0.8888888888888888,0.8602150537634409,0.8771929824561403,0.8438818565400844,0.7305950062660077,0.8170354314983949,0.8645833333333334,0.10416666666666667,0.46875,40.0,5.0,43.0,8.0,0.9519137340880335,0.9409722222222221,0.10283710299421685,0.33944921705244496,0.10083870103919523,0.01703083471243644,1.037706788406544,1.0,0.13541666666666666,0.13541666666666666,0.8145833333333333,0.8916666666666667,0.8770833333333333,0.95625,0.8737427466150871,0.9516177957532862,0.8283898305084746,0.9002592526372251,0.7126576334043717,0.8323463201322652,0.8041963874305329,0.8867436305835112,0.9507670511960802,0.9708068210870018,0.9418402777777778,0.9586371527777777,0.07258886971828271,0.10615956296365958,20261038,1,Asia,342,96,V1-V10_financial_only
PONE2016_h1_target_Asia,20260731,Full_PBMSBAINGO,cost_2,96,48,0.6903622840747071,"Same-horizon leave-one-region-out transfer; source regions=Europe,North America; target region=Asia; source-only fit/search/calibration; target labels untouched until final evaluation; V1-V10 financial ratios only.",Risk feature plus score fusion; alpha=0.05 selected only on search partition.,Platt_logistic_on_separate_calibration_partition,0.8640183897219884,0.8333333333333334,0.8958333333333334,0.8888888888888888,0.8602150537634409,0.8771929824561403,0.8438818565400844,0.7305950062660077,0.8170354314983949,0.8645833333333334,0.10416666666666667,0.46875,40.0,5.0,43.0,8.0,0.9519137340880335,0.9409722222222221,0.10283710299421685,0.33944921705244496,0.10083870103919523,0.01703083471243644,1.037706788406544,2.0,0.21875,0.14583333333333334,0.8145833333333333,0.8916666666666667,0.8583333333333333,0.9354166666666667,0.8519323671497584,0.9324154589371981,0.8217831436372017,0.8995231003793923,0.6735810131109761,0.8278862198393042,0.7779984084173869,0.8838600071688426,0.9426039882722554,0.9896448376629243,0.9149305555555556,0.9882378472222223,0.05982505638551074,0.12848771605224144,20261038,1,Asia,342,96,V1-V10_financial_only
PONE2016_h1_target_Asia,20260731,Full_PBMSBAINGO,cost_5,96,48,0.09377390252647398,"Same-horizon leave-one-region-out transfer; source regions=Europe,North America; target region=Asia; source-only fit/search/calibration; target labels untouched until final evaluation; V1-V10 financial ratios only.",Risk feature plus score fusion; alpha=0.05 selected only on search partition.,Platt_logistic_on_separate_calibration_partition,0.6702378309227255,0.9375,0.4791666666666667,0.6428571428571429,0.7627118644067796,0.6859756097560976,0.8587786259541985,0.4688072309384954,0.5949549181041361,0.7083333333333334,0.5208333333333334,0.7291666666666666,45.0,25.0,23.0,3.0,0.9519137340880335,0.9409722222222221,0.10283710299421685,0.33944921705244496,0.10083870103919523,0.01703083471243644,1.037706788406544,5.0,0.4166666666666667,0.1388888888888889,0.88125,0.9979166666666667,0.46041666666666664,0.6229166666666667,0.6429549902152643,0.714776119402985,0.8358778625954199,0.9226560792598528,0.4731765169238008,0.6460483220263362,0.5967288793631536,0.7274961270670516,0.9385705908338298,0.9894867802708432,0.9234809027777778,0.9892795138888889,0.05297062198199743,0.13117866413923057,20261038,1,Asia,342,96,V1-V10_financial_only
PONE2016_h1_target_Asia,20260731,Full_PBMSBAINGO,cost_10,96,48,0.09377390252647398,"Same-horizon leave-one-region-out transfer; source regions=Europe,North America; target region=Asia; source-only fit/search/calibration; target labels untouched until final evaluation; V1-V10 financial ratios only.",Risk feature plus score fusion; alpha=0.05 selected only on search partition.,Platt_logistic_on_separate_calibration_partition,0.6702378309227255,0.9375,0.4791666666666667,0.6428571428571429,0.7627118644067796,0.6859756097560976,0.8587786259541985,0.4688072309384954,0.5949549181041361,0.7083333333333334,0.5208333333333334,0.7291666666666666,45.0,25.0,23.0,3.0,0.9519137340880335,0.9409722222222221,0.10283710299421685,0.33944921705244496,0.10083870103919523,0.01703083471243644,1.037706788406544,10.0,0.5729166666666666,0.10416666666666667,0.9395833333333333,0.9979166666666667,0.36041666666666666,0.5166666666666667,0.5998244998244998,0.6700391389432485,0.8553945912199552,0.9047889961111911,0.3975600590294963,0.5624427717383638,0.5157892385939482,0.6581394431793063,0.952433201654125,0.9714575720032949,0.94296875,0.9708333333333333,0.07885145606289862,0.10598252805391724,20261038,1,Asia,342,96,V1-V10_financial_only
PONE2016_h1_target_Asia,20260731,Full_PBMSBAINGO,cost_20,96,48,0.09377390252647398,"Same-horizon leave-one-region-out transfer; source regions=Europe,North America; target region=Asia; source-only fit/search/calibration; target labels untouched until final evaluation; V1-V10 financial ratios only.",Risk feature plus score fusion; alpha=0.05 selected only on search partition.,Platt_logistic_on_separate_calibration_partition,0.6702378309227255,0.9375,0.4791666666666667,0.6428571428571429,0.7627118644067796,0.6859756097560976,0.8587786259541985,0.4688072309384954,0.5949549181041361,0.7083333333333334,0.5208333333333334,0.7291666666666666,45.0,25.0,23.0,3.0,0.9519137340880335,0.9409722222222221,0.10283710299421685,0.33944921705244496,0.10083870103919523,0.01703083471243644,1.037706788406544,20.0,0.8854166666666666,0.08432539682539683,0.91875,1.0,0.5,0.5791666666666667,0.6526708074534162,0.6873214285714285,0.8596443965517241,0.916030534351145,0.4894490649230915,0.609449400220044,0.6126222348847987,0.691124976518285,0.9420370042398929,0.9983382932036322,0.9301215277777778,0.9982638888888887,0.04273890549010352,0.12786604704992552,20261038,1,Asia,342,96,V1-V10_financial_only
PONE2016_h1_target_Asia,20260731,Uncertainty_gated_fusion,triad,96,48,0.7949595468944739,"Same-horizon leave-one-region-out transfer; source regions=Europe,North America; target region=Asia; source-only fit/search/calibration; target labels untouched until final evaluation; V1-V10 financial ratios only.","One-standard-error paired-bootstrap gate selected KELM_risk_feature; search utility difference=-0.0040, required margin=0.0514.",Platt_logistic_on_separate_calibration_partition,0.8079466429027214,0.6666666666666666,0.9791666666666666,0.9696969696969697,0.7901234567901234,0.8888888888888888,0.7111111111111111,0.6798834181250946,0.7627811232264889,0.8229166666666666,0.020833333333333332,0.34375,32.0,1.0,47.0,16.0,0.9646303476651321,0.9631076388888888,0.08514964566993817,0.2874635214747983,0.09079615579266044,-0.34972866596086744,1.782936063410573,,,,0.6104166666666666,0.7666666666666667,0.9791666666666666,1.0,0.966969696969697,1.0,0.658948948948949,0.8010055544914767,0.6343162262816329,0.7658908426907499,0.7237020932630099,0.8320806205932749,0.9597230567237264,0.9819934685755493,0.9550347222222222,0.980859375,0.07174979495331066,0.09039834161183173,20261084,1,Asia,342,96,V1-V10_financial_only
PONE2016_h1_target_Asia,20260731,Uncertainty_gated_fusion,cost_1,96,48,0.5376523074180253,"Same-horizon leave-one-region-out transfer; source regions=Europe,North America; target region=Asia; source-only fit/search/calibration; target labels untouched until final evaluation; V1-V10 financial ratios only.","One-standard-error paired-bootstrap gate selected KELM_risk_feature; search utility difference=-0.0040, required margin=0.0514.",Platt_logistic_on_separate_calibration_partition,0.875,0.875,0.875,0.875,0.875,0.875,0.875,0.75,0.831174970143872,0.875,0.125,0.5,42.0,6.0,42.0,6.0,0.9646303476651321,0.9631076388888888,0.08514964566993817,0.2874635214747983,0.09079615579266044,-0.34972866596086744,1.782936063410573,1.0,0.125,0.125,0.7604166666666666,0.9125,0.8354166666666667,0.9145833333333333,0.821780303030303,0.9115350488021295,0.7718573446327683,0.9098120576031242,0.5976657996378005,0.8106442204239882,0.7239428450756871,0.8724690329606692,0.9200775968299815,0.9674234102980543,0.9302083333333333,0.967578125,0.0794232110159701,0.11248910582970088,20261084,1,Asia,342,96,V1-V10_financial_only
PONE2016_h1_target_Asia,20260731,Uncertainty_gated_fusion,cost_2,96,48,0.5376523074180253,"Same-horizon leave-one-region-out transfer; source regions=Europe,North America; target region=Asia; source-only fit/search/calibration; target labels untouched until final evaluation; V1-V10 financial ratios only.","One-standard-error paired-bootstrap gate selected KELM_risk_feature; search utility difference=-0.0040, required margin=0.0514.",Platt_logistic_on_separate_calibration_partition,0.875,0.875,0.875,0.875,0.875,0.875,0.875,0.75,0.831174970143872,0.875,0.125,0.5,42.0,6.0,42.0,6.0,0.9646303476651321,0.9631076388888888,0.08514964566993817,0.2874635214747983,0.09079615579266044,-0.34972866596086744,1.782936063410573,2.0,0.1875,0.125,0.7791666666666667,0.9375,0.8541666666666666,0.9520833333333334,0.8552884615384615,0.9497973657548126,0.7969551282051281,0.9394934494821318,0.6755764901480968,0.8858680153747479,0.7770060689559316,0.9232365255575028,0.9587459313018539,0.9827998427724004,0.95703125,0.9799479166666667,0.0631149748321196,0.08932675776833272,20261084,1,Asia,342,96,V1-V10_financial_only
PONE2016_h1_target_Asia,20260731,Uncertainty_gated_fusion,cost_5,96,48,0.21595539915779557,"Same-horizon leave-one-region-out transfer; source regions=Europe,North America; target region=Asia; source-only fit/search/calibration; target labels untouched until final evaluation; V1-V10 financial ratios only.","One-standard-error paired-bootstrap gate selected KELM_risk_feature; search utility difference=-0.0040, required margin=0.0514.",Platt_logistic_on_separate_calibration_partition,0.75,1.0,0.5625,0.6956521739130435,0.8205128205128205,0.7407407407407407,0.9195402298850575,0.6255432421712243,0.705981446626545,0.78125,0.4375,0.71875,48.0,21.0,27.0,0.0,0.9646303476651321,0.9631076388888888,0.08514964566993817,0.2874635214747983,0.09079615579266044,-0.34972866596086744,1.782936063410573,5.0,0.21875,0.07291666666666667,1.0,1.0,0.5270833333333333,0.6020833333333333,0.6790389395194698,0.7153643546971027,0.9136004679730916,0.9262845262845263,0.5982206409792088,0.6562812278212516,0.6805619440698583,0.7338005052601185,0.9592541677881912,0.9836475958982253,0.9509114583333333,0.9825086805555555,0.07159184160027038,0.09357045681312112,20261084,1,Asia,342,96,V1-V10_financial_only
PONE2016_h1_target_Asia,20260731,Uncertainty_gated_fusion,cost_10,96,48,0.21595539915779557,"Same-horizon leave-one-region-out transfer; source regions=Europe,North America; target region=Asia; source-only fit/search/calibration; target labels untouched until final evaluation; V1-V10 financial ratios only.","One-standard-error paired-bootstrap gate selected KELM_risk_feature; search utility difference=-0.0040, required margin=0.0514.",Platt_logistic_on_separate_calibration_partition,0.75,1.0,0.5625,0.6956521739130435,0.8205128205128205,0.7407407407407407,0.9195402298850575,0.6255432421712243,0.705981446626545,0.78125,0.4375,0.71875,48.0,21.0,27.0,0.0,0.9646303476651321,0.9631076388888888,0.08514964566993817,0.2874635214747983,0.09079615579266044,-0.34972866596086744,1.782936063410573,10.0,0.21875,0.03977272727272727,1.0,1.0,0.46041666666666664,0.6,0.649537208441318,0.7143413367942893,0.9025961129238189,0.9259308569653397,0.5468557434504323,0.6546666572463993,0.6314435259315555,0.7323298786356005,0.9125000282880896,0.9731927716360502,0.9069444444444444,0.969140625,0.08565997692113361,0.12688780873538846,20261084,1,Asia,342,96,V1-V10_financial_only
PONE2016_h1_target_Asia,20260731,Uncertainty_gated_fusion,cost_20,96,48,0.07132430822205678,"Same-horizon leave-one-region-out transfer; source regions=Europe,North America; target region=Asia; source-only fit/search/calibration; target labels untouched until final evaluation; V1-V10 financial ratios only.","One-standard-error paired-bootstrap gate selected KELM_risk_feature; search utility difference=-0.0040, required margin=0.0514.",Platt_logistic_on_separate_calibration_partition,0.3227486121839514,1.0,0.10416666666666667,0.5274725274725275,0.6906474820143885,0.5825242718446602,0.8480565371024735,0.2344036154692477,0.29011110795301165,0.5520833333333334,0.8958333333333334,0.9479166666666666,48.0,43.0,5.0,0.0,0.9646303476651321,0.9631076388888888,0.08514964566993817,0.2874635214747983,0.09079615579266044,-0.34972866596086744,1.782936063410573,20.0,0.4479166666666667,0.04265873015873016,1.0,1.0,0.020833333333333332,0.10416666666666667,0.5052631578947369,0.5274725274725275,0.8362369337979094,0.8480565371024735,0.10259783520851541,0.2344036154692477,0.12881476730399327,0.29011110795301165,0.9565841414171203,0.9783057553135843,0.9563368055555556,0.9763020833333333,0.0739693718516469,0.0949634597540579,20261084,1,Asia,342,96,V1-V10_financial_only
PONE2016_h1_target_Asia,20260731,Full_random_search,triad,96,48,0.8848356447779827,"Same-horizon leave-one-region-out transfer; source regions=Europe,North America; target region=Asia; source-only fit/search/calibration; target labels untouched until final evaluation; V1-V10 financial ratios only.",Same full architecture and 81 evaluations as PBMSBAINGO; alpha=0.05.,Platt_logistic_on_separate_calibration_partition,0.8449708246113853,0.7291666666666666,0.9791666666666666,0.9722222222222222,0.8333333333333334,0.9114583333333334,0.7675438596491229,0.7315635209502899,0.8053385522987825,0.8541666666666666,0.020833333333333332,0.375,35.0,1.0,47.0,13.0,0.9520760190604451,0.9414062499999999,0.10283923509374275,0.33940246071070446,0.10506592355645443,0.02160163556187808,1.0380413272899502,,,,0.5291666666666667,0.7916666666666666,0.9583333333333334,0.9979166666666667,0.9369354838709677,0.9974358974358974,0.5810774673962233,0.8221562919838782,0.5664605085263803,0.7823399698286798,0.6639452193425655,0.8458367408743112,0.9166695253187457,0.9665373564879488,0.891796875,0.9620659722222222,0.08267307616850283,0.1501077755591713,20261132,1,Asia,342,96,V1-V10_financial_only
PONE2016_h1_target_Asia,20260731,Full_random_search,cost_1,96,48,0.6901378618688371,"Same-horizon leave-one-region-out transfer; source regions=Europe,North America; target region=Asia; source-only fit/search/calibration; target labels untouched until final evaluation; V1-V10 financial ratios only.",Same full architecture and 81 evaluations as PBMSBAINGO; alpha=0.05.,Platt_logistic_on_separate_calibration_partition,0.8640183897219884,0.8333333333333334,0.8958333333333334,0.8888888888888888,0.8602150537634409,0.8771929824561403,0.8438818565400844,0.7305950062660077,0.8170354314983949,0.8645833333333334,0.10416666666666667,0.46875,40.0,5.0,43.0,8.0,0.9520760190604451,0.9414062499999999,0.10283923509374275,0.33940246071070446,0.10506592355645443,0.02160163556187808,1.0380413272899502,1.0,0.13541666666666666,0.13541666666666666,0.6770833333333333,0.8333333333333334,0.8375,0.9166666666666666,0.836046511627907,0.907070707070707,0.7103023516237401,0.846045197740113,0.6071542662980302,0.7464820838591862,0.7209920672290352,0.8272106736990088,0.9116084067433404,0.9619527527628209,0.8916232638888889,0.9543402777777777,0.09625159614651002,0.1409948557190748,20261132,1,Asia,342,96,V1-V10_financial_only
PONE2016_h1_target_Asia,20260731,Full_random_search,cost_2,96,48,0.6901378618688371,"Same-horizon leave-one-region-out transfer; source regions=Europe,North America; target region=Asia; source-only fit/search/calibration; target labels untouched until final evaluation; V1-V10 financial ratios only.",Same full architecture and 81 evaluations as PBMSBAINGO; alpha=0.05.,Platt_logistic_on_separate_calibration_partition,0.8640183897219884,0.8333333333333334,0.8958333333333334,0.8888888888888888,0.8602150537634409,0.8771929824561403,0.8438818565400844,0.7305950062660077,0.8170354314983949,0.8645833333333334,0.10416666666666667,0.46875,40.0,5.0,43.0,8.0,0.9520760190604451,0.9414062499999999,0.10283923509374275,0.33940246071070446,0.10506592355645443,0.02160163556187808,1.0380413272899502,2.0,0.21875,0.14583333333333334,0.7916666666666666,0.90625,0.8375,0.9541666666666667,0.8334751773049646,0.9454761904761905,0.8123591889282266,0.9004602991944763,0.6502608524181176,0.7891831790007622,0.7619916654572646,0.857043845795588,0.9345902533748807,0.9772491190462157,0.9125868055555556,0.9756944444444444,0.07824604624744456,0.1293489162695337,20261132,1,Asia,342,96,V1-V10_financial_only
PONE2016_h1_target_Asia,20260731,Full_random_search,cost_5,96,48,0.09414909569831977,"Same-horizon leave-one-region-out transfer; source regions=Europe,North America; target region=Asia; source-only fit/search/calibration; target labels untouched until final evaluation; V1-V10 financial ratios only.",Same full architecture and 81 evaluations as PBMSBAINGO; alpha=0.05.,Platt_logistic_on_separate_calibration_partition,0.6702378309227255,0.9375,0.4791666666666667,0.6428571428571429,0.7627118644067796,0.6859756097560976,0.8587786259541985,0.4688072309384954,0.5949549181041361,0.7083333333333334,0.5208333333333334,0.7291666666666666,45.0,25.0,23.0,3.0,0.9520760190604451,0.9414062499999999,0.10283923509374275,0.33940246071070446,0.10506592355645443,0.02160163556187808,1.0380413272899502,5.0,0.4166666666666667,0.1388888888888889,0.9,0.9791666666666666,0.5,0.6375000000000001,0.6433262260127931,0.7291193181818182,0.8343135494298285,0.9155254871673004,0.4395044618706917,0.6512133029030668,0.5829239747028552,0.7393409464180979,0.9422194488662509,0.9868409067503712,0.9227430555555556,0.9838107638888889,0.05872672705432835,0.11088432604122626,20261132,1,Asia,342,96,V1-V10_financial_only
PONE2016_h1_target_Asia,20260731,Full_random_search,cost_10,96,48,0.09414909569831977,"Same-horizon leave-one-region-out transfer; source regions=Europe,North America; target region=Asia; source-only fit/search/calibration; target labels untouched until final evaluation; V1-V10 financial ratios only.",Same full architecture and 81 evaluations as PBMSBAINGO; alpha=0.05.,Platt_logistic_on_separate_calibration_partition,0.6702378309227255,0.9375,0.4791666666666667,0.6428571428571429,0.7627118644067796,0.6859756097560976,0.8587786259541985,0.4688072309384954,0.5949549181041361,0.7083333333333334,0.5208333333333334,0.7291666666666666,45.0,25.0,23.0,3.0,0.9520760190604451,0.9414062499999999,0.10283923509374275,0.33940246071070446,0.10506592355645443,0.02160163556187808,1.0380413272899502,10.0,0.5729166666666666,0.10416666666666667,0.88125,0.9979166666666667,0.3958333333333333,0.5125000000000001,0.6081668625146887,0.6639999999999999,0.8087243971998963,0.8971113694089284,0.35242614885334095,0.5324981785525638,0.5122391735140438,0.6401930019742036,0.9317979827792389,0.9687848987467196,0.9054253472222221,0.9680989583333333,0.09126884385948064,0.1304243725120608,20261132,1,Asia,342,96,V1-V10_financial_only
PONE2016_h1_target_Asia,20260731,Full_random_search,cost_20,96,48,0.09414909569831977,"Same-horizon leave-one-region-out transfer; source regions=Europe,North America; target region=Asia; source-only fit/search/calibration; target labels untouched until final evaluation; V1-V10 financial ratios only.",Same full architecture and 81 evaluations as PBMSBAINGO; alpha=0.05.,Platt_logistic_on_separate_calibration_partition,0.6702378309227255,0.9375,0.4791666666666667,0.6428571428571429,0.7627118644067796,0.6859756097560976,0.8587786259541985,0.4688072309384954,0.5949549181041361,0.7083333333333334,0.5208333333333334,0.7291666666666666,45.0,25.0,23.0,3.0,0.9520760190604451,0.9414062499999999,0.10283923509374275,0.33940246071070446,0.10506592355645443,0.02160163556187808,1.0380413272899502,20.0,0.8854166666666666,0.08432539682539683,0.91875,0.9770833333333333,0.4395833333333333,0.4979166666666667,0.6258802816901409,0.6605633802816901,0.8438479623824452,0.8916349809885932,0.4337311413372687,0.5411724361363971,0.5637185016054276,0.6409028103267832,0.9317587342019157,0.9897807963241828,0.9169704861111112,0.9858940972222222,0.04315834886074263,0.14541629643789686,20261132,1,Asia,342,96,V1-V10_financial_only
PONE2016_h1_target_Asia,20260731,Balanced_logistic,triad,96,48,0.9029763223175306,"Same-horizon leave-one-region-out transfer; source regions=Europe,North America; target region=Asia; source-only fit/search/calibration; target labels untouched until final evaluation; V1-V10 financial ratios only.",Class-weighted logistic reference using the same source-only fit/search/calibration and untouched regional target.,Platt_logistic_on_separate_calibration_partition,0.8079466429027214,0.6666666666666666,0.9791666666666666,0.9696969696969697,0.7901234567901234,0.8888888888888888,0.7111111111111111,0.6798834181250946,0.7627811232264889,0.8229166666666666,0.020833333333333332,0.34375,32.0,1.0,47.0,16.0,0.9543744904577071,0.9440104166666666,0.10232066833679222,0.3235760106814021,0.08586438083412934,-0.6868715380360546,1.263824887137421,,,,0.625,0.7270833333333333,0.9604166666666667,1.0,0.9467741935483871,1.0,0.6729487334868501,0.7683940026277146,0.6488574110034416,0.7541034436215175,0.735524180434143,0.8176689983469517,0.9318851536447129,0.9768579976215248,0.9078559027777778,0.9746961805555555,0.07884700981330098,0.12914604489704348,20262032,1,Asia,342,96,V1-V10_financial_only
PONE2016_h1_target_Asia,20260731,Balanced_logistic,cost_1,96,48,0.6593644179556826,"Same-horizon leave-one-region-out transfer; source regions=Europe,North America; target region=Asia; source-only fit/search/calibration; target labels untouched until final evaluation; V1-V10 financial ratios only.",Class-weighted logistic reference using the same source-only fit/search/calibration and untouched regional target.,Platt_logistic_on_separate_calibration_partition,0.853149801226803,0.8125,0.8958333333333334,0.8863636363636364,0.8478260869565217,0.8705357142857143,0.826271186440678,0.7108057085060271,0.8027873090508576,0.8541666666666667,0.10416666666666667,0.4583333333333333,39.0,5.0,43.0,9.0,0.9543744904577071,0.9440104166666666,0.10232066833679222,0.3235760106814021,0.08586438083412934,-0.6868715380360546,1.263824887137421,1.0,0.14583333333333334,0.14583333333333334,0.73125,0.7708333333333334,0.85625,0.9333333333333333,0.8428646934460888,0.9203048780487805,0.7561325292289477,0.7963958180484226,0.627849925859425,0.7118242487144276,0.7447387695974164,0.7993114233440458,0.9326502309244119,0.95740987141967,0.9145833333333332,0.9506076388888889,0.09660604744238223,0.1288509040645207,20262032,1,Asia,342,96,V1-V10_financial_only
PONE2016_h1_target_Asia,20260731,Balanced_logistic,cost_2,96,48,0.2439325672092018,"Same-horizon leave-one-region-out transfer; source regions=Europe,North America; target region=Asia; source-only fit/search/calibration; target labels untouched until final evaluation; V1-V10 financial ratios only.",Class-weighted logistic reference using the same source-only fit/search/calibration and untouched regional target.,Platt_logistic_on_separate_calibration_partition,0.699702317656111,0.9791666666666666,0.5,0.6619718309859155,0.7899159663865546,0.7078313253012049,0.8935361216730038,0.5459195627691725,0.6441471566101725,0.7395833333333333,0.5,0.7395833333333334,47.0,24.0,24.0,1.0,0.9543744904577071,0.9440104166666666,0.10232066833679222,0.3235760106814021,0.08586438083412934,-0.6868715380360546,1.263824887137421,2.0,0.2708333333333333,0.18055555555555555,0.9791666666666666,1.0,0.46249999999999997,0.5604166666666667,0.6461187214611872,0.6901747655583973,0.888151521723415,0.9090909090909091,0.5189851086313568,0.5941892913329133,0.6175151852332154,0.6882705853133314,0.9479881690562478,0.9794915932175942,0.9422743055555556,0.9717013888888888,0.08927004175165838,0.1146304869360597,20262032,1,Asia,342,96,V1-V10_financial_only
PONE2016_h1_target_Asia,20260731,Balanced_logistic,cost_5,96,48,0.2439325672092018,"Same-horizon leave-one-region-out transfer; source regions=Europe,North America; target region=Asia; source-only fit/search/calibration; target labels untouched until final evaluation; V1-V10 financial ratios only.",Class-weighted logistic reference using the same source-only fit/search/calibration and untouched regional target.,Platt_logistic_on_separate_calibration_partition,0.699702317656111,0.9791666666666666,0.5,0.6619718309859155,0.7899159663865546,0.7078313253012049,0.8935361216730038,0.5459195627691725,0.6441471566101725,0.7395833333333333,0.5,0.7395833333333334,47.0,24.0,24.0,1.0,0.9543744904577071,0.9440104166666666,0.10232066833679222,0.3235760106814021,0.08586438083412934,-0.6868715380360546,1.263824887137421,5.0,0.3020833333333333,0.10069444444444445,0.9604166666666667,1.0,0.4791666666666667,0.6395833333333334,0.6575342465753424,0.7343123543123543,0.8927101967799642,0.931032963805888,0.5613096232478871,0.6811219598058214,0.6455001718101668,0.7566113908095057,0.936564169235398,0.9785327212845667,0.9217013888888889,0.975390625,0.07809254286127516,0.11530812997138491,20262032,1,Asia,342,96,V1-V10_financial_only
PONE2016_h1_target_Asia,20260731,Balanced_logistic,cost_10,96,48,0.2439325672092018,"Same-horizon leave-one-region-out transfer; source regions=Europe,North America; target region=Asia; source-only fit/search/calibration; target labels untouched until final evaluation; V1-V10 financial ratios only.",Class-weighted logistic reference using the same source-only fit/search/calibration and untouched regional target.,Platt_logistic_on_separate_calibration_partition,0.699702317656111,0.9791666666666666,0.5,0.6619718309859155,0.7899159663865546,0.7078313253012049,0.8935361216730038,0.5459195627691725,0.6441471566101725,0.7395833333333333,0.5,0.7395833333333334,47.0,24.0,24.0,1.0,0.9543744904577071,0.9440104166666666,0.10232066833679222,0.3235760106814021,0.08586438083412934,-0.6868715380360546,1.263824887137421,10.0,0.3541666666666667,0.06439393939393939,0.9583333333333334,0.9979166666666667,0.46249999999999997,0.6583333333333333,0.6494980694980695,0.7374389051808407,0.879223622699568,0.9051861938310343,0.5186441343097374,0.6464998912700077,0.6277522098088658,0.7415043704757308,0.9138975565809507,0.9623426154936087,0.8973958333333334,0.949782986111111,0.08716052513748064,0.14193394517926033,20262032,1,Asia,342,96,V1-V10_financial_only
PONE2016_h1_target_Asia,20260731,Balanced_logistic,cost_20,96,48,0.07769473059692372,"Same-horizon leave-one-region-out transfer; source regions=Europe,North America; target region=Asia; source-only fit/search/calibration; target labels untouched until final evaluation; V1-V10 financial ratios only.",Class-weighted logistic reference using the same source-only fit/search/calibration and untouched regional target.,Platt_logistic_on_separate_calibration_partition,0.3535533905932738,1.0,0.125,0.5333333333333333,0.6956521739130435,0.5882352941176471,0.851063829787234,0.25819888974716115,0.31838660973658534,0.5625,0.875,0.9375,48.0,42.0,6.0,0.0,0.9543744904577071,0.9440104166666666,0.10232066833679222,0.3235760106814021,0.08586438083412934,-0.6868715380360546,1.263824887137421,20.0,0.4375,0.041666666666666664,1.0,1.0,0.06458333333333333,0.14583333333333334,0.5166900420757363,0.5393258426966292,0.8424017790956263,0.8540925266903915,0.1824962132298049,0.2804490780752514,0.22741680978729092,0.34453785038727813,0.9445780485926862,0.9721058402979021,0.9305989583333334,0.9685763888888888,0.0841942989986019,0.11228474874014291,20262032,1,Asia,342,96,V1-V10_financial_only
PONE2016_h1_target_Europe,20260731,HistGB,triad,171,86,0.9289184500299371,"Same-horizon leave-one-region-out transfer; source regions=Asia,North America; target region=Europe; source-only fit/search/calibration; target labels untouched until final evaluation; V1-V10 financial ratios only.",No metaheuristic; threshold and Platt calibration use calibration partition.,Platt_logistic_on_separate_calibration_partition,0.7448868109646665,0.6046511627906976,0.9176470588235294,0.8813559322033898,0.7172413793103448,0.8074534161490683,0.6451612903225806,0.5493412588939887,0.6729884269341517,0.7611491108071136,0.08235294117647059,0.34502923976608185,52.0,7.0,78.0,34.0,0.8607584204467822,0.8808481532147743,0.14984046276283483,0.4779763713993825,0.09354868242583984,-0.12502369375106423,0.7323014741694593,,,,0.6069767441860465,0.6813953488372093,0.8835294117647059,0.9611764705882353,0.8555027173913043,0.9409090909090909,0.652968628467721,0.7102591036414566,0.5517403169963228,0.6068868611253863,0.6806458158704904,0.7080757494029833,0.827236820881479,0.9208789821949032,0.8603556771545828,0.9131326949384405,0.12988621186226224,0.15732142493334345,20260731,1,Europe,267,171,V1-V10_financial_only
PONE2016_h1_target_Europe,20260731,HistGB,cost_1,171,86,0.38111438505307244,"Same-horizon leave-one-region-out transfer; source regions=Asia,North America; target region=Europe; source-only fit/search/calibration; target labels untouched until final evaluation; V1-V10 financial ratios only.",No metaheuristic; threshold and Platt calibration use calibration partition.,Platt_logistic_on_separate_calibration_partition,0.8187274500607025,0.813953488372093,0.8235294117647058,0.8235294117647058,0.8187134502923976,0.8215962441314554,0.8158508158508159,0.6374829001367989,0.7532094281968701,0.8187414500683994,0.17647058823529413,0.49707602339181284,70.0,15.0,70.0,16.0,0.8607584204467822,0.8808481532147743,0.14984046276283483,0.4779763713993825,0.09354868242583984,-0.12502369375106423,0.7323014741694593,1.0,0.18128654970760233,0.18128654970760233,0.7058139534883721,0.8348837209302326,0.7905882352941176,0.8905882352941177,0.7730305838739574,0.8831826401446654,0.7182647590929776,0.8397516625792625,0.49811122986808204,0.7087154729320625,0.652471514083659,0.8016408378734142,0.8317461688072971,0.9079273359751542,0.8405061559507523,0.9054582763337893,0.1244433108421201,0.20587209334690046,20260731,1,Europe,267,171,V1-V10_financial_only
PONE2016_h1_target_Europe,20260731,HistGB,cost_2,171,86,0.38111438505307244,"Same-horizon leave-one-region-out transfer; source regions=Asia,North America; target region=Europe; source-only fit/search/calibration; target labels untouched until final evaluation; V1-V10 financial ratios only.",No metaheuristic; threshold and Platt calibration use calibration partition.,Platt_logistic_on_separate_calibration_partition,0.8187274500607025,0.813953488372093,0.8235294117647058,0.8235294117647058,0.8187134502923976,0.8215962441314554,0.8158508158508159,0.6374829001367989,0.7532094281968701,0.8187414500683994,0.17647058823529413,0.49707602339181284,70.0,15.0,70.0,16.0,0.8607584204467822,0.8808481532147743,0.14984046276283483,0.4779763713993825,0.09354868242583984,-0.12502369375106423,0.7323014741694593,2.0,0.27485380116959063,0.1828793774319066,0.7697674418604652,0.8255813953488372,0.7447058823529412,0.8223529411764705,0.7538888888888888,0.8183017785427423,0.7669392523364486,0.8213805683563749,0.5181989567788932,0.6247023928728097,0.6681664073391347,0.7441076793887176,0.8119674465700053,0.8888046844510187,0.8480848153214775,0.888577291381669,0.1516915955208077,0.19418964935002275,20260731,1,Europe,267,171,V1-V10_financial_only
PONE2016_h1_target_Europe,20260731,HistGB,cost_5,171,86,0.14144495664992965,"Same-horizon leave-one-region-out transfer; source regions=Asia,North America; target region=Europe; source-only fit/search/calibration; target labels untouched until final evaluation; V1-V10 financial ratios only.",No metaheuristic; threshold and Platt calibration use calibration partition.,Platt_logistic_on_separate_calibration_partition,0.8251352332889285,0.9186046511627907,0.7411764705882353,0.7821782178217822,0.8449197860962567,0.8061224489795918,0.8876404494382022,0.6708862122510577,0.7701341412605366,0.8298905608755129,0.25882352941176473,0.5906432748538012,79.0,22.0,63.0,7.0,0.8607584204467822,0.8808481532147743,0.14984046276283483,0.4779763713993825,0.09354868242583984,-0.12502369375106423,0.7323014741694593,5.0,0.3333333333333333,0.11067961165048544,0.8976744186046512,0.9755813953488371,0.6694117647058824,0.8541176470588234,0.738915857605178,0.8624900692316423,0.8754189744323407,0.9374294582392777,0.6132222901417721,0.7840056938638196,0.7234996525131611,0.8493440953334807,0.8754285423921054,0.9264255352812912,0.8861012311901505,0.9273187414500683,0.10931316489727362,0.17420339684835792,20260731,1,Europe,267,171,V1-V10_financial_only
PONE2016_h1_target_Europe,20260731,HistGB,cost_10,171,86,0.14144495664992965,"Same-horizon leave-one-region-out transfer; source regions=Asia,North America; target region=Europe; source-only fit/search/calibration; target labels untouched until final evaluation; V1-V10 financial ratios only.",No metaheuristic; threshold and Platt calibration use calibration partition.,Platt_logistic_on_separate_calibration_partition,0.8251352332889285,0.9186046511627907,0.7411764705882353,0.7821782178217822,0.8449197860962567,0.8061224489795918,0.8876404494382022,0.6708862122510577,0.7701341412605366,0.8298905608755129,0.25882352941176473,0.5906432748538012,79.0,22.0,63.0,7.0,0.8607584204467822,0.8808481532147743,0.14984046276283483,0.4779763713993825,0.09354868242583984,-0.12502369375106423,0.7323014741694593,10.0,0.5380116959064327,0.09735449735449736,0.8837209302325582,0.9418604651162791,0.6729411764705882,0.7647058823529411,0.7333932422717468,0.7973484848484849,0.8497564935064935,0.901604452367666,0.5763105818364894,0.6905159585369258,0.7014209887188738,0.7847166443714674,0.7982391609575421,0.889032548782845,0.840328317373461,0.8986593707250342,0.13770644300931484,0.17841328615755292,20260731,1,Europe,267,171,V1-V10_financial_only
PONE2016_h1_target_Europe,20260731,HistGB,cost_20,171,86,0.11403605001720103,"Same-horizon leave-one-region-out transfer; source regions=Asia,North America; target region=Europe; source-only fit/search/calibration; target labels untouched until final evaluation; V1-V10 financial ratios only.",No metaheuristic; threshold and Platt calibration use calibration partition.,Platt_logistic_on_separate_calibration_partition,0.43133109281375365,0.9883720930232558,0.18823529411764706,0.551948051948052,0.7083333333333334,0.6054131054131054,0.8534136546184738,0.29510918904744216,0.38007393568656334,0.5883036935704514,0.8117647058823529,0.9005847953216374,85.0,69.0,16.0,1.0,0.8607584204467822,0.8808481532147743,0.14984046276283483,0.4779763713993825,0.09354868242583984,-0.12502369375106423,0.7323014741694593,20.0,0.52046783625731,0.049307479224376734,0.9895348837209302,1.0,0.15294117647058825,0.18823529411764706,0.5416915262436507,0.5548387096774193,0.8491304244101439,0.8617234468937875,0.2607896036214063,0.32317213324169025,0.34043131296887463,0.39328886805333707,0.8528485943893415,0.8964704229495233,0.8787414500683993,0.9159370725034198,0.12574587174040766,0.16585207064958568,20260731,1,Europe,267,171,V1-V10_financial_only
PONE2016_h1_target_Europe,20260731,KELM_PBMSBAINGO,triad,171,86,0.8490535976143164,"Same-horizon leave-one-region-out transfer; source regions=Asia,North America; target region=Europe; source-only fit/search/calibration; target labels untouched until final evaluation; V1-V10 financial ratios only.",Plain KELM; hyperparameters/features selected only on search partition.,Platt_logistic_on_separate_calibration_partition,0.7104843148840841,0.5232558139534884,0.9647058823529412,0.9375,0.6716417910447762,0.8093525179856115,0.5739795918367347,0.5429642635740107,0.6495711758394511,0.7439808481532149,0.03529411764705882,0.2807017543859649,45.0,3.0,82.0,41.0,0.8653814362841508,0.9012311901504788,0.12245001358191762,0.4201708220009251,0.06649488180459613,0.009733821289555366,0.8520749442375976,,,,0.3767441860465116,0.5755813953488372,0.9423529411764706,0.9858823529411765,0.8668367346938776,0.9747744052502051,0.4243571715548413,0.6244429374152296,0.3856047329002145,0.5890397358043047,0.514641699786367,0.6894677977437809,0.7987324746436446,0.9227540438869839,0.8410123119015048,0.9193570451436389,0.11339732964825584,0.16164904891830595,20260832,1,Europe,267,171,V1-V10_financial_only
PONE2016_h1_target_Europe,20260731,KELM_PBMSBAINGO,cost_1,171,86,0.6641778781469418,"Same-horizon leave-one-region-out transfer; source regions=Asia,North America; target region=Europe; source-only fit/search/calibration; target labels untouched until final evaluation; V1-V10 financial ratios only.",Plain KELM; hyperparameters/features selected only on search partition.,Platt_logistic_on_separate_calibration_partition,0.8085554835039094,0.686046511627907,0.9529411764705882,0.9365079365079365,0.7919463087248322,0.8727810650887574,0.7248157248157249,0.6623217641075031,0.7565359321996312,0.8194938440492476,0.047058823529411764,0.3684210526315789,59.0,4.0,81.0,27.0,0.8653814362841508,0.9012311901504788,0.12245001358191762,0.4201708220009251,0.06649488180459613,0.009733821289555366,0.8520749442375976,1.0,0.18128654970760233,0.18128654970760233,0.6441860465116279,0.7406976744186047,0.9411764705882353,0.9635294117647059,0.9221117424242424,0.9475659229208925,0.6879755633596722,0.7734193701160312,0.6391289175986017,0.7081940722772441,0.7344258273250407,0.7931884786770422,0.8625435119837479,0.8976403860034575,0.8770314637482901,0.9274008207934338,0.10516698824824852,0.13987155468163567,20260832,1,Europe,267,171,V1-V10_financial_only
PONE2016_h1_target_Europe,20260731,KELM_PBMSBAINGO,cost_2,171,86,0.5566766971984132,"Same-horizon leave-one-region-out transfer; source regions=Asia,North America; target region=Europe; source-only fit/search/calibration; target labels untouched until final evaluation; V1-V10 financial ratios only.",Plain KELM; hyperparameters/features selected only on search partition.,Platt_logistic_on_separate_calibration_partition,0.8039743957374313,0.7325581395348837,0.8823529411764706,0.863013698630137,0.7924528301886793,0.8333333333333334,0.7553956834532374,0.621579295192596,0.7378934554861382,0.8074555403556771,0.11764705882352941,0.4269005847953216,63.0,10.0,75.0,23.0,0.8653814362841508,0.9012311901504788,0.12245001358191762,0.4201708220009251,0.06649488180459613,0.009733821289555366,0.8520749442375976,2.0,0.32748538011695905,0.2178988326848249,0.7325581395348837,0.7674418604651163,0.8388235294117647,0.9611764705882353,0.8280263157894736,0.9507575757575758,0.7566853834005965,0.7917724963715529,0.60573687164719,0.7150826279830623,0.7297495865628205,0.7967651038506494,0.8062034039754504,0.9574294322085551,0.8655813953488372,0.9584131326949384,0.0894078122055606,0.13973327038550454,20260832,1,Europe,267,171,V1-V10_financial_only
PONE2016_h1_target_Europe,20260731,KELM_PBMSBAINGO,cost_5,171,86,0.13364624374653689,"Same-horizon leave-one-region-out transfer; source regions=Asia,North America; target region=Europe; source-only fit/search/calibration; target labels untouched until final evaluation; V1-V10 financial ratios only.",Plain KELM; hyperparameters/features selected only on search partition.,Platt_logistic_on_separate_calibration_partition,0.6608041364149791,0.9767441860465116,0.4470588235294118,0.6412213740458015,0.7741935483870968,0.6885245901639344,0.8842105263157894,0.5005610828322787,0.6023758179933081,0.7119015047879617,0.5529411764705883,0.7660818713450293,84.0,47.0,38.0,2.0,0.8653814362841508,0.9012311901504788,0.12245001358191762,0.4201708220009251,0.06649488180459613,0.009733821289555366,0.8520749442375976,5.0,0.3333333333333333,0.11067961165048544,0.9558139534883721,0.9988372093023256,0.4023529411764706,0.49882352941176467,0.6281213983864772,0.6590710647586708,0.8765118529269472,0.8936723370685635,0.4832667788979772,0.5139777503590021,0.5840922578053553,0.6258642119186403,0.8326650978118971,0.9198480867329016,0.8920519835841314,0.9239534883720931,0.10614933597991481,0.12836654347099372,20260832,1,Europe,267,171,V1-V10_financial_only
PONE2016_h1_target_Europe,20260731,KELM_PBMSBAINGO,cost_10,171,86,0.06542765202526978,"Same-horizon leave-one-region-out transfer; source regions=Asia,North America; target region=Europe; source-only fit/search/calibration; target labels untouched until final evaluation; V1-V10 financial ratios only.",Plain KELM; hyperparameters/features selected only on search partition.,Platt_logistic_on_separate_calibration_partition,0.4912364700364215,0.9767441860465116,0.24705882352941178,0.5675675675675675,0.717948717948718,0.6194690265486725,0.8536585365853658,0.3279667643097945,0.4293423011591773,0.6119015047879617,0.7529411764705882,0.8654970760233918,84.0,64.0,21.0,2.0,0.8653814362841508,0.9012311901504788,0.12245001358191762,0.4201708220009251,0.06649488180459613,0.009733821289555366,0.8520749442375976,10.0,0.49122807017543857,0.08888888888888889,0.977906976744186,0.9988372093023256,0.19294117647058823,0.3435294117647059,0.5531290856794213,0.6063686026451984,0.8520756453807116,0.8843202581510351,0.29726247124195065,0.4537985884907263,0.38381625373240147,0.5376399027451043,0.7956157982578161,0.930973781874878,0.8752530779753762,0.9339261285909712,0.09726813990975465,0.14476261889320718,20260832,1,Europe,267,171,V1-V10_financial_only
PONE2016_h1_target_Europe,20260731,KELM_PBMSBAINGO,cost_20,171,86,0.06542765202526978,"Same-horizon leave-one-region-out transfer; source regions=Asia,North America; target region=Europe; source-only fit/search/calibration; target labels untouched until final evaluation; V1-V10 financial ratios only.",Plain KELM; hyperparameters/features selected only on search partition.,Platt_logistic_on_separate_calibration_partition,0.4912364700364215,0.9767441860465116,0.24705882352941178,0.5675675675675675,0.717948717948718,0.6194690265486725,0.8536585365853658,0.3279667643097945,0.4293423011591773,0.6119015047879617,0.7529411764705882,0.8654970760233918,84.0,64.0,21.0,2.0,0.8653814362841508,0.9012311901504788,0.12245001358191762,0.4201708220009251,0.06649488180459613,0.009733821289555366,0.8520749442375976,20.0,0.6081871345029239,0.057617728531855955,0.9767441860465116,1.0,0.2035294117647059,0.27058823529411763,0.5592640692640692,0.5805072195483154,0.8555717195228397,0.872930747379763,0.3346868357201022,0.3918763841652393,0.4081989074288665,0.47289103028454516,0.8307156588428501,0.8871661594719006,0.8951299589603282,0.9093433652530779,0.11685455079315069,0.12600599872387508,20260832,1,Europe,267,171,V1-V10_financial_only
PONE2016_h1_target_Europe,20260731,KELM_score_fusion,triad,171,86,0.9289184500299371,"Same-horizon leave-one-region-out transfer; source regions=Asia,North America; target region=Europe; source-only fit/search/calibration; target labels untouched until final evaluation; V1-V10 financial ratios only.",Plain KELM plus HistGB score-level fusion; alpha=0.00 selected only on search partition.,Platt_logistic_on_separate_calibration_partition,0.7448868109646665,0.6046511627906976,0.9176470588235294,0.8813559322033898,0.7172413793103448,0.8074534161490683,0.6451612903225806,0.5493412588939887,0.6729884269341517,0.7611491108071136,0.08235294117647059,0.34502923976608185,52.0,7.0,78.0,34.0,0.8607584204467822,0.8808481532147743,0.14984046276283483,0.4779763713993825,0.09354868242583984,-0.12502369375106423,0.7323014741694593,,,,0.5476744186046512,0.6011627906976744,0.8941176470588236,0.9623529411764706,0.8398399014778325,0.9377995642701525,0.5895094936708861,0.6393355667225014,0.4714957182468125,0.569238417887068,0.6138997430609762,0.6741334785118448,0.8366579229670625,0.8999429197662556,0.8622982216142272,0.9180164158686731,0.12925936778879477,0.16917164268743295,20260834,1,Europe,267,171,V1-V10_financial_only
PONE2016_h1_target_Europe,20260731,KELM_score_fusion,cost_1,171,86,0.38111438505307244,"Same-horizon leave-one-region-out transfer; source regions=Asia,North America; target region=Europe; source-only fit/search/calibration; target labels untouched until final evaluation; V1-V10 financial ratios only.",Plain KELM plus HistGB score-level fusion; alpha=0.00 selected only on search partition.,Platt_logistic_on_separate_calibration_partition,0.8187274500607025,0.813953488372093,0.8235294117647058,0.8235294117647058,0.8187134502923976,0.8215962441314554,0.8158508158508159,0.6374829001367989,0.7532094281968701,0.8187414500683994,0.17647058823529413,0.49707602339181284,70.0,15.0,70.0,16.0,0.8607584204467822,0.8808481532147743,0.14984046276283483,0.4779763713993825,0.09354868242583984,-0.12502369375106423,0.7323014741694593,1.0,0.18128654970760233,0.18128654970760233,0.7813953488372094,0.8372093023255814,0.7435294117647059,0.8517647058823529,0.7594290766704559,0.8514285714285714,0.7788463077046164,0.8399586545501528,0.5439271230575983,0.689145456778637,0.6867440953334497,0.7890699853858408,0.7775249366545876,0.8807945046656401,0.8121751025991792,0.8894117647058823,0.13585936836321275,0.19160731383961674,20260834,1,Europe,267,171,V1-V10_financial_only
PONE2016_h1_target_Europe,20260731,KELM_score_fusion,cost_2,171,86,0.38111438505307244,"Same-horizon leave-one-region-out transfer; source regions=Asia,North America; target region=Europe; source-only fit/search/calibration; target labels untouched until final evaluation; V1-V10 financial ratios only.",Plain KELM plus HistGB score-level fusion; alpha=0.00 selected only on search partition.,Platt_logistic_on_separate_calibration_partition,0.8187274500607025,0.813953488372093,0.8235294117647058,0.8235294117647058,0.8187134502923976,0.8215962441314554,0.8158508158508159,0.6374829001367989,0.7532094281968701,0.8187414500683994,0.17647058823529413,0.49707602339181284,70.0,15.0,70.0,16.0,0.8607584204467822,0.8808481532147743,0.14984046276283483,0.4779763713993825,0.09354868242583984,-0.12502369375106423,0.7323014741694593,2.0,0.27485380116959063,0.1828793774319066,0.7941860465116278,0.8709302325581395,0.8364705882352942,0.891764705882353,0.8313989346790019,0.8872093023255814,0.8014480324570373,0.8707305886796525,0.6323242094662344,0.7416460781190141,0.7492509544603635,0.825378179070467,0.862930554380629,0.919468750182737,0.8758413132694939,0.9264158686730506,0.11426627910131776,0.15697623098343919,20260834,1,Europe,267,171,V1-V10_financial_only
PONE2016_h1_target_Europe,20260731,KELM_score_fusion,cost_5,171,86,0.14144495664992965,"Same-horizon leave-one-region-out transfer; source regions=Asia,North America; target region=Europe; source-only fit/search/calibration; target labels untouched until final evaluation; V1-V10 financial ratios only.",Plain KELM plus HistGB score-level fusion; alpha=0.00 selected only on search partition.,Platt_logistic_on_separate_calibration_partition,0.8251352332889285,0.9186046511627907,0.7411764705882353,0.7821782178217822,0.8449197860962567,0.8061224489795918,0.8876404494382022,0.6708862122510577,0.7701341412605366,0.8298905608755129,0.25882352941176473,0.5906432748538012,79.0,22.0,63.0,7.0,0.8607584204467822,0.8808481532147743,0.14984046276283483,0.4779763713993825,0.09354868242583984,-0.12502369375106423,0.7323014741694593,5.0,0.3333333333333333,0.11067961165048544,0.8895348837209303,0.9523255813953488,0.6776470588235294,0.7752941176470588,0.7463583598577045,0.8093921568627451,0.8631596296185311,0.9185704763059023,0.6322035669487899,0.7316344462067986,0.7389151571665501,0.8111066068196134,0.8090122739742975,0.8942908857080248,0.853064295485636,0.9120109439124486,0.12632499297675248,0.17006238456031725,20260834,1,Europe,267,171,V1-V10_financial_only
PONE2016_h1_target_Europe,20260731,KELM_score_fusion,cost_10,171,86,0.14144495664992965,"Same-horizon leave-one-region-out transfer; source regions=Asia,North America; target region=Europe; source-only fit/search/calibration; target labels untouched until final evaluation; V1-V10 financial ratios only.",Plain KELM plus HistGB score-level fusion; alpha=0.00 selected only on search partition.,Platt_logistic_on_separate_calibration_partition,0.8251352332889285,0.9186046511627907,0.7411764705882353,0.7821782178217822,0.8449197860962567,0.8061224489795918,0.8876404494382022,0.6708862122510577,0.7701341412605366,0.8298905608755129,0.25882352941176473,0.5906432748538012,79.0,22.0,63.0,7.0,0.8607584204467822,0.8808481532147743,0.14984046276283483,0.4779763713993825,0.09354868242583984,-0.12502369375106423,0.7323014741694593,10.0,0.5380116959064327,0.09735449735449736,0.8976744186046512,0.9406976744186046,0.6835294117647059,0.8141176470588235,0.7415842490842491,0.8340528816360256,0.8614107739420935,0.9019866573105124,0.5954679939649895,0.7389693018069948,0.7148868950104094,0.8207581380019464,0.8198225384889677,0.8938354622073196,0.8472913816689466,0.9115321477428181,0.14215328499977395,0.1989100632811963,20260834,1,Europe,267,171,V1-V10_financial_only
PONE2016_h1_target_Europe,20260731,KELM_score_fusion,cost_20,171,86,0.11403605001720103,"Same-horizon leave-one-region-out transfer; source regions=Asia,North America; target region=Europe; source-only fit/search/calibration; target labels untouched until final evaluation; V1-V10 financial ratios only.",Plain KELM plus HistGB score-level fusion; alpha=0.00 selected only on search partition.,Platt_logistic_on_separate_calibration_partition,0.43133109281375365,0.9883720930232558,0.18823529411764706,0.551948051948052,0.7083333333333334,0.6054131054131054,0.8534136546184738,0.29510918904744216,0.38007393568656334,0.5883036935704514,0.8117647058823529,0.9005847953216374,85.0,69.0,16.0,1.0,0.8607584204467822,0.8808481532147743,0.14984046276283483,0.4779763713993825,0.09354868242583984,-0.12502369375106423,0.7323014741694593,20.0,0.52046783625731,0.049307479224376734,0.9546511627906977,0.9988372093023256,0.16588235294117648,0.2423529411764706,0.5432289013414842,0.5640074211502782,0.8297918948521358,0.8621084337349397,0.22404701092862422,0.3313196029938527,0.34201547778958186,0.4164193982126112,0.813291508131417,0.8808682325433128,0.8211764705882353,0.9021751025991793,0.1395834642263534,0.16893379316106338,20260834,1,Europe,267,171,V1-V10_financial_only
PONE2016_h1_target_Europe,20260731,KELM_risk_feature,triad,171,86,0.5900387270845887,"Same-horizon leave-one-region-out transfer; source regions=Asia,North America; target region=Europe; source-only fit/search/calibration; target labels untouched until final evaluation; V1-V10 financial ratios only.",OOF HistGB risk is a forced KELM input; no score-level fusion.,Platt_logistic_on_separate_calibration_partition,0.7596168664910812,0.6627906976744186,0.8705882352941177,0.8382352941176471,0.7402597402597403,0.7960893854748603,0.691747572815534,0.544905859505164,0.6799916171564349,0.7666894664842681,0.12941176470588237,0.39766081871345027,57.0,11.0,74.0,29.0,0.8115795562779562,0.8336525307797538,0.17862736317680789,0.5401182980971685,0.093145886525416,0.0448508656666453,1.014121557167978,,,,0.5511627906976744,0.6953488372093023,0.796470588235294,0.8929411764705882,0.7621155638397018,0.8679028132992327,0.5890823659480375,0.7241413761489457,0.44079162309101977,0.5996877327508549,0.5956541897546566,0.7194109795940816,0.7756696103277465,0.8443137283950721,0.7985909712722298,0.8464432284541723,0.17262190817083056,0.19376170710082607,20260942,1,Europe,267,171,V1-V10_financial_only
PONE2016_h1_target_Europe,20260731,KELM_risk_feature,cost_1,171,86,0.5900116449124357,"Same-horizon leave-one-region-out transfer; source regions=Asia,North America; target region=Europe; source-only fit/search/calibration; target labels untouched until final evaluation; V1-V10 financial ratios only.",OOF HistGB risk is a forced KELM input; no score-level fusion.,Platt_logistic_on_separate_calibration_partition,0.8243888421517455,0.8023255813953488,0.8470588235294118,0.8414634146341463,0.8214285714285714,0.8333333333333334,0.8098591549295775,0.6499180725164788,0.7615661072860338,0.8246922024623803,0.15294117647058825,0.47953216374269003,69.0,13.0,72.0,17.0,0.8115795562779562,0.8336525307797538,0.17862736317680789,0.5401182980971685,0.093145886525416,0.0448508656666453,1.014121557167978,1.0,0.17543859649122806,0.17543859649122806,0.780232558139535,0.8255813953488372,0.8258823529411764,0.8576470588235293,0.8210993975903614,0.8544033275960986,0.7907101984004242,0.8311874849526144,0.6157731228951601,0.6834906032088931,0.7377283652168913,0.7851137300507469,0.7747918536904939,0.8294240706810173,0.8265663474692203,0.8434473324213406,0.17688838035643217,0.1848397447507924,20260942,1,Europe,267,171,V1-V10_financial_only
PONE2016_h1_target_Europe,20260731,KELM_risk_feature,cost_2,171,86,0.5900116449124357,"Same-horizon leave-one-region-out transfer; source regions=Asia,North America; target region=Europe; source-only fit/search/calibration; target labels untouched until final evaluation; V1-V10 financial ratios only.",OOF HistGB risk is a forced KELM input; no score-level fusion.,Platt_logistic_on_separate_calibration_partition,0.8243888421517455,0.8023255813953488,0.8470588235294118,0.8414634146341463,0.8214285714285714,0.8333333333333334,0.8098591549295775,0.6499180725164788,0.7615661072860338,0.8246922024623803,0.15294117647058825,0.47953216374269003,69.0,13.0,72.0,17.0,0.8115795562779562,0.8336525307797538,0.17862736317680789,0.5401182980971685,0.093145886525416,0.0448508656666453,1.014121557167978,2.0,0.27485380116959063,0.1828793774319066,0.758139534883721,0.8244186046511628,0.8470588235294118,0.9341176470588235,0.8381655844155844,0.9258974358974359,0.7737837807556134,0.8347339013672964,0.618660010319349,0.752062028275108,0.738181770200534,0.8295778310304471,0.7721319215451918,0.8690827142554437,0.7973734610123119,0.878673050615595,0.15809938584615413,0.2010119816315147,20260942,1,Europe,267,171,V1-V10_financial_only
PONE2016_h1_target_Europe,20260731,KELM_risk_feature,cost_5,171,86,0.5104510837092785,"Same-horizon leave-one-region-out transfer; source regions=Asia,North America; target region=Europe; source-only fit/search/calibration; target labels untouched until final evaluation; V1-V10 financial ratios only.",OOF HistGB risk is a forced KELM input; no score-level fusion.,Platt_logistic_on_separate_calibration_partition,0.747819447546392,0.8488372093023255,0.6588235294117647,0.7156862745098039,0.776595744680851,0.7388663967611336,0.8183856502242153,0.5173776151619275,0.661404352068421,0.7538303693570452,0.3411764705882353,0.5964912280701754,73.0,29.0,56.0,13.0,0.8115795562779562,0.8336525307797538,0.17862736317680789,0.5401182980971685,0.093145886525416,0.0448508656666453,1.014121557167978,5.0,0.5497076023391813,0.1825242718446602,0.8627906976744186,0.9174418604651162,0.628235294117647,0.7364705882352941,0.7013788098693758,0.775,0.8248214285714286,0.8770535714285714,0.505450111750788,0.6420406117383991,0.6494287708832457,0.7510626617589331,0.8046130575183935,0.8711327386988342,0.8320383036935706,0.8866347469220245,0.15882962417724186,0.1765987698559471,20260942,1,Europe,267,171,V1-V10_financial_only
PONE2016_h1_target_Europe,20260731,KELM_risk_feature,cost_10,171,86,0.053070181900094965,"Same-horizon leave-one-region-out transfer; source regions=Asia,North America; target region=Europe; source-only fit/search/calibration; target labels untouched until final evaluation; V1-V10 financial ratios only.",OOF HistGB risk is a forced KELM input; no score-level fusion.,Platt_logistic_on_separate_calibration_partition,0.1867718419094071,0.9883720930232558,0.03529411764705882,0.5089820359281437,0.6719367588932806,0.5636604774535809,0.8317025440313112,0.07828871835777135,0.13977859226274858,0.5118331053351574,0.9647058823529412,0.9766081871345029,85.0,82.0,3.0,1.0,0.8115795562779562,0.8336525307797538,0.17862736317680789,0.5401182980971685,0.093145886525416,0.0448508656666453,1.014121557167978,10.0,0.5380116959064327,0.09735449735449736,0.977906976744186,0.9988372093023256,0.011764705882352941,0.04470588235294117,0.5029585798816568,0.5114316087880936,0.8225720312958957,0.8362516212710766,0.0006361843207488936,0.10234805428013014,0.019484749945451997,0.16244929544559594,0.7563453699878374,0.8433369213379116,0.8040082079343365,0.8567441860465117,0.1665867544020141,0.19273321363307375,20260942,1,Europe,267,171,V1-V10_financial_only
PONE2016_h1_target_Europe,20260731,KELM_risk_feature,cost_20,171,86,0.053070181900094965,"Same-horizon leave-one-region-out transfer; source regions=Asia,North America; target region=Europe; source-only fit/search/calibration; target labels untouched until final evaluation; V1-V10 financial ratios only.",OOF HistGB risk is a forced KELM input; no score-level fusion.,Platt_logistic_on_separate_calibration_partition,0.1867718419094071,0.9883720930232558,0.03529411764705882,0.5089820359281437,0.6719367588932806,0.5636604774535809,0.8317025440313112,0.07828871835777135,0.13977859226274858,0.5118331053351574,0.9647058823529412,0.9766081871345029,85.0,82.0,3.0,1.0,0.8115795562779562,0.8336525307797538,0.17862736317680789,0.5401182980971685,0.093145886525416,0.0448508656666453,1.014121557167978,20.0,0.5964912280701754,0.056509695290858725,0.9883720930232558,1.0,0.0023529411764705885,0.03529411764705882,0.5005952380952381,0.5116124893071,0.8271712366245135,0.8396800377680311,-0.0640917785513582,0.13191531680291396,0.01017713682691359,0.1652034195001001,0.7771957060789307,0.879182098621798,0.8021614227086183,0.883187414500684,0.16189028070071557,0.19009171678471684,20260942,1,Europe,267,171,V1-V10_financial_only
PONE2016_h1_target_Europe,20260731,Full_PBMSBAINGO,triad,171,86,0.8906120131128745,"Same-horizon leave-one-region-out transfer; source regions=Asia,North America; target region=Europe; source-only fit/search/calibration; target labels untouched until final evaluation; V1-V10 financial ratios only.",Risk feature plus score fusion; alpha=0.50 selected only on search partition.,Platt_logistic_on_separate_calibration_partition,0.7714111999433796,0.6744186046511628,0.8823529411764706,0.8529411764705882,0.7532467532467533,0.8100558659217877,0.7038834951456311,0.5688040133844621,0.6969123766621862,0.7783857729138166,0.11764705882352941,0.39766081871345027,58.0,10.0,75.0,28.0,0.824326043890062,0.8722298221614228,0.15161343364601668,0.48814734590755254,0.11832641134589927,-0.10649396516536105,0.6946439803088438,,,,0.563953488372093,0.7372093023255814,0.8470588235294118,0.9011764705882352,0.7887937362368486,0.8828571428571428,0.5981255093724531,0.7623560014864363,0.4292822519977885,0.6467054394477756,0.5900017245074326,0.7544692517709283,0.7443207762473176,0.826138285873596,0.8140355677154583,0.8782079343365252,0.13073332528081752,0.1901376998922068,20261038,1,Europe,267,171,V1-V10_financial_only
PONE2016_h1_target_Europe,20260731,Full_PBMSBAINGO,cost_1,171,86,0.3945383318011405,"Same-horizon leave-one-region-out transfer; source regions=Asia,North America; target region=Europe; source-only fit/search/calibration; target labels untouched until final evaluation; V1-V10 financial ratios only.",Risk feature plus score fusion; alpha=0.50 selected only on search partition.,Platt_logistic_on_separate_calibration_partition,0.8128583604111403,0.8023255813953488,0.8235294117647058,0.8214285714285714,0.8117647058823529,0.8175355450236966,0.8060747663551402,0.625940627010515,0.7450537954864809,0.8129274965800273,0.17647058823529413,0.49122807017543857,69.0,15.0,70.0,17.0,0.824326043890062,0.8722298221614228,0.15161343364601668,0.48814734590755254,0.11832641134589927,-0.10649396516536105,0.6946439803088438,1.0,0.1871345029239766,0.1871345029239766,0.7383720930232558,0.8348837209302326,0.78,0.8447058823529412,0.7724157955865273,0.8400756938603868,0.7449322100829274,0.8333252207962184,0.5187568266223999,0.6597380161291798,0.6684257296203758,0.7686940980691547,0.7707523203617778,0.8816031189826053,0.8251846785225717,0.9023529411764706,0.13546077377647286,0.18986299071227902,20261038,1,Europe,267,171,V1-V10_financial_only
PONE2016_h1_target_Europe,20260731,Full_PBMSBAINGO,cost_2,171,86,0.3945383318011405,"Same-horizon leave-one-region-out transfer; source regions=Asia,North America; target region=Europe; source-only fit/search/calibration; target labels untouched until final evaluation; V1-V10 financial ratios only.",Risk feature plus score fusion; alpha=0.50 selected only on search partition.,Platt_logistic_on_separate_calibration_partition,0.8128583604111403,0.8023255813953488,0.8235294117647058,0.8214285714285714,0.8117647058823529,0.8175355450236966,0.8060747663551402,0.625940627010515,0.7450537954864809,0.8129274965800273,0.17647058823529413,0.49122807017543857,69.0,15.0,70.0,17.0,0.824326043890062,0.8722298221614228,0.15161343364601668,0.48814734590755254,0.11832641134589927,-0.10649396516536105,0.6946439803088438,2.0,0.28654970760233917,0.19066147859922178,0.7488372093023256,0.8441860465116279,0.7505882352941177,0.9105882352941176,0.752899971980947,0.9008837209302325,0.7505636947878656,0.84509907309763,0.5006144191169601,0.7119512737865391,0.6553817884786071,0.8021315793732324,0.8053603171613263,0.906055880982615,0.8429001367989056,0.927250341997264,0.1111282269650284,0.19265952202183798,20261038,1,Europe,267,171,V1-V10_financial_only
PONE2016_h1_target_Europe,20260731,Full_PBMSBAINGO,cost_5,171,86,0.12808494184175964,"Same-horizon leave-one-region-out transfer; source regions=Asia,North America; target region=Europe; source-only fit/search/calibration; target labels untouched until final evaluation; V1-V10 financial ratios only.",Risk feature plus score fusion; alpha=0.50 selected only on search partition.,Platt_logistic_on_separate_calibration_partition,0.7639267840094032,0.9186046511627907,0.6352941176470588,0.7181818181818181,0.8061224489795918,0.7509505703422054,0.8700440528634361,0.5781330911431006,0.6961621931381523,0.7769493844049247,0.36470588235294116,0.6432748538011696,79.0,31.0,54.0,7.0,0.824326043890062,0.8722298221614228,0.15161343364601668,0.48814734590755254,0.11832641134589927,-0.10649396516536105,0.6946439803088438,5.0,0.38596491228070173,0.12815533980582525,0.8732558139534884,0.9406976744186046,0.5894117647058824,0.7635294117647059,0.6913833992094862,0.7989541432019308,0.8353708191477881,0.9012625277227576,0.5077158821202439,0.7038124826185874,0.6470541915325085,0.7928195573648917,0.771493074885011,0.9014277867947258,0.8340629274965801,0.9188782489740082,0.122161551200372,0.17640639908822464,20261038,1,Europe,267,171,V1-V10_financial_only
PONE2016_h1_target_Europe,20260731,Full_PBMSBAINGO,cost_10,171,86,0.10249490867177391,"Same-horizon leave-one-region-out transfer; source regions=Asia,North America; target region=Europe; source-only fit/search/calibration; target labels untouched until final evaluation; V1-V10 financial ratios only.",Risk feature plus score fusion; alpha=0.50 selected only on search partition.,Platt_logistic_on_separate_calibration_partition,0.5603155257282213,0.9883720930232558,0.3176470588235294,0.5944055944055944,0.74235807860262,0.6458966565349544,0.8726899383983573,0.41348547789479223,0.5063395578647977,0.6530095759233926,0.6823529411764706,0.8362573099415205,85.0,58.0,27.0,1.0,0.824326043890062,0.8722298221614228,0.15161343364601668,0.48814734590755254,0.11832641134589927,-0.10649396516536105,0.6946439803088438,10.0,0.39766081871345027,0.07195767195767196,0.9662790697674419,1.0,0.2635294117647059,0.3741176470588235,0.5779137914736743,0.6128177253196666,0.8557396138532042,0.8857480616852688,0.3636071767260616,0.4618701511752556,0.46520873870847795,0.5469803118166344,0.7973492872011242,0.8783488088228162,0.8573871409028728,0.9160875512995896,0.10536328509829399,0.15635381670552448,20261038,1,Europe,267,171,V1-V10_financial_only
PONE2016_h1_target_Europe,20260731,Full_PBMSBAINGO,cost_20,171,86,0.10249490867177391,"Same-horizon leave-one-region-out transfer; source regions=Asia,North America; target region=Europe; source-only fit/search/calibration; target labels untouched until final evaluation; V1-V10 financial ratios only.",Risk feature plus score fusion; alpha=0.50 selected only on search partition.,Platt_logistic_on_separate_calibration_partition,0.5603155257282213,0.9883720930232558,0.3176470588235294,0.5944055944055944,0.74235807860262,0.6458966565349544,0.8726899383983573,0.41348547789479223,0.5063395578647977,0.6530095759233926,0.6823529411764706,0.8362573099415205,85.0,58.0,27.0,1.0,0.824326043890062,0.8722298221614228,0.15161343364601668,0.48814734590755254,0.11832641134589927,-0.10649396516536105,0.6946439803088438,20.0,0.45614035087719296,0.043213296398891966,0.9790697674418605,1.0,0.2564705882352941,0.4764705882352941,0.5765633802816902,0.6585425101214575,0.871451124182008,0.9054826113164033,0.38418060321676367,0.5566586939663154,0.46146111040462673,0.6418651915555137,0.8032076049013608,0.8578742647772993,0.8573187414500684,0.9060191518467853,0.12470480664472805,0.1704305421200789,20261038,1,Europe,267,171,V1-V10_financial_only
PONE2016_h1_target_Europe,20260731,Uncertainty_gated_fusion,triad,171,86,0.5900387270845887,"Same-horizon leave-one-region-out transfer; source regions=Asia,North America; target region=Europe; source-only fit/search/calibration; target labels untouched until final evaluation; V1-V10 financial ratios only.","One-standard-error paired-bootstrap gate selected KELM_risk_feature; search utility difference=-0.0129, required margin=0.0082.",Platt_logistic_on_separate_calibration_partition,0.7596168664910812,0.6627906976744186,0.8705882352941177,0.8382352941176471,0.7402597402597403,0.7960893854748603,0.691747572815534,0.544905859505164,0.6799916171564349,0.7666894664842681,0.12941176470588237,0.39766081871345027,57.0,11.0,74.0,29.0,0.8115795562779562,0.8336525307797538,0.17862736317680789,0.5401182980971685,0.093145886525416,0.0448508656666453,1.014121557167978,,,,0.6081395348837209,0.6848837209302325,0.8047058823529412,0.94,0.7786842105263158,0.9191964285714285,0.639037115033403,0.7123560726501903,0.467653236167898,0.6366540897099254,0.6224860642750949,0.7390128646771433,0.7088334045162762,0.9081235250310864,0.7857318741450068,0.9052120383036936,0.14991802074273614,0.18808367173274362,20261084,1,Europe,267,171,V1-V10_financial_only
PONE2016_h1_target_Europe,20260731,Uncertainty_gated_fusion,cost_1,171,86,0.5900116449124357,"Same-horizon leave-one-region-out transfer; source regions=Asia,North America; target region=Europe; source-only fit/search/calibration; target labels untouched until final evaluation; V1-V10 financial ratios only.","One-standard-error paired-bootstrap gate selected KELM_risk_feature; search utility difference=-0.0129, required margin=0.0082.",Platt_logistic_on_separate_calibration_partition,0.8243888421517455,0.8023255813953488,0.8470588235294118,0.8414634146341463,0.8214285714285714,0.8333333333333334,0.8098591549295775,0.6499180725164788,0.7615661072860338,0.8246922024623803,0.15294117647058825,0.47953216374269003,69.0,13.0,72.0,17.0,0.8115795562779562,0.8336525307797538,0.17862736317680789,0.5401182980971685,0.093145886525416,0.0448508656666453,1.014121557167978,1.0,0.17543859649122806,0.17543859649122806,0.7465116279069768,0.8453488372093023,0.8117647058823529,0.8694117647058823,0.8051131354687041,0.8582745098039215,0.76481562405459,0.8473193473193472,0.5808220151952547,0.7006429548563612,0.7129472205700536,0.7971377513697739,0.7777161186234708,0.8269928414209423,0.79,0.8438714090287277,0.17005296900377448,0.19988004837548046,20261084,1,Europe,267,171,V1-V10_financial_only
PONE2016_h1_target_Europe,20260731,Uncertainty_gated_fusion,cost_2,171,86,0.5900116449124357,"Same-horizon leave-one-region-out transfer; source regions=Asia,North America; target region=Europe; source-only fit/search/calibration; target labels untouched until final evaluation; V1-V10 financial ratios only.","One-standard-error paired-bootstrap gate selected KELM_risk_feature; search utility difference=-0.0129, required margin=0.0082.",Platt_logistic_on_separate_calibration_partition,0.8243888421517455,0.8023255813953488,0.8470588235294118,0.8414634146341463,0.8214285714285714,0.8333333333333334,0.8098591549295775,0.6499180725164788,0.7615661072860338,0.8246922024623803,0.15294117647058825,0.47953216374269003,69.0,13.0,72.0,17.0,0.8115795562779562,0.8336525307797538,0.17862736317680789,0.5401182980971685,0.093145886525416,0.0448508656666453,1.014121557167978,2.0,0.27485380116959063,0.1828793774319066,0.7476744186046511,0.8441860465116279,0.8482352941176471,0.9047058823529411,0.8396323529411764,0.8941647393702188,0.7696569159766526,0.8476820092021992,0.6291981864675559,0.7113155739159323,0.746236334504474,0.8026722558838942,0.7873752441651142,0.8820509284256275,0.8009302325581394,0.8747742818057456,0.16151771561917855,0.19218012831464673,20261084,1,Europe,267,171,V1-V10_financial_only
PONE2016_h1_target_Europe,20260731,Uncertainty_gated_fusion,cost_5,171,86,0.5104510837092785,"Same-horizon leave-one-region-out transfer; source regions=Asia,North America; target region=Europe; source-only fit/search/calibration; target labels untouched until final evaluation; V1-V10 financial ratios only.","One-standard-error paired-bootstrap gate selected KELM_risk_feature; search utility difference=-0.0129, required margin=0.0082.",Platt_logistic_on_separate_calibration_partition,0.747819447546392,0.8488372093023255,0.6588235294117647,0.7156862745098039,0.776595744680851,0.7388663967611336,0.8183856502242153,0.5173776151619275,0.661404352068421,0.7538303693570452,0.3411764705882353,0.5964912280701754,73.0,29.0,56.0,13.0,0.8115795562779562,0.8336525307797538,0.17862736317680789,0.5401182980971685,0.093145886525416,0.0448508656666453,1.014121557167978,5.0,0.5497076023391813,0.1825242718446602,0.7767441860465116,0.9488372093023256,0.5576470588235294,0.7152941176470589,0.6396723646723647,0.7712264150943396,0.7448048356510746,0.9070535714285715,0.3430641752832587,0.683726425197733,0.5291826942587041,0.7741578710377044,0.7176388209857102,0.8670934346128538,0.7567852257181942,0.8984815321477428,0.15184461037275834,0.20941226114703726,20261084,1,Europe,267,171,V1-V10_financial_only
PONE2016_h1_target_Europe,20260731,Uncertainty_gated_fusion,cost_10,171,86,0.053070181900094965,"Same-horizon leave-one-region-out transfer; source regions=Asia,North America; target region=Europe; source-only fit/search/calibration; target labels untouched until final evaluation; V1-V10 financial ratios only.","One-standard-error paired-bootstrap gate selected KELM_risk_feature; search utility difference=-0.0129, required margin=0.0082.",Platt_logistic_on_separate_calibration_partition,0.1867718419094071,0.9883720930232558,0.03529411764705882,0.5089820359281437,0.6719367588932806,0.5636604774535809,0.8317025440313112,0.07828871835777135,0.13977859226274858,0.5118331053351574,0.9647058823529412,0.9766081871345029,85.0,82.0,3.0,1.0,0.8115795562779562,0.8336525307797538,0.17862736317680789,0.5401182980971685,0.093145886525416,0.0448508656666453,1.014121557167978,10.0,0.5380116959064327,0.09735449735449736,0.9883720930232558,1.0,0.012941176470588235,0.07058823529411765,0.5058893557422969,0.5209201773835921,0.8307279000486382,0.8444630698311028,0.04850783644282744,0.18819709924901584,0.09731521316790734,0.23632236707358273,0.8129628762416357,0.8527655731988015,0.8202462380300957,0.8661833105335157,0.16073150713600676,0.18663377622745617,20261084,1,Europe,267,171,V1-V10_financial_only
PONE2016_h1_target_Europe,20260731,Uncertainty_gated_fusion,cost_20,171,86,0.053070181900094965,"Same-horizon leave-one-region-out transfer; source regions=Asia,North America; target region=Europe; source-only fit/search/calibration; target labels untouched until final evaluation; V1-V10 financial ratios only.","One-standard-error paired-bootstrap gate selected KELM_risk_feature; search utility difference=-0.0129, required margin=0.0082.",Platt_logistic_on_separate_calibration_partition,0.1867718419094071,0.9883720930232558,0.03529411764705882,0.5089820359281437,0.6719367588932806,0.5636604774535809,0.8317025440313112,0.07828871835777135,0.13977859226274858,0.5118331053351574,0.9647058823529412,0.9766081871345029,85.0,82.0,3.0,1.0,0.8115795562779562,0.8336525307797538,0.17862736317680789,0.5401182980971685,0.093145886525416,0.0448508656666453,1.014121557167978,20.0,0.5964912280701754,0.056509695290858725,0.9790697674418605,1.0,0.0011764705882352942,0.03411764705882353,0.4979255134006265,0.5116018596787827,0.820499692811796,0.8396800377680311,-0.08962156751657838,0.13191531680291396,0.00968200848233264,0.1649314581884591,0.7742703592303743,0.824233733939915,0.7822435020519836,0.8568125854993159,0.16347196942961692,0.2014611397248657,20261084,1,Europe,267,171,V1-V10_financial_only
PONE2016_h1_target_Europe,20260731,Full_random_search,triad,171,86,0.9030292264298259,"Same-horizon leave-one-region-out transfer; source regions=Asia,North America; target region=Europe; source-only fit/search/calibration; target labels untouched until final evaluation; V1-V10 financial ratios only.",Same full architecture and 81 evaluations as PBMSBAINGO; alpha=0.50.,Platt_logistic_on_separate_calibration_partition,0.7798768712665642,0.6627906976744186,0.9176470588235294,0.890625,0.76,0.8333333333333334,0.6985294117647058,0.5996978163327356,0.714487852778389,0.790218878248974,0.08235294117647059,0.3742690058479532,57.0,7.0,78.0,29.0,0.8583967786048966,0.8863201094391245,0.14517224070868626,0.4633920095643029,0.09585153841497364,-0.14398761570915836,0.7224341395047038,,,,0.5825581395348838,0.7186046511627906,0.8964705882352941,0.9411764705882353,0.8649920255183413,0.9251435132032148,0.6246882793017456,0.7521817500401549,0.5317864737140002,0.6761480446208943,0.6578075379999394,0.7704244076959289,0.8303821545547929,0.9014069973562152,0.8593980848153214,0.9026265389876881,0.12731791832025507,0.17005486792208555,20261132,1,Europe,267,171,V1-V10_financial_only
PONE2016_h1_target_Europe,20260731,Full_random_search,cost_1,171,86,0.35460247069208445,"Same-horizon leave-one-region-out transfer; source regions=Asia,North America; target region=Europe; source-only fit/search/calibration; target labels untouched until final evaluation; V1-V10 financial ratios only.",Same full architecture and 81 evaluations as PBMSBAINGO; alpha=0.50.,Platt_logistic_on_separate_calibration_partition,0.8243888421517455,0.8372093023255814,0.8117647058823529,0.8181818181818182,0.8275862068965517,0.821917808219178,0.8333333333333334,0.6492405090780576,0.7613013617252427,0.8244870041039671,0.18823529411764706,0.5146198830409356,72.0,16.0,69.0,14.0,0.8583967786048966,0.8863201094391245,0.14517224070868626,0.4633920095643029,0.09585153841497364,-0.14398761570915836,0.7224341395047038,1.0,0.17543859649122806,0.17543859649122806,0.780232558139535,0.8697674418604651,0.7705882352941176,0.8470588235294118,0.7922336328626445,0.8479041056560436,0.7877464788732395,0.853676431636383,0.6066480322226364,0.691217510259918,0.73114828875763,0.790637018211973,0.8614769818399913,0.8944367243618114,0.8794938440492477,0.9007934336525307,0.13345708186114053,0.15514510011869775,20261132,1,Europe,267,171,V1-V10_financial_only
PONE2016_h1_target_Europe,20260731,Full_random_search,cost_2,171,86,0.35460247069208445,"Same-horizon leave-one-region-out transfer; source regions=Asia,North America; target region=Europe; source-only fit/search/calibration; target labels untouched until final evaluation; V1-V10 financial ratios only.",Same full architecture and 81 evaluations as PBMSBAINGO; alpha=0.50.,Platt_logistic_on_separate_calibration_partition,0.8243888421517455,0.8372093023255814,0.8117647058823529,0.8181818181818182,0.8275862068965517,0.821917808219178,0.8333333333333334,0.6492405090780576,0.7613013617252427,0.8244870041039671,0.18823529411764706,0.5146198830409356,72.0,16.0,69.0,14.0,0.8583967786048966,0.8863201094391245,0.14517224070868626,0.4633920095643029,0.09585153841497364,-0.14398761570915836,0.7224341395047038,2.0,0.2573099415204678,0.17120622568093385,0.7534883720930232,0.8918604651162791,0.8,0.8117647058823529,0.7920099875156055,0.8273835125448029,0.7607879364216819,0.8781596347109007,0.5542121127601292,0.7061690715737106,0.6937259124746008,0.7995927959387578,0.8178805042330712,0.8727343729738181,0.8430916552667579,0.9024760601915185,0.13086436321317696,0.1771152512353527,20261132,1,Europe,267,171,V1-V10_financial_only
PONE2016_h1_target_Europe,20260731,Full_random_search,cost_5,171,86,0.1295481641022555,"Same-horizon leave-one-region-out transfer; source regions=Asia,North America; target region=Europe; source-only fit/search/calibration; target labels untouched until final evaluation; V1-V10 financial ratios only.",Same full architecture and 81 evaluations as PBMSBAINGO; alpha=0.50.,Platt_logistic_on_separate_calibration_partition,0.7443356552762055,0.9418604651162791,0.5882352941176471,0.6982758620689655,0.801980198019802,0.7363636363636363,0.8804347826086957,0.5674174386564551,0.6799549009577335,0.7650478796169631,0.4117647058823529,0.6783625730994152,81.0,35.0,50.0,5.0,0.8583967786048966,0.8863201094391245,0.14517224070868626,0.4633920095643029,0.09585153841497364,-0.14398761570915836,0.7224341395047038,5.0,0.3508771929824561,0.11650485436893204,0.9197674418604651,0.963953488372093,0.5658823529411765,0.6964705882352942,0.6846153846153846,0.7612713503061553,0.8663731590364196,0.9083992094861659,0.5348941687111675,0.6748746019665389,0.6557000635521335,0.765440357213841,0.8254644489069847,0.9062019826421237,0.8812448700410397,0.9116005471956224,0.13285417853925507,0.15168886174949112,20261132,1,Europe,267,171,V1-V10_financial_only
PONE2016_h1_target_Europe,20260731,Full_random_search,cost_10,171,86,0.09626870423795086,"Same-horizon leave-one-region-out transfer; source regions=Asia,North America; target region=Europe; source-only fit/search/calibration; target labels untouched until final evaluation; V1-V10 financial ratios only.",Same full architecture and 81 evaluations as PBMSBAINGO; alpha=0.50.,Platt_logistic_on_separate_calibration_partition,0.5251538762184379,0.9767441860465116,0.2823529411764706,0.5793103448275863,0.7272727272727273,0.6306306306306306,0.8588957055214724,0.36078677618152954,0.46338423455866734,0.629548563611491,0.7176470588235294,0.847953216374269,84.0,61.0,24.0,2.0,0.8583967786048966,0.8863201094391245,0.14517224070868626,0.4633920095643029,0.09585153841497364,-0.14398761570915836,0.7224341395047038,10.0,0.47368421052631576,0.08571428571428572,0.9430232558139535,0.9988372093023256,0.26,0.40352941176470586,0.5670736253494875,0.616063017703427,0.8398643848886018,0.8736755297880848,0.3057281905678639,0.4162532212203798,0.4235891218708189,0.541198543157321,0.7665714669066115,0.9108203323028354,0.8293023255813953,0.9141039671682628,0.1380757835543192,0.18803631840339508,20261132,1,Europe,267,171,V1-V10_financial_only
PONE2016_h1_target_Europe,20260731,Full_random_search,cost_20,171,86,0.09626870423795086,"Same-horizon leave-one-region-out transfer; source regions=Asia,North America; target region=Europe; source-only fit/search/calibration; target labels untouched until final evaluation; V1-V10 financial ratios only.",Same full architecture and 81 evaluations as PBMSBAINGO; alpha=0.50.,Platt_logistic_on_separate_calibration_partition,0.5251538762184379,0.9767441860465116,0.2823529411764706,0.5793103448275863,0.7272727272727273,0.6306306306306306,0.8588957055214724,0.36078677618152954,0.46338423455866734,0.629548563611491,0.7176470588235294,0.847953216374269,84.0,61.0,24.0,2.0,0.8583967786048966,0.8863201094391245,0.14517224070868626,0.4633920095643029,0.09585153841497364,-0.14398761570915836,0.7224341395047038,20.0,0.5906432748538012,0.05595567867036011,0.9558139534883721,1.0,0.24705882352941178,0.29058823529411765,0.5626223091976517,0.5875694187338023,0.8386009393574131,0.8768404527803024,0.28933830414195727,0.41224299346345056,0.4093709683272089,0.4921869628590866,0.8631081825394759,0.9179943447012532,0.8637893296853625,0.9166210670314637,0.12212485082447665,0.16922641911481445,20261132,1,Europe,267,171,V1-V10_financial_only
PONE2016_h1_target_Europe,20260731,Balanced_logistic,triad,171,86,0.8538780267520292,"Same-horizon leave-one-region-out transfer; source regions=Asia,North America; target region=Europe; source-only fit/search/calibration; target labels untouched until final evaluation; V1-V10 financial ratios only.",Class-weighted logistic reference using the same source-only fit/search/calibration and untouched regional target.,Platt_logistic_on_separate_calibration_partition,0.6654457584623561,0.45348837209302323,0.9764705882352941,0.9512195121951219,0.6141732283464567,0.78,0.5064935064935064,0.5035262172575005,0.6063859593728079,0.7149794801641587,0.023529411764705882,0.23976608187134502,39.0,2.0,83.0,47.0,0.8789238152502963,0.8859097127222983,0.13352675077783485,0.48494763020417864,0.06897534524538726,0.1763850505203446,0.708503481494626,,,,0.39651162790697675,0.4418604651162791,0.9776470588235294,1.0,0.9521428571428571,1.0,0.449868073878628,0.4971231457242583,0.4772271172571681,0.5286992988194835,0.5724735136451113,0.6150506572194628,0.8814949800446601,0.938901625029658,0.8778659370725035,0.9268809849521203,0.11877109453843195,0.14366700532696292,20262032,1,Europe,267,171,V1-V10_financial_only
PONE2016_h1_target_Europe,20260731,Balanced_logistic,cost_1,171,86,0.4790664672290006,"Same-horizon leave-one-region-out transfer; source regions=Asia,North America; target region=Europe; source-only fit/search/calibration; target labels untouched until final evaluation; V1-V10 financial ratios only.",Class-weighted logistic reference using the same source-only fit/search/calibration and untouched regional target.,Platt_logistic_on_separate_calibration_partition,0.7963665779037872,0.7093023255813954,0.8941176470588236,0.8714285714285714,0.782051282051282,0.8333333333333334,0.7367149758454107,0.6135764217788545,0.7300706748481421,0.8017099863201095,0.10588235294117647,0.4093567251461988,61.0,9.0,76.0,25.0,0.8789238152502963,0.8859097127222983,0.13352675077783485,0.48494763020417864,0.06897534524538726,0.1763850505203446,0.708503481494626,1.0,0.19883040935672514,0.19883040935672514,0.6406976744186047,0.7883720930232557,0.8823529411764706,0.9058823529411765,0.8504784688995215,0.889681551325387,0.6764007910349373,0.805412283678317,0.5496865867264447,0.6862788803879973,0.6811866870644723,0.7849475521849985,0.8299020084764831,0.9367489575168773,0.8577564979480164,0.9266621067031464,0.103932208607879,0.15380233498035345,20262032,1,Europe,267,171,V1-V10_financial_only
PONE2016_h1_target_Europe,20260731,Balanced_logistic,cost_2,171,86,0.39680890077479075,"Same-horizon leave-one-region-out transfer; source regions=Asia,North America; target region=Europe; source-only fit/search/calibration; target labels untouched until final evaluation; V1-V10 financial ratios only.",Class-weighted logistic reference using the same source-only fit/search/calibration and untouched regional target.,Platt_logistic_on_separate_calibration_partition,0.8179752119303013,0.7790697674418605,0.8588235294117647,0.8481012658227848,0.8121212121212121,0.8333333333333334,0.7919621749408984,0.6397337567110021,0.7536329030534981,0.8189466484268126,0.1411764705882353,0.4619883040935672,67.0,12.0,73.0,19.0,0.8789238152502963,0.8859097127222983,0.13352675077783485,0.48494763020417864,0.06897534524538726,0.1763850505203446,0.708503481494626,2.0,0.29239766081871343,0.19455252918287938,0.7127906976744186,0.8011627906976744,0.8258823529411764,0.9152941176470588,0.8130645413345835,0.8955108359133127,0.7419122541256398,0.8105882352941176,0.5762811695476888,0.675838709286055,0.7083155999154213,0.7776423228922896,0.8236042867004998,0.9114904452597489,0.8616005471956224,0.9094528043775649,0.12451913137630763,0.1559357142061249,20262032,1,Europe,267,171,V1-V10_financial_only
PONE2016_h1_target_Europe,20260731,Balanced_logistic,cost_5,171,86,0.12298160169267286,"Same-horizon leave-one-region-out transfer; source regions=Asia,North America; target region=Europe; source-only fit/search/calibration; target labels untouched until final evaluation; V1-V10 financial ratios only.",Class-weighted logistic reference using the same source-only fit/search/calibration and untouched regional target.,Platt_logistic_on_separate_calibration_partition,0.6488967802846215,0.9418604651162791,0.4470588235294118,0.6328125,0.7570093457943925,0.677257525083612,0.8580508474576272,0.44820733399595897,0.5736012191341155,0.6944596443228455,0.5529411764705883,0.7485380116959064,81.0,47.0,38.0,5.0,0.8789238152502963,0.8859097127222983,0.13352675077783485,0.48494763020417864,0.06897534524538726,0.1763850505203446,0.708503481494626,5.0,0.42105263157894735,0.13980582524271845,0.9093023255813953,0.9767441860465116,0.36823529411764705,0.5082352941176471,0.5987307556704665,0.6606988783433995,0.8289049383045066,0.8801355024224997,0.3601156964793608,0.5054545506499789,0.49831936679677014,0.6236463685968668,0.8054106496271971,0.9122223748951025,0.8272503419972639,0.9030779753761969,0.12265714830998545,0.16208051605048224,20262032,1,Europe,267,171,V1-V10_financial_only
PONE2016_h1_target_Europe,20260731,Balanced_logistic,cost_10,171,86,0.12298160169267286,"Same-horizon leave-one-region-out transfer; source regions=Asia,North America; target region=Europe; source-only fit/search/calibration; target labels untouched until final evaluation; V1-V10 financial ratios only.",Class-weighted logistic reference using the same source-only fit/search/calibration and untouched regional target.,Platt_logistic_on_separate_calibration_partition,0.6488967802846215,0.9418604651162791,0.4470588235294118,0.6328125,0.7570093457943925,0.677257525083612,0.8580508474576272,0.44820733399595897,0.5736012191341155,0.6944596443228455,0.5529411764705883,0.7485380116959064,81.0,47.0,38.0,5.0,0.8789238152502963,0.8859097127222983,0.13352675077783485,0.48494763020417864,0.06897534524538726,0.1763850505203446,0.708503481494626,10.0,0.5672514619883041,0.10264550264550265,0.9069767441860465,0.9744186046511627,0.36470588235294116,0.4447058823529412,0.5921122994652407,0.630821052631579,0.8205506083030227,0.8785872839701919,0.33080118926356505,0.47677639907686836,0.47895485882453626,0.5810615793081344,0.8310226028806772,0.9506224820504383,0.8310807113543093,0.9354309165526675,0.0966411206907056,0.16624309974004994,20262032,1,Europe,267,171,V1-V10_financial_only
PONE2016_h1_target_Europe,20260731,Balanced_logistic,cost_20,171,86,0.12298160169267286,"Same-horizon leave-one-region-out transfer; source regions=Asia,North America; target region=Europe; source-only fit/search/calibration; target labels untouched until final evaluation; V1-V10 financial ratios only.",Class-weighted logistic reference using the same source-only fit/search/calibration and untouched regional target.,Platt_logistic_on_separate_calibration_partition,0.6488967802846215,0.9418604651162791,0.4470588235294118,0.6328125,0.7570093457943925,0.677257525083612,0.8580508474576272,0.44820733399595897,0.5736012191341155,0.6944596443228455,0.5529411764705883,0.7485380116959064,81.0,47.0,38.0,5.0,0.8789238152502963,0.8859097127222983,0.13352675077783485,0.48494763020417864,0.06897534524538726,0.1763850505203446,0.708503481494626,20.0,0.8596491228070176,0.0814404432132964,0.9,0.9837209302325581,0.351764705882353,0.49294117647058827,0.5843338815789474,0.6583458364591147,0.8122201790853854,0.8952065376483981,0.30083324805608436,0.5409224467999815,0.45599245381285247,0.635941743847162,0.8746337534171689,0.9433361326516098,0.8449794801641588,0.9226128590971273,0.10495817393772136,0.15056749811326534,20262032,1,Europe,267,171,V1-V10_financial_only
PONE2016_h1_target_North_America,20260731,HistGB,triad,171,86,0.6906479030893146,"Same-horizon leave-one-region-out transfer; source regions=Asia,Europe; target region=North America; source-only fit/search/calibration; target labels untouched until final evaluation; V1-V10 financial ratios only.",No metaheuristic; threshold and Platt calibration use calibration partition.,Platt_logistic_on_separate_calibration_partition,0.8179752119303013,0.7790697674418605,0.8588235294117647,0.8481012658227848,0.8121212121212121,0.8333333333333334,0.7919621749408984,0.6397337567110021,0.7536329030534981,0.8189466484268126,0.1411764705882353,0.4619883040935672,67.0,12.0,73.0,19.0,0.9192924561283295,0.9073871409028728,0.13800578931405347,0.4358467176219614,0.08524867383820418,-0.30199415503347077,1.0520519148822234,,,,0.7465116279069768,0.8569767441860465,0.8470588235294118,0.94,0.8315962518494164,0.9349298665754362,0.7620996950859992,0.8703722158552992,0.5963878324076269,0.7962290973238004,0.7224723121267884,0.8611794540023646,0.9207585444825317,0.9605513344046066,0.9060738714090287,0.9523255813953488,0.0864086485894035,0.1420761947176032,20260731,1,North America,267,171,V1-V10_financial_only
PONE2016_h1_target_North_America,20260731,HistGB,cost_1,171,86,0.6834646257429122,"Same-horizon leave-one-region-out transfer; source regions=Asia,Europe; target region=North America; source-only fit/search/calibration; target labels untouched until final evaluation; V1-V10 financial ratios only.",No metaheuristic; threshold and Platt calibration use calibration partition.,Platt_logistic_on_separate_calibration_partition,0.8240568957552994,0.7906976744186046,0.8588235294117647,0.85,0.8192771084337349,0.8374384236453202,0.8018867924528302,0.6508581271053144,0.7617285661018269,0.8247606019151846,0.1411764705882353,0.4678362573099415,68.0,12.0,73.0,18.0,0.9192924561283295,0.9073871409028728,0.13800578931405347,0.4358467176219614,0.08524867383820418,-0.30199415503347077,1.0520519148822234,1.0,0.17543859649122806,0.17543859649122806,0.7383720930232558,0.8255813953488372,0.8352941176470589,0.916470588235294,0.8198930481283423,0.9057435897435897,0.7545422593098601,0.836476124474649,0.5796902120461254,0.7224661613415346,0.7107249019792663,0.8106730114298614,0.9000347622956613,0.9448979269373231,0.8687414500683994,0.9344322845417238,0.11680858893960691,0.15933528949203707,20260731,1,North America,267,171,V1-V10_financial_only
PONE2016_h1_target_North_America,20260731,HistGB,cost_2,171,86,0.17872842155100468,"Same-horizon leave-one-region-out transfer; source regions=Asia,Europe; target region=North America; source-only fit/search/calibration; target labels untouched until final evaluation; V1-V10 financial ratios only.",No metaheuristic; threshold and Platt calibration use calibration partition.,Platt_logistic_on_separate_calibration_partition,0.6734154528172214,0.9883720930232558,0.4588235294117647,0.648854961832061,0.783410138248848,0.6967213114754098,0.8947368421052632,0.5281905034792509,0.6210390585506578,0.7235978112175102,0.5411764705882353,0.7660818713450293,85.0,46.0,39.0,1.0,0.9192924561283295,0.9073871409028728,0.13800578931405347,0.4358467176219614,0.08524867383820418,-0.30199415503347077,1.0520519148822234,2.0,0.2807017543859649,0.1867704280155642,0.977906976744186,1.0,0.38235294117647056,0.5670588235294117,0.6204708960104643,0.7003177023764138,0.8831445621726951,0.9209984187937655,0.483459530046748,0.6293025302573476,0.5690694367223967,0.7085979809861573,0.9215637590650967,0.9459392269352919,0.9120725034199726,0.9312722298221614,0.11533457482108674,0.13522022818368992,20260731,1,North America,267,171,V1-V10_financial_only
PONE2016_h1_target_North_America,20260731,HistGB,cost_5,171,86,0.17872842155100468,"Same-horizon leave-one-region-out transfer; source regions=Asia,Europe; target region=North America; source-only fit/search/calibration; target labels untouched until final evaluation; V1-V10 financial ratios only.",No metaheuristic; threshold and Platt calibration use calibration partition.,Platt_logistic_on_separate_calibration_partition,0.6734154528172214,0.9883720930232558,0.4588235294117647,0.648854961832061,0.783410138248848,0.6967213114754098,0.8947368421052632,0.5281905034792509,0.6210390585506578,0.7235978112175102,0.5411764705882353,0.7660818713450293,85.0,46.0,39.0,1.0,0.9192924561283295,0.9073871409028728,0.13800578931405347,0.4358467176219614,0.08524867383820418,-0.30199415503347077,1.0520519148822234,5.0,0.2982456140350877,0.09902912621359224,0.977906976744186,1.0,0.36823529411764705,0.5658823529411764,0.6156308654848801,0.6973476840284452,0.8879973092446665,0.9121639784946236,0.476099072233335,0.6107531269002754,0.5596436096956426,0.6985624031829982,0.8998786796324729,0.941824995752727,0.8843091655266757,0.9310191518467852,0.12455591772453446,0.1577103410374843,20260731,1,North America,267,171,V1-V10_financial_only
PONE2016_h1_target_North_America,20260731,HistGB,cost_10,171,86,0.17130180353029828,"Same-horizon leave-one-region-out transfer; source regions=Asia,Europe; target region=North America; source-only fit/search/calibration; target labels untouched until final evaluation; V1-V10 financial ratios only.",No metaheuristic; threshold and Platt calibration use calibration partition.,Platt_logistic_on_separate_calibration_partition,0.4338609156373123,1.0,0.18823529411764706,0.5548387096774193,0.7136929460580913,0.6090651558073654,0.8617234468937875,0.32317213324169025,0.39328886805333707,0.5941176470588235,0.8117647058823529,0.9064327485380117,86.0,69.0,16.0,0.0,0.9192924561283295,0.9073871409028728,0.13800578931405347,0.4358467176219614,0.08524867383820418,-0.30199415503347077,1.0520519148822234,10.0,0.40350877192982454,0.07301587301587302,1.0,1.0,0.15529411764705883,0.23294117647058823,0.5450016228497241,0.5687919317837511,0.8569163346613546,0.8683372965063106,0.29086272291866294,0.36396551940802035,0.3560767032454598,0.43927247897851246,0.8942884293556392,0.9425056768144175,0.893720930232558,0.9313406292749659,0.11871251061716506,0.14917645421004333,20260731,1,North America,267,171,V1-V10_financial_only
PONE2016_h1_target_North_America,20260731,HistGB,cost_20,171,86,0.17130180353029828,"Same-horizon leave-one-region-out transfer; source regions=Asia,Europe; target region=North America; source-only fit/search/calibration; target labels untouched until final evaluation; V1-V10 financial ratios only.",No metaheuristic; threshold and Platt calibration use calibration partition.,Platt_logistic_on_separate_calibration_partition,0.4338609156373123,1.0,0.18823529411764706,0.5548387096774193,0.7136929460580913,0.6090651558073654,0.8617234468937875,0.32317213324169025,0.39328886805333707,0.5941176470588235,0.8117647058823529,0.9064327485380117,86.0,69.0,16.0,0.0,0.9192924561283295,0.9073871409028728,0.13800578931405347,0.4358467176219614,0.08524867383820418,-0.30199415503347077,1.0520519148822234,20.0,0.40350877192982454,0.03822714681440443,1.0,1.0,0.14470588235294118,0.2411764705882353,0.5419206579583938,0.571483870967742,0.8553836978131213,0.8695731544059779,0.2798897227125686,0.37104146348506145,0.34327861428035905,0.447063166768944,0.9097939436853598,0.9415641691913366,0.8916347469220247,0.9351983584131327,0.11887994992949959,0.15636322170434885,20260731,1,North America,267,171,V1-V10_financial_only
PONE2016_h1_target_North_America,20260731,KELM_PBMSBAINGO,triad,171,86,0.6450778104371234,"Same-horizon leave-one-region-out transfer; source regions=Asia,Europe; target region=North America; source-only fit/search/calibration; target labels untouched until final evaluation; V1-V10 financial ratios only.",Plain KELM; hyperparameters/features selected only on search partition.,Platt_logistic_on_separate_calibration_partition,0.8463327181241677,0.7906976744186046,0.9058823529411765,0.8947368421052632,0.8395061728395061,0.8717948717948718,0.8095238095238095,0.7009081464943616,0.7947815731892602,0.8482900136798905,0.09411764705882353,0.4444444444444444,68.0,8.0,77.0,18.0,0.9038343175860408,0.8950752393980848,0.12372875355638367,0.4096128703589874,0.0508661168377619,-0.13098097491113148,0.9813070226489582,,,,0.7395348837209302,0.8813953488372093,0.8611764705882352,0.9517647058823528,0.8436543209876542,0.9486708860759493,0.7591468636877505,0.8940742227574825,0.6071843170993065,0.8349412530510086,0.7291788281048464,0.8880743224919905,0.8753070471433434,0.9605275828436179,0.8532558139534884,0.948796169630643,0.08856441365037569,0.15045314838072646,20260832,1,North America,267,171,V1-V10_financial_only
PONE2016_h1_target_North_America,20260731,KELM_PBMSBAINGO,cost_1,171,86,0.2899415171426168,"Same-horizon leave-one-region-out transfer; source regions=Asia,Europe; target region=North America; source-only fit/search/calibration; target labels untouched until final evaluation; V1-V10 financial ratios only.",Plain KELM; hyperparameters/features selected only on search partition.,Platt_logistic_on_separate_calibration_partition,0.791714964806979,0.9186046511627907,0.6823529411764706,0.7452830188679245,0.8229166666666666,0.7745098039215687,0.8777777777777778,0.6190032137929301,0.7293626794270626,0.8004787961696307,0.3176470588235294,0.6198830409356725,79.0,27.0,58.0,7.0,0.9038343175860408,0.8950752393980848,0.12372875355638367,0.4096128703589874,0.0508661168377619,-0.13098097491113148,0.9813070226489582,1.0,0.19883040935672514,0.19883040935672514,0.8837209302325582,0.9511627906976744,0.6647058823529411,0.7870588235294117,0.7365504587155963,0.8188080808080808,0.8564380707237851,0.9213745348056861,0.6104411135445872,0.7489184425182994,0.72215194114355,0.8245708279811029,0.8915426633491091,0.9514181107646972,0.8842270861833105,0.9383173734610123,0.09497548082412012,0.1341930183968571,20260832,1,North America,267,171,V1-V10_financial_only
PONE2016_h1_target_North_America,20260731,KELM_PBMSBAINGO,cost_2,171,86,0.2899415171426168,"Same-horizon leave-one-region-out transfer; source regions=Asia,Europe; target region=North America; source-only fit/search/calibration; target labels untouched until final evaluation; V1-V10 financial ratios only.",Plain KELM; hyperparameters/features selected only on search partition.,Platt_logistic_on_separate_calibration_partition,0.791714964806979,0.9186046511627907,0.6823529411764706,0.7452830188679245,0.8229166666666666,0.7745098039215687,0.8777777777777778,0.6190032137929301,0.7293626794270626,0.8004787961696307,0.3176470588235294,0.6198830409356725,79.0,27.0,58.0,7.0,0.9038343175860408,0.8950752393980848,0.12372875355638367,0.4096128703589874,0.0508661168377619,-0.13098097491113148,0.9813070226489582,2.0,0.23976608187134502,0.15953307392996108,0.8976744186046512,0.9511627906976744,0.6176470588235294,0.7517647058823529,0.7105014749262537,0.7949362269179516,0.8592422743465907,0.9151894543594065,0.57328811822844,0.7179526792934398,0.6896586896330048,0.8007052337014512,0.8669322325320692,0.9297993102128573,0.8553283173734609,0.9207113543091656,0.10282939898166575,0.15092004495908515,20260832,1,North America,267,171,V1-V10_financial_only
PONE2016_h1_target_North_America,20260731,KELM_PBMSBAINGO,cost_5,171,86,0.2899415171426168,"Same-horizon leave-one-region-out transfer; source regions=Asia,Europe; target region=North America; source-only fit/search/calibration; target labels untouched until final evaluation; V1-V10 financial ratios only.",Plain KELM; hyperparameters/features selected only on search partition.,Platt_logistic_on_separate_calibration_partition,0.791714964806979,0.9186046511627907,0.6823529411764706,0.7452830188679245,0.8229166666666666,0.7745098039215687,0.8777777777777778,0.6190032137929301,0.7293626794270626,0.8004787961696307,0.3176470588235294,0.6198830409356725,79.0,27.0,58.0,7.0,0.9038343175860408,0.8950752393980848,0.12372875355638367,0.4096128703589874,0.0508661168377619,-0.13098097491113148,0.9813070226489582,5.0,0.36257309941520466,0.1203883495145631,0.8837209302325582,0.963953488372093,0.6588235294117647,0.7729411764705882,0.7299486402290141,0.7990476190476191,0.8567447713789178,0.9219584424484202,0.5871368350788271,0.7192882538201257,0.7067097646433376,0.8001771479339231,0.8667657579254053,0.9439700052511928,0.860841313269494,0.9385020519835842,0.09400519116011406,0.14499265917387977,20260832,1,North America,267,171,V1-V10_financial_only
PONE2016_h1_target_North_America,20260731,KELM_PBMSBAINGO,cost_10,171,86,0.2899415171426168,"Same-horizon leave-one-region-out transfer; source regions=Asia,Europe; target region=North America; source-only fit/search/calibration; target labels untouched until final evaluation; V1-V10 financial ratios only.",Plain KELM; hyperparameters/features selected only on search partition.,Platt_logistic_on_separate_calibration_partition,0.791714964806979,0.9186046511627907,0.6823529411764706,0.7452830188679245,0.8229166666666666,0.7745098039215687,0.8777777777777778,0.6190032137929301,0.7293626794270626,0.8004787961696307,0.3176470588235294,0.6198830409356725,79.0,27.0,58.0,7.0,0.9038343175860408,0.8950752393980848,0.12372875355638367,0.4096128703589874,0.0508661168377619,-0.13098097491113148,0.9813070226489582,10.0,0.5672514619883041,0.10264550264550265,0.8732558139534884,0.9395348837209302,0.6588235294117647,0.7141176470588235,0.7214194139194139,0.7688140161725068,0.8379807309895004,0.8995817866864637,0.5451327148926671,0.6715134833301263,0.6794158090983351,0.7665946048418399,0.8883910245568599,0.9119285775610051,0.8720656634746923,0.9066621067031464,0.11839210564207218,0.13657157865230718,20260832,1,North America,267,171,V1-V10_financial_only
PONE2016_h1_target_North_America,20260731,KELM_PBMSBAINGO,cost_20,171,86,0.023693080898682623,"Same-horizon leave-one-region-out transfer; source regions=Asia,Europe; target region=North America; source-only fit/search/calibration; target labels untouched until final evaluation; V1-V10 financial ratios only.",Plain KELM; hyperparameters/features selected only on search partition.,Platt_logistic_on_separate_calibration_partition,0.21566554640687682,0.9883720930232558,0.047058823529411764,0.5120481927710844,0.6746031746031746,0.5666666666666667,0.8333333333333334,0.10514824524680864,0.16974142995918146,0.5177154582763338,0.9529411764705882,0.9707602339181286,85.0,81.0,4.0,1.0,0.9038343175860408,0.8950752393980848,0.12372875355638367,0.4096128703589874,0.0508661168377619,-0.13098097491113148,0.9813070226489582,20.0,0.5906432748538012,0.05595567867036011,0.9662790697674419,0.9988372093023256,0.036470588235294116,0.06823529411764706,0.5089929232444202,0.5147076217934501,0.8206570272641854,0.8405088062622309,0.06468043953776641,0.1480998446417233,0.1401798302864138,0.19238836142412857,0.8796499913084123,0.9559133802967287,0.8552941176470588,0.9439261285909712,0.08952837977857545,0.1420986819509678,20260832,1,North America,267,171,V1-V10_financial_only
PONE2016_h1_target_North_America,20260731,KELM_score_fusion,triad,171,86,0.6534620583331885,"Same-horizon leave-one-region-out transfer; source regions=Asia,Europe; target region=North America; source-only fit/search/calibration; target labels untouched until final evaluation; V1-V10 financial ratios only.",Plain KELM plus HistGB score-level fusion; alpha=1.00 selected only on search partition.,Platt_logistic_on_separate_calibration_partition,0.8463327181241677,0.7906976744186046,0.9058823529411765,0.8947368421052632,0.8395061728395061,0.8717948717948718,0.8095238095238095,0.7009081464943616,0.7947815731892602,0.8482900136798905,0.09411764705882353,0.4444444444444444,68.0,8.0,77.0,18.0,0.9038343175860408,0.8950752393980848,0.12325354048935086,0.40673887523966157,0.04366173025629862,-0.12112509729398059,0.9738711632065531,,,,0.7813953488372094,0.8453488372093023,0.8941176470588236,0.9505882352941176,0.8864927446742822,0.9424657534246575,0.8051644398766701,0.8538690773482502,0.7107191104181078,0.7614678568333146,0.8025830435430038,0.8347968602166083,0.8914962050148727,0.9320219755051234,0.8900547195622435,0.9202325581395349,0.1039215598943625,0.11971862949204827,20260834,1,North America,267,171,V1-V10_financial_only
PONE2016_h1_target_North_America,20260731,KELM_score_fusion,cost_1,171,86,0.27764601206342143,"Same-horizon leave-one-region-out transfer; source regions=Asia,Europe; target region=North America; source-only fit/search/calibration; target labels untouched until final evaluation; V1-V10 financial ratios only.",Plain KELM plus HistGB score-level fusion; alpha=1.00 selected only on search partition.,Platt_logistic_on_separate_calibration_partition,0.791714964806979,0.9186046511627907,0.6823529411764706,0.7452830188679245,0.8229166666666666,0.7745098039215687,0.8777777777777778,0.6190032137929301,0.7293626794270626,0.8004787961696307,0.3176470588235294,0.6198830409356725,79.0,27.0,58.0,7.0,0.9038343175860408,0.8950752393980848,0.12325354048935086,0.40673887523966157,0.04366173025629862,-0.12112509729398059,0.9738711632065531,1.0,0.19883040935672514,0.19883040935672514,0.8883720930232558,0.9732558139534884,0.6141176470588235,0.6705882352941176,0.7102116198537899,0.7431192660550459,0.8509202094404501,0.9129333852746396,0.5682148394718541,0.6505602349782417,0.6888057427368123,0.7394925553269516,0.8667495075051572,0.9303089844812693,0.8560191518467852,0.9268057455540356,0.10397796798174351,0.1474271086008026,20260834,1,North America,267,171,V1-V10_financial_only
PONE2016_h1_target_North_America,20260731,KELM_score_fusion,cost_2,171,86,0.27764601206342143,"Same-horizon leave-one-region-out transfer; source regions=Asia,Europe; target region=North America; source-only fit/search/calibration; target labels untouched until final evaluation; V1-V10 financial ratios only.",Plain KELM plus HistGB score-level fusion; alpha=1.00 selected only on search partition.,Platt_logistic_on_separate_calibration_partition,0.791714964806979,0.9186046511627907,0.6823529411764706,0.7452830188679245,0.8229166666666666,0.7745098039215687,0.8777777777777778,0.6190032137929301,0.7293626794270626,0.8004787961696307,0.3176470588235294,0.6198830409356725,79.0,27.0,58.0,7.0,0.9038343175860408,0.8950752393980848,0.12325354048935086,0.40673887523966157,0.04366173025629862,-0.12112509729398059,0.9738711632065531,2.0,0.23976608187134502,0.15953307392996108,0.9069767441860465,0.9395348837209302,0.6388235294117647,0.7152941176470589,0.7244777628032345,0.7634733893557423,0.8674439461883409,0.8873153792052515,0.5961211402658814,0.6358511828845872,0.712672295508752,0.7447160413719663,0.9061076356242804,0.9255227314635146,0.8810396716826265,0.925266757865937,0.10743355366223689,0.13512574174773428,20260834,1,North America,267,171,V1-V10_financial_only
PONE2016_h1_target_North_America,20260731,KELM_score_fusion,cost_5,171,86,0.27764601206342143,"Same-horizon leave-one-region-out transfer; source regions=Asia,Europe; target region=North America; source-only fit/search/calibration; target labels untouched until final evaluation; V1-V10 financial ratios only.",Plain KELM plus HistGB score-level fusion; alpha=1.00 selected only on search partition.,Platt_logistic_on_separate_calibration_partition,0.791714964806979,0.9186046511627907,0.6823529411764706,0.7452830188679245,0.8229166666666666,0.7745098039215687,0.8777777777777778,0.6190032137929301,0.7293626794270626,0.8004787961696307,0.3176470588235294,0.6198830409356725,79.0,27.0,58.0,7.0,0.9038343175860408,0.8950752393980848,0.12325354048935086,0.40673887523966157,0.04366173025629862,-0.12112509729398059,0.9738711632065531,5.0,0.36257309941520466,0.1203883495145631,0.9069767441860465,0.9651162790697675,0.7294117647058823,0.7647058823529411,0.7722772277227723,0.8048345551812958,0.8764044943820225,0.927998086725161,0.6470998671764296,0.7435748827167314,0.7536679988814576,0.8178677263000118,0.8916198830428914,0.95637512859945,0.888016415868673,0.9528112175102599,0.08388865316488132,0.1241144335259434,20260834,1,North America,267,171,V1-V10_financial_only
PONE2016_h1_target_North_America,20260731,KELM_score_fusion,cost_10,171,86,0.27764601206342143,"Same-horizon leave-one-region-out transfer; source regions=Asia,Europe; target region=North America; source-only fit/search/calibration; target labels untouched until final evaluation; V1-V10 financial ratios only.",Plain KELM plus HistGB score-level fusion; alpha=1.00 selected only on search partition.,Platt_logistic_on_separate_calibration_partition,0.791714964806979,0.9186046511627907,0.6823529411764706,0.7452830188679245,0.8229166666666666,0.7745098039215687,0.8777777777777778,0.6190032137929301,0.7293626794270626,0.8004787961696307,0.3176470588235294,0.6198830409356725,79.0,27.0,58.0,7.0,0.9038343175860408,0.8950752393980848,0.12325354048935086,0.40673887523966157,0.04366173025629862,-0.12112509729398059,0.9738711632065531,10.0,0.5672514619883041,0.10264550264550265,0.9069767441860465,0.9395348837209302,0.6164705882352941,0.7847058823529411,0.7123708804722085,0.8117775695095283,0.8649371766444938,0.8945503965778451,0.5848369826182208,0.7088075757711868,0.6975613608297364,0.7990900459237176,0.8743951482634742,0.9262625510190119,0.8747742818057456,0.9225854993160055,0.1062199923757335,0.13551052345750236,20260834,1,North America,267,171,V1-V10_financial_only
PONE2016_h1_target_North_America,20260731,KELM_score_fusion,cost_20,171,86,0.028145318650511137,"Same-horizon leave-one-region-out transfer; source regions=Asia,Europe; target region=North America; source-only fit/search/calibration; target labels untouched until final evaluation; V1-V10 financial ratios only.",Plain KELM plus HistGB score-level fusion; alpha=1.00 selected only on search partition.,Platt_logistic_on_separate_calibration_partition,0.21566554640687682,0.9883720930232558,0.047058823529411764,0.5120481927710844,0.6746031746031746,0.5666666666666667,0.8333333333333334,0.10514824524680864,0.16974142995918146,0.5177154582763338,0.9529411764705882,0.9707602339181286,85.0,81.0,4.0,1.0,0.9038343175860408,0.8950752393980848,0.12325354048935086,0.40673887523966157,0.04366173025629862,-0.12112509729398059,0.9738711632065531,20.0,0.5906432748538012,0.05595567867036011,0.9558139534883721,0.9883720930232558,0.024705882352941175,0.09058823529411764,0.5030013592447008,0.5237373737373737,0.8100024317094918,0.8394259068001274,0.0009441221841859496,0.17905953292003612,0.02862528281667344,0.25177394685593213,0.8732492730322595,0.9267024208993487,0.863187414500684,0.9140218878248973,0.10796543456513485,0.1439548762905347,20260834,1,North America,267,171,V1-V10_financial_only
PONE2016_h1_target_North_America,20260731,KELM_risk_feature,triad,171,86,0.6449799904983342,"Same-horizon leave-one-region-out transfer; source regions=Asia,Europe; target region=North America; source-only fit/search/calibration; target labels untouched until final evaluation; V1-V10 financial ratios only.",OOF HistGB risk is a forced KELM input; no score-level fusion.,Platt_logistic_on_separate_calibration_partition,0.8179752119303013,0.7790697674418605,0.8588235294117647,0.8481012658227848,0.8121212121212121,0.8333333333333334,0.7919621749408984,0.6397337567110021,0.7536329030534981,0.8189466484268126,0.1411764705882353,0.4619883040935672,67.0,12.0,73.0,19.0,0.7898663117528492,0.8309849521203829,0.21030798275113075,0.641065215262873,0.11104590317954442,0.061011208801909037,0.5396734882300296,,,,0.7790697674418605,0.8441860465116279,0.8482352941176471,0.928235294117647,0.8396323529411764,0.9166940639269406,0.7914206370752455,0.8474878202366354,0.6345882571416306,0.7159215173479795,0.7502485074987606,0.8033657150365989,0.7372970198458673,0.890025874781755,0.7917441860465116,0.8863748290013679,0.18981455865082758,0.22723143507178561,20260942,1,North America,267,171,V1-V10_financial_only
PONE2016_h1_target_North_America,20260731,KELM_risk_feature,cost_1,171,86,0.6449799904854551,"Same-horizon leave-one-region-out transfer; source regions=Asia,Europe; target region=North America; source-only fit/search/calibration; target labels untouched until final evaluation; V1-V10 financial ratios only.",OOF HistGB risk is a forced KELM input; no score-level fusion.,Platt_logistic_on_separate_calibration_partition,0.8179752119303013,0.7790697674418605,0.8588235294117647,0.8481012658227848,0.8121212121212121,0.8333333333333334,0.7919621749408984,0.6397337567110021,0.7536329030534981,0.8189466484268126,0.1411764705882353,0.4619883040935672,67.0,12.0,73.0,19.0,0.7898663117528492,0.8309849521203829,0.21030798275113075,0.641065215262873,0.11104590317954442,0.061011208801909037,0.5396734882300296,1.0,0.18128654970760233,0.18128654970760233,0.6709302325581394,0.8546511627906976,0.8376470588235294,0.9152941176470588,0.8264050901378579,0.9098934550989345,0.6978039844153733,0.8648973362930078,0.5410889857016277,0.7686908208872119,0.6787403377179283,0.8432681904484749,0.7400813342823962,0.8696296663273356,0.7680642954856362,0.8940560875512997,0.1970211812899176,0.24211572237287277,20260942,1,North America,267,171,V1-V10_financial_only
PONE2016_h1_target_North_America,20260731,KELM_risk_feature,cost_2,171,86,0.2300269801333152,"Same-horizon leave-one-region-out transfer; source regions=Asia,Europe; target region=North America; source-only fit/search/calibration; target labels untouched until final evaluation; V1-V10 financial ratios only.",OOF HistGB risk is a forced KELM input; no score-level fusion.,Platt_logistic_on_separate_calibration_partition,0.49373641732689894,0.9418604651162791,0.25882352941176473,0.5625,0.7043478260869566,0.6117824773413897,0.8299180327868853,0.27517457046690585,0.40631813523050514,0.6003419972640219,0.7411764705882353,0.8421052631578947,81.0,63.0,22.0,5.0,0.7898663117528492,0.8309849521203829,0.21030798275113075,0.641065215262873,0.11104590317954442,0.061011208801909037,0.5396734882300296,2.0,0.4269005847953216,0.2840466926070039,0.9186046511627907,0.9825581395348837,0.24823529411764708,0.3047058823529412,0.5531468531468531,0.5880845323741007,0.811760004421374,0.8661160021588074,0.22700112445355136,0.3903994040858685,0.37279568815959574,0.4882705021842667,0.7186616288919261,0.8310336848577111,0.7851846785225718,0.8600752393980848,0.18493153346755817,0.22316729121477055,20260942,1,North America,267,171,V1-V10_financial_only
PONE2016_h1_target_North_America,20260731,KELM_risk_feature,cost_5,171,86,0.2300269801333152,"Same-horizon leave-one-region-out transfer; source regions=Asia,Europe; target region=North America; source-only fit/search/calibration; target labels untouched until final evaluation; V1-V10 financial ratios only.",OOF HistGB risk is a forced KELM input; no score-level fusion.,Platt_logistic_on_separate_calibration_partition,0.49373641732689894,0.9418604651162791,0.25882352941176473,0.5625,0.7043478260869566,0.6117824773413897,0.8299180327868853,0.27517457046690585,0.40631813523050514,0.6003419972640219,0.7411764705882353,0.8421052631578947,81.0,63.0,22.0,5.0,0.7898663117528492,0.8309849521203829,0.21030798275113075,0.641065215262873,0.11104590317954442,0.061011208801909037,0.5396734882300296,5.0,0.5146198830409356,0.170873786407767,0.9209302325581395,0.9534883720930233,0.24705882352941178,0.36,0.5530648661683144,0.5985714285714285,0.812801552008667,0.8469478424403457,0.22776291082133981,0.3735706725971373,0.37273373912757146,0.5023377046984594,0.7476284986552206,0.8439748179447651,0.80109439124487,0.8475376196990423,0.19469007969482954,0.2208282861808598,20260942,1,North America,267,171,V1-V10_financial_only
PONE2016_h1_target_North_America,20260731,KELM_risk_feature,cost_10,171,86,0.2300269801333152,"Same-horizon leave-one-region-out transfer; source regions=Asia,Europe; target region=North America; source-only fit/search/calibration; target labels untouched until final evaluation; V1-V10 financial ratios only.",OOF HistGB risk is a forced KELM input; no score-level fusion.,Platt_logistic_on_separate_calibration_partition,0.49373641732689894,0.9418604651162791,0.25882352941176473,0.5625,0.7043478260869566,0.6117824773413897,0.8299180327868853,0.27517457046690585,0.40631813523050514,0.6003419972640219,0.7411764705882353,0.8421052631578947,81.0,63.0,22.0,5.0,0.7898663117528492,0.8309849521203829,0.21030798275113075,0.641065215262873,0.11104590317954442,0.061011208801909037,0.5396734882300296,10.0,0.6608187134502924,0.11957671957671957,0.9418604651162791,0.963953488372093,0.21176470588235294,0.24588235294117647,0.5476011246145474,0.560591798695247,0.8233383835875018,0.8423106416662544,0.22642062335916585,0.2906245330576036,0.3566860328354038,0.4043896215444051,0.7909177654638689,0.8412940323449462,0.8301641586867305,0.8582626538987689,0.19863806073673643,0.21857220694103488,20260942,1,North America,267,171,V1-V10_financial_only
PONE2016_h1_target_North_America,20260731,KELM_risk_feature,cost_20,171,86,0.2300269801333152,"Same-horizon leave-one-region-out transfer; source regions=Asia,Europe; target region=North America; source-only fit/search/calibration; target labels untouched until final evaluation; V1-V10 financial ratios only.",OOF HistGB risk is a forced KELM input; no score-level fusion.,Platt_logistic_on_separate_calibration_partition,0.49373641732689894,0.9418604651162791,0.25882352941176473,0.5625,0.7043478260869566,0.6117824773413897,0.8299180327868853,0.27517457046690585,0.40631813523050514,0.6003419972640219,0.7411764705882353,0.8421052631578947,81.0,63.0,22.0,5.0,0.7898663117528492,0.8309849521203829,0.21030798275113075,0.641065215262873,0.11104590317954442,0.061011208801909037,0.5396734882300296,20.0,0.9532163742690059,0.09030470914127424,0.9313953488372093,0.9767441860465116,0.19647058823529412,0.32352941176470584,0.5507610037021802,0.5830816918308168,0.831602966099886,0.8559356136820925,0.2706129447180994,0.3475448559944087,0.3720957062409303,0.4625108825450513,0.7821479086209837,0.8626221350266139,0.838953488372093,0.8941108071135431,0.18874451108369683,0.2113312983235502,20260942,1,North America,267,171,V1-V10_financial_only
PONE2016_h1_target_North_America,20260731,Full_PBMSBAINGO,triad,171,86,0.6837356542827661,"Same-horizon leave-one-region-out transfer; source regions=Asia,Europe; target region=North America; source-only fit/search/calibration; target labels untouched until final evaluation; V1-V10 financial ratios only.",Risk feature plus score fusion; alpha=0.10 selected only on search partition.,Platt_logistic_on_separate_calibration_partition,0.8240568957552994,0.7906976744186046,0.8588235294117647,0.85,0.8192771084337349,0.8374384236453202,0.8018867924528302,0.6508581271053144,0.7617285661018269,0.8247606019151846,0.1411764705882353,0.4678362573099415,68.0,12.0,73.0,18.0,0.9227292555621047,0.9087551299589602,0.13688248682701612,0.43180961657718514,0.08699023700507308,-0.31515538384203673,1.0378885636998942,,,,0.758139534883721,0.8755813953488372,0.7894117647058824,0.8694117647058823,0.7891736694677871,0.862799043062201,0.7745171495171496,0.8724629195940672,0.5684894553846609,0.7323526003856259,0.7044756116819256,0.8188340557932059,0.8925971746282179,0.9391381424722206,0.8695759233926129,0.9310807113543093,0.12076670149945906,0.16552147092393157,20261038,1,North America,267,171,V1-V10_financial_only
PONE2016_h1_target_North_America,20260731,Full_PBMSBAINGO,cost_1,171,86,0.6765695981122603,"Same-horizon leave-one-region-out transfer; source regions=Asia,Europe; target region=North America; source-only fit/search/calibration; target labels untouched until final evaluation; V1-V10 financial ratios only.",Risk feature plus score fusion; alpha=0.10 selected only on search partition.,Platt_logistic_on_separate_calibration_partition,0.8183932073645682,0.7906976744186046,0.8470588235294118,0.8395061728395061,0.8143712574850299,0.8292682926829268,0.8,0.6386307361897502,0.7534560935577185,0.8188782489740082,0.15294117647058825,0.47368421052631576,68.0,13.0,72.0,18.0,0.9227292555621047,0.9087551299589602,0.13688248682701612,0.43180961657718514,0.08699023700507308,-0.31515538384203673,1.0378885636998942,1.0,0.18128654970760233,0.18128654970760233,0.7790697674418605,0.8232558139534883,0.7670588235294117,0.8811764705882352,0.7724137931034483,0.8751388888888889,0.7783594922887949,0.8331326304106549,0.5485292156962966,0.7054441862027829,0.6901664493625506,0.7998633861976198,0.9127731227402065,0.9357620571531349,0.8963269493844049,0.9252599179206566,0.11898814096493222,0.15512570834429992,20261038,1,North America,267,171,V1-V10_financial_only
PONE2016_h1_target_North_America,20260731,Full_PBMSBAINGO,cost_2,171,86,0.1799053866638892,"Same-horizon leave-one-region-out transfer; source regions=Asia,Europe; target region=North America; source-only fit/search/calibration; target labels untouched until final evaluation; V1-V10 financial ratios only.",Risk feature plus score fusion; alpha=0.10 selected only on search partition.,Platt_logistic_on_separate_calibration_partition,0.7029350233548073,0.9767441860465116,0.5058823529411764,0.6666666666666666,0.7924528301886793,0.711864406779661,0.8936170212765957,0.5479972240735707,0.646948297628242,0.741313269493844,0.49411764705882355,0.7368421052631579,84.0,42.0,43.0,2.0,0.9227292555621047,0.9087551299589602,0.13688248682701612,0.43180961657718514,0.08699023700507308,-0.31515538384203673,1.0378885636998942,2.0,0.26900584795321636,0.17898832684824903,0.9546511627906977,0.9988372093023256,0.3611764705882353,0.4823529411764706,0.6072436707122851,0.6612760882528325,0.8687361827560796,0.9063077046591913,0.4276738670382778,0.5630736950264108,0.5319341110717267,0.6473484643883742,0.9188145403012198,0.9302680609064455,0.8941860465116279,0.9199863201094391,0.12868792481715696,0.1406529997937525,20261038,1,North America,267,171,V1-V10_financial_only
PONE2016_h1_target_North_America,20260731,Full_PBMSBAINGO,cost_5,171,86,0.1799053866638892,"Same-horizon leave-one-region-out transfer; source regions=Asia,Europe; target region=North America; source-only fit/search/calibration; target labels untouched until final evaluation; V1-V10 financial ratios only.",Risk feature plus score fusion; alpha=0.10 selected only on search partition.,Platt_logistic_on_separate_calibration_partition,0.7029350233548073,0.9767441860465116,0.5058823529411764,0.6666666666666666,0.7924528301886793,0.711864406779661,0.8936170212765957,0.5479972240735707,0.646948297628242,0.741313269493844,0.49411764705882355,0.7368421052631579,84.0,42.0,43.0,2.0,0.9227292555621047,0.9087551299589602,0.13688248682701612,0.43180961657718514,0.08699023700507308,-0.31515538384203673,1.0378885636998942,5.0,0.30409356725146197,0.10097087378640776,0.9651162790697675,0.9883720930232558,0.45999999999999996,0.5835294117647059,0.6490857447186223,0.7055327868852459,0.888019430397798,0.9138271324863884,0.5204595041378453,0.6231465110014381,0.6204965186514065,0.7103766601562601,0.932715237114889,0.9521161997376716,0.9181600547195623,0.9472982216142272,0.10097030491811176,0.13379729719649303,20261038,1,North America,267,171,V1-V10_financial_only
PONE2016_h1_target_North_America,20260731,Full_PBMSBAINGO,cost_10,171,86,0.16759396307457605,"Same-horizon leave-one-region-out transfer; source regions=Asia,Europe; target region=North America; source-only fit/search/calibration; target labels untouched until final evaluation; V1-V10 financial ratios only.",Risk feature plus score fusion; alpha=0.10 selected only on search partition.,Platt_logistic_on_separate_calibration_partition,0.3067859955389482,1.0,0.09411764705882353,0.5276073619631901,0.6907630522088354,0.5826558265582655,0.8481262327416174,0.22283887335671146,0.275774436030381,0.5470588235294118,0.9058823529411765,0.9532163742690059,86.0,77.0,8.0,0.0,0.9227292555621047,0.9087551299589602,0.13688248682701612,0.43180961657718514,0.08699023700507308,-0.31515538384203673,1.0378885636998942,10.0,0.4502923976608187,0.08148148148148149,1.0,1.0,0.05058823529411765,0.15058823529411766,0.5159120782824594,0.543623417721519,0.8419842211504384,0.8562337949788149,0.16088614826865966,0.28604617541107835,0.20056412808013435,0.3504751581225585,0.9226962576113604,0.9409398461089059,0.9059917920656635,0.9292476060191519,0.1236611706985233,0.14907284923941602,20261038,1,North America,267,171,V1-V10_financial_only
PONE2016_h1_target_North_America,20260731,Full_PBMSBAINGO,cost_20,171,86,0.16759396307457605,"Same-horizon leave-one-region-out transfer; source regions=Asia,Europe; target region=North America; source-only fit/search/calibration; target labels untouched until final evaluation; V1-V10 financial ratios only.",Risk feature plus score fusion; alpha=0.10 selected only on search partition.,Platt_logistic_on_separate_calibration_partition,0.3067859955389482,1.0,0.09411764705882353,0.5276073619631901,0.6907630522088354,0.5826558265582655,0.8481262327416174,0.22283887335671146,0.275774436030381,0.5470588235294118,0.9058823529411765,0.9532163742690059,86.0,77.0,8.0,0.0,0.9227292555621047,0.9087551299589602,0.13688248682701612,0.43180961657718514,0.08699023700507308,-0.31515538384203673,1.0378885636998942,20.0,0.4502923976608187,0.04265927977839335,1.0,1.0,0.09411764705882353,0.1388235294117647,0.5276073619631901,0.5402086018985116,0.8481262327416174,0.8545322126646064,0.22283887335671146,0.2737675804524024,0.275774436030381,0.3361354030500684,0.916374651133402,0.9335475989683627,0.8955677154582764,0.9231190150478796,0.11388466085702877,0.1555595117009527,20261038,1,North America,267,171,V1-V10_financial_only
PONE2016_h1_target_North_America,20260731,Uncertainty_gated_fusion,triad,171,86,0.6837356542827661,"Same-horizon leave-one-region-out transfer; source regions=Asia,Europe; target region=North America; source-only fit/search/calibration; target labels untouched until final evaluation; V1-V10 financial ratios only.","One-standard-error paired-bootstrap gate selected Full_PBMSBAINGO; search utility difference=0.0363, required margin=0.0342.",Platt_logistic_on_separate_calibration_partition,0.8240568957552994,0.7906976744186046,0.8588235294117647,0.85,0.8192771084337349,0.8374384236453202,0.8018867924528302,0.6508581271053144,0.7617285661018269,0.8247606019151846,0.1411764705882353,0.4678362573099415,68.0,12.0,73.0,18.0,0.9227292555621047,0.9087551299589602,0.13688248682701612,0.43180961657718514,0.08699023700507308,-0.31515538384203673,1.0378885636998942,,,,0.7511627906976744,0.836046511627907,0.8023529411764706,0.948235294117647,0.7938697318007663,0.9410949410949411,0.7605854474491218,0.8373149318407511,0.5565217284223735,0.7687834619375008,0.6953642357332863,0.8402797171887905,0.8971121313236435,0.9416187392330327,0.8768057455540357,0.9232626538987687,0.10756455196070705,0.15780678992948838,20261084,1,North America,267,171,V1-V10_financial_only
PONE2016_h1_target_North_America,20260731,Uncertainty_gated_fusion,cost_1,171,86,0.6765695981122603,"Same-horizon leave-one-region-out transfer; source regions=Asia,Europe; target region=North America; source-only fit/search/calibration; target labels untouched until final evaluation; V1-V10 financial ratios only.","One-standard-error paired-bootstrap gate selected Full_PBMSBAINGO; search utility difference=0.0363, required margin=0.0342.",Platt_logistic_on_separate_calibration_partition,0.8183932073645682,0.7906976744186046,0.8470588235294118,0.8395061728395061,0.8143712574850299,0.8292682926829268,0.8,0.6386307361897502,0.7534560935577185,0.8188782489740082,0.15294117647058825,0.47368421052631576,68.0,13.0,72.0,18.0,0.9227292555621047,0.9087551299589602,0.13688248682701612,0.43180961657718514,0.08699023700507308,-0.31515538384203673,1.0378885636998942,1.0,0.18128654970760233,0.18128654970760233,0.7488372093023256,0.8232558139534883,0.7470588235294118,0.891764705882353,0.7626501405571173,0.8813905606588534,0.7601614086573735,0.8307600950118765,0.5470940224020356,0.6958888712032071,0.6884623096846683,0.7933523080347692,0.882436647069116,0.9302648479075064,0.8648084815321477,0.9282489740082079,0.11121560749120114,0.16594228056753213,20261084,1,North America,267,171,V1-V10_financial_only
PONE2016_h1_target_North_America,20260731,Uncertainty_gated_fusion,cost_2,171,86,0.1799053866638892,"Same-horizon leave-one-region-out transfer; source regions=Asia,Europe; target region=North America; source-only fit/search/calibration; target labels untouched until final evaluation; V1-V10 financial ratios only.","One-standard-error paired-bootstrap gate selected Full_PBMSBAINGO; search utility difference=0.0363, required margin=0.0342.",Platt_logistic_on_separate_calibration_partition,0.7029350233548073,0.9767441860465116,0.5058823529411764,0.6666666666666666,0.7924528301886793,0.711864406779661,0.8936170212765957,0.5479972240735707,0.646948297628242,0.741313269493844,0.49411764705882355,0.7368421052631579,84.0,42.0,43.0,2.0,0.9227292555621047,0.9087551299589602,0.13688248682701612,0.43180961657718514,0.08699023700507308,-0.31515538384203673,1.0378885636998942,2.0,0.26900584795321636,0.17898832684824903,0.9662790697674419,0.9976744186046511,0.5023529411764706,0.62,0.665023489710845,0.7265204386839481,0.8921806000742871,0.9283750806428992,0.5435569667053181,0.6681140399391554,0.6432936062532848,0.7448381502846394,0.9135338816852138,0.9426780829608543,0.8970793433652531,0.9381600547195623,0.12281742573844356,0.14965886724135527,20261084,1,North America,267,171,V1-V10_financial_only
PONE2016_h1_target_North_America,20260731,Uncertainty_gated_fusion,cost_5,171,86,0.1799053866638892,"Same-horizon leave-one-region-out transfer; source regions=Asia,Europe; target region=North America; source-only fit/search/calibration; target labels untouched until final evaluation; V1-V10 financial ratios only.","One-standard-error paired-bootstrap gate selected Full_PBMSBAINGO; search utility difference=0.0363, required margin=0.0342.",Platt_logistic_on_separate_calibration_partition,0.7029350233548073,0.9767441860465116,0.5058823529411764,0.6666666666666666,0.7924528301886793,0.711864406779661,0.8936170212765957,0.5479972240735707,0.646948297628242,0.741313269493844,0.49411764705882355,0.7368421052631579,84.0,42.0,43.0,2.0,0.9227292555621047,0.9087551299589602,0.13688248682701612,0.43180961657718514,0.08699023700507308,-0.31515538384203673,1.0378885636998942,5.0,0.30409356725146197,0.10097087378640776,0.9651162790697675,0.9988372093023256,0.49529411764705883,0.5611764705882353,0.6597862767154106,0.6945288551246168,0.8835459474235728,0.911917145559031,0.5243195970517214,0.6087395798805352,0.6314632904264488,0.695557003342821,0.8980903992115834,0.9371260541791826,0.8799794801641586,0.9250820793433653,0.12490527158725159,0.16560254298856456,20261084,1,North America,267,171,V1-V10_financial_only
PONE2016_h1_target_North_America,20260731,Uncertainty_gated_fusion,cost_10,171,86,0.16759396307457605,"Same-horizon leave-one-region-out transfer; source regions=Asia,Europe; target region=North America; source-only fit/search/calibration; target labels untouched until final evaluation; V1-V10 financial ratios only.","One-standard-error paired-bootstrap gate selected Full_PBMSBAINGO; search utility difference=0.0363, required margin=0.0342.",Platt_logistic_on_separate_calibration_partition,0.3067859955389482,1.0,0.09411764705882353,0.5276073619631901,0.6907630522088354,0.5826558265582655,0.8481262327416174,0.22283887335671146,0.275774436030381,0.5470588235294118,0.9058823529411765,0.9532163742690059,86.0,77.0,8.0,0.0,0.9227292555621047,0.9087551299589602,0.13688248682701612,0.43180961657718514,0.08699023700507308,-0.31515538384203673,1.0378885636998942,10.0,0.4502923976608187,0.08148148148148149,1.0,1.0,0.05058823529411765,0.1411764705882353,0.5159120782824594,0.5408805031446541,0.8419842211504384,0.8548707753479126,0.16088614826865966,0.27633240932607084,0.20056412808013435,0.33915486251130805,0.91577652122273,0.9286587006466754,0.9069767441860467,0.9162517099863201,0.13233830196898605,0.1378431843639353,20261084,1,North America,267,171,V1-V10_financial_only
PONE2016_h1_target_North_America,20260731,Uncertainty_gated_fusion,cost_20,171,86,0.16759396307457605,"Same-horizon leave-one-region-out transfer; source regions=Asia,Europe; target region=North America; source-only fit/search/calibration; target labels untouched until final evaluation; V1-V10 financial ratios only.","One-standard-error paired-bootstrap gate selected Full_PBMSBAINGO; search utility difference=0.0363, required margin=0.0342.",Platt_logistic_on_separate_calibration_partition,0.3067859955389482,1.0,0.09411764705882353,0.5276073619631901,0.6907630522088354,0.5826558265582655,0.8481262327416174,0.22283887335671146,0.275774436030381,0.5470588235294118,0.9058823529411765,0.9532163742690059,86.0,77.0,8.0,0.0,0.9227292555621047,0.9087551299589602,0.13688248682701612,0.43180961657718514,0.08699023700507308,-0.31515538384203673,1.0378885636998942,20.0,0.4502923976608187,0.04265927977839335,1.0,1.0,0.06117647058823529,0.12823529411764706,0.5187040846312078,0.5371661490683229,0.8434691987031033,0.853005657708628,0.17789442112324688,0.2624344733626211,0.22139148975076361,0.3228352628654162,0.9174855910793444,0.9370893533682372,0.9011012311901505,0.9215526675786594,0.1180622761636896,0.14935655127261807,20261084,1,North America,267,171,V1-V10_financial_only
PONE2016_h1_target_North_America,20260731,Full_random_search,triad,171,86,0.7035749737245733,"Same-horizon leave-one-region-out transfer; source regions=Asia,Europe; target region=North America; source-only fit/search/calibration; target labels untouched until final evaluation; V1-V10 financial ratios only.",Same full architecture and 81 evaluations as PBMSBAINGO; alpha=0.20.,Platt_logistic_on_separate_calibration_partition,0.8123533225491447,0.7790697674418605,0.8470588235294118,0.8375,0.8072289156626506,0.8251231527093597,0.7900943396226415,0.6274173647348408,0.7453303717510887,0.8130642954856362,0.15294117647058825,0.4678362573099415,67.0,13.0,72.0,19.0,0.9123558375868592,0.9031463748290014,0.137109795428376,0.43240168394336753,0.08382351780108462,-0.293584918117503,1.0430288621956918,,,,0.758139534883721,0.8011627906976744,0.8376470588235294,0.891764705882353,0.8307570478302185,0.8810551948051948,0.7741582330492733,0.8130714157665935,0.6185688973941145,0.6868215824424374,0.7381662589634279,0.7856718881846666,0.8903433654847657,0.942515959467583,0.8946443228454173,0.9335430916552666,0.11327128719048836,0.14149147288692376,20261132,1,North America,267,171,V1-V10_financial_only
PONE2016_h1_target_North_America,20260731,Full_random_search,cost_1,171,86,0.6966309174854879,"Same-horizon leave-one-region-out transfer; source regions=Asia,Europe; target region=North America; source-only fit/search/calibration; target labels untouched until final evaluation; V1-V10 financial ratios only.",Same full architecture and 81 evaluations as PBMSBAINGO; alpha=0.20.,Platt_logistic_on_separate_calibration_partition,0.8123533225491447,0.7790697674418605,0.8470588235294118,0.8375,0.8072289156626506,0.8251231527093597,0.7900943396226415,0.6274173647348408,0.7453303717510887,0.8130642954856362,0.15294117647058825,0.4678362573099415,67.0,13.0,72.0,19.0,0.9123558375868592,0.9031463748290014,0.137109795428376,0.43240168394336753,0.08382351780108462,-0.293584918117503,1.0430288621956918,1.0,0.1871345029239766,0.1871345029239766,0.7569767441860465,0.8302325581395349,0.8141176470588235,0.8811764705882352,0.8081111741349972,0.8657142857142858,0.7747487310497831,0.8318731701927857,0.5845821141542186,0.6695554081950705,0.715463107770102,0.7753031262317926,0.9000763375901522,0.9309606234057247,0.8981326949384404,0.915095759233926,0.1321023548015251,0.1390287999942889,20261132,1,North America,267,171,V1-V10_financial_only
PONE2016_h1_target_North_America,20260731,Full_random_search,cost_2,171,86,0.180205058700299,"Same-horizon leave-one-region-out transfer; source regions=Asia,Europe; target region=North America; source-only fit/search/calibration; target labels untouched until final evaluation; V1-V10 financial ratios only.",Same full architecture and 81 evaluations as PBMSBAINGO; alpha=0.20.,Platt_logistic_on_separate_calibration_partition,0.6987383588423116,0.9651162790697675,0.5058823529411764,0.664,0.7867298578199052,0.7081911262798635,0.8848614072494669,0.5310610036216146,0.6376629651174717,0.7354993160054719,0.49411764705882355,0.7309941520467836,83.0,42.0,43.0,3.0,0.9123558375868592,0.9031463748290014,0.137109795428376,0.43240168394336753,0.08382351780108462,-0.293584918117503,1.0430288621956918,2.0,0.2807017543859649,0.1867704280155642,0.9546511627906977,0.9872093023255814,0.4717647058823529,0.5635294117647058,0.6510989010989011,0.6933884297520662,0.8737815966539371,0.9025656730638355,0.4991365203267573,0.5925964411874743,0.6124957907562293,0.6880862342595295,0.8864817801768502,0.9365815556295666,0.8877154582763338,0.9235499316005471,0.11694292737877961,0.14969374233919872,20261132,1,North America,267,171,V1-V10_financial_only
PONE2016_h1_target_North_America,20260731,Full_random_search,cost_5,171,86,0.16653883406839098,"Same-horizon leave-one-region-out transfer; source regions=Asia,Europe; target region=North America; source-only fit/search/calibration; target labels untouched until final evaluation; V1-V10 financial ratios only.",Same full architecture and 81 evaluations as PBMSBAINGO; alpha=0.20.,Platt_logistic_on_separate_calibration_partition,0.5057805388588732,0.9883720930232558,0.25882352941176473,0.5743243243243243,0.7264957264957265,0.6268436578171092,0.8638211382113821,0.362246908990097,0.4525254122092911,0.6235978112175102,0.7411764705882353,0.8654970760233918,85.0,63.0,22.0,1.0,0.9123558375868592,0.9031463748290014,0.137109795428376,0.43240168394336753,0.08382351780108462,-0.293584918117503,1.0430288621956918,5.0,0.39766081871345027,0.13203883495145632,0.977906976744186,0.9883720930232558,0.18000000000000002,0.32588235294117646,0.549469439728353,0.5973530840213696,0.8518989197908011,0.8739491024767098,0.2865504573033463,0.42039297098512285,0.3706906184036488,0.5134574198153172,0.8919851581352526,0.9269797509827229,0.8791108071135431,0.9275170998632011,0.115513499020036,0.1658459295754904,20261132,1,North America,267,171,V1-V10_financial_only
PONE2016_h1_target_North_America,20260731,Full_random_search,cost_10,171,86,0.16653883406839098,"Same-horizon leave-one-region-out transfer; source regions=Asia,Europe; target region=North America; source-only fit/search/calibration; target labels untouched until final evaluation; V1-V10 financial ratios only.",Same full architecture and 81 evaluations as PBMSBAINGO; alpha=0.20.,Platt_logistic_on_separate_calibration_partition,0.5057805388588732,0.9883720930232558,0.25882352941176473,0.5743243243243243,0.7264957264957265,0.6268436578171092,0.8638211382113821,0.362246908990097,0.4525254122092911,0.6235978112175102,0.7411764705882353,0.8654970760233918,85.0,63.0,22.0,1.0,0.9123558375868592,0.9031463748290014,0.137109795428376,0.43240168394336753,0.08382351780108462,-0.293584918117503,1.0430288621956918,10.0,0.4269005847953216,0.07724867724867725,0.977906976744186,1.0,0.18941176470588236,0.2447058823529412,0.5549103942652329,0.5700017661603674,0.8491494421071886,0.8664488320355951,0.29464454711723204,0.35522180924735797,0.39292340600628917,0.4400263082821867,0.904499179083214,0.9308572286327066,0.903857729138167,0.9230095759233926,0.12288536440219779,0.1393709903800722,20261132,1,North America,267,171,V1-V10_financial_only
PONE2016_h1_target_North_America,20260731,Full_random_search,cost_20,171,86,0.16653883406839098,"Same-horizon leave-one-region-out transfer; source regions=Asia,Europe; target region=North America; source-only fit/search/calibration; target labels untouched until final evaluation; V1-V10 financial ratios only.",Same full architecture and 81 evaluations as PBMSBAINGO; alpha=0.20.,Platt_logistic_on_separate_calibration_partition,0.5057805388588732,0.9883720930232558,0.25882352941176473,0.5743243243243243,0.7264957264957265,0.6268436578171092,0.8638211382113821,0.362246908990097,0.4525254122092911,0.6235978112175102,0.7411764705882353,0.8654970760233918,85.0,63.0,22.0,1.0,0.9123558375868592,0.9031463748290014,0.137109795428376,0.43240168394336753,0.08382351780108462,-0.293584918117503,1.0430288621956918,20.0,0.4853801169590643,0.04598337950138504,0.9883720930232558,1.0,0.23647058823529413,0.3047058823529412,0.5696297613227255,0.5901541095890411,0.8627307558342041,0.8775510204081632,0.3530244783399325,0.4162299618531065,0.44119187001149496,0.4965368377491567,0.8585947702078773,0.9305816603819335,0.8577359781121751,0.9241244870041039,0.1272617600330278,0.17116171340540512,20261132,1,North America,267,171,V1-V10_financial_only
PONE2016_h1_target_North_America,20260731,Balanced_logistic,triad,171,86,0.8650349181795917,"Same-horizon leave-one-region-out transfer; source regions=Asia,Europe; target region=North America; source-only fit/search/calibration; target labels untouched until final evaluation; V1-V10 financial ratios only.",Class-weighted logistic reference using the same source-only fit/search/calibration and untouched regional target.,Platt_logistic_on_separate_calibration_partition,0.7973965846863742,0.6511627906976745,0.9764705882352941,0.9655172413793104,0.7777777777777778,0.8805031446540881,0.6965174129353234,0.6628442637111425,0.7497562272231731,0.8138166894664842,0.023529411764705882,0.3391812865497076,56.0,2.0,83.0,30.0,0.9134370704739887,0.8811217510259918,0.13617659942514532,0.4761766750967566,0.09170516797810371,-0.38120384322773115,0.6158875907588395,,,,0.530232558139535,0.6720930232558139,0.9658823529411765,0.9882352941176471,0.9475303951367781,0.9822874493927125,0.5822967526931722,0.7158650403693736,0.5656006270237389,0.6815384747878678,0.6646011152669236,0.7650561547414575,0.8844204726845728,0.9285371791966457,0.8368536251709986,0.9048563611491109,0.1192493331425739,0.16288537674611217,20262032,1,North America,267,171,V1-V10_financial_only
PONE2016_h1_target_North_America,20260731,Balanced_logistic,cost_1,171,86,0.5804939897470687,"Same-horizon leave-one-region-out transfer; source regions=Asia,Europe; target region=North America; source-only fit/search/calibration; target labels untouched until final evaluation; V1-V10 financial ratios only.",Class-weighted logistic reference using the same source-only fit/search/calibration and untouched regional target.,Platt_logistic_on_separate_calibration_partition,0.7994526171100473,0.7441860465116279,0.8588235294117647,0.8421052631578947,0.7901234567901234,0.8205128205128205,0.7619047619047619,0.6067563059204921,0.7292334561753235,0.8015047879616963,0.1411764705882353,0.4444444444444444,64.0,12.0,73.0,22.0,0.9134370704739887,0.8811217510259918,0.13617659942514532,0.4761766750967566,0.09170516797810371,-0.38120384322773115,0.6158875907588395,1.0,0.19883040935672514,0.19883040935672514,0.6790697674418604,0.7651162790697674,0.7717647058823529,0.8694117647058823,0.7508097165991903,0.8526153846153847,0.6922929361317987,0.7801637842301122,0.45270263851446824,0.627755547241598,0.618883404982492,0.7447301700115129,0.8746762401482763,0.9213371909285587,0.8218809849521204,0.8863816689466485,0.13311528412555584,0.17411422620343509,20262032,1,North America,267,171,V1-V10_financial_only
PONE2016_h1_target_North_America,20260731,Balanced_logistic,cost_2,171,86,0.36221656568404953,"Same-horizon leave-one-region-out transfer; source regions=Asia,Europe; target region=North America; source-only fit/search/calibration; target labels untouched until final evaluation; V1-V10 financial ratios only.",Class-weighted logistic reference using the same source-only fit/search/calibration and untouched regional target.,Platt_logistic_on_separate_calibration_partition,0.7698135222877858,0.8837209302325582,0.6705882352941176,0.7307692307692307,0.8,0.7569721115537849,0.8482142857142857,0.5677493912173089,0.6955194019301474,0.7771545827633379,0.32941176470588235,0.6081871345029239,76.0,28.0,57.0,10.0,0.9134370704739887,0.8811217510259918,0.13617659942514532,0.4761766750967566,0.09170516797810371,-0.38120384322773115,0.6158875907588395,2.0,0.2807017543859649,0.1867704280155642,0.813953488372093,0.8837209302325582,0.6705882352941176,0.7270588235294118,0.7159340659340659,0.752666879591185,0.7927612164386966,0.8533607544141252,0.4953624266731604,0.5963493984461872,0.6484556357820288,0.7179792378529192,0.8844317636273834,0.9210119546489552,0.8343844049247606,0.8910533515731873,0.12868420034818015,0.15772136032580386,20262032,1,North America,267,171,V1-V10_financial_only
PONE2016_h1_target_North_America,20260731,Balanced_logistic,cost_5,171,86,0.30753990680477866,"Same-horizon leave-one-region-out transfer; source regions=Asia,Europe; target region=North America; source-only fit/search/calibration; target labels untouched until final evaluation; V1-V10 financial ratios only.",Class-weighted logistic reference using the same source-only fit/search/calibration and untouched regional target.,Platt_logistic_on_separate_calibration_partition,0.7541948352522734,0.8953488372093024,0.6352941176470588,0.7129629629629629,0.7938144329896907,0.7432432432432432,0.8517699115044248,0.5500205786711634,0.6788628070315224,0.7653214774281806,0.36470588235294116,0.631578947368421,77.0,31.0,54.0,9.0,0.9134370704739887,0.8811217510259918,0.13617659942514532,0.4761766750967566,0.09170516797810371,-0.38120384322773115,0.6158875907588395,5.0,0.4444444444444444,0.14757281553398058,0.85,0.9500000000000001,0.6023529411764705,0.7329411764705882,0.6941356450790414,0.7814335664335664,0.818769307424016,0.9106651195720579,0.5004129341452499,0.6981707295835463,0.6452037355341401,0.7852895440682439,0.8934730993386795,0.9368129500889518,0.8452667578659371,0.9213885088919289,0.10860919533451532,0.15394155539888088,20262032,1,North America,267,171,V1-V10_financial_only
PONE2016_h1_target_North_America,20260731,Balanced_logistic,cost_10,171,86,0.046055449760079685,"Same-horizon leave-one-region-out transfer; source regions=Asia,Europe; target region=North America; source-only fit/search/calibration; target labels untouched until final evaluation; V1-V10 financial ratios only.",Class-weighted logistic reference using the same source-only fit/search/calibration and untouched regional target.,Platt_logistic_on_separate_calibration_partition,0.3177382450056355,0.9534883720930233,0.10588235294117647,0.5189873417721519,0.6721311475409836,0.5710306406685237,0.8167330677290837,0.11200330070781972,0.22445189104436636,0.5296853625170999,0.8941176470588236,0.9239766081871345,82.0,76.0,9.0,4.0,0.9134370704739887,0.8811217510259918,0.13617659942514532,0.4761766750967566,0.09170516797810371,-0.38120384322773115,0.6158875907588395,10.0,0.6783625730994152,0.12275132275132275,0.9430232558139535,0.9767441860465116,0.07176470588235294,0.12705882352941178,0.515356476012651,0.5224964936886396,0.8121342286165958,0.831355088171539,0.1022336450243464,0.14813049954355179,0.19795881568028328,0.24557012373966564,0.8980040477826916,0.9295679734123818,0.8635499316005472,0.9134883720930232,0.12478454257525001,0.15185604479286058,20262032,1,North America,267,171,V1-V10_financial_only
PONE2016_h1_target_North_America,20260731,Balanced_logistic,cost_20,171,86,0.046055449760079685,"Same-horizon leave-one-region-out transfer; source regions=Asia,Europe; target region=North America; source-only fit/search/calibration; target labels untouched until final evaluation; V1-V10 financial ratios only.",Class-weighted logistic reference using the same source-only fit/search/calibration and untouched regional target.,Platt_logistic_on_separate_calibration_partition,0.3177382450056355,0.9534883720930233,0.10588235294117647,0.5189873417721519,0.6721311475409836,0.5710306406685237,0.8167330677290837,0.11200330070781972,0.22445189104436636,0.5296853625170999,0.8941176470588236,0.9239766081871345,82.0,76.0,9.0,4.0,0.9134370704739887,0.8811217510259918,0.13617659942514532,0.4761766750967566,0.09170516797810371,-0.38120384322773115,0.6158875907588395,20.0,0.9122807017543859,0.08642659279778393,0.9302325581395349,0.9651162790697675,0.07294117647058823,0.12823529411764706,0.5040960114640554,0.5283278239135693,0.7957057654075548,0.8281783047450915,0.007829108607127648,0.1707620216694753,0.06071370636614951,0.27645228963598817,0.8988213562574402,0.9175653482267261,0.8556908344733243,0.8850341997264021,0.13033803969082686,0.15380751117359617,20262032,1,North America,267,171,V1-V10_financial_only
PONE2016_h2_target_Asia,20260731,HistGB,triad,96,48,0.710220443253912,"Same-horizon leave-one-region-out transfer; source regions=Europe,North America; target region=Asia; source-only fit/search/calibration; target labels untouched until final evaluation; V1-V10 financial ratios only.",No metaheuristic; threshold and Platt calibration use calibration partition.,Platt_logistic_on_separate_calibration_partition,0.7694243880258078,0.6458333333333334,0.9166666666666666,0.8857142857142857,0.7469879518072289,0.824468085106383,0.6828193832599119,0.5843389347222367,0.7019921246874938,0.78125,0.08333333333333333,0.3645833333333333,31.0,4.0,44.0,17.0,0.8322420966926936,0.8546006944444444,0.16570085082619865,0.5129137304205235,0.11547635034095505,-0.007898574333384345,1.6167949976510647,,,,0.5208333333333334,0.7041666666666667,0.8791666666666667,1.0,0.813685239491691,1.0,0.5618237544740198,0.7484197218710492,0.4357710689610807,0.7371891461782739,0.5859705041332195,0.8036594436168609,0.732005795642455,0.9424959945738118,0.7851996527777777,0.9306857638888889,0.13599895090306172,0.1927099322024096,20260731,2,Asia,338,96,V1-V10_financial_only
PONE2016_h2_target_Asia,20260731,HistGB,cost_1,96,48,0.5728332499733618,"Same-horizon leave-one-region-out transfer; source regions=Europe,North America; target region=Asia; source-only fit/search/calibration; target labels untouched until final evaluation; V1-V10 financial ratios only.",No metaheuristic; threshold and Platt calibration use calibration partition.,Platt_logistic_on_separate_calibration_partition,0.7778397792747695,0.7083333333333334,0.8541666666666666,0.8292682926829268,0.7640449438202247,0.8018867924528302,0.7296137339055794,0.5685785754425927,0.70068625248438,0.78125,0.14583333333333334,0.4270833333333333,34.0,7.0,41.0,14.0,0.8322420966926936,0.8546006944444444,0.16570085082619865,0.5129137304205235,0.11547635034095505,-0.007898574333384345,1.6167949976510647,1.0,0.21875,0.21875,0.6270833333333333,0.76875,0.75625,0.9145833333333333,0.7595918367346939,0.8832539682539682,0.6626961125280161,0.7668207363832135,0.5229572153048152,0.5822652274476765,0.6704341393696688,0.7018231634048759,0.8115350831784726,0.8856670404047602,0.8319444444444444,0.86171875,0.16555384310797183,0.17233385141768942,20260731,2,Asia,338,96,V1-V10_financial_only
PONE2016_h2_target_Asia,20260731,HistGB,cost_2,96,48,0.29987481699537333,"Same-horizon leave-one-region-out transfer; source regions=Europe,North America; target region=Asia; source-only fit/search/calibration; target labels untouched until final evaluation; V1-V10 financial ratios only.",No metaheuristic; threshold and Platt calibration use calibration partition.,Platt_logistic_on_separate_calibration_partition,0.7312470322826768,0.9166666666666666,0.5833333333333334,0.6875,0.7857142857142857,0.7236842105263158,0.859375,0.5303300858899107,0.6569891028778054,0.75,0.4166666666666667,0.6666666666666666,44.0,20.0,28.0,4.0,0.8322420966926936,0.8546006944444444,0.16570085082619865,0.5129137304205235,0.11547635034095505,-0.007898574333384345,1.6167949976510647,2.0,0.2916666666666667,0.19444444444444445,0.8791666666666667,0.975,0.37083333333333335,0.6166666666666667,0.5975101214574898,0.7179334098737084,0.819363784191881,0.9098297853161667,0.36551004324546427,0.6336159062118046,0.5007460966529632,0.7247828930069573,0.7640245263251237,0.8820115663649459,0.7573784722222222,0.9088975694444444,0.14419725524339874,0.2107000695509707,20260731,2,Asia,338,96,V1-V10_financial_only
PONE2016_h2_target_Asia,20260731,HistGB,cost_5,96,48,0.29240135737395034,"Same-horizon leave-one-region-out transfer; source regions=Europe,North America; target region=Asia; source-only fit/search/calibration; target labels untouched until final evaluation; V1-V10 financial ratios only.",No metaheuristic; threshold and Platt calibration use calibration partition.,Platt_logistic_on_separate_calibration_partition,0.6702378309227255,0.9375,0.4791666666666667,0.6428571428571429,0.7627118644067796,0.6859756097560976,0.8587786259541985,0.4688072309384954,0.5949549181041361,0.7083333333333334,0.5208333333333334,0.7291666666666666,45.0,25.0,23.0,3.0,0.8322420966926936,0.8546006944444444,0.16570085082619865,0.5129137304205235,0.11547635034095505,-0.007898574333384345,1.6167949976510647,5.0,0.4166666666666667,0.1388888888888889,0.91875,0.9791666666666666,0.3833333333333333,0.61875,0.6028571428571429,0.7159926470588235,0.8399948537610429,0.9033052884615385,0.38236067649276906,0.6164319924912399,0.5154368481691577,0.7154334644038872,0.7840280562771023,0.9196195746705332,0.8278211805555555,0.9134548611111112,0.14445008757615727,0.17103565386304279,20260731,2,Asia,338,96,V1-V10_financial_only
PONE2016_h2_target_Asia,20260731,HistGB,cost_10,96,48,0.29240135737395034,"Same-horizon leave-one-region-out transfer; source regions=Europe,North America; target region=Asia; source-only fit/search/calibration; target labels untouched until final evaluation; V1-V10 financial ratios only.",No metaheuristic; threshold and Platt calibration use calibration partition.,Platt_logistic_on_separate_calibration_partition,0.6702378309227255,0.9375,0.4791666666666667,0.6428571428571429,0.7627118644067796,0.6859756097560976,0.8587786259541985,0.4688072309384954,0.5949549181041361,0.7083333333333334,0.5208333333333334,0.7291666666666666,45.0,25.0,23.0,3.0,0.8322420966926936,0.8546006944444444,0.16570085082619865,0.5129137304205235,0.11547635034095505,-0.007898574333384345,1.6167949976510647,10.0,0.5729166666666666,0.10416666666666667,0.9166666666666666,0.9770833333333333,0.33749999999999997,0.5166666666666667,0.5815789473684211,0.6563225538971807,0.8237480550913387,0.8885888351192534,0.3180532891463978,0.526158801725583,0.46211912546701955,0.6268543145539596,0.8241547148304342,0.9025934306886683,0.8355902777777777,0.8930989583333333,0.1512132282983301,0.16971735494205326,20260731,2,Asia,338,96,V1-V10_financial_only
PONE2016_h2_target_Asia,20260731,HistGB,cost_20,96,48,0.29240135737395034,"Same-horizon leave-one-region-out transfer; source regions=Europe,North America; target region=Asia; source-only fit/search/calibration; target labels untouched until final evaluation; V1-V10 financial ratios only.",No metaheuristic; threshold and Platt calibration use calibration partition.,Platt_logistic_on_separate_calibration_partition,0.6702378309227255,0.9375,0.4791666666666667,0.6428571428571429,0.7627118644067796,0.6859756097560976,0.8587786259541985,0.4688072309384954,0.5949549181041361,0.7083333333333334,0.5208333333333334,0.7291666666666666,45.0,25.0,23.0,3.0,0.8322420966926936,0.8546006944444444,0.16570085082619865,0.5129137304205235,0.11547635034095505,-0.007898574333384345,1.6167949976510647,20.0,0.8854166666666666,0.08432539682539683,0.8979166666666667,0.9770833333333333,0.41041666666666665,0.6020833333333333,0.6051470588235294,0.7056730769230769,0.8188920454545455,0.8998389910103315,0.3561418999135446,0.599258962586657,0.508907081737712,0.7006768103430081,0.7611013863734695,0.9197469992206645,0.8116753472222221,0.9078125,0.14108238542772844,0.1776966106077196,20260731,2,Asia,338,96,V1-V10_financial_only
PONE2016_h2_target_Asia,20260731,KELM_PBMSBAINGO,triad,96,48,0.6201028067146311,"Same-horizon leave-one-region-out transfer; source regions=Europe,North America; target region=Asia; source-only fit/search/calibration; target labels untouched until final evaluation; V1-V10 financial ratios only.",Plain KELM; hyperparameters/features selected only on search partition.,Platt_logistic_on_separate_calibration_partition,0.4330127018922193,0.1875,1.0,1.0,0.3157894736842105,0.5357142857142857,0.22388059701492538,0.32163376045133846,0.3921518788918202,0.59375,0.0,0.09375,9.0,0.0,48.0,39.0,0.8504319411846936,0.83203125,0.20516374707814697,0.5999160962816155,0.13411951272137218,0.7035566582839168,4.797017657763574,,,,0.10833333333333334,0.20625000000000002,1.0,1.0,1.0,1.0,0.1318011376680356,0.2451603369292153,0.23900816172984807,0.3390608288068469,0.2955537821964383,0.41196064154663803,0.8148004399219799,0.9091115461241145,0.8031684027777778,0.8901909722222222,0.19338015229252808,0.21278325687974675,20260832,2,Asia,338,96,V1-V10_financial_only
PONE2016_h2_target_Asia,20260731,KELM_PBMSBAINGO,cost_1,96,48,0.40063686101076734,"Same-horizon leave-one-region-out transfer; source regions=Europe,North America; target region=Asia; source-only fit/search/calibration; target labels untouched until final evaluation; V1-V10 financial ratios only.",Plain KELM; hyperparameters/features selected only on search partition.,Platt_logistic_on_separate_calibration_partition,0.5111601727660541,0.8958333333333334,0.2916666666666667,0.5584415584415584,0.688,0.6039325842696629,0.7992565055762082,0.23529914352720094,0.3946796983723335,0.59375,0.7083333333333334,0.8020833333333334,43.0,34.0,14.0,5.0,0.8504319411846936,0.83203125,0.20516374707814697,0.5999160962816155,0.13411951272137218,0.7035566582839168,4.797017657763574,1.0,0.40625,0.40625,0.8604166666666666,0.95625,0.2770833333333333,0.35208333333333336,0.5631944444444444,0.5892107892107892,0.7809531886024423,0.8503097893432466,0.24445720066485704,0.3702567770557231,0.4143695590356319,0.4904787984313136,0.828741811505794,0.899348260245092,0.8079861111111112,0.8913628472222221,0.1934794141191628,0.20686187532907377,20260832,2,Asia,338,96,V1-V10_financial_only
PONE2016_h2_target_Asia,20260731,KELM_PBMSBAINGO,cost_2,96,48,0.40063686101076734,"Same-horizon leave-one-region-out transfer; source regions=Europe,North America; target region=Asia; source-only fit/search/calibration; target labels untouched until final evaluation; V1-V10 financial ratios only.",Plain KELM; hyperparameters/features selected only on search partition.,Platt_logistic_on_separate_calibration_partition,0.5111601727660541,0.8958333333333334,0.2916666666666667,0.5584415584415584,0.688,0.6039325842696629,0.7992565055762082,0.23529914352720094,0.3946796983723335,0.59375,0.7083333333333334,0.8020833333333334,43.0,34.0,14.0,5.0,0.8504319411846936,0.83203125,0.20516374707814697,0.5999160962816155,0.13411951272137218,0.7035566582839168,4.797017657763574,2.0,0.4583333333333333,0.3055555555555556,0.85625,0.9354166666666667,0.27499999999999997,0.4270833333333333,0.5463144963144962,0.6107518796992482,0.7716759370545322,0.832089552238806,0.18453666435290506,0.3695668370367341,0.3537517638580806,0.5204528637652022,0.8228867718309752,0.8925347694773206,0.7924479166666666,0.8785590277777777,0.19429125909092276,0.2116631070902721,20260832,2,Asia,338,96,V1-V10_financial_only
PONE2016_h2_target_Asia,20260731,KELM_PBMSBAINGO,cost_5,96,48,0.3086497312372944,"Same-horizon leave-one-region-out transfer; source regions=Europe,North America; target region=Asia; source-only fit/search/calibration; target labels untouched until final evaluation; V1-V10 financial ratios only.",Plain KELM; hyperparameters/features selected only on search partition.,Platt_logistic_on_separate_calibration_partition,0.0,1.0,0.0,0.5,0.6666666666666666,0.5555555555555556,0.8333333333333334,0.0,0.0,0.5,1.0,1.0,48.0,48.0,0.0,0.0,0.8504319411846936,0.83203125,0.20516374707814697,0.5999160962816155,0.13411951272137218,0.7035566582839168,4.797017657763574,5.0,0.5,0.16666666666666666,1.0,1.0,0.0,0.0,0.5,0.5,0.8333333333333334,0.8333333333333334,0.0,0.0,0.0,0.0,0.7813585849055855,0.907885831296558,0.7707465277777779,0.8957899305555556,0.19169533020250445,0.2162293184969537,20260832,2,Asia,338,96,V1-V10_financial_only
PONE2016_h2_target_Asia,20260731,KELM_PBMSBAINGO,cost_10,96,48,0.3086497312372944,"Same-horizon leave-one-region-out transfer; source regions=Europe,North America; target region=Asia; source-only fit/search/calibration; target labels untouched until final evaluation; V1-V10 financial ratios only.",Plain KELM; hyperparameters/features selected only on search partition.,Platt_logistic_on_separate_calibration_partition,0.0,1.0,0.0,0.5,0.6666666666666666,0.5555555555555556,0.8333333333333334,0.0,0.0,0.5,1.0,1.0,48.0,48.0,0.0,0.0,0.8504319411846936,0.83203125,0.20516374707814697,0.5999160962816155,0.13411951272137218,0.7035566582839168,4.797017657763574,10.0,0.5,0.09090909090909091,1.0,1.0,0.0,0.0,0.5,0.5,0.8333333333333334,0.8333333333333334,0.0,0.0,0.0,0.0,0.8205735102530264,0.8991658707069023,0.8091579861111111,0.8809461805555555,0.19290819627456274,0.21306862746979643,20260832,2,Asia,338,96,V1-V10_financial_only
PONE2016_h2_target_Asia,20260731,KELM_PBMSBAINGO,cost_20,96,48,0.3086497312372944,"Same-horizon leave-one-region-out transfer; source regions=Europe,North America; target region=Asia; source-only fit/search/calibration; target labels untouched until final evaluation; V1-V10 financial ratios only.",Plain KELM; hyperparameters/features selected only on search partition.,Platt_logistic_on_separate_calibration_partition,0.0,1.0,0.0,0.5,0.6666666666666666,0.5555555555555556,0.8333333333333334,0.0,0.0,0.5,1.0,1.0,48.0,48.0,0.0,0.0,0.8504319411846936,0.83203125,0.20516374707814697,0.5999160962816155,0.13411951272137218,0.7035566582839168,4.797017657763574,20.0,0.5,0.047619047619047616,1.0,1.0,0.0,0.0,0.5,0.5,0.8333333333333334,0.8333333333333334,0.0,0.0,0.0,0.0,0.8364240201916038,0.8877447618984062,0.8092447916666666,0.8681423611111111,0.19947619918701992,0.20750263543228914,20260832,2,Asia,338,96,V1-V10_financial_only
PONE2016_h2_target_Asia,20260731,KELM_score_fusion,triad,96,48,0.6301459288679521,"Same-horizon leave-one-region-out transfer; source regions=Europe,North America; target region=Asia; source-only fit/search/calibration; target labels untouched until final evaluation; V1-V10 financial ratios only.",Plain KELM plus HistGB score-level fusion; alpha=1.00 selected only on search partition.,Platt_logistic_on_separate_calibration_partition,0.4330127018922193,0.1875,1.0,1.0,0.3157894736842105,0.5357142857142857,0.22388059701492538,0.32163376045133846,0.3921518788918202,0.59375,0.0,0.09375,9.0,0.0,48.0,39.0,0.8504319411846936,0.83203125,0.20349611818346425,0.5962079485674053,0.12940362026590482,0.7120084364391326,4.547854095088558,,,,0.1125,0.30833333333333335,1.0,1.0,1.0,1.0,0.13660125767103568,0.35779427359490984,0.2431266299674568,0.42687440138136057,0.3003151850468925,0.5086003035411643,0.8390871206788685,0.8978668931368659,0.8160590277777777,0.8832465277777778,0.18993301193231543,0.20634221178484902,20260834,2,Asia,338,96,V1-V10_financial_only
PONE2016_h2_target_Asia,20260731,KELM_score_fusion,cost_1,96,48,0.3949554098850833,"Same-horizon leave-one-region-out transfer; source regions=Europe,North America; target region=Asia; source-only fit/search/calibration; target labels untouched until final evaluation; V1-V10 financial ratios only.",Plain KELM plus HistGB score-level fusion; alpha=1.00 selected only on search partition.,Platt_logistic_on_separate_calibration_partition,0.5111601727660541,0.8958333333333334,0.2916666666666667,0.5584415584415584,0.688,0.6039325842696629,0.7992565055762082,0.23529914352720094,0.3946796983723335,0.59375,0.7083333333333334,0.8020833333333334,43.0,34.0,14.0,5.0,0.8504319411846936,0.83203125,0.20349611818346425,0.5962079485674053,0.12940362026590482,0.7120084364391326,4.547854095088558,1.0,0.40625,0.40625,0.8583333333333333,0.9583333333333334,0.25,0.39166666666666666,0.5501282051282051,0.5962337662337662,0.7838281029120724,0.8534583344639514,0.21451446434110247,0.38246278209584916,0.3715657842466375,0.5051684296344214,0.8118831599011471,0.8833901475073712,0.7919270833333334,0.8748263888888889,0.19583623669918127,0.20995080749936817,20260834,2,Asia,338,96,V1-V10_financial_only
PONE2016_h2_target_Asia,20260731,KELM_score_fusion,cost_2,96,48,0.3949554098850833,"Same-horizon leave-one-region-out transfer; source regions=Europe,North America; target region=Asia; source-only fit/search/calibration; target labels untouched until final evaluation; V1-V10 financial ratios only.",Plain KELM plus HistGB score-level fusion; alpha=1.00 selected only on search partition.,Platt_logistic_on_separate_calibration_partition,0.5111601727660541,0.8958333333333334,0.2916666666666667,0.5584415584415584,0.688,0.6039325842696629,0.7992565055762082,0.23529914352720094,0.3946796983723335,0.59375,0.7083333333333334,0.8020833333333334,43.0,34.0,14.0,5.0,0.8504319411846936,0.83203125,0.20349611818346425,0.5962079485674053,0.12940362026590482,0.7120084364391326,4.547854095088558,2.0,0.4583333333333333,0.3055555555555556,0.8354166666666667,0.9583333333333334,0.23124999999999998,0.39375,0.5335417668751001,0.6052631578947368,0.7625019584383769,0.8582089552238806,0.1377317076328241,0.41039134083406165,0.30782630198051825,0.5283422608165946,0.7881746297254111,0.9100370486697474,0.7866753472222221,0.90546875,0.19043907372958999,0.21409858322913752,20260834,2,Asia,338,96,V1-V10_financial_only
PONE2016_h2_target_Asia,20260731,KELM_score_fusion,cost_5,96,48,0.3073418002037952,"Same-horizon leave-one-region-out transfer; source regions=Europe,North America; target region=Asia; source-only fit/search/calibration; target labels untouched until final evaluation; V1-V10 financial ratios only.",Plain KELM plus HistGB score-level fusion; alpha=1.00 selected only on search partition.,Platt_logistic_on_separate_calibration_partition,0.0,1.0,0.0,0.5,0.6666666666666666,0.5555555555555556,0.8333333333333334,0.0,0.0,0.5,1.0,1.0,48.0,48.0,0.0,0.0,0.8504319411846936,0.83203125,0.20349611818346425,0.5962079485674053,0.12940362026590482,0.7120084364391326,4.547854095088558,5.0,0.5,0.16666666666666666,1.0,1.0,0.0,0.0,0.5,0.5,0.8333333333333334,0.8333333333333334,0.0,0.0,0.0,0.0,0.8172120365987797,0.8965985309497156,0.810329861111111,0.8664062500000002,0.1940245141112646,0.21119623355370815,20260834,2,Asia,338,96,V1-V10_financial_only
PONE2016_h2_target_Asia,20260731,KELM_score_fusion,cost_10,96,48,0.3073418002037952,"Same-horizon leave-one-region-out transfer; source regions=Europe,North America; target region=Asia; source-only fit/search/calibration; target labels untouched until final evaluation; V1-V10 financial ratios only.",Plain KELM plus HistGB score-level fusion; alpha=1.00 selected only on search partition.,Platt_logistic_on_separate_calibration_partition,0.0,1.0,0.0,0.5,0.6666666666666666,0.5555555555555556,0.8333333333333334,0.0,0.0,0.5,1.0,1.0,48.0,48.0,0.0,0.0,0.8504319411846936,0.83203125,0.20349611818346425,0.5962079485674053,0.12940362026590482,0.7120084364391326,4.547854095088558,10.0,0.5,0.09090909090909091,1.0,1.0,0.0,0.0,0.5,0.5,0.8333333333333334,0.8333333333333334,0.0,0.0,0.0,0.0,0.785057408446434,0.8626253095888713,0.7701822916666667,0.8499565972222222,0.19756859445921082,0.21400961735437618,20260834,2,Asia,338,96,V1-V10_financial_only
PONE2016_h2_target_Asia,20260731,KELM_score_fusion,cost_20,96,48,0.3073418002037952,"Same-horizon leave-one-region-out transfer; source regions=Europe,North America; target region=Asia; source-only fit/search/calibration; target labels untouched until final evaluation; V1-V10 financial ratios only.",Plain KELM plus HistGB score-level fusion; alpha=1.00 selected only on search partition.,Platt_logistic_on_separate_calibration_partition,0.0,1.0,0.0,0.5,0.6666666666666666,0.5555555555555556,0.8333333333333334,0.0,0.0,0.5,1.0,1.0,48.0,48.0,0.0,0.0,0.8504319411846936,0.83203125,0.20349611818346425,0.5962079485674053,0.12940362026590482,0.7120084364391326,4.547854095088558,20.0,0.5,0.047619047619047616,1.0,1.0,0.0,0.0,0.5,0.5,0.8333333333333334,0.8333333333333334,0.0,0.0,0.0,0.0,0.7957460369516062,0.9370200315224468,0.777734375,0.9210937499999999,0.19066165996096648,0.20974577435663447,20260834,2,Asia,338,96,V1-V10_financial_only
PONE2016_h2_target_Asia,20260731,KELM_risk_feature,triad,96,48,0.6006505178853833,"Same-horizon leave-one-region-out transfer; source regions=Europe,North America; target region=Asia; source-only fit/search/calibration; target labels untouched until final evaluation; V1-V10 financial ratios only.",OOF HistGB risk is a forced KELM input; no score-level fusion.,Platt_logistic_on_separate_calibration_partition,0.6922186552431729,0.5,0.9583333333333334,0.9230769230769231,0.6486486486486487,0.7894736842105263,0.5504587155963303,0.5156879540323449,0.627515602411019,0.7291666666666667,0.041666666666666664,0.2708333333333333,24.0,2.0,46.0,24.0,0.8929996499652968,0.8975694444444444,0.17550814977786877,0.5369158983485668,0.2061807637893865,0.11892945689671842,3.9421231377822834,,,,0.4083333333333333,0.64375,0.8791666666666667,0.9979166666666667,0.8227272727272728,0.9961538461538462,0.45687215982165824,0.6821050125014883,0.4029473685567428,0.6652137696891416,0.536127750207589,0.744932394501019,0.8518417507348504,0.9425518307079558,0.868359375,0.9335069444444445,0.16132281621797082,0.18215134540402003,20260942,2,Asia,338,96,V1-V10_financial_only
PONE2016_h2_target_Asia,20260731,KELM_risk_feature,cost_1,96,48,0.36730433804357265,"Same-horizon leave-one-region-out transfer; source regions=Europe,North America; target region=Asia; source-only fit/search/calibration; target labels untouched until final evaluation; V1-V10 financial ratios only.",OOF HistGB risk is a forced KELM input; no score-level fusion.,Platt_logistic_on_separate_calibration_partition,0.6225646998951639,0.9791666666666666,0.3958333333333333,0.618421052631579,0.7580645161290323,0.6676136363636364,0.8768656716417911,0.46169025843831935,0.5635164068312923,0.6875,0.6041666666666666,0.7916666666666666,47.0,29.0,19.0,1.0,0.8929996499652968,0.8975694444444444,0.17550814977786877,0.5369158983485668,0.2061807637893865,0.11892945689671842,3.9421231377822834,1.0,0.3125,0.3125,0.9375,0.9979166666666667,0.3229166666666667,0.49583333333333335,0.5818974358974358,0.651340083382966,0.8362068965517242,0.8976680093279626,0.33610617676365895,0.5274852450707812,0.4669823992937612,0.6138914914573508,0.8632722834346259,0.9250591739348075,0.8651475694444444,0.9201388888888888,0.1635609355284268,0.18537543781332516,20260942,2,Asia,338,96,V1-V10_financial_only
PONE2016_h2_target_Asia,20260731,KELM_risk_feature,cost_2,96,48,0.36730433804357265,"Same-horizon leave-one-region-out transfer; source regions=Europe,North America; target region=Asia; source-only fit/search/calibration; target labels untouched until final evaluation; V1-V10 financial ratios only.",OOF HistGB risk is a forced KELM input; no score-level fusion.,Platt_logistic_on_separate_calibration_partition,0.6225646998951639,0.9791666666666666,0.3958333333333333,0.618421052631579,0.7580645161290323,0.6676136363636364,0.8768656716417911,0.46169025843831935,0.5635164068312923,0.6875,0.6041666666666666,0.7916666666666666,47.0,29.0,19.0,1.0,0.8929996499652968,0.8975694444444444,0.17550814977786877,0.5369158983485668,0.2061807637893865,0.11892945689671842,3.9421231377822834,2.0,0.3229166666666667,0.2152777777777778,0.9208333333333333,1.0,0.33541666666666664,0.4354166666666667,0.586974358974359,0.6391578947368421,0.8267582188930503,0.898541002850914,0.3321755248350509,0.527534153595884,0.47563507017169027,0.6124125569401841,0.849051215731081,0.9458940406971023,0.847482638888889,0.9362847222222223,0.16254170454055952,0.18924094759291324,20260942,2,Asia,338,96,V1-V10_financial_only
PONE2016_h2_target_Asia,20260731,KELM_risk_feature,cost_5,96,48,0.3531202989782916,"Same-horizon leave-one-region-out transfer; source regions=Europe,North America; target region=Asia; source-only fit/search/calibration; target labels untouched until final evaluation; V1-V10 financial ratios only.",OOF HistGB risk is a forced KELM input; no score-level fusion.,Platt_logistic_on_separate_calibration_partition,0.5888872510459404,0.9791666666666666,0.3541666666666667,0.6025641025641025,0.746031746031746,0.6527777777777778,0.8703703703703703,0.42700841014689905,0.5290542949852315,0.6666666666666666,0.6458333333333334,0.8125,47.0,31.0,17.0,1.0,0.8929996499652968,0.8975694444444444,0.17550814977786877,0.5369158983485668,0.2061807637893865,0.11892945689671842,3.9421231377822834,5.0,0.375,0.125,0.9583333333333334,0.9791666666666666,0.31666666666666665,0.47500000000000003,0.5884902597402597,0.650513698630137,0.8550185873605948,0.8879288164665523,0.391397230377417,0.5226830279149624,0.49465215631065357,0.6236144929198753,0.8413587865000295,0.9467354421653088,0.8510850694444445,0.9424913194444444,0.16325261066920216,0.18107123281930546,20260942,2,Asia,338,96,V1-V10_financial_only
PONE2016_h2_target_Asia,20260731,KELM_risk_feature,cost_10,96,48,0.3531202989782916,"Same-horizon leave-one-region-out transfer; source regions=Europe,North America; target region=Asia; source-only fit/search/calibration; target labels untouched until final evaluation; V1-V10 financial ratios only.",OOF HistGB risk is a forced KELM input; no score-level fusion.,Platt_logistic_on_separate_calibration_partition,0.5888872510459404,0.9791666666666666,0.3541666666666667,0.6025641025641025,0.746031746031746,0.6527777777777778,0.8703703703703703,0.42700841014689905,0.5290542949852315,0.6666666666666666,0.6458333333333334,0.8125,47.0,31.0,17.0,1.0,0.8929996499652968,0.8975694444444444,0.17550814977786877,0.5369158983485668,0.2061807637893865,0.11892945689671842,3.9421231377822834,10.0,0.4270833333333333,0.07765151515151515,0.9583333333333334,1.0,0.23333333333333334,0.43333333333333335,0.5566265060240964,0.6329549549549549,0.838869594824651,0.8830248698669751,0.286165405807552,0.48914658567814223,0.4001778677472857,0.591503925652412,0.827594829145716,0.9182659075797818,0.8577256944444445,0.912326388888889,0.16983052386955172,0.18759285865042094,20260942,2,Asia,338,96,V1-V10_financial_only
PONE2016_h2_target_Asia,20260731,KELM_risk_feature,cost_20,96,48,0.3531202989782916,"Same-horizon leave-one-region-out transfer; source regions=Europe,North America; target region=Asia; source-only fit/search/calibration; target labels untouched until final evaluation; V1-V10 financial ratios only.",OOF HistGB risk is a forced KELM input; no score-level fusion.,Platt_logistic_on_separate_calibration_partition,0.5888872510459404,0.9791666666666666,0.3541666666666667,0.6025641025641025,0.746031746031746,0.6527777777777778,0.8703703703703703,0.42700841014689905,0.5290542949852315,0.6666666666666666,0.6458333333333334,0.8125,47.0,31.0,17.0,1.0,0.8929996499652968,0.8975694444444444,0.17550814977786877,0.5369158983485668,0.2061807637893865,0.11892945689671842,3.9421231377822834,20.0,0.53125,0.050595238095238096,0.98125,1.0,0.2916666666666667,0.3729166666666667,0.5853658536585366,0.6146056475170399,0.8680340453039567,0.888560885608856,0.4096994548441441,0.4787345778099598,0.49394807431627086,0.563064686848751,0.9116515810425307,0.9593367623607987,0.9184027777777778,0.9569444444444444,0.1619780450595688,0.17045075896069964,20260942,2,Asia,338,96,V1-V10_financial_only
PONE2016_h2_target_Asia,20260731,Full_PBMSBAINGO,triad,96,48,0.6419404834578308,"Same-horizon leave-one-region-out transfer; source regions=Europe,North America; target region=Asia; source-only fit/search/calibration; target labels untouched until final evaluation; V1-V10 financial ratios only.",Risk feature plus score fusion; alpha=0.70 selected only on search partition.,Platt_logistic_on_separate_calibration_partition,0.7938566201357353,0.6875,0.9166666666666666,0.8918918918918919,0.7764705882352941,0.8418367346938775,0.7205240174672489,0.6206848285854079,0.7313384784583353,0.8020833333333333,0.08333333333333333,0.3854166666666667,33.0,4.0,44.0,15.0,0.8840528935199237,0.8854166666666667,0.15891511218340867,0.4995208702712594,0.14623978674256757,-0.19822271356584814,2.190129784761869,,,,0.6291666666666667,0.7270833333333333,0.875,0.9729166666666667,0.8469043151969982,0.9598566308243728,0.6755566045157738,0.749558738829125,0.575637065618051,0.642944951844776,0.7025821924981673,0.7336336893613035,0.8705102783842747,0.8913659306978295,0.8612847222222222,0.8829427083333333,0.1573569043880585,0.16502367307530036,20261038,2,Asia,338,96,V1-V10_financial_only
PONE2016_h2_target_Asia,20260731,Full_PBMSBAINGO,cost_1,96,48,0.4316005557665888,"Same-horizon leave-one-region-out transfer; source regions=Europe,North America; target region=Asia; source-only fit/search/calibration; target labels untouched until final evaluation; V1-V10 financial ratios only.",Risk feature plus score fusion; alpha=0.70 selected only on search partition.,Platt_logistic_on_separate_calibration_partition,0.8003905296791061,0.8541666666666666,0.75,0.7735849056603774,0.8118811881188119,0.7884615384615384,0.8367346938775511,0.6074713990454065,0.7300902903353303,0.8020833333333333,0.25,0.5520833333333334,41.0,12.0,36.0,7.0,0.8840528935199237,0.8854166666666667,0.15891511218340867,0.4995208702712594,0.14623978674256757,-0.19822271356584814,2.190129784761869,1.0,0.19791666666666666,0.19791666666666666,0.8166666666666667,0.9354166666666667,0.7708333333333334,0.86875,0.7884615384615384,0.8633333333333334,0.824522722556547,0.912966650074664,0.6271815075053181,0.7536515650945029,0.7446727300176499,0.8304811796414053,0.8791583867354538,0.9412333396934575,0.8868055555555554,0.9368489583333333,0.13327418845130307,0.15356216933336797,20261038,2,Asia,338,96,V1-V10_financial_only
PONE2016_h2_target_Asia,20260731,Full_PBMSBAINGO,cost_2,96,48,0.33929843071225435,"Same-horizon leave-one-region-out transfer; source regions=Europe,North America; target region=Asia; source-only fit/search/calibration; target labels untouched until final evaluation; V1-V10 financial ratios only.",Risk feature plus score fusion; alpha=0.70 selected only on search partition.,Platt_logistic_on_separate_calibration_partition,0.699702317656111,0.9791666666666666,0.5,0.6619718309859155,0.7899159663865546,0.7078313253012049,0.8935361216730038,0.5459195627691725,0.6441471566101725,0.7395833333333333,0.5,0.7395833333333334,47.0,24.0,24.0,1.0,0.8840528935199237,0.8854166666666667,0.15891511218340867,0.4995208702712594,0.14623978674256757,-0.19822271356584814,2.190129784761869,2.0,0.2708333333333333,0.18055555555555555,0.9583333333333334,1.0,0.36250000000000004,0.6020833333333333,0.6108354430379747,0.7066200466200466,0.8756331289548638,0.8984829274690683,0.4673418924701627,0.5997689467620616,0.5540967283669668,0.7020712886483289,0.8059332728093496,0.9333072123535099,0.8252604166666667,0.9163194444444445,0.14073893940608434,0.18431834216783274,20261038,2,Asia,338,96,V1-V10_financial_only
PONE2016_h2_target_Asia,20260731,Full_PBMSBAINGO,cost_5,96,48,0.2979498861557617,"Same-horizon leave-one-region-out transfer; source regions=Europe,North America; target region=Asia; source-only fit/search/calibration; target labels untouched until final evaluation; V1-V10 financial ratios only.",Risk feature plus score fusion; alpha=0.70 selected only on search partition.,Platt_logistic_on_separate_calibration_partition,0.3498511588280555,0.9791666666666666,0.125,0.5280898876404494,0.6861313868613139,0.5816831683168316,0.8362989323843416,0.20032077005375098,0.29051208604232526,0.5520833333333333,0.875,0.9270833333333334,47.0,42.0,6.0,1.0,0.8840528935199237,0.8854166666666667,0.15891511218340867,0.4995208702712594,0.14623978674256757,-0.19822271356584814,2.190129784761869,5.0,0.4895833333333333,0.16319444444444445,0.9604166666666667,1.0,0.08541666666666667,0.18541666666666667,0.5217874396135266,0.5464059196617336,0.8279376498800959,0.8559609455292908,0.1753791640324109,0.2986399836988062,0.25910052925794047,0.36897961063369106,0.8670641460225392,0.9480963023715256,0.8721788194444444,0.9462673611111111,0.1335178107955471,0.16164943714684246,20261038,2,Asia,338,96,V1-V10_financial_only
PONE2016_h2_target_Asia,20260731,Full_PBMSBAINGO,cost_10,96,48,0.2979498861557617,"Same-horizon leave-one-region-out transfer; source regions=Europe,North America; target region=Asia; source-only fit/search/calibration; target labels untouched until final evaluation; V1-V10 financial ratios only.",Risk feature plus score fusion; alpha=0.70 selected only on search partition.,Platt_logistic_on_separate_calibration_partition,0.3498511588280555,0.9791666666666666,0.125,0.5280898876404494,0.6861313868613139,0.5816831683168316,0.8362989323843416,0.20032077005375098,0.29051208604232526,0.5520833333333333,0.875,0.9270833333333334,47.0,42.0,6.0,1.0,0.8840528935199237,0.8854166666666667,0.15891511218340867,0.4995208702712594,0.14623978674256757,-0.19822271356584814,2.190129784761869,10.0,0.5416666666666666,0.09848484848484848,0.9604166666666667,0.9979166666666667,0.08541666666666667,0.125,0.517342452369321,0.5280898876404494,0.819988137603796,0.8441932735201243,0.12538647514550294,0.20769504965674238,0.23194039212091563,0.29051208604232526,0.8450999869215161,0.9149300358792578,0.8596788194444445,0.9098958333333333,0.14694437310015604,0.16628807189349115,20261038,2,Asia,338,96,V1-V10_financial_only
PONE2016_h2_target_Asia,20260731,Full_PBMSBAINGO,cost_20,96,48,0.2979498861557617,"Same-horizon leave-one-region-out transfer; source regions=Europe,North America; target region=Asia; source-only fit/search/calibration; target labels untouched until final evaluation; V1-V10 financial ratios only.",Risk feature plus score fusion; alpha=0.70 selected only on search partition.,Platt_logistic_on_separate_calibration_partition,0.3498511588280555,0.9791666666666666,0.125,0.5280898876404494,0.6861313868613139,0.5816831683168316,0.8362989323843416,0.20032077005375098,0.29051208604232526,0.5520833333333333,0.875,0.9270833333333334,47.0,42.0,6.0,1.0,0.8840528935199237,0.8854166666666667,0.15891511218340867,0.4995208702712594,0.14623978674256757,-0.19822271356584814,2.190129784761869,20.0,0.6458333333333334,0.061507936507936505,0.98125,1.0,0.07083333333333333,0.20416666666666666,0.517925219941349,0.5568710359408033,0.8395676691729324,0.8626927029804727,0.1842581226674297,0.33704858721948944,0.23335959558402983,0.40964752994599846,0.9041316423029618,0.9389193535596834,0.9175347222222222,0.9417968750000001,0.13921305563993966,0.15155162071073233,20261038,2,Asia,338,96,V1-V10_financial_only
PONE2016_h2_target_Asia,20260731,Uncertainty_gated_fusion,triad,96,48,0.6006505178853833,"Same-horizon leave-one-region-out transfer; source regions=Europe,North America; target region=Asia; source-only fit/search/calibration; target labels untouched until final evaluation; V1-V10 financial ratios only.","One-standard-error paired-bootstrap gate selected KELM_risk_feature; search utility difference=-0.0346, required margin=0.0403.",Platt_logistic_on_separate_calibration_partition,0.6922186552431729,0.5,0.9583333333333334,0.9230769230769231,0.6486486486486487,0.7894736842105263,0.5504587155963303,0.5156879540323449,0.627515602411019,0.7291666666666667,0.041666666666666664,0.2708333333333333,24.0,2.0,46.0,24.0,0.8929996499652968,0.8975694444444444,0.17550814977786877,0.5369158983485668,0.2061807637893865,0.11892945689671842,3.9421231377822834,,,,0.37916666666666665,0.55625,0.9583333333333334,0.9979166666666667,0.9023076923076924,0.9952380952380953,0.429023828505625,0.6048196272157417,0.41722770666515757,0.5620104618077834,0.5335291715294048,0.6690550750930437,0.8717342222656128,0.9393783117856838,0.8703559027777777,0.9368923611111111,0.16656054906460285,0.18541176431463502,20261084,2,Asia,338,96,V1-V10_financial_only
PONE2016_h2_target_Asia,20260731,Uncertainty_gated_fusion,cost_1,96,48,0.36730433804357265,"Same-horizon leave-one-region-out transfer; source regions=Europe,North America; target region=Asia; source-only fit/search/calibration; target labels untouched until final evaluation; V1-V10 financial ratios only.","One-standard-error paired-bootstrap gate selected KELM_risk_feature; search utility difference=-0.0346, required margin=0.0403.",Platt_logistic_on_separate_calibration_partition,0.6225646998951639,0.9791666666666666,0.3958333333333333,0.618421052631579,0.7580645161290323,0.6676136363636364,0.8768656716417911,0.46169025843831935,0.5635164068312923,0.6875,0.6041666666666666,0.7916666666666666,47.0,29.0,19.0,1.0,0.8929996499652968,0.8975694444444444,0.17550814977786877,0.5369158983485668,0.2061807637893865,0.11892945689671842,3.9421231377822834,1.0,0.3125,0.3125,0.9395833333333333,0.9979166666666667,0.3333333333333333,0.49583333333333335,0.5902629016553067,0.651340083382966,0.8528735632183908,0.8886792452830188,0.3772002075814693,0.5099034449923783,0.4942417511077031,0.6125218192519564,0.8554553761753397,0.9509722172470126,0.8641927083333333,0.9443142361111111,0.16391387622187148,0.18565193942314343,20261084,2,Asia,338,96,V1-V10_financial_only
PONE2016_h2_target_Asia,20260731,Uncertainty_gated_fusion,cost_2,96,48,0.36730433804357265,"Same-horizon leave-one-region-out transfer; source regions=Europe,North America; target region=Asia; source-only fit/search/calibration; target labels untouched until final evaluation; V1-V10 financial ratios only.","One-standard-error paired-bootstrap gate selected KELM_risk_feature; search utility difference=-0.0346, required margin=0.0403.",Platt_logistic_on_separate_calibration_partition,0.6225646998951639,0.9791666666666666,0.3958333333333333,0.618421052631579,0.7580645161290323,0.6676136363636364,0.8768656716417911,0.46169025843831935,0.5635164068312923,0.6875,0.6041666666666666,0.7916666666666666,47.0,29.0,19.0,1.0,0.8929996499652968,0.8975694444444444,0.17550814977786877,0.5369158983485668,0.2061807637893865,0.11892945689671842,3.9421231377822834,2.0,0.3229166666666667,0.2152777777777778,0.9395833333333333,1.0,0.35625,0.4583333333333333,0.6005263157894737,0.6481673454276194,0.8442478618145228,0.9007093204709887,0.38120715979171066,0.5419747902047984,0.5120960548316474,0.6281629618199698,0.8740815468396542,0.8865412094678368,0.8667534722222222,0.9029947916666666,0.17249639920710846,0.1855959815114915,20261084,2,Asia,338,96,V1-V10_financial_only
PONE2016_h2_target_Asia,20260731,Uncertainty_gated_fusion,cost_5,96,48,0.3531202989782916,"Same-horizon leave-one-region-out transfer; source regions=Europe,North America; target region=Asia; source-only fit/search/calibration; target labels untouched until final evaluation; V1-V10 financial ratios only.","One-standard-error paired-bootstrap gate selected KELM_risk_feature; search utility difference=-0.0346, required margin=0.0403.",Platt_logistic_on_separate_calibration_partition,0.5888872510459404,0.9791666666666666,0.3541666666666667,0.6025641025641025,0.746031746031746,0.6527777777777778,0.8703703703703703,0.42700841014689905,0.5290542949852315,0.6666666666666666,0.6458333333333334,0.8125,47.0,31.0,17.0,1.0,0.8929996499652968,0.8975694444444444,0.17550814977786877,0.5369158983485668,0.2061807637893865,0.11892945689671842,3.9421231377822834,5.0,0.375,0.125,0.9416666666666667,1.0,0.2520833333333333,0.5083333333333333,0.5673308619091753,0.6707883665630144,0.8354545454545454,0.9105121065204178,0.3217181179542959,0.5837260098207542,0.4364028836456704,0.6666429337476232,0.8232027573513154,0.9120686376879947,0.843923611111111,0.9249565972222222,0.16755506404615034,0.19238423445758907,20261084,2,Asia,338,96,V1-V10_financial_only
PONE2016_h2_target_Asia,20260731,Uncertainty_gated_fusion,cost_10,96,48,0.3531202989782916,"Same-horizon leave-one-region-out transfer; source regions=Europe,North America; target region=Asia; source-only fit/search/calibration; target labels untouched until final evaluation; V1-V10 financial ratios only.","One-standard-error paired-bootstrap gate selected KELM_risk_feature; search utility difference=-0.0346, required margin=0.0403.",Platt_logistic_on_separate_calibration_partition,0.5888872510459404,0.9791666666666666,0.3541666666666667,0.6025641025641025,0.746031746031746,0.6527777777777778,0.8703703703703703,0.42700841014689905,0.5290542949852315,0.6666666666666666,0.6458333333333334,0.8125,47.0,31.0,17.0,1.0,0.8929996499652968,0.8975694444444444,0.17550814977786877,0.5369158983485668,0.2061807637893865,0.11892945689671842,3.9421231377822834,10.0,0.4270833333333333,0.07765151515151515,0.9604166666666667,0.9791666666666666,0.2604166666666667,0.41458333333333336,0.5698949644732778,0.6253333333333334,0.8552332311882873,0.8794954262562132,0.3440878109609415,0.47532489300787917,0.4438681728664945,0.5768378884539158,0.8891632263268376,0.9411738535113249,0.8850260416666667,0.9309895833333333,0.162770559781235,0.18281912451145807,20261084,2,Asia,338,96,V1-V10_financial_only
PONE2016_h2_target_Asia,20260731,Uncertainty_gated_fusion,cost_20,96,48,0.3531202989782916,"Same-horizon leave-one-region-out transfer; source regions=Europe,North America; target region=Asia; source-only fit/search/calibration; target labels untouched until final evaluation; V1-V10 financial ratios only.","One-standard-error paired-bootstrap gate selected KELM_risk_feature; search utility difference=-0.0346, required margin=0.0403.",Platt_logistic_on_separate_calibration_partition,0.5888872510459404,0.9791666666666666,0.3541666666666667,0.6025641025641025,0.746031746031746,0.6527777777777778,0.8703703703703703,0.42700841014689905,0.5290542949852315,0.6666666666666666,0.6458333333333334,0.8125,47.0,31.0,17.0,1.0,0.8929996499652968,0.8975694444444444,0.17550814977786877,0.5369158983485668,0.2061807637893865,0.11892945689671842,3.9421231377822834,20.0,0.53125,0.050595238095238096,0.9583333333333334,0.9979166666666667,0.2916666666666667,0.47708333333333336,0.5760365853658536,0.6474821531931314,0.8474264705882353,0.8857044484230823,0.3410003665687179,0.5110949113565361,0.45814299326126395,0.6125954470025069,0.8580809503583875,0.9459633792825368,0.8707465277777777,0.93671875,0.16172282723237438,0.17967764431533634,20261084,2,Asia,338,96,V1-V10_financial_only
PONE2016_h2_target_Asia,20260731,Full_random_search,triad,96,48,0.6155088756501572,"Same-horizon leave-one-region-out transfer; source regions=Europe,North America; target region=Asia; source-only fit/search/calibration; target labels untouched until final evaluation; V1-V10 financial ratios only.",Same full architecture and 81 evaluations as PBMSBAINGO; alpha=0.70.,Platt_logistic_on_separate_calibration_partition,0.7795119555779044,0.7291666666666666,0.8333333333333334,0.813953488372093,0.7692307692307693,0.7954545454545454,0.7446808510638298,0.5655768198008957,0.7004530878680407,0.78125,0.16666666666666666,0.4479166666666667,35.0,8.0,40.0,13.0,0.8566029007257868,0.8763020833333334,0.14089184962777854,0.4394053086088545,0.10426744810380968,-0.04985413804774132,1.2200505223941847,,,,0.60625,0.8625,0.7520833333333333,0.8708333333333333,0.746528555431131,0.8506738544474393,0.6326086956521739,0.8483516483516483,0.43027446607072806,0.6474234592957967,0.5967023186158779,0.7579785794977006,0.7918638298605638,0.9101589059169286,0.8238715277777777,0.9262152777777778,0.11103334592030983,0.16928310193064267,20261132,2,Asia,338,96,V1-V10_financial_only
PONE2016_h2_target_Asia,20260731,Full_random_search,cost_1,96,48,0.3833336439630341,"Same-horizon leave-one-region-out transfer; source regions=Europe,North America; target region=Asia; source-only fit/search/calibration; target labels untouched until final evaluation; V1-V10 financial ratios only.",Same full architecture and 81 evaluations as PBMSBAINGO; alpha=0.70.,Platt_logistic_on_separate_calibration_partition,0.7778397792747695,0.8541666666666666,0.7083333333333334,0.7454545454545455,0.7961165048543689,0.7649253731343284,0.8299595141700404,0.5685785754425927,0.70068625248438,0.78125,0.2916666666666667,0.5729166666666666,41.0,14.0,34.0,7.0,0.8566029007257868,0.8763020833333334,0.14089184962777854,0.4394053086088545,0.10426744810380968,-0.04985413804774132,1.2200505223941847,1.0,0.21875,0.21875,0.7374999999999999,0.875,0.6666666666666666,0.74375,0.689576883384933,0.7619195046439627,0.7283950617283951,0.8430361445783133,0.40997157616651664,0.5717508442080435,0.5870136251513645,0.7009402915766407,0.8183379665371111,0.9210770116507014,0.8256076388888889,0.9184027777777778,0.12662599020568854,0.17199591386529015,20261132,2,Asia,338,96,V1-V10_financial_only
PONE2016_h2_target_Asia,20260731,Full_random_search,cost_2,96,48,0.3833336439630341,"Same-horizon leave-one-region-out transfer; source regions=Europe,North America; target region=Asia; source-only fit/search/calibration; target labels untouched until final evaluation; V1-V10 financial ratios only.",Same full architecture and 81 evaluations as PBMSBAINGO; alpha=0.70.,Platt_logistic_on_separate_calibration_partition,0.7778397792747695,0.8541666666666666,0.7083333333333334,0.7454545454545455,0.7961165048543689,0.7649253731343284,0.8299595141700404,0.5685785754425927,0.70068625248438,0.78125,0.2916666666666667,0.5729166666666666,41.0,14.0,34.0,7.0,0.8566029007257868,0.8763020833333334,0.14089184962777854,0.4394053086088545,0.10426744810380968,-0.04985413804774132,1.2200505223941847,2.0,0.2916666666666667,0.19444444444444445,0.7729166666666667,0.9166666666666666,0.66875,0.7854166666666667,0.7013788098693758,0.8096969696969697,0.7574606891937102,0.892527451170926,0.44607829446105246,0.7046080869742272,0.6137804739728976,0.795980609179271,0.8081284370640938,0.9084583550760924,0.8233072916666666,0.9135416666666667,0.11923461746237435,0.17469833568950746,20261132,2,Asia,338,96,V1-V10_financial_only
PONE2016_h2_target_Asia,20260731,Full_random_search,cost_5,96,48,0.17926305453508198,"Same-horizon leave-one-region-out transfer; source regions=Europe,North America; target region=Asia; source-only fit/search/calibration; target labels untouched until final evaluation; V1-V10 financial ratios only.",Same full architecture and 81 evaluations as PBMSBAINGO; alpha=0.70.,Platt_logistic_on_separate_calibration_partition,0.7071067811865476,1.0,0.5,0.6666666666666666,0.8,0.7142857142857143,0.9090909090909091,0.5773502691896257,0.6609010760833647,0.75,0.5,0.75,48.0,24.0,24.0,0.0,0.8566029007257868,0.8763020833333334,0.14089184962777854,0.4394053086088545,0.10426744810380968,-0.04985413804774132,1.2200505223941847,5.0,0.25,0.08333333333333333,1.0,1.0,0.48125,0.5395833333333333,0.6584474885844749,0.684748490945674,0.9060034305317324,0.9156822337677415,0.562913687842061,0.6078435431077323,0.6470402622374867,0.689622831397866,0.7798101380510664,0.8968371054489672,0.8184461805555555,0.9305989583333332,0.09154202950208472,0.17269463828529028,20261132,2,Asia,338,96,V1-V10_financial_only
PONE2016_h2_target_Asia,20260731,Full_random_search,cost_10,96,48,0.17926305453508198,"Same-horizon leave-one-region-out transfer; source regions=Europe,North America; target region=Asia; source-only fit/search/calibration; target labels untouched until final evaluation; V1-V10 financial ratios only.",Same full architecture and 81 evaluations as PBMSBAINGO; alpha=0.70.,Platt_logistic_on_separate_calibration_partition,0.7071067811865476,1.0,0.5,0.6666666666666666,0.8,0.7142857142857143,0.9090909090909091,0.5773502691896257,0.6609010760833647,0.75,0.5,0.75,48.0,24.0,24.0,0.0,0.8566029007257868,0.8763020833333334,0.14089184962777854,0.4394053086088545,0.10426744810380968,-0.04985413804774132,1.2200505223941847,10.0,0.25,0.045454545454545456,1.0,1.0,0.39791666666666664,0.5,0.6241968557758031,0.6666666666666666,0.8925262165011374,0.9090909090909091,0.4983672903059395,0.5773502691896257,0.583138367236701,0.6609010760833647,0.8097993813585683,0.8889438500972947,0.8391059027777777,0.9065538194444445,0.11679673812964439,0.1654201690796427,20261132,2,Asia,338,96,V1-V10_financial_only
PONE2016_h2_target_Asia,20260731,Full_random_search,cost_20,96,48,0.17926305453508198,"Same-horizon leave-one-region-out transfer; source regions=Europe,North America; target region=Asia; source-only fit/search/calibration; target labels untouched until final evaluation; V1-V10 financial ratios only.",Same full architecture and 81 evaluations as PBMSBAINGO; alpha=0.70.,Platt_logistic_on_separate_calibration_partition,0.7071067811865476,1.0,0.5,0.6666666666666666,0.8,0.7142857142857143,0.9090909090909091,0.5773502691896257,0.6609010760833647,0.75,0.5,0.75,48.0,24.0,24.0,0.0,0.8566029007257868,0.8763020833333334,0.14089184962777854,0.4394053086088545,0.10426744810380968,-0.04985413804774132,1.2200505223941847,20.0,0.25,0.023809523809523808,1.0,1.0,0.37916666666666665,0.5354166666666667,0.617004048582996,0.6828962818003914,0.8895522388059701,0.9149935186518796,0.483644932877993,0.6046354225228283,0.5680856099577555,0.6865624960474731,0.808829400133375,0.8859893622427742,0.8296440972222222,0.9006510416666667,0.12720510769524557,0.17177366132831412,20261132,2,Asia,338,96,V1-V10_financial_only
PONE2016_h2_target_Asia,20260731,Balanced_logistic,triad,96,48,0.5018955893315805,"Same-horizon leave-one-region-out transfer; source regions=Europe,North America; target region=Asia; source-only fit/search/calibration; target labels untouched until final evaluation; V1-V10 financial ratios only.",Class-weighted logistic reference using the same source-only fit/search/calibration and untouched regional target.,Platt_logistic_on_separate_calibration_partition,0.8212668060177927,0.7708333333333334,0.875,0.8604651162790697,0.8131868131868132,0.8409090909090909,0.7872340425531915,0.6493659782899173,0.7594269826011288,0.8229166666666667,0.125,0.4479166666666667,37.0,6.0,42.0,11.0,0.9124399524683342,0.9144965277777777,0.21907467623175195,0.6304146150301188,0.28332597523044223,0.19947533420876737,15.215925082689253,,,,0.6541666666666667,0.8104166666666667,0.8541666666666666,0.9375,0.8179314565483476,0.9262516046213094,0.682608695652174,0.8189400223608757,0.5208426085742301,0.7315039630044603,0.6632083202099814,0.8135839082979991,0.8626792612332771,0.9531337015082245,0.8856770833333334,0.94765625,0.21543532006708963,0.22516404648042163,20262032,2,Asia,338,96,V1-V10_financial_only
PONE2016_h2_target_Asia,20260731,Balanced_logistic,cost_1,96,48,0.46054175687637255,"Same-horizon leave-one-region-out transfer; source regions=Europe,North America; target region=Asia; source-only fit/search/calibration; target labels untouched until final evaluation; V1-V10 financial ratios only.",Class-weighted logistic reference using the same source-only fit/search/calibration and untouched regional target.,Platt_logistic_on_separate_calibration_partition,0.6614378277661477,1.0,0.4375,0.64,0.7804878048780488,0.6896551724137931,0.898876404494382,0.529150262212918,0.6140244870976886,0.71875,0.5625,0.78125,48.0,27.0,21.0,0.0,0.9124399524683342,0.9144965277777777,0.21907467623175195,0.6304146150301188,0.28332597523044223,0.19947533420876737,15.215925082689253,1.0,0.28125,0.28125,1.0,1.0,0.3208333333333333,0.51875,0.5956709956709957,0.6751173708920187,0.8804281220638098,0.9122018665744902,0.4369725982542619,0.5917867731061965,0.5192480988168102,0.6745832803910222,0.8689575414526013,0.9214780181858777,0.8759982638888889,0.9320312499999999,0.21479616025981332,0.22402281599924195,20262032,2,Asia,338,96,V1-V10_financial_only
PONE2016_h2_target_Asia,20260731,Balanced_logistic,cost_2,96,48,0.46054175687637255,"Same-horizon leave-one-region-out transfer; source regions=Europe,North America; target region=Asia; source-only fit/search/calibration; target labels untouched until final evaluation; V1-V10 financial ratios only.",Class-weighted logistic reference using the same source-only fit/search/calibration and untouched regional target.,Platt_logistic_on_separate_calibration_partition,0.6614378277661477,1.0,0.4375,0.64,0.7804878048780488,0.6896551724137931,0.898876404494382,0.529150262212918,0.6140244870976886,0.71875,0.5625,0.78125,48.0,27.0,21.0,0.0,0.9124399524683342,0.9144965277777777,0.21907467623175195,0.6304146150301188,0.28332597523044223,0.19947533420876737,15.215925082689253,2.0,0.28125,0.1875,1.0,1.0,0.39791666666666664,0.5145833333333334,0.6241968557758031,0.673315569090217,0.8925262165011374,0.9115183395751737,0.4983672903059395,0.588576721867861,0.583138367236701,0.6714813404216345,0.8852071479342573,0.9578244980328178,0.8990885416666667,0.951171875,0.2143740099126321,0.22066244474700253,20262032,2,Asia,338,96,V1-V10_financial_only
PONE2016_h2_target_Asia,20260731,Balanced_logistic,cost_5,96,48,0.42475317511518035,"Same-horizon leave-one-region-out transfer; source regions=Europe,North America; target region=Asia; source-only fit/search/calibration; target labels untouched until final evaluation; V1-V10 financial ratios only.",Class-weighted logistic reference using the same source-only fit/search/calibration and untouched regional target.,Platt_logistic_on_separate_calibration_partition,0.3227486121839514,1.0,0.10416666666666667,0.5274725274725275,0.6906474820143885,0.5825242718446602,0.8480565371024735,0.2344036154692477,0.29011110795301165,0.5520833333333334,0.8958333333333334,0.9479166666666666,48.0,43.0,5.0,0.0,0.9124399524683342,0.9144965277777777,0.21907467623175195,0.6304146150301188,0.28332597523044223,0.19947533420876737,15.215925082689253,5.0,0.4479166666666667,0.14930555555555555,1.0,1.0,0.04583333333333333,0.14166666666666666,0.5117483811285846,0.538140511174219,0.8397517974982763,0.8534889277315997,0.15212993375381256,0.275844531814651,0.19014495513649535,0.3390951761438515,0.8723779430574683,0.9634247337175486,0.8864149305555555,0.9575086805555556,0.2136049858721106,0.2231398861803328,20262032,2,Asia,338,96,V1-V10_financial_only
PONE2016_h2_target_Asia,20260731,Balanced_logistic,cost_10,96,48,0.42475317511518035,"Same-horizon leave-one-region-out transfer; source regions=Europe,North America; target region=Asia; source-only fit/search/calibration; target labels untouched until final evaluation; V1-V10 financial ratios only.",Class-weighted logistic reference using the same source-only fit/search/calibration and untouched regional target.,Platt_logistic_on_separate_calibration_partition,0.3227486121839514,1.0,0.10416666666666667,0.5274725274725275,0.6906474820143885,0.5825242718446602,0.8480565371024735,0.2344036154692477,0.29011110795301165,0.5520833333333334,0.8958333333333334,0.9479166666666666,48.0,43.0,5.0,0.0,0.9124399524683342,0.9144965277777777,0.21907467623175195,0.6304146150301188,0.28332597523044223,0.19947533420876737,15.215925082689253,10.0,0.4479166666666667,0.08143939393939394,1.0,1.0,0.04583333333333333,0.16249999999999998,0.5117483811285846,0.5442424242424242,0.8397517974982763,0.8565349544072948,0.15212993375381256,0.2971800990947034,0.19014495513649535,0.36395734757054055,0.8969392853870768,0.9561897543928901,0.8990017361111112,0.9487413194444445,0.214638286721874,0.22061523545374287,20262032,2,Asia,338,96,V1-V10_financial_only
PONE2016_h2_target_Asia,20260731,Balanced_logistic,cost_20,96,48,0.42475317511518035,"Same-horizon leave-one-region-out transfer; source regions=Europe,North America; target region=Asia; source-only fit/search/calibration; target labels untouched until final evaluation; V1-V10 financial ratios only.",Class-weighted logistic reference using the same source-only fit/search/calibration and untouched regional target.,Platt_logistic_on_separate_calibration_partition,0.3227486121839514,1.0,0.10416666666666667,0.5274725274725275,0.6906474820143885,0.5825242718446602,0.8480565371024735,0.2344036154692477,0.29011110795301165,0.5520833333333334,0.8958333333333334,0.9479166666666666,48.0,43.0,5.0,0.0,0.9124399524683342,0.9144965277777777,0.21907467623175195,0.6304146150301188,0.28332597523044223,0.19947533420876737,15.215925082689253,20.0,0.4479166666666667,0.04265873015873016,1.0,1.0,0.08333333333333333,0.14583333333333334,0.5217391304347826,0.5393258426966292,0.8450704225352113,0.8540925266903915,0.20851441405707474,0.2804490780752514,0.2590110417589152,0.34453785038727813,0.9060301403005941,0.9464067733426761,0.9116753472222222,0.9388454861111111,0.2168792160670878,0.22095019548336256,20262032,2,Asia,338,96,V1-V10_financial_only
PONE2016_h2_target_Europe,20260731,HistGB,triad,171,86,0.7628023532066212,"Same-horizon leave-one-region-out transfer; source regions=Asia,North America; target region=Europe; source-only fit/search/calibration; target labels untouched until final evaluation; V1-V10 financial ratios only.",No metaheuristic; threshold and Platt calibration use calibration partition.,Platt_logistic_on_separate_calibration_partition,0.6651373247222817,0.4883720930232558,0.9058823529411765,0.84,0.6176470588235294,0.7342657342657343,0.5329949238578681,0.4333687592941463,0.5766249276106553,0.6971272229822161,0.09411764705882353,0.29239766081871343,42.0,8.0,77.0,44.0,0.7659263943051273,0.7586867305061559,0.20314842789294527,0.5928567766779367,0.06660238577295453,0.08463701987751243,0.903969980012157,,,,0.45348837209302323,0.5872093023255814,0.8847058823529411,0.94,0.8229591836734693,0.9063095238095238,0.5001285347043701,0.63125,0.4189280496988792,0.55667906894835,0.559330535775489,0.6735071001453226,0.7198399232417931,0.8200040859456658,0.7274965800273598,0.8072640218878249,0.1887457507733096,0.219997888720743,20260731,2,Europe,263,171,V1-V10_financial_only
PONE2016_h2_target_Europe,20260731,HistGB,cost_1,171,86,0.76272191611171,"Same-horizon leave-one-region-out transfer; source regions=Asia,North America; target region=Europe; source-only fit/search/calibration; target labels untouched until final evaluation; V1-V10 financial ratios only.",No metaheuristic; threshold and Platt calibration use calibration partition.,Platt_logistic_on_separate_calibration_partition,0.6651373247222817,0.4883720930232558,0.9058823529411765,0.84,0.6176470588235294,0.7342657342657343,0.5329949238578681,0.4333687592941463,0.5766249276106553,0.6971272229822161,0.09411764705882353,0.29239766081871343,42.0,8.0,77.0,44.0,0.7659263943051273,0.7586867305061559,0.20314842789294527,0.5928567766779367,0.06660238577295453,0.08463701987751243,0.903969980012157,1.0,0.30409356725146197,0.30409356725146197,0.4813953488372093,0.5906976744186047,0.8623529411764705,0.9294117647058824,0.7795597484276731,0.8900534759358288,0.5212681796893789,0.6308824169605154,0.37140902752308386,0.5333655150596188,0.5360849633116189,0.656421411650977,0.7599852613121234,0.8388277081512928,0.7387277701778386,0.8196306429548563,0.17698193589713498,0.21311435492294808,20260731,2,Europe,263,171,V1-V10_financial_only
PONE2016_h2_target_Europe,20260731,HistGB,cost_2,171,86,0.29399766988036163,"Same-horizon leave-one-region-out transfer; source regions=Asia,North America; target region=Europe; source-only fit/search/calibration; target labels untouched until final evaluation; V1-V10 financial ratios only.",No metaheuristic; threshold and Platt calibration use calibration partition.,Platt_logistic_on_separate_calibration_partition,0.6632837103666549,0.7790697674418605,0.5647058823529412,0.6442307692307693,0.7052631578947368,0.6673306772908366,0.7477678571428571,0.35211111059454525,0.5370641096121351,0.6718878248974008,0.43529411764705883,0.6081871345029239,67.0,37.0,48.0,19.0,0.7659263943051273,0.7586867305061559,0.20314842789294527,0.5928567766779367,0.06660238577295453,0.08463701987751243,0.903969980012157,2.0,0.43859649122807015,0.2918287937743191,0.7593023255813953,0.8465116279069766,0.49647058823529416,0.5647058823529412,0.6243989243910155,0.6474025974025974,0.7308847840505251,0.7923242673817276,0.32128694742174996,0.3812339938368363,0.5092424336632122,0.5541992612480025,0.7297060582790936,0.8064139654546121,0.7401778385772915,0.7737072503419973,0.19521974738072514,0.21240129401525024,20260731,2,Europe,263,171,V1-V10_financial_only
PONE2016_h2_target_Europe,20260731,HistGB,cost_5,171,86,0.2262426109452136,"Same-horizon leave-one-region-out transfer; source regions=Asia,North America; target region=Europe; source-only fit/search/calibration; target labels untouched until final evaluation; V1-V10 financial ratios only.",No metaheuristic; threshold and Platt calibration use calibration partition.,Platt_logistic_on_separate_calibration_partition,0.3031977318006905,0.9767441860465116,0.09411764705882353,0.5217391304347826,0.680161943319838,0.5753424657534246,0.8316831683168316,0.15099345868058398,0.24032743048057134,0.5354309165526676,0.9058823529411765,0.9415204678362573,84.0,77.0,8.0,2.0,0.7659263943051273,0.7586867305061559,0.20314842789294527,0.5928567766779367,0.06660238577295453,0.08463701987751243,0.903969980012157,5.0,0.5087719298245614,0.16893203883495145,0.977906976744186,0.9988372093023256,0.04941176470588235,0.1411764705882353,0.5153023221848985,0.5379746835443038,0.8321762688079831,0.8466135458167331,0.14900229651015776,0.24439429900992,0.19660798242060035,0.3242833283937407,0.7710146198420309,0.8487203703393018,0.7654719562243503,0.824733242134063,0.17115999758136494,0.20317725777739257,20260731,2,Europe,263,171,V1-V10_financial_only
PONE2016_h2_target_Europe,20260731,HistGB,cost_10,171,86,0.2262426109452136,"Same-horizon leave-one-region-out transfer; source regions=Asia,North America; target region=Europe; source-only fit/search/calibration; target labels untouched until final evaluation; V1-V10 financial ratios only.",No metaheuristic; threshold and Platt calibration use calibration partition.,Platt_logistic_on_separate_calibration_partition,0.3031977318006905,0.9767441860465116,0.09411764705882353,0.5217391304347826,0.680161943319838,0.5753424657534246,0.8316831683168316,0.15099345868058398,0.24032743048057134,0.5354309165526676,0.9058823529411765,0.9415204678362573,84.0,77.0,8.0,2.0,0.7659263943051273,0.7586867305061559,0.20314842789294527,0.5928567766779367,0.06660238577295453,0.08463701987751243,0.903969980012157,10.0,0.5672514619883041,0.10264550264550265,0.9546511627906977,0.9976744186046511,0.04823529411764706,0.11529411764705882,0.5097792145769809,0.5273466981132076,0.8154524529352485,0.8408375578233145,0.060331445421579796,0.18184865721088933,0.15229340026609564,0.2714253448116202,0.7285590857283848,0.7943034827203503,0.7300683994528043,0.7872913816689466,0.18479126285038733,0.21664691796998517,20260731,2,Europe,263,171,V1-V10_financial_only
PONE2016_h2_target_Europe,20260731,HistGB,cost_20,171,86,0.2262426109452136,"Same-horizon leave-one-region-out transfer; source regions=Asia,North America; target region=Europe; source-only fit/search/calibration; target labels untouched until final evaluation; V1-V10 financial ratios only.",No metaheuristic; threshold and Platt calibration use calibration partition.,Platt_logistic_on_separate_calibration_partition,0.3031977318006905,0.9767441860465116,0.09411764705882353,0.5217391304347826,0.680161943319838,0.5753424657534246,0.8316831683168316,0.15099345868058398,0.24032743048057134,0.5354309165526676,0.9058823529411765,0.9415204678362573,84.0,77.0,8.0,2.0,0.7659263943051273,0.7586867305061559,0.20314842789294527,0.5928567766779367,0.06660238577295453,0.08463701987751243,0.903969980012157,20.0,0.6842105263157895,0.06481994459833795,0.9453488372093023,1.0,0.041176470588235294,0.12941176470588237,0.5123066424021838,0.5342966324337234,0.8112102488250591,0.8478066512169586,0.09180161469868381,0.229774181896497,0.17177914993765417,0.3074137916042356,0.705442331405441,0.80625114402159,0.6912038303693571,0.7894254445964431,0.18901143424729377,0.2340815206477422,20260731,2,Europe,263,171,V1-V10_financial_only
PONE2016_h2_target_Europe,20260731,KELM_PBMSBAINGO,triad,171,86,0.7407728643408213,"Same-horizon leave-one-region-out transfer; source regions=Asia,North America; target region=Europe; source-only fit/search/calibration; target labels untouched until final evaluation; V1-V10 financial ratios only.",Plain KELM; hyperparameters/features selected only on search partition.,Platt_logistic_on_separate_calibration_partition,0.697366553140545,0.5232558139534884,0.9294117647058824,0.8823529411764706,0.656934306569343,0.7758620689655172,0.569620253164557,0.49472330316724394,0.6219586781845626,0.7263337893296854,0.07058823529411765,0.2982456140350877,45.0,6.0,79.0,41.0,0.7883174048877771,0.8046511627906977,0.19591161485745298,0.6966959129288366,0.1403552416783918,-0.013220502862855772,0.36743266587359236,,,,0.4686046511627907,0.6104651162790697,0.9199999999999999,0.9647058823529412,0.8750378787878788,0.9390232558139534,0.5199632178452775,0.6534339580294019,0.4913494640664683,0.5860500206188046,0.6065276982344633,0.6957318403969998,0.7499414017617356,0.8243191208835279,0.7743502051983584,0.8470314637482901,0.16081288647930472,0.21201447672765802,20260832,2,Europe,263,171,V1-V10_financial_only
PONE2016_h2_target_Europe,20260731,KELM_PBMSBAINGO,cost_1,171,86,0.7404716200938565,"Same-horizon leave-one-region-out transfer; source regions=Asia,North America; target region=Europe; source-only fit/search/calibration; target labels untouched until final evaluation; V1-V10 financial ratios only.",Plain KELM; hyperparameters/features selected only on search partition.,Platt_logistic_on_separate_calibration_partition,0.697366553140545,0.5232558139534884,0.9294117647058824,0.8823529411764706,0.656934306569343,0.7758620689655172,0.569620253164557,0.49472330316724394,0.6219586781845626,0.7263337893296854,0.07058823529411765,0.2982456140350877,45.0,6.0,79.0,41.0,0.7883174048877771,0.8046511627906977,0.19591161485745298,0.6966959129288366,0.1403552416783918,-0.013220502862855772,0.36743266587359236,1.0,0.27485380116959063,0.27485380116959063,0.5151162790697674,0.6232558139534884,0.8858823529411765,0.9529411764705882,0.8351769253642581,0.921078431372549,0.5645957117024024,0.6653218071446694,0.47967032567574786,0.5932795127768457,0.6217416216191354,0.7022519781351275,0.7513434213360046,0.8484920114081137,0.7750068399452804,0.8429274965800273,0.16680456072547556,0.2072795388734863,20260832,2,Europe,263,171,V1-V10_financial_only
PONE2016_h2_target_Europe,20260731,KELM_PBMSBAINGO,cost_2,171,86,0.3025976021806336,"Same-horizon leave-one-region-out transfer; source regions=Asia,North America; target region=Europe; source-only fit/search/calibration; target labels untouched until final evaluation; V1-V10 financial ratios only.",Plain KELM; hyperparameters/features selected only on search partition.,Platt_logistic_on_separate_calibration_partition,0.7073969159650233,0.7209302325581395,0.6941176470588235,0.7045454545454546,0.7126436781609196,0.7077625570776256,0.7175925925925926,0.41521831883280497,0.5922898314224085,0.7075239398084815,0.3058823529411765,0.5146198830409356,62.0,26.0,59.0,24.0,0.7883174048877771,0.8046511627906977,0.19591161485745298,0.6966959129288366,0.1403552416783918,-0.013220502862855772,0.36743266587359236,2.0,0.4327485380116959,0.28793774319066145,0.6186046511627907,0.7546511627906977,0.6823529411764706,0.8070588235294117,0.6633231707317073,0.795,0.6270539906103286,0.7539579266970289,0.30153725779746055,0.5477187726752305,0.5030017485746372,0.688781434260206,0.777157740772646,0.8760340119072093,0.757578659370725,0.8797948016415869,0.1575433502128879,0.2317388445330905,20260832,2,Europe,263,171,V1-V10_financial_only
PONE2016_h2_target_Europe,20260731,KELM_PBMSBAINGO,cost_5,171,86,0.3025976021806336,"Same-horizon leave-one-region-out transfer; source regions=Asia,North America; target region=Europe; source-only fit/search/calibration; target labels untouched until final evaluation; V1-V10 financial ratios only.",Plain KELM; hyperparameters/features selected only on search partition.,Platt_logistic_on_separate_calibration_partition,0.7073969159650233,0.7209302325581395,0.6941176470588235,0.7045454545454546,0.7126436781609196,0.7077625570776256,0.7175925925925926,0.41521831883280497,0.5922898314224085,0.7075239398084815,0.3058823529411765,0.5146198830409356,62.0,26.0,59.0,24.0,0.7883174048877771,0.8046511627906977,0.19591161485745298,0.6966959129288366,0.1403552416783918,-0.013220502862855772,0.36743266587359236,5.0,0.8538011695906432,0.283495145631068,0.7104651162790698,0.7883720930232557,0.66,0.7576470588235293,0.6865168539325843,0.7618087855297158,0.7055427251732102,0.7706217370669198,0.38254394068217684,0.5242965300230251,0.5672905065070916,0.6724384477021788,0.7880329714039234,0.873915936160772,0.7937209302325582,0.8517783857729138,0.16260277552933836,0.20862236952442834,20260832,2,Europe,263,171,V1-V10_financial_only
PONE2016_h2_target_Europe,20260731,KELM_PBMSBAINGO,cost_10,171,86,0.07556425447847219,"Same-horizon leave-one-region-out transfer; source regions=Asia,North America; target region=Europe; source-only fit/search/calibration; target labels untouched until final evaluation; V1-V10 financial ratios only.",Plain KELM; hyperparameters/features selected only on search partition.,Platt_logistic_on_separate_calibration_partition,0.630397351512071,0.9651162790697675,0.4117647058823529,0.6240601503759399,0.7579908675799086,0.6715210355987055,0.870020964360587,0.4532578098313898,0.5647523133497445,0.6884404924760602,0.5882352941176471,0.7777777777777778,83.0,50.0,35.0,3.0,0.7883174048877771,0.8046511627906977,0.19591161485745298,0.6966959129288366,0.1403552416783918,-0.013220502862855772,0.36743266587359236,10.0,0.4678362573099415,0.08465608465608465,0.9232558139534883,1.0,0.4129411764705882,0.4564705882352941,0.6288720538720539,0.6413156440022111,0.8451806095572557,0.8993937858683974,0.42931446368720627,0.5276400064114142,0.5649780645590666,0.6118513294015523,0.7509431802913354,0.8484676375880086,0.7728727770177838,0.8661012311901505,0.15907082202394454,0.22474049163896276,20260832,2,Europe,263,171,V1-V10_financial_only
PONE2016_h2_target_Europe,20260731,KELM_PBMSBAINGO,cost_20,171,86,0.07556425447847219,"Same-horizon leave-one-region-out transfer; source regions=Asia,North America; target region=Europe; source-only fit/search/calibration; target labels untouched until final evaluation; V1-V10 financial ratios only.",Plain KELM; hyperparameters/features selected only on search partition.,Platt_logistic_on_separate_calibration_partition,0.630397351512071,0.9651162790697675,0.4117647058823529,0.6240601503759399,0.7579908675799086,0.6715210355987055,0.870020964360587,0.4532578098313898,0.5647523133497445,0.6884404924760602,0.5882352941176471,0.7777777777777778,83.0,50.0,35.0,3.0,0.7883174048877771,0.8046511627906977,0.19591161485745298,0.6966959129288366,0.1403552416783918,-0.013220502862855772,0.36743266587359236,20.0,0.6432748538011696,0.060941828254847646,0.9418604651162791,0.9872093023255814,0.4235294117647059,0.5529411764705883,0.6235599284436494,0.6882262242506476,0.8546110204190863,0.901815359697665,0.4289267740026188,0.5856658353056244,0.555669344202506,0.6802339729014711,0.7562029827126198,0.84836961650837,0.7775512995896033,0.8517236662106703,0.1606549959759708,0.21816081507241147,20260832,2,Europe,263,171,V1-V10_financial_only
PONE2016_h2_target_Europe,20260731,KELM_score_fusion,triad,171,86,0.7428874514209838,"Same-horizon leave-one-region-out transfer; source regions=Asia,North America; target region=Europe; source-only fit/search/calibration; target labels untouched until final evaluation; V1-V10 financial ratios only.",Plain KELM plus HistGB score-level fusion; alpha=1.00 selected only on search partition.,Platt_logistic_on_separate_calibration_partition,0.697366553140545,0.5232558139534884,0.9294117647058824,0.8823529411764706,0.656934306569343,0.7758620689655172,0.569620253164557,0.49472330316724394,0.6219586781845626,0.7263337893296854,0.07058823529411765,0.2982456140350877,45.0,6.0,79.0,41.0,0.7883174048877771,0.8046511627906977,0.19579339821709266,0.6938680598669034,0.1472228359229522,-0.03259689572383884,0.3669485236946309,,,,0.4046511627906977,0.6081395348837209,0.9058823529411765,0.9729411764705882,0.8501851851851852,0.9566344294003868,0.4521459398976982,0.6555333056258738,0.39263311314603866,0.6191415899452645,0.5288425288695743,0.7141667597795965,0.7217009983036103,0.8794868109947296,0.7285362517099863,0.8668262653898768,0.14644816436651603,0.249632996484266,20260834,2,Europe,263,171,V1-V10_financial_only
PONE2016_h2_target_Europe,20260731,KELM_score_fusion,cost_1,171,86,0.7425690364025831,"Same-horizon leave-one-region-out transfer; source regions=Asia,North America; target region=Europe; source-only fit/search/calibration; target labels untouched until final evaluation; V1-V10 financial ratios only.",Plain KELM plus HistGB score-level fusion; alpha=1.00 selected only on search partition.,Platt_logistic_on_separate_calibration_partition,0.697366553140545,0.5232558139534884,0.9294117647058824,0.8823529411764706,0.656934306569343,0.7758620689655172,0.569620253164557,0.49472330316724394,0.6219586781845626,0.7263337893296854,0.07058823529411765,0.2982456140350877,45.0,6.0,79.0,41.0,0.7883174048877771,0.8046511627906977,0.19579339821709266,0.6938680598669034,0.1472228359229522,-0.03259689572383884,0.3669485236946309,1.0,0.27485380116959063,0.27485380116959063,0.47325581395348837,0.5906976744186047,0.8858823529411765,0.9729411764705882,0.8344946641556811,0.9482142857142857,0.5253664696539693,0.6345440446650124,0.4779038271337044,0.5662091404582662,0.6158404280977139,0.6797856465541264,0.7554550774213854,0.8196743526693403,0.7879069767441861,0.810232558139535,0.1892760652577156,0.2122116226009651,20260834,2,Europe,263,171,V1-V10_financial_only
PONE2016_h2_target_Europe,20260731,KELM_score_fusion,cost_2,171,86,0.29328405814983843,"Same-horizon leave-one-region-out transfer; source regions=Asia,North America; target region=Europe; source-only fit/search/calibration; target labels untouched until final evaluation; V1-V10 financial ratios only.",Plain KELM plus HistGB score-level fusion; alpha=1.00 selected only on search partition.,Platt_logistic_on_separate_calibration_partition,0.7073969159650233,0.7209302325581395,0.6941176470588235,0.7045454545454546,0.7126436781609196,0.7077625570776256,0.7175925925925926,0.41521831883280497,0.5922898314224085,0.7075239398084815,0.3058823529411765,0.5146198830409356,62.0,26.0,59.0,24.0,0.7883174048877771,0.8046511627906977,0.19579339821709266,0.6938680598669034,0.1472228359229522,-0.03259689572383884,0.3669485236946309,2.0,0.4327485380116959,0.28793774319066145,0.7441860465116279,0.8313953488372093,0.6505882352941177,0.7623529411764706,0.6854932301740813,0.7601328903654485,0.7319528512265052,0.8082118375546213,0.4024036594996978,0.5244342652465268,0.5812231194898709,0.6690393556096973,0.7905042184644,0.8530268521541875,0.8084952120383037,0.8624350205198358,0.15742381139090422,0.1893807933186325,20260834,2,Europe,263,171,V1-V10_financial_only
PONE2016_h2_target_Europe,20260731,KELM_score_fusion,cost_5,171,86,0.29328405814983843,"Same-horizon leave-one-region-out transfer; source regions=Asia,North America; target region=Europe; source-only fit/search/calibration; target labels untouched until final evaluation; V1-V10 financial ratios only.",Plain KELM plus HistGB score-level fusion; alpha=1.00 selected only on search partition.,Platt_logistic_on_separate_calibration_partition,0.7073969159650233,0.7209302325581395,0.6941176470588235,0.7045454545454546,0.7126436781609196,0.7077625570776256,0.7175925925925926,0.41521831883280497,0.5922898314224085,0.7075239398084815,0.3058823529411765,0.5146198830409356,62.0,26.0,59.0,24.0,0.7883174048877771,0.8046511627906977,0.19579339821709266,0.6938680598669034,0.1472228359229522,-0.03259689572383884,0.3669485236946309,5.0,0.8538011695906432,0.283495145631068,0.5744186046511628,0.7651162790697674,0.6411764705882352,0.7494117647058823,0.6511522048364153,0.7554858934169278,0.5886721655435784,0.7631692016842829,0.2672932561902129,0.5146110911271362,0.47233302271497735,0.6657054635625879,0.723298095031967,0.8466205067897596,0.7559370725034199,0.8426812585499315,0.17177656583624162,0.24196495875777443,20260834,2,Europe,263,171,V1-V10_financial_only
PONE2016_h2_target_Europe,20260731,KELM_score_fusion,cost_10,171,86,0.07958243324281758,"Same-horizon leave-one-region-out transfer; source regions=Asia,North America; target region=Europe; source-only fit/search/calibration; target labels untouched until final evaluation; V1-V10 financial ratios only.",Plain KELM plus HistGB score-level fusion; alpha=1.00 selected only on search partition.,Platt_logistic_on_separate_calibration_partition,0.630397351512071,0.9651162790697675,0.4117647058823529,0.6240601503759399,0.7579908675799086,0.6715210355987055,0.870020964360587,0.4532578098313898,0.5647523133497445,0.6884404924760602,0.5882352941176471,0.7777777777777778,83.0,50.0,35.0,3.0,0.7883174048877771,0.8046511627906977,0.19579339821709266,0.6938680598669034,0.1472228359229522,-0.03259689572383884,0.3669485236946309,10.0,0.4678362573099415,0.08465608465608465,0.9651162790697675,0.9988372093023256,0.35764705882352943,0.43529411764705883,0.6108764687202286,0.6390977443609023,0.8682008368200836,0.8909853249475891,0.4433397010508714,0.5095242965690796,0.5479085497717222,0.6029612329255689,0.7431286240678031,0.8392845100477487,0.7889056087551299,0.838796169630643,0.17242535159402192,0.20379479035543535,20260834,2,Europe,263,171,V1-V10_financial_only
PONE2016_h2_target_Europe,20260731,KELM_score_fusion,cost_20,171,86,0.07958243324281758,"Same-horizon leave-one-region-out transfer; source regions=Asia,North America; target region=Europe; source-only fit/search/calibration; target labels untouched until final evaluation; V1-V10 financial ratios only.",Plain KELM plus HistGB score-level fusion; alpha=1.00 selected only on search partition.,Platt_logistic_on_separate_calibration_partition,0.630397351512071,0.9651162790697675,0.4117647058823529,0.6240601503759399,0.7579908675799086,0.6715210355987055,0.870020964360587,0.4532578098313898,0.5647523133497445,0.6884404924760602,0.5882352941176471,0.7777777777777778,83.0,50.0,35.0,3.0,0.7883174048877771,0.8046511627906977,0.19579339821709266,0.6938680598669034,0.1472228359229522,-0.03259689572383884,0.3669485236946309,20.0,0.6432748538011696,0.060941828254847646,0.9127906976744186,0.9872093023255814,0.32235294117647056,0.43058823529411766,0.5770460358056265,0.6342087542087542,0.8178888308977036,0.8821093654853245,0.29378668510147793,0.48715881365191205,0.4417275797549579,0.5885385254850772,0.7115975821087248,0.9029237240177723,0.7168673050615595,0.8881532147742818,0.13865027722405052,0.23316312190137925,20260834,2,Europe,263,171,V1-V10_financial_only
PONE2016_h2_target_Europe,20260731,KELM_risk_feature,triad,171,86,0.6816327942393817,"Same-horizon leave-one-region-out transfer; source regions=Asia,North America; target region=Europe; source-only fit/search/calibration; target labels untouched until final evaluation; V1-V10 financial ratios only.",OOF HistGB risk is a forced KELM input; no score-level fusion.,Platt_logistic_on_separate_calibration_partition,0.7064293366365377,0.5581395348837209,0.8941176470588236,0.8421052631578947,0.6713286713286714,0.7643312101910829,0.5985037406483791,0.4796829778446658,0.6209127625607045,0.7261285909712722,0.10588235294117647,0.3333333333333333,48.0,9.0,76.0,38.0,0.8288271509261003,0.8046511627906977,0.1859175502346445,0.5491606666275664,0.09586541283854268,0.0634008172496894,0.6609954373641289,,,,0.5127906976744186,0.6186046511627907,0.8835294117647059,0.9270588235294118,0.8229220779220778,0.8790967741935484,0.559213134038282,0.6561662777633739,0.445994911067669,0.5481250723965891,0.5951136471768248,0.6741902288214587,0.8110400001707183,0.8512110965493862,0.7519425444596444,0.8321477428180575,0.17024825752229733,0.20528660321102057,20260942,2,Europe,263,171,V1-V10_financial_only
PONE2016_h2_target_Europe,20260731,KELM_risk_feature,cost_1,171,86,0.6800894733305848,"Same-horizon leave-one-region-out transfer; source regions=Asia,North America; target region=Europe; source-only fit/search/calibration; target labels untouched until final evaluation; V1-V10 financial ratios only.",OOF HistGB risk is a forced KELM input; no score-level fusion.,Platt_logistic_on_separate_calibration_partition,0.7064293366365377,0.5581395348837209,0.8941176470588236,0.8421052631578947,0.6713286713286714,0.7643312101910829,0.5985037406483791,0.4796829778446658,0.6209127625607045,0.7261285909712722,0.10588235294117647,0.3333333333333333,48.0,9.0,76.0,38.0,0.8288271509261003,0.8046511627906977,0.1859175502346445,0.5491606666275664,0.09586541283854268,0.0634008172496894,0.6609954373641289,1.0,0.27485380116959063,0.27485380116959063,0.5127906976744186,0.5883720930232559,0.8388235294117647,0.9258823529411765,0.7871883289124668,0.8814465408805031,0.5540201005025125,0.6203186490364778,0.42545506162675534,0.5079780633400869,0.5779882011216572,0.6356527317190926,0.8039718187506498,0.8539014605051878,0.7687961696306429,0.8340492476060193,0.1705405268402919,0.20569732331110618,20260942,2,Europe,263,171,V1-V10_financial_only
PONE2016_h2_target_Europe,20260731,KELM_risk_feature,cost_2,171,86,0.20848950858511173,"Same-horizon leave-one-region-out transfer; source regions=Asia,North America; target region=Europe; source-only fit/search/calibration; target labels untouched until final evaluation; V1-V10 financial ratios only.",OOF HistGB risk is a forced KELM input; no score-level fusion.,Platt_logistic_on_separate_calibration_partition,0.6642111641550714,0.872093023255814,0.5058823529411764,0.6410256410256411,0.7389162561576355,0.6768953068592057,0.8134490238611713,0.4065672438582035,0.5639599229840238,0.6889876880984952,0.49411764705882355,0.6842105263157895,75.0,42.0,43.0,11.0,0.8288271509261003,0.8046511627906977,0.1859175502346445,0.5491606666275664,0.09586541283854268,0.0634008172496894,0.6609954373641289,2.0,0.3742690058479532,0.2490272373540856,0.8511627906976744,0.9290697674418604,0.4047058823529412,0.5705882352941176,0.6083984867591424,0.6862358736598088,0.7977210113012351,0.8668419569912668,0.3549412197717518,0.5342917885072707,0.5157005909281664,0.6563645604082151,0.8169225632602982,0.8842417208824197,0.7931600547195623,0.8833515731874145,0.13985245136804003,0.19265431551134238,20260942,2,Europe,263,171,V1-V10_financial_only
PONE2016_h2_target_Europe,20260731,KELM_risk_feature,cost_5,171,86,0.14302858102216834,"Same-horizon leave-one-region-out transfer; source regions=Asia,North America; target region=Europe; source-only fit/search/calibration; target labels untouched until final evaluation; V1-V10 financial ratios only.",OOF HistGB risk is a forced KELM input; no score-level fusion.,Platt_logistic_on_separate_calibration_partition,0.6150194907547304,0.9186046511627907,0.4117647058823529,0.6124031007751938,0.7348837209302326,0.6561461794019934,0.8350951374207188,0.3837416567797001,0.5255397478007905,0.6651846785225718,0.5882352941176471,0.7543859649122807,79.0,50.0,35.0,7.0,0.8288271509261003,0.8046511627906977,0.1859175502346445,0.5491606666275664,0.09586541283854268,0.0634008172496894,0.6609954373641289,5.0,0.49707602339181284,0.1650485436893204,0.9069767441860465,0.9395348837209302,0.36823529411764705,0.4435294117647059,0.5927556818181818,0.6256493506493507,0.820022076627261,0.8497988557124977,0.3281024407449528,0.4144095270906383,0.47896267921381686,0.5526043158521263,0.7869744590031821,0.8718969315126553,0.7554445964432285,0.8399452804377565,0.16572534490276108,0.22094549944564407,20260942,2,Europe,263,171,V1-V10_financial_only
PONE2016_h2_target_Europe,20260731,KELM_risk_feature,cost_10,171,86,0.14302858102216834,"Same-horizon leave-one-region-out transfer; source regions=Asia,North America; target region=Europe; source-only fit/search/calibration; target labels untouched until final evaluation; V1-V10 financial ratios only.",OOF HistGB risk is a forced KELM input; no score-level fusion.,Platt_logistic_on_separate_calibration_partition,0.6150194907547304,0.9186046511627907,0.4117647058823529,0.6124031007751938,0.7348837209302326,0.6561461794019934,0.8350951374207188,0.3837416567797001,0.5255397478007905,0.6651846785225718,0.5882352941176471,0.7543859649122807,79.0,50.0,35.0,7.0,0.8288271509261003,0.8046511627906977,0.1859175502346445,0.5491606666275664,0.09586541283854268,0.0634008172496894,0.6609954373641289,10.0,0.7017543859649122,0.12698412698412698,0.9186046511627907,0.9523255813953488,0.30823529411764705,0.42823529411764705,0.5788025210084035,0.6196965342835795,0.8243026859504132,0.8510158860477333,0.308769053638152,0.4026815059634058,0.45252604584459355,0.5410259030532387,0.7971674490510513,0.837955071776715,0.757893296853625,0.8176333789329686,0.179799954618227,0.208765185593636,20260942,2,Europe,263,171,V1-V10_financial_only
PONE2016_h2_target_Europe,20260731,KELM_risk_feature,cost_20,171,86,0.14302858102216834,"Same-horizon leave-one-region-out transfer; source regions=Asia,North America; target region=Europe; source-only fit/search/calibration; target labels untouched until final evaluation; V1-V10 financial ratios only.",OOF HistGB risk is a forced KELM input; no score-level fusion.,Platt_logistic_on_separate_calibration_partition,0.6150194907547304,0.9186046511627907,0.4117647058823529,0.6124031007751938,0.7348837209302326,0.6561461794019934,0.8350951374207188,0.3837416567797001,0.5255397478007905,0.6651846785225718,0.5882352941176471,0.7543859649122807,79.0,50.0,35.0,7.0,0.8288271509261003,0.8046511627906977,0.1859175502346445,0.5491606666275664,0.09586541283854268,0.0634008172496894,0.6609954373641289,20.0,1.1111111111111112,0.10526315789473684,0.8546511627906976,0.9511627906976744,0.38941176470588235,0.5188235294117647,0.59044477028348,0.6625954198473282,0.7845501955671448,0.8630490018148821,0.2875500097656214,0.4966436326693202,0.46167603156494774,0.6214319607125036,0.7798635251226018,0.8705621262095373,0.7399589603283174,0.8499589603283173,0.16146498487985858,0.2221140728539672,20260942,2,Europe,263,171,V1-V10_financial_only
PONE2016_h2_target_Europe,20260731,Full_PBMSBAINGO,triad,171,86,0.6930268560138285,"Same-horizon leave-one-region-out transfer; source regions=Asia,North America; target region=Europe; source-only fit/search/calibration; target labels untouched until final evaluation; V1-V10 financial ratios only.",Risk feature plus score fusion; alpha=0.70 selected only on search partition.,Platt_logistic_on_separate_calibration_partition,0.685196208431751,0.5116279069767442,0.9176470588235294,0.8627450980392157,0.6423357664233577,0.7586206896551724,0.5569620253164557,0.46915736637618966,0.6039247302187464,0.7146374829001367,0.08235294117647059,0.2982456140350877,44.0,7.0,78.0,42.0,0.8214014752439345,0.8025991792065663,0.19449510172433138,0.5671915339064411,0.09731112962098683,0.11340088900677438,0.7393601070845318,,,,0.4697674418604651,0.6151162790697674,0.8741176470588236,0.9270588235294118,0.8299278846153846,0.8692753623188405,0.517094017094017,0.6489152591729761,0.44573346359841615,0.5316825826996084,0.5789465813151851,0.6623698155121419,0.8112345328456733,0.8597722004917654,0.7936114911080712,0.8429001367989055,0.17279697061230848,0.20164718929275005,20261038,2,Europe,263,171,V1-V10_financial_only
PONE2016_h2_target_Europe,20260731,Full_PBMSBAINGO,cost_1,171,86,0.6886309509879439,"Same-horizon leave-one-region-out transfer; source regions=Asia,North America; target region=Europe; source-only fit/search/calibration; target labels untouched until final evaluation; V1-V10 financial ratios only.",Risk feature plus score fusion; alpha=0.70 selected only on search partition.,Platt_logistic_on_separate_calibration_partition,0.6763545966101489,0.5116279069767442,0.8941176470588236,0.8301886792452831,0.6330935251798561,0.738255033557047,0.5541561712846348,0.4386655406467739,0.5854558328361918,0.7028727770177838,0.10588235294117647,0.30994152046783624,44.0,9.0,76.0,42.0,0.8214014752439345,0.8025991792065663,0.19449510172433138,0.5671915339064411,0.09731112962098683,0.11340088900677438,0.7393601070845318,1.0,0.2982456140350877,0.2982456140350877,0.42209302325581394,0.6034883720930232,0.8635294117647059,0.9294117647058824,0.7559270516717325,0.8943540669856459,0.46281329923273656,0.6442361837342129,0.3173521297822855,0.5536390149244566,0.48629605086731487,0.6733875306067284,0.7596310539633023,0.880364018721112,0.753077975376197,0.8610123119015047,0.15471746185717977,0.22572912039573462,20261038,2,Europe,263,171,V1-V10_financial_only
PONE2016_h2_target_Europe,20260731,Full_PBMSBAINGO,cost_2,171,86,0.24264409108178764,"Same-horizon leave-one-region-out transfer; source regions=Asia,North America; target region=Europe; source-only fit/search/calibration; target labels untouched until final evaluation; V1-V10 financial ratios only.",Risk feature plus score fusion; alpha=0.70 selected only on search partition.,Platt_logistic_on_separate_calibration_partition,0.671890161044863,0.7674418604651163,0.5882352941176471,0.6534653465346535,0.7058823529411765,0.673469387755102,0.7415730337078652,0.3616637262808936,0.5465549582566783,0.6778385772913817,0.4117647058823529,0.5906432748538012,66.0,35.0,50.0,20.0,0.8214014752439345,0.8025991792065663,0.19449510172433138,0.5671915339064411,0.09731112962098683,0.11340088900677438,0.7393601070845318,2.0,0.43859649122807015,0.2918287937743191,0.6755813953488372,0.836046511627907,0.5458823529411765,0.6447058823529412,0.606281179138322,0.7022752497225305,0.66749900952937,0.8053462879920279,0.23655397332711686,0.48680781286587005,0.4462050528140001,0.6389505506310378,0.795335958037461,0.859129575189798,0.7715321477428181,0.8435841313269493,0.17454161310992625,0.20914585952555848,20261038,2,Europe,263,171,V1-V10_financial_only
PONE2016_h2_target_Europe,20260731,Full_PBMSBAINGO,cost_5,171,86,0.15761677369269228,"Same-horizon leave-one-region-out transfer; source regions=Asia,North America; target region=Europe; source-only fit/search/calibration; target labels untouched until final evaluation; V1-V10 financial ratios only.",Risk feature plus score fusion; alpha=0.70 selected only on search partition.,Platt_logistic_on_separate_calibration_partition,0.4176345347922784,0.9883720930232558,0.17647058823529413,0.5483870967741935,0.7053941908713693,0.6019830028328612,0.8517034068136272,0.28301048005540463,0.3668302219729706,0.582421340629275,0.8235294117647058,0.9064327485380117,85.0,70.0,15.0,1.0,0.8214014752439345,0.8025991792065663,0.19449510172433138,0.5671915339064411,0.09731112962098683,0.11340088900677438,0.7393601070845318,5.0,0.43859649122807015,0.14563106796116504,0.9546511627906977,0.9988372093023256,0.10941176470588235,0.17647058823529413,0.5234060919965471,0.5509925558312655,0.8249596985491477,0.8591703406813627,0.14432885765706935,0.3090160368774843,0.24910193302606604,0.3790361643789334,0.7757848745219877,0.8458992612979107,0.7680848153214774,0.8202735978112174,0.1883008942608922,0.21789105583946053,20261038,2,Europe,263,171,V1-V10_financial_only
PONE2016_h2_target_Europe,20260731,Full_PBMSBAINGO,cost_10,171,86,0.15761677369269228,"Same-horizon leave-one-region-out transfer; source regions=Asia,North America; target region=Europe; source-only fit/search/calibration; target labels untouched until final evaluation; V1-V10 financial ratios only.",Risk feature plus score fusion; alpha=0.70 selected only on search partition.,Platt_logistic_on_separate_calibration_partition,0.4176345347922784,0.9883720930232558,0.17647058823529413,0.5483870967741935,0.7053941908713693,0.6019830028328612,0.8517034068136272,0.28301048005540463,0.3668302219729706,0.582421340629275,0.8235294117647058,0.9064327485380117,85.0,70.0,15.0,1.0,0.8214014752439345,0.8025991792065663,0.19449510172433138,0.5671915339064411,0.09731112962098683,0.11340088900677438,0.7393601070845318,10.0,0.4678362573099415,0.08465608465608465,0.977906976744186,1.0,0.12117647058823529,0.23294117647058823,0.5351757213617423,0.5635917006623679,0.851529331432129,0.8643294027110873,0.2544681717081766,0.34217221212875065,0.31340173724516224,0.4179944794334654,0.7841988440865723,0.8672996267218054,0.7716689466484268,0.8406703146374829,0.17126958282752167,0.2100357195609611,20261038,2,Europe,263,171,V1-V10_financial_only
PONE2016_h2_target_Europe,20260731,Full_PBMSBAINGO,cost_20,171,86,0.15761677369269228,"Same-horizon leave-one-region-out transfer; source regions=Asia,North America; target region=Europe; source-only fit/search/calibration; target labels untouched until final evaluation; V1-V10 financial ratios only.",Risk feature plus score fusion; alpha=0.70 selected only on search partition.,Platt_logistic_on_separate_calibration_partition,0.4176345347922784,0.9883720930232558,0.17647058823529413,0.5483870967741935,0.7053941908713693,0.6019830028328612,0.8517034068136272,0.28301048005540463,0.3668302219729706,0.582421340629275,0.8235294117647058,0.9064327485380117,85.0,70.0,15.0,1.0,0.8214014752439345,0.8025991792065663,0.19449510172433138,0.5671915339064411,0.09731112962098683,0.11340088900677438,0.7393601070845318,20.0,0.5263157894736842,0.04986149584487535,0.977906976744186,1.0,0.16470588235294117,0.1988235294117647,0.5449300699300699,0.5577922077922077,0.8440361445783133,0.862936777048313,0.2574743213287123,0.3308150315913571,0.35317681051674216,0.4032547901184615,0.7887270009355305,0.877343475216514,0.7721340629274966,0.8563201094391245,0.16157516648435327,0.20995830196635418,20261038,2,Europe,263,171,V1-V10_financial_only
PONE2016_h2_target_Europe,20260731,Uncertainty_gated_fusion,triad,171,86,0.6816327942393817,"Same-horizon leave-one-region-out transfer; source regions=Asia,North America; target region=Europe; source-only fit/search/calibration; target labels untouched until final evaluation; V1-V10 financial ratios only.","One-standard-error paired-bootstrap gate selected KELM_risk_feature; search utility difference=0.0414, required margin=0.0453.",Platt_logistic_on_separate_calibration_partition,0.7064293366365377,0.5581395348837209,0.8941176470588236,0.8421052631578947,0.6713286713286714,0.7643312101910829,0.5985037406483791,0.4796829778446658,0.6209127625607045,0.7261285909712722,0.10588235294117647,0.3333333333333333,48.0,9.0,76.0,38.0,0.8288271509261003,0.8046511627906977,0.1859175502346445,0.5491606666275664,0.09586541283854268,0.0634008172496894,0.6609954373641289,,,,0.4441860465116279,0.5662790697674419,0.8941176470588236,0.94,0.8112959381044487,0.8953409090909091,0.48862220473473666,0.6102756892230576,0.3831349170405063,0.5299823156747253,0.5344862238616425,0.6522121130847118,0.7577419143528996,0.8523363772122241,0.7414911080711354,0.8189192886456909,0.17247295541192956,0.2308582343476071,20261084,2,Europe,263,171,V1-V10_financial_only
PONE2016_h2_target_Europe,20260731,Uncertainty_gated_fusion,cost_1,171,86,0.6800894733305848,"Same-horizon leave-one-region-out transfer; source regions=Asia,North America; target region=Europe; source-only fit/search/calibration; target labels untouched until final evaluation; V1-V10 financial ratios only.","One-standard-error paired-bootstrap gate selected KELM_risk_feature; search utility difference=0.0414, required margin=0.0453.",Platt_logistic_on_separate_calibration_partition,0.7064293366365377,0.5581395348837209,0.8941176470588236,0.8421052631578947,0.6713286713286714,0.7643312101910829,0.5985037406483791,0.4796829778446658,0.6209127625607045,0.7261285909712722,0.10588235294117647,0.3333333333333333,48.0,9.0,76.0,38.0,0.8288271509261003,0.8046511627906977,0.1859175502346445,0.5491606666275664,0.09586541283854268,0.0634008172496894,0.6609954373641289,1.0,0.27485380116959063,0.27485380116959063,0.5127906976744186,0.6348837209302326,0.8623529411764705,0.9505882352941176,0.8133171912832929,0.9269830508474576,0.5593562528841717,0.6767974832490962,0.46943335569526623,0.6108507895847116,0.6128190213441955,0.7155786223680719,0.8088539320808767,0.8882119955268117,0.7876744186046511,0.8742407660738715,0.14639718754217204,0.19745695150962692,20261084,2,Europe,263,171,V1-V10_financial_only
PONE2016_h2_target_Europe,20260731,Uncertainty_gated_fusion,cost_2,171,86,0.20848950858511173,"Same-horizon leave-one-region-out transfer; source regions=Asia,North America; target region=Europe; source-only fit/search/calibration; target labels untouched until final evaluation; V1-V10 financial ratios only.","One-standard-error paired-bootstrap gate selected KELM_risk_feature; search utility difference=0.0414, required margin=0.0453.",Platt_logistic_on_separate_calibration_partition,0.6642111641550714,0.872093023255814,0.5058823529411764,0.6410256410256411,0.7389162561576355,0.6768953068592057,0.8134490238611713,0.4065672438582035,0.5639599229840238,0.6889876880984952,0.49411764705882355,0.6842105263157895,75.0,42.0,43.0,11.0,0.8288271509261003,0.8046511627906977,0.1859175502346445,0.5491606666275664,0.09586541283854268,0.0634008172496894,0.6609954373641289,2.0,0.3742690058479532,0.2490272373540856,0.8046511627906977,0.8837209302325582,0.4505882352941177,0.5929411764705882,0.6165814408181681,0.6857821457821458,0.763452441598137,0.8352005164818471,0.3458099265406497,0.49440478069543403,0.5173565605238855,0.6355009294956492,0.7983865355929496,0.8530887378768456,0.7718331053351573,0.8350341997264022,0.1690537059241849,0.20497535251454788,20261084,2,Europe,263,171,V1-V10_financial_only
PONE2016_h2_target_Europe,20260731,Uncertainty_gated_fusion,cost_5,171,86,0.14302858102216834,"Same-horizon leave-one-region-out transfer; source regions=Asia,North America; target region=Europe; source-only fit/search/calibration; target labels untouched until final evaluation; V1-V10 financial ratios only.","One-standard-error paired-bootstrap gate selected KELM_risk_feature; search utility difference=0.0414, required margin=0.0453.",Platt_logistic_on_separate_calibration_partition,0.6150194907547304,0.9186046511627907,0.4117647058823529,0.6124031007751938,0.7348837209302326,0.6561461794019934,0.8350951374207188,0.3837416567797001,0.5255397478007905,0.6651846785225718,0.5882352941176471,0.7543859649122807,79.0,50.0,35.0,7.0,0.8288271509261003,0.8046511627906977,0.1859175502346445,0.5491606666275664,0.09586541283854268,0.0634008172496894,0.6609954373641289,5.0,0.49707602339181284,0.1650485436893204,0.9069767441860465,0.9290697674418604,0.33294117647058824,0.43176470588235294,0.5849459414960759,0.6203076359641091,0.8213997997106932,0.8379371532237775,0.3262172550324562,0.3999510160563015,0.46579354640901427,0.5410489355770276,0.8215005168792906,0.8463491878366514,0.7928317373461012,0.8162106703146375,0.17836841025139155,0.19092179162057255,20261084,2,Europe,263,171,V1-V10_financial_only
PONE2016_h2_target_Europe,20260731,Uncertainty_gated_fusion,cost_10,171,86,0.14302858102216834,"Same-horizon leave-one-region-out transfer; source regions=Asia,North America; target region=Europe; source-only fit/search/calibration; target labels untouched until final evaluation; V1-V10 financial ratios only.","One-standard-error paired-bootstrap gate selected KELM_risk_feature; search utility difference=0.0414, required margin=0.0453.",Platt_logistic_on_separate_calibration_partition,0.6150194907547304,0.9186046511627907,0.4117647058823529,0.6124031007751938,0.7348837209302326,0.6561461794019934,0.8350951374207188,0.3837416567797001,0.5255397478007905,0.6651846785225718,0.5882352941176471,0.7543859649122807,79.0,50.0,35.0,7.0,0.8288271509261003,0.8046511627906977,0.1859175502346445,0.5491606666275664,0.09586541283854268,0.0634008172496894,0.6609954373641289,10.0,0.7017543859649122,0.12698412698412698,0.9116279069767441,0.9651162790697675,0.35529411764705887,0.4094117647058823,0.5885602896129212,0.6231356168198273,0.8214440461653603,0.8696576988222318,0.32179938439402095,0.45126790516354637,0.4703987225451275,0.5628328590915226,0.8054702023123852,0.8685334406670233,0.7816826265389878,0.8427770177838577,0.16230448609724552,0.20264702980024474,20261084,2,Europe,263,171,V1-V10_financial_only
PONE2016_h2_target_Europe,20260731,Uncertainty_gated_fusion,cost_20,171,86,0.14302858102216834,"Same-horizon leave-one-region-out transfer; source regions=Asia,North America; target region=Europe; source-only fit/search/calibration; target labels untouched until final evaluation; V1-V10 financial ratios only.","One-standard-error paired-bootstrap gate selected KELM_risk_feature; search utility difference=0.0414, required margin=0.0453.",Platt_logistic_on_separate_calibration_partition,0.6150194907547304,0.9186046511627907,0.4117647058823529,0.6124031007751938,0.7348837209302326,0.6561461794019934,0.8350951374207188,0.3837416567797001,0.5255397478007905,0.6651846785225718,0.5882352941176471,0.7543859649122807,79.0,50.0,35.0,7.0,0.8288271509261003,0.8046511627906977,0.1859175502346445,0.5491606666275664,0.09586541283854268,0.0634008172496894,0.6609954373641289,20.0,1.1111111111111112,0.10526315789473684,0.8732558139534884,0.969767441860465,0.3376470588235294,0.4564705882352941,0.5961702127659574,0.6253193960511033,0.8008127858874127,0.8623601667032245,0.32377819321385104,0.4016305117006699,0.4881697180761875,0.5440534179496896,0.7984273590798272,0.860725103381068,0.7667578659370724,0.8435978112175103,0.1635532012557981,0.20382020263482023,20261084,2,Europe,263,171,V1-V10_financial_only
PONE2016_h2_target_Europe,20260731,Full_random_search,triad,171,86,0.7575099480870459,"Same-horizon leave-one-region-out transfer; source regions=Asia,North America; target region=Europe; source-only fit/search/calibration; target labels untouched until final evaluation; V1-V10 financial ratios only.",Same full architecture and 81 evaluations as PBMSBAINGO; alpha=0.70.,Platt_logistic_on_separate_calibration_partition,0.6614249013582713,0.47674418604651164,0.9176470588235294,0.8541666666666666,0.6119402985074627,0.737410071942446,0.5229591836734694,0.43884664196351925,0.5768877106098632,0.6971956224350205,0.08235294117647059,0.2807017543859649,41.0,7.0,78.0,45.0,0.7430827110987742,0.7582763337893297,0.20653626943159928,0.6038434561711022,0.09828203736936023,0.115535153120325,0.7511514478355427,,,,0.42093023255813955,0.5837209302325582,0.9188235294117647,0.9623529411764706,0.8603636363636363,0.9395833333333333,0.4697482929441692,0.631480104604656,0.4216708685204066,0.5890171424136503,0.5504971541942023,0.691487221126564,0.747491062362039,0.8560868133757006,0.7706292749658002,0.8286456908344733,0.16953156094762056,0.20466031098799034,20261132,2,Europe,263,171,V1-V10_financial_only
PONE2016_h2_target_Europe,20260731,Full_random_search,cost_1,171,86,0.7537272615877897,"Same-horizon leave-one-region-out transfer; source regions=Asia,North America; target region=Europe; source-only fit/search/calibration; target labels untouched until final evaluation; V1-V10 financial ratios only.",Same full architecture and 81 evaluations as PBMSBAINGO; alpha=0.70.,Platt_logistic_on_separate_calibration_partition,0.6694424656191761,0.4883720930232558,0.9176470588235294,0.8571428571428571,0.6222222222222222,0.7446808510638298,0.5343511450381679,0.4489802658659349,0.5859824235721398,0.7030095759233925,0.08235294117647059,0.28654970760233917,42.0,7.0,78.0,44.0,0.7430827110987742,0.7582763337893297,0.20653626943159928,0.6038434561711022,0.09828203736936023,0.115535153120325,0.7511514478355427,1.0,0.2982456140350877,0.2982456140350877,0.42674418604651165,0.5581395348837209,0.8752941176470588,0.9611764705882353,0.8159243200630667,0.9301932367149759,0.4737328562909958,0.6022669177151264,0.3938524547480919,0.5243853928073701,0.5372631345301763,0.6463870772578131,0.6846496306442136,0.7851732767187769,0.7112311901504788,0.8045827633378932,0.17998030779331775,0.23269278157351808,20261132,2,Europe,263,171,V1-V10_financial_only
PONE2016_h2_target_Europe,20260731,Full_random_search,cost_2,171,86,0.29298904190241304,"Same-horizon leave-one-region-out transfer; source regions=Asia,North America; target region=Europe; source-only fit/search/calibration; target labels untouched until final evaluation; V1-V10 financial ratios only.",Same full architecture and 81 evaluations as PBMSBAINGO; alpha=0.70.,Platt_logistic_on_separate_calibration_partition,0.6799855152557239,0.7558139534883721,0.611764705882353,0.6632653061224489,0.7065217391304348,0.6799163179916318,0.7352941176470589,0.37156475332202565,0.555918693218095,0.6837893296853625,0.38823529411764707,0.5730994152046783,65.0,33.0,52.0,21.0,0.7430827110987742,0.7582763337893297,0.20653626943159928,0.6038434561711022,0.09828203736936023,0.115535153120325,0.7511514478355427,2.0,0.43859649122807015,0.2918287937743191,0.7104651162790698,0.8616279069767442,0.5223529411764707,0.6435294117647059,0.6393354018616755,0.6689217032967032,0.7013292673391196,0.8075211555296177,0.314728335271715,0.4111714150203159,0.5113893381538619,0.5706056196623724,0.7410002651693594,0.7965487256219972,0.751217510259918,0.7740629274965801,0.19720046658935222,0.21394487963908146,20261132,2,Europe,263,171,V1-V10_financial_only
PONE2016_h2_target_Europe,20260731,Full_random_search,cost_5,171,86,0.19321278754306295,"Same-horizon leave-one-region-out transfer; source regions=Asia,North America; target region=Europe; source-only fit/search/calibration; target labels untouched until final evaluation; V1-V10 financial ratios only.",Same full architecture and 81 evaluations as PBMSBAINGO; alpha=0.70.,Platt_logistic_on_separate_calibration_partition,0.5079396971866957,0.9534883720930233,0.27058823529411763,0.5694444444444444,0.7130434782608696,0.6193353474320241,0.8401639344262295,0.3072501338955636,0.42957480084170196,0.6120383036935705,0.7294117647058823,0.8421052631578947,82.0,62.0,23.0,4.0,0.7430827110987742,0.7582763337893297,0.20653626943159928,0.6038434561711022,0.09828203736936023,0.115535153120325,0.7511514478355427,5.0,0.47953216374269003,0.15922330097087378,0.9197674418604651,0.9860465116279069,0.2023529411764706,0.3482352941176471,0.5521072796934866,0.5932757885763,0.8181465264872846,0.8539927062374246,0.235613796558187,0.3594865732577489,0.3718468465866804,0.48876467690876724,0.7039097577343179,0.8060604459398886,0.7409849521203831,0.8059917920656634,0.1801650679846097,0.21423504509610894,20261132,2,Europe,263,171,V1-V10_financial_only
PONE2016_h2_target_Europe,20260731,Full_random_search,cost_10,171,86,0.19321278754306295,"Same-horizon leave-one-region-out transfer; source regions=Asia,North America; target region=Europe; source-only fit/search/calibration; target labels untouched until final evaluation; V1-V10 financial ratios only.",Same full architecture and 81 evaluations as PBMSBAINGO; alpha=0.70.,Platt_logistic_on_separate_calibration_partition,0.5079396971866957,0.9534883720930233,0.27058823529411763,0.5694444444444444,0.7130434782608696,0.6193353474320241,0.8401639344262295,0.3072501338955636,0.42957480084170196,0.6120383036935705,0.7294117647058823,0.8421052631578947,82.0,62.0,23.0,4.0,0.7430827110987742,0.7582763337893297,0.20653626943159928,0.6038434561711022,0.09828203736936023,0.115535153120325,0.7511514478355427,10.0,0.5964912280701754,0.10793650793650794,0.944186046511628,0.9755813953488371,0.25882352941176473,0.3141176470588235,0.5630993150684932,0.587426122931442,0.8316201070592172,0.8556428076511222,0.2793486691203797,0.3684772388495067,0.40862437179958727,0.4815560558676175,0.7108233364701649,0.8037192872898605,0.7563474692202462,0.7996169630642955,0.18420362019475267,0.20981067212544238,20261132,2,Europe,263,171,V1-V10_financial_only
PONE2016_h2_target_Europe,20260731,Full_random_search,cost_20,171,86,0.19321278754306295,"Same-horizon leave-one-region-out transfer; source regions=Asia,North America; target region=Europe; source-only fit/search/calibration; target labels untouched until final evaluation; V1-V10 financial ratios only.",Same full architecture and 81 evaluations as PBMSBAINGO; alpha=0.70.,Platt_logistic_on_separate_calibration_partition,0.5079396971866957,0.9534883720930233,0.27058823529411763,0.5694444444444444,0.7130434782608696,0.6193353474320241,0.8401639344262295,0.3072501338955636,0.42957480084170196,0.6120383036935705,0.7294117647058823,0.8421052631578947,82.0,62.0,23.0,4.0,0.7430827110987742,0.7582763337893297,0.20653626943159928,0.6038434561711022,0.09828203736936023,0.115535153120325,0.7511514478355427,20.0,0.8304093567251462,0.07867036011080332,0.9220930232558139,0.9755813953488371,0.19294117647058823,0.3047058823529412,0.5501460158531498,0.5811507341923883,0.8173392842175844,0.8453317845215623,0.2507176315888625,0.3398578342170109,0.3698128365529573,0.4621952517630005,0.720710616469215,0.8158181258488681,0.7219288645690835,0.8129548563611491,0.1798022048061666,0.2213889352365849,20261132,2,Europe,263,171,V1-V10_financial_only
PONE2016_h2_target_Europe,20260731,Balanced_logistic,triad,171,86,0.6598385431725452,"Same-horizon leave-one-region-out transfer; source regions=Asia,North America; target region=Europe; source-only fit/search/calibration; target labels untouched until final evaluation; V1-V10 financial ratios only.",Class-weighted logistic reference using the same source-only fit/search/calibration and untouched regional target.,Platt_logistic_on_separate_calibration_partition,0.6533089510325999,0.45348837209302323,0.9411764705882353,0.8863636363636364,0.6,0.7442748091603053,0.5025773195876289,0.45139727218926845,0.5775621385313132,0.6973324213406292,0.058823529411764705,0.2573099415204678,39.0,5.0,80.0,47.0,0.7869736092025974,0.8034199726402189,0.18427615164326513,0.6119615702880244,0.1017070533224419,0.15765545425553973,0.5700643957449046,,,,0.3732558139534884,0.5325581395348836,0.9188235294117647,0.9764705882352941,0.8483309143686502,0.9467492260061919,0.4240333209001616,0.5773902231109915,0.37948868545170633,0.49956894278759356,0.5136224815976282,0.6223200461873911,0.7476494993630508,0.836837603221087,0.7628454172366622,0.8200957592339261,0.17951577588049922,0.20710193119843961,20262032,2,Europe,263,171,V1-V10_financial_only
PONE2016_h2_target_Europe,20260731,Balanced_logistic,cost_1,171,86,0.5550880261998463,"Same-horizon leave-one-region-out transfer; source regions=Asia,North America; target region=Europe; source-only fit/search/calibration; target labels untouched until final evaluation; V1-V10 financial ratios only.",Class-weighted logistic reference using the same source-only fit/search/calibration and untouched regional target.,Platt_logistic_on_separate_calibration_partition,0.7064293366365377,0.5581395348837209,0.8941176470588236,0.8421052631578947,0.6713286713286714,0.7643312101910829,0.5985037406483791,0.4796829778446658,0.6209127625607045,0.7261285909712722,0.10588235294117647,0.3333333333333333,48.0,9.0,76.0,38.0,0.7869736092025974,0.8034199726402189,0.18427615164326513,0.6119615702880244,0.1017070533224419,0.15765545425553973,0.5700643957449046,1.0,0.27485380116959063,0.27485380116959063,0.536046511627907,0.5779069767441861,0.86,0.8929411764705882,0.7976509069283377,0.8386904761904762,0.5745221313960756,0.615680693069307,0.42669603784391374,0.4842116736004632,0.5849145821619518,0.6276048358476767,0.7551854774170094,0.8419464008447501,0.752530779753762,0.821860465116279,0.17217230187820928,0.20527178236499677,20262032,2,Europe,263,171,V1-V10_financial_only
PONE2016_h2_target_Europe,20260731,Balanced_logistic,cost_2,171,86,0.5550880261998463,"Same-horizon leave-one-region-out transfer; source regions=Asia,North America; target region=Europe; source-only fit/search/calibration; target labels untouched until final evaluation; V1-V10 financial ratios only.",Class-weighted logistic reference using the same source-only fit/search/calibration and untouched regional target.,Platt_logistic_on_separate_calibration_partition,0.7064293366365377,0.5581395348837209,0.8941176470588236,0.8421052631578947,0.6713286713286714,0.7643312101910829,0.5985037406483791,0.4796829778446658,0.6209127625607045,0.7261285909712722,0.10588235294117647,0.3333333333333333,48.0,9.0,76.0,38.0,0.7869736092025974,0.8034199726402189,0.18427615164326513,0.6119615702880244,0.1017070533224419,0.15765545425553973,0.5700643957449046,2.0,0.49707602339181284,0.33073929961089493,0.4802325581395349,0.5581395348837209,0.8623529411764705,0.9388235294117647,0.8039285714285714,0.8938775510204081,0.5266429090720257,0.5994059405940594,0.4370377321756535,0.5000815168107843,0.578581004186542,0.6291738657454153,0.7383797683779326,0.8449759958242874,0.7634336525307798,0.8415047879616964,0.16874842419457273,0.21014215275156461,20262032,2,Europe,263,171,V1-V10_financial_only
PONE2016_h2_target_Europe,20260731,Balanced_logistic,cost_5,171,86,0.2198669487403108,"Same-horizon leave-one-region-out transfer; source regions=Asia,North America; target region=Europe; source-only fit/search/calibration; target labels untouched until final evaluation; V1-V10 financial ratios only.",Class-weighted logistic reference using the same source-only fit/search/calibration and untouched regional target.,Platt_logistic_on_separate_calibration_partition,0.6283324292019848,0.9069767441860465,0.43529411764705883,0.6190476190476191,0.7358490566037735,0.6610169491525424,0.8297872340425532,0.38863068441952203,0.5353510749870221,0.6711354309165527,0.5647058823529412,0.7368421052631579,78.0,48.0,37.0,8.0,0.7869736092025974,0.8034199726402189,0.18427615164326513,0.6119615702880244,0.1017070533224419,0.15765545425553973,0.5700643957449046,5.0,0.5146198830409356,0.170873786407767,0.8848837209302326,0.9406976744186046,0.3776470588235294,0.4447058823529412,0.5942234848484849,0.6208864716179044,0.8068412284513979,0.8487175395907296,0.31723454444542054,0.4095212159487381,0.4775177443065925,0.5440561686479792,0.7231399704632109,0.8280716457608965,0.7479343365253078,0.8233652530779754,0.17571867621751847,0.2125677369792129,20262032,2,Europe,263,171,V1-V10_financial_only
PONE2016_h2_target_Europe,20260731,Balanced_logistic,cost_10,171,86,0.0,"Same-horizon leave-one-region-out transfer; source regions=Asia,North America; target region=Europe; source-only fit/search/calibration; target labels untouched until final evaluation; V1-V10 financial ratios only.",Class-weighted logistic reference using the same source-only fit/search/calibration and untouched regional target.,Platt_logistic_on_separate_calibration_partition,0.0,1.0,0.0,0.5029239766081871,0.669260700389105,0.5584415584415584,0.8349514563106796,0.0,0.0,0.5,1.0,1.0,86.0,85.0,0.0,0.0,0.7869736092025974,0.8034199726402189,0.18427615164326513,0.6119615702880244,0.1017070533224419,0.15765545425553973,0.5700643957449046,10.0,0.49707602339181284,0.08994708994708994,1.0,1.0,0.0,0.0,0.5029239766081871,0.5029239766081871,0.8349514563106796,0.8349514563106796,0.0,0.0,0.0,0.0,0.7243208932792524,0.8994188839019326,0.7441450068399452,0.8761149110807114,0.14446527601623324,0.21162129336518734,20262032,2,Europe,263,171,V1-V10_financial_only
PONE2016_h2_target_Europe,20260731,Balanced_logistic,cost_20,171,86,0.0,"Same-horizon leave-one-region-out transfer; source regions=Asia,North America; target region=Europe; source-only fit/search/calibration; target labels untouched until final evaluation; V1-V10 financial ratios only.",Class-weighted logistic reference using the same source-only fit/search/calibration and untouched regional target.,Platt_logistic_on_separate_calibration_partition,0.0,1.0,0.0,0.5029239766081871,0.669260700389105,0.5584415584415584,0.8349514563106796,0.0,0.0,0.5,1.0,1.0,86.0,85.0,0.0,0.0,0.7869736092025974,0.8034199726402189,0.18427615164326513,0.6119615702880244,0.1017070533224419,0.15765545425553973,0.5700643957449046,20.0,0.49707602339181284,0.04709141274238227,1.0,1.0,0.0,0.0,0.5029239766081871,0.5029239766081871,0.8349514563106796,0.8349514563106796,0.0,0.0,0.0,0.0,0.769175203266294,0.8397386296775861,0.7806429548563611,0.8375512995896033,0.1680210662106289,0.19810367829967204,20262032,2,Europe,263,171,V1-V10_financial_only
PONE2016_h2_target_North_America,20260731,HistGB,triad,167,84,0.6022894502386648,"Same-horizon leave-one-region-out transfer; source regions=Asia,Europe; target region=North America; source-only fit/search/calibration; target labels untouched until final evaluation; V1-V10 financial ratios only.",No metaheuristic; threshold and Platt calibration use calibration partition.,Platt_logistic_on_separate_calibration_partition,0.7416585281290365,0.7023809523809523,0.7831325301204819,0.7662337662337663,0.7329192546583851,0.7525510204081632,0.7142857142857143,0.48698251303711854,0.6446249619518555,0.7427567412507171,0.21686746987951808,0.46107784431137727,59.0,18.0,65.0,25.0,0.8572195571594456,0.8588640275387264,0.1666717408440504,0.5075168862349643,0.09783626790377388,-0.05270882288582465,0.7080735692920371,,,,0.6214285714285714,0.7702380952380953,0.7349397590361446,0.8831325301204819,0.7054054054054054,0.8651362721785256,0.6365853658536585,0.7676564378692038,0.36111632509150904,0.6266470723315931,0.5489483432627704,0.7414436157462255,0.8099857577591112,0.9372423408626932,0.812908777969019,0.927782558806655,0.11520837388499013,0.20027910345303707,20260731,2,North America,267,167,V1-V10_financial_only
PONE2016_h2_target_North_America,20260731,HistGB,cost_1,167,84,0.5931814404002551,"Same-horizon leave-one-region-out transfer; source regions=Asia,Europe; target region=North America; source-only fit/search/calibration; target labels untouched until final evaluation; V1-V10 financial ratios only.",No metaheuristic; threshold and Platt calibration use calibration partition.,Platt_logistic_on_separate_calibration_partition,0.7416585281290365,0.7023809523809523,0.7831325301204819,0.7662337662337663,0.7329192546583851,0.7525510204081632,0.7142857142857143,0.48698251303711854,0.6446249619518555,0.7427567412507171,0.21686746987951808,0.46107784431137727,59.0,18.0,65.0,25.0,0.8572195571594456,0.8588640275387264,0.1666717408440504,0.5075168862349643,0.09783626790377388,-0.05270882288582465,0.7080735692920371,1.0,0.25748502994011974,0.25748502994011974,0.6142857142857142,0.736904761904762,0.7120481927710843,0.8072289156626506,0.6906406406406406,0.7937629937629938,0.6281014213019828,0.7470545302888124,0.33792514485030317,0.5419459713534768,0.5309644263655653,0.6845292075642043,0.8125163728793667,0.8838086325185234,0.8001147446930579,0.8950086058519793,0.1408157227877377,0.21288598247763624,20260731,2,North America,267,167,V1-V10_financial_only
PONE2016_h2_target_North_America,20260731,HistGB,cost_2,167,84,0.12813105690407156,"Same-horizon leave-one-region-out transfer; source regions=Asia,Europe; target region=North America; source-only fit/search/calibration; target labels untouched until final evaluation; V1-V10 financial ratios only.",No metaheuristic; threshold and Platt calibration use calibration partition.,Platt_logistic_on_separate_calibration_partition,0.7251327850387389,0.9285714285714286,0.5662650602409639,0.6842105263157895,0.7878787878787878,0.7222222222222222,0.8666666666666667,0.5315572493175232,0.6538252810971488,0.7474182444061963,0.43373493975903615,0.6826347305389222,78.0,36.0,47.0,6.0,0.8572195571594456,0.8588640275387264,0.1666717408440504,0.5075168862349643,0.09783626790377388,-0.05270882288582465,0.7080735692920371,2.0,0.2874251497005988,0.19123505976095617,0.9285714285714286,0.9511904761904761,0.47228915662650606,0.6602409638554217,0.6459344174886696,0.7347412151635797,0.8647590317408489,0.887111698612029,0.4831906211749737,0.6133344685414376,0.6009676552989079,0.7220753285142052,0.8172923668871909,0.9407005126481566,0.8498565691336776,0.9308806655192198,0.1151509956592695,0.17675986258997178,20260731,2,North America,267,167,V1-V10_financial_only
PONE2016_h2_target_North_America,20260731,HistGB,cost_5,167,84,0.12813105690407156,"Same-horizon leave-one-region-out transfer; source regions=Asia,Europe; target region=North America; source-only fit/search/calibration; target labels untouched until final evaluation; V1-V10 financial ratios only.",No metaheuristic; threshold and Platt calibration use calibration partition.,Platt_logistic_on_separate_calibration_partition,0.7251327850387389,0.9285714285714286,0.5662650602409639,0.6842105263157895,0.7878787878787878,0.7222222222222222,0.8666666666666667,0.5315572493175232,0.6538252810971488,0.7474182444061963,0.43373493975903615,0.6826347305389222,78.0,36.0,47.0,6.0,0.8572195571594456,0.8588640275387264,0.1666717408440504,0.5075168862349643,0.09783626790377388,-0.05270882288582465,0.7080735692920371,5.0,0.39520958083832336,0.1312127236580517,0.8523809523809524,0.9523809523809523,0.4626506024096385,0.6313253012048192,0.616977771444856,0.7226870474658086,0.7926045095295347,0.8947022401899697,0.34741200265299055,0.6124460992022049,0.5155294117419933,0.7157580996724099,0.7790109123361093,0.8682409973566867,0.767398164084911,0.8707401032702237,0.15206821308252805,0.23215350627243428,20260731,2,North America,267,167,V1-V10_financial_only
PONE2016_h2_target_North_America,20260731,HistGB,cost_10,167,84,0.12813105690407156,"Same-horizon leave-one-region-out transfer; source regions=Asia,Europe; target region=North America; source-only fit/search/calibration; target labels untouched until final evaluation; V1-V10 financial ratios only.",No metaheuristic; threshold and Platt calibration use calibration partition.,Platt_logistic_on_separate_calibration_partition,0.7251327850387389,0.9285714285714286,0.5662650602409639,0.6842105263157895,0.7878787878787878,0.7222222222222222,0.8666666666666667,0.5315572493175232,0.6538252810971488,0.7474182444061963,0.43373493975903615,0.6826347305389222,78.0,36.0,47.0,6.0,0.8572195571594456,0.8588640275387264,0.1666717408440504,0.5075168862349643,0.09783626790377388,-0.05270882288582465,0.7080735692920371,10.0,0.5748502994011976,0.10400866738894908,0.9071428571428571,0.9630952380952381,0.4939759036144578,0.6240963855421687,0.6455146754857378,0.7145724115334208,0.8409444141959115,0.8822872899159664,0.4460797154358068,0.5823792213925713,0.5853213784498776,0.6965211766360985,0.8226760765777182,0.91006583547367,0.8330464716006885,0.8960269650028685,0.1389006452972758,0.18800412796201996,20260731,2,North America,267,167,V1-V10_financial_only
PONE2016_h2_target_North_America,20260731,HistGB,cost_20,167,84,0.12813105690407156,"Same-horizon leave-one-region-out transfer; source regions=Asia,Europe; target region=North America; source-only fit/search/calibration; target labels untouched until final evaluation; V1-V10 financial ratios only.",No metaheuristic; threshold and Platt calibration use calibration partition.,Platt_logistic_on_separate_calibration_partition,0.7251327850387389,0.9285714285714286,0.5662650602409639,0.6842105263157895,0.7878787878787878,0.7222222222222222,0.8666666666666667,0.5315572493175232,0.6538252810971488,0.7474182444061963,0.43373493975903615,0.6826347305389222,78.0,36.0,47.0,6.0,0.8572195571594456,0.8588640275387264,0.1666717408440504,0.5075168862349643,0.09783626790377388,-0.05270882288582465,0.7080735692920371,20.0,0.9341317365269461,0.08848553601815087,0.905952380952381,0.9619047619047619,0.5301204819277109,0.5650602409638554,0.6611619190404797,0.6911803713527851,0.8434918470262739,0.8920251421203774,0.4711152133843851,0.5749822186743913,0.6093481880932801,0.6786026987849744,0.8025298159433373,0.8649538773659335,0.8088640275387263,0.8767928858290305,0.15026942972025414,0.1962527488230645,20260731,2,North America,267,167,V1-V10_financial_only
PONE2016_h2_target_North_America,20260731,KELM_PBMSBAINGO,triad,167,84,0.7031313956424641,"Same-horizon leave-one-region-out transfer; source regions=Asia,Europe; target region=North America; source-only fit/search/calibration; target labels untouched until final evaluation; V1-V10 financial ratios only.",Plain KELM; hyperparameters/features selected only on search partition.,Platt_logistic_on_separate_calibration_partition,0.624605440575902,0.40476190476190477,0.963855421686747,0.918918918918919,0.5619834710743802,0.7327586206896551,0.45576407506702415,0.4437944798293849,0.5573540233586484,0.6843086632243258,0.03614457831325301,0.2215568862275449,34.0,3.0,80.0,50.0,0.8391774480133162,0.8390705679862306,0.17372569670252727,0.5194924387502152,0.11235428513582585,0.5871306117474554,0.9156870436167364,,,,0.3630952380952381,0.48333333333333334,0.9542168674698794,0.9975903614457832,0.91375,0.9948717948717949,0.41376471616738547,0.5335853018372704,0.42805204523207946,0.5185568716608354,0.5331962739769561,0.6123373304981745,0.8450840433196107,0.8897291148903265,0.8404331612162936,0.8805507745266782,0.1530797463014535,0.1721832953383382,20260832,2,North America,267,167,V1-V10_financial_only
PONE2016_h2_target_North_America,20260731,KELM_PBMSBAINGO,cost_1,167,84,0.253842116011081,"Same-horizon leave-one-region-out transfer; source regions=Asia,Europe; target region=North America; source-only fit/search/calibration; target labels untouched until final evaluation; V1-V10 financial ratios only.",Plain KELM; hyperparameters/features selected only on search partition.,Platt_logistic_on_separate_calibration_partition,0.7691893938296566,0.8928571428571429,0.6626506024096386,0.7281553398058253,0.8021390374331551,0.7560483870967742,0.8542141230068337,0.5712947175857308,0.6965873674313761,0.7777538726333908,0.3373493975903614,0.6167664670658682,75.0,28.0,55.0,9.0,0.8391774480133162,0.8390705679862306,0.17372569670252727,0.5194924387502152,0.11235428513582585,0.5871306117474554,0.9156870436167364,1.0,0.2215568862275449,0.2215568862275449,0.825,0.9488095238095238,0.6325301204819277,0.7216867469879518,0.7077551020408164,0.7623290900518623,0.8084165984753865,0.9044272171111007,0.5273560108693713,0.6706728522489523,0.6643601046576088,0.7636830549251804,0.8500260111231298,0.875782086514275,0.8360872059667239,0.8735656913367756,0.15056616776510126,0.1779244961793962,20260832,2,North America,267,167,V1-V10_financial_only
PONE2016_h2_target_North_America,20260731,KELM_PBMSBAINGO,cost_2,167,84,0.253842116011081,"Same-horizon leave-one-region-out transfer; source regions=Asia,Europe; target region=North America; source-only fit/search/calibration; target labels untouched until final evaluation; V1-V10 financial ratios only.",Plain KELM; hyperparameters/features selected only on search partition.,Platt_logistic_on_separate_calibration_partition,0.7691893938296566,0.8928571428571429,0.6626506024096386,0.7281553398058253,0.8021390374331551,0.7560483870967742,0.8542141230068337,0.5712947175857308,0.6965873674313761,0.7777538726333908,0.3373493975903614,0.6167664670658682,75.0,28.0,55.0,9.0,0.8391774480133162,0.8390705679862306,0.17372569670252727,0.5194924387502152,0.11235428513582585,0.5871306117474554,0.9156870436167364,2.0,0.2754491017964072,0.18326693227091634,0.8619047619047618,0.9380952380952381,0.6289156626506024,0.6843373493975904,0.7134023402340234,0.743921568627451,0.8277824006656959,0.8843867890953093,0.5258732196134447,0.605867998430877,0.6659630162490415,0.721511943985574,0.8228315606646897,0.8571350590149964,0.8232644865174986,0.8619621342512909,0.15799570598760518,0.18402027414677907,20260832,2,North America,267,167,V1-V10_financial_only
PONE2016_h2_target_North_America,20260731,KELM_PBMSBAINGO,cost_5,167,84,0.16248240605812153,"Same-horizon leave-one-region-out transfer; source regions=Asia,Europe; target region=North America; source-only fit/search/calibration; target labels untouched until final evaluation; V1-V10 financial ratios only.",Plain KELM; hyperparameters/features selected only on search partition.,Platt_logistic_on_separate_calibration_partition,0.7545045450053531,0.9642857142857143,0.5903614457831325,0.7043478260869566,0.8140703517587939,0.7444852941176471,0.8980044345898004,0.5988870067220025,0.6985908136535192,0.7773235800344234,0.40963855421686746,0.688622754491018,81.0,34.0,49.0,3.0,0.8391774480133162,0.8390705679862306,0.17372569670252727,0.5194924387502152,0.11235428513582585,0.5871306117474554,0.9156870436167364,5.0,0.2934131736526946,0.09741550695825049,0.9523809523809523,0.9761904761904762,0.508433734939759,0.6542168674698795,0.6672268907563025,0.7407366771159875,0.8793145180810379,0.9169560300011905,0.5340680608880158,0.6651936356583733,0.6457366749886481,0.7513287034333302,0.8148534705169644,0.847413942092296,0.8075301204819277,0.8512335054503729,0.1701094675989213,0.18751591513896199,20260832,2,North America,267,167,V1-V10_financial_only
PONE2016_h2_target_North_America,20260731,KELM_PBMSBAINGO,cost_10,167,84,0.16248240605812153,"Same-horizon leave-one-region-out transfer; source regions=Asia,Europe; target region=North America; source-only fit/search/calibration; target labels untouched until final evaluation; V1-V10 financial ratios only.",Plain KELM; hyperparameters/features selected only on search partition.,Platt_logistic_on_separate_calibration_partition,0.7545045450053531,0.9642857142857143,0.5903614457831325,0.7043478260869566,0.8140703517587939,0.7444852941176471,0.8980044345898004,0.5988870067220025,0.6985908136535192,0.7773235800344234,0.40963855421686746,0.688622754491018,81.0,34.0,49.0,3.0,0.8391774480133162,0.8390705679862306,0.17372569670252727,0.5194924387502152,0.11235428513582585,0.5871306117474554,0.9156870436167364,10.0,0.38323353293413176,0.06933911159263272,0.919047619047619,0.9880952380952381,0.5349397590361447,0.6939759036144578,0.6712923728813559,0.7598214285714285,0.8604419052863436,0.9259275793650793,0.5177429810558224,0.6789304535046625,0.6380367444335743,0.7647784194680167,0.8280755923880334,0.894697044551065,0.8168674698795181,0.8956540447504302,0.15172824733181672,0.18302383482704493,20260832,2,North America,267,167,V1-V10_financial_only
PONE2016_h2_target_North_America,20260731,KELM_PBMSBAINGO,cost_20,167,84,0.16248240605812153,"Same-horizon leave-one-region-out transfer; source regions=Asia,Europe; target region=North America; source-only fit/search/calibration; target labels untouched until final evaluation; V1-V10 financial ratios only.",Plain KELM; hyperparameters/features selected only on search partition.,Platt_logistic_on_separate_calibration_partition,0.7545045450053531,0.9642857142857143,0.5903614457831325,0.7043478260869566,0.8140703517587939,0.7444852941176471,0.8980044345898004,0.5988870067220025,0.6985908136535192,0.7773235800344234,0.40963855421686746,0.688622754491018,81.0,34.0,49.0,3.0,0.8391774480133162,0.8390705679862306,0.17372569670252727,0.5194924387502152,0.11235428513582585,0.5871306117474554,0.9156870436167364,20.0,0.562874251497006,0.05331820760068066,0.9214285714285714,0.986904761904762,0.5951807228915663,0.6843373493975904,0.7068860164512338,0.747360988526037,0.8790942931172944,0.9256336082639334,0.6010545125275499,0.6789073504124781,0.7018340492347775,0.7586905594992088,0.8416659391704954,0.8704227741658925,0.8370481927710844,0.8757745266781412,0.15795875046915936,0.1755822187837303,20260832,2,North America,267,167,V1-V10_financial_only
PONE2016_h2_target_North_America,20260731,KELM_score_fusion,triad,167,84,0.71131232842774,"Same-horizon leave-one-region-out transfer; source regions=Asia,Europe; target region=North America; source-only fit/search/calibration; target labels untouched until final evaluation; V1-V10 financial ratios only.",Plain KELM plus HistGB score-level fusion; alpha=1.00 selected only on search partition.,Platt_logistic_on_separate_calibration_partition,0.624605440575902,0.40476190476190477,0.963855421686747,0.918918918918919,0.5619834710743802,0.7327586206896551,0.45576407506702415,0.4437944798293849,0.5573540233586484,0.6843086632243258,0.03614457831325301,0.2215568862275449,34.0,3.0,80.0,50.0,0.8391774480133162,0.8390705679862306,0.17343774841723086,0.51810780916169,0.11744043642023747,0.5738852258882724,0.909251068309215,,,,0.3369047619047619,0.45714285714285713,0.891566265060241,0.9867469879518072,0.7883928571428571,0.965814393939394,0.38439672440202666,0.5006820436507936,0.3312136717021318,0.4514892887714941,0.4860339253941286,0.5485847535563341,0.7978698966710556,0.8637611083164108,0.7827596098680436,0.859609868043603,0.16499759136428155,0.20776337331112413,20260834,2,North America,267,167,V1-V10_financial_only
PONE2016_h2_target_North_America,20260731,KELM_score_fusion,cost_1,167,84,0.2524951419633131,"Same-horizon leave-one-region-out transfer; source regions=Asia,Europe; target region=North America; source-only fit/search/calibration; target labels untouched until final evaluation; V1-V10 financial ratios only.",Plain KELM plus HistGB score-level fusion; alpha=1.00 selected only on search partition.,Platt_logistic_on_separate_calibration_partition,0.7691893938296566,0.8928571428571429,0.6626506024096386,0.7281553398058253,0.8021390374331551,0.7560483870967742,0.8542141230068337,0.5712947175857308,0.6965873674313761,0.7777538726333908,0.3373493975903614,0.6167664670658682,75.0,28.0,55.0,9.0,0.8391774480133162,0.8390705679862306,0.17343774841723086,0.51810780916169,0.11744043642023747,0.5738852258882724,0.909251068309215,1.0,0.2215568862275449,0.2215568862275449,0.8476190476190476,0.9154761904761904,0.6289156626506024,0.7457831325301204,0.6988515406162464,0.7846938775510204,0.813360100771532,0.8859447004608295,0.49194396655594724,0.6714488187837404,0.6412213157012159,0.7710609873509584,0.7816720805472293,0.8693489575863013,0.7933017785427423,0.8690763052208835,0.16102453416290133,0.1986567427994572,20260834,2,North America,267,167,V1-V10_financial_only
PONE2016_h2_target_North_America,20260731,KELM_score_fusion,cost_2,167,84,0.2524951419633131,"Same-horizon leave-one-region-out transfer; source regions=Asia,Europe; target region=North America; source-only fit/search/calibration; target labels untouched until final evaluation; V1-V10 financial ratios only.",Plain KELM plus HistGB score-level fusion; alpha=1.00 selected only on search partition.,Platt_logistic_on_separate_calibration_partition,0.7691893938296566,0.8928571428571429,0.6626506024096386,0.7281553398058253,0.8021390374331551,0.7560483870967742,0.8542141230068337,0.5712947175857308,0.6965873674313761,0.7777538726333908,0.3373493975903614,0.6167664670658682,75.0,28.0,55.0,9.0,0.8391774480133162,0.8390705679862306,0.17343774841723086,0.51810780916169,0.11744043642023747,0.5738852258882724,0.909251068309215,2.0,0.2754491017964072,0.18326693227091634,0.8238095238095238,0.9035714285714286,0.6072289156626507,0.7759036144578313,0.6859917043740573,0.7895506792058516,0.8076966473243068,0.8634796238244514,0.46888374087211354,0.6134388906178834,0.6225285966459645,0.7305263326730767,0.7864068405000066,0.8448408328447407,0.777596098680436,0.8470453241537579,0.1720881258162443,0.20433116242173446,20260834,2,North America,267,167,V1-V10_financial_only
PONE2016_h2_target_North_America,20260731,KELM_score_fusion,cost_5,167,84,0.15763735195842105,"Same-horizon leave-one-region-out transfer; source regions=Asia,Europe; target region=North America; source-only fit/search/calibration; target labels untouched until final evaluation; V1-V10 financial ratios only.",Plain KELM plus HistGB score-level fusion; alpha=1.00 selected only on search partition.,Platt_logistic_on_separate_calibration_partition,0.7545045450053531,0.9642857142857143,0.5903614457831325,0.7043478260869566,0.8140703517587939,0.7444852941176471,0.8980044345898004,0.5988870067220025,0.6985908136535192,0.7773235800344234,0.40963855421686746,0.688622754491018,81.0,34.0,49.0,3.0,0.8391774480133162,0.8390705679862306,0.17343774841723086,0.51810780916169,0.11744043642023747,0.5738852258882724,0.909251068309215,5.0,0.2934131736526946,0.09741550695825049,0.9428571428571428,0.986904761904762,0.5795180722891566,0.6506024096385542,0.6991379310344827,0.7406006493506494,0.8866869717052264,0.9245125320307495,0.5899225584130837,0.6763815210270452,0.6916090534512962,0.7569708106247692,0.8158062352140695,0.8770023206426024,0.8277682157200229,0.879302925989673,0.15324566460743386,0.1882512945491505,20260834,2,North America,267,167,V1-V10_financial_only
PONE2016_h2_target_North_America,20260731,KELM_score_fusion,cost_10,167,84,0.15763735195842105,"Same-horizon leave-one-region-out transfer; source regions=Asia,Europe; target region=North America; source-only fit/search/calibration; target labels untouched until final evaluation; V1-V10 financial ratios only.",Plain KELM plus HistGB score-level fusion; alpha=1.00 selected only on search partition.,Platt_logistic_on_separate_calibration_partition,0.7545045450053531,0.9642857142857143,0.5903614457831325,0.7043478260869566,0.8140703517587939,0.7444852941176471,0.8980044345898004,0.5988870067220025,0.6985908136535192,0.7773235800344234,0.40963855421686746,0.688622754491018,81.0,34.0,49.0,3.0,0.8391774480133162,0.8390705679862306,0.17343774841723086,0.51810780916169,0.11744043642023747,0.5738852258882724,0.909251068309215,10.0,0.38323353293413176,0.06933911159263272,0.9416666666666667,0.975,0.5180722891566265,0.6843373493975904,0.6666666666666666,0.7514547837483617,0.8771929824561403,0.9092110137053957,0.5230649296315963,0.6574494047558066,0.6366766007323562,0.7492120413861854,0.7799285033752588,0.8844423542802256,0.7825014343086633,0.8817555938037867,0.1531554985778842,0.21003714454929556,20260834,2,North America,267,167,V1-V10_financial_only
PONE2016_h2_target_North_America,20260731,KELM_score_fusion,cost_20,167,84,0.15763735195842105,"Same-horizon leave-one-region-out transfer; source regions=Asia,Europe; target region=North America; source-only fit/search/calibration; target labels untouched until final evaluation; V1-V10 financial ratios only.",Plain KELM plus HistGB score-level fusion; alpha=1.00 selected only on search partition.,Platt_logistic_on_separate_calibration_partition,0.7545045450053531,0.9642857142857143,0.5903614457831325,0.7043478260869566,0.8140703517587939,0.7444852941176471,0.8980044345898004,0.5988870067220025,0.6985908136535192,0.7773235800344234,0.40963855421686746,0.688622754491018,81.0,34.0,49.0,3.0,0.8391774480133162,0.8390705679862306,0.17343774841723086,0.51810780916169,0.11744043642023747,0.5738852258882724,0.909251068309215,20.0,0.562874251497006,0.05331820760068066,0.9547619047619047,0.986904761904762,0.5216867469879518,0.6783132530120481,0.6762246361959418,0.750549630844955,0.9014029543441309,0.9090909090909091,0.5756543404540934,0.6597731761536862,0.6666956027567196,0.7530620581228032,0.8239227192327719,0.8582110993833776,0.813970166379805,0.856899024670109,0.16180671340048206,0.18282581871615045,20260834,2,North America,267,167,V1-V10_financial_only
PONE2016_h2_target_North_America,20260731,KELM_risk_feature,triad,167,84,0.7076450865296037,"Same-horizon leave-one-region-out transfer; source regions=Asia,Europe; target region=North America; source-only fit/search/calibration; target labels untouched until final evaluation; V1-V10 financial ratios only.",OOF HistGB risk is a forced KELM input; no score-level fusion.,Platt_logistic_on_separate_calibration_partition,0.8166722282527499,0.7380952380952381,0.9036144578313253,0.8857142857142857,0.8051948051948052,0.8516483516483516,0.7635467980295566,0.6502530582025992,0.75693628776502,0.8208548479632818,0.0963855421686747,0.41916167664670656,62.0,8.0,75.0,22.0,0.8971471896704205,0.882960413080895,0.14169908143001106,0.43871130868283126,0.06506399742283339,-0.34285929596468756,1.075297736782764,,,,0.6702380952380952,0.7726190476190476,0.8373493975903614,0.9469879518072288,0.8076712328767124,0.9363975155279503,0.6938906477282452,0.8004618310241782,0.5159771417943854,0.728986939672257,0.6617680206927676,0.810581546890298,0.8496662395387333,0.9069144301052928,0.8377653471026965,0.8928427997705106,0.1375351425272173,0.16821536243445742,20260942,2,North America,267,167,V1-V10_financial_only
PONE2016_h2_target_North_America,20260731,KELM_risk_feature,cost_1,167,84,0.7026042889452843,"Same-horizon leave-one-region-out transfer; source regions=Asia,Europe; target region=North America; source-only fit/search/calibration; target labels untouched until final evaluation; V1-V10 financial ratios only.",OOF HistGB risk is a forced KELM input; no score-level fusion.,Platt_logistic_on_separate_calibration_partition,0.8166722282527499,0.7380952380952381,0.9036144578313253,0.8857142857142857,0.8051948051948052,0.8516483516483516,0.7635467980295566,0.6502530582025992,0.75693628776502,0.8208548479632818,0.0963855421686747,0.41916167664670656,62.0,8.0,75.0,22.0,0.8971471896704205,0.882960413080895,0.14169908143001106,0.43871130868283126,0.06506399742283339,-0.34285929596468756,1.075297736782764,1.0,0.17964071856287425,0.17964071856287425,0.669047619047619,0.7714285714285715,0.880722891566265,0.9253012048192771,0.8620512820512821,0.908135379440824,0.7005682311633851,0.7890744095123657,0.5759621244798732,0.6664434332717022,0.7006856346089034,0.7658805226931448,0.876574855015648,0.9081186198047078,0.8427710843373494,0.8986230636833047,0.13257033800590087,0.16426301626729942,20260942,2,North America,267,167,V1-V10_financial_only
PONE2016_h2_target_North_America,20260731,KELM_risk_feature,cost_2,167,84,0.26132941986035974,"Same-horizon leave-one-region-out transfer; source regions=Asia,Europe; target region=North America; source-only fit/search/calibration; target labels untouched until final evaluation; V1-V10 financial ratios only.",OOF HistGB risk is a forced KELM input; no score-level fusion.,Platt_logistic_on_separate_calibration_partition,0.6729125091569629,0.9166666666666666,0.4939759036144578,0.6470588235294118,0.7586206896551724,0.6875,0.8461538461538461,0.4536788771637206,0.5900496914860789,0.7053212851405622,0.5060240963855421,0.7125748502994012,77.0,42.0,41.0,7.0,0.8971471896704205,0.882960413080895,0.14169908143001106,0.43871130868283126,0.06506399742283339,-0.34285929596468756,1.075297736782764,2.0,0.33532934131736525,0.22310756972111553,0.8261904761904761,0.9273809523809524,0.40481927710843374,0.5506024096385542,0.611740252293578,0.6630846930846931,0.7795913740111856,0.8491457388380889,0.35941979568186083,0.4717746231572791,0.523212859532665,0.6076173678854738,0.8586876023961565,0.9211229381828714,0.8304360298336202,0.9075157773952955,0.12523281375089274,0.16253540259534996,20260942,2,North America,267,167,V1-V10_financial_only
PONE2016_h2_target_North_America,20260731,KELM_risk_feature,cost_5,167,84,0.10854353794500612,"Same-horizon leave-one-region-out transfer; source regions=Asia,Europe; target region=North America; source-only fit/search/calibration; target labels untouched until final evaluation; V1-V10 financial ratios only.",OOF HistGB risk is a forced KELM input; no score-level fusion.,Platt_logistic_on_separate_calibration_partition,0.3933978962347216,0.9880952380952381,0.1566265060240964,0.5424836601307189,0.70042194092827,0.5962643678160919,0.8486707566462167,0.26109751820586613,0.343153898095247,0.5723608720596672,0.8433734939759037,0.9161676646706587,83.0,70.0,13.0,1.0,0.8971471896704205,0.882960413080895,0.14169908143001106,0.43871130868283126,0.06506399742283339,-0.34285929596468756,1.075297736782764,5.0,0.4491017964071856,0.14910536779324055,0.9773809523809524,0.9988095238095238,0.13493975903614458,0.22289156626506024,0.5361838498840397,0.5630652260904362,0.842221590267526,0.8591814960179858,0.2347948007283142,0.33119742501529,0.3157649583936558,0.41770038431098633,0.8938358397969141,0.9327906579920833,0.8641279403327595,0.925889271371199,0.11769011743416065,0.14981550933859253,20260942,2,North America,267,167,V1-V10_financial_only
PONE2016_h2_target_North_America,20260731,KELM_risk_feature,cost_10,167,84,0.10854353794500612,"Same-horizon leave-one-region-out transfer; source regions=Asia,Europe; target region=North America; source-only fit/search/calibration; target labels untouched until final evaluation; V1-V10 financial ratios only.",OOF HistGB risk is a forced KELM input; no score-level fusion.,Platt_logistic_on_separate_calibration_partition,0.3933978962347216,0.9880952380952381,0.1566265060240964,0.5424836601307189,0.70042194092827,0.5962643678160919,0.8486707566462167,0.26109751820586613,0.343153898095247,0.5723608720596672,0.8433734939759037,0.9161676646706587,83.0,70.0,13.0,1.0,0.8971471896704205,0.882960413080895,0.14169908143001106,0.43871130868283126,0.06506399742283339,-0.34285929596468756,1.075297736782764,10.0,0.47904191616766467,0.0866738894907909,0.9559523809523809,1.0,0.12289156626506025,0.16626506024096385,0.5303243767663559,0.5480137509549274,0.8239135900766877,0.8581988327380878,0.17299773546844066,0.2992699896218949,0.28602812457647114,0.3673018548041002,0.8686961487801677,0.934531629981543,0.8283275960986806,0.9273522662076878,0.11742285522684354,0.16184324175107165,20260942,2,North America,267,167,V1-V10_financial_only
PONE2016_h2_target_North_America,20260731,KELM_risk_feature,cost_20,167,84,0.10854353794500612,"Same-horizon leave-one-region-out transfer; source regions=Asia,Europe; target region=North America; source-only fit/search/calibration; target labels untouched until final evaluation; V1-V10 financial ratios only.",OOF HistGB risk is a forced KELM input; no score-level fusion.,Platt_logistic_on_separate_calibration_partition,0.3933978962347216,0.9880952380952381,0.1566265060240964,0.5424836601307189,0.70042194092827,0.5962643678160919,0.8486707566462167,0.26109751820586613,0.343153898095247,0.5723608720596672,0.8433734939759037,0.9161676646706587,83.0,70.0,13.0,1.0,0.8971471896704205,0.882960413080895,0.14169908143001106,0.43871130868283126,0.06506399742283339,-0.34285929596468756,1.075297736782764,20.0,0.5389221556886228,0.05104934770277935,0.9880952380952381,1.0,0.10843373493975904,0.19156626506024096,0.5286624203821656,0.5532631578947369,0.8417849898580122,0.8599811104364838,0.20341667389421808,0.31433100913948975,0.27932936283850024,0.385071634049238,0.8899532264441251,0.919513741822145,0.8658921399885255,0.9085915088927138,0.12630501593190413,0.16388163638793077,20260942,2,North America,267,167,V1-V10_financial_only
PONE2016_h2_target_North_America,20260731,Full_PBMSBAINGO,triad,167,84,0.9012051621831941,"Same-horizon leave-one-region-out transfer; source regions=Asia,Europe; target region=North America; source-only fit/search/calibration; target labels untouched until final evaluation; V1-V10 financial ratios only.",Risk feature plus score fusion; alpha=0.70 selected only on search partition.,Platt_logistic_on_separate_calibration_partition,0.7382664099261483,0.5952380952380952,0.9156626506024096,0.8771929824561403,0.7092198581560284,0.8012820512820513,0.6361323155216285,0.5387427707132912,0.6646646137750802,0.7554503729202524,0.08433734939759036,0.3413173652694611,50.0,7.0,76.0,34.0,0.8705633792149243,0.8714859437751002,0.16244019097148749,0.5129038492495439,0.10992176309341942,-0.13067146227716478,0.5934291571952246,,,,0.5154761904761904,0.594047619047619,0.8710843373493976,0.9518072289156626,0.8193137254901961,0.9253333333333333,0.5595854922279793,0.6387917637917638,0.45295240653155544,0.5807917957183116,0.5957555525830539,0.6884917252846564,0.8344269898630855,0.924351156442799,0.8339500860585198,0.9211560527825589,0.1348100781241371,0.1865270617818711,20261038,2,North America,267,167,V1-V10_financial_only
PONE2016_h2_target_North_America,20260731,Full_PBMSBAINGO,cost_1,167,84,0.36419994068758044,"Same-horizon leave-one-region-out transfer; source regions=Asia,Europe; target region=North America; source-only fit/search/calibration; target labels untouched until final evaluation; V1-V10 financial ratios only.",Risk feature plus score fusion; alpha=0.70 selected only on search partition.,Platt_logistic_on_separate_calibration_partition,0.7718884755606764,0.7976190476190477,0.7469879518072289,0.7613636363636364,0.7790697674418605,0.768348623853211,0.7900943396226415,0.545389818573223,0.6874989617748614,0.7723034997131383,0.25301204819277107,0.5269461077844312,67.0,21.0,62.0,17.0,0.8705633792149243,0.8714859437751002,0.16244019097148749,0.5129038492495439,0.10992176309341942,-0.13067146227716478,0.5934291571952246,1.0,0.2275449101796407,0.2275449101796407,0.763095238095238,0.8404761904761905,0.6795180722891566,0.8253012048192772,0.7264852607709751,0.8158424908424908,0.7730331262939959,0.814998644619138,0.5226718541790155,0.5895488445505461,0.6702021120883513,0.7186716723076436,0.8514597588379781,0.8847485277390919,0.8582329317269076,0.886144578313253,0.15303819805578833,0.17241028951287324,20261038,2,North America,267,167,V1-V10_financial_only
PONE2016_h2_target_North_America,20260731,Full_PBMSBAINGO,cost_2,167,84,0.36419994068758044,"Same-horizon leave-one-region-out transfer; source regions=Asia,Europe; target region=North America; source-only fit/search/calibration; target labels untouched until final evaluation; V1-V10 financial ratios only.",Risk feature plus score fusion; alpha=0.70 selected only on search partition.,Platt_logistic_on_separate_calibration_partition,0.7718884755606764,0.7976190476190477,0.7469879518072289,0.7613636363636364,0.7790697674418605,0.768348623853211,0.7900943396226415,0.545389818573223,0.6874989617748614,0.7723034997131383,0.25301204819277107,0.5269461077844312,67.0,21.0,62.0,17.0,0.8705633792149243,0.8714859437751002,0.16244019097148749,0.5129038492495439,0.10992176309341942,-0.13067146227716478,0.5934291571952246,2.0,0.32934131736526945,0.21912350597609562,0.7261904761904762,0.8380952380952381,0.689156626506024,0.7686746987951808,0.7027991886409737,0.7736024844720497,0.7213827260322434,0.8238762794837561,0.41567361699810723,0.5902664990971971,0.5925109083947226,0.7182742738092467,0.7847426025031262,0.8830870011712919,0.7969879518072288,0.8829030407343661,0.15417445336579294,0.21386231387954388,20261038,2,North America,267,167,V1-V10_financial_only
PONE2016_h2_target_North_America,20260731,Full_PBMSBAINGO,cost_5,167,84,0.1872791902973891,"Same-horizon leave-one-region-out transfer; source regions=Asia,Europe; target region=North America; source-only fit/search/calibration; target labels untouched until final evaluation; V1-V10 financial ratios only.",Risk feature plus score fusion; alpha=0.70 selected only on search partition.,Platt_logistic_on_separate_calibration_partition,0.7743003430373566,0.9047619047619048,0.6626506024096386,0.7307692307692307,0.8085106382978723,0.76,0.8636363636363636,0.5853163414184984,0.7053475858073799,0.7837062535857717,0.3373493975903614,0.6227544910179641,76.0,28.0,55.0,8.0,0.8705633792149243,0.8714859437751002,0.16244019097148749,0.5129038492495439,0.10992176309341942,-0.13067146227716478,0.5934291571952246,5.0,0.40718562874251496,0.13518886679920478,0.8928571428571429,0.9404761904761905,0.5867469879518072,0.7891566265060241,0.687221269296741,0.8179445876288659,0.8433315382305119,0.9128938876233865,0.5085545024012766,0.7366080476257377,0.6441602963504722,0.8167532106633165,0.8660107764448839,0.9278779121231308,0.8549053356282271,0.9202811244979919,0.12028340784063934,0.18734197217946524,20261038,2,North America,267,167,V1-V10_financial_only
PONE2016_h2_target_North_America,20260731,Full_PBMSBAINGO,cost_10,167,84,0.1872791902973891,"Same-horizon leave-one-region-out transfer; source regions=Asia,Europe; target region=North America; source-only fit/search/calibration; target labels untouched until final evaluation; V1-V10 financial ratios only.",Risk feature plus score fusion; alpha=0.70 selected only on search partition.,Platt_logistic_on_separate_calibration_partition,0.7743003430373566,0.9047619047619048,0.6626506024096386,0.7307692307692307,0.8085106382978723,0.76,0.8636363636363636,0.5853163414184984,0.7053475858073799,0.7837062535857717,0.3373493975903614,0.6227544910179641,76.0,28.0,55.0,8.0,0.8705633792149243,0.8714859437751002,0.16244019097148749,0.5129038492495439,0.10992176309341942,-0.13067146227716478,0.5934291571952246,10.0,0.6467065868263473,0.11700975081256772,0.8357142857142857,0.9166666666666666,0.6144578313253012,0.7325301204819278,0.6932692307692307,0.7622255703831253,0.8177994902293968,0.8794230324222868,0.4889522026000282,0.6346991420905095,0.6369179123777254,0.7434806837793922,0.8442169877185244,0.8859106383392192,0.844348823866896,0.8854274239816408,0.15595404196323995,0.1807206830045974,20261038,2,North America,267,167,V1-V10_financial_only
PONE2016_h2_target_North_America,20260731,Full_PBMSBAINGO,cost_20,167,84,0.1872791902973891,"Same-horizon leave-one-region-out transfer; source regions=Asia,Europe; target region=North America; source-only fit/search/calibration; target labels untouched until final evaluation; V1-V10 financial ratios only.",Risk feature plus score fusion; alpha=0.70 selected only on search partition.,Platt_logistic_on_separate_calibration_partition,0.7743003430373566,0.9047619047619048,0.6626506024096386,0.7307692307692307,0.8085106382978723,0.76,0.8636363636363636,0.5853163414184984,0.7053475858073799,0.7837062535857717,0.3373493975903614,0.6227544910179641,76.0,28.0,55.0,8.0,0.8705633792149243,0.8714859437751002,0.16244019097148749,0.5129038492495439,0.10992176309341942,-0.13067146227716478,0.5934291571952246,20.0,1.125748502994012,0.10663641520136131,0.8940476190476191,0.9523809523809523,0.6397590361445783,0.7156626506024096,0.7217657342657342,0.7643035863219348,0.8544017763845351,0.8986748626996524,0.5649027820431547,0.6381915649468969,0.6906373333436671,0.7460102887642617,0.8604116711095353,0.9013368466754428,0.8585341365461847,0.893043602983362,0.1412178942423191,0.18649176095175854,20261038,2,North America,267,167,V1-V10_financial_only
PONE2016_h2_target_North_America,20260731,Uncertainty_gated_fusion,triad,167,84,0.7076450865296037,"Same-horizon leave-one-region-out transfer; source regions=Asia,Europe; target region=North America; source-only fit/search/calibration; target labels untouched until final evaluation; V1-V10 financial ratios only.","One-standard-error paired-bootstrap gate selected KELM_risk_feature; search utility difference=0.0755, required margin=0.0991.",Platt_logistic_on_separate_calibration_partition,0.8166722282527499,0.7380952380952381,0.9036144578313253,0.8857142857142857,0.8051948051948052,0.8516483516483516,0.7635467980295566,0.6502530582025992,0.75693628776502,0.8208548479632818,0.0963855421686747,0.41916167664670656,62.0,8.0,75.0,22.0,0.8971471896704205,0.882960413080895,0.14169908143001106,0.43871130868283126,0.06506399742283339,-0.34285929596468756,1.075297736782764,,,,0.6916666666666667,0.7821428571428571,0.8024096385542169,0.9385542168674699,0.7827421815408085,0.9279240661359461,0.7160224139997603,0.8075075075075075,0.5062691891259204,0.7291709680445206,0.6578550232024684,0.8119258788538777,0.8506471323549915,0.9319982729904197,0.8180722891566266,0.9198938611589214,0.1186244048487598,0.17771072212972533,20261084,2,North America,267,167,V1-V10_financial_only
PONE2016_h2_target_North_America,20260731,Uncertainty_gated_fusion,cost_1,167,84,0.7026042889452843,"Same-horizon leave-one-region-out transfer; source regions=Asia,Europe; target region=North America; source-only fit/search/calibration; target labels untouched until final evaluation; V1-V10 financial ratios only.","One-standard-error paired-bootstrap gate selected KELM_risk_feature; search utility difference=0.0755, required margin=0.0991.",Platt_logistic_on_separate_calibration_partition,0.8166722282527499,0.7380952380952381,0.9036144578313253,0.8857142857142857,0.8051948051948052,0.8516483516483516,0.7635467980295566,0.6502530582025992,0.75693628776502,0.8208548479632818,0.0963855421686747,0.41916167664670656,62.0,8.0,75.0,22.0,0.8971471896704205,0.882960413080895,0.14169908143001106,0.43871130868283126,0.06506399742283339,-0.34285929596468756,1.075297736782764,1.0,0.17964071856287425,0.17964071856287425,0.7273809523809524,0.7726190476190476,0.8590361445783132,0.9614457831325302,0.847411492616972,0.9509988518943743,0.7580645161290323,0.7864720543225371,0.6338903698747808,0.7169925474871451,0.7492885231832686,0.7983230269727596,0.8823643579799672,0.9295426858903273,0.8597676419965576,0.9201950659781986,0.11741862501848396,0.1633683356264254,20261084,2,North America,267,167,V1-V10_financial_only
PONE2016_h2_target_North_America,20260731,Uncertainty_gated_fusion,cost_2,167,84,0.26132941986035974,"Same-horizon leave-one-region-out transfer; source regions=Asia,Europe; target region=North America; source-only fit/search/calibration; target labels untouched until final evaluation; V1-V10 financial ratios only.","One-standard-error paired-bootstrap gate selected KELM_risk_feature; search utility difference=0.0755, required margin=0.0991.",Platt_logistic_on_separate_calibration_partition,0.6729125091569629,0.9166666666666666,0.4939759036144578,0.6470588235294118,0.7586206896551724,0.6875,0.8461538461538461,0.4536788771637206,0.5900496914860789,0.7053212851405622,0.5060240963855421,0.7125748502994012,77.0,42.0,41.0,7.0,0.8971471896704205,0.882960413080895,0.14169908143001106,0.43871130868283126,0.06506399742283339,-0.34285929596468756,1.075297736782764,2.0,0.33532934131736525,0.22310756972111553,0.8738095238095238,0.9607142857142857,0.44096385542168676,0.5626506024096386,0.6127542372881356,0.6824561403508772,0.8051964989566427,0.8825181950509462,0.34939441429706497,0.5314016080574072,0.5121954974162743,0.6521542527845255,0.8795555429585002,0.9319707895569714,0.8485513482501434,0.9129804934021801,0.12185418214614939,0.15814976088803145,20261084,2,North America,267,167,V1-V10_financial_only
PONE2016_h2_target_North_America,20260731,Uncertainty_gated_fusion,cost_5,167,84,0.10854353794500612,"Same-horizon leave-one-region-out transfer; source regions=Asia,Europe; target region=North America; source-only fit/search/calibration; target labels untouched until final evaluation; V1-V10 financial ratios only.","One-standard-error paired-bootstrap gate selected KELM_risk_feature; search utility difference=0.0755, required margin=0.0991.",Platt_logistic_on_separate_calibration_partition,0.3933978962347216,0.9880952380952381,0.1566265060240964,0.5424836601307189,0.70042194092827,0.5962643678160919,0.8486707566462167,0.26109751820586613,0.343153898095247,0.5723608720596672,0.8433734939759037,0.9161676646706587,83.0,70.0,13.0,1.0,0.8971471896704205,0.882960413080895,0.14169908143001106,0.43871130868283126,0.06506399742283339,-0.34285929596468756,1.075297736782764,5.0,0.4491017964071856,0.14910536779324055,0.9761904761904762,1.0,0.12650602409638553,0.18072289156626506,0.5307956989247312,0.5526315789473685,0.8358896348260458,0.860655737704918,0.19439442568463286,0.3160271774993396,0.28800521730290235,0.3851050375826273,0.8855759679423074,0.9266478442691864,0.864916810097533,0.9157056798623064,0.12305355085123594,0.14926607836974537,20261084,2,North America,267,167,V1-V10_financial_only
PONE2016_h2_target_North_America,20260731,Uncertainty_gated_fusion,cost_10,167,84,0.10854353794500612,"Same-horizon leave-one-region-out transfer; source regions=Asia,Europe; target region=North America; source-only fit/search/calibration; target labels untouched until final evaluation; V1-V10 financial ratios only.","One-standard-error paired-bootstrap gate selected KELM_risk_feature; search utility difference=0.0755, required margin=0.0991.",Platt_logistic_on_separate_calibration_partition,0.3933978962347216,0.9880952380952381,0.1566265060240964,0.5424836601307189,0.70042194092827,0.5962643678160919,0.8486707566462167,0.26109751820586613,0.343153898095247,0.5723608720596672,0.8433734939759037,0.9161676646706587,83.0,70.0,13.0,1.0,0.8971471896704205,0.882960413080895,0.14169908143001106,0.43871130868283126,0.06506399742283339,-0.34285929596468756,1.075297736782764,10.0,0.47904191616766467,0.0866738894907909,0.9880952380952381,1.0,0.08554216867469878,0.16626506024096385,0.5253301886792453,0.5453434723171565,0.8453698837132908,0.8502173373075013,0.2119447452052719,0.27148581283348183,0.26266750099271435,0.3545741540970643,0.8715319104978558,0.9413550814325693,0.8580321285140562,0.9273379231210558,0.11252493500537317,0.15339900585658472,20261084,2,North America,267,167,V1-V10_financial_only
PONE2016_h2_target_North_America,20260731,Uncertainty_gated_fusion,cost_20,167,84,0.10854353794500612,"Same-horizon leave-one-region-out transfer; source regions=Asia,Europe; target region=North America; source-only fit/search/calibration; target labels untouched until final evaluation; V1-V10 financial ratios only.","One-standard-error paired-bootstrap gate selected KELM_risk_feature; search utility difference=0.0755, required margin=0.0991.",Platt_logistic_on_separate_calibration_partition,0.3933978962347216,0.9880952380952381,0.1566265060240964,0.5424836601307189,0.70042194092827,0.5962643678160919,0.8486707566462167,0.26109751820586613,0.343153898095247,0.5723608720596672,0.8433734939759037,0.9161676646706587,83.0,70.0,13.0,1.0,0.8971471896704205,0.882960413080895,0.14169908143001106,0.43871130868283126,0.06506399742283339,-0.34285929596468756,1.075297736782764,20.0,0.5389221556886228,0.05104934770277935,0.9880952380952381,1.0,0.11084337349397591,0.17951807228915662,0.5293445654407233,0.5519736842105264,0.8421278758009278,0.8603044496487119,0.2064289827685953,0.3136533221373788,0.2826686008417759,0.382367838181412,0.8644061676636162,0.9219437891707154,0.8473321858864028,0.9067555938037866,0.12938109775863774,0.16956436443139805,20261084,2,North America,267,167,V1-V10_financial_only
PONE2016_h2_target_North_America,20260731,Full_random_search,triad,167,84,0.8535473179101324,"Same-horizon leave-one-region-out transfer; source regions=Asia,Europe; target region=North America; source-only fit/search/calibration; target labels untouched until final evaluation; V1-V10 financial ratios only.",Same full architecture and 81 evaluations as PBMSBAINGO; alpha=0.70.,Platt_logistic_on_separate_calibration_partition,0.5181723475404624,0.2857142857142857,0.9397590361445783,0.8275862068965517,0.4247787610619469,0.6,0.3287671232876712,0.2976016332691595,0.43071955756356195,0.612736660929432,0.060240963855421686,0.17365269461077845,24.0,5.0,78.0,60.0,0.8203179809426902,0.8346242111302352,0.16425007426660848,0.5002915203963012,0.043458691665307136,0.014661465616230378,0.844787205037488,,,,0.1880952380952381,0.34285714285714286,0.9156626506024096,0.9397590361445783,0.7516666666666667,0.8494652406417113,0.2210275066003561,0.3892880685563612,0.18867771336543657,0.34977368792059665,0.32099148126177474,0.48277964348603913,0.776533182610047,0.8471233179922731,0.7913654618473895,0.8645152036718302,0.14506832426624028,0.17932734800663397,20261132,2,North America,267,167,V1-V10_financial_only
PONE2016_h2_target_North_America,20260731,Full_random_search,cost_1,167,84,0.34231519930902693,"Same-horizon leave-one-region-out transfer; source regions=Asia,Europe; target region=North America; source-only fit/search/calibration; target labels untouched until final evaluation; V1-V10 financial ratios only.",Same full architecture and 81 evaluations as PBMSBAINGO; alpha=0.70.,Platt_logistic_on_separate_calibration_partition,0.7528869660887042,0.9047619047619048,0.6265060240963856,0.7102803738317757,0.7958115183246073,0.7421875,0.8577878103837472,0.5536365768864334,0.6795604742282182,0.7656339644291452,0.37349397590361444,0.6407185628742516,76.0,31.0,52.0,8.0,0.8203179809426902,0.8346242111302352,0.16425007426660848,0.5002915203963012,0.043458691665307136,0.014661465616230378,0.844787205037488,1.0,0.23353293413173654,0.23353293413173654,0.9047619047619048,0.9619047619047619,0.5686746987951807,0.6939759036144578,0.6823652453740949,0.7503758709204253,0.8525622459476465,0.8989639639639639,0.5168016025913984,0.6181785481526184,0.6455576394070636,0.7300203853856829,0.815602858095454,0.8705658400618036,0.8392426850258176,0.8855565117613311,0.1345108174263456,0.16004306069651808,20261132,2,North America,267,167,V1-V10_financial_only
PONE2016_h2_target_North_America,20260731,Full_random_search,cost_2,167,84,0.34231519930902693,"Same-horizon leave-one-region-out transfer; source regions=Asia,Europe; target region=North America; source-only fit/search/calibration; target labels untouched until final evaluation; V1-V10 financial ratios only.",Same full architecture and 81 evaluations as PBMSBAINGO; alpha=0.70.,Platt_logistic_on_separate_calibration_partition,0.7528869660887042,0.9047619047619048,0.6265060240963856,0.7102803738317757,0.7958115183246073,0.7421875,0.8577878103837472,0.5536365768864334,0.6795604742282182,0.7656339644291452,0.37349397590361444,0.6407185628742516,76.0,31.0,52.0,8.0,0.8203179809426902,0.8346242111302352,0.16425007426660848,0.5002915203963012,0.043458691665307136,0.014661465616230378,0.844787205037488,2.0,0.281437125748503,0.18725099601593626,0.8476190476190476,0.9285714285714286,0.5795180722891566,0.6373493975903614,0.6724730458221024,0.7149104836554735,0.8059941867056969,0.8758176163723916,0.4480333847971158,0.5798309397488313,0.6053207566473001,0.6947511392001958,0.7802224183668873,0.844242018670117,0.7914084911072863,0.8595811818703385,0.14901845715722034,0.19149743798391825,20261132,2,North America,267,167,V1-V10_financial_only
PONE2016_h2_target_North_America,20260731,Full_random_search,cost_5,167,84,0.15678260361260457,"Same-horizon leave-one-region-out transfer; source regions=Asia,Europe; target region=North America; source-only fit/search/calibration; target labels untouched until final evaluation; V1-V10 financial ratios only.",Same full architecture and 81 evaluations as PBMSBAINGO; alpha=0.70.,Platt_logistic_on_separate_calibration_partition,0.6467181814331598,0.9642857142857143,0.43373493975903615,0.6328125,0.7641509433962265,0.6795302013422819,0.8728448275862069,0.4703780094239482,0.5816017666346031,0.6990103270223752,0.5662650602409639,0.7664670658682635,81.0,47.0,36.0,3.0,0.8203179809426902,0.8346242111302352,0.16425007426660848,0.5002915203963012,0.043458691665307136,0.014661465616230378,0.844787205037488,5.0,0.3712574850299401,0.12326043737574553,0.930952380952381,0.975,0.3566265060240964,0.4807228915662651,0.5992181947405828,0.6501658536585365,0.8448466427189831,0.8796979881392383,0.38172616401291,0.4995889248705932,0.5055192264632095,0.6097057202586639,0.7773182254993927,0.8777994629425554,0.7764056224899599,0.8751004016064257,0.14161714136195708,0.19964268397764176,20261132,2,North America,267,167,V1-V10_financial_only
PONE2016_h2_target_North_America,20260731,Full_random_search,cost_10,167,84,0.15678260361260457,"Same-horizon leave-one-region-out transfer; source regions=Asia,Europe; target region=North America; source-only fit/search/calibration; target labels untouched until final evaluation; V1-V10 financial ratios only.",Same full architecture and 81 evaluations as PBMSBAINGO; alpha=0.70.,Platt_logistic_on_separate_calibration_partition,0.6467181814331598,0.9642857142857143,0.43373493975903615,0.6328125,0.7641509433962265,0.6795302013422819,0.8728448275862069,0.4703780094239482,0.5816017666346031,0.6990103270223752,0.5662650602409639,0.7664670658682635,81.0,47.0,36.0,3.0,0.8203179809426902,0.8346242111302352,0.16425007426660848,0.5002915203963012,0.043458691665307136,0.014661465616230378,0.844787205037488,10.0,0.46107784431137727,0.08342361863488625,0.9535714285714285,0.9880952380952381,0.3855421686746988,0.463855421686747,0.6115586191181497,0.650496668685645,0.8577878155701171,0.8949933367032764,0.41480585821639554,0.5297865907674882,0.5353491631386652,0.6226120333713733,0.7910612144348753,0.8459974829415403,0.796285140562249,0.8572289156626505,0.148681471223307,0.18754226506856722,20261132,2,North America,267,167,V1-V10_financial_only
PONE2016_h2_target_North_America,20260731,Full_random_search,cost_20,167,84,0.15678260361260457,"Same-horizon leave-one-region-out transfer; source regions=Asia,Europe; target region=North America; source-only fit/search/calibration; target labels untouched until final evaluation; V1-V10 financial ratios only.",Same full architecture and 81 evaluations as PBMSBAINGO; alpha=0.70.,Platt_logistic_on_separate_calibration_partition,0.6467181814331598,0.9642857142857143,0.43373493975903615,0.6328125,0.7641509433962265,0.6795302013422819,0.8728448275862069,0.4703780094239482,0.5816017666346031,0.6990103270223752,0.5662650602409639,0.7664670658682635,81.0,47.0,36.0,3.0,0.8203179809426902,0.8346242111302352,0.16425007426660848,0.5002915203963012,0.043458691665307136,0.014661465616230378,0.844787205037488,20.0,0.6407185628742516,0.060692002268859895,0.930952380952381,0.9857142857142858,0.42168674698795183,0.4795180722891566,0.6196428571428572,0.6496515679442508,0.8459471562919838,0.8891644835850845,0.41041881120619467,0.5063682574594529,0.5441148703505897,0.6085637519195902,0.7899187018608806,0.8531032873686629,0.8058376362593229,0.8635972461273667,0.14766354955385233,0.17880941689787824,20261132,2,North America,267,167,V1-V10_financial_only
PONE2016_h2_target_North_America,20260731,Balanced_logistic,triad,167,84,0.5526900982000511,"Same-horizon leave-one-region-out transfer; source regions=Asia,Europe; target region=North America; source-only fit/search/calibration; target labels untouched until final evaluation; V1-V10 financial ratios only.",Class-weighted logistic reference using the same source-only fit/search/calibration and untouched regional target.,Platt_logistic_on_separate_calibration_partition,0.7162766287094263,0.5833333333333334,0.8795180722891566,0.8305084745762712,0.6853146853146853,0.765625,0.620253164556962,0.4841527384287163,0.6286100471391216,0.731425702811245,0.12048192771084337,0.3532934131736527,49.0,10.0,73.0,35.0,0.8534941456966716,0.8073723465289729,0.17868133891589966,0.5959567668017041,0.09898043245424734,0.13840026463894178,0.5605383650644322,,,,0.49166666666666664,0.6416666666666667,0.8795180722891566,0.9385542168674699,0.807904411764706,0.9104137931034483,0.5337390046993614,0.674758883248731,0.4084607736247917,0.5931215272175674,0.5619594797863919,0.7047052160827029,0.8183909636598989,0.8912405720010963,0.765160642570281,0.8549770510613884,0.15115655551794932,0.2017977170324988,20262032,2,North America,267,167,V1-V10_financial_only
PONE2016_h2_target_North_America,20260731,Balanced_logistic,cost_1,167,84,0.548031587102932,"Same-horizon leave-one-region-out transfer; source regions=Asia,Europe; target region=North America; source-only fit/search/calibration; target labels untouched until final evaluation; V1-V10 financial ratios only.",Class-weighted logistic reference using the same source-only fit/search/calibration and untouched regional target.,Platt_logistic_on_separate_calibration_partition,0.7185757571479554,0.5952380952380952,0.8674698795180723,0.819672131147541,0.6896551724137931,0.7621951219512195,0.6297229219143576,0.4804717122573639,0.6283539005554196,0.7313539873780838,0.13253012048192772,0.3652694610778443,50.0,11.0,72.0,34.0,0.8534941456966716,0.8073723465289729,0.17868133891589966,0.5959567668017041,0.09898043245424734,0.13840026463894178,0.5605383650644322,1.0,0.2694610778443114,0.2694610778443114,0.49404761904761907,0.7071428571428572,0.7879518072289157,0.9204819277108434,0.7033898305084746,0.89125,0.5253164556962026,0.7267184035476718,0.2962378624194299,0.5900489076876856,0.48656461787092303,0.7058575955331573,0.7672186770342163,0.8950432834649946,0.6966293746414229,0.8597963281698221,0.15319574263808053,0.2375187678007632,20262032,2,North America,267,167,V1-V10_financial_only
PONE2016_h2_target_North_America,20260731,Balanced_logistic,cost_2,167,84,0.5280682451838186,"Same-horizon leave-one-region-out transfer; source regions=Asia,Europe; target region=North America; source-only fit/search/calibration; target labels untouched until final evaluation; V1-V10 financial ratios only.",Class-weighted logistic reference using the same source-only fit/search/calibration and untouched regional target.,Platt_logistic_on_separate_calibration_partition,0.7225568167373793,0.6190476190476191,0.8433734939759037,0.8,0.697986577181208,0.7558139534883721,0.6483790523690773,0.47419784906565876,0.6279154874059706,0.7312105565117614,0.1566265060240964,0.38922155688622756,52.0,13.0,70.0,32.0,0.8534941456966716,0.8073723465289729,0.17868133891589966,0.5959567668017041,0.09898043245424734,0.13840026463894178,0.5605383650644322,2.0,0.46107784431137727,0.30677290836653387,0.5726190476190476,0.6654761904761904,0.753012048192771,0.8530120481927711,0.7038647342995169,0.8173773987206824,0.5947368421052631,0.6858852722230331,0.3337650238666848,0.5164278894443417,0.5242959608821883,0.660375825808243,0.8136370547580904,0.8705799904851537,0.7545897877223179,0.8279977051061388,0.1684385499898256,0.20309929484837413,20262032,2,North America,267,167,V1-V10_financial_only
PONE2016_h2_target_North_America,20260731,Balanced_logistic,cost_5,167,84,0.5280682451838186,"Same-horizon leave-one-region-out transfer; source regions=Asia,Europe; target region=North America; source-only fit/search/calibration; target labels untouched until final evaluation; V1-V10 financial ratios only.",Class-weighted logistic reference using the same source-only fit/search/calibration and untouched regional target.,Platt_logistic_on_separate_calibration_partition,0.7225568167373793,0.6190476190476191,0.8433734939759037,0.8,0.697986577181208,0.7558139534883721,0.6483790523690773,0.47419784906565876,0.6279154874059706,0.7312105565117614,0.1566265060240964,0.38922155688622756,52.0,13.0,70.0,32.0,0.8534941456966716,0.8073723465289729,0.17868133891589966,0.5959567668017041,0.09898043245424734,0.13840026463894178,0.5605383650644322,5.0,1.035928143712575,0.34393638170974156,0.5285714285714286,0.7011904761904761,0.753012048192771,0.9024096385542169,0.7394261603375527,0.8473272490221643,0.5710687720214015,0.7158649195321432,0.44019340083630515,0.5119564273255086,0.6029387172217955,0.6606746332958625,0.8412421082921003,0.8808930276933311,0.7838783706253585,0.8588209982788294,0.1548128804691343,0.18724723204274962,20262032,2,North America,267,167,V1-V10_financial_only
PONE2016_h2_target_North_America,20260731,Balanced_logistic,cost_10,167,84,0.12835317694666543,"Same-horizon leave-one-region-out transfer; source regions=Asia,Europe; target region=North America; source-only fit/search/calibration; target labels untouched until final evaluation; V1-V10 financial ratios only.",Class-weighted logistic reference using the same source-only fit/search/calibration and untouched regional target.,Platt_logistic_on_separate_calibration_partition,0.4897105354095492,0.9047619047619048,0.26506024096385544,0.5547445255474452,0.6877828054298643,0.6012658227848101,0.8033826638477801,0.2211831822974264,0.37573097455962756,0.5849110728628801,0.7349397590361446,0.8203592814371258,76.0,61.0,22.0,8.0,0.8534941456966716,0.8073723465289729,0.17868133891589966,0.5959567668017041,0.09898043245424734,0.13840026463894178,0.5605383650644322,10.0,0.844311377245509,0.15276273022751896,0.8619047619047618,0.9166666666666666,0.19759036144578315,0.35542168674698793,0.53625,0.5751164179104478,0.7830282899493854,0.8087922403003754,0.1643114605446566,0.25795020133900953,0.30964243404080016,0.42591343214220256,0.8472054767173081,0.8739191416004981,0.7933591508892713,0.8288152610441767,0.164851016501149,0.18553996104392914,20262032,2,North America,267,167,V1-V10_financial_only
PONE2016_h2_target_North_America,20260731,Balanced_logistic,cost_20,167,84,0.12835317694666543,"Same-horizon leave-one-region-out transfer; source regions=Asia,Europe; target region=North America; source-only fit/search/calibration; target labels untouched until final evaluation; V1-V10 financial ratios only.",Class-weighted logistic reference using the same source-only fit/search/calibration and untouched regional target.,Platt_logistic_on_separate_calibration_partition,0.4897105354095492,0.9047619047619048,0.26506024096385544,0.5547445255474452,0.6877828054298643,0.6012658227848101,0.8033826638477801,0.2211831822974264,0.37573097455962756,0.5849110728628801,0.7349397590361446,0.8203592814371258,76.0,61.0,22.0,8.0,0.8534941456966716,0.8073723465289729,0.17868133891589966,0.5959567668017041,0.09898043245424734,0.13840026463894178,0.5605383650644322,20.0,1.3233532934131738,0.12535450935904707,0.8583333333333333,0.9357142857142857,0.172289156626506,0.2867469879518072,0.5127659574468084,0.5528743315508021,0.7572367360103209,0.8200741525423728,0.045513653529027226,0.2257666410939028,0.18449360622839087,0.36533040831982916,0.7971284432235188,0.8716214650462648,0.7274956970740103,0.8367183017785427,0.16454099780486342,0.21791362224041205,20262032,2,North America,267,167,V1-V10_financial_only
PONE2016_h3_target_Asia,20260731,HistGB,triad,92,46,0.706293898492192,"Same-horizon leave-one-region-out transfer; source regions=Europe,North America; target region=Asia; source-only fit/search/calibration; target labels untouched until final evaluation; V1-V10 financial ratios only.",No metaheuristic; threshold and Platt calibration use calibration partition.,Platt_logistic_on_separate_calibration_partition,0.6874516652539955,0.5434782608695652,0.8695652173913043,0.8064516129032258,0.6493506493506493,0.7352941176470589,0.5813953488372093,0.43692594732736023,0.5910588498969954,0.7065217391304348,0.13043478260869565,0.33695652173913043,25.0,6.0,40.0,21.0,0.8355040774194233,0.833648393194707,0.17638899877835587,0.5364223499824375,0.10922445446777926,-0.24563289080124787,1.5675160386211098,,,,0.44130434782608696,0.6065217391304348,0.7847826086956522,0.9260869565217391,0.6903866248693835,0.89,0.47553060297267474,0.6384265779029573,0.26107646868484374,0.5478542420191445,0.4519951498436932,0.6684089882530896,0.7696882405883465,0.8570133917353773,0.7642722117202269,0.8574669187145557,0.16890472343513535,0.20056414916557963,20260731,3,Asia,324,92,V1-V10_financial_only
PONE2016_h3_target_Asia,20260731,HistGB,cost_1,92,46,0.2940099216897724,"Same-horizon leave-one-region-out transfer; source regions=Europe,North America; target region=Asia; source-only fit/search/calibration; target labels untouched until final evaluation; V1-V10 financial ratios only.",No metaheuristic; threshold and Platt calibration use calibration partition.,Platt_logistic_on_separate_calibration_partition,0.5051717408096631,0.9782608695652174,0.2608695652173913,0.569620253164557,0.72,0.6215469613259669,0.8555133079847909,0.34324756367786313,0.44411473910443255,0.6195652173913043,0.7391304347826086,0.8586956521739131,45.0,34.0,12.0,1.0,0.8355040774194233,0.833648393194707,0.17638899877835587,0.5364223499824375,0.10922445446777926,-0.24563289080124787,1.5675160386211098,1.0,0.3804347826086957,0.3804347826086957,0.9782608695652174,1.0,0.2391304347826087,0.3673913043478261,0.5679012345679012,0.612,0.8567544300165004,0.8861003861003861,0.34577419386958125,0.47049410823341126,0.44420356076129985,0.5566034975424988,0.826907529901802,0.9480168807509276,0.818289224952741,0.94617202268431,0.12845899490584645,0.18663165597182205,20260731,3,Asia,324,92,V1-V10_financial_only
PONE2016_h3_target_Asia,20260731,HistGB,cost_2,92,46,0.2940099216897724,"Same-horizon leave-one-region-out transfer; source regions=Europe,North America; target region=Asia; source-only fit/search/calibration; target labels untouched until final evaluation; V1-V10 financial ratios only.",No metaheuristic; threshold and Platt calibration use calibration partition.,Platt_logistic_on_separate_calibration_partition,0.5051717408096631,0.9782608695652174,0.2608695652173913,0.569620253164557,0.72,0.6215469613259669,0.8555133079847909,0.34324756367786313,0.44411473910443255,0.6195652173913043,0.7391304347826086,0.8586956521739131,45.0,34.0,12.0,1.0,0.8355040774194233,0.833648393194707,0.17638899877835587,0.5364223499824375,0.10922445446777926,-0.24563289080124787,1.5675160386211098,2.0,0.391304347826087,0.2608695652173913,0.9782608695652174,1.0,0.1956521739130435,0.3021739130434783,0.5487804878048781,0.5842018740752918,0.8458646616541353,0.8738646961761963,0.2793721183078313,0.40334243306923595,0.3767391962340076,0.4856824732323603,0.7917746968750721,0.866472089913376,0.7806238185255199,0.8656427221172022,0.16733288685903935,0.19840751834691858,20260731,3,Asia,324,92,V1-V10_financial_only
PONE2016_h3_target_Asia,20260731,HistGB,cost_5,92,46,0.2940099216897724,"Same-horizon leave-one-region-out transfer; source regions=Europe,North America; target region=Asia; source-only fit/search/calibration; target labels untouched until final evaluation; V1-V10 financial ratios only.",No metaheuristic; threshold and Platt calibration use calibration partition.,Platt_logistic_on_separate_calibration_partition,0.5051717408096631,0.9782608695652174,0.2608695652173913,0.569620253164557,0.72,0.6215469613259669,0.8555133079847909,0.34324756367786313,0.44411473910443255,0.6195652173913043,0.7391304347826086,0.8586956521739131,45.0,34.0,12.0,1.0,0.8355040774194233,0.833648393194707,0.17638899877835587,0.5364223499824375,0.10922445446777926,-0.24563289080124787,1.5675160386211098,5.0,0.42391304347826086,0.14130434782608695,0.9782608695652174,1.0,0.20652173913043478,0.4260869565217391,0.5528767979987492,0.6304225352112677,0.8481507823613087,0.8819039066008082,0.2934433089978885,0.4852165795401545,0.3895851562065421,0.5866324703794913,0.7641587769028614,0.8970510849178941,0.7922495274102079,0.8983931947069943,0.15354163893532663,0.18774501120271847,20260731,3,Asia,324,92,V1-V10_financial_only
PONE2016_h3_target_Asia,20260731,HistGB,cost_10,92,46,0.0,"Same-horizon leave-one-region-out transfer; source regions=Europe,North America; target region=Asia; source-only fit/search/calibration; target labels untouched until final evaluation; V1-V10 financial ratios only.",No metaheuristic; threshold and Platt calibration use calibration partition.,Platt_logistic_on_separate_calibration_partition,0.0,1.0,0.0,0.5,0.6666666666666666,0.5555555555555556,0.8333333333333334,0.0,0.0,0.5,1.0,1.0,46.0,46.0,0.0,0.0,0.8355040774194233,0.833648393194707,0.17638899877835587,0.5364223499824375,0.10922445446777926,-0.24563289080124787,1.5675160386211098,10.0,0.5,0.09090909090909091,1.0,1.0,0.0,0.0,0.5,0.5,0.8333333333333334,0.8333333333333334,0.0,0.0,0.0,0.0,0.7942851625433893,0.8714480777114167,0.7700378071833648,0.874149338374291,0.1610082502170916,0.19829400797284075,20260731,3,Asia,324,92,V1-V10_financial_only
PONE2016_h3_target_Asia,20260731,HistGB,cost_20,92,46,0.0,"Same-horizon leave-one-region-out transfer; source regions=Europe,North America; target region=Asia; source-only fit/search/calibration; target labels untouched until final evaluation; V1-V10 financial ratios only.",No metaheuristic; threshold and Platt calibration use calibration partition.,Platt_logistic_on_separate_calibration_partition,0.0,1.0,0.0,0.5,0.6666666666666666,0.5555555555555556,0.8333333333333334,0.0,0.0,0.5,1.0,1.0,46.0,46.0,0.0,0.0,0.8355040774194233,0.833648393194707,0.17638899877835587,0.5364223499824375,0.10922445446777926,-0.24563289080124787,1.5675160386211098,20.0,0.5,0.047619047619047616,1.0,1.0,0.0,0.0,0.5,0.5,0.8333333333333334,0.8333333333333334,0.0,0.0,0.0,0.0,0.7773582879834493,0.8876728683948163,0.7686672967863895,0.8747164461247637,0.16600453151186823,0.20603136824399648,20260731,3,Asia,324,92,V1-V10_financial_only
PONE2016_h3_target_Asia,20260731,KELM_PBMSBAINGO,triad,92,46,0.6755009022237788,"Same-horizon leave-one-region-out transfer; source regions=Europe,North America; target region=Asia; source-only fit/search/calibration; target labels untouched until final evaluation; V1-V10 financial ratios only.",Plain KELM; hyperparameters/features selected only on search partition.,Platt_logistic_on_separate_calibration_partition,0.7807949998290422,0.6521739130434783,0.9347826086956522,0.9090909090909091,0.759493670886076,0.8426966292134831,0.6912442396313364,0.6119004722841044,0.719865916953303,0.7934782608695652,0.06521739130434782,0.358695652173913,30.0,3.0,43.0,16.0,0.913093206838092,0.9045368620037807,0.1416863048250336,0.43910690561673144,0.11499451820420309,-0.5463090378757223,2.1199381273482705,,,,0.5695652173913043,0.75,0.9130434782608695,0.9565217391304348,0.8772435897435897,0.9366071428571429,0.616701607267645,0.7757224713502741,0.5496449727060336,0.6775696539916135,0.6728488938287116,0.7751702787824387,0.8804147383101355,0.9347704166822622,0.8568525519848771,0.9255198487712665,0.13027818593120472,0.164265991307283,20260832,3,Asia,324,92,V1-V10_financial_only
PONE2016_h3_target_Asia,20260731,KELM_PBMSBAINGO,cost_1,92,46,0.5977269684712512,"Same-horizon leave-one-region-out transfer; source regions=Europe,North America; target region=Asia; source-only fit/search/calibration; target labels untouched until final evaluation; V1-V10 financial ratios only.",Plain KELM; hyperparameters/features selected only on search partition.,Platt_logistic_on_separate_calibration_partition,0.811658900112803,0.7391304347826086,0.8913043478260869,0.8717948717948718,0.8,0.8415841584158416,0.7623318385650224,0.6378635118111463,0.7490169113332751,0.8152173913043478,0.10869565217391304,0.42391304347826086,34.0,5.0,41.0,12.0,0.913093206838092,0.9045368620037807,0.1416863048250336,0.43910690561673144,0.11499451820420309,-0.5463090378757223,2.1199381273482705,1.0,0.18478260869565216,0.18478260869565216,0.6956521739130435,0.7956521739130434,0.8478260869565217,0.9304347826086957,0.8225524475524475,0.9093436293436293,0.7181381003591502,0.8042541892848714,0.5542813964703754,0.6524392699622287,0.6901675967207794,0.7622214970000446,0.8911605244179683,0.9455623583431537,0.8838846880907372,0.9425330812854442,0.1277158209986073,0.15313385419525857,20260832,3,Asia,324,92,V1-V10_financial_only
PONE2016_h3_target_Asia,20260731,KELM_PBMSBAINGO,cost_2,92,46,0.3196458701279971,"Same-horizon leave-one-region-out transfer; source regions=Europe,North America; target region=Asia; source-only fit/search/calibration; target labels untouched until final evaluation; V1-V10 financial ratios only.",Plain KELM; hyperparameters/features selected only on search partition.,Platt_logistic_on_separate_calibration_partition,0.618706498728596,0.9782608695652174,0.391304347826087,0.6164383561643836,0.7563025210084033,0.665680473372781,0.8754863813229572,0.4564683715098965,0.559062053574682,0.6847826086956522,0.6086956521739131,0.7934782608695652,45.0,28.0,18.0,1.0,0.913093206838092,0.9045368620037807,0.1416863048250336,0.43910690561673144,0.11499451820420309,-0.5463090378757223,2.1199381273482705,2.0,0.32608695652173914,0.21739130434782608,0.9804347826086957,1.0,0.35434782608695653,0.4934782608695652,0.603013698630137,0.6638888888888889,0.8713474452774064,0.9080255681818181,0.42909267597396283,0.5723198699401362,0.5300801424106697,0.6560047048479446,0.9037843584010558,0.9227150460954295,0.8879489603024575,0.9264650283553876,0.1341262588670356,0.1499938660309687,20260832,3,Asia,324,92,V1-V10_financial_only
PONE2016_h3_target_Asia,20260731,KELM_PBMSBAINGO,cost_5,92,46,0.3196458701279971,"Same-horizon leave-one-region-out transfer; source regions=Europe,North America; target region=Asia; source-only fit/search/calibration; target labels untouched until final evaluation; V1-V10 financial ratios only.",Plain KELM; hyperparameters/features selected only on search partition.,Platt_logistic_on_separate_calibration_partition,0.618706498728596,0.9782608695652174,0.391304347826087,0.6164383561643836,0.7563025210084033,0.665680473372781,0.8754863813229572,0.4564683715098965,0.559062053574682,0.6847826086956522,0.6086956521739131,0.7934782608695652,45.0,28.0,18.0,1.0,0.913093206838092,0.9045368620037807,0.1416863048250336,0.43910690561673144,0.11499451820420309,-0.5463090378757223,2.1199381273482705,5.0,0.358695652173913,0.11956521739130435,0.9391304347826087,1.0,0.29565217391304344,0.4934782608695652,0.5717105263157894,0.6638888888888889,0.8321213942307691,0.9080255681818181,0.30552686550690766,0.5723198699401362,0.43847567211752925,0.6560047048479446,0.8609096123970195,0.9254237478535682,0.8507561436672968,0.9139413988657846,0.13348964335123376,0.16109067779042577,20260832,3,Asia,324,92,V1-V10_financial_only
PONE2016_h3_target_Asia,20260731,KELM_PBMSBAINGO,cost_10,92,46,0.0,"Same-horizon leave-one-region-out transfer; source regions=Europe,North America; target region=Asia; source-only fit/search/calibration; target labels untouched until final evaluation; V1-V10 financial ratios only.",Plain KELM; hyperparameters/features selected only on search partition.,Platt_logistic_on_separate_calibration_partition,0.0,1.0,0.0,0.5,0.6666666666666666,0.5555555555555556,0.8333333333333334,0.0,0.0,0.5,1.0,1.0,46.0,46.0,0.0,0.0,0.913093206838092,0.9045368620037807,0.1416863048250336,0.43910690561673144,0.11499451820420309,-0.5463090378757223,2.1199381273482705,10.0,0.5,0.09090909090909091,1.0,1.0,0.0,0.0,0.5,0.5,0.8333333333333334,0.8333333333333334,0.0,0.0,0.0,0.0,0.864577851173664,0.9249697850097381,0.839413988657845,0.9171550094517958,0.13418652458051739,0.16852748606986137,20260832,3,Asia,324,92,V1-V10_financial_only
PONE2016_h3_target_Asia,20260731,KELM_PBMSBAINGO,cost_20,92,46,0.0,"Same-horizon leave-one-region-out transfer; source regions=Europe,North America; target region=Asia; source-only fit/search/calibration; target labels untouched until final evaluation; V1-V10 financial ratios only.",Plain KELM; hyperparameters/features selected only on search partition.,Platt_logistic_on_separate_calibration_partition,0.0,1.0,0.0,0.5,0.6666666666666666,0.5555555555555556,0.8333333333333334,0.0,0.0,0.5,1.0,1.0,46.0,46.0,0.0,0.0,0.913093206838092,0.9045368620037807,0.1416863048250336,0.43910690561673144,0.11499451820420309,-0.5463090378757223,2.1199381273482705,20.0,0.5,0.047619047619047616,1.0,1.0,0.0,0.0,0.5,0.5,0.8333333333333334,0.8333333333333334,0.0,0.0,0.0,0.0,0.8797497857773651,0.961003950542806,0.8690926275992439,0.965406427221172,0.1148962905150343,0.14858033560895595,20260832,3,Asia,324,92,V1-V10_financial_only
PONE2016_h3_target_Asia,20260731,KELM_score_fusion,triad,92,46,0.6849766849141508,"Same-horizon leave-one-region-out transfer; source regions=Europe,North America; target region=Asia; source-only fit/search/calibration; target labels untouched until final evaluation; V1-V10 financial ratios only.",Plain KELM plus HistGB score-level fusion; alpha=1.00 selected only on search partition.,Platt_logistic_on_separate_calibration_partition,0.7807949998290422,0.6521739130434783,0.9347826086956522,0.9090909090909091,0.759493670886076,0.8426966292134831,0.6912442396313364,0.6119004722841044,0.719865916953303,0.7934782608695652,0.06521739130434782,0.358695652173913,30.0,3.0,43.0,16.0,0.913093206838092,0.9045368620037807,0.13996622301293524,0.4343632629784191,0.10835567069283604,-0.5344265682395656,1.9996554192488636,,,,0.6130434782608696,0.6956521739130435,0.9130434782608695,0.9565217391304348,0.8763888888888889,0.9411764705882353,0.6527777777777778,0.7339449541284404,0.5553112582008819,0.6755660236665675,0.6788643330802017,0.766040263434051,0.8920152942781072,0.9355490662954314,0.8628544423440453,0.9297258979206049,0.13090289713010014,0.15924089579372117,20260834,3,Asia,324,92,V1-V10_financial_only
PONE2016_h3_target_Asia,20260731,KELM_score_fusion,cost_1,92,46,0.6019114268951675,"Same-horizon leave-one-region-out transfer; source regions=Europe,North America; target region=Asia; source-only fit/search/calibration; target labels untouched until final evaluation; V1-V10 financial ratios only.",Plain KELM plus HistGB score-level fusion; alpha=1.00 selected only on search partition.,Platt_logistic_on_separate_calibration_partition,0.811658900112803,0.7391304347826086,0.8913043478260869,0.8717948717948718,0.8,0.8415841584158416,0.7623318385650224,0.6378635118111463,0.7490169113332751,0.8152173913043478,0.10869565217391304,0.42391304347826086,34.0,5.0,41.0,12.0,0.913093206838092,0.9045368620037807,0.13996622301293524,0.4343632629784191,0.10835567069283604,-0.5344265682395656,1.9996554192488636,1.0,0.18478260869565216,0.18478260869565216,0.6195652173913044,0.8565217391304347,0.9152173913043478,0.9565217391304348,0.893025283347864,0.9442857142857143,0.66070714511207,0.8702242691229475,0.5816982153311717,0.7967271490922276,0.6950753481606231,0.8612680917826367,0.8942355548269146,0.9523669673568386,0.8758979206049149,0.9467863894139886,0.12140635898469455,0.1532312523213701,20260834,3,Asia,324,92,V1-V10_financial_only
PONE2016_h3_target_Asia,20260731,KELM_score_fusion,cost_2,92,46,0.308797018840352,"Same-horizon leave-one-region-out transfer; source regions=Europe,North America; target region=Asia; source-only fit/search/calibration; target labels untouched until final evaluation; V1-V10 financial ratios only.",Plain KELM plus HistGB score-level fusion; alpha=1.00 selected only on search partition.,Platt_logistic_on_separate_calibration_partition,0.618706498728596,0.9782608695652174,0.391304347826087,0.6164383561643836,0.7563025210084033,0.665680473372781,0.8754863813229572,0.4564683715098965,0.559062053574682,0.6847826086956522,0.6086956521739131,0.7934782608695652,45.0,28.0,18.0,1.0,0.913093206838092,0.9045368620037807,0.13996622301293524,0.4343632629784191,0.10835567069283604,-0.5344265682395656,1.9996554192488636,2.0,0.32608695652173914,0.21739130434782608,0.9586956521739131,1.0,0.30869565217391304,0.3891304347826087,0.5815789473684211,0.6202702702702703,0.8487477638640429,0.8907871198568873,0.35355097067335367,0.48976041249857705,0.4721105222416092,0.5743431556078913,0.8597910008284692,0.9338743961554061,0.8398393194706995,0.9244801512287335,0.134298785996655,0.1651834723598442,20260834,3,Asia,324,92,V1-V10_financial_only
PONE2016_h3_target_Asia,20260731,KELM_score_fusion,cost_5,92,46,0.308797018840352,"Same-horizon leave-one-region-out transfer; source regions=Europe,North America; target region=Asia; source-only fit/search/calibration; target labels untouched until final evaluation; V1-V10 financial ratios only.",Plain KELM plus HistGB score-level fusion; alpha=1.00 selected only on search partition.,Platt_logistic_on_separate_calibration_partition,0.618706498728596,0.9782608695652174,0.391304347826087,0.6164383561643836,0.7563025210084033,0.665680473372781,0.8754863813229572,0.4564683715098965,0.559062053574682,0.6847826086956522,0.6086956521739131,0.7934782608695652,45.0,28.0,18.0,1.0,0.913093206838092,0.9045368620037807,0.13996622301293524,0.4343632629784191,0.10835567069283604,-0.5344265682395656,1.9996554192488636,5.0,0.358695652173913,0.11956521739130435,0.9608695652173913,1.0,0.28478260869565214,0.4717391304347826,0.5830249918857514,0.6534004024144869,0.863923059718184,0.9030832352852445,0.4074565177441797,0.5486874609984868,0.48773018809710006,0.6361645363994425,0.8642208815609315,0.9534918228237835,0.8439508506616257,0.95,0.12772399999982006,0.16224485120094748,20260834,3,Asia,324,92,V1-V10_financial_only
PONE2016_h3_target_Asia,20260731,KELM_score_fusion,cost_10,92,46,0.0,"Same-horizon leave-one-region-out transfer; source regions=Europe,North America; target region=Asia; source-only fit/search/calibration; target labels untouched until final evaluation; V1-V10 financial ratios only.",Plain KELM plus HistGB score-level fusion; alpha=1.00 selected only on search partition.,Platt_logistic_on_separate_calibration_partition,0.0,1.0,0.0,0.5,0.6666666666666666,0.5555555555555556,0.8333333333333334,0.0,0.0,0.5,1.0,1.0,46.0,46.0,0.0,0.0,0.913093206838092,0.9045368620037807,0.13996622301293524,0.4343632629784191,0.10835567069283604,-0.5344265682395656,1.9996554192488636,10.0,0.5,0.09090909090909091,1.0,1.0,0.0,0.0,0.5,0.5,0.8333333333333334,0.8333333333333334,0.0,0.0,0.0,0.0,0.8664848623892129,0.9530466749990485,0.8443761814744802,0.951890359168242,0.10547619246694195,0.16742836225736488,20260834,3,Asia,324,92,V1-V10_financial_only
PONE2016_h3_target_Asia,20260731,KELM_score_fusion,cost_20,92,46,0.0,"Same-horizon leave-one-region-out transfer; source regions=Europe,North America; target region=Asia; source-only fit/search/calibration; target labels untouched until final evaluation; V1-V10 financial ratios only.",Plain KELM plus HistGB score-level fusion; alpha=1.00 selected only on search partition.,Platt_logistic_on_separate_calibration_partition,0.0,1.0,0.0,0.5,0.6666666666666666,0.5555555555555556,0.8333333333333334,0.0,0.0,0.5,1.0,1.0,46.0,46.0,0.0,0.0,0.913093206838092,0.9045368620037807,0.13996622301293524,0.4343632629784191,0.10835567069283604,-0.5344265682395656,1.9996554192488636,20.0,0.5,0.047619047619047616,1.0,1.0,0.0,0.0,0.5,0.5,0.8333333333333334,0.8333333333333334,0.0,0.0,0.0,0.0,0.8837554091615242,0.9443495175139438,0.8691398865784499,0.9362948960302457,0.1243189921456155,0.16236704277660258,20260834,3,Asia,324,92,V1-V10_financial_only
PONE2016_h3_target_Asia,20260731,KELM_risk_feature,triad,92,46,0.6488571312379723,"Same-horizon leave-one-region-out transfer; source regions=Europe,North America; target region=Asia; source-only fit/search/calibration; target labels untouched until final evaluation; V1-V10 financial ratios only.",OOF HistGB risk is a forced KELM input; no score-level fusion.,Platt_logistic_on_separate_calibration_partition,0.8351901179260237,0.782608695652174,0.8913043478260869,0.8780487804878049,0.8275862068965517,0.8571428571428571,0.8,0.6779297261030779,0.7790855041714367,0.8369565217391304,0.10869565217391304,0.44565217391304346,36.0,5.0,41.0,10.0,0.8833271237887915,0.8757088846880908,0.17714327810226452,0.534204906939423,0.15390128894861066,-1.0831444408030562,2.417912920118747,,,,0.7652173913043478,0.9130434782608695,0.8521739130434782,0.932608695652174,0.8589285714285714,0.923804347826087,0.7857142857142857,0.9118678857995894,0.6665640946733422,0.8239320565461564,0.7701288087715172,0.8816108468502332,0.8823984280105519,0.9382810066407934,0.8501890359168243,0.9370982986767485,0.1536920454632987,0.18702038899308107,20260942,3,Asia,324,92,V1-V10_financial_only
PONE2016_h3_target_Asia,20260731,KELM_risk_feature,cost_1,92,46,0.4201078479870337,"Same-horizon leave-one-region-out transfer; source regions=Europe,North America; target region=Asia; source-only fit/search/calibration; target labels untouched until final evaluation; V1-V10 financial ratios only.",OOF HistGB risk is a forced KELM input; no score-level fusion.,Platt_logistic_on_separate_calibration_partition,0.5702120455914783,0.9347826086956522,0.34782608695652173,0.589041095890411,0.7226890756302521,0.636094674556213,0.8365758754863813,0.34906404880168557,0.4841641536919341,0.6413043478260869,0.6521739130434783,0.7934782608695652,43.0,30.0,16.0,3.0,0.8833271237887915,0.8757088846880908,0.17714327810226452,0.534204906939423,0.15390128894861066,-1.0831444408030562,2.417912920118747,1.0,0.358695652173913,0.358695652173913,0.9347826086956522,0.9782608695652174,0.26521739130434785,0.4108695652173913,0.5661338661338662,0.6230633802816902,0.8397095658396946,0.8772225215517241,0.30924562906959213,0.4657540325660065,0.4288759438374341,0.5710898829202555,0.8615287141897401,0.922986491708428,0.8643194706994329,0.9218809073724007,0.1586494419592915,0.185146925914779,20260942,3,Asia,324,92,V1-V10_financial_only
PONE2016_h3_target_Asia,20260731,KELM_risk_feature,cost_2,92,46,0.4201078479870337,"Same-horizon leave-one-region-out transfer; source regions=Europe,North America; target region=Asia; source-only fit/search/calibration; target labels untouched until final evaluation; V1-V10 financial ratios only.",OOF HistGB risk is a forced KELM input; no score-level fusion.,Platt_logistic_on_separate_calibration_partition,0.5702120455914783,0.9347826086956522,0.34782608695652173,0.589041095890411,0.7226890756302521,0.636094674556213,0.8365758754863813,0.34906404880168557,0.4841641536919341,0.6413043478260869,0.6521739130434783,0.7934782608695652,43.0,30.0,16.0,3.0,0.8833271237887915,0.8757088846880908,0.17714327810226452,0.534204906939423,0.15390128894861066,-1.0831444408030562,2.417912920118747,2.0,0.391304347826087,0.2608695652173913,0.9130434782608695,0.9760869565217392,0.21956521739130436,0.391304347826087,0.5391608391608391,0.6147945205479453,0.8018338159164693,0.8728798281327464,0.18400857984235414,0.4472288165436351,0.33284222779745337,0.5534817156347679,0.8299949327169805,0.892127745781131,0.8215028355387525,0.8949432892249527,0.1683033301783576,0.20216382287878565,20260942,3,Asia,324,92,V1-V10_financial_only
PONE2016_h3_target_Asia,20260731,KELM_risk_feature,cost_5,92,46,0.2166589776484621,"Same-horizon leave-one-region-out transfer; source regions=Europe,North America; target region=Asia; source-only fit/search/calibration; target labels untouched until final evaluation; V1-V10 financial ratios only.",OOF HistGB risk is a forced KELM input; no score-level fusion.,Platt_logistic_on_separate_calibration_partition,0.14744195615489714,1.0,0.021739130434782608,0.5054945054945055,0.6715328467153284,0.5609756097560976,0.8363636363636363,0.10482848367219183,0.13159533400842757,0.5108695652173914,0.9782608695652174,0.9891304347826086,46.0,45.0,1.0,0.0,0.8833271237887915,0.8757088846880908,0.17714327810226452,0.534204906939423,0.15390128894861066,-1.0831444408030562,2.417912920118747,5.0,0.4891304347826087,0.16304347826086957,1.0,1.0,0.0,0.041304347826086954,0.5,0.5105494505494506,0.8333333333333334,0.8391108161911082,0.0,0.14464692701720658,0.0,0.18096179575494414,0.8214108648538139,0.9468509688079262,0.8303875236294895,0.9359640831758035,0.15646646977803055,0.18942761606738992,20260942,3,Asia,324,92,V1-V10_financial_only
PONE2016_h3_target_Asia,20260731,KELM_risk_feature,cost_10,92,46,0.2166589776484621,"Same-horizon leave-one-region-out transfer; source regions=Europe,North America; target region=Asia; source-only fit/search/calibration; target labels untouched until final evaluation; V1-V10 financial ratios only.",OOF HistGB risk is a forced KELM input; no score-level fusion.,Platt_logistic_on_separate_calibration_partition,0.14744195615489714,1.0,0.021739130434782608,0.5054945054945055,0.6715328467153284,0.5609756097560976,0.8363636363636363,0.10482848367219183,0.13159533400842757,0.5108695652173914,0.9782608695652174,0.9891304347826086,46.0,45.0,1.0,0.0,0.8833271237887915,0.8757088846880908,0.17714327810226452,0.534204906939423,0.15390128894861066,-1.0831444408030562,2.417912920118747,10.0,0.4891304347826087,0.08893280632411067,1.0,1.0,0.002173913043478261,0.06304347826086956,0.5005494505494505,0.5162796504369538,0.8336363636363636,0.8421833640811743,0.010482848367219183,0.18014443641776684,0.013159533400842758,0.22454272601684494,0.804956661117456,0.8973653954430237,0.7946597353497166,0.8906427221172022,0.17150991835894422,0.20627731022337184,20260942,3,Asia,324,92,V1-V10_financial_only
PONE2016_h3_target_Asia,20260731,KELM_risk_feature,cost_20,92,46,0.2166589776484621,"Same-horizon leave-one-region-out transfer; source regions=Europe,North America; target region=Asia; source-only fit/search/calibration; target labels untouched until final evaluation; V1-V10 financial ratios only.",OOF HistGB risk is a forced KELM input; no score-level fusion.,Platt_logistic_on_separate_calibration_partition,0.14744195615489714,1.0,0.021739130434782608,0.5054945054945055,0.6715328467153284,0.5609756097560976,0.8363636363636363,0.10482848367219183,0.13159533400842757,0.5108695652173914,0.9782608695652174,0.9891304347826086,46.0,45.0,1.0,0.0,0.8833271237887915,0.8757088846880908,0.17714327810226452,0.534204906939423,0.15390128894861066,-1.0831444408030562,2.417912920118747,20.0,0.4891304347826087,0.046583850931677016,1.0,1.0,0.0,0.08260869565217391,0.5,0.5215656565656566,0.8333333333333334,0.844971017604122,0.0,0.20678776457004797,0.0,0.25684342995906706,0.8529066541240821,0.9465449408873127,0.821219281663516,0.9395085066162572,0.1529194241970185,0.19151577463544944,20260942,3,Asia,324,92,V1-V10_financial_only
PONE2016_h3_target_Asia,20260731,Full_PBMSBAINGO,triad,92,46,0.6821857961620672,"Same-horizon leave-one-region-out transfer; source regions=Europe,North America; target region=Asia; source-only fit/search/calibration; target labels untouched until final evaluation; V1-V10 financial ratios only.",Risk feature plus score fusion; alpha=0.70 selected only on search partition.,Platt_logistic_on_separate_calibration_partition,0.7480282840906632,0.6956521739130435,0.8043478260869565,0.7804878048780488,0.735632183908046,0.7619047619047619,0.7111111111111111,0.5029801193667996,0.6553333747307409,0.75,0.1956521739130435,0.44565217391304346,32.0,9.0,37.0,14.0,0.8495942661050477,0.8686200378071833,0.1506227609415051,0.47080879794856695,0.11533585112865916,-0.2723737066911804,1.3327280316771188,,,,0.5347826086956522,0.7369565217391304,0.782608695652174,0.8478260869565217,0.75,0.8274225444957152,0.5669642857142857,0.7526872246696035,0.37248643546845117,0.5823948067914143,0.5466290512708633,0.7116912951558099,0.8256624231107245,0.8836388435520925,0.845037807183365,0.897022684310019,0.13470910599398478,0.1666165997906043,20261038,3,Asia,324,92,V1-V10_financial_only
PONE2016_h3_target_Asia,20260731,Full_PBMSBAINGO,cost_1,92,46,0.44096990953023807,"Same-horizon leave-one-region-out transfer; source regions=Europe,North America; target region=Asia; source-only fit/search/calibration; target labels untouched until final evaluation; V1-V10 financial ratios only.",Risk feature plus score fusion; alpha=0.70 selected only on search partition.,Platt_logistic_on_separate_calibration_partition,0.811658900112803,0.8913043478260869,0.7391304347826086,0.7735849056603774,0.8282828282828283,0.7945736434108527,0.8649789029535865,0.6378635118111463,0.7490169113332751,0.8152173913043478,0.2608695652173913,0.5760869565217391,41.0,12.0,34.0,5.0,0.8495942661050477,0.8686200378071833,0.1506227609415051,0.47080879794856695,0.11533585112865916,-0.2723737066911804,1.3327280316771188,1.0,0.18478260869565216,0.18478260869565216,0.8304347826086956,0.9108695652173913,0.6782608695652174,0.7586956521739131,0.7304713804713805,0.7836601307189542,0.8144512391374316,0.8802521008403361,0.5555066372980147,0.6594587931211704,0.6888615437181212,0.7629743134798465,0.8422095462347277,0.9062337629270071,0.8540170132325142,0.8983459357277883,0.1368408390277102,0.16442838265848408,20261038,3,Asia,324,92,V1-V10_financial_only
PONE2016_h3_target_Asia,20260731,Full_PBMSBAINGO,cost_2,92,46,0.3103386567402184,"Same-horizon leave-one-region-out transfer; source regions=Europe,North America; target region=Asia; source-only fit/search/calibration; target labels untouched until final evaluation; V1-V10 financial ratios only.",Risk feature plus score fusion; alpha=0.70 selected only on search partition.,Platt_logistic_on_separate_calibration_partition,0.7144207271806514,0.9782608695652174,0.5217391304347826,0.6716417910447762,0.7964601769911505,0.7165605095541401,0.896414342629482,0.561979444039004,0.6594919632531344,0.75,0.4782608695652174,0.7282608695652174,45.0,22.0,24.0,1.0,0.8495942661050477,0.8686200378071833,0.1506227609415051,0.47080879794856695,0.11533585112865916,-0.2723737066911804,1.3327280316771188,2.0,0.2608695652173913,0.17391304347826086,0.9608695652173913,1.0,0.4,0.5434782608695652,0.6251737451737451,0.6856027554535017,0.8843280097132717,0.9152523763214857,0.4987794060674879,0.6058236906615123,0.584583389256137,0.6890206949019232,0.8470319687408501,0.9157314657286402,0.862523629489603,0.9266540642722118,0.12330637740467693,0.16118616174159564,20261038,3,Asia,324,92,V1-V10_financial_only
PONE2016_h3_target_Asia,20260731,Full_PBMSBAINGO,cost_5,92,46,0.19416045067312865,"Same-horizon leave-one-region-out transfer; source regions=Europe,North America; target region=Asia; source-only fit/search/calibration; target labels untouched until final evaluation; V1-V10 financial ratios only.",Risk feature plus score fusion; alpha=0.70 selected only on search partition.,Platt_logistic_on_separate_calibration_partition,0.5456478433917884,0.9782608695652174,0.30434782608695654,0.5844155844155844,0.7317073170731707,0.635593220338983,0.8620689655172413,0.38251842611872483,0.48472164731195483,0.6413043478260869,0.6956521739130435,0.8369565217391305,45.0,32.0,14.0,1.0,0.8495942661050477,0.8686200378071833,0.1506227609415051,0.47080879794856695,0.11533585112865916,-0.2723737066911804,1.3327280316771188,5.0,0.40217391304347827,0.13405797101449277,0.9586956521739131,0.9978260869565218,0.28478260869565214,0.43043478260869567,0.5824921913529508,0.6273581213307241,0.8624762421938637,0.8753902146735512,0.38483220466878165,0.45846106221546634,0.4848284057475554,0.5739926474100056,0.8232400709792084,0.9230654646257059,0.8506143667296786,0.914508506616257,0.13154558359062357,0.16130043969294616,20261038,3,Asia,324,92,V1-V10_financial_only
PONE2016_h3_target_Asia,20260731,Full_PBMSBAINGO,cost_10,92,46,0.19416045067312865,"Same-horizon leave-one-region-out transfer; source regions=Europe,North America; target region=Asia; source-only fit/search/calibration; target labels untouched until final evaluation; V1-V10 financial ratios only.",Risk feature plus score fusion; alpha=0.70 selected only on search partition.,Platt_logistic_on_separate_calibration_partition,0.5456478433917884,0.9782608695652174,0.30434782608695654,0.5844155844155844,0.7317073170731707,0.635593220338983,0.8620689655172413,0.38251842611872483,0.48472164731195483,0.6413043478260869,0.6956521739130435,0.8369565217391305,45.0,32.0,14.0,1.0,0.8495942661050477,0.8686200378071833,0.1506227609415051,0.47080879794856695,0.11533585112865916,-0.2723737066911804,1.3327280316771188,10.0,0.45652173913043476,0.08300395256916997,0.9586956521739131,1.0,0.1391304347826087,0.3847826086956522,0.5369509043927648,0.6186699857752489,0.840630851217053,0.8888640429338104,0.2678728791656948,0.484025019151813,0.33287782042894015,0.5705069142137039,0.7752517971632249,0.8513021728661381,0.8097826086956522,0.8695179584120982,0.1421637801966848,0.1808950083313274,20261038,3,Asia,324,92,V1-V10_financial_only
PONE2016_h3_target_Asia,20260731,Full_PBMSBAINGO,cost_20,92,46,0.19416045067312865,"Same-horizon leave-one-region-out transfer; source regions=Europe,North America; target region=Asia; source-only fit/search/calibration; target labels untouched until final evaluation; V1-V10 financial ratios only.",Risk feature plus score fusion; alpha=0.70 selected only on search partition.,Platt_logistic_on_separate_calibration_partition,0.5456478433917884,0.9782608695652174,0.30434782608695654,0.5844155844155844,0.7317073170731707,0.635593220338983,0.8620689655172413,0.38251842611872483,0.48472164731195483,0.6413043478260869,0.6956521739130435,0.8369565217391305,45.0,32.0,14.0,1.0,0.8495942661050477,0.8686200378071833,0.1506227609415051,0.47080879794856695,0.11533585112865916,-0.2723737066911804,1.3327280316771188,20.0,0.5652173913043478,0.053830227743271224,0.9369565217391305,1.0,0.32608695652173914,0.408695652173913,0.5827132327132327,0.6279340984820436,0.835603112840467,0.8935700761811053,0.33619479816522224,0.5032902210528392,0.4702722722200465,0.5896833848485878,0.8182132533396421,0.9157100782716362,0.8382797731568998,0.9185255198487713,0.12464016363204322,0.15742237906631043,20261038,3,Asia,324,92,V1-V10_financial_only
PONE2016_h3_target_Asia,20260731,Uncertainty_gated_fusion,triad,92,46,0.6488571312379723,"Same-horizon leave-one-region-out transfer; source regions=Europe,North America; target region=Asia; source-only fit/search/calibration; target labels untouched until final evaluation; V1-V10 financial ratios only.","One-standard-error paired-bootstrap gate selected KELM_risk_feature; search utility difference=0.0493, required margin=0.0903.",Platt_logistic_on_separate_calibration_partition,0.8351901179260237,0.782608695652174,0.8913043478260869,0.8780487804878049,0.8275862068965517,0.8571428571428571,0.8,0.6779297261030779,0.7790855041714367,0.8369565217391304,0.10869565217391304,0.44565217391304346,36.0,5.0,41.0,10.0,0.8833271237887915,0.8757088846880908,0.17714327810226452,0.534204906939423,0.15390128894861066,-1.0831444408030562,2.417912920118747,,,,0.7,0.7608695652173914,0.8695652173913043,0.9934782608695653,0.8503658536585366,0.9921052631578947,0.7274765675500969,0.7874411108356063,0.6000656460550814,0.7597190698500346,0.7201060512091343,0.8239302399939474,0.8328066057510493,0.9423638236565698,0.8285916824196597,0.9121928166351607,0.15688588663689038,0.19436893537468755,20261084,3,Asia,324,92,V1-V10_financial_only
PONE2016_h3_target_Asia,20260731,Uncertainty_gated_fusion,cost_1,92,46,0.4201078479870337,"Same-horizon leave-one-region-out transfer; source regions=Europe,North America; target region=Asia; source-only fit/search/calibration; target labels untouched until final evaluation; V1-V10 financial ratios only.","One-standard-error paired-bootstrap gate selected KELM_risk_feature; search utility difference=0.0493, required margin=0.0903.",Platt_logistic_on_separate_calibration_partition,0.5702120455914783,0.9347826086956522,0.34782608695652173,0.589041095890411,0.7226890756302521,0.636094674556213,0.8365758754863813,0.34906404880168557,0.4841641536919341,0.6413043478260869,0.6521739130434783,0.7934782608695652,43.0,30.0,16.0,3.0,0.8833271237887915,0.8757088846880908,0.17714327810226452,0.534204906939423,0.15390128894861066,-1.0831444408030562,2.417912920118747,1.0,0.358695652173913,0.358695652173913,0.9130434782608695,0.9543478260869566,0.34782608695652173,0.4478260869565217,0.5841549295774648,0.6288398692810457,0.8206341911764706,0.8531284606866002,0.3182719980659927,0.4393695186101364,0.4667693634966458,0.5678796348292233,0.8759003136492116,0.9354634831169214,0.8594045368620038,0.9220226843100189,0.1578361133517765,0.17921768260823406,20261084,3,Asia,324,92,V1-V10_financial_only
PONE2016_h3_target_Asia,20260731,Uncertainty_gated_fusion,cost_2,92,46,0.4201078479870337,"Same-horizon leave-one-region-out transfer; source regions=Europe,North America; target region=Asia; source-only fit/search/calibration; target labels untouched until final evaluation; V1-V10 financial ratios only.","One-standard-error paired-bootstrap gate selected KELM_risk_feature; search utility difference=0.0493, required margin=0.0903.",Platt_logistic_on_separate_calibration_partition,0.5702120455914783,0.9347826086956522,0.34782608695652173,0.589041095890411,0.7226890756302521,0.636094674556213,0.8365758754863813,0.34906404880168557,0.4841641536919341,0.6413043478260869,0.6521739130434783,0.7934782608695652,43.0,30.0,16.0,3.0,0.8833271237887915,0.8757088846880908,0.17714327810226452,0.534204906939423,0.15390128894861066,-1.0831444408030562,2.417912920118747,2.0,0.391304347826087,0.2608695652173913,0.8521739130434782,0.9543478260869566,0.3282608695652174,0.4108695652173913,0.586904109589041,0.5969202898550724,0.7830276679841898,0.8484631394787644,0.2933472980780668,0.3684464365024081,0.468160153331025,0.5013856972252739,0.8825445039892885,0.9160696526037216,0.8431001890359169,0.9043478260869565,0.16876344464545512,0.18556967203949076,20261084,3,Asia,324,92,V1-V10_financial_only
PONE2016_h3_target_Asia,20260731,Uncertainty_gated_fusion,cost_5,92,46,0.2166589776484621,"Same-horizon leave-one-region-out transfer; source regions=Europe,North America; target region=Asia; source-only fit/search/calibration; target labels untouched until final evaluation; V1-V10 financial ratios only.","One-standard-error paired-bootstrap gate selected KELM_risk_feature; search utility difference=0.0493, required margin=0.0903.",Platt_logistic_on_separate_calibration_partition,0.14744195615489714,1.0,0.021739130434782608,0.5054945054945055,0.6715328467153284,0.5609756097560976,0.8363636363636363,0.10482848367219183,0.13159533400842757,0.5108695652173914,0.9782608695652174,0.9891304347826086,46.0,45.0,1.0,0.0,0.8833271237887915,0.8757088846880908,0.17714327810226452,0.534204906939423,0.15390128894861066,-1.0831444408030562,2.417912920118747,5.0,0.4891304347826087,0.16304347826086957,1.0,1.0,0.002173913043478261,0.021739130434782608,0.5005494505494505,0.5054945054945055,0.8336363636363636,0.8363636363636363,0.010482848367219183,0.10482848367219183,0.013159533400842758,0.13159533400842757,0.832545857177164,0.8940977112268303,0.8084120982986767,0.8879017013232514,0.16727903396633548,0.1986626804818458,20261084,3,Asia,324,92,V1-V10_financial_only
PONE2016_h3_target_Asia,20260731,Uncertainty_gated_fusion,cost_10,92,46,0.2166589776484621,"Same-horizon leave-one-region-out transfer; source regions=Europe,North America; target region=Asia; source-only fit/search/calibration; target labels untouched until final evaluation; V1-V10 financial ratios only.","One-standard-error paired-bootstrap gate selected KELM_risk_feature; search utility difference=0.0493, required margin=0.0903.",Platt_logistic_on_separate_calibration_partition,0.14744195615489714,1.0,0.021739130434782608,0.5054945054945055,0.6715328467153284,0.5609756097560976,0.8363636363636363,0.10482848367219183,0.13159533400842757,0.5108695652173914,0.9782608695652174,0.9891304347826086,46.0,45.0,1.0,0.0,0.8833271237887915,0.8757088846880908,0.17714327810226452,0.534204906939423,0.15390128894861066,-1.0831444408030562,2.417912920118747,10.0,0.4891304347826087,0.08893280632411067,1.0,1.0,0.0,0.08043478260869565,0.5,0.5210039960039959,0.8333333333333334,0.8446657754010695,0.0,0.20236349308726856,0.0,0.2513582675427874,0.8219882703509003,0.8893222875552175,0.7892722117202268,0.8935727788279774,0.17565451903952178,0.21008575020735107,20261084,3,Asia,324,92,V1-V10_financial_only
PONE2016_h3_target_Asia,20260731,Uncertainty_gated_fusion,cost_20,92,46,0.2166589776484621,"Same-horizon leave-one-region-out transfer; source regions=Europe,North America; target region=Asia; source-only fit/search/calibration; target labels untouched until final evaluation; V1-V10 financial ratios only.","One-standard-error paired-bootstrap gate selected KELM_risk_feature; search utility difference=0.0493, required margin=0.0903.",Platt_logistic_on_separate_calibration_partition,0.14744195615489714,1.0,0.021739130434782608,0.5054945054945055,0.6715328467153284,0.5609756097560976,0.8363636363636363,0.10482848367219183,0.13159533400842757,0.5108695652173914,0.9782608695652174,0.9891304347826086,46.0,45.0,1.0,0.0,0.8833271237887915,0.8757088846880908,0.17714327810226452,0.534204906939423,0.15390128894861066,-1.0831444408030562,2.417912920118747,20.0,0.4891304347826087,0.046583850931677016,1.0,1.0,0.0,0.019565217391304346,0.5,0.5049450549450549,0.8333333333333334,0.8360606060606061,0.0,0.09434563530497264,0.0,0.1184358006075848,0.8863329836439116,0.9124236919160073,0.8685727788279773,0.8991965973534972,0.1674670562304181,0.19024535127926787,20261084,3,Asia,324,92,V1-V10_financial_only
PONE2016_h3_target_Asia,20260731,Full_random_search,triad,92,46,0.7011170281721909,"Same-horizon leave-one-region-out transfer; source regions=Europe,North America; target region=Asia; source-only fit/search/calibration; target labels untouched until final evaluation; V1-V10 financial ratios only.",Same full architecture and 81 evaluations as PBMSBAINGO; alpha=0.50.,Platt_logistic_on_separate_calibration_partition,0.7121017110504,0.6304347826086957,0.8043478260869565,0.7631578947368421,0.6904761904761905,0.7323232323232324,0.6531531531531531,0.4415107856883479,0.607214022183602,0.7173913043478262,0.1956521739130435,0.41304347826086957,29.0,9.0,37.0,17.0,0.855438889236204,0.8577504725897921,0.16065224912773815,0.49574064729259704,0.11466955681578195,-0.2698706918449877,1.326084531087931,,,,0.5260869565217391,0.5869565217391305,0.7260869565217392,0.8652173913043478,0.6580694980694981,0.8135064935064935,0.5480485133990372,0.6215516697178208,0.2575195551094988,0.4708688285686393,0.4609366250578786,0.6206370534532168,0.8075409911252065,0.8769044678792942,0.7888941398865784,0.8859640831758034,0.14549935002470696,0.19495338784276953,20261132,3,Asia,324,92,V1-V10_financial_only
PONE2016_h3_target_Asia,20260731,Full_random_search,cost_1,92,46,0.24424208400429837,"Same-horizon leave-one-region-out transfer; source regions=Europe,North America; target region=Asia; source-only fit/search/calibration; target labels untouched until final evaluation; V1-V10 financial ratios only.",Same full architecture and 81 evaluations as PBMSBAINGO; alpha=0.50.,Platt_logistic_on_separate_calibration_partition,0.5833220810869016,0.9782608695652174,0.34782608695652173,0.6,0.743801652892562,0.6502890173410405,0.8687258687258688,0.42008402520840293,0.5228586933511629,0.6630434782608696,0.6521739130434783,0.8152173913043478,45.0,30.0,16.0,1.0,0.855438889236204,0.8577504725897921,0.16065224912773815,0.49574064729259704,0.11466955681578195,-0.2698706918449877,1.326084531087931,1.0,0.33695652173913043,0.33695652173913043,0.9565217391304348,0.9782608695652174,0.2217391304347826,0.30434782608695654,0.5519620253164558,0.5838687628161312,0.8346153846153846,0.8614133997639962,0.26670375714023137,0.3786789435874366,0.3839374220223765,0.482693149574607,0.7887889092150964,0.8663387738418583,0.7579395085066163,0.8602551984877126,0.16766278506062876,0.20981826932686135,20261132,3,Asia,324,92,V1-V10_financial_only
PONE2016_h3_target_Asia,20260731,Full_random_search,cost_2,92,46,0.24424208400429837,"Same-horizon leave-one-region-out transfer; source regions=Europe,North America; target region=Asia; source-only fit/search/calibration; target labels untouched until final evaluation; V1-V10 financial ratios only.",Same full architecture and 81 evaluations as PBMSBAINGO; alpha=0.50.,Platt_logistic_on_separate_calibration_partition,0.5833220810869016,0.9782608695652174,0.34782608695652173,0.6,0.743801652892562,0.6502890173410405,0.8687258687258688,0.42008402520840293,0.5228586933511629,0.6630434782608696,0.6521739130434783,0.8152173913043478,45.0,30.0,16.0,1.0,0.855438889236204,0.8577504725897921,0.16065224912773815,0.49574064729259704,0.11466955681578195,-0.2698706918449877,1.326084531087931,2.0,0.34782608695652173,0.2318840579710145,0.9152173913043478,1.0,0.2826086956521739,0.5239130434782608,0.5616923076923077,0.6784367635506677,0.8130630630630631,0.9131627336806619,0.25972517107360904,0.5956456463774858,0.40838562074470325,0.677423199064806,0.8174056903070068,0.9055396512640604,0.7978733459357279,0.9095463137996219,0.13265135031639183,0.1918967183338438,20261132,3,Asia,324,92,V1-V10_financial_only
PONE2016_h3_target_Asia,20260731,Full_random_search,cost_5,92,46,0.2225906146318447,"Same-horizon leave-one-region-out transfer; source regions=Europe,North America; target region=Asia; source-only fit/search/calibration; target labels untouched until final evaluation; V1-V10 financial ratios only.",Same full architecture and 81 evaluations as PBMSBAINGO; alpha=0.50.,Platt_logistic_on_separate_calibration_partition,0.5516772843673705,1.0,0.30434782608695654,0.5897435897435898,0.7419354838709677,0.6424581005586593,0.8778625954198473,0.4236592728681617,0.5051987959593526,0.6521739130434783,0.6956521739130435,0.8478260869565217,46.0,32.0,14.0,0.0,0.855438889236204,0.8577504725897921,0.16065224912773815,0.49574064729259704,0.11466955681578195,-0.2698706918449877,1.326084531087931,5.0,0.34782608695652173,0.11594202898550725,1.0,1.0,0.2608695652173913,0.408695652173913,0.575,0.6284566210045661,0.8712121212121212,0.8942505596202095,0.3872983346207417,0.5067630024345541,0.4657537367827084,0.5916011575746501,0.7978021990496024,0.89326712184447,0.804867674858223,0.9008979206049149,0.13449303937773677,0.18083023143796376,20261132,3,Asia,324,92,V1-V10_financial_only
PONE2016_h3_target_Asia,20260731,Full_random_search,cost_10,92,46,0.2225906146318447,"Same-horizon leave-one-region-out transfer; source regions=Europe,North America; target region=Asia; source-only fit/search/calibration; target labels untouched until final evaluation; V1-V10 financial ratios only.",Same full architecture and 81 evaluations as PBMSBAINGO; alpha=0.50.,Platt_logistic_on_separate_calibration_partition,0.5516772843673705,1.0,0.30434782608695654,0.5897435897435898,0.7419354838709677,0.6424581005586593,0.8778625954198473,0.4236592728681617,0.5051987959593526,0.6521739130434783,0.6956521739130435,0.8478260869565217,46.0,32.0,14.0,0.0,0.855438889236204,0.8577504725897921,0.16065224912773815,0.49574064729259704,0.11466955681578195,-0.2698706918449877,1.326084531087931,10.0,0.34782608695652173,0.06324110671936758,1.0,1.0,0.12391304347826088,0.3456521739130435,0.5333620689655173,0.6044771018455228,0.8509588504975959,0.8842764515178307,0.254488319130497,0.45708506244224867,0.3133974087715972,0.5405867202822517,0.8311177319298174,0.9359752533776007,0.8424385633270322,0.926937618147448,0.13374149482880987,0.171991327276102,20261132,3,Asia,324,92,V1-V10_financial_only
PONE2016_h3_target_Asia,20260731,Full_random_search,cost_20,92,46,0.2225906146318447,"Same-horizon leave-one-region-out transfer; source regions=Europe,North America; target region=Asia; source-only fit/search/calibration; target labels untouched until final evaluation; V1-V10 financial ratios only.",Same full architecture and 81 evaluations as PBMSBAINGO; alpha=0.50.,Platt_logistic_on_separate_calibration_partition,0.5516772843673705,1.0,0.30434782608695654,0.5897435897435898,0.7419354838709677,0.6424581005586593,0.8778625954198473,0.4236592728681617,0.5051987959593526,0.6521739130434783,0.6956521739130435,0.8478260869565217,46.0,32.0,14.0,0.0,0.855438889236204,0.8577504725897921,0.16065224912773815,0.49574064729259704,0.11466955681578195,-0.2698706918449877,1.326084531087931,20.0,0.34782608695652173,0.033126293995859216,1.0,1.0,0.1760869565217391,0.3456521739130435,0.5482788296041309,0.6044771018455228,0.8585303817988709,0.8842764515178307,0.31067530792867254,0.45708506244224867,0.37957458031698177,0.5405867202822517,0.8072863024084692,0.828286238329008,0.7793005671077504,0.8291587901701323,0.16802069994165256,0.2117006130024371,20261132,3,Asia,324,92,V1-V10_financial_only
PONE2016_h3_target_Asia,20260731,Balanced_logistic,triad,92,46,0.5396887244560646,"Same-horizon leave-one-region-out transfer; source regions=Europe,North America; target region=Asia; source-only fit/search/calibration; target labels untouched until final evaluation; V1-V10 financial ratios only.",Class-weighted logistic reference using the same source-only fit/search/calibration and untouched regional target.,Platt_logistic_on_separate_calibration_partition,0.7624207789891383,0.8913043478260869,0.6521739130434783,0.7192982456140351,0.7961165048543689,0.7481751824817519,0.8506224066390041,0.5597170785495562,0.6877849507673821,0.7717391304347826,0.34782608695652173,0.6195652173913043,41.0,16.0,30.0,5.0,0.8712030268600253,0.8563327032136107,0.19557827651003587,0.5775951833113209,0.18245462299692733,-1.0466272369390177,3.1750868289988445,,,,0.7891304347826087,0.9130434782608695,0.5956521739130435,0.6956521739130435,0.6902603664416587,0.7495454545454545,0.7712944752369033,0.8732740585774058,0.46620948164355863,0.6211010063164901,0.6267018879634384,0.7328212730885766,0.8121946366739523,0.9072947414298426,0.7854442344045368,0.8897920604914934,0.18710886369697832,0.20819880262347903,20262032,3,Asia,324,92,V1-V10_financial_only
PONE2016_h3_target_Asia,20260731,Balanced_logistic,cost_1,92,46,0.45733072386988805,"Same-horizon leave-one-region-out transfer; source regions=Europe,North America; target region=Asia; source-only fit/search/calibration; target labels untouched until final evaluation; V1-V10 financial ratios only.",Class-weighted logistic reference using the same source-only fit/search/calibration and untouched regional target.,Platt_logistic_on_separate_calibration_partition,0.611793359976969,0.9565217391304348,0.391304347826087,0.6111111111111112,0.7457627118644068,0.6586826347305389,0.859375,0.4216370213557839,0.5404009265128608,0.6739130434782609,0.6086956521739131,0.782608695652174,44.0,28.0,18.0,2.0,0.8712030268600253,0.8563327032136107,0.19557827651003587,0.5775951833113209,0.18245462299692733,-1.0466272369390177,3.1750868289988445,1.0,0.32608695652173914,0.32608695652173914,0.9152173913043478,0.9760869565217392,0.30869565217391304,0.47391304347826085,0.5743333333333334,0.6457332228666115,0.821292833011583,0.8814192343604108,0.30887823323922975,0.4947720223676521,0.44625668059123796,0.6079675206134106,0.8189882523920429,0.9008200698927239,0.8091209829867675,0.8751417769376183,0.19187065936339603,0.20797950456820802,20262032,3,Asia,324,92,V1-V10_financial_only
PONE2016_h3_target_Asia,20260731,Balanced_logistic,cost_2,92,46,0.45733072386988805,"Same-horizon leave-one-region-out transfer; source regions=Europe,North America; target region=Asia; source-only fit/search/calibration; target labels untouched until final evaluation; V1-V10 financial ratios only.",Class-weighted logistic reference using the same source-only fit/search/calibration and untouched regional target.,Platt_logistic_on_separate_calibration_partition,0.611793359976969,0.9565217391304348,0.391304347826087,0.6111111111111112,0.7457627118644068,0.6586826347305389,0.859375,0.4216370213557839,0.5404009265128608,0.6739130434782609,0.6086956521739131,0.782608695652174,44.0,28.0,18.0,2.0,0.8712030268600253,0.8563327032136107,0.19557827651003587,0.5775951833113209,0.18245462299692733,-1.0466272369390177,3.1750868289988445,2.0,0.34782608695652173,0.2318840579710145,0.9565217391304348,1.0,0.3695652173913043,0.5195652173913043,0.6032765642354683,0.6666666666666666,0.8576373178897837,0.9076759816059426,0.40632931908830716,0.5727237427250426,0.5240716780149485,0.6590458259192203,0.8368365176249049,0.9089439728337856,0.8375236294896031,0.8955103969754252,0.18644633617086484,0.19712387571527698,20262032,3,Asia,324,92,V1-V10_financial_only
PONE2016_h3_target_Asia,20260731,Balanced_logistic,cost_5,92,46,0.2986686210049496,"Same-horizon leave-one-region-out transfer; source regions=Europe,North America; target region=Asia; source-only fit/search/calibration; target labels untouched until final evaluation; V1-V10 financial ratios only.",Class-weighted logistic reference using the same source-only fit/search/calibration and untouched regional target.,Platt_logistic_on_separate_calibration_partition,0.14744195615489714,1.0,0.021739130434782608,0.5054945054945055,0.6715328467153284,0.5609756097560976,0.8363636363636363,0.10482848367219183,0.13159533400842757,0.5108695652173914,0.9782608695652174,0.9891304347826086,46.0,45.0,1.0,0.0,0.8712030268600253,0.8563327032136107,0.19557827651003587,0.5775951833113209,0.18245462299692733,-1.0466272369390177,3.1750868289988445,5.0,0.4891304347826087,0.16304347826086957,1.0,1.0,0.0,0.06304347826086956,0.5,0.5162796504369538,0.8333333333333334,0.8421833640811743,0.0,0.18014443641776684,0.0,0.22454272601684494,0.7589389770902409,0.8926499344501192,0.763374291115312,0.9008506616257089,0.18593747312195835,0.21700713577397723,20262032,3,Asia,324,92,V1-V10_financial_only
PONE2016_h3_target_Asia,20260731,Balanced_logistic,cost_10,92,46,0.2986686210049496,"Same-horizon leave-one-region-out transfer; source regions=Europe,North America; target region=Asia; source-only fit/search/calibration; target labels untouched until final evaluation; V1-V10 financial ratios only.",Class-weighted logistic reference using the same source-only fit/search/calibration and untouched regional target.,Platt_logistic_on_separate_calibration_partition,0.14744195615489714,1.0,0.021739130434782608,0.5054945054945055,0.6715328467153284,0.5609756097560976,0.8363636363636363,0.10482848367219183,0.13159533400842757,0.5108695652173914,0.9782608695652174,0.9891304347826086,46.0,45.0,1.0,0.0,0.8712030268600253,0.8563327032136107,0.19557827651003587,0.5775951833113209,0.18245462299692733,-1.0466272369390177,3.1750868289988445,10.0,0.4891304347826087,0.08893280632411067,1.0,1.0,0.002173913043478261,0.043478260869565216,0.5005494505494505,0.5111111111111111,0.8336363636363636,0.8394160583941606,0.010482848367219183,0.14907119849998599,0.013159533400842758,0.18644695817122375,0.848865273550944,0.9022689365471115,0.8245746691871455,0.8850189035916824,0.18610471188245342,0.20138913831512026,20262032,3,Asia,324,92,V1-V10_financial_only
PONE2016_h3_target_Asia,20260731,Balanced_logistic,cost_20,92,46,0.2986686210049496,"Same-horizon leave-one-region-out transfer; source regions=Europe,North America; target region=Asia; source-only fit/search/calibration; target labels untouched until final evaluation; V1-V10 financial ratios only.",Class-weighted logistic reference using the same source-only fit/search/calibration and untouched regional target.,Platt_logistic_on_separate_calibration_partition,0.14744195615489714,1.0,0.021739130434782608,0.5054945054945055,0.6715328467153284,0.5609756097560976,0.8363636363636363,0.10482848367219183,0.13159533400842757,0.5108695652173914,0.9782608695652174,0.9891304347826086,46.0,45.0,1.0,0.0,0.8712030268600253,0.8563327032136107,0.19557827651003587,0.5775951833113209,0.18245462299692733,-1.0466272369390177,3.1750868289988445,20.0,0.4891304347826087,0.046583850931677016,1.0,1.0,0.021739130434782608,0.06304347826086956,0.5054945054945055,0.5162796504369538,0.8363636363636363,0.8421833640811743,0.10482848367219183,0.18014443641776684,0.13159533400842757,0.22454272601684494,0.8594817227170645,0.9217490354145879,0.8336011342155009,0.9035444234404537,0.184725461399262,0.19846815193981496,20262032,3,Asia,324,92,V1-V10_financial_only
PONE2016_h3_target_Europe,20260731,HistGB,triad,165,84,0.7638956524400771,"Same-horizon leave-one-region-out transfer; source regions=Asia,North America; target region=Europe; source-only fit/search/calibration; target labels untouched until final evaluation; V1-V10 financial ratios only.",No metaheuristic; threshold and Platt calibration use calibration partition.,Platt_logistic_on_separate_calibration_partition,0.4967560848924943,0.27380952380952384,0.9012345679012346,0.7419354838709677,0.4,0.5528846153846154,0.3133514986376022,0.22402493650936356,0.3809438073437102,0.5875220458553791,0.09876543209876543,0.18787878787878787,23.0,8.0,73.0,61.0,0.6782673122876944,0.7042915931804822,0.225475287988643,0.6429027879985254,0.061470745101988605,-0.03781222423616698,0.8352038306828387,,,,0.20833333333333334,0.30952380952380953,0.8320987654320988,0.9135802469135802,0.6364210526315789,0.7878787878787878,0.2418026616885463,0.3523035230352303,0.13506922956501635,0.2788339708571014,0.2994556136418977,0.4288072788785747,0.605648374679047,0.7262556684868835,0.6187977660199883,0.7400205761316873,0.2137201232739028,0.25387129219194327,20260731,3,Europe,251,165,V1-V10_financial_only
PONE2016_h3_target_Europe,20260731,HistGB,cost_1,165,84,0.7635574272289302,"Same-horizon leave-one-region-out transfer; source regions=Asia,North America; target region=Europe; source-only fit/search/calibration; target labels untouched until final evaluation; V1-V10 financial ratios only.",No metaheuristic; threshold and Platt calibration use calibration partition.,Platt_logistic_on_separate_calibration_partition,0.5074402337506597,0.2857142857142857,0.9012345679012346,0.75,0.41379310344827586,0.5660377358490566,0.32608695652173914,0.23637641911347512,0.39336101450918665,0.5934744268077601,0.09876543209876543,0.19393939393939394,24.0,8.0,73.0,60.0,0.6782673122876944,0.7042915931804822,0.225475287988643,0.6429027879985254,0.061470745101988605,-0.03781222423616698,0.8352038306828387,1.0,0.4121212121212121,0.4121212121212121,0.22738095238095238,0.3404761904761905,0.854320987654321,0.9234567901234568,0.6280172413793104,0.7831831831831831,0.261420488385944,0.383558674114595,0.11584901020487685,0.2896545251186174,0.2861030458829971,0.4443299774252157,0.6370451854597609,0.6951849408316827,0.6411081716637272,0.7392269253380365,0.2164046003925334,0.24686144805485538,20260731,3,Europe,251,165,V1-V10_financial_only
PONE2016_h3_target_Europe,20260731,HistGB,cost_2,165,84,0.30874686904176524,"Same-horizon leave-one-region-out transfer; source regions=Asia,North America; target region=Europe; source-only fit/search/calibration; target labels untouched until final evaluation; V1-V10 financial ratios only.",No metaheuristic; threshold and Platt calibration use calibration partition.,Platt_logistic_on_separate_calibration_partition,0.4553877610713407,0.9880952380952381,0.20987654320987653,0.564625850340136,0.7186147186147186,0.6175595238095238,0.8592132505175983,0.3174611048113189,0.40378583292045295,0.5989858906525574,0.7901234567901234,0.8909090909090909,83.0,64.0,17.0,1.0,0.6782673122876944,0.7042915931804822,0.225475287988643,0.6429027879985254,0.061470745101988605,-0.03781222423616698,0.8352038306828387,2.0,0.4,0.26506024096385544,0.9547619047619047,0.9988095238095238,0.1259259259259259,0.29259259259259257,0.5372549019607843,0.5832939241287138,0.8391678231883681,0.8587801935467311,0.19930220521892944,0.33897356134872936,0.2912164621839559,0.4525685030301707,0.6129142814947669,0.7530817210002695,0.6513227513227513,0.7538947677836566,0.21306338795073881,0.24603443914350134,20260731,3,Europe,251,165,V1-V10_financial_only
PONE2016_h3_target_Europe,20260731,HistGB,cost_5,165,84,0.30191007430789435,"Same-horizon leave-one-region-out transfer; source regions=Asia,North America; target region=Europe; source-only fit/search/calibration; target labels untouched until final evaluation; V1-V10 financial ratios only.",No metaheuristic; threshold and Platt calibration use calibration partition.,Platt_logistic_on_separate_calibration_partition,0.22089551053066775,0.9880952380952381,0.04938271604938271,0.51875,0.680327868852459,0.5732044198895028,0.8366935483870968,0.10929820622314844,0.17471449519789728,0.5187389770723104,0.9506172839506173,0.9696969696969697,83.0,77.0,4.0,1.0,0.6782673122876944,0.7042915931804822,0.225475287988643,0.6429027879985254,0.061470745101988605,-0.03781222423616698,0.8352038306828387,5.0,0.49696969696969695,0.16367265469061876,0.9666666666666667,1.0,0.0382716049382716,0.08518518518518518,0.5161830620429346,0.5286263670231943,0.8235294117647058,0.8481434058898848,0.06835075014800215,0.19538290950434956,0.15523659451198035,0.24548658757455016,0.653733066854201,0.7046810162138654,0.6660493827160494,0.7289976484420929,0.21458663244928694,0.23594979969100627,20260731,3,Europe,251,165,V1-V10_financial_only
PONE2016_h3_target_Europe,20260731,HistGB,cost_10,165,84,0.30191007430789435,"Same-horizon leave-one-region-out transfer; source regions=Asia,North America; target region=Europe; source-only fit/search/calibration; target labels untouched until final evaluation; V1-V10 financial ratios only.",No metaheuristic; threshold and Platt calibration use calibration partition.,Platt_logistic_on_separate_calibration_partition,0.22089551053066775,0.9880952380952381,0.04938271604938271,0.51875,0.680327868852459,0.5732044198895028,0.8366935483870968,0.10929820622314844,0.17471449519789728,0.5187389770723104,0.9506172839506173,0.9696969696969697,83.0,77.0,4.0,1.0,0.6782673122876944,0.7042915931804822,0.225475287988643,0.6429027879985254,0.061470745101988605,-0.03781222423616698,0.8352038306828387,10.0,0.5272727272727272,0.09446254071661238,0.9773809523809524,1.0,0.025925925925925925,0.04814814814814814,0.5127837423312883,0.5187268518518519,0.8276209677419355,0.8433734939759037,0.045648074363785526,0.1385799032138497,0.11462500203147118,0.17449263777983431,0.6606043712377742,0.745961025524747,0.6784097589653145,0.7373015873015873,0.21379441758090126,0.23761065356905847,20260731,3,Europe,251,165,V1-V10_financial_only
PONE2016_h3_target_Europe,20260731,HistGB,cost_20,165,84,0.30191007430789435,"Same-horizon leave-one-region-out transfer; source regions=Asia,North America; target region=Europe; source-only fit/search/calibration; target labels untouched until final evaluation; V1-V10 financial ratios only.",No metaheuristic; threshold and Platt calibration use calibration partition.,Platt_logistic_on_separate_calibration_partition,0.22089551053066775,0.9880952380952381,0.04938271604938271,0.51875,0.680327868852459,0.5732044198895028,0.8366935483870968,0.10929820622314844,0.17471449519789728,0.5187389770723104,0.9506172839506173,0.9696969696969697,83.0,77.0,4.0,1.0,0.6782673122876944,0.7042915931804822,0.225475287988643,0.6429027879985254,0.061470745101988605,-0.03781222423616698,0.8352038306828387,20.0,0.5878787878787879,0.055082339579784215,0.9654761904761905,0.9988095238095238,0.0382716049382716,0.16296296296296295,0.5103655660377359,0.548132202102064,0.8200329912023461,0.8481724461105905,0.014109099897809575,0.2463745023686092,0.06261044487231537,0.33849936669818526,0.644302511448437,0.7292733883657462,0.6435038212815991,0.7408142269253379,0.2122151835247983,0.24177922531706028,20260731,3,Europe,251,165,V1-V10_financial_only
PONE2016_h3_target_Europe,20260731,KELM_PBMSBAINGO,triad,165,84,0.8018150407509009,"Same-horizon leave-one-region-out transfer; source regions=Asia,North America; target region=Europe; source-only fit/search/calibration; target labels untouched until final evaluation; V1-V10 financial ratios only.",Plain KELM; hyperparameters/features selected only on search partition.,Platt_logistic_on_separate_calibration_partition,0.5284387395618566,0.2976190476190476,0.9382716049382716,0.8333333333333334,0.43859649122807015,0.6127450980392157,0.34153005464480873,0.3057492304804414,0.44033670626707233,0.6179453262786596,0.06172839506172839,0.18181818181818182,25.0,5.0,76.0,59.0,0.7467320042974827,0.7000293944738389,0.22124026744544578,0.629918584671535,0.1001443875078152,0.10041558956950342,0.7001258218396726,,,,0.24166666666666667,0.4,0.8925925925925926,0.9604938271604938,0.7345454545454546,0.9103603603603604,0.28090088581778333,0.450510248205483,0.22098647166450372,0.4309445882130502,0.3802557598165954,0.5487063374467751,0.7102105281485317,0.8051631748963946,0.6427689594356262,0.7656378600823045,0.19437721896681165,0.24087656957975725,20260832,3,Europe,251,165,V1-V10_financial_only
PONE2016_h3_target_Europe,20260731,KELM_PBMSBAINGO,cost_1,165,84,0.3743167557163625,"Same-horizon leave-one-region-out transfer; source regions=Asia,North America; target region=Europe; source-only fit/search/calibration; target labels untouched until final evaluation; V1-V10 financial ratios only.",Plain KELM; hyperparameters/features selected only on search partition.,Platt_logistic_on_separate_calibration_partition,0.6207749608579737,0.6785714285714286,0.5679012345679012,0.6195652173913043,0.6477272727272727,0.6305309734513275,0.6658878504672897,0.24808217819080194,0.45725098490353777,0.623236331569665,0.43209876543209874,0.5575757575757576,57.0,35.0,46.0,27.0,0.7467320042974827,0.7000293944738389,0.22124026744544578,0.629918584671535,0.1001443875078152,0.10041558956950342,0.7001258218396726,1.0,0.37575757575757573,0.37575757575757573,0.6476190476190476,0.7607142857142857,0.43950617283950616,0.6469135802469136,0.5612637362637363,0.6883830455259027,0.634995741962955,0.7376671451235175,0.1329501644645268,0.4006050657773206,0.3425129486845553,0.5794349800389983,0.7255265617798533,0.8344339172921871,0.669591416813639,0.7745443856554968,0.18329834315566204,0.2355384910928601,20260832,3,Europe,251,165,V1-V10_financial_only
PONE2016_h3_target_Europe,20260731,KELM_PBMSBAINGO,cost_2,165,84,0.3743167557163625,"Same-horizon leave-one-region-out transfer; source regions=Asia,North America; target region=Europe; source-only fit/search/calibration; target labels untouched until final evaluation; V1-V10 financial ratios only.",Plain KELM; hyperparameters/features selected only on search partition.,Platt_logistic_on_separate_calibration_partition,0.6207749608579737,0.6785714285714286,0.5679012345679012,0.6195652173913043,0.6477272727272727,0.6305309734513275,0.6658878504672897,0.24808217819080194,0.45725098490353777,0.623236331569665,0.43209876543209874,0.5575757575757576,57.0,35.0,46.0,27.0,0.7467320042974827,0.7000293944738389,0.22124026744544578,0.629918584671535,0.1001443875078152,0.10041558956950342,0.7001258218396726,2.0,0.5393939393939394,0.357429718875502,0.6107142857142857,0.7416666666666667,0.5320987654320988,0.6148148148148148,0.5930615895732175,0.6541544117647059,0.6070707126763377,0.7213662790697674,0.17635874055704198,0.3385163246013589,0.39338920833529784,0.5296569281222944,0.7069785808426082,0.8029385961028666,0.646796002351558,0.7697971781305114,0.1972089449983677,0.2414385501458143,20260832,3,Europe,251,165,V1-V10_financial_only
PONE2016_h3_target_Europe,20260731,KELM_PBMSBAINGO,cost_5,165,84,0.21209992513379047,"Same-horizon leave-one-region-out transfer; source regions=Asia,North America; target region=Europe; source-only fit/search/calibration; target labels untouched until final evaluation; V1-V10 financial ratios only.",Plain KELM; hyperparameters/features selected only on search partition.,Platt_logistic_on_separate_calibration_partition,0.4146777929400994,0.9285714285714286,0.18518518518518517,0.5416666666666666,0.6842105263157895,0.5909090909090909,0.8125,0.17063492063492064,0.3084346470199054,0.5568783068783069,0.8148148148148148,0.8727272727272727,78.0,66.0,15.0,6.0,0.7467320042974827,0.7000293944738389,0.22124026744544578,0.629918584671535,0.1001443875078152,0.10041558956950342,0.7001258218396726,5.0,0.5818181818181818,0.19161676646706588,0.9297619047619048,0.9630952380952381,0.16049382716049382,0.28271604938271605,0.5408489025938691,0.5759124087591241,0.8230774312896405,0.8350907783178222,0.18775866616559422,0.2956645649003923,0.306451619399016,0.4281694555681446,0.7326547626452548,0.8069485643289972,0.7013080540858319,0.7843327454438566,0.18950347882755939,0.22300744355306076,20260832,3,Europe,251,165,V1-V10_financial_only
PONE2016_h3_target_Europe,20260731,KELM_PBMSBAINGO,cost_10,165,84,0.21209992513379047,"Same-horizon leave-one-region-out transfer; source regions=Asia,North America; target region=Europe; source-only fit/search/calibration; target labels untouched until final evaluation; V1-V10 financial ratios only.",Plain KELM; hyperparameters/features selected only on search partition.,Platt_logistic_on_separate_calibration_partition,0.4146777929400994,0.9285714285714286,0.18518518518518517,0.5416666666666666,0.6842105263157895,0.5909090909090909,0.8125,0.17063492063492064,0.3084346470199054,0.5568783068783069,0.8148148148148148,0.8727272727272727,78.0,66.0,15.0,6.0,0.7467320042974827,0.7000293944738389,0.22124026744544578,0.629918584671535,0.1001443875078152,0.10041558956950342,0.7001258218396726,10.0,0.7636363636363637,0.13680781758957655,0.8726190476190476,0.975,0.14938271604938272,0.20617283950617282,0.5158229094848813,0.5472342342342342,0.7665704352687345,0.8429369452096726,0.0337499630604267,0.23647020016564835,0.15869522818811263,0.3348611834970061,0.6635589739045528,0.7904447079690788,0.6050411522633744,0.7287918871252205,0.20414927588095813,0.25287033484518806,20260832,3,Europe,251,165,V1-V10_financial_only
PONE2016_h3_target_Europe,20260731,KELM_PBMSBAINGO,cost_20,165,84,0.21209992513379047,"Same-horizon leave-one-region-out transfer; source regions=Asia,North America; target region=Europe; source-only fit/search/calibration; target labels untouched until final evaluation; V1-V10 financial ratios only.",Plain KELM; hyperparameters/features selected only on search partition.,Platt_logistic_on_separate_calibration_partition,0.4146777929400994,0.9285714285714286,0.18518518518518517,0.5416666666666666,0.6842105263157895,0.5909090909090909,0.8125,0.17063492063492064,0.3084346470199054,0.5568783068783069,0.8148148148148148,0.8727272727272727,78.0,66.0,15.0,6.0,0.7467320042974827,0.7000293944738389,0.22124026744544578,0.629918584671535,0.1001443875078152,0.10041558956950342,0.7001258218396726,20.0,1.1272727272727272,0.10562180579216354,0.8738095238095238,0.9726190476190476,0.16049382716049382,0.23209876543209876,0.5190608950843727,0.5596607245543416,0.768720825324599,0.8452059185335342,0.04951891996018078,0.26366089711356405,0.18800433346937234,0.3780944395335306,0.6890685575448064,0.8055643278180146,0.6439594356261023,0.7700029394473838,0.1956582190602314,0.24569439627416442,20260832,3,Europe,251,165,V1-V10_financial_only
PONE2016_h3_target_Europe,20260731,KELM_score_fusion,triad,165,84,0.8041376591449844,"Same-horizon leave-one-region-out transfer; source regions=Asia,North America; target region=Europe; source-only fit/search/calibration; target labels untouched until final evaluation; V1-V10 financial ratios only.",Plain KELM plus HistGB score-level fusion; alpha=1.00 selected only on search partition.,Platt_logistic_on_separate_calibration_partition,0.5284387395618566,0.2976190476190476,0.9382716049382716,0.8333333333333334,0.43859649122807015,0.6127450980392157,0.34153005464480873,0.3057492304804414,0.44033670626707233,0.6179453262786596,0.06172839506172839,0.18181818181818182,25.0,5.0,76.0,59.0,0.7467320042974827,0.7000293944738389,0.22031143484893248,0.6271199730917393,0.10334717314323384,0.09688491914617313,0.7151823875624206,,,,0.20833333333333334,0.32023809523809527,0.9259259259259259,0.9493827160493827,0.7880952380952381,0.8318181818181819,0.2445054945054945,0.3645943796394486,0.2315631313907307,0.30880273309893436,0.3573899493992031,0.45033548305694265,0.6906503213516781,0.761462091129091,0.6199882422104643,0.7071281599059378,0.21475321210665144,0.24302394037811115,20260834,3,Europe,251,165,V1-V10_financial_only
PONE2016_h3_target_Europe,20260731,KELM_score_fusion,cost_1,165,84,0.36714263478570547,"Same-horizon leave-one-region-out transfer; source regions=Asia,North America; target region=Europe; source-only fit/search/calibration; target labels untouched until final evaluation; V1-V10 financial ratios only.",Plain KELM plus HistGB score-level fusion; alpha=1.00 selected only on search partition.,Platt_logistic_on_separate_calibration_partition,0.6207749608579737,0.6785714285714286,0.5679012345679012,0.6195652173913043,0.6477272727272727,0.6305309734513275,0.6658878504672897,0.24808217819080194,0.45725098490353777,0.623236331569665,0.43209876543209874,0.5575757575757576,57.0,35.0,46.0,27.0,0.7467320042974827,0.7000293944738389,0.22031143484893248,0.6271199730917393,0.10334717314323384,0.09688491914617313,0.7151823875624206,1.0,0.37575757575757573,0.37575757575757573,0.6464285714285715,0.8011904761904762,0.5308641975308642,0.6012345679012345,0.6004166666666666,0.65771642394822,0.6419546739094577,0.7676405762254281,0.2130948689314766,0.38042949207210996,0.42523232609576816,0.5570344842616115,0.7099969470038958,0.7936434296822505,0.6665637860082303,0.7505291005291004,0.19651581886384784,0.2352204632732457,20260834,3,Europe,251,165,V1-V10_financial_only
PONE2016_h3_target_Europe,20260731,KELM_score_fusion,cost_2,165,84,0.36714263478570547,"Same-horizon leave-one-region-out transfer; source regions=Asia,North America; target region=Europe; source-only fit/search/calibration; target labels untouched until final evaluation; V1-V10 financial ratios only.",Plain KELM plus HistGB score-level fusion; alpha=1.00 selected only on search partition.,Platt_logistic_on_separate_calibration_partition,0.6207749608579737,0.6785714285714286,0.5679012345679012,0.6195652173913043,0.6477272727272727,0.6305309734513275,0.6658878504672897,0.24808217819080194,0.45725098490353777,0.623236331569665,0.43209876543209874,0.5575757575757576,57.0,35.0,46.0,27.0,0.7467320042974827,0.7000293944738389,0.22031143484893248,0.6271199730917393,0.10334717314323384,0.09688491914617313,0.7151823875624206,2.0,0.5393939393939394,0.357429718875502,0.6309523809523809,0.7095238095238096,0.5320987654320988,0.6395061728395062,0.585973576984813,0.6560364145658263,0.6216432474629197,0.6900648955253356,0.1699601694781777,0.3040118696736808,0.38592573481901005,0.5050439220844104,0.6789564005383015,0.7780502412280499,0.6372134038800706,0.7325396825396825,0.20962871154368923,0.24864403094219373,20260834,3,Europe,251,165,V1-V10_financial_only
PONE2016_h3_target_Europe,20260731,KELM_score_fusion,cost_5,165,84,0.22349208937913595,"Same-horizon leave-one-region-out transfer; source regions=Asia,North America; target region=Europe; source-only fit/search/calibration; target labels untouched until final evaluation; V1-V10 financial ratios only.",Plain KELM plus HistGB score-level fusion; alpha=1.00 selected only on search partition.,Platt_logistic_on_separate_calibration_partition,0.4146777929400994,0.9285714285714286,0.18518518518518517,0.5416666666666666,0.6842105263157895,0.5909090909090909,0.8125,0.17063492063492064,0.3084346470199054,0.5568783068783069,0.8148148148148148,0.8727272727272727,78.0,66.0,15.0,6.0,0.7467320042974827,0.7000293944738389,0.22031143484893248,0.6271199730917393,0.10334717314323384,0.09688491914617313,0.7151823875624206,5.0,0.5818181818181818,0.19161676646706588,0.905952380952381,0.9630952380952381,0.17407407407407408,0.2333333333333333,0.5355362946912242,0.5629863094651827,0.7958569544291192,0.8368157612642207,0.13182188352166863,0.2685283398659761,0.2806384294085636,0.3907638737749609,0.6781987014441719,0.7611470159414984,0.6174897119341564,0.7139035861258083,0.21891461014502725,0.2514095070615739,20260834,3,Europe,251,165,V1-V10_financial_only
PONE2016_h3_target_Europe,20260731,KELM_score_fusion,cost_10,165,84,0.22349208937913595,"Same-horizon leave-one-region-out transfer; source regions=Asia,North America; target region=Europe; source-only fit/search/calibration; target labels untouched until final evaluation; V1-V10 financial ratios only.",Plain KELM plus HistGB score-level fusion; alpha=1.00 selected only on search partition.,Platt_logistic_on_separate_calibration_partition,0.4146777929400994,0.9285714285714286,0.18518518518518517,0.5416666666666666,0.6842105263157895,0.5909090909090909,0.8125,0.17063492063492064,0.3084346470199054,0.5568783068783069,0.8148148148148148,0.8727272727272727,78.0,66.0,15.0,6.0,0.7467320042974827,0.7000293944738389,0.22031143484893248,0.6271199730917393,0.10334717314323384,0.09688491914617313,0.7151823875624206,10.0,0.7636363636363637,0.13680781758957655,0.8833333333333333,0.9619047619047619,0.14938271604938272,0.23209876543209876,0.5283783783783784,0.5469793322734499,0.7846751412429379,0.8347107438016529,0.10266927420672756,0.2189326317195387,0.24529204254807507,0.3330001870337474,0.7177981057506082,0.8166249600260027,0.6642710170487949,0.7803644914756025,0.18538399499583308,0.2354370542993724,20260834,3,Europe,251,165,V1-V10_financial_only
PONE2016_h3_target_Europe,20260731,KELM_score_fusion,cost_20,165,84,0.22349208937913595,"Same-horizon leave-one-region-out transfer; source regions=Asia,North America; target region=Europe; source-only fit/search/calibration; target labels untouched until final evaluation; V1-V10 financial ratios only.",Plain KELM plus HistGB score-level fusion; alpha=1.00 selected only on search partition.,Platt_logistic_on_separate_calibration_partition,0.4146777929400994,0.9285714285714286,0.18518518518518517,0.5416666666666666,0.6842105263157895,0.5909090909090909,0.8125,0.17063492063492064,0.3084346470199054,0.5568783068783069,0.8148148148148148,0.8727272727272727,78.0,66.0,15.0,6.0,0.7467320042974827,0.7000293944738389,0.22031143484893248,0.6271199730917393,0.10334717314323384,0.09688491914617313,0.7151823875624206,20.0,1.1272727272727272,0.10562180579216354,0.8928571428571429,0.9404761904761905,0.14938271604938272,0.28271604938271605,0.5221746575342466,0.5749482514435124,0.7829122340425532,0.8335358311475266,0.06930595557566735,0.2900530272083636,0.20851010403580789,0.42460079551842417,0.6954591821286172,0.8106237119331946,0.6435920047031158,0.7659024103468547,0.19499353567717398,0.23919833129487078,20260834,3,Europe,251,165,V1-V10_financial_only
PONE2016_h3_target_Europe,20260731,KELM_risk_feature,triad,165,84,0.7126528234669934,"Same-horizon leave-one-region-out transfer; source regions=Asia,North America; target region=Europe; source-only fit/search/calibration; target labels untouched until final evaluation; V1-V10 financial ratios only.",OOF HistGB risk is a forced KELM input; no score-level fusion.,Platt_logistic_on_separate_calibration_partition,0.5655191202492016,0.38095238095238093,0.8395061728395061,0.7111111111111111,0.49612403100775193,0.6060606060606061,0.4199475065616798,0.24746411288187445,0.4293409084822412,0.6102292768959435,0.16049382716049382,0.2727272727272727,32.0,13.0,68.0,52.0,0.6717353554037675,0.6959141681363904,0.22596930134258586,0.6440875178037718,0.08937731809619348,0.0050964449194026585,0.7023463771476265,,,,0.3107142857142857,0.3773809523809524,0.7814814814814814,0.8740740740740741,0.5993181818181819,0.7338896020539152,0.3437989921612542,0.4144406507330789,0.10759705306495665,0.24708272357351038,0.2957357983147221,0.41649525739826326,0.6181917661261793,0.6821779301802847,0.6477366255144034,0.6889917695473251,0.22943986302787756,0.24444377027724612,20260942,3,Europe,251,165,V1-V10_financial_only
PONE2016_h3_target_Europe,20260731,KELM_risk_feature,cost_1,165,84,0.3176473147041483,"Same-horizon leave-one-region-out transfer; source regions=Asia,North America; target region=Europe; source-only fit/search/calibration; target labels untouched until final evaluation; V1-V10 financial ratios only.",OOF HistGB risk is a forced KELM input; no score-level fusion.,Platt_logistic_on_separate_calibration_partition,0.5871943273998067,0.8214285714285714,0.41975308641975306,0.5948275862068966,0.69,0.6295620437956204,0.7632743362831859,0.2638756973004702,0.44976711539338227,0.6205908289241622,0.5802469135802469,0.703030303030303,69.0,47.0,34.0,15.0,0.6717353554037675,0.6959141681363904,0.22596930134258586,0.6440875178037718,0.08937731809619348,0.0050964449194026585,0.7023463771476265,1.0,0.37575757575757573,0.37575757575757573,0.8,0.8892857142857143,0.31481481481481477,0.45555555555555555,0.5609082269888678,0.6277532065457762,0.7437020648967552,0.8201896143072613,0.1855233498905166,0.37959657562292004,0.36681999949995764,0.5347382618626848,0.6258789429216198,0.7278367135455148,0.6494268077601411,0.7240593768371547,0.21666692152927725,0.24324355427130598,20260942,3,Europe,251,165,V1-V10_financial_only
PONE2016_h3_target_Europe,20260731,KELM_risk_feature,cost_2,165,84,0.3176473147041483,"Same-horizon leave-one-region-out transfer; source regions=Asia,North America; target region=Europe; source-only fit/search/calibration; target labels untouched until final evaluation; V1-V10 financial ratios only.",OOF HistGB risk is a forced KELM input; no score-level fusion.,Platt_logistic_on_separate_calibration_partition,0.5871943273998067,0.8214285714285714,0.41975308641975306,0.5948275862068966,0.69,0.6295620437956204,0.7632743362831859,0.2638756973004702,0.44976711539338227,0.6205908289241622,0.5802469135802469,0.703030303030303,69.0,47.0,34.0,15.0,0.6717353554037675,0.6959141681363904,0.22596930134258586,0.6440875178037718,0.08937731809619348,0.0050964449194026585,0.7023463771476265,2.0,0.4666666666666667,0.3092369477911647,0.763095238095238,0.8773809523809524,0.43209876543209874,0.4925925925925926,0.5864864864864865,0.6322023809523809,0.7242906455302823,0.8095042293233082,0.22196400162643046,0.36184883407418306,0.4208218347236917,0.5309492320376928,0.656148616298338,0.717201666561266,0.6793503821281599,0.726793062904174,0.21630103050596014,0.23344390041483382,20260942,3,Europe,251,165,V1-V10_financial_only
PONE2016_h3_target_Europe,20260731,KELM_risk_feature,cost_5,165,84,0.24014900378958703,"Same-horizon leave-one-region-out transfer; source regions=Asia,North America; target region=Europe; source-only fit/search/calibration; target labels untouched until final evaluation; V1-V10 financial ratios only.",OOF HistGB risk is a forced KELM input; no score-level fusion.,Platt_logistic_on_separate_calibration_partition,0.4726499774418475,0.9523809523809523,0.2345679012345679,0.5633802816901409,0.7079646017699115,0.6134969325153374,0.8368200836820083,0.2698341225725792,0.39209567382159766,0.5934744268077601,0.7654320987654321,0.8606060606060606,80.0,62.0,19.0,4.0,0.6717353554037675,0.6959141681363904,0.22596930134258586,0.6440875178037718,0.08937731809619348,0.0050964449194026585,0.7023463771476265,5.0,0.49696969696969695,0.16367265469061876,0.9523809523809523,0.975,0.2024691358024691,0.2938271604938271,0.5587784049790129,0.5834045881126173,0.8392835773265787,0.8506619628983668,0.2789758608301963,0.3309617816384648,0.3800876615426676,0.4525909082278168,0.6732131841079034,0.7685530857488994,0.7035567313345091,0.7577307466196356,0.201218273771335,0.22374186813701794,20260942,3,Europe,251,165,V1-V10_financial_only
PONE2016_h3_target_Europe,20260731,KELM_risk_feature,cost_10,165,84,0.24014900378958703,"Same-horizon leave-one-region-out transfer; source regions=Asia,North America; target region=Europe; source-only fit/search/calibration; target labels untouched until final evaluation; V1-V10 financial ratios only.",OOF HistGB risk is a forced KELM input; no score-level fusion.,Platt_logistic_on_separate_calibration_partition,0.4726499774418475,0.9523809523809523,0.2345679012345679,0.5633802816901409,0.7079646017699115,0.6134969325153374,0.8368200836820083,0.2698341225725792,0.39209567382159766,0.5934744268077601,0.7654320987654321,0.8606060606060606,80.0,62.0,19.0,4.0,0.6717353554037675,0.6959141681363904,0.22596930134258586,0.6440875178037718,0.08937731809619348,0.0050964449194026585,0.7023463771476265,10.0,0.6181818181818182,0.11074918566775244,0.8761904761904762,0.9845238095238096,0.19876543209876543,0.2333333333333333,0.5344231549067315,0.5711164697371595,0.7767948379140239,0.8600145833966293,0.11530197459719167,0.33263211984734437,0.274631328854461,0.42413396952808613,0.6762490019596006,0.7252830189860123,0.6510288065843621,0.7372868900646679,0.2108919839698432,0.24133806889044634,20260942,3,Europe,251,165,V1-V10_financial_only
PONE2016_h3_target_Europe,20260731,KELM_risk_feature,cost_20,165,84,0.24014900378958703,"Same-horizon leave-one-region-out transfer; source regions=Asia,North America; target region=Europe; source-only fit/search/calibration; target labels untouched until final evaluation; V1-V10 financial ratios only.",OOF HistGB risk is a forced KELM input; no score-level fusion.,Platt_logistic_on_separate_calibration_partition,0.4726499774418475,0.9523809523809523,0.2345679012345679,0.5633802816901409,0.7079646017699115,0.6134969325153374,0.8368200836820083,0.2698341225725792,0.39209567382159766,0.5934744268077601,0.7654320987654321,0.8606060606060606,80.0,62.0,19.0,4.0,0.6717353554037675,0.6959141681363904,0.22596930134258586,0.6440875178037718,0.08937731809619348,0.0050964449194026585,0.7023463771476265,20.0,0.8606060606060606,0.08063600227143668,0.8833333333333333,0.975,0.20987654320987653,0.31481481481481477,0.5387730792138178,0.5795842130907909,0.7839020952484211,0.8504658263524622,0.13836760077517976,0.314525982312516,0.29388995644259464,0.4324113834514817,0.6003091462470772,0.7154228530884277,0.61549088771311,0.7190182245737802,0.21757371254384517,0.2568791561422483,20260942,3,Europe,251,165,V1-V10_financial_only
PONE2016_h3_target_Europe,20260731,Full_PBMSBAINGO,triad,165,84,0.7653079781890235,"Same-horizon leave-one-region-out transfer; source regions=Asia,North America; target region=Europe; source-only fit/search/calibration; target labels untouched until final evaluation; V1-V10 financial ratios only.",Risk feature plus score fusion; alpha=0.10 selected only on search partition.,Platt_logistic_on_separate_calibration_partition,0.4933419132673033,0.27380952380952384,0.8888888888888888,0.71875,0.39655172413793105,0.5424528301886793,0.3125,0.20571438361526492,0.3685702088765836,0.5813492063492063,0.1111111111111111,0.19393939393939394,23.0,9.0,72.0,61.0,0.6846606169346559,0.7031158142269254,0.22567136164483942,0.6434758596477552,0.059407047666360416,-0.042183399130361635,0.8226237888782484,,,,0.24404761904761904,0.32023809523809527,0.8530864197530864,0.9802469135802468,0.6498759305210918,0.9441724941724942,0.27883375816706224,0.359230352303523,0.13741130242913624,0.3801665042872543,0.3067242540784965,0.4806186539370449,0.6707510844538097,0.8030098172626016,0.7031305114638448,0.7929306290417403,0.19692339178371568,0.22749287349810768,20261038,3,Europe,251,165,V1-V10_financial_only
PONE2016_h3_target_Europe,20260731,Full_PBMSBAINGO,cost_1,165,84,0.7645843948931025,"Same-horizon leave-one-region-out transfer; source regions=Asia,North America; target region=Europe; source-only fit/search/calibration; target labels untouched until final evaluation; V1-V10 financial ratios only.",Risk feature plus score fusion; alpha=0.10 selected only on search partition.,Platt_logistic_on_separate_calibration_partition,0.4933419132673033,0.27380952380952384,0.8888888888888888,0.71875,0.39655172413793105,0.5424528301886793,0.3125,0.20571438361526492,0.3685702088765836,0.5813492063492063,0.1111111111111111,0.19393939393939394,23.0,9.0,72.0,61.0,0.6846606169346559,0.7031158142269254,0.22567136164483942,0.6434758596477552,0.059407047666360416,-0.042183399130361635,0.8226237888782484,1.0,0.42424242424242425,0.42424242424242425,0.18214285714285713,0.30952380952380953,0.8567901234567902,0.9382716049382716,0.6553775743707094,0.8363201911589009,0.21295303204500035,0.3535604482070262,0.12149777934917913,0.31247057352339497,0.2708729113196253,0.4469496561569446,0.6584029232313681,0.7775238414850041,0.6696502057613168,0.7715020576131686,0.20390929582663864,0.23410103637860596,20261038,3,Europe,251,165,V1-V10_financial_only
PONE2016_h3_target_Europe,20260731,Full_PBMSBAINGO,cost_2,165,84,0.3042397365539466,"Same-horizon leave-one-region-out transfer; source regions=Asia,North America; target region=Europe; source-only fit/search/calibration; target labels untouched until final evaluation; V1-V10 financial ratios only.",Risk feature plus score fusion; alpha=0.10 selected only on search partition.,Platt_logistic_on_separate_calibration_partition,0.42776231676863063,0.9880952380952381,0.18518518518518517,0.5570469798657718,0.7124463519313304,0.6102941176470589,0.8556701030927835,0.29273761289454403,0.3769593540100871,0.5866402116402116,0.8148148148148148,0.9030303030303031,83.0,66.0,15.0,1.0,0.6846606169346559,0.7031158142269254,0.22567136164483942,0.6434758596477552,0.059407047666360416,-0.042183399130361635,0.8226237888782484,2.0,0.4121212121212121,0.27309236947791166,0.9642857142857143,0.9988095238095238,0.12345679012345678,0.20617283950617282,0.5335013670539986,0.5655405405405405,0.83060391545861,0.8656856130882105,0.16884166931899794,0.33317261657857766,0.271859212107669,0.4086657450343821,0.647164123605324,0.732777568326664,0.6495002939447384,0.7372134038800705,0.21075836582002255,0.24192027931280535,20261038,3,Europe,251,165,V1-V10_financial_only
PONE2016_h3_target_Europe,20260731,Full_PBMSBAINGO,cost_5,165,84,0.3042397365539466,"Same-horizon leave-one-region-out transfer; source regions=Asia,North America; target region=Europe; source-only fit/search/calibration; target labels untouched until final evaluation; V1-V10 financial ratios only.",Risk feature plus score fusion; alpha=0.10 selected only on search partition.,Platt_logistic_on_separate_calibration_partition,0.42776231676863063,0.9880952380952381,0.18518518518518517,0.5570469798657718,0.7124463519313304,0.6102941176470589,0.8556701030927835,0.29273761289454403,0.3769593540100871,0.5866402116402116,0.8148148148148148,0.9030303030303031,83.0,66.0,15.0,1.0,0.6846606169346559,0.7031158142269254,0.22567136164483942,0.6434758596477552,0.059407047666360416,-0.042183399130361635,0.8226237888782484,5.0,0.4303030303030303,0.14171656686626746,0.9773809523809524,0.9988095238095238,0.1037037037037037,0.1839506172839506,0.5331507896077432,0.5593333333333333,0.8420497988347441,0.8631687242798354,0.19440014752377646,0.31781352705267313,0.27055138173231585,0.38791335333381205,0.6163082119486687,0.7787827360292686,0.64538506760729,0.7819811875367431,0.19854576416730976,0.2451440355583771,20261038,3,Europe,251,165,V1-V10_financial_only
PONE2016_h3_target_Europe,20260731,Full_PBMSBAINGO,cost_10,165,84,0.29287108907921466,"Same-horizon leave-one-region-out transfer; source regions=Asia,North America; target region=Europe; source-only fit/search/calibration; target labels untouched until final evaluation; V1-V10 financial ratios only.",Risk feature plus score fusion; alpha=0.10 selected only on search partition.,Platt_logistic_on_separate_calibration_partition,0.1111111111111111,1.0,0.012345679012345678,0.5121951219512195,0.6774193548387096,0.5675675675675675,0.84,0.07951978726894965,0.0993871102945748,0.5061728395061729,0.9876543209876543,0.9939393939393939,84.0,80.0,1.0,0.0,0.6846606169346559,0.7031158142269254,0.22567136164483942,0.6434758596477552,0.059407047666360416,-0.042183399130361635,0.8226237888782484,10.0,0.48484848484848486,0.08686210640608034,1.0,1.0,0.0,0.03580246913580246,0.509090909090909,0.5182004089979549,0.8383233532934131,0.84320448125166,0.0,0.13600215261622073,0.0,0.16931612388165457,0.6141900907918868,0.7748713067996937,0.6380511463844797,0.774294532627866,0.2012559249221623,0.2435653597371861,20261038,3,Europe,251,165,V1-V10_financial_only
PONE2016_h3_target_Europe,20260731,Full_PBMSBAINGO,cost_20,165,84,0.29287108907921466,"Same-horizon leave-one-region-out transfer; source regions=Asia,North America; target region=Europe; source-only fit/search/calibration; target labels untouched until final evaluation; V1-V10 financial ratios only.",Risk feature plus score fusion; alpha=0.10 selected only on search partition.,Platt_logistic_on_separate_calibration_partition,0.1111111111111111,1.0,0.012345679012345678,0.5121951219512195,0.6774193548387096,0.5675675675675675,0.84,0.07951978726894965,0.0993871102945748,0.5061728395061729,0.9876543209876543,0.9939393939393939,84.0,80.0,1.0,0.0,0.6846606169346559,0.7031158142269254,0.22567136164483942,0.6434758596477552,0.059407047666360416,-0.042183399130361635,0.8226237888782484,20.0,0.48484848484848486,0.045428733674048836,1.0,1.0,0.012345679012345678,0.046913580246913576,0.5121951219512195,0.5210989597225927,0.84,0.8447317169550368,0.07951978726894965,0.15574326342667905,0.0993871102945748,0.1935179085852278,0.6442920536237021,0.7181484109301552,0.6482657260435039,0.7387713109935333,0.21073644226278684,0.24404197003783973,20261038,3,Europe,251,165,V1-V10_financial_only
PONE2016_h3_target_Europe,20260731,Uncertainty_gated_fusion,triad,165,84,0.7126528234669934,"Same-horizon leave-one-region-out transfer; source regions=Asia,North America; target region=Europe; source-only fit/search/calibration; target labels untouched until final evaluation; V1-V10 financial ratios only.","One-standard-error paired-bootstrap gate selected KELM_risk_feature; search utility difference=-0.1210, required margin=0.1159.",Platt_logistic_on_separate_calibration_partition,0.5655191202492016,0.38095238095238093,0.8395061728395061,0.7111111111111111,0.49612403100775193,0.6060606060606061,0.4199475065616798,0.24746411288187445,0.4293409084822412,0.6102292768959435,0.16049382716049382,0.2727272727272727,32.0,13.0,68.0,52.0,0.6717353554037675,0.6959141681363904,0.22596930134258586,0.6440875178037718,0.08937731809619348,0.0050964449194026585,0.7023463771476265,,,,0.24047619047619048,0.4142857142857143,0.7827160493827161,0.8617283950617284,0.597640306122449,0.7464285714285714,0.27259669678147935,0.45251196172248803,0.09082371384063073,0.2882128116545813,0.2615686276702617,0.46100129416628466,0.6064769565911791,0.6834281590016928,0.627013521457966,0.7365961199294533,0.20958032433301402,0.25123888498882124,20261084,3,Europe,251,165,V1-V10_financial_only
PONE2016_h3_target_Europe,20260731,Uncertainty_gated_fusion,cost_1,165,84,0.3176473147041483,"Same-horizon leave-one-region-out transfer; source regions=Asia,North America; target region=Europe; source-only fit/search/calibration; target labels untouched until final evaluation; V1-V10 financial ratios only.","One-standard-error paired-bootstrap gate selected KELM_risk_feature; search utility difference=-0.1210, required margin=0.1159.",Platt_logistic_on_separate_calibration_partition,0.5871943273998067,0.8214285714285714,0.41975308641975306,0.5948275862068966,0.69,0.6295620437956204,0.7632743362831859,0.2638756973004702,0.44976711539338227,0.6205908289241622,0.5802469135802469,0.703030303030303,69.0,47.0,34.0,15.0,0.6717353554037675,0.6959141681363904,0.22596930134258586,0.6440875178037718,0.08937731809619348,0.0050964449194026585,0.7023463771476265,1.0,0.37575757575757573,0.37575757575757573,0.7654761904761904,0.8333333333333334,0.32469135802469135,0.4641975308641975,0.5538634966181595,0.6173511837228651,0.7150517633813848,0.7788217132012764,0.15169265533212759,0.3207878614191827,0.3417301020772876,0.4986944893261724,0.6346529433850764,0.734631787386593,0.6259700176366843,0.7279394473838918,0.21400189650182072,0.2507251041724958,20261084,3,Europe,251,165,V1-V10_financial_only
PONE2016_h3_target_Europe,20260731,Uncertainty_gated_fusion,cost_2,165,84,0.3176473147041483,"Same-horizon leave-one-region-out transfer; source regions=Asia,North America; target region=Europe; source-only fit/search/calibration; target labels untouched until final evaluation; V1-V10 financial ratios only.","One-standard-error paired-bootstrap gate selected KELM_risk_feature; search utility difference=-0.1210, required margin=0.1159.",Platt_logistic_on_separate_calibration_partition,0.5871943273998067,0.8214285714285714,0.41975308641975306,0.5948275862068966,0.69,0.6295620437956204,0.7632743362831859,0.2638756973004702,0.44976711539338227,0.6205908289241622,0.5802469135802469,0.703030303030303,69.0,47.0,34.0,15.0,0.6717353554037675,0.6959141681363904,0.22596930134258586,0.6440875178037718,0.08937731809619348,0.0050964449194026585,0.7023463771476265,2.0,0.4666666666666667,0.3092369477911647,0.8,0.8904761904761905,0.3530864197530864,0.46543209876543207,0.5625,0.6249536707056308,0.7376808845839655,0.8169434229679,0.17234515739128395,0.3559081631616401,0.3646583803475815,0.5214323372635569,0.6659795857609463,0.8050906351915537,0.6784832451499118,0.7781599059376838,0.193012674601114,0.23232051565131087,20261084,3,Europe,251,165,V1-V10_financial_only
PONE2016_h3_target_Europe,20260731,Uncertainty_gated_fusion,cost_5,165,84,0.24014900378958703,"Same-horizon leave-one-region-out transfer; source regions=Asia,North America; target region=Europe; source-only fit/search/calibration; target labels untouched until final evaluation; V1-V10 financial ratios only.","One-standard-error paired-bootstrap gate selected KELM_risk_feature; search utility difference=-0.1210, required margin=0.1159.",Platt_logistic_on_separate_calibration_partition,0.4726499774418475,0.9523809523809523,0.2345679012345679,0.5633802816901409,0.7079646017699115,0.6134969325153374,0.8368200836820083,0.2698341225725792,0.39209567382159766,0.5934744268077601,0.7654320987654321,0.8606060606060606,80.0,62.0,19.0,4.0,0.6717353554037675,0.6959141681363904,0.22596930134258586,0.6440875178037718,0.08937731809619348,0.0050964449194026585,0.7023463771476265,5.0,0.49696969696969695,0.16367265469061876,0.9404761904761905,0.9976190476190476,0.16296296296296295,0.291358024691358,0.5478620689655173,0.5792226890756302,0.8305351801737645,0.8621399176954732,0.2400475920014973,0.32092642826119794,0.3383404427516499,0.43756843401038215,0.6134319047292252,0.7155538719182323,0.654320987654321,0.7343327454438566,0.21303553279829704,0.24201427110754456,20261084,3,Europe,251,165,V1-V10_financial_only
PONE2016_h3_target_Europe,20260731,Uncertainty_gated_fusion,cost_10,165,84,0.24014900378958703,"Same-horizon leave-one-region-out transfer; source regions=Asia,North America; target region=Europe; source-only fit/search/calibration; target labels untouched until final evaluation; V1-V10 financial ratios only.","One-standard-error paired-bootstrap gate selected KELM_risk_feature; search utility difference=-0.1210, required margin=0.1159.",Platt_logistic_on_separate_calibration_partition,0.4726499774418475,0.9523809523809523,0.2345679012345679,0.5633802816901409,0.7079646017699115,0.6134969325153374,0.8368200836820083,0.2698341225725792,0.39209567382159766,0.5934744268077601,0.7654320987654321,0.8606060606060606,80.0,62.0,19.0,4.0,0.6717353554037675,0.6959141681363904,0.22596930134258586,0.6440875178037718,0.08937731809619348,0.0050964449194026585,0.7023463771476265,10.0,0.6181818181818182,0.11074918566775244,0.930952380952381,0.9976190476190476,0.17530864197530863,0.2567901234567901,0.5404759592034968,0.5708374384236453,0.8134117380979307,0.8646205285380544,0.166784467243869,0.3307269166929455,0.3021261227515133,0.41629837972213757,0.6039089775795496,0.732145658620916,0.6439888300999411,0.7186360964138742,0.21781701181108262,0.24756229929324333,20261084,3,Europe,251,165,V1-V10_financial_only
PONE2016_h3_target_Europe,20260731,Uncertainty_gated_fusion,cost_20,165,84,0.24014900378958703,"Same-horizon leave-one-region-out transfer; source regions=Asia,North America; target region=Europe; source-only fit/search/calibration; target labels untouched until final evaluation; V1-V10 financial ratios only.","One-standard-error paired-bootstrap gate selected KELM_risk_feature; search utility difference=-0.1210, required margin=0.1159.",Platt_logistic_on_separate_calibration_partition,0.4726499774418475,0.9523809523809523,0.2345679012345679,0.5633802816901409,0.7079646017699115,0.6134969325153374,0.8368200836820083,0.2698341225725792,0.39209567382159766,0.5934744268077601,0.7654320987654321,0.8606060606060606,80.0,62.0,19.0,4.0,0.6717353554037675,0.6959141681363904,0.22596930134258586,0.6440875178037718,0.08937731809619348,0.0050964449194026585,0.7023463771476265,20.0,0.8606060606060606,0.08063600227143668,0.930952380952381,0.9857142857142858,0.18518518518518517,0.24320987654320986,0.5480802623962956,0.5667193789534215,0.8172971752981822,0.8555516572240414,0.20139168913212646,0.30299081931266,0.33646756253505367,0.40359988752207016,0.6233761108377136,0.7315249302412851,0.6208553791887125,0.7309670781893004,0.21182844407474233,0.2554270828553395,20261084,3,Europe,251,165,V1-V10_financial_only
PONE2016_h3_target_Europe,20260731,Full_random_search,triad,165,84,0.7729262940598516,"Same-horizon leave-one-region-out transfer; source regions=Asia,North America; target region=Europe; source-only fit/search/calibration; target labels untouched until final evaluation; V1-V10 financial ratios only.",Same full architecture and 81 evaluations as PBMSBAINGO; alpha=0.30.,Platt_logistic_on_separate_calibration_partition,0.4933419132673033,0.27380952380952384,0.8888888888888888,0.71875,0.39655172413793105,0.5424528301886793,0.3125,0.20571438361526492,0.3685702088765836,0.5813492063492063,0.1111111111111111,0.19393939393939394,23.0,9.0,72.0,61.0,0.6911317278439255,0.699294532627866,0.22573548554383355,0.6437394597475454,0.08827575905113638,-0.011667239744885764,0.7844179192921137,,,,0.17142857142857143,0.29166666666666663,0.8172839506172839,0.9234567901234568,0.4950888192267503,0.7444444444444445,0.19746461817906608,0.3295196258414197,-0.012192268220810015,0.19852088210634145,0.026863389720385655,0.36643556035010705,0.594756452825287,0.7006810034471295,0.5941358024691358,0.7096119929453262,0.21854689218900222,0.2673605660079789,20261132,3,Europe,251,165,V1-V10_financial_only
PONE2016_h3_target_Europe,20260731,Full_random_search,cost_1,165,84,0.7722049395801082,"Same-horizon leave-one-region-out transfer; source regions=Asia,North America; target region=Europe; source-only fit/search/calibration; target labels untouched until final evaluation; V1-V10 financial ratios only.",Same full architecture and 81 evaluations as PBMSBAINGO; alpha=0.30.,Platt_logistic_on_separate_calibration_partition,0.4933419132673033,0.27380952380952384,0.8888888888888888,0.71875,0.39655172413793105,0.5424528301886793,0.3125,0.20571438361526492,0.3685702088765836,0.5813492063492063,0.1111111111111111,0.19393939393939394,23.0,9.0,72.0,61.0,0.6911317278439255,0.699294532627866,0.22573548554383355,0.6437394597475454,0.08827575905113638,-0.011667239744885764,0.7844179192921137,1.0,0.42424242424242425,0.42424242424242425,0.24285714285714285,0.3821428571428571,0.8320987654320988,0.9111111111111111,0.6,0.8152272727272727,0.2756756756756757,0.4274671337138903,0.0926430655277079,0.34354427369456086,0.26313290419504565,0.49204960274567755,0.6363968827947724,0.7614194358817311,0.6471928277483834,0.7347148736037624,0.2176282706052862,0.24455823199123253,20261132,3,Europe,251,165,V1-V10_financial_only
PONE2016_h3_target_Europe,20260731,Full_random_search,cost_2,165,84,0.30890352109725056,"Same-horizon leave-one-region-out transfer; source regions=Asia,North America; target region=Europe; source-only fit/search/calibration; target labels untouched until final evaluation; V1-V10 financial ratios only.",Same full architecture and 81 evaluations as PBMSBAINGO; alpha=0.30.,Platt_logistic_on_separate_calibration_partition,0.5389038889528565,0.9047619047619048,0.32098765432098764,0.5801526717557252,0.7069767441860465,0.625,0.8137044967880086,0.2790191150010967,0.4327318526645933,0.6128747795414462,0.6790123456790124,0.793939393939394,76.0,55.0,26.0,8.0,0.6911317278439255,0.699294532627866,0.22573548554383355,0.6437394597475454,0.08827575905113638,-0.011667239744885764,0.7844179192921137,2.0,0.4303030303030303,0.285140562248996,0.8047619047619048,0.9464285714285714,0.2839506172839506,0.3061728395061728,0.5381251908396947,0.5858027421494914,0.7321714734284931,0.8426692204835387,0.10454844378079314,0.33091202903003863,0.28645749382768165,0.4572332703689599,0.6319567308498147,0.7373782218433349,0.6298353909465021,0.7344209288653732,0.21066840994356928,0.2461990895482216,20261132,3,Europe,251,165,V1-V10_financial_only
PONE2016_h3_target_Europe,20260731,Full_random_search,cost_5,165,84,0.274733661511648,"Same-horizon leave-one-region-out transfer; source regions=Asia,North America; target region=Europe; source-only fit/search/calibration; target labels untouched until final evaluation; V1-V10 financial ratios only.",Same full architecture and 81 evaluations as PBMSBAINGO; alpha=0.30.,Platt_logistic_on_separate_calibration_partition,0.29221729329739815,0.9880952380952381,0.08641975308641975,0.5286624203821656,0.6887966804979253,0.5828651685393258,0.8417849898580122,0.17343270076644637,0.24557318233580513,0.5372574955908289,0.9135802469135802,0.9515151515151515,83.0,74.0,7.0,1.0,0.6911317278439255,0.699294532627866,0.22573548554383355,0.6437394597475454,0.08827575905113638,-0.011667239744885764,0.7844179192921137,5.0,0.47878787878787876,0.15768463073852296,0.9761904761904762,1.0,0.027160493827160494,0.09629629629629628,0.5153760080256202,0.5289592209373098,0.8289576004443622,0.8483137829912024,0.07274630571665414,0.1960416969232823,0.1415046563786158,0.24712433593123326,0.6924222792911714,0.7918109332267022,0.6792328042328043,0.7764550264550265,0.19741541963539527,0.2325080896801133,20261132,3,Europe,251,165,V1-V10_financial_only
PONE2016_h3_target_Europe,20260731,Full_random_search,cost_10,165,84,0.274733661511648,"Same-horizon leave-one-region-out transfer; source regions=Asia,North America; target region=Europe; source-only fit/search/calibration; target labels untouched until final evaluation; V1-V10 financial ratios only.",Same full architecture and 81 evaluations as PBMSBAINGO; alpha=0.30.,Platt_logistic_on_separate_calibration_partition,0.29221729329739815,0.9880952380952381,0.08641975308641975,0.5286624203821656,0.6887966804979253,0.5828651685393258,0.8417849898580122,0.17343270076644637,0.24557318233580513,0.5372574955908289,0.9135802469135802,0.9515151515151515,83.0,74.0,7.0,1.0,0.6911317278439255,0.699294532627866,0.22573548554383355,0.6437394597475454,0.08827575905113638,-0.011667239744885764,0.7844179192921137,10.0,0.509090909090909,0.09120521172638436,0.9880952380952381,1.0,0.07407407407407407,0.12098765432098764,0.5256149988058276,0.5412451201972468,0.8404224679898621,0.8550501315773167,0.1579003024647132,0.25578260766799493,0.22634968987042828,0.3138501009092577,0.672568797788029,0.7609646026667943,0.653777189888301,0.7432539682539683,0.20919401119544417,0.24511080933806023,20261132,3,Europe,251,165,V1-V10_financial_only
PONE2016_h3_target_Europe,20260731,Full_random_search,cost_20,165,84,0.274733661511648,"Same-horizon leave-one-region-out transfer; source regions=Asia,North America; target region=Europe; source-only fit/search/calibration; target labels untouched until final evaluation; V1-V10 financial ratios only.",Same full architecture and 81 evaluations as PBMSBAINGO; alpha=0.30.,Platt_logistic_on_separate_calibration_partition,0.29221729329739815,0.9880952380952381,0.08641975308641975,0.5286624203821656,0.6887966804979253,0.5828651685393258,0.8417849898580122,0.17343270076644637,0.24557318233580513,0.5372574955908289,0.9135802469135802,0.9515151515151515,83.0,74.0,7.0,1.0,0.6911317278439255,0.699294532627866,0.22573548554383355,0.6437394597475454,0.08827575905113638,-0.011667239744885764,0.7844179192921137,20.0,0.5696969696969697,0.05337876206700738,0.9642857142857143,1.0,0.025925925925925925,0.10987654320987654,0.506568396226415,0.5354386685843435,0.8166972140762463,0.8517545228338439,-0.028578624865059486,0.22832247602287653,0.005015443928058406,0.2835939222649996,0.6210190426440424,0.7038080561435083,0.6327895355673133,0.7244415049970605,0.21732080183753666,0.24369387355964314,20261132,3,Europe,251,165,V1-V10_financial_only
PONE2016_h3_target_Europe,20260731,Balanced_logistic,triad,165,84,0.5851531214556651,"Same-horizon leave-one-region-out transfer; source regions=Asia,North America; target region=Europe; source-only fit/search/calibration; target labels untouched until final evaluation; V1-V10 financial ratios only.",Class-weighted logistic reference using the same source-only fit/search/calibration and untouched regional target.,Platt_logistic_on_separate_calibration_partition,0.6169752314428771,0.44047619047619047,0.8641975308641975,0.7708333333333334,0.5606060606060606,0.6702898550724637,0.4817708333333333,0.33535408434020625,0.5035157034823443,0.652336860670194,0.13580246913580246,0.2909090909090909,37.0,11.0,70.0,47.0,0.7118554167414453,0.7091416813639035,0.21576791254240654,0.6611578058351401,0.09449866878647806,0.08037447190316642,0.5485781441129249,,,,0.32023809523809527,0.5333333333333333,0.8160493827160493,0.8876543209876543,0.6591379310344828,0.8291666666666667,0.3568621187711794,0.5737992971495509,0.17324386159566751,0.44335004950028156,0.3571524495454227,0.5918786713331693,0.6527731634730566,0.8116484762009443,0.6678571428571428,0.7768959435626104,0.1887049879267598,0.23562571727043335,20262032,3,Europe,251,165,V1-V10_financial_only
PONE2016_h3_target_Europe,20260731,Balanced_logistic,cost_1,165,84,0.5343576017629494,"Same-horizon leave-one-region-out transfer; source regions=Asia,North America; target region=Europe; source-only fit/search/calibration; target labels untouched until final evaluation; V1-V10 financial ratios only.",Class-weighted logistic reference using the same source-only fit/search/calibration and untouched regional target.,Platt_logistic_on_separate_calibration_partition,0.6258445205509001,0.4880952380952381,0.8024691358024691,0.7192982456140351,0.5815602836879432,0.657051282051282,0.5216284987277354,0.30547467488707325,0.49276067322274575,0.6452821869488536,0.19753086419753085,0.34545454545454546,41.0,16.0,65.0,43.0,0.7118554167414453,0.7091416813639035,0.21576791254240654,0.6611578058351401,0.09449866878647806,0.08037447190316642,0.5485781441129249,1.0,0.3575757575757576,0.3575757575757576,0.4107142857142857,0.5107142857142857,0.7012345679012345,0.8864197530864197,0.6308457711442786,0.8126938775510204,0.4458669719243282,0.5419825988629582,0.19639832200116641,0.39522076669062606,0.40685161100925726,0.5499983040619782,0.6957259232445637,0.7930878216097526,0.6842151675485009,0.7738830099941211,0.19613262287375302,0.2234035680143055,20262032,3,Europe,251,165,V1-V10_financial_only
PONE2016_h3_target_Europe,20260731,Balanced_logistic,cost_2,165,84,0.35121809802522974,"Same-horizon leave-one-region-out transfer; source regions=Asia,North America; target region=Europe; source-only fit/search/calibration; target labels untouched until final evaluation; V1-V10 financial ratios only.",Class-weighted logistic reference using the same source-only fit/search/calibration and untouched regional target.,Platt_logistic_on_separate_calibration_partition,0.5953968042384461,0.7976190476190477,0.4444444444444444,0.5982142857142857,0.6836734693877551,0.6296992481203008,0.7477678571428571,0.2591579289043221,0.4512243205944816,0.621031746031746,0.5555555555555556,0.6787878787878788,67.0,45.0,36.0,17.0,0.7118554167414453,0.7091416813639035,0.21576791254240654,0.6611578058351401,0.09449866878647806,0.08037447190316642,0.5485781441129249,2.0,0.47878787878787876,0.3172690763052209,0.8,0.8666666666666667,0.38641975308641974,0.5469135802469136,0.5936291000841043,0.6470440360610263,0.763115588525813,0.7938801071089229,0.2663814849640078,0.35920343687492357,0.45059468652922,0.5394655450490622,0.7237498832272934,0.7568361305473031,0.7216784244562022,0.7638741916519693,0.19918467327872805,0.21053108793947217,20262032,3,Europe,251,165,V1-V10_financial_only
PONE2016_h3_target_Europe,20260731,Balanced_logistic,cost_5,165,84,0.1050160200326777,"Same-horizon leave-one-region-out transfer; source regions=Asia,North America; target region=Europe; source-only fit/search/calibration; target labels untouched until final evaluation; V1-V10 financial ratios only.",Class-weighted logistic reference using the same source-only fit/search/calibration and untouched regional target.,Platt_logistic_on_separate_calibration_partition,0.2721655269759087,1.0,0.07407407407407407,0.5283018867924528,0.691358024691358,0.5833333333333334,0.8484848484848485,0.1978218215863388,0.24470723472325553,0.537037037037037,0.9259259259259259,0.9636363636363636,84.0,75.0,6.0,0.0,0.7118554167414453,0.7091416813639035,0.21576791254240654,0.6611578058351401,0.09449866878647806,0.08037447190316642,0.5485781441129249,5.0,0.45454545454545453,0.1497005988023952,1.0,1.0,0.05185185185185185,0.1111111111111111,0.5223954060705496,0.5384615384615384,0.845411865130175,0.8536585365853658,0.16424520586155691,0.24459979523511427,0.20391883709143965,0.30065691245211484,0.683748599775926,0.7487465340698025,0.663477366255144,0.7394767783656672,0.20614811532707344,0.22854321211769446,20262032,3,Europe,251,165,V1-V10_financial_only
PONE2016_h3_target_Europe,20260731,Balanced_logistic,cost_10,165,84,0.1050160200326777,"Same-horizon leave-one-region-out transfer; source regions=Asia,North America; target region=Europe; source-only fit/search/calibration; target labels untouched until final evaluation; V1-V10 financial ratios only.",Class-weighted logistic reference using the same source-only fit/search/calibration and untouched regional target.,Platt_logistic_on_separate_calibration_partition,0.2721655269759087,1.0,0.07407407407407407,0.5283018867924528,0.691358024691358,0.5833333333333334,0.8484848484848485,0.1978218215863388,0.24470723472325553,0.537037037037037,0.9259259259259259,0.9636363636363636,84.0,75.0,6.0,0.0,0.7118554167414453,0.7091416813639035,0.21576791254240654,0.6611578058351401,0.09449866878647806,0.08037447190316642,0.5485781441129249,10.0,0.45454545454545453,0.08143322475570032,1.0,1.0,0.025925925925925925,0.10864197530864196,0.515655532833447,0.5377799415774099,0.8418523794577105,0.853312925841809,0.11538014783518916,0.24157452561308534,0.14387774679675,0.2970504314440172,0.6394214812720556,0.7480842665808315,0.6128747795414462,0.7250000000000001,0.2106070063426268,0.24826423290780894,20262032,3,Europe,251,165,V1-V10_financial_only
PONE2016_h3_target_Europe,20260731,Balanced_logistic,cost_20,165,84,0.1050160200326777,"Same-horizon leave-one-region-out transfer; source regions=Asia,North America; target region=Europe; source-only fit/search/calibration; target labels untouched until final evaluation; V1-V10 financial ratios only.",Class-weighted logistic reference using the same source-only fit/search/calibration and untouched regional target.,Platt_logistic_on_separate_calibration_partition,0.2721655269759087,1.0,0.07407407407407407,0.5283018867924528,0.691358024691358,0.5833333333333334,0.8484848484848485,0.1978218215863388,0.24470723472325553,0.537037037037037,0.9259259259259259,0.9636363636363636,84.0,75.0,6.0,0.0,0.7118554167414453,0.7091416813639035,0.21576791254240654,0.6611578058351401,0.09449866878647806,0.08037447190316642,0.5485781441129249,20.0,0.45454545454545453,0.04258943781942078,1.0,1.0,0.07530864197530864,0.13456790123456788,0.5286362550752328,0.5451026392961876,0.8486566065513435,0.8569682862961885,0.19947434932918742,0.27081509406709015,0.24669572148804386,0.33151989242871854,0.6182357650075337,0.7699570705277882,0.6405202821869489,0.7571428571428572,0.2024921509333935,0.24456282658885561,20262032,3,Europe,251,165,V1-V10_financial_only
PONE2016_h3_target_North_America,20260731,HistGB,triad,159,81,0.7045357492619897,"Same-horizon leave-one-region-out transfer; source regions=Asia,Europe; target region=North America; source-only fit/search/calibration; target labels untouched until final evaluation; V1-V10 financial ratios only.",No metaheuristic; threshold and Platt calibration use calibration partition.,Platt_logistic_on_separate_calibration_partition,0.5229763603684908,0.2962962962962963,0.9230769230769231,0.8,0.43243243243243246,0.5970149253731343,0.3389830508474576,0.28029666917797874,0.424809301978894,0.6096866096866097,0.07692307692307693,0.18867924528301888,24.0,6.0,72.0,57.0,0.7425057484630788,0.7581513137068693,0.20819863601416055,0.6053359530164972,0.08778267966484377,0.41949899899776066,0.9980262905262238,,,,0.2604938271604938,0.3197530864197531,0.8974358974358975,0.9615384615384616,0.7267241379310345,0.8961822660098522,0.29904441377529195,0.3669561228431625,0.2067203016240194,0.36462920664395115,0.36529507200465094,0.4821758683966135,0.6859967349790124,0.8007498331515762,0.663105413105413,0.7729344729344729,0.19731362114013107,0.2463989216410899,20260731,3,North America,257,159,V1-V10_financial_only
PONE2016_h3_target_North_America,20260731,HistGB,cost_1,159,81,0.24813772203518492,"Same-horizon leave-one-region-out transfer; source regions=Asia,Europe; target region=North America; source-only fit/search/calibration; target labels untouched until final evaluation; V1-V10 financial ratios only.",No metaheuristic; threshold and Platt calibration use calibration partition.,Platt_logistic_on_separate_calibration_partition,0.659385691644159,0.8271604938271605,0.5256410256410257,0.6442307692307693,0.7243243243243244,0.6740442655935613,0.7827102803738317,0.3707850740461613,0.5442524930069866,0.6764007597340931,0.47435897435897434,0.6540880503144654,67.0,37.0,41.0,14.0,0.7425057484630788,0.7581513137068693,0.20819863601416055,0.6053359530164972,0.08778267966484377,0.41949899899776066,0.9980262905262238,1.0,0.32075471698113206,0.32075471698113206,0.7901234567901234,0.8728395061728395,0.41666666666666663,0.5628205128205128,0.5977944862155389,0.6745908460471568,0.746978789531981,0.8243805374952915,0.27737875040155546,0.45952961222409544,0.45845109391019634,0.6088364712878626,0.6959761445280059,0.8046937222882931,0.717505539727762,0.7904874960430516,0.19944585684264463,0.22592745478623408,20260731,3,North America,257,159,V1-V10_financial_only
PONE2016_h3_target_North_America,20260731,HistGB,cost_2,159,81,0.24813772203518492,"Same-horizon leave-one-region-out transfer; source regions=Asia,Europe; target region=North America; source-only fit/search/calibration; target labels untouched until final evaluation; V1-V10 financial ratios only.",No metaheuristic; threshold and Platt calibration use calibration partition.,Platt_logistic_on_separate_calibration_partition,0.659385691644159,0.8271604938271605,0.5256410256410257,0.6442307692307693,0.7243243243243244,0.6740442655935613,0.7827102803738317,0.3707850740461613,0.5442524930069866,0.6764007597340931,0.47435897435897434,0.6540880503144654,67.0,37.0,41.0,14.0,0.7425057484630788,0.7581513137068693,0.20819863601416055,0.6053359530164972,0.08778267966484377,0.41949899899776066,0.9980262905262238,2.0,0.4088050314465409,0.2708333333333333,0.8172839506172839,0.8629629629629629,0.4923076923076923,0.6012820512820513,0.6260916442048517,0.6864986498649864,0.7710759250096212,0.813734610123119,0.32943205395394853,0.45833729977763943,0.5099273251130525,0.6132300354927452,0.6965233450256562,0.7575427663549583,0.7206710984488762,0.7778569167458056,0.20241711987051256,0.21670385674642617,20260731,3,North America,257,159,V1-V10_financial_only
PONE2016_h3_target_North_America,20260731,HistGB,cost_5,159,81,0.24813772203518492,"Same-horizon leave-one-region-out transfer; source regions=Asia,Europe; target region=North America; source-only fit/search/calibration; target labels untouched until final evaluation; V1-V10 financial ratios only.",No metaheuristic; threshold and Platt calibration use calibration partition.,Platt_logistic_on_separate_calibration_partition,0.659385691644159,0.8271604938271605,0.5256410256410257,0.6442307692307693,0.7243243243243244,0.6740442655935613,0.7827102803738317,0.3707850740461613,0.5442524930069866,0.6764007597340931,0.47435897435897434,0.6540880503144654,67.0,37.0,41.0,14.0,0.7425057484630788,0.7581513137068693,0.20819863601416055,0.6053359530164972,0.08778267966484377,0.41949899899776066,0.9980262905262238,5.0,0.6729559748427673,0.22153209109730848,0.8271604938271605,0.8518518518518519,0.5179487179487179,0.5897435897435898,0.6406223479490806,0.6831683168316832,0.7816207322089674,0.8117647058823529,0.3636282129498769,0.45860597513781576,0.5380056497870753,0.6130402691501308,0.7556479528007479,0.8084669121398348,0.7684710351377018,0.8055872111427668,0.18735804530593067,0.2038004884897634,20260731,3,North America,257,159,V1-V10_financial_only
PONE2016_h3_target_North_America,20260731,HistGB,cost_10,159,81,0.24813772203518492,"Same-horizon leave-one-region-out transfer; source regions=Asia,Europe; target region=North America; source-only fit/search/calibration; target labels untouched until final evaluation; V1-V10 financial ratios only.",No metaheuristic; threshold and Platt calibration use calibration partition.,Platt_logistic_on_separate_calibration_partition,0.659385691644159,0.8271604938271605,0.5256410256410257,0.6442307692307693,0.7243243243243244,0.6740442655935613,0.7827102803738317,0.3707850740461613,0.5442524930069866,0.6764007597340931,0.47435897435897434,0.6540880503144654,67.0,37.0,41.0,14.0,0.7425057484630788,0.7581513137068693,0.20819863601416055,0.6053359530164972,0.08778267966484377,0.41949899899776066,0.9980262905262238,10.0,1.1132075471698113,0.19932432432432431,0.8024691358024691,0.8382716049382716,0.42948717948717946,0.6871794871794872,0.5940823327615781,0.7325298357556422,0.7507073196870646,0.8057601033504649,0.2517980457073499,0.5174018453753353,0.44271811276933,0.6642771012482697,0.6528054267952875,0.8225583052741215,0.6995884773662552,0.8165400443178221,0.19130492807718646,0.22402994142409238,20260731,3,North America,257,159,V1-V10_financial_only
PONE2016_h3_target_North_America,20260731,HistGB,cost_20,159,81,0.24813772203518492,"Same-horizon leave-one-region-out transfer; source regions=Asia,Europe; target region=North America; source-only fit/search/calibration; target labels untouched until final evaluation; V1-V10 financial ratios only.",No metaheuristic; threshold and Platt calibration use calibration partition.,Platt_logistic_on_separate_calibration_partition,0.659385691644159,0.8271604938271605,0.5256410256410257,0.6442307692307693,0.7243243243243244,0.6740442655935613,0.7827102803738317,0.3707850740461613,0.5442524930069866,0.6764007597340931,0.47435897435897434,0.6540880503144654,67.0,37.0,41.0,14.0,0.7425057484630788,0.7581513137068693,0.20819863601416055,0.6053359530164972,0.08778267966484377,0.41949899899776066,0.9980262905262238,20.0,1.9937106918238994,0.18669022379269729,0.8160493827160493,0.8765432098765432,0.41923076923076924,0.6705128205128206,0.5981737731295254,0.7254114549045425,0.7681304022471178,0.8196725237066442,0.27634030713506424,0.5158159018447531,0.45788427449939634,0.6611973511808158,0.6957596311869868,0.8052233655390483,0.7140392529281417,0.8232193732193732,0.18681657841599505,0.22149380477137137,20260731,3,North America,257,159,V1-V10_financial_only
PONE2016_h3_target_North_America,20260731,KELM_PBMSBAINGO,triad,159,81,0.6041787117927582,"Same-horizon leave-one-region-out transfer; source regions=Asia,Europe; target region=North America; source-only fit/search/calibration; target labels untouched until final evaluation; V1-V10 financial ratios only.",Plain KELM; hyperparameters/features selected only on search partition.,Platt_logistic_on_separate_calibration_partition,0.6163335513613657,0.3950617283950617,0.9615384615384616,0.9142857142857143,0.5517241379310345,0.7239819004524887,0.4456824512534819,0.4302555847219003,0.5467465426288846,0.6783000949667617,0.038461538461538464,0.22012578616352202,32.0,3.0,75.0,49.0,0.8162718030634761,0.7780943336498892,0.19573895060676583,0.5779545792523921,0.1048372005234614,0.3569967127121976,1.227619230762602,,,,0.3493827160493827,0.4666666666666666,0.9141025641025641,0.9974358974358974,0.8423772609819122,0.9939393939393939,0.40137191240132414,0.5175394722108171,0.40034305427610395,0.48831132090986423,0.5362433955978358,0.5997140756712903,0.796107804089714,0.8636815248631292,0.7557454890788223,0.8420861031972142,0.1775908160447845,0.2061533926400624,20260832,3,North America,257,159,V1-V10_financial_only
PONE2016_h3_target_North_America,20260731,KELM_PBMSBAINGO,cost_1,159,81,0.3831817231530795,"Same-horizon leave-one-region-out transfer; source regions=Asia,Europe; target region=North America; source-only fit/search/calibration; target labels untouched until final evaluation; V1-V10 financial ratios only.",Plain KELM; hyperparameters/features selected only on search partition.,Platt_logistic_on_separate_calibration_partition,0.7187622578334577,0.7901234567901234,0.6538461538461539,0.7032967032967034,0.7441860465116279,0.7191011235955056,0.7710843373493976,0.44860891750537624,0.6142513838850677,0.7219848053181386,0.34615384615384615,0.5723270440251572,64.0,27.0,51.0,17.0,0.8162718030634761,0.7780943336498892,0.19573895060676583,0.5779545792523921,0.1048372005234614,0.3569967127121976,1.227619230762602,1.0,0.27672955974842767,0.27672955974842767,0.754320987654321,0.8382716049382716,0.6205128205128205,0.7294871794871794,0.6797923618835743,0.7629213483146067,0.7434227800241558,0.8220338983050848,0.4011528722024458,0.5717545769348881,0.5778283021112427,0.7044774972272104,0.7688727826072733,0.8569904052368114,0.7183444127888571,0.8330642608420387,0.18318583728445267,0.21266089537826863,20260832,3,North America,257,159,V1-V10_financial_only
PONE2016_h3_target_North_America,20260731,KELM_PBMSBAINGO,cost_2,159,81,0.3831817231530795,"Same-horizon leave-one-region-out transfer; source regions=Asia,Europe; target region=North America; source-only fit/search/calibration; target labels untouched until final evaluation; V1-V10 financial ratios only.",Plain KELM; hyperparameters/features selected only on search partition.,Platt_logistic_on_separate_calibration_partition,0.7187622578334577,0.7901234567901234,0.6538461538461539,0.7032967032967034,0.7441860465116279,0.7191011235955056,0.7710843373493976,0.44860891750537624,0.6142513838850677,0.7219848053181386,0.34615384615384615,0.5723270440251572,64.0,27.0,51.0,17.0,0.8162718030634761,0.7780943336498892,0.19573895060676583,0.5779545792523921,0.1048372005234614,0.3569967127121976,1.227619230762602,2.0,0.3836477987421384,0.25416666666666665,0.7160493827160493,0.8148148148148148,0.5294871794871795,0.6525641025641026,0.6300434782608696,0.7006648936170213,0.6983084916306187,0.7890977443609023,0.2866652973350249,0.46115078321229047,0.48755772091648464,0.621349233567392,0.7566158918617321,0.8273052212241554,0.7018518518518518,0.8000474833808167,0.18893846554928903,0.21731981288290778,20260832,3,North America,257,159,V1-V10_financial_only
PONE2016_h3_target_North_America,20260731,KELM_PBMSBAINGO,cost_5,159,81,0.3252351359946354,"Same-horizon leave-one-region-out transfer; source regions=Asia,Europe; target region=North America; source-only fit/search/calibration; target labels untouched until final evaluation; V1-V10 financial ratios only.",Plain KELM; hyperparameters/features selected only on search partition.,Platt_logistic_on_separate_calibration_partition,0.6402654561854003,0.8641975308641975,0.47435897435897434,0.6306306306306306,0.7291666666666666,0.6666666666666666,0.8045977011494253,0.3686709055684772,0.5326635789125793,0.6692782526115859,0.5256410256410257,0.6981132075471698,70.0,41.0,37.0,11.0,0.8162718030634761,0.7780943336498892,0.19573895060676583,0.5779545792523921,0.1048372005234614,0.3569967127121976,1.227619230762602,5.0,0.6037735849056604,0.19875776397515527,0.8148148148148148,0.9086419753086419,0.3564102564102564,0.4987179487179487,0.5748361730013106,0.6530168946098149,0.7623011290736464,0.8426588912674393,0.22088168059842375,0.44841093302201473,0.4035006955034592,0.5877958482395175,0.7863140937220062,0.8422816730498492,0.7357075023741689,0.8100348211459323,0.1840778099450316,0.20935999950319598,20260832,3,North America,257,159,V1-V10_financial_only
PONE2016_h3_target_North_America,20260731,KELM_PBMSBAINGO,cost_10,159,81,0.3252351359946354,"Same-horizon leave-one-region-out transfer; source regions=Asia,Europe; target region=North America; source-only fit/search/calibration; target labels untouched until final evaluation; V1-V10 financial ratios only.",Plain KELM; hyperparameters/features selected only on search partition.,Platt_logistic_on_separate_calibration_partition,0.6402654561854003,0.8641975308641975,0.47435897435897434,0.6306306306306306,0.7291666666666666,0.6666666666666666,0.8045977011494253,0.3686709055684772,0.5326635789125793,0.6692782526115859,0.5256410256410257,0.6981132075471698,70.0,41.0,37.0,11.0,0.8162718030634761,0.7780943336498892,0.19573895060676583,0.5779545792523921,0.1048372005234614,0.3569967127121976,1.227619230762602,10.0,0.949685534591195,0.17004504504504506,0.8419753086419752,0.9,0.42435897435897435,0.4717948717948718,0.6078320802005012,0.6304986020503262,0.7817435381844079,0.8282235621521337,0.3048498702516826,0.39133605690388895,0.48182388251331815,0.5411221964114564,0.7297969228827701,0.8307253464431459,0.6948084836973725,0.8010288065843622,0.18940044567187655,0.22541812553076265,20260832,3,North America,257,159,V1-V10_financial_only
PONE2016_h3_target_North_America,20260731,KELM_PBMSBAINGO,cost_20,159,81,0.3252351359946354,"Same-horizon leave-one-region-out transfer; source regions=Asia,Europe; target region=North America; source-only fit/search/calibration; target labels untouched until final evaluation; V1-V10 financial ratios only.",Plain KELM; hyperparameters/features selected only on search partition.,Platt_logistic_on_separate_calibration_partition,0.6402654561854003,0.8641975308641975,0.47435897435897434,0.6306306306306306,0.7291666666666666,0.6666666666666666,0.8045977011494253,0.3686709055684772,0.5326635789125793,0.6692782526115859,0.5256410256410257,0.6981132075471698,70.0,41.0,37.0,11.0,0.8162718030634761,0.7780943336498892,0.19573895060676583,0.5779545792523921,0.1048372005234614,0.3569967127121976,1.227619230762602,20.0,1.6415094339622642,0.15371024734982333,0.865432098765432,0.9444444444444444,0.4756410256410256,0.5846153846153846,0.6433862433862434,0.686743489701479,0.8115332559938129,0.8670748248858181,0.4046106551158368,0.48777539600076764,0.5630172217997644,0.6289519170290119,0.8069250608434331,0.8306765742268508,0.7703861981639759,0.8247863247863249,0.1855015745659017,0.19976831747626828,20260832,3,North America,257,159,V1-V10_financial_only
PONE2016_h3_target_North_America,20260731,KELM_score_fusion,triad,159,81,0.6132063070933474,"Same-horizon leave-one-region-out transfer; source regions=Asia,Europe; target region=North America; source-only fit/search/calibration; target labels untouched until final evaluation; V1-V10 financial ratios only.",Plain KELM plus HistGB score-level fusion; alpha=1.00 selected only on search partition.,Platt_logistic_on_separate_calibration_partition,0.6163335513613657,0.3950617283950617,0.9615384615384616,0.9142857142857143,0.5517241379310345,0.7239819004524887,0.4456824512534819,0.4302555847219003,0.5467465426288846,0.6783000949667617,0.038461538461538464,0.22012578616352202,32.0,3.0,75.0,49.0,0.8162718030634761,0.7780943336498892,0.19454781105220287,0.5743347881005619,0.0950002862524837,0.3676093638602445,1.223966958013649,,,,0.35802469135802467,0.43950617283950616,0.9628205128205128,0.9871794871794872,0.909375,0.9723423423423424,0.4075334856852663,0.4934462000340457,0.4015840093752583,0.5046175888863235,0.5178804594697834,0.6023810139356616,0.758189109134976,0.8546232726225338,0.7024849635960746,0.8180436847103514,0.18116317136807164,0.22052344984092573,20260834,3,North America,257,159,V1-V10_financial_only
PONE2016_h3_target_North_America,20260731,KELM_score_fusion,cost_1,159,81,0.3752418867656795,"Same-horizon leave-one-region-out transfer; source regions=Asia,Europe; target region=North America; source-only fit/search/calibration; target labels untouched until final evaluation; V1-V10 financial ratios only.",Plain KELM plus HistGB score-level fusion; alpha=1.00 selected only on search partition.,Platt_logistic_on_separate_calibration_partition,0.7187622578334577,0.7901234567901234,0.6538461538461539,0.7032967032967034,0.7441860465116279,0.7191011235955056,0.7710843373493976,0.44860891750537624,0.6142513838850677,0.7219848053181386,0.34615384615384615,0.5723270440251572,64.0,27.0,51.0,17.0,0.8162718030634761,0.7780943336498892,0.19454781105220287,0.5743347881005619,0.0950002862524837,0.3676093638602445,1.223966958013649,1.0,0.27672955974842767,0.27672955974842767,0.7432098765432098,0.8345679012345678,0.6205128205128205,0.7371794871794872,0.6825333993072736,0.7536060844479413,0.7337793038124556,0.8103679735637328,0.4090681695548106,0.5248117194977705,0.5854178402281223,0.6689077561785755,0.8034982920922595,0.8404596147745936,0.7540835707502374,0.7880500158277937,0.18697878363780862,0.2033174717911658,20260834,3,North America,257,159,V1-V10_financial_only
PONE2016_h3_target_North_America,20260731,KELM_score_fusion,cost_2,159,81,0.3752418867656795,"Same-horizon leave-one-region-out transfer; source regions=Asia,Europe; target region=North America; source-only fit/search/calibration; target labels untouched until final evaluation; V1-V10 financial ratios only.",Plain KELM plus HistGB score-level fusion; alpha=1.00 selected only on search partition.,Platt_logistic_on_separate_calibration_partition,0.7187622578334577,0.7901234567901234,0.6538461538461539,0.7032967032967034,0.7441860465116279,0.7191011235955056,0.7710843373493976,0.44860891750537624,0.6142513838850677,0.7219848053181386,0.34615384615384615,0.5723270440251572,64.0,27.0,51.0,17.0,0.8162718030634761,0.7780943336498892,0.19454781105220287,0.5743347881005619,0.0950002862524837,0.3676093638602445,1.223966958013649,2.0,0.3836477987421384,0.25416666666666665,0.7333333333333334,0.8148148148148148,0.5782051282051281,0.7320512820512821,0.6631686358754028,0.7580446131941149,0.7195964733415205,0.8025892960351405,0.36019756180485285,0.5457529915999979,0.5483149718848129,0.6862585241075149,0.7596869332627532,0.866618923856476,0.7194681861348527,0.8230610952833175,0.17512588307107793,0.21494002724364966,20260834,3,North America,257,159,V1-V10_financial_only
PONE2016_h3_target_North_America,20260731,KELM_score_fusion,cost_5,159,81,0.31578540507058833,"Same-horizon leave-one-region-out transfer; source regions=Asia,Europe; target region=North America; source-only fit/search/calibration; target labels untouched until final evaluation; V1-V10 financial ratios only.",Plain KELM plus HistGB score-level fusion; alpha=1.00 selected only on search partition.,Platt_logistic_on_separate_calibration_partition,0.6402654561854003,0.8641975308641975,0.47435897435897434,0.6306306306306306,0.7291666666666666,0.6666666666666666,0.8045977011494253,0.3686709055684772,0.5326635789125793,0.6692782526115859,0.5256410256410257,0.6981132075471698,70.0,41.0,37.0,11.0,0.8162718030634761,0.7780943336498892,0.19454781105220287,0.5743347881005619,0.0950002862524837,0.3676093638602445,1.223966958013649,5.0,0.6037735849056604,0.19875776397515527,0.8530864197530864,0.9,0.4371794871794872,0.5192307692307693,0.6168574481074481,0.6513937423811459,0.7924311926605504,0.8269025149923295,0.3320460727821866,0.41209969998835877,0.5032512916868241,0.56941075540513,0.7811870416410263,0.8641474672444321,0.7420702754036087,0.8216049382716049,0.18022409082657134,0.2095987159937976,20260834,3,North America,257,159,V1-V10_financial_only
PONE2016_h3_target_North_America,20260731,KELM_score_fusion,cost_10,159,81,0.31578540507058833,"Same-horizon leave-one-region-out transfer; source regions=Asia,Europe; target region=North America; source-only fit/search/calibration; target labels untouched until final evaluation; V1-V10 financial ratios only.",Plain KELM plus HistGB score-level fusion; alpha=1.00 selected only on search partition.,Platt_logistic_on_separate_calibration_partition,0.6402654561854003,0.8641975308641975,0.47435897435897434,0.6306306306306306,0.7291666666666666,0.6666666666666666,0.8045977011494253,0.3686709055684772,0.5326635789125793,0.6692782526115859,0.5256410256410257,0.6981132075471698,70.0,41.0,37.0,11.0,0.8162718030634761,0.7780943336498892,0.19454781105220287,0.5743347881005619,0.0950002862524837,0.3676093638602445,1.223966958013649,10.0,0.949685534591195,0.17004504504504506,0.8049382716049382,0.8641975308641975,0.3987179487179487,0.5820512820512821,0.5868560868560868,0.6786610089580387,0.7505023711920263,0.8110480054090602,0.23814906374869604,0.4496124681808819,0.42836952274628187,0.6051315019280887,0.7772456762245649,0.819953063586655,0.719199113643558,0.771937321937322,0.1886356247743388,0.2116588710167196,20260834,3,North America,257,159,V1-V10_financial_only
PONE2016_h3_target_North_America,20260731,KELM_score_fusion,cost_20,159,81,0.31578540507058833,"Same-horizon leave-one-region-out transfer; source regions=Asia,Europe; target region=North America; source-only fit/search/calibration; target labels untouched until final evaluation; V1-V10 financial ratios only.",Plain KELM plus HistGB score-level fusion; alpha=1.00 selected only on search partition.,Platt_logistic_on_separate_calibration_partition,0.6402654561854003,0.8641975308641975,0.47435897435897434,0.6306306306306306,0.7291666666666666,0.6666666666666666,0.8045977011494253,0.3686709055684772,0.5326635789125793,0.6692782526115859,0.5256410256410257,0.6981132075471698,70.0,41.0,37.0,11.0,0.8162718030634761,0.7780943336498892,0.19454781105220287,0.5743347881005619,0.0950002862524837,0.3676093638602445,1.223966958013649,20.0,1.6415094339622642,0.15371024734982333,0.7938271604938272,0.9,0.42948717948717946,0.5115384615384615,0.6005287794729542,0.6561776061776062,0.7513079303010121,0.837741221132553,0.2770967259618008,0.4469966704992331,0.46132753475502164,0.5898752706755864,0.7812899571623412,0.8318922370830198,0.7295346628679962,0.8148306426084204,0.18708680116443793,0.21132826386094852,20260834,3,North America,257,159,V1-V10_financial_only
PONE2016_h3_target_North_America,20260731,KELM_risk_feature,triad,159,81,0.6566281913195461,"Same-horizon leave-one-region-out transfer; source regions=Asia,Europe; target region=North America; source-only fit/search/calibration; target labels untouched until final evaluation; V1-V10 financial ratios only.",OOF HistGB risk is a forced KELM input; no score-level fusion.,Platt_logistic_on_separate_calibration_partition,0.49049206191811606,0.24691358024691357,0.9743589743589743,0.9090909090909091,0.3883495145631068,0.591715976331361,0.28901734104046245,0.3203654967988298,0.42556891784505246,0.6106362773029439,0.02564102564102564,0.13836477987421383,20.0,2.0,76.0,61.0,0.7757237223019812,0.756093700538145,0.2119490364383209,0.6267612646025764,0.10883340984824619,0.5044216981910566,0.9271687715533192,,,,0.18641975308641975,0.27901234567901234,0.9384615384615385,0.9961538461538462,0.769047619047619,0.9884615384615385,0.22055682684973302,0.32341107871720115,0.20045875662464754,0.35853947659967994,0.3328713527913097,0.4481513187484164,0.6719292785272621,0.837266386601287,0.6567426400759734,0.8035295979740423,0.19757155854593372,0.24636537966575495,20260942,3,North America,257,159,V1-V10_financial_only
PONE2016_h3_target_North_America,20260731,KELM_risk_feature,cost_1,159,81,0.42613037039011886,"Same-horizon leave-one-region-out transfer; source regions=Asia,Europe; target region=North America; source-only fit/search/calibration; target labels untouched until final evaluation; V1-V10 financial ratios only.",OOF HistGB risk is a forced KELM input; no score-level fusion.,Platt_logistic_on_separate_calibration_partition,0.671633916474432,0.6172839506172839,0.7307692307692307,0.704225352112676,0.6578947368421053,0.684931506849315,0.6329113924050633,0.3499974725235579,0.5404763755717852,0.6740265906932573,0.2692307692307692,0.44654088050314467,50.0,21.0,57.0,31.0,0.7757237223019812,0.756093700538145,0.2119490364383209,0.6267612646025764,0.10883340984824619,0.5044216981910566,0.9271687715533192,1.0,0.3270440251572327,0.3270440251572327,0.582716049382716,0.6666666666666666,0.6820512820512821,0.7807692307692308,0.6680555555555555,0.7568147345612134,0.605570486354548,0.6825215442406641,0.2986153180335675,0.44329337727364415,0.5006078344307169,0.6115068248648984,0.7481168913046555,0.8222944111137817,0.7230610952833174,0.7792181069958848,0.2020708307070707,0.22031037103824433,20260942,3,North America,257,159,V1-V10_financial_only
PONE2016_h3_target_North_America,20260731,KELM_risk_feature,cost_2,159,81,0.2902795669829933,"Same-horizon leave-one-region-out transfer; source regions=Asia,Europe; target region=North America; source-only fit/search/calibration; target labels untouched until final evaluation; V1-V10 financial ratios only.",OOF HistGB risk is a forced KELM input; no score-level fusion.,Platt_logistic_on_separate_calibration_partition,0.6752767830871365,0.8271604938271605,0.5512820512820513,0.6568627450980392,0.73224043715847,0.6850715746421268,0.7863849765258216,0.3945047635823751,0.5645104200356426,0.6892212725546059,0.44871794871794873,0.6415094339622641,67.0,35.0,43.0,14.0,0.7757237223019812,0.756093700538145,0.2119490364383209,0.6267612646025764,0.10883340984824619,0.5044216981910566,0.9271687715533192,2.0,0.39622641509433965,0.2625,0.7469135802469136,0.825925925925926,0.5794871794871794,0.6410256410256411,0.6651205936920223,0.7018073667353009,0.7323540238347214,0.7934023447243702,0.3845123036229109,0.46217612255511237,0.5653960503964011,0.6223359930942117,0.7749386272792245,0.8141093367372425,0.7560620449509338,0.8009021842355175,0.19845569535274393,0.21750952072755014,20260942,3,North America,257,159,V1-V10_financial_only
PONE2016_h3_target_North_America,20260731,KELM_risk_feature,cost_5,159,81,0.2902795669829933,"Same-horizon leave-one-region-out transfer; source regions=Asia,Europe; target region=North America; source-only fit/search/calibration; target labels untouched until final evaluation; V1-V10 financial ratios only.",OOF HistGB risk is a forced KELM input; no score-level fusion.,Platt_logistic_on_separate_calibration_partition,0.6752767830871365,0.8271604938271605,0.5512820512820513,0.6568627450980392,0.73224043715847,0.6850715746421268,0.7863849765258216,0.3945047635823751,0.5645104200356426,0.6892212725546059,0.44871794871794873,0.6415094339622641,67.0,35.0,43.0,14.0,0.7757237223019812,0.756093700538145,0.2119490364383209,0.6267612646025764,0.10883340984824619,0.5044216981910566,0.9271687715533192,5.0,0.660377358490566,0.21739130434782608,0.7901234567901234,0.8506172839506173,0.4512820512820513,0.5487179487179488,0.6,0.6586607385899647,0.7435075747236249,0.8000429261507197,0.259874040191178,0.40695572433121946,0.45287790901371033,0.5721211928206591,0.7181524021106269,0.8258990484100137,0.6896011396011393,0.7891737891737891,0.2005268921000306,0.23494595692604292,20260942,3,North America,257,159,V1-V10_financial_only
PONE2016_h3_target_North_America,20260731,KELM_risk_feature,cost_10,159,81,0.2902795669829933,"Same-horizon leave-one-region-out transfer; source regions=Asia,Europe; target region=North America; source-only fit/search/calibration; target labels untouched until final evaluation; V1-V10 financial ratios only.",OOF HistGB risk is a forced KELM input; no score-level fusion.,Platt_logistic_on_separate_calibration_partition,0.6752767830871365,0.8271604938271605,0.5512820512820513,0.6568627450980392,0.73224043715847,0.6850715746421268,0.7863849765258216,0.3945047635823751,0.5645104200356426,0.6892212725546059,0.44871794871794873,0.6415094339622641,67.0,35.0,43.0,14.0,0.7757237223019812,0.756093700538145,0.2119490364383209,0.6267612646025764,0.10883340984824619,0.5044216981910566,0.9271687715533192,10.0,1.10062893081761,0.19707207207207209,0.7827160493827161,0.8753086419753087,0.5051282051282051,0.6602564102564102,0.6446483180428135,0.7054459986241687,0.7658245642220258,0.8263403263403263,0.39677368439193267,0.46338728768352455,0.5573591709680963,0.6143451222750566,0.7706020374272686,0.8322498382015693,0.7510288065843621,0.8034346312124089,0.1912029716268061,0.22222935040487582,20260942,3,North America,257,159,V1-V10_financial_only
PONE2016_h3_target_North_America,20260731,KELM_risk_feature,cost_20,159,81,0.2902795669829933,"Same-horizon leave-one-region-out transfer; source regions=Asia,Europe; target region=North America; source-only fit/search/calibration; target labels untouched until final evaluation; V1-V10 financial ratios only.",OOF HistGB risk is a forced KELM input; no score-level fusion.,Platt_logistic_on_separate_calibration_partition,0.6752767830871365,0.8271604938271605,0.5512820512820513,0.6568627450980392,0.73224043715847,0.6850715746421268,0.7863849765258216,0.3945047635823751,0.5645104200356426,0.6892212725546059,0.44871794871794873,0.6415094339622641,67.0,35.0,43.0,14.0,0.7757237223019812,0.756093700538145,0.2119490364383209,0.6267612646025764,0.10883340984824619,0.5044216981910566,0.9271687715533192,20.0,1.9811320754716981,0.1855123674911661,0.745679012345679,0.8469135802469135,0.4756410256410256,0.5846153846153846,0.6013207547169811,0.6639999999999999,0.7122641509433962,0.7949404761904763,0.24162710436318943,0.3871119050145642,0.44405861725609325,0.563364048500718,0.7053487947416981,0.7572935429152061,0.7060303893637228,0.7290756568534346,0.2219607292030609,0.23427320733598053,20260942,3,North America,257,159,V1-V10_financial_only
PONE2016_h3_target_North_America,20260731,Full_PBMSBAINGO,triad,159,81,0.7057814928164904,"Same-horizon leave-one-region-out transfer; source regions=Asia,Europe; target region=North America; source-only fit/search/calibration; target labels untouched until final evaluation; V1-V10 financial ratios only.",Risk feature plus score fusion; alpha=0.50 selected only on search partition.,Platt_logistic_on_separate_calibration_partition,0.44015019451568316,0.20987654320987653,0.9230769230769231,0.7391304347826086,0.3269230769230769,0.4913294797687861,0.24495677233429394,0.18895400568994591,0.33203660637152,0.5664767331433999,0.07692307692307693,0.14465408805031446,17.0,6.0,72.0,64.0,0.6889277292879623,0.7546691991136435,0.21076098150751124,0.6109776039446839,0.10403611386100566,0.4446074575674148,0.9489199860640443,,,,0.1617283950617284,0.2567901234567901,0.8538461538461538,0.958974358974359,0.6252971137521223,0.8120192307692308,0.19246698679471788,0.2967605633802817,0.1084302223820208,0.25769086983649087,0.2752170945325474,0.39321563353552047,0.6121016914249781,0.7789612828464552,0.6874643874643874,0.811965811965812,0.19050761600102603,0.23868227043478063,20261038,3,North America,257,159,V1-V10_financial_only
PONE2016_h3_target_North_America,20260731,Full_PBMSBAINGO,cost_1,159,81,0.41109015436389196,"Same-horizon leave-one-region-out transfer; source regions=Asia,Europe; target region=North America; source-only fit/search/calibration; target labels untouched until final evaluation; V1-V10 financial ratios only.",Risk feature plus score fusion; alpha=0.50 selected only on search partition.,Platt_logistic_on_separate_calibration_partition,0.7044155943295569,0.6790123456790124,0.7307692307692307,0.7236842105263158,0.7006369426751592,0.7142857142857143,0.6875,0.41010625883532553,0.5881906369737484,0.7048907882241215,0.2692307692307692,0.4779874213836478,55.0,21.0,57.0,26.0,0.6889277292879623,0.7546691991136435,0.21076098150751124,0.6109776039446839,0.10403611386100566,0.4446074575674148,0.9489199860640443,1.0,0.29559748427672955,0.29559748427672955,0.619753086419753,0.7506172839506173,0.6833333333333333,0.767948717948718,0.7046066252587991,0.7574939759036144,0.6383418687795922,0.7467510960158019,0.37929784581719794,0.4733894858554281,0.5623060567956365,0.6351427647658193,0.7041896206455123,0.805245555169745,0.7423393478949035,0.8038619816397594,0.1943192295901047,0.21254530845721567,20261038,3,North America,257,159,V1-V10_financial_only
PONE2016_h3_target_North_America,20260731,Full_PBMSBAINGO,cost_2,159,81,0.25276224155610916,"Same-horizon leave-one-region-out transfer; source regions=Asia,Europe; target region=North America; source-only fit/search/calibration; target labels untouched until final evaluation; V1-V10 financial ratios only.",Risk feature plus score fusion; alpha=0.50 selected only on search partition.,Platt_logistic_on_separate_calibration_partition,0.6526300069150406,0.8518518518518519,0.5,0.6388888888888888,0.7301587301587301,0.672514619883041,0.7986111111111112,0.376836261072581,0.5434533298447597,0.6759259259259259,0.5,0.6792452830188679,69.0,39.0,39.0,12.0,0.6889277292879623,0.7546691991136435,0.21076098150751124,0.6109776039446839,0.10403611386100566,0.4446074575674148,0.9489199860640443,2.0,0.39622641509433965,0.2625,0.791358024691358,0.8493827160493828,0.46282051282051284,0.5,0.6087660089996538,0.6322247706422018,0.7498791003982895,0.7946363655803609,0.28355910758704755,0.3608221389422848,0.4728235904480921,0.5301120454596275,0.6362116632169905,0.7221812333053456,0.7006805951250396,0.7498892054447609,0.20877393660501803,0.23436956598845646,20261038,3,North America,257,159,V1-V10_financial_only
PONE2016_h3_target_North_America,20260731,Full_PBMSBAINGO,cost_5,159,81,0.17076800653323132,"Same-horizon leave-one-region-out transfer; source regions=Asia,Europe; target region=North America; source-only fit/search/calibration; target labels untouched until final evaluation; V1-V10 financial ratios only.",Risk feature plus score fusion; alpha=0.50 selected only on search partition.,Platt_logistic_on_separate_calibration_partition,0.5443310539518174,0.9629629629629629,0.3076923076923077,0.5909090909090909,0.7323943661971831,0.6403940886699507,0.8552631578947368,0.36036072494387383,0.4744107902070788,0.6353276353276354,0.6923076923076923,0.8301886792452831,78.0,54.0,24.0,3.0,0.6889277292879623,0.7546691991136435,0.21076098150751124,0.6109776039446839,0.10403611386100566,0.4446074575674148,0.9489199860640443,5.0,0.4339622641509434,0.14285714285714285,0.9395061728395061,0.9851851851851852,0.24871794871794872,0.3333333333333333,0.5763189448441247,0.6,0.839396711978622,0.8634408806766825,0.32723344939691484,0.38357064118830736,0.43903326726226655,0.49748260051290905,0.6528371359446833,0.7812388561872922,0.716397594175372,0.8069167458056348,0.19601723950408176,0.23107628998156085,20261038,3,North America,257,159,V1-V10_financial_only
PONE2016_h3_target_North_America,20260731,Full_PBMSBAINGO,cost_10,159,81,0.17076800653323132,"Same-horizon leave-one-region-out transfer; source regions=Asia,Europe; target region=North America; source-only fit/search/calibration; target labels untouched until final evaluation; V1-V10 financial ratios only.",Risk feature plus score fusion; alpha=0.50 selected only on search partition.,Platt_logistic_on_separate_calibration_partition,0.5443310539518174,0.9629629629629629,0.3076923076923077,0.5909090909090909,0.7323943661971831,0.6403940886699507,0.8552631578947368,0.36036072494387383,0.4744107902070788,0.6353276353276354,0.6923076923076923,0.8301886792452831,78.0,54.0,24.0,3.0,0.6889277292879623,0.7546691991136435,0.21076098150751124,0.6109776039446839,0.10403611386100566,0.4446074575674148,0.9489199860640443,10.0,0.5283018867924528,0.0945945945945946,0.9172839506172838,0.9851851851851852,0.2564102564102564,0.3897435897435897,0.5625164690382081,0.6181017369727048,0.8150649200092742,0.8651582792207793,0.23879781381790238,0.413985610188332,0.38312751404480166,0.5346918208357371,0.626930277304084,0.7540142682801094,0.7043209876543209,0.7864514086736307,0.19441155367608362,0.22567216229737935,20261038,3,North America,257,159,V1-V10_financial_only
PONE2016_h3_target_North_America,20260731,Full_PBMSBAINGO,cost_20,159,81,0.17076800653323132,"Same-horizon leave-one-region-out transfer; source regions=Asia,Europe; target region=North America; source-only fit/search/calibration; target labels untouched until final evaluation; V1-V10 financial ratios only.",Risk feature plus score fusion; alpha=0.50 selected only on search partition.,Platt_logistic_on_separate_calibration_partition,0.5443310539518174,0.9629629629629629,0.3076923076923077,0.5909090909090909,0.7323943661971831,0.6403940886699507,0.8552631578947368,0.36036072494387383,0.4744107902070788,0.6353276353276354,0.6923076923076923,0.8301886792452831,78.0,54.0,24.0,3.0,0.6889277292879623,0.7546691991136435,0.21076098150751124,0.6109776039446839,0.10403611386100566,0.4446074575674148,0.9489199860640443,20.0,0.7169811320754716,0.06713780918727916,0.9506172839506173,0.9740740740740741,0.24743589743589745,0.3564102564102564,0.5677677787532923,0.6108527131782946,0.8380626316797549,0.8699210503484774,0.28205499413982793,0.42068768486582353,0.4048794401997774,0.5263301956775353,0.6845923506323428,0.7464702365830157,0.7110794555239,0.7860240582462804,0.19578474745855168,0.23143919670024551,20261038,3,North America,257,159,V1-V10_financial_only
PONE2016_h3_target_North_America,20260731,Uncertainty_gated_fusion,triad,159,81,0.6566281913195461,"Same-horizon leave-one-region-out transfer; source regions=Asia,Europe; target region=North America; source-only fit/search/calibration; target labels untouched until final evaluation; V1-V10 financial ratios only.","One-standard-error paired-bootstrap gate selected KELM_risk_feature; search utility difference=-0.1042, required margin=0.1085.",Platt_logistic_on_separate_calibration_partition,0.49049206191811606,0.24691358024691357,0.9743589743589743,0.9090909090909091,0.3883495145631068,0.591715976331361,0.28901734104046245,0.3203654967988298,0.42556891784505246,0.6106362773029439,0.02564102564102564,0.13836477987421383,20.0,2.0,76.0,61.0,0.7757237223019812,0.756093700538145,0.2119490364383209,0.6267612646025764,0.10883340984824619,0.5044216981910566,0.9271687715533192,,,,0.18518518518518517,0.30493827160493825,0.9525641025641025,1.0,0.8061784897025172,1.0,0.21891689672076162,0.3531288596130095,0.21740161855151577,0.3981534614440893,0.3367299846148193,0.49246350477309836,0.7595577453326311,0.8175343565626535,0.7191516302627413,0.7817980373535928,0.20073181986894098,0.22494185521085158,20261084,3,North America,257,159,V1-V10_financial_only
PONE2016_h3_target_North_America,20260731,Uncertainty_gated_fusion,cost_1,159,81,0.42613037039011886,"Same-horizon leave-one-region-out transfer; source regions=Asia,Europe; target region=North America; source-only fit/search/calibration; target labels untouched until final evaluation; V1-V10 financial ratios only.","One-standard-error paired-bootstrap gate selected KELM_risk_feature; search utility difference=-0.1042, required margin=0.1085.",Platt_logistic_on_separate_calibration_partition,0.671633916474432,0.6172839506172839,0.7307692307692307,0.704225352112676,0.6578947368421053,0.684931506849315,0.6329113924050633,0.3499974725235579,0.5404763755717852,0.6740265906932573,0.2692307692307692,0.44654088050314467,50.0,21.0,57.0,31.0,0.7757237223019812,0.756093700538145,0.2119490364383209,0.6267612646025764,0.10883340984824619,0.5044216981910566,0.9271687715533192,1.0,0.3270440251572327,0.3270440251572327,0.5567901234567901,0.662962962962963,0.6923076923076923,0.791025641025641,0.6540798094103634,0.7405990783410138,0.5748526678004984,0.6722208121827411,0.2548275015603162,0.3883731065788684,0.4623067268860893,0.5698606104599911,0.727439200481851,0.7967599112146988,0.6979265590376701,0.7789648622981956,0.20211866332094405,0.23352247517400945,20261084,3,North America,257,159,V1-V10_financial_only
PONE2016_h3_target_North_America,20260731,Uncertainty_gated_fusion,cost_2,159,81,0.2902795669829933,"Same-horizon leave-one-region-out transfer; source regions=Asia,Europe; target region=North America; source-only fit/search/calibration; target labels untouched until final evaluation; V1-V10 financial ratios only.","One-standard-error paired-bootstrap gate selected KELM_risk_feature; search utility difference=-0.1042, required margin=0.1085.",Platt_logistic_on_separate_calibration_partition,0.6752767830871365,0.8271604938271605,0.5512820512820513,0.6568627450980392,0.73224043715847,0.6850715746421268,0.7863849765258216,0.3945047635823751,0.5645104200356426,0.6892212725546059,0.44871794871794873,0.6415094339622641,67.0,35.0,43.0,14.0,0.7757237223019812,0.756093700538145,0.2119490364383209,0.6267612646025764,0.10883340984824619,0.5044216981910566,0.9271687715533192,2.0,0.39622641509433965,0.2625,0.8049382716049382,0.8617283950617284,0.4897435897435897,0.6602564102564102,0.6273609256786826,0.7203707604803034,0.772500564890797,0.8225161835068956,0.3373543344133108,0.5117189583975089,0.5150678165360927,0.6575950638165714,0.771762007679927,0.8136409122415814,0.7208452041785375,0.8041468819246597,0.1941754518440912,0.22555515408001428,20261084,3,North America,257,159,V1-V10_financial_only
PONE2016_h3_target_North_America,20260731,Uncertainty_gated_fusion,cost_5,159,81,0.2902795669829933,"Same-horizon leave-one-region-out transfer; source regions=Asia,Europe; target region=North America; source-only fit/search/calibration; target labels untouched until final evaluation; V1-V10 financial ratios only.","One-standard-error paired-bootstrap gate selected KELM_risk_feature; search utility difference=-0.1042, required margin=0.1085.",Platt_logistic_on_separate_calibration_partition,0.6752767830871365,0.8271604938271605,0.5512820512820513,0.6568627450980392,0.73224043715847,0.6850715746421268,0.7863849765258216,0.3945047635823751,0.5645104200356426,0.6892212725546059,0.44871794871794873,0.6415094339622641,67.0,35.0,43.0,14.0,0.7757237223019812,0.756093700538145,0.2119490364383209,0.6267612646025764,0.10883340984824619,0.5044216981910566,0.9271687715533192,5.0,0.660377358490566,0.21739130434782608,0.7580246913580247,0.8506172839506173,0.4653846153846154,0.5846153846153846,0.6108181818181818,0.6688070692194403,0.724602810021064,0.8022305563289169,0.26830160128190905,0.41101273886450246,0.4659778683933687,0.5750128053321792,0.7325396862388825,0.7879985189073898,0.7141025641025641,0.7629154795821461,0.20936892547114166,0.22615978198778955,20261084,3,North America,257,159,V1-V10_financial_only
PONE2016_h3_target_North_America,20260731,Uncertainty_gated_fusion,cost_10,159,81,0.2902795669829933,"Same-horizon leave-one-region-out transfer; source regions=Asia,Europe; target region=North America; source-only fit/search/calibration; target labels untouched until final evaluation; V1-V10 financial ratios only.","One-standard-error paired-bootstrap gate selected KELM_risk_feature; search utility difference=-0.1042, required margin=0.1085.",Platt_logistic_on_separate_calibration_partition,0.6752767830871365,0.8271604938271605,0.5512820512820513,0.6568627450980392,0.73224043715847,0.6850715746421268,0.7863849765258216,0.3945047635823751,0.5645104200356426,0.6892212725546059,0.44871794871794873,0.6415094339622641,67.0,35.0,43.0,14.0,0.7757237223019812,0.756093700538145,0.2119490364383209,0.6267612646025764,0.10883340984824619,0.5044216981910566,0.9271687715533192,10.0,1.10062893081761,0.19707207207207209,0.791358024691358,0.8753086419753087,0.46923076923076923,0.6269230769230769,0.6268564356435644,0.6962047661076788,0.7649739032303569,0.8298038434069128,0.3543431633239944,0.48739798307580434,0.523394419039727,0.6321140457566815,0.7099463097562784,0.8031365459692793,0.7220955998733776,0.7976100031655586,0.19533859205050239,0.22629780977329464,20261084,3,North America,257,159,V1-V10_financial_only
PONE2016_h3_target_North_America,20260731,Uncertainty_gated_fusion,cost_20,159,81,0.2902795669829933,"Same-horizon leave-one-region-out transfer; source regions=Asia,Europe; target region=North America; source-only fit/search/calibration; target labels untouched until final evaluation; V1-V10 financial ratios only.","One-standard-error paired-bootstrap gate selected KELM_risk_feature; search utility difference=-0.1042, required margin=0.1085.",Platt_logistic_on_separate_calibration_partition,0.6752767830871365,0.8271604938271605,0.5512820512820513,0.6568627450980392,0.73224043715847,0.6850715746421268,0.7863849765258216,0.3945047635823751,0.5645104200356426,0.6892212725546059,0.44871794871794873,0.6415094339622641,67.0,35.0,43.0,14.0,0.7757237223019812,0.756093700538145,0.2119490364383209,0.6267612646025764,0.10883340984824619,0.5044216981910566,0.9271687715533192,20.0,1.9811320754716981,0.1855123674911661,0.7469135802469136,0.8506172839506173,0.5128205128205128,0.5871794871794872,0.632447146356955,0.6630491204460253,0.7251508737164475,0.8000429261507197,0.3304402306721872,0.40872953041654114,0.5152729179150717,0.5744515885770377,0.7585211258952642,0.8205042493158763,0.7287116176005064,0.7792181069958848,0.1976951914562081,0.22573832348245937,20261084,3,North America,257,159,V1-V10_financial_only
PONE2016_h3_target_North_America,20260731,Full_random_search,triad,159,81,0.7198997087493445,"Same-horizon leave-one-region-out transfer; source regions=Asia,Europe; target region=North America; source-only fit/search/calibration; target labels untouched until final evaluation; V1-V10 financial ratios only.",Same full architecture and 81 evaluations as PBMSBAINGO; alpha=0.50.,Platt_logistic_on_separate_calibration_partition,0.41056790169146834,0.18518518518518517,0.9102564102564102,0.6818181818181818,0.2912621359223301,0.4437869822485207,0.21676300578034682,0.1381834009797528,0.2855893148361781,0.5477207977207977,0.08974358974358974,0.13836477987421383,15.0,7.0,71.0,66.0,0.705813910239594,0.7606837606837605,0.20904188012744143,0.6117344787356482,0.10852920398537906,0.490429960025981,0.8729718458027613,,,,0.13950617283950617,0.20864197530864195,0.8987179487179487,0.958974358974359,0.6166666666666667,0.8318077803203661,0.16514500537056928,0.2437847102612144,0.07866471924302353,0.23953219650310303,0.2157374361298506,0.3569872713300172,0.6897764249644768,0.7997593970142372,0.7203387147831591,0.81786957898069,0.18789710334926651,0.227961878265785,20261132,3,North America,257,159,V1-V10_financial_only
PONE2016_h3_target_North_America,20260731,Full_random_search,cost_1,159,81,0.39544528604888823,"Same-horizon leave-one-region-out transfer; source regions=Asia,Europe; target region=North America; source-only fit/search/calibration; target labels untouched until final evaluation; V1-V10 financial ratios only.",Same full architecture and 81 evaluations as PBMSBAINGO; alpha=0.50.,Platt_logistic_on_separate_calibration_partition,0.7044155943295569,0.6790123456790124,0.7307692307692307,0.7236842105263158,0.7006369426751592,0.7142857142857143,0.6875,0.41010625883532553,0.5881906369737484,0.7048907882241215,0.2692307692307692,0.4779874213836478,55.0,21.0,57.0,26.0,0.705813910239594,0.7606837606837605,0.20904188012744143,0.6117344787356482,0.10852920398537906,0.490429960025981,0.8729718458027613,1.0,0.29559748427672955,0.29559748427672955,0.608641975308642,0.7592592592592592,0.6794871794871795,0.7538461538461538,0.6671788226582747,0.7388303477344573,0.6195112843816057,0.7497276391763809,0.2939450402620075,0.44559691999667234,0.4963832589390347,0.6140132053171947,0.6920797553572827,0.7661732703852538,0.7245647356758466,0.7950775561886673,0.1916547975174679,0.22619570497239216,20261132,3,North America,257,159,V1-V10_financial_only
PONE2016_h3_target_North_America,20260731,Full_random_search,cost_2,159,81,0.21377827217812093,"Same-horizon leave-one-region-out transfer; source regions=Asia,Europe; target region=North America; source-only fit/search/calibration; target labels untouched until final evaluation; V1-V10 financial ratios only.",Same full architecture and 81 evaluations as PBMSBAINGO; alpha=0.50.,Platt_logistic_on_separate_calibration_partition,0.6573421981221795,0.8641975308641975,0.5,0.6422018348623854,0.7368421052631579,0.6769825918762089,0.8083140877598153,0.3921286342301648,0.5533550283432013,0.6820987654320987,0.5,0.6855345911949685,70.0,39.0,39.0,11.0,0.705813910239594,0.7606837606837605,0.20904188012744143,0.6117344787356482,0.10852920398537906,0.490429960025981,0.8729718458027613,2.0,0.3836477987421384,0.25416666666666665,0.828395061728395,0.9,0.45256410256410257,0.5615384615384615,0.6293422733077906,0.6679611650485437,0.7847926966779426,0.8293495297805643,0.353160443698081,0.434148936474503,0.5249534389296868,0.5915742129044691,0.6706868176058495,0.7976049084980833,0.7442861665083887,0.8040835707502373,0.18989182420480968,0.21906344946971734,20261132,3,North America,257,159,V1-V10_financial_only
PONE2016_h3_target_North_America,20260731,Full_random_search,cost_5,159,81,0.16513009841623771,"Same-horizon leave-one-region-out transfer; source regions=Asia,Europe; target region=North America; source-only fit/search/calibration; target labels untouched until final evaluation; V1-V10 financial ratios only.",Same full architecture and 81 evaluations as PBMSBAINGO; alpha=0.50.,Platt_logistic_on_separate_calibration_partition,0.6080602425961983,0.9012345679012346,0.41025641025641024,0.6134453781512605,0.73,0.6552962298025135,0.8239277652370203,0.3588655810398839,0.5100448200376234,0.6557454890788224,0.5897435897435898,0.7484276729559748,73.0,46.0,32.0,8.0,0.705813910239594,0.7606837606837605,0.20904188012744143,0.6117344787356482,0.10852920398537906,0.490429960025981,0.8729718458027613,5.0,0.5408805031446541,0.17805383022774326,0.854320987654321,0.9111111111111111,0.3858974358974359,0.47435897435897434,0.6051935528309684,0.633262987012987,0.7967018963705776,0.8286413271091044,0.3321631973199575,0.3837122333434164,0.4894658606957838,0.5416253297654123,0.6736039058688164,0.7557202934755891,0.7348211459322571,0.7959955682177903,0.1979962430929445,0.2160321855849521,20261132,3,North America,257,159,V1-V10_financial_only
PONE2016_h3_target_North_America,20260731,Full_random_search,cost_10,159,81,0.16513009841623771,"Same-horizon leave-one-region-out transfer; source regions=Asia,Europe; target region=North America; source-only fit/search/calibration; target labels untouched until final evaluation; V1-V10 financial ratios only.",Same full architecture and 81 evaluations as PBMSBAINGO; alpha=0.50.,Platt_logistic_on_separate_calibration_partition,0.6080602425961983,0.9012345679012346,0.41025641025641024,0.6134453781512605,0.73,0.6552962298025135,0.8239277652370203,0.3588655810398839,0.5100448200376234,0.6557454890788224,0.5897435897435898,0.7484276729559748,73.0,46.0,32.0,8.0,0.705813910239594,0.7606837606837605,0.20904188012744143,0.6117344787356482,0.10852920398537906,0.490429960025981,0.8729718458027613,10.0,0.7924528301886793,0.14189189189189189,0.8802469135802469,0.9382716049382716,0.32051282051282054,0.4935897435897436,0.5735902971805944,0.6581159420289855,0.7952095541653469,0.864628865767818,0.24316978210086473,0.4842327090299566,0.4092172935549601,0.6074557186550151,0.6559358633326141,0.7559749669519318,0.7018993352326685,0.7878600823045266,0.20004828793612608,0.23064388144781123,20261132,3,North America,257,159,V1-V10_financial_only
PONE2016_h3_target_North_America,20260731,Full_random_search,cost_20,159,81,0.16513009841623771,"Same-horizon leave-one-region-out transfer; source regions=Asia,Europe; target region=North America; source-only fit/search/calibration; target labels untouched until final evaluation; V1-V10 financial ratios only.",Same full architecture and 81 evaluations as PBMSBAINGO; alpha=0.50.,Platt_logistic_on_separate_calibration_partition,0.6080602425961983,0.9012345679012346,0.41025641025641024,0.6134453781512605,0.73,0.6552962298025135,0.8239277652370203,0.3588655810398839,0.5100448200376234,0.6557454890788224,0.5897435897435898,0.7484276729559748,73.0,46.0,32.0,8.0,0.705813910239594,0.7606837606837605,0.20904188012744143,0.6117344787356482,0.10852920398537906,0.490429960025981,0.8729718458027613,20.0,1.2955974842767295,0.12131919905771496,0.8530864197530864,0.9098765432098765,0.3128205128205128,0.4987179487179487,0.5695333333333333,0.6442118432026689,0.7885240474327334,0.8301118417646145,0.22809767139952652,0.4034075024912888,0.3966456400189754,0.5602138380822054,0.6511247023698473,0.8077295857281299,0.6942228553339664,0.8123298512187399,0.18772641900025744,0.2367797409713565,20261132,3,North America,257,159,V1-V10_financial_only
PONE2016_h3_target_North_America,20260731,Balanced_logistic,triad,159,81,0.5092608819976476,"Same-horizon leave-one-region-out transfer; source regions=Asia,Europe; target region=North America; source-only fit/search/calibration; target labels untouched until final evaluation; V1-V10 financial ratios only.",Class-weighted logistic reference using the same source-only fit/search/calibration and untouched regional target.,Platt_logistic_on_separate_calibration_partition,0.6405126152203485,0.4444444444444444,0.9230769230769231,0.8571428571428571,0.5853658536585366,0.7228915662650602,0.4918032786885246,0.4167300599845326,0.555013314027592,0.6837606837606838,0.07692307692307693,0.2641509433962264,36.0,6.0,72.0,45.0,0.8210429428354262,0.7757201646090535,0.20203155821467056,0.5888620021054498,0.1047219503344946,0.589182782317282,1.6184727602513447,,,,0.3987654320987654,0.5049382716049383,0.8628205128205128,0.9474358974358974,0.7910107334525939,0.9051679586563307,0.44657589046472485,0.5448920313671222,0.3726978700498154,0.48344088114193595,0.5240429662375851,0.6046742136557072,0.7995215143349328,0.8506235991875754,0.7590534979423867,0.814767331433998,0.18706181160892926,0.2080321905540108,20262032,3,North America,257,159,V1-V10_financial_only
PONE2016_h3_target_North_America,20260731,Balanced_logistic,cost_1,159,81,0.4373537394499871,"Same-horizon leave-one-region-out transfer; source regions=Asia,Europe; target region=North America; source-only fit/search/calibration; target labels untouched until final evaluation; V1-V10 financial ratios only.",Class-weighted logistic reference using the same source-only fit/search/calibration and untouched regional target.,Platt_logistic_on_separate_calibration_partition,0.7172191381865587,0.6172839506172839,0.8333333333333334,0.7936507936507936,0.6944444444444444,0.7507507507507507,0.6459948320413437,0.4605658842819909,0.6187736835069007,0.7253086419753086,0.16666666666666666,0.39622641509433965,50.0,13.0,65.0,31.0,0.8210429428354262,0.7757201646090535,0.20203155821467056,0.5888620021054498,0.1047219503344946,0.589182782317282,1.6184727602513447,1.0,0.27672955974842767,0.27672955974842767,0.5851851851851853,0.725925925925926,0.7730769230769231,0.882051282051282,0.7295571095571095,0.8488235294117646,0.6101080494858612,0.7397895087683315,0.36676085914900997,0.5654299677079251,0.5499431918378829,0.6985308451003431,0.760090308558515,0.8623590807645732,0.72673314339981,0.8332700221589111,0.1858722384219251,0.21633934298470348,20262032,3,North America,257,159,V1-V10_financial_only
PONE2016_h3_target_North_America,20260731,Balanced_logistic,cost_2,159,81,0.4373537394499871,"Same-horizon leave-one-region-out transfer; source regions=Asia,Europe; target region=North America; source-only fit/search/calibration; target labels untouched until final evaluation; V1-V10 financial ratios only.",Class-weighted logistic reference using the same source-only fit/search/calibration and untouched regional target.,Platt_logistic_on_separate_calibration_partition,0.7172191381865587,0.6172839506172839,0.8333333333333334,0.7936507936507936,0.6944444444444444,0.7507507507507507,0.6459948320413437,0.4605658842819909,0.6187736835069007,0.7253086419753086,0.16666666666666666,0.39622641509433965,50.0,13.0,65.0,31.0,0.8210429428354262,0.7757201646090535,0.20203155821467056,0.5888620021054498,0.1047219503344946,0.589182782317282,1.6184727602513447,2.0,0.4716981132075472,0.3125,0.5592592592592592,0.7432098765432099,0.7858974358974359,0.8833333333333333,0.7306451612903226,0.8579851993315827,0.5867875647668394,0.7627116449221406,0.35377276904780947,0.6174722237164837,0.5376079206669078,0.7356904361906246,0.7714476240298407,0.8972955698609273,0.724738841405508,0.8490819879708768,0.17599664496147183,0.21674849302596894,20262032,3,North America,257,159,V1-V10_financial_only
PONE2016_h3_target_North_America,20260731,Balanced_logistic,cost_5,159,81,0.36803207641298624,"Same-horizon leave-one-region-out transfer; source regions=Asia,Europe; target region=North America; source-only fit/search/calibration; target labels untouched until final evaluation; V1-V10 financial ratios only.",Class-weighted logistic reference using the same source-only fit/search/calibration and untouched regional target.,Platt_logistic_on_separate_calibration_partition,0.6934323108546778,0.7654320987654321,0.6282051282051282,0.6813186813186813,0.7209302325581395,0.6966292134831461,0.7469879518072289,0.39775058033364374,0.576155426520437,0.6968186134852801,0.3717948717948718,0.5723270440251572,62.0,29.0,49.0,19.0,0.8210429428354262,0.7757201646090535,0.20203155821467056,0.5888620021054498,0.1047219503344946,0.589182782317282,1.6184727602513447,5.0,0.779874213836478,0.2567287784679089,0.754320987654321,0.8345679012345678,0.5333333333333333,0.6269230769230769,0.6376883340507964,0.685959595959596,0.7375627090301003,0.7986983729662078,0.3335944191212025,0.4488817480628735,0.5196817856344684,0.6085911304983065,0.787667375064856,0.8478513620658721,0.7461063627730293,0.8114751503640392,0.1951858372515339,0.21746135768915095,20262032,3,North America,257,159,V1-V10_financial_only
PONE2016_h3_target_North_America,20260731,Balanced_logistic,cost_10,159,81,0.36803207641298624,"Same-horizon leave-one-region-out transfer; source regions=Asia,Europe; target region=North America; source-only fit/search/calibration; target labels untouched until final evaluation; V1-V10 financial ratios only.",Class-weighted logistic reference using the same source-only fit/search/calibration and untouched regional target.,Platt_logistic_on_separate_calibration_partition,0.6934323108546778,0.7654320987654321,0.6282051282051282,0.6813186813186813,0.7209302325581395,0.6966292134831461,0.7469879518072289,0.39775058033364374,0.576155426520437,0.6968186134852801,0.3717948717948718,0.5723270440251572,62.0,29.0,49.0,19.0,0.8210429428354262,0.7757201646090535,0.20203155821467056,0.5888620021054498,0.1047219503344946,0.589182782317282,1.6184727602513447,10.0,1.3773584905660377,0.24662162162162163,0.6641975308641975,0.8234567901234567,0.5846153846153845,0.6923076923076923,0.658573717948718,0.7353646353646354,0.6673127083031445,0.804175927009007,0.33668053436398343,0.5209193910436263,0.5310920604470217,0.6671401326092502,0.7807845544793658,0.8531569176586877,0.7169673947451725,0.8200221589110478,0.18614605070446735,0.22135515210969858,20262032,3,North America,257,159,V1-V10_financial_only
PONE2016_h3_target_North_America,20260731,Balanced_logistic,cost_20,159,81,0.36803207641298624,"Same-horizon leave-one-region-out transfer; source regions=Asia,Europe; target region=North America; source-only fit/search/calibration; target labels untouched until final evaluation; V1-V10 financial ratios only.",Class-weighted logistic reference using the same source-only fit/search/calibration and untouched regional target.,Platt_logistic_on_separate_calibration_partition,0.6934323108546778,0.7654320987654321,0.6282051282051282,0.6813186813186813,0.7209302325581395,0.6966292134831461,0.7469879518072289,0.39775058033364374,0.576155426520437,0.6968186134852801,0.3717948717948718,0.5723270440251572,62.0,29.0,49.0,19.0,0.8210429428354262,0.7757201646090535,0.20203155821467056,0.5888620021054498,0.1047219503344946,0.589182782317282,1.6184727602513447,20.0,2.5723270440251573,0.2408716136631331,0.7308641975308642,0.8518518518518519,0.5564102564102564,0.6782051282051282,0.6656547104580812,0.7166027759418374,0.7229941332133534,0.812918797390231,0.3960346320506545,0.4726478730713313,0.5765618711875997,0.6321590191163357,0.793152523510472,0.8884750686558747,0.7599081987970876,0.84889205444761,0.17842064485050863,0.20686260626337188,20262032,3,North America,257,159,V1-V10_financial_only
